ISO-10303-21;
HEADER;
FILE_DESCRIPTION (( 'STEP AP214' ),
    '1' );
FILE_NAME ('GY-VL53LDK.STEP',
    '2024-02-22T21:57:18',
    ( '' ),
    ( '' ),
    'SwSTEP 2.0',
    'SolidWorks 2022',
    '' );
FILE_SCHEMA (( 'AUTOMOTIVE_DESIGN' ));
ENDSEC;

DATA;
#1 = B_SPLINE_CURVE_WITH_KNOTS ( 'NONE', 3,
 ( #1465, #9646, #2211, #2874, #8292, #6812, #8858, #682, #9797, #4466, #7447, #2923, #3022, #5926, #8907, #5970, #6073, #8337, #7593 ),
 .UNSPECIFIED., .F., .F.,
 ( 4, 1, 1, 1, 1, 1, 1, 1, 1, 1, 1, 1, 1, 1, 1, 1, 4 ),
 ( 0.000000000000000000, 0.05527035277506251593, 0.1099577455173568891, 0.1639122216998099568, 0.2180890005282124511, 0.2733094968922491486, 0.3309135490352634323, 0.3909942108616129008, 0.4546407417134265549, 0.5188980677377150741, 0.5833421660857446289, 0.6485433656424008930, 0.7150525212752998350, 0.7825185847803022288, 0.8523338963878019925, 0.9249341890351545636, 1.000000000000000000 ),
 .UNSPECIFIED. ) ;
#2 = SURFACE_SIDE_STYLE ('',( #9612 ) ) ;
#3 = CARTESIAN_POINT ( 'NONE',  ( 0.2017769049618518273, -0.08811064959006326136, 0.8000000000000002665 ) ) ;
#4 = STYLED_ITEM ( 'NONE', ( #8373 ), #5945 ) ;
#5 = CARTESIAN_POINT ( 'NONE',  ( 0.6322437956706503659, -0.2067614613911617494, 0.8000000000000000444 ) ) ;
#6 = ORIENTED_EDGE ( 'NONE', *, *, #7510, .F. ) ;
#7 =( NAMED_UNIT ( * ) PLANE_ANGLE_UNIT ( ) SI_UNIT ( $, .RADIAN. ) );
#8 = EDGE_LOOP ( 'NONE', ( #3713, #9375, #3523, #7680 ) ) ;
#9 = DIRECTION ( 'NONE',  ( -0.000000000000000000, -0.000000000000000000, -1.000000000000000000 ) ) ;
#10 = VERTEX_POINT ( 'NONE', #4884 ) ;
#11 = CARTESIAN_POINT ( 'NONE',  ( 0.6371794871794869142, 0.6134615384624666490, 0.8000000000000000444 ) ) ;
#12 =( LENGTH_UNIT ( ) NAMED_UNIT ( * ) SI_UNIT ( .MILLI., .METRE. ) );
#13 = SURFACE_STYLE_FILL_AREA ( #6635 ) ;
#14 = CARTESIAN_POINT ( 'NONE',  ( -0.09284855769230800082, 0.1621794871654436421, 0.8000000000000000444 ) ) ;
#15 = CARTESIAN_POINT ( 'NONE',  ( 0.6646123254880504927, -0.8929010072710525936, 0.8000999999999998114 ) ) ;
#16 = DIRECTION ( 'NONE',  ( 1.000000000000000000, 0.000000000000000000, 0.000000000000000000 ) ) ;
#17 = VECTOR ( 'NONE', #4378, 1000.000000000000000 ) ;
#18 = ORIENTED_EDGE ( 'NONE', *, *, #1370, .T. ) ;
#19 = ORIENTED_EDGE ( 'NONE', *, *, #8464, .T. ) ;
#20 = PLANE ( 'NONE',  #7589 ) ;
#21 = ORIENTED_EDGE ( 'NONE', *, *, #3497, .T. ) ;
#22 = EDGE_CURVE ( 'NONE', #6694, #4592, #7467, .T. ) ;
#23 = CARTESIAN_POINT ( 'NONE',  ( 0.4791473128745044607, -1.260445337649108044, 0.8000000000000001554 ) ) ;
#24 = CARTESIAN_POINT ( 'NONE',  ( 0.1469230143240197739, -0.9601062172386961580, 0.8000999999999998114 ) ) ;
#25 = SURFACE_SIDE_STYLE ('',( #6852 ) ) ;
#26 = VECTOR ( 'NONE', #7624, 1000.000000000000227 ) ;
#27 = CARTESIAN_POINT ( 'NONE',  ( 0.006525030649605241366, 0.2435141275244151193, 0.8001000000000001444 ) ) ;
#28 = CARTESIAN_POINT ( 'NONE',  ( 0.5786562198429896497, -0.2720507980246312796, 0.8001000000000000334 ) ) ;
#29 = CARTESIAN_POINT ( 'NONE',  ( 4.849999999999997868, -3.699999999999999289, 1.200000000000002620 ) ) ;
#30 = CARTESIAN_POINT ( 'NONE',  ( 0.03606196731698386310, 0.2293493449999436662, 0.7999999999999999334 ) ) ;
#31 = ORIENTED_EDGE ( 'NONE', *, *, #3398, .F. ) ;
#32 = VERTEX_POINT ( 'NONE', #5590 ) ;
#33 = EDGE_CURVE ( 'NONE', #8491, #5457, #9306, .T. ) ;
#34 = EDGE_CURVE ( 'NONE', #1886, #10, #2575, .T. ) ;
#35 = STYLED_ITEM ( 'NONE', ( #8637 ), #7047 ) ;
#36 = CARTESIAN_POINT ( 'NONE',  ( 0.5047864864561167897, 2.053212189813712119, 0.8000000000000002665 ) ) ;
#37 = LINE ( 'NONE', #7544, #9314 ) ;
#38 = CARTESIAN_POINT ( 'NONE',  ( 0.6371794871794869142, 1.318589743574726469, 0.8000000000000000444 ) ) ;
#39 = CARTESIAN_POINT ( 'NONE',  ( 0.4729081985521384479, 2.069565513423211378, 0.7999999999999999334 ) ) ;
#40 =( GEOMETRIC_REPRESENTATION_CONTEXT ( 3 ) GLOBAL_UNCERTAINTY_ASSIGNED_CONTEXT ( ( #1169 ) ) GLOBAL_UNIT_ASSIGNED_CONTEXT ( ( #1164, #1990, #3619 ) ) REPRESENTATION_CONTEXT ( 'NONE', 'WORKASPACE' ) );
#41 = CARTESIAN_POINT ( 'NONE',  ( 4.599999999999999645, 5.249999999999999112, -3.100000000000000089 ) ) ;
#42 = B_SPLINE_CURVE_WITH_KNOTS ( 'NONE', 3,
 ( #4442, #4348, #7377, #1339, #7476, #663, #5262, #9723, #5998, #2181, #3901, #3103, #6931, #9085, #3210, #799, #9230, #5417, #8551 ),
 .UNSPECIFIED., .F., .F.,
 ( 4, 1, 1, 1, 1, 1, 1, 1, 1, 1, 1, 1, 1, 1, 1, 1, 4 ),
 ( 0.000000000000000000, 0.07262534608343577947, 0.1419766113262346807, 0.2089849284189387313, 0.2739568703644449377, 0.3368893473968407881, 0.3987449534945902707, 0.4601158852788617137, 0.5208249225900292156, 0.5809944586324855553, 0.6401519276014648874, 0.6986224507562547315, 0.7572710809271644417, 0.8164266940046602805, 0.8762540482034705258, 0.9371652930625372635, 0.9999999999999998890 ),
 .UNSPECIFIED. ) ;
#43 = ORIENTED_EDGE ( 'NONE', *, *, #7693, .F. ) ;
#44 = PRESENTATION_STYLE_ASSIGNMENT (( #4577 ) ) ;
#45 = EDGE_LOOP ( 'NONE', ( #5019, #3109, #3651, #1043, #1614, #8772, #911, #2388, #1646, #8512, #723, #1441, #9694, #9640, #5706, #658, #8034 ) ) ;
#46 = VECTOR ( 'NONE', #6050, 1000.000000000000114 ) ;
#47 = CARTESIAN_POINT ( 'NONE',  ( -0.3500000000000002554, -2.200000000002190870, 0.8001000000000000334 ) ) ;
#48 = CARTESIAN_POINT ( 'NONE',  ( -0.1745726535986075467, -0.2457684436650821591, 0.8001000000000000334 ) ) ;
#49 = FACE_OUTER_BOUND ( 'NONE', #9300, .T. ) ;
#50 = CARTESIAN_POINT ( 'NONE',  ( 0.6371794871794869142, 1.444851762805495765, 0.8000000000000000444 ) ) ;
#51 = CARTESIAN_POINT ( 'NONE',  ( 5.849999999999997868, 2.099999999999999645, 0.8000000000000000444 ) ) ;
#52 = CARTESIAN_POINT ( 'NONE',  ( 0.1506963675233245481, 0.1673992609995622327, 0.8000999999999997003 ) ) ;
#53 = DIRECTION ( 'NONE',  ( -1.000000000000000000, 0.000000000000000000, 0.000000000000000000 ) ) ;
#54 = ADVANCED_FACE ( 'NONE', ( #3982 ), #4687, .T. ) ;
#55 = CARTESIAN_POINT ( 'NONE',  ( 0.6653846153846152411, -0.06147836539865887684, 0.8000000000000000444 ) ) ;
#56 = ORIENTED_EDGE ( 'NONE', *, *, #4600, .T. ) ;
#57 = SURFACE_SIDE_STYLE ('',( #5256 ) ) ;
#58 = ORIENTED_EDGE ( 'NONE', *, *, #6543, .T. ) ;
#59 = EDGE_LOOP ( 'NONE', ( #5897, #4605, #8289, #5694 ) ) ;
#60 = CARTESIAN_POINT ( 'NONE',  ( 4.849999999999997868, -1.000000000000000000, 2.900000000000000355 ) ) ;
#61 = DIRECTION ( 'NONE',  ( 0.000000000000000000, -0.7071067811865505703, -0.7071067811865444641 ) ) ;
#62 = ADVANCED_FACE ( 'NONE', ( #2427 ), #6959, .T. ) ;
#63 = CARTESIAN_POINT ( 'NONE',  ( 5.849999999999997868, -1.000000000000000000, 1.200000000000002620 ) ) ;
#64 = PRESENTATION_LAYER_ASSIGNMENT (  '', '', ( #7695 ) ) ;
#65 = ORIENTED_EDGE ( 'NONE', *, *, #338, .F. ) ;
#66 = VERTEX_POINT ( 'NONE', #6420 ) ;
#67 = ORIENTED_EDGE ( 'NONE', *, *, #5352, .F. ) ;
#68 = DIRECTION ( 'NONE',  ( 0.9796516281416205452, -0.2007054744631348309, 0.000000000000000000 ) ) ;
#69 = ORIENTED_EDGE ( 'NONE', *, *, #1146, .T. ) ;
#70 = SURFACE_STYLE_FILL_AREA ( #6892 ) ;
#71 = DIRECTION ( 'NONE',  ( 1.000000000000000000, 0.000000000000000000, 0.000000000000000000 ) ) ;
#72 = CARTESIAN_POINT ( 'NONE',  ( 0.2280304935797593247, -0.6966715094114248608, 0.7999999999999998224 ) ) ;
#73 = DIRECTION ( 'NONE',  ( 0.7209840770893444217, 0.6929516293246060776, 0.000000000000000000 ) ) ;
#74 = CARTESIAN_POINT ( 'NONE',  ( -0.1991690254526279347, 0.2380513148857096029, 0.7999999999999999334 ) ) ;
#75 = ORIENTED_EDGE ( 'NONE', *, *, #4587, .F. ) ;
#76 = AXIS2_PLACEMENT_3D ( 'NONE', #4863, #4914, #2652 ) ;
#77 = COLOUR_RGB ( '',0.9254901960784314152, 0.9254901960784314152, 0.9254901960784314152 ) ;
#78 = ORIENTED_EDGE ( 'NONE', *, *, #2417, .F. ) ;
#79 = UNCERTAINTY_MEASURE_WITH_UNIT (LENGTH_MEASURE( 1.000000000000000082E-05 ), #6841, 'distance_accuracy_value', 'NONE');
#80 = CARTESIAN_POINT ( 'NONE',  ( 0.04837859165305017500, 0.06289110920249479930, 0.8000000000000001554 ) ) ;
#81 = DIRECTION ( 'NONE',  ( 1.000000000000000000, 0.000000000000000000, 0.000000000000000000 ) ) ;
#82 = VECTOR ( 'NONE', #4124, 1000.000000000000000 ) ;
#83 = CARTESIAN_POINT ( 'NONE',  ( -0.2354080710617298955, 1.504073750298610124, 0.8000999999999998114 ) ) ;
#84 = LINE ( 'NONE', #3127, #736 ) ;
#85 = EDGE_CURVE ( 'NONE', #9055, #4671, #8046, .T. ) ;
#86 = CARTESIAN_POINT ( 'NONE',  ( 0.2138822115384613198, 2.122435897420880568, 0.7999999999999998224 ) ) ;
#87 = DIRECTION ( 'NONE',  ( 0.5773502691896240657, -0.5773502691896242878, -0.5773502691896288397 ) ) ;
#88 = CARTESIAN_POINT ( 'NONE',  ( -0.1643461189206243400, 0.2512784608364764249, 0.8001000000000000334 ) ) ;
#89 = SURFACE_STYLE_FILL_AREA ( #2423 ) ;
#90 = ORIENTED_EDGE ( 'NONE', *, *, #1198, .F. ) ;
#91 = EDGE_LOOP ( 'NONE', ( #7439, #4219, #9670, #5310 ) ) ;
#92 = DIRECTION ( 'NONE',  ( -1.000000000000000000, -0.000000000000000000, 0.000000000000000000 ) ) ;
#93 = EDGE_CURVE ( 'NONE', #9509, #7657, #5033, .T. ) ;
#94 = CARTESIAN_POINT ( 'NONE',  ( 0.6091947115384613864, 1.759294871779854663, 0.8000000000000000444 ) ) ;
#95 = DIRECTION ( 'NONE',  ( 0.000000000000000000, -0.000000000000000000, 1.000000000000000000 ) ) ;
#96 = PRESENTATION_LAYER_ASSIGNMENT (  '', '', ( #8203 ) ) ;
#97 = EDGE_CURVE ( 'NONE', #8989, #7199, #4933, .T. ) ;
#98 = CARTESIAN_POINT ( 'NONE',  ( -5.750000000000000000, 1.499999999999999112, -0.8001000000000000334 ) ) ;
#99 = FILL_AREA_STYLE_COLOUR ( '', #459 ) ;
#100 = CARTESIAN_POINT ( 'NONE',  ( -4.400000000000000355, 4.549999999999998934, 0.8001000000000000334 ) ) ;
#101 = VERTEX_POINT ( 'NONE', #2770 ) ;
#102 = ORIENTED_EDGE ( 'NONE', *, *, #2073, .T. ) ;
#103 =( GEOMETRIC_REPRESENTATION_CONTEXT ( 3 ) GLOBAL_UNCERTAINTY_ASSIGNED_CONTEXT ( ( #2463 ) ) GLOBAL_UNIT_ASSIGNED_CONTEXT ( ( #9356, #3988, #5593 ) ) REPRESENTATION_CONTEXT ( 'NONE', 'WORKASPACE' ) );
#104 = VERTEX_POINT ( 'NONE', #5775 ) ;
#105 = CARTESIAN_POINT ( 'NONE',  ( 0.7355118879891766603, 1.738054666394039716, 0.8000999999999998114 ) ) ;
#106 = CARTESIAN_POINT ( 'NONE',  ( -0.2446762942992835588, -0.1640967857148945552, 0.8000000000000001554 ) ) ;
#107 = FILL_AREA_STYLE ('',( #8365 ) ) ;
#108 = FILL_AREA_STYLE ('',( #6932 ) ) ;
#109 = DIRECTION ( 'NONE',  ( 1.000000000000000000, 0.000000000000000000, -0.000000000000000000 ) ) ;
#110 = CIRCLE ( 'NONE', #4895, 0.6499999999999995781 ) ;
#111 = EDGE_LOOP ( 'NONE', ( #8689, #5635, #6208, #2024 ) ) ;
#112 = CARTESIAN_POINT ( 'NONE',  ( -0.2652043231611235785, -0.05126240016452250636, 0.8001000000000000334 ) ) ;
#113 = ORIENTED_EDGE ( 'NONE', *, *, #7348, .T. ) ;
#114 = CARTESIAN_POINT ( 'NONE',  ( 0.6455934806781598034, -1.194058115792377306, 0.8000000000000000444 ) ) ;
#115 = EDGE_CURVE ( 'NONE', #6730, #10, #4177, .T. ) ;
#116 = SURFACE_STYLE_FILL_AREA ( #6940 ) ;
#117 = SURFACE_STYLE_FILL_AREA ( #3274 ) ;
#118 = CARTESIAN_POINT ( 'NONE',  ( 0.1131750752292835921, 0.1625583164865993802, 0.8001000000000000334 ) ) ;
#119 = FILL_AREA_STYLE ('',( #4611 ) ) ;
#120 = CARTESIAN_POINT ( 'NONE',  ( -6.249999999999999112, 1.499999999999999112, -0.8000000000000000444 ) ) ;
#122 = LINE ( 'NONE', #3119, #9259 ) ;
#121 = B_SPLINE_CURVE_WITH_KNOTS ( 'NONE', 3,
 ( #8196, #629, #3678, #7494, #2149, #6706, #8243, #1412, #4465, #1102, #6903 ),
 .UNSPECIFIED., .F., .F.,
 ( 4, 1, 1, 1, 1, 1, 1, 1, 4 ),
 ( 0.000000000000000000, 0.1642892164747617734, 0.3174059112304907226, 0.4588436116410198884, 0.5893665423053094932, 0.7078313187781722915, 0.8157700306990043337, 0.9128799029021257283, 1.000000000000000000 ),
 .UNSPECIFIED. ) ;
#123 = EDGE_LOOP ( 'NONE', ( #177, #4316, #4868, #4297 ) ) ;
#124 = EDGE_LOOP ( 'NONE', ( #8600, #4757, #2522, #5992 ) ) ;
#125 = EDGE_CURVE ( 'NONE', #1267, #441, #6525, .T. ) ;
#126 =( GEOMETRIC_REPRESENTATION_CONTEXT ( 3 ) GLOBAL_UNCERTAINTY_ASSIGNED_CONTEXT ( ( #4172 ) ) GLOBAL_UNIT_ASSIGNED_CONTEXT ( ( #8419, #2449, #5522 ) ) REPRESENTATION_CONTEXT ( 'NONE', 'WORKASPACE' ) );
#127 = CARTESIAN_POINT ( 'NONE',  ( -0.004305029832269538156, 0.1313321401963997437, 0.8000000000000002665 ) ) ;
#128 = B_SPLINE_SURFACE_WITH_KNOTS ( 'NONE', 3, 1, ( 
 ( #1047, #4103 ),
 ( #6310, #7784 ),
 ( #7030, #2647 ),
 ( #4153, #7127 ),
 ( #7181, #7472 ),
 ( #3559, #3705 ),
 ( #1389, #1197 ),
 ( #8886, #4345 ),
 ( #7373, #3512 ),
 ( #557, #5950 ),
 ( #6732, #8172 ),
 ( #8929, #9571 ),
 ( #2747, #2127 ),
 ( #1293, #4247 ),
 ( #8832, #6584 ),
 ( #2846, #3604 ),
 ( #6632, #461 ),
 ( #5210, #2079 ),
 ( #9618, #8127 ) ),
 .UNSPECIFIED., .F., .F., .F.,
 ( 4, 1, 1, 1, 1, 1, 1, 1, 1, 1, 1, 1, 1, 1, 1, 1, 4 ),
 ( 2, 2 ),
 ( 0.000000000000000000, 0.06580032658840936910, 0.1293798822483386013, 0.1907832967406566105, 0.2512930653898816091, 0.3108203394786836493, 0.3703697385539729825, 0.4307602962224809651, 0.4925975469737540191, 0.5548133240123882537, 0.6160904146906632795, 0.6769309484451130343, 0.7382889163250837550, 0.8007842939021113660, 0.8647926212089565023, 0.9310529642421994101, 1.000000000000000000 ),
 ( 0.000000000000000000, 1.000000000000000000 ),
 .UNSPECIFIED. ) ;
#129 = CARTESIAN_POINT ( 'NONE',  ( 0.7666682887555542614, -1.021083195864198156, 0.8000000000000002665 ) ) ;
#130 = CARTESIAN_POINT ( 'NONE',  ( -0.2330285150422727047, 1.552563537951169748, 0.8001000000000000334 ) ) ;
#131 = CARTESIAN_POINT ( 'NONE',  ( -3.950000000000000178, -2.500000000000000444, 0.8001000000000000334 ) ) ;
#132 =( LENGTH_UNIT ( ) NAMED_UNIT ( * ) SI_UNIT ( .MILLI., .METRE. ) );
#133 = CARTESIAN_POINT ( 'NONE',  ( -5.250000000000000000, 1.499999999999999112, 0.8001000000000000334 ) ) ;
#134 = PRESENTATION_LAYER_ASSIGNMENT (  '', '', ( #7119 ) ) ;
#135 = DIRECTION ( 'NONE',  ( 0.000000000000000000, 0.000000000000000000, 1.000000000000000000 ) ) ;
#136 = DIRECTION ( 'NONE',  ( 1.000000000000000000, 0.000000000000000000, 0.000000000000000000 ) ) ;
#137 = VERTEX_POINT ( 'NONE', #9545 ) ;
#138 = MECHANICAL_DESIGN_GEOMETRIC_PRESENTATION_REPRESENTATION (  '', ( #1871 ), #5719 ) ;
#139 = CARTESIAN_POINT ( 'NONE',  ( 0.4326923076923074873, 0.2185897435757000740, 0.8001000000000000334 ) ) ;
#140 = LINE ( 'NONE', #8168, #6832 ) ;
#141 = EDGE_CURVE ( 'NONE', #4592, #4354, #7588, .T. ) ;
#142 =( NAMED_UNIT ( * ) SI_UNIT ( $, .STERADIAN. ) SOLID_ANGLE_UNIT ( ) );
#143 = PRESENTATION_STYLE_ASSIGNMENT (( #4741 ) ) ;
#144 = CARTESIAN_POINT ( 'NONE',  ( 0.5926117261856239660, -1.226236907871638859, 0.8001000000000001444 ) ) ;
#145 = STYLED_ITEM ( 'NONE', ( #7675 ), #5474 ) ;
#146 =( GEOMETRIC_REPRESENTATION_CONTEXT ( 3 ) GLOBAL_UNCERTAINTY_ASSIGNED_CONTEXT ( ( #6743 ) ) GLOBAL_UNIT_ASSIGNED_CONTEXT ( ( #2007, #8106, #9604 ) ) REPRESENTATION_CONTEXT ( 'NONE', 'WORKASPACE' ) );
#147 = LINE ( 'NONE', #9347, #7971 ) ;
#148 = DIRECTION ( 'NONE',  ( 0.000000000000000000, -0.000000000000000000, 1.000000000000000000 ) ) ;
#149 = CARTESIAN_POINT ( 'NONE',  ( 0.6597107811623225126, -0.9781419945059427468, 0.7999999999999998224 ) ) ;
#150 = VECTOR ( 'NONE', #7834, 1000.000000000000000 ) ;
#151 = ORIENTED_EDGE ( 'NONE', *, *, #928, .T. ) ;
#152 = EDGE_CURVE ( 'NONE', #995, #9066, #7580, .T. ) ;
#153 = LINE ( 'NONE', #1490, #9168 ) ;
#154 = EDGE_CURVE ( 'NONE', #9030, #9246, #3569, .T. ) ;
#155 = CARTESIAN_POINT ( 'NONE',  ( 0.7499999999999997780, 1.560757211523444488, 0.8000000000000003775 ) ) ;
#156 =( GEOMETRIC_REPRESENTATION_CONTEXT ( 3 ) GLOBAL_UNCERTAINTY_ASSIGNED_CONTEXT ( ( #4867 ) ) GLOBAL_UNIT_ASSIGNED_CONTEXT ( ( #1673, #3136, #6238 ) ) REPRESENTATION_CONTEXT ( 'NONE', 'WORKASPACE' ) );
#157 =( NAMED_UNIT ( * ) SI_UNIT ( $, .STERADIAN. ) SOLID_ANGLE_UNIT ( ) );
#158 = CARTESIAN_POINT ( 'NONE',  ( 0.6651910451640874467, -0.05118440742346813677, 0.7999999999999999334 ) ) ;
#159 = LINE ( 'NONE', #2445, #26 ) ;
#160 = CIRCLE ( 'NONE', #6992, 0.4999999999999995559 ) ;
#161 = LINE ( 'NONE', #6153, #8004 ) ;
#162 = CARTESIAN_POINT ( 'NONE',  ( 5.616666666666662699, 3.933333333333335347, 2.933333333333330906 ) ) ;
#163 =( LENGTH_UNIT ( ) NAMED_UNIT ( * ) SI_UNIT ( .MILLI., .METRE. ) );
#164 = ORIENTED_EDGE ( 'NONE', *, *, #1370, .F. ) ;
#165 = ORIENTED_EDGE ( 'NONE', *, *, #6027, .F. ) ;
#166 = VECTOR ( 'NONE', #6355, 1000.000000000000000 ) ;
#167 = SURFACE_SIDE_STYLE ('',( #3220 ) ) ;
#168 = ORIENTED_EDGE ( 'NONE', *, *, #2206, .F. ) ;
#169 = PRESENTATION_LAYER_ASSIGNMENT (  '', '', ( #3030 ) ) ;
#170 = PLANE ( 'NONE',  #4518 ) ;
#171 = DIRECTION ( 'NONE',  ( -0.000000000000000000, -0.000000000000000000, 1.000000000000000000 ) ) ;
#172 = FACE_OUTER_BOUND ( 'NONE', #6664, .T. ) ;
#173 = SURFACE_SIDE_STYLE ('',( #2553 ) ) ;
#174 = FILL_AREA_STYLE_COLOUR ( '', #3735 ) ;
#175 = CARTESIAN_POINT ( 'NONE',  ( 6.249999999999996447, 0.6000000000000010880, 0.8000000000000000444 ) ) ;
#176 = EDGE_CURVE ( 'NONE', #6224, #9730, #3008, .T. ) ;
#177 = ORIENTED_EDGE ( 'NONE', *, *, #7563, .F. ) ;
#178 = EDGE_LOOP ( 'NONE', ( #3463, #1070, #8879, #9533 ) ) ;
#179 = UNCERTAINTY_MEASURE_WITH_UNIT (LENGTH_MEASURE( 1.000000000000000082E-05 ), #2985, 'distance_accuracy_value', 'NONE');
#180 =( GEOMETRIC_REPRESENTATION_CONTEXT ( 3 ) GLOBAL_UNCERTAINTY_ASSIGNED_CONTEXT ( ( #8702 ) ) GLOBAL_UNIT_ASSIGNED_CONTEXT ( ( #7761, #6963, #3196 ) ) REPRESENTATION_CONTEXT ( 'NONE', 'WORKASPACE' ) );
#181 = MECHANICAL_DESIGN_GEOMETRIC_PRESENTATION_REPRESENTATION (  '', ( #1283 ), #3219 ) ;
#182 = CARTESIAN_POINT ( 'NONE',  ( 0.4784395523021725549, -1.161034082839174753, 0.8000000000000004885 ) ) ;
#183 = FILL_AREA_STYLE_COLOUR ( '', #5583 ) ;
#184 = FACE_OUTER_BOUND ( 'NONE', #2768, .T. ) ;
#185 = FACE_OUTER_BOUND ( 'NONE', #1303, .T. ) ;
#186 = CARTESIAN_POINT ( 'NONE',  ( 0.03562354073578017505, 1.994290724898955647, 0.8001000000000002554 ) ) ;
#187 = CARTESIAN_POINT ( 'NONE',  ( 0.5204734402829958029, 0.1997139038509029019, 0.8000000000000005995 ) ) ;
#188 = CARTESIAN_POINT ( 'NONE',  ( 6.599999999999997868, 5.250000000000000000, -0.8000000000000000444 ) ) ;
#189 = ORIENTED_EDGE ( 'NONE', *, *, #5111, .F. ) ;
#190 = STYLED_ITEM ( 'NONE', ( #3574 ), #7321 ) ;
#191 = PRESENTATION_STYLE_ASSIGNMENT (( #8536 ) ) ;
#192 = SURFACE_SIDE_STYLE ('',( #830 ) ) ;
#193 = FILL_AREA_STYLE_COLOUR ( '', #7473 ) ;
#194 = LINE ( 'NONE', #291, #9511 ) ;
#195 = PRESENTATION_LAYER_ASSIGNMENT (  '', '', ( #190 ) ) ;
#196 = CARTESIAN_POINT ( 'NONE',  ( 0.7775591160519755851, -0.9591055634276286490, 0.8001000000000000334 ) ) ;
#197 = CARTESIAN_POINT ( 'NONE',  ( 0.7499999999999997780, -2.573717948720140036, 0.8001000000000000334 ) ) ;
#198 = ADVANCED_FACE ( 'NONE', ( #6265 ), #170, .T. ) ;
#199 = MECHANICAL_DESIGN_GEOMETRIC_PRESENTATION_REPRESENTATION (  '', ( #7350 ), #3236 ) ;
#200 = CARTESIAN_POINT ( 'NONE',  ( 0.2488109141680288905, 0.1087017602033265723, 0.8001000000000002554 ) ) ;
#201 = EDGE_LOOP ( 'NONE', ( #313, #2271, #8726, #4342 ) ) ;
#202 = CARTESIAN_POINT ( 'NONE',  ( 5.849999999999997868, 4.400000000000000355, 2.900000000000000355 ) ) ;
#203 = FACE_OUTER_BOUND ( 'NONE', #3292, .T. ) ;
#204 = CARTESIAN_POINT ( 'NONE',  ( -0.2653846153846156630, -0.05905448719353069420, 0.7999999999999999334 ) ) ;
#205 = CARTESIAN_POINT ( 'NONE',  ( 0.6371015140333515792, 1.462994965038072026, 0.8001000000000000334 ) ) ;
#206 = SURFACE_SIDE_STYLE ('',( #7021 ) ) ;
#207 = PRESENTATION_STYLE_ASSIGNMENT (( #4006 ) ) ;
#208 = PLANE ( 'NONE',  #4866 ) ;
#209 = EDGE_CURVE ( 'NONE', #9069, #2496, #7633, .T. ) ;
#210 = ADVANCED_FACE ( 'NONE', ( #9239 ), #5426, .T. ) ;
#211 = ORIENTED_EDGE ( 'NONE', *, *, #9267, .T. ) ;
#212 = ORIENTED_EDGE ( 'NONE', *, *, #4323, .F. ) ;
#213 = CYLINDRICAL_SURFACE ( 'NONE', #1235, 0.4999999999999995559 ) ;
#214 = ORIENTED_EDGE ( 'NONE', *, *, #3271, .T. ) ;
#215 = B_SPLINE_SURFACE_WITH_KNOTS ( 'NONE', 3, 1, ( 
 ( #4197, #7322 ),
 ( #5840, #6484 ),
 ( #508, #8687 ),
 ( #3554, #3410 ),
 ( #9465, #551 ),
 ( #9564, #8828 ),
 ( #1883, #1148 ),
 ( #3598, #405 ),
 ( #2022, #6626 ),
 ( #5154, #1328 ),
 ( #4385, #8167 ),
 ( #7416, #600 ),
 ( #3649, #9614 ),
 ( #2841, #5894 ),
 ( #8877, #2071 ),
 ( #5429, #5528 ),
 ( #2408, #3224 ),
 ( #8519, #7035 ),
 ( #4719, #1697 ) ),
 .UNSPECIFIED., .F., .F., .F.,
 ( 4, 1, 1, 1, 1, 1, 1, 1, 1, 1, 1, 1, 1, 1, 1, 1, 4 ),
 ( 2, 2 ),
 ( 0.000000000000000000, 0.07262534608343577947, 0.1419766113262346807, 0.2089849284189387313, 0.2739568703644449377, 0.3368893473968407881, 0.3987449534945902707, 0.4601158852788617137, 0.5208249225900292156, 0.5809944586324855553, 0.6401519276014648874, 0.6986224507562547315, 0.7572710809271644417, 0.8164266940046602805, 0.8762540482034705258, 0.9371652930625372635, 0.9999999999999998890 ),
 ( 0.000000000000000000, 1.000000000000000000 ),
 .UNSPECIFIED. ) ;
#216 =( NAMED_UNIT ( * ) PLANE_ANGLE_UNIT ( ) SI_UNIT ( $, .RADIAN. ) );
#217 = DIRECTION ( 'NONE',  ( 1.000000000000000000, 0.000000000000000000, 0.000000000000000000 ) ) ;
#218 = CARTESIAN_POINT ( 'NONE',  ( 0.000000000000000000, 0.000000000000000000, -0.8000000000000000444 ) ) ;
#219 =( GEOMETRIC_REPRESENTATION_CONTEXT ( 3 ) GLOBAL_UNCERTAINTY_ASSIGNED_CONTEXT ( ( #6168 ) ) GLOBAL_UNIT_ASSIGNED_CONTEXT ( ( #9231, #800, #4755 ) ) REPRESENTATION_CONTEXT ( 'NONE', 'WORKASPACE' ) );
#220 = CARTESIAN_POINT ( 'NONE',  ( 0.6607338799795680062, -0.8656059721979090238, 0.8000000000000000444 ) ) ;
#221 = CARTESIAN_POINT ( 'NONE',  ( 0.2670643748701118092, -0.6694035818979199304, 0.8000000000000002665 ) ) ;
#222 = EDGE_CURVE ( 'NONE', #9467, #3808, #6589, .T. ) ;
#223 = DIRECTION ( 'NONE',  ( -1.885568995626964287E-16, 1.000000000000000000, 0.000000000000000000 ) ) ;
#224 = VERTEX_POINT ( 'NONE', #9783 ) ;
#225 = ORIENTED_EDGE ( 'NONE', *, *, #7406, .T. ) ;
#226 = AXIS2_PLACEMENT_3D ( 'NONE', #3809, #4761, #714 ) ;
#227 = APPLICATION_CONTEXT ( 'automotive_design' ) ;
#228 = CARTESIAN_POINT ( 'NONE',  ( -0.08502919972484614120, 0.1617837862799661186, 0.7999999999999999334 ) ) ;
#229 = CARTESIAN_POINT ( 'NONE',  ( 0.7571411782385009115, -1.050119763519729910, 0.8000000000000001554 ) ) ;
#230 = FILL_AREA_STYLE ('',( #7836 ) ) ;
#231 = FILL_AREA_STYLE_COLOUR ( '', #6948 ) ;
#232 = COLOUR_RGB ( '',0.9254901960784314152, 0.9254901960784314152, 0.9254901960784314152 ) ;
#233 = VECTOR ( 'NONE', #5277, 1000.000000000000227 ) ;
#234 = CARTESIAN_POINT ( 'NONE',  ( 0.2670643748701118092, -0.6694035818979199304, 0.8000000000000002665 ) ) ;
#235 = ORIENTED_EDGE ( 'NONE', *, *, #1536, .T. ) ;
#236 = DIRECTION ( 'NONE',  ( -0.000000000000000000, 1.000000000000000000, 0.000000000000000000 ) ) ;
#237 = CARTESIAN_POINT ( 'NONE',  ( 0.6058894230769229505, -0.2452524038601973932, 0.8001000000000001444 ) ) ;
#238 = VECTOR ( 'NONE', #6460, 1000.000000000000000 ) ;
#239 = CARTESIAN_POINT ( 'NONE',  ( -0.3500000000000002554, 1.219871794856777880, 0.8001000000000000334 ) ) ;
#240 = EDGE_CURVE ( 'NONE', #8431, #3215, #6058, .T. ) ;
#241 = FILL_AREA_STYLE ('',( #7804 ) ) ;
#242 = CARTESIAN_POINT ( 'NONE',  ( 0.4679487179487177295, -1.262179487158764601, 0.8001000000000000334 ) ) ;
#243 = FACE_OUTER_BOUND ( 'NONE', #6052, .T. ) ;
#244 = COLOUR_RGB ( '',0.9254901960784314152, 0.9254901960784314152, 0.9254901960784314152 ) ;
#245 = CARTESIAN_POINT ( 'NONE',  ( 0.5269159774175596889, -1.146100635339109886, 0.7999999999999998224 ) ) ;
#246 = CARTESIAN_POINT ( 'NONE',  ( 0.2116197669435523343, -0.003879115727481892255, 0.8001000000000000334 ) ) ;
#247 = VERTEX_POINT ( 'NONE', #4809 ) ;
#248 = CARTESIAN_POINT ( 'NONE',  ( 3.366666666666661367, 2.216666666666674779, -7.316666666666658436 ) ) ;
#249 = CARTESIAN_POINT ( 'NONE',  ( -0.2649473301836391403, -0.07157929713732877341, 0.8001000000000000334 ) ) ;
#250 = AXIS2_PLACEMENT_3D ( 'NONE', #2367, #7700, #5442 ) ;
#251 = LINE ( 'NONE', #5513, #802 ) ;
#252 = CARTESIAN_POINT ( 'NONE',  ( 0.7678537503279359022, 0.03865091769341903044, 0.8001000000000000334 ) ) ;
#253 = PRESENTATION_STYLE_ASSIGNMENT (( #2340 ) ) ;
#254 = PLANE ( 'NONE',  #3884 ) ;
#255 =( NAMED_UNIT ( * ) PLANE_ANGLE_UNIT ( ) SI_UNIT ( $, .RADIAN. ) );
#256 = CARTESIAN_POINT ( 'NONE',  ( 0.7329666094843376722, 0.1307787135552500313, 0.8001000000000001444 ) ) ;
#257 = VERTEX_POINT ( 'NONE', #7823 ) ;
#258 = VERTEX_POINT ( 'NONE', #4908 ) ;
#259 = VECTOR ( 'NONE', #5822, 1000.000000000000000 ) ;
#260 = CARTESIAN_POINT ( 'NONE',  ( 0.7737517642758151570, -0.1321697186193807605, 0.8000000000000001554 ) ) ;
#261 = VERTEX_POINT ( 'NONE', #7228 ) ;
#262 = CARTESIAN_POINT ( 'NONE',  ( 0.01508928371298713308, 0.1131607311285875855, 0.8001000000000001444 ) ) ;
#263 = EDGE_CURVE ( 'NONE', #4907, #8989, #2497, .T. ) ;
#264 = CARTESIAN_POINT ( 'NONE',  ( -0.3500000000000002554, 1.441987179472162373, 0.8001000000000000334 ) ) ;
#265 = CARTESIAN_POINT ( 'NONE',  ( -3.950000000000000178, -2.500000000000000444, -0.8000000000000000444 ) ) ;
#266 = PRESENTATION_LAYER_ASSIGNMENT (  '', '', ( #3138 ) ) ;
#267 =( NAMED_UNIT ( * ) PLANE_ANGLE_UNIT ( ) SI_UNIT ( $, .RADIAN. ) );
#268 = CARTESIAN_POINT ( 'NONE',  ( 0.5859727964720683469, -0.7235990560622387324, 0.8000000000000000444 ) ) ;
#269 = CARTESIAN_POINT ( 'NONE',  ( 0.1438072585066305642, -0.8971204768049456657, 0.8000000000000000444 ) ) ;
#270 = CARTESIAN_POINT ( 'NONE',  ( 6.949999999999988631, -2.600000000000008527, -7.699999999999996625 ) ) ;
#271 = ORIENTED_EDGE ( 'NONE', *, *, #9715, .F. ) ;
#272 = PRODUCT_DEFINITION_CONTEXT ( 'detailed design', #227, 'design' ) ;
#273 = ORIENTED_EDGE ( 'NONE', *, *, #5815, .T. ) ;
#274 = COLOUR_RGB ( '',0.9254901960784314152, 0.9254901960784314152, 0.9254901960784314152 ) ;
#275 = EDGE_CURVE ( 'NONE', #1645, #7564, #4878, .T. ) ;
#276 = EDGE_CURVE ( 'NONE', #4187, #3151, #6286, .T. ) ;
#277 = CARTESIAN_POINT ( 'NONE',  ( -0.06947279328539575360, 0.1609965498049826527, 0.8000000000000000444 ) ) ;
#278 = CARTESIAN_POINT ( 'NONE',  ( 0.5011955254687284755, -1.257031079225398473, 0.8001000000000000334 ) ) ;
#279 = PLANE ( 'NONE',  #7087 ) ;
#280 = CARTESIAN_POINT ( 'NONE',  ( 5.050000000000000711, 1.499999999999996225, 2.900000000000000355 ) ) ;
#281 = CARTESIAN_POINT ( 'NONE',  ( 0.3351398101393647244, -0.6456442744000290279, 0.8000999999999999224 ) ) ;
#282 = ORIENTED_EDGE ( 'NONE', *, *, #7026, .T. ) ;
#283 = UNCERTAINTY_MEASURE_WITH_UNIT (LENGTH_MEASURE( 1.000000000000000082E-05 ), #5977, 'distance_accuracy_value', 'NONE');
#284 = EDGE_LOOP ( 'NONE', ( #2570, #3858, #5279, #3071 ) ) ;
#285 = CARTESIAN_POINT ( 'NONE',  ( 5.849999999999997868, 4.400000000000000355, 2.900000000000000355 ) ) ;
#286 = SURFACE_SIDE_STYLE ('',( #2524 ) ) ;
#287 = STYLED_ITEM ( 'NONE', ( #2374 ), #54 ) ;
#288 =( NAMED_UNIT ( * ) PLANE_ANGLE_UNIT ( ) SI_UNIT ( $, .RADIAN. ) );
#289 = CARTESIAN_POINT ( 'NONE',  ( -5.750000000000000000, 4.099999999999999645, -0.8001000000000000334 ) ) ;
#290 =( GEOMETRIC_REPRESENTATION_CONTEXT ( 3 ) GLOBAL_UNCERTAINTY_ASSIGNED_CONTEXT ( ( #4970 ) ) GLOBAL_UNIT_ASSIGNED_CONTEXT ( ( #8614, #1803, #8089 ) ) REPRESENTATION_CONTEXT ( 'NONE', 'WORKASPACE' ) );
#291 = CARTESIAN_POINT ( 'NONE',  ( 5.849999999999997868, 4.199999999999998401, -9.000000000000001776 ) ) ;
#292 = CARTESIAN_POINT ( 'NONE',  ( 0.5011955254687284755, -1.257031079225398473, 0.8001000000000000334 ) ) ;
#293 = CARTESIAN_POINT ( 'NONE',  ( 0.4232171474358971675, 0.3173076922936488020, 0.8000000000000000444 ) ) ;
#294 = STYLED_ITEM ( 'NONE', ( #7110 ), #4818 ) ;
#295 = SURFACE_STYLE_FILL_AREA ( #4835 ) ;
#296 = VECTOR ( 'NONE', #3437, 1000.000000000000000 ) ;
#297 = CARTESIAN_POINT ( 'NONE',  ( 0.7496023854588728108, 1.608542956815052882, 0.8000000000000002665 ) ) ;
#298 = EDGE_CURVE ( 'NONE', #7645, #2716, #5707, .T. ) ;
#299 = CARTESIAN_POINT ( 'NONE',  ( 0.3719049514150367108, 0.2098358550860248972, 0.8001000000000000334 ) ) ;
#300 = ORIENTED_EDGE ( 'NONE', *, *, #222, .T. ) ;
#301 = LINE ( 'NONE', #6384, #473 ) ;
#302 = AXIS2_PLACEMENT_3D ( 'NONE', #2072, #4386, #406 ) ;
#303 = CARTESIAN_POINT ( 'NONE',  ( 0.6140523351474652669, 1.973442985357165780, 0.8000000000000007105 ) ) ;
#304 = VECTOR ( 'NONE', #2940, 1000.000000000000000 ) ;
#305 = PLANE ( 'NONE',  #8432 ) ;
#306 = CARTESIAN_POINT ( 'NONE',  ( 0.6356355649901440641, 1.548069215115791986, 0.8001000000000002554 ) ) ;
#307 = CARTESIAN_POINT ( 'NONE',  ( -0.2959020579295525977, 1.828921203568396603, 0.8000999999999998114 ) ) ;
#308 = PRESENTATION_STYLE_ASSIGNMENT (( #8017 ) ) ;
#309 = CARTESIAN_POINT ( 'NONE',  ( 0.1338942307692305433, 0.1324318910115975523, 0.8000000000000001554 ) ) ;
#310 = ORIENTED_EDGE ( 'NONE', *, *, #4830, .T. ) ;
#311 = ADVANCED_FACE ( 'NONE', ( #3266 ), #7923, .F. ) ;
#312 = ORIENTED_EDGE ( 'NONE', *, *, #1660, .F. ) ;
#313 = ORIENTED_EDGE ( 'NONE', *, *, #4059, .F. ) ;
#314 = CARTESIAN_POINT ( 'NONE',  ( 0.08139606021279428838, -0.04061638770891411870, 0.8001000000000001444 ) ) ;
#315 = DIRECTION ( 'NONE',  ( 1.000000000000000000, 0.000000000000000000, 0.000000000000000000 ) ) ;
#316 =( NAMED_UNIT ( * ) PLANE_ANGLE_UNIT ( ) SI_UNIT ( $, .RADIAN. ) );
#317 = CARTESIAN_POINT ( 'NONE',  ( 0.4232171474358971675, 0.3173076922936488020, 0.8001000000000000334 ) ) ;
#318 = PRESENTATION_STYLE_ASSIGNMENT (( #7333 ) ) ;
#319 =( GEOMETRIC_REPRESENTATION_CONTEXT ( 3 ) GLOBAL_UNCERTAINTY_ASSIGNED_CONTEXT ( ( #4563 ) ) GLOBAL_UNIT_ASSIGNED_CONTEXT ( ( #8209, #9658, #3783 ) ) REPRESENTATION_CONTEXT ( 'NONE', 'WORKASPACE' ) );
#320 = CARTESIAN_POINT ( 'NONE',  ( 0.5349815669169972754, 1.892916170717235058, 0.8001000000000001444 ) ) ;
#321 = EDGE_CURVE ( 'NONE', #2994, #6882, #9093, .T. ) ;
#322 = EDGE_LOOP ( 'NONE', ( #2606, #2087, #5907, #8300 ) ) ;
#323 = AXIS2_PLACEMENT_3D ( 'NONE', #289, #881, #2623 ) ;
#324 = VERTEX_POINT ( 'NONE', #1933 ) ;
#325 = DIRECTION ( 'NONE',  ( -1.000000000000000000, 0.000000000000000000, 0.000000000000000000 ) ) ;
#326 = STYLED_ITEM ( 'NONE', ( #8073 ), #8883 ) ;
#327 = SURFACE_STYLE_USAGE ( .BOTH. , #1162 ) ;
#328 = CARTESIAN_POINT ( 'NONE',  ( 0.7730987728120066738, -0.9907017256134654781, 0.8000000000000004885 ) ) ;
#329 = PRESENTATION_STYLE_ASSIGNMENT (( #2612 ) ) ;
#330 = DIRECTION ( 'NONE',  ( 0.000000000000000000, -1.000000000000000000, 0.000000000000000000 ) ) ;
#331 = AXIS2_PLACEMENT_3D ( 'NONE', #9249, #4777, #4023 ) ;
#332 = SURFACE_SIDE_STYLE ('',( #9812 ) ) ;
#333 = CARTESIAN_POINT ( 'NONE',  ( 0.6648125353081749678, -0.03105546124912186498, 0.8000000000000005995 ) ) ;
#334 = CARTESIAN_POINT ( 'NONE',  ( 0.2107221363240719125, -0.7137743468085797627, 0.8001000000000002554 ) ) ;
#335 = ADVANCED_FACE ( 'NONE', ( #7876 ), #128, .T. ) ;
#336 = EDGE_LOOP ( 'NONE', ( #300, #7381 ) ) ;
#337 = MECHANICAL_DESIGN_GEOMETRIC_PRESENTATION_REPRESENTATION (  '', ( #3998 ), #646 ) ;
#338 = EDGE_CURVE ( 'NONE', #4646, #8192, #7328, .T. ) ;
#339 = VERTEX_POINT ( 'NONE', #2798 ) ;
#340 = CARTESIAN_POINT ( 'NONE',  ( -0.1878016509375189658, 0.1270215782754064437, 0.8000000000000002665 ) ) ;
#341 = COLOUR_RGB ( '',0.9254901960784314152, 0.9254901960784314152, 0.9254901960784314152 ) ;
#342 = CARTESIAN_POINT ( 'NONE',  ( 0.1435897435897433294, -0.9069711538254310312, 0.8000000000000000444 ) ) ;
#343 = FACE_OUTER_BOUND ( 'NONE', #111, .T. ) ;
#344 = LINE ( 'NONE', #5732, #4965 ) ;
#345 = SURFACE_SIDE_STYLE ('',( #1677 ) ) ;
#346 = AXIS2_PLACEMENT_3D ( 'NONE', #1494, #8130, #8176 ) ;
#347 = CARTESIAN_POINT ( 'NONE',  ( 0.2670643748701118092, -0.6694035818979199304, 0.8001000000000002554 ) ) ;
#348 = DIRECTION ( 'NONE',  ( 1.000000000000000000, 0.000000000000000000, -0.000000000000000000 ) ) ;
#349 = ORIENTED_EDGE ( 'NONE', *, *, #9280, .F. ) ;
#350 = FACE_OUTER_BOUND ( 'NONE', #5433, .T. ) ;
#351 = AXIS2_PLACEMENT_3D ( 'NONE', #6089, #6877, #3789 ) ;
#352 = FILL_AREA_STYLE_COLOUR ( '', #5569 ) ;
#353 = LINE ( 'NONE', #5698, #7479 ) ;
#354 = ADVANCED_FACE ( 'NONE', ( #5994 ), #8980, .T. ) ;
#355 = LINE ( 'NONE', #5514, #4090 ) ;
#356 = LINE ( 'NONE', #3457, #6874 ) ;
#357 = CARTESIAN_POINT ( 'NONE',  ( 0.1673718316374303017, 2.121770724974571642, 0.8001000000000001444 ) ) ;
#358 = LINE ( 'NONE', #5004, #8752 ) ;
#359 = DIRECTION ( 'NONE',  ( -0.9796027006414900207, 0.2009441437213313475, 0.000000000000000000 ) ) ;
#360 = EDGE_LOOP ( 'NONE', ( #6900, #3100, #6003, #1009 ) ) ;
#361 = EDGE_LOOP ( 'NONE', ( #5814, #90, #3057, #5095 ) ) ;
#362 = CYLINDRICAL_SURFACE ( 'NONE', #2667, 0.6499999999999995781 ) ;
#363 = ORIENTED_EDGE ( 'NONE', *, *, #9303, .F. ) ;
#364 = DIRECTION ( 'NONE',  ( 1.000000000000000000, 0.000000000000000000, 0.000000000000000000 ) ) ;
#365 = FILL_AREA_STYLE ('',( #2314 ) ) ;
#366 = DIRECTION ( 'NONE',  ( 1.000000000000000000, -8.673617379884027583E-16, 0.000000000000000000 ) ) ;
#367 = ADVANCED_FACE ( 'NONE', ( #5011 ), #9526, .F. ) ;
#368 = CARTESIAN_POINT ( 'NONE',  ( 0.6346543274364193632, -0.7898236306697429265, 0.8001000000000003665 ) ) ;
#369 = CARTESIAN_POINT ( 'NONE',  ( -0.09284855769230800082, 0.1621794871654436421, 0.8001000000000000334 ) ) ;
#370 =( NAMED_UNIT ( * ) SI_UNIT ( $, .STERADIAN. ) SOLID_ANGLE_UNIT ( ) );
#371 = ORIENTED_EDGE ( 'NONE', *, *, #2644, .T. ) ;
#372 = ORIENTED_EDGE ( 'NONE', *, *, #34, .F. ) ;
#373 = VECTOR ( 'NONE', #5902, 1000.000000000000227 ) ;
#374 = CARTESIAN_POINT ( 'NONE',  ( 0.6597107811623225126, -0.9781419945059427468, 0.8000999999999998114 ) ) ;
#375 = ADVANCED_FACE ( 'NONE', ( #1249 ), #6649, .T. ) ;
#376 = LINE ( 'NONE', #6410, #4961 ) ;
#377 = CARTESIAN_POINT ( 'NONE',  ( -0.05419892191655484998, 1.947410422711722378, 0.8000999999999998114 ) ) ;
#378 = CARTESIAN_POINT ( 'NONE',  ( 4.849999999999996980, -1.699999999999999734, -3.100000000000000089 ) ) ;
#379 = DIRECTION ( 'NONE',  ( 1.000000000000000000, 0.000000000000000000, -0.000000000000000000 ) ) ;
#380 = ORIENTED_EDGE ( 'NONE', *, *, #3996, .T. ) ;
#381 = UNCERTAINTY_MEASURE_WITH_UNIT (LENGTH_MEASURE( 1.000000000000000082E-05 ), #9217, 'distance_accuracy_value', 'NONE');
#382 = VECTOR ( 'NONE', #4430, 1000.000000000000000 ) ;
#383 = ORIENTED_EDGE ( 'NONE', *, *, #541, .T. ) ;
#384 = CARTESIAN_POINT ( 'NONE',  ( -0.2145494073147232450, 0.09953295520226643212, 0.8000000000000003775 ) ) ;
#385 = CARTESIAN_POINT ( 'NONE',  ( 0.6653846153846152411, -0.06147836539865887684, 0.8001000000000000334 ) ) ;
#386 = SURFACE_STYLE_USAGE ( .BOTH. , #9400 ) ;
#387 = EDGE_CURVE ( 'NONE', #3032, #4164, #3719, .T. ) ;
#388 = PRESENTATION_LAYER_ASSIGNMENT (  '', '', ( #6906 ) ) ;
#389 = CARTESIAN_POINT ( 'NONE',  ( 0.5674136131798903637, -0.5813126536187699367, 0.8001000000000002554 ) ) ;
#390 = COLOUR_RGB ( '',0.9254901960784314152, 0.9254901960784314152, 0.9254901960784314152 ) ;
#391 = LINE ( 'NONE', #1914, #8067 ) ;
#392 = CARTESIAN_POINT ( 'NONE',  ( 0.006525030649605241366, 0.2435141275244151193, 0.8001000000000001444 ) ) ;
#393 = PRESENTATION_LAYER_ASSIGNMENT (  '', '', ( #7062 ) ) ;
#394 = CARTESIAN_POINT ( 'NONE',  ( 0.7499999999999997780, 1.036538461539389555, 0.8001000000000000334 ) ) ;
#395 = ORIENTED_EDGE ( 'NONE', *, *, #4295, .F. ) ;
#396 = FACE_OUTER_BOUND ( 'NONE', #7403, .T. ) ;
#397 = CARTESIAN_POINT ( 'NONE',  ( 0.03581515970552152928, 2.100965199849024856, 0.8000000000000002665 ) ) ;
#398 = EDGE_CURVE ( 'NONE', #6261, #8941, #527, .T. ) ;
#399 = CARTESIAN_POINT ( 'NONE',  ( 0.6056585081780424540, 1.769335786617845852, 0.8001000000000000334 ) ) ;
#400 = CARTESIAN_POINT ( 'NONE',  ( 0.7532408294889345601, 0.08616932893205939137, 0.8001000000000000334 ) ) ;
#401 = DIRECTION ( 'NONE',  ( 0.000000000000000000, 0.000000000000000000, 1.000000000000000000 ) ) ;
#402 = VECTOR ( 'NONE', #2369, 1000.000000000000000 ) ;
#403 = CARTESIAN_POINT ( 'NONE',  ( -0.2083987231861753886, 1.959542515960167597, 0.8001000000000002554 ) ) ;
#404 = CARTESIAN_POINT ( 'NONE',  ( 0.6058894230769228395, -0.2452524038601973377, 0.8001000000000000334 ) ) ;
#405 = CARTESIAN_POINT ( 'NONE',  ( -0.2646751006253639238, -0.3094808903342153306, 0.8000000000000003775 ) ) ;
#406 = DIRECTION ( 'NONE',  ( -0.9209995595737976437, -0.3895636164541944058, 0.000000000000000000 ) ) ;
#407 = ORIENTED_EDGE ( 'NONE', *, *, #3451, .F. ) ;
#408 = ORIENTED_EDGE ( 'NONE', *, *, #6930, .F. ) ;
#409 =( GEOMETRIC_REPRESENTATION_CONTEXT ( 3 ) GLOBAL_UNCERTAINTY_ASSIGNED_CONTEXT ( ( #5670 ) ) GLOBAL_UNIT_ASSIGNED_CONTEXT ( ( #2144, #8237, #2458 ) ) REPRESENTATION_CONTEXT ( 'NONE', 'WORKASPACE' ) );
#410 = CARTESIAN_POINT ( 'NONE',  ( 0.06189280875199486970, 0.03128025481633316118, 0.8001000000000001444 ) ) ;
#411 = DIRECTION ( 'NONE',  ( 1.239088197126290669E-15, 1.000000000000000000, 0.000000000000000000 ) ) ;
#412 = CARTESIAN_POINT ( 'NONE',  ( 5.050000000000001599, 3.900000000000004796, 2.900000000000000355 ) ) ;
#413 =( LENGTH_UNIT ( ) NAMED_UNIT ( * ) SI_UNIT ( .MILLI., .METRE. ) );
#414 = DIRECTION ( 'NONE',  ( 0.000000000000000000, 0.000000000000000000, -1.000000000000000000 ) ) ;
#415 = CARTESIAN_POINT ( 'NONE',  ( 0.1338942307692305433, 0.1324318910115975523, 0.8000000000000001554 ) ) ;
#416 = AXIS2_PLACEMENT_3D ( 'NONE', #9488, #5676, #1903 ) ;
#417 = VERTEX_POINT ( 'NONE', #7489 ) ;
#418 = ORIENTED_EDGE ( 'NONE', *, *, #5084, .F. ) ;
#419 = EDGE_CURVE ( 'NONE', #8444, #7100, #8144, .T. ) ;
#420 = MECHANICAL_DESIGN_GEOMETRIC_PRESENTATION_REPRESENTATION (  '', ( #3610 ), #2487 ) ;
#421 = DIRECTION ( 'NONE',  ( 0.000000000000000000, -0.000000000000000000, 1.000000000000000000 ) ) ;
#422 = B_SPLINE_CURVE_WITH_KNOTS ( 'NONE', 3,
 ( #8339, #728, #6905, #3775, #775, #6075, #3828, #6864, #39, #5394, #9157, #8199, #3077, #1365, #7499, #3682, #6125, #4415, #7449, #2925, #8958, #2153, #8246, #4469, #297, #4138, #7164 ),
 .UNSPECIFIED., .F., .F.,
 ( 4, 1, 1, 1, 1, 1, 1, 1, 1, 1, 1, 1, 1, 1, 1, 1, 1, 1, 1, 1, 1, 1, 1, 1, 4 ),
 ( 0.000000000000000000, 0.04608377754194806220, 0.09081289696262803690, 0.1343042879808945267, 0.1770362722268302991, 0.2188374268542870038, 0.2602615907981604138, 0.3011000835602821168, 0.3416368324483720076, 0.3816090405269682573, 0.4201478008723693591, 0.4579096607349633641, 0.4947607013525771036, 0.5312192845390139029, 0.5669607598480360666, 0.6027421145655926793, 0.6382320180154549272, 0.6747611133765479829, 0.7133778281073238636, 0.7544253154851253695, 0.7978017847299845311, 0.8439789806525881399, 0.8930643900142397618, 0.9449596506617459202, 1.000000000000000000 ),
 .UNSPECIFIED. ) ;
#423 = DIRECTION ( 'NONE',  ( 0.000000000000000000, -0.000000000000000000, -1.000000000000000000 ) ) ;
#424 = DIRECTION ( 'NONE',  ( 0.000000000000000000, 0.000000000000000000, -1.000000000000000000 ) ) ;
#425 = PRESENTATION_STYLE_ASSIGNMENT (( #4928 ) ) ;
#426 = VERTEX_POINT ( 'NONE', #624 ) ;
#427 = AXIS2_PLACEMENT_3D ( 'NONE', #2394, #5367, #1543 ) ;
#428 = ORIENTED_EDGE ( 'NONE', *, *, #9772, .F. ) ;
#429 = CARTESIAN_POINT ( 'NONE',  ( 0.5674136131798903637, -0.5813126536187699367, 0.8001000000000002554 ) ) ;
#430 = LINE ( 'NONE', #1816, #4298 ) ;
#431 = MECHANICAL_DESIGN_GEOMETRIC_PRESENTATION_REPRESENTATION (  '', ( #1218 ), #9142 ) ;
#432 = CARTESIAN_POINT ( 'NONE',  ( 5.516666666666666607, 1.366666666666668917, 1.533333333333336768 ) ) ;
#433 = CARTESIAN_POINT ( 'NONE',  ( 0.7499999999999997780, 1.560757211523444488, 0.8000000000000000444 ) ) ;
#434 = SURFACE_STYLE_USAGE ( .BOTH. , #9549 ) ;
#435 = DIRECTION ( 'NONE',  ( -1.000000000000000000, -0.000000000000000000, -0.000000000000000000 ) ) ;
#436 = CARTESIAN_POINT ( 'NONE',  ( 0.3351398101393647244, -0.6456442744000290279, 0.8000999999999999224 ) ) ;
#437 = AXIS2_PLACEMENT_3D ( 'NONE', #9804, #3083, #4629 ) ;
#438 = PRESENTATION_STYLE_ASSIGNMENT (( #5692 ) ) ;
#439 = ADVANCED_FACE ( 'NONE', ( #4315 ), #5918, .F. ) ;
#440 = CARTESIAN_POINT ( 'NONE',  ( 0.1999999999999997613, -0.1198717948858383786, 0.8000000000000003775 ) ) ;
#441 = VERTEX_POINT ( 'NONE', #8804 ) ;
#442 = CARTESIAN_POINT ( 'NONE',  ( 0.1469230143240197739, -0.9601062172386961580, 0.8000999999999998114 ) ) ;
#443 = DIRECTION ( 'NONE',  ( -0.000000000000000000, -0.000000000000000000, -1.000000000000000000 ) ) ;
#444 = FILL_AREA_STYLE_COLOUR ( '', #3974 ) ;
#445 =( NAMED_UNIT ( * ) PLANE_ANGLE_UNIT ( ) SI_UNIT ( $, .RADIAN. ) );
#446 = FILL_AREA_STYLE ('',( #6577 ) ) ;
#447 = LINE ( 'NONE', #7363, #5057 ) ;
#448 = LINE ( 'NONE', #5653, #1447 ) ;
#449 = CARTESIAN_POINT ( 'NONE',  ( -0.3054883983736566000, 1.803753705285750186, 0.8000000000000000444 ) ) ;
#450 = CARTESIAN_POINT ( 'NONE',  ( 0.6652448348717181492, -0.07059488299690268309, 0.8000999999999998114 ) ) ;
#451 = AXIS2_PLACEMENT_3D ( 'NONE', #1756, #7797, #5580 ) ;
#452 = CARTESIAN_POINT ( 'NONE',  ( 0.1999999999999997613, -1.149358974338251738, 0.8000000000000000444 ) ) ;
#453 = PLANE ( 'NONE',  #7450 ) ;
#454 = ADVANCED_FACE ( 'NONE', ( #5080 ), #2915, .F. ) ;
#455 = EDGE_LOOP ( 'NONE', ( #5470, #3951, #1204, #6116 ) ) ;
#456 = EDGE_CURVE ( 'NONE', #7137, #8665, #2201, .T. ) ;
#457 = COLOUR_RGB ( '',0.9254901960784314152, 0.9254901960784314152, 0.9254901960784314152 ) ;
#458 = CARTESIAN_POINT ( 'NONE',  ( 0.03104469706966149836, -0.8990497536664622258, 0.7999999999999999334 ) ) ;
#459 = COLOUR_RGB ( '',0.9254901960784314152, 0.9254901960784314152, 0.9254901960784314152 ) ;
#460 = VERTEX_POINT ( 'NONE', #5383 ) ;
#461 = CARTESIAN_POINT ( 'NONE',  ( 0.3524958999370665369, -0.5437651548405421087, 0.8000000000000002665 ) ) ;
#462 = FILL_AREA_STYLE ('',( #9472 ) ) ;
#463 =( NAMED_UNIT ( * ) SI_UNIT ( $, .STERADIAN. ) SOLID_ANGLE_UNIT ( ) );
#464 = VECTOR ( 'NONE', #3042, 1000.000000000000000 ) ;
#465 = COLOUR_RGB ( '',0.9254901960784314152, 0.9254901960784314152, 0.9254901960784314152 ) ;
#466 = SURFACE_SIDE_STYLE ('',( #7284 ) ) ;
#467 =( NAMED_UNIT ( * ) PLANE_ANGLE_UNIT ( ) SI_UNIT ( $, .RADIAN. ) );
#468 = SURFACE_STYLE_FILL_AREA ( #9578 ) ;
#469 = ORIENTED_EDGE ( 'NONE', *, *, #3329, .T. ) ;
#470 = UNCERTAINTY_MEASURE_WITH_UNIT (LENGTH_MEASURE( 1.000000000000000082E-05 ), #1311, 'distance_accuracy_value', 'NONE');
#471 = ORIENTED_EDGE ( 'NONE', *, *, #633, .T. ) ;
#472 = UNCERTAINTY_MEASURE_WITH_UNIT (LENGTH_MEASURE( 1.000000000000000082E-05 ), #9501, 'distance_accuracy_value', 'NONE');
#473 = VECTOR ( 'NONE', #8728, 1000.000000000000000 ) ;
#474 = SURFACE_SIDE_STYLE ('',( #4922 ) ) ;
#475 = VECTOR ( 'NONE', #4688, 1000.000000000000000 ) ;
#476 = SHAPE_DEFINITION_REPRESENTATION ( #5152, #9690 ) ;
#477 = SURFACE_SIDE_STYLE ('',( #9636 ) ) ;
#478 = EDGE_CURVE ( 'NONE', #3907, #2917, #4159, .T. ) ;
#479 = DIRECTION ( 'NONE',  ( -0.000000000000000000, 0.000000000000000000, -1.000000000000000000 ) ) ;
#480 =( GEOMETRIC_REPRESENTATION_CONTEXT ( 3 ) GLOBAL_UNCERTAINTY_ASSIGNED_CONTEXT ( ( #5587 ) ) GLOBAL_UNIT_ASSIGNED_CONTEXT ( ( #2406, #7826, #3166 ) ) REPRESENTATION_CONTEXT ( 'NONE', 'WORKASPACE' ) );
#481 = CARTESIAN_POINT ( 'NONE',  ( 0.4143209350623764942, 0.3170809046340740123, 0.7999999999999999334 ) ) ;
#482 = ORIENTED_EDGE ( 'NONE', *, *, #7662, .T. ) ;
#483 = UNCERTAINTY_MEASURE_WITH_UNIT (LENGTH_MEASURE( 1.000000000000000082E-05 ), #3012, 'distance_accuracy_value', 'NONE');
#484 = ORIENTED_EDGE ( 'NONE', *, *, #7406, .F. ) ;
#485 = PRESENTATION_LAYER_ASSIGNMENT (  '', '', ( #3669 ) ) ;
#486 = CARTESIAN_POINT ( 'NONE',  ( 0.6708856604416145730, -0.6517956168164315001, 0.8001000000000000334 ) ) ;
#487 = MECHANICAL_DESIGN_GEOMETRIC_PRESENTATION_REPRESENTATION (  '', ( #3030 ), #1587 ) ;
#488 = PLANE ( 'NONE',  #9337 ) ;
#489 = DIRECTION ( 'NONE',  ( -1.000000000000000000, 0.000000000000000000, 0.000000000000000000 ) ) ;
#490 = DIRECTION ( 'NONE',  ( -1.239088197126290669E-15, -1.000000000000000000, 0.000000000000000000 ) ) ;
#491 = DIRECTION ( 'NONE',  ( -0.000000000000000000, -0.000000000000000000, -1.000000000000000000 ) ) ;
#492 = CARTESIAN_POINT ( 'NONE',  ( 0.7678537503279359022, 0.03865091769341903044, 0.8001000000000000334 ) ) ;
#493 = CARTESIAN_POINT ( 'NONE',  ( 3.366666666666679131, -0.4833333333333197923, -7.316666666666663765 ) ) ;
#494 = ORIENTED_EDGE ( 'NONE', *, *, #523, .T. ) ;
#495 = CIRCLE ( 'NONE', #2059, 0.6499999999999995781 ) ;
#496 = DIRECTION ( 'NONE',  ( -8.031127203596329369E-17, 1.000000000000000000, 0.000000000000000000 ) ) ;
#497 = CARTESIAN_POINT ( 'NONE',  ( -0.1054425868264756705, 1.905361045579040624, 0.7999999999999999334 ) ) ;
#498 = VERTEX_POINT ( 'NONE', #1458 ) ;
#499 = CARTESIAN_POINT ( 'NONE',  ( 0.7499999999999997780, 2.956911057675936316, 0.8001000000000000334 ) ) ;
#500 = PLANE ( 'NONE',  #4157 ) ;
#501 = AXIS2_PLACEMENT_3D ( 'NONE', #2132, #6687, #8889 ) ;
#502 = LINE ( 'NONE', #9560, #4076 ) ;
#503 = EDGE_CURVE ( 'NONE', #2917, #1683, #8853, .T. ) ;
#504 = CARTESIAN_POINT ( 'NONE',  ( 0.03104469706966149836, -0.8990497536664622258, 0.7999999999999999334 ) ) ;
#505 = SURFACE_STYLE_FILL_AREA ( #7116 ) ;
#506 = CARTESIAN_POINT ( 'NONE',  ( -0.004675918905150737610, 2.088584498530826394, 0.8000999999999999224 ) ) ;
#507 = CARTESIAN_POINT ( 'NONE',  ( 0.6510663551337245725, -0.1631953600982404551, 0.7999999999999999334 ) ) ;
#508 = CARTESIAN_POINT ( 'NONE',  ( -0.1288738516403140077, -0.3799177903025820480, 0.8001000000000003665 ) ) ;
#509 = DIRECTION ( 'NONE',  ( -0.9209995595737978658, 0.3895636164541939617, 0.000000000000000000 ) ) ;
#510 = VERTEX_POINT ( 'NONE', #4613 ) ;
#511 = CARTESIAN_POINT ( 'NONE',  ( -5.750000000000000000, 4.099999999999999645, -0.8000000000000000444 ) ) ;
#512 = ORIENTED_EDGE ( 'NONE', *, *, #7715, .T. ) ;
#513 = SURFACE_SIDE_STYLE ('',( #3513 ) ) ;
#514 = EDGE_CURVE ( 'NONE', #5785, #5459, #814, .T. ) ;
#515 = CARTESIAN_POINT ( 'NONE',  ( 0.3961986222054060813, -0.6419311059314015688, 0.7999999999999998224 ) ) ;
#516 = MECHANICAL_DESIGN_GEOMETRIC_PRESENTATION_REPRESENTATION (  '', ( #1296 ), #6710 ) ;
#517 = PRESENTATION_STYLE_ASSIGNMENT (( #7929 ) ) ;
#518 = DIRECTION ( 'NONE',  ( 0.000000000000000000, 1.000000000000000000, 0.000000000000000000 ) ) ;
#519 = ORIENTED_EDGE ( 'NONE', *, *, #4184, .F. ) ;
#520 = VERTEX_POINT ( 'NONE', #4560 ) ;
#521 = MECHANICAL_DESIGN_GEOMETRIC_PRESENTATION_REPRESENTATION (  '', ( #4339 ), #9379 ) ;
#522 = LINE ( 'NONE', #6598, #4289 ) ;
#523 = EDGE_CURVE ( 'NONE', #3317, #6769, #122, .T. ) ;
#524 = FILL_AREA_STYLE ('',( #1851 ) ) ;
#525 = DIRECTION ( 'NONE',  ( -1.000000000000000000, -0.000000000000000000, 0.000000000000000000 ) ) ;
#526 = FACE_OUTER_BOUND ( 'NONE', #5956, .T. ) ;
#527 = LINE ( 'NONE', #7437, #2933 ) ;
#528 = VERTEX_POINT ( 'NONE', #3817 ) ;
#529 = EDGE_LOOP ( 'NONE', ( #8358, #7820, #9101, #8158 ) ) ;
#530 = CARTESIAN_POINT ( 'NONE',  ( 0.5784299327659944145, 0.1597531815078331308, 0.8001000000000000334 ) ) ;
#531 = DIRECTION ( 'NONE',  ( 0.000000000000000000, -0.7071067811865444641, -0.7071067811865505703 ) ) ;
#532 = CARTESIAN_POINT ( 'NONE',  ( -0.3500000000000002554, -1.783974358966112561, 0.8001000000000000334 ) ) ;
#533 =( NAMED_UNIT ( * ) PLANE_ANGLE_UNIT ( ) SI_UNIT ( $, .RADIAN. ) );
#534 = DIRECTION ( 'NONE',  ( 1.000000000000000000, 0.000000000000000000, 0.000000000000000000 ) ) ;
#535 = VECTOR ( 'NONE', #4337, 1000.000000000000000 ) ;
#536 = CARTESIAN_POINT ( 'NONE',  ( 0.6413096428413780359, 0.2407517430984549844, 0.8001000000000000334 ) ) ;
#537 = EDGE_LOOP ( 'NONE', ( #56, #5031, #9779, #5410, #2186, #1690, #2358 ) ) ;
#538 = DIRECTION ( 'NONE',  ( 1.000000000000000000, 8.031127203596329369E-17, -0.000000000000000000 ) ) ;
#539 = CARTESIAN_POINT ( 'NONE',  ( 0.7782051282051279939, -0.06324118591147942503, 0.8000000000000000444 ) ) ;
#540 = ORIENTED_EDGE ( 'NONE', *, *, #4019, .F. ) ;
#541 = EDGE_CURVE ( 'NONE', #6650, #9151, #5432, .T. ) ;
#542 = MECHANICAL_DESIGN_GEOMETRIC_PRESENTATION_REPRESENTATION (  '', ( #5656 ), #3577 ) ;
#543 = PLANE ( 'NONE',  #2207 ) ;
#544 = CARTESIAN_POINT ( 'NONE',  ( -0.2649473301836391403, -0.07157929713732877341, 0.7999999999999998224 ) ) ;
#545 = CARTESIAN_POINT ( 'NONE',  ( 0.7499999999999997780, 1.036538461539389555, 0.8001000000000000334 ) ) ;
#546 = DIRECTION ( 'NONE',  ( -1.000000000000000000, 0.000000000000000000, 0.000000000000000000 ) ) ;
#547 = SURFACE_STYLE_USAGE ( .BOTH. , #7461 ) ;
#548 = LINE ( 'NONE', #4383, #5959 ) ;
#549 = CARTESIAN_POINT ( 'NONE',  ( 5.849999999999997868, 0.000000000000000000, -3.100000000000000089 ) ) ;
#550 = AXIS2_PLACEMENT_3D ( 'NONE', #4394, #4548, #9777 ) ;
#551 = CARTESIAN_POINT ( 'NONE',  ( -0.1890692403436971258, -0.3571330727226228463, 0.8000000000000003775 ) ) ;
#552 = AXIS2_PLACEMENT_3D ( 'NONE', #5570, #7787, #6313 ) ;
#553 = ORIENTED_EDGE ( 'NONE', *, *, #4173, .F. ) ;
#554 = DIRECTION ( 'NONE',  ( 1.000000000000000000, 0.000000000000000000, 0.000000000000000000 ) ) ;
#555 = ORIENTED_EDGE ( 'NONE', *, *, #8464, .F. ) ;
#556 = EDGE_CURVE ( 'NONE', #4671, #9556, #3920, .T. ) ;
#557 = CARTESIAN_POINT ( 'NONE',  ( 0.1313206896262698875, -0.6403054283413545100, 0.8001000000000001444 ) ) ;
#558 = COLOUR_RGB ( '',0.9254901960784314152, 0.9254901960784314152, 0.9254901960784314152 ) ;
#559 = CARTESIAN_POINT ( 'NONE',  ( 0.03562354073578017505, 1.994290724898955647, 0.8000000000000002665 ) ) ;
#560 = SURFACE_STYLE_FILL_AREA ( #9677 ) ;
#561 = CARTESIAN_POINT ( 'NONE',  ( 0.1338942307692305433, 0.1324318910115975523, 0.8000000000000001554 ) ) ;
#562 = DIRECTION ( 'NONE',  ( 0.000000000000000000, 1.000000000000000000, 0.000000000000000000 ) ) ;
#563 = CARTESIAN_POINT ( 'NONE',  ( 0.6371794871794869142, 1.444851762805495765, 0.8001000000000000334 ) ) ;
#564 = EDGE_LOOP ( 'NONE', ( #7956, #9716, #8581, #1241 ) ) ;
#565 = STYLED_ITEM ( 'NONE', ( #8440 ), #2563 ) ;
#566 = CARTESIAN_POINT ( 'NONE',  ( -0.1734300130465734335, 0.1378317718315006102, 0.8001000000000001444 ) ) ;
#567 = EDGE_LOOP ( 'NONE', ( #7298, #2234, #2544, #235 ) ) ;
#568 = EDGE_CURVE ( 'NONE', #8430, #3081, #7870, .T. ) ;
#569 = LINE ( 'NONE', #8897, #3666 ) ;
#570 = STYLED_ITEM ( 'NONE', ( #8577 ), #2577 ) ;
#571 = CARTESIAN_POINT ( 'NONE',  ( 0.5024999365940923113, -0.3153204614681240359, 0.7999999999999999334 ) ) ;
#572 = CARTESIAN_POINT ( 'NONE',  ( 0.2277644230769228784, 0.2516426281910846829, 0.8000000000000001554 ) ) ;
#573 = PRESENTATION_STYLE_ASSIGNMENT (( #7343 ) ) ;
#574 = ORIENTED_EDGE ( 'NONE', *, *, #8884, .T. ) ;
#575 = UNCERTAINTY_MEASURE_WITH_UNIT (LENGTH_MEASURE( 1.000000000000000082E-05 ), #2495, 'distance_accuracy_value', 'NONE');
#576 = ORIENTED_EDGE ( 'NONE', *, *, #1898, .T. ) ;
#577 = EDGE_CURVE ( 'NONE', #3857, #6014, #7585, .T. ) ;
#578 =( GEOMETRIC_REPRESENTATION_CONTEXT ( 3 ) GLOBAL_UNCERTAINTY_ASSIGNED_CONTEXT ( ( #9482 ) ) GLOBAL_UNIT_ASSIGNED_CONTEXT ( ( #6825, #6087, #8304 ) ) REPRESENTATION_CONTEXT ( 'NONE', 'WORKASPACE' ) );
#579 = EDGE_CURVE ( 'NONE', #3278, #7337, #862, .T. ) ;
#580 = CARTESIAN_POINT ( 'NONE',  ( 0.4729081985521384479, 2.069565513423211378, 0.8000000000000002665 ) ) ;
#581 = CARTESIAN_POINT ( 'NONE',  ( -0.3135535256831880058, 1.781295450536510838, 0.7999999999999998224 ) ) ;
#582 = CARTESIAN_POINT ( 'NONE',  ( -0.2298582140490801895, 1.596889910809807134, 0.8000999999999998114 ) ) ;
#583 = CARTESIAN_POINT ( 'NONE',  ( 5.849999999999997868, -1.699999999999999734, 2.900000000000000355 ) ) ;
#584 = CARTESIAN_POINT ( 'NONE',  ( 0.5624724658933674126, -0.3992834978924404421, 0.8001000000000001444 ) ) ;
#585 = CARTESIAN_POINT ( 'NONE',  ( 0.6016115367181085194, 0.2678381868505343988, 0.8001000000000001444 ) ) ;
#586 = DIRECTION ( 'NONE',  ( 0.000000000000000000, 1.000000000000000000, 0.000000000000000000 ) ) ;
#587 = ORIENTED_EDGE ( 'NONE', *, *, #7307, .F. ) ;
#588 = CARTESIAN_POINT ( 'NONE',  ( 0.2136618589743587426, 2.023717948702931757, 0.8000000000000000444 ) ) ;
#589 = ORIENTED_EDGE ( 'NONE', *, *, #5961, .T. ) ;
#590 = CARTESIAN_POINT ( 'NONE',  ( 0.6653846153846152411, -0.9208533653638926175, 0.8001000000000000334 ) ) ;
#591 = MECHANICAL_DESIGN_GEOMETRIC_PRESENTATION_REPRESENTATION (  '', ( #5553 ), #3313 ) ;
#592 =( NAMED_UNIT ( * ) SI_UNIT ( $, .STERADIAN. ) SOLID_ANGLE_UNIT ( ) );
#593 = CARTESIAN_POINT ( 'NONE',  ( -0.2304287739064110330, -0.1891575095001161722, 0.7999999999999996003 ) ) ;
#594 = SURFACE_SIDE_STYLE ('',( #5100 ) ) ;
#595 = CARTESIAN_POINT ( 'NONE',  ( -0.09615384615384639511, -0.2891025641166076743, 0.8001000000000000334 ) ) ;
#596 = SURFACE_STYLE_FILL_AREA ( #7413 ) ;
#597 =( NAMED_UNIT ( * ) PLANE_ANGLE_UNIT ( ) SI_UNIT ( $, .RADIAN. ) );
#598 = CARTESIAN_POINT ( 'NONE',  ( 0.2076844891353802625, -0.02975841627026418884, 0.7999999999999999334 ) ) ;
#599 = EDGE_CURVE ( 'NONE', #3602, #2928, #2542, .T. ) ;
#600 = CARTESIAN_POINT ( 'NONE',  ( -0.3372684973484332827, -0.2228298193098869340, 0.8000000000000003775 ) ) ;
#601 = FILL_AREA_STYLE ('',( #1976 ) ) ;
#602 = EDGE_LOOP ( 'NONE', ( #3587, #4771, #890, #2345 ) ) ;
#603 = DIRECTION ( 'NONE',  ( -1.239088197126291458E-15, -1.000000000000000000, 0.000000000000000000 ) ) ;
#604 = ORIENTED_EDGE ( 'NONE', *, *, #754, .F. ) ;
#605 =( LENGTH_UNIT ( ) NAMED_UNIT ( * ) SI_UNIT ( .MILLI., .METRE. ) );
#606 = LINE ( 'NONE', #5012, #4946 ) ;
#607 = CARTESIAN_POINT ( 'NONE',  ( 0.1384412315653575365, 2.019256362733779842, 0.7999999999999998224 ) ) ;
#608 = PRESENTATION_LAYER_ASSIGNMENT (  '', '', ( #1867 ) ) ;
#609 = CARTESIAN_POINT ( 'NONE',  ( 0.08639789044328863299, -0.07963016029304972876, 0.8000000000000000444 ) ) ;
#610 = CARTESIAN_POINT ( 'NONE',  ( 0.4704031946172843592, -0.6526467475363433302, 0.8001000000000000334 ) ) ;
#611 = DIRECTION ( 'NONE',  ( -0.000000000000000000, -0.000000000000000000, -1.000000000000000000 ) ) ;
#612 = AXIS2_PLACEMENT_3D ( 'NONE', #7503, #1626, #4523 ) ;
#613 = ORIENTED_EDGE ( 'NONE', *, *, #1124, .T. ) ;
#614 = CARTESIAN_POINT ( 'NONE',  ( -0.09284855769230801470, 0.1621794871654436698, 0.8001000000000001444 ) ) ;
#615 = EDGE_LOOP ( 'NONE', ( #3557, #3675, #5134, #7906 ) ) ;
#616 = AXIS2_PLACEMENT_3D ( 'NONE', #6296, #2336, #9268 ) ;
#617 = CARTESIAN_POINT ( 'NONE',  ( 6.599999999999997868, 5.250000000000000000, -3.100000000000000089 ) ) ;
#618 = VECTOR ( 'NONE', #3687, 1000.000000000000000 ) ;
#619 = PLANE ( 'NONE',  #7802 ) ;
#620 = LINE ( 'NONE', #7486, #2415 ) ;
#621 = EDGE_CURVE ( 'NONE', #8104, #3545, #4097, .T. ) ;
#622 = CARTESIAN_POINT ( 'NONE',  ( 0.4623158437305830426, -0.3288383648287839245, 0.8001000000000002554 ) ) ;
#623 = SURFACE_STYLE_USAGE ( .BOTH. , #3014 ) ;
#624 = CARTESIAN_POINT ( 'NONE',  ( 0.6371794871794869142, 1.036538461539389555, 0.8000000000000000444 ) ) ;
#625 = ORIENTED_EDGE ( 'NONE', *, *, #9291, .F. ) ;
#626 = ORIENTED_EDGE ( 'NONE', *, *, #9163, .T. ) ;
#627 = COLOUR_RGB ( '',0.9254901960784314152, 0.9254901960784314152, 0.9254901960784314152 ) ;
#628 = CARTESIAN_POINT ( 'NONE',  ( 0.6371794871794869142, 0.6134615384624666490, 0.8001000000000000334 ) ) ;
#629 = CARTESIAN_POINT ( 'NONE',  ( -0.3498609065726967504, 1.461306004337012077, 0.8001000000000000334 ) ) ;
#630 = DIRECTION ( 'NONE',  ( 0.000000000000000000, -0.000000000000000000, -1.000000000000000000 ) ) ;
#631 = FILL_AREA_STYLE ('',( #8197 ) ) ;
#632 = CARTESIAN_POINT ( 'NONE',  ( 0.7510763358942418311, -0.7734108613063067628, 0.8000999999999999224 ) ) ;
#633 = EDGE_CURVE ( 'NONE', #5761, #5217, #1510, .T. ) ;
#634 = DIRECTION ( 'NONE',  ( -0.5773502691896240657, -0.5773502691896240657, -0.5773502691896290617 ) ) ;
#635 = ADVANCED_FACE ( 'NONE', ( #763 ), #3163, .T. ) ;
#636 = LINE ( 'NONE', #5395, #8638 ) ;
#637 = PLANE ( 'NONE',  #9558 ) ;
#638 = ORIENTED_EDGE ( 'NONE', *, *, #5815, .F. ) ;
#639 = AXIS2_PLACEMENT_3D ( 'NONE', #7975, #5847, #2080 ) ;
#640 = CARTESIAN_POINT ( 'NONE',  ( 4.849999999999997868, 4.400000000000000355, -8.799999999999997158 ) ) ;
#641 = STYLED_ITEM ( 'NONE', ( #9354 ), #6222 ) ;
#642 = ORIENTED_EDGE ( 'NONE', *, *, #7955, .T. ) ;
#643 = CARTESIAN_POINT ( 'NONE',  ( -0.09615384615384639511, -0.3878205128345563746, 0.8000000000000000444 ) ) ;
#644 = DIRECTION ( 'NONE',  ( -1.000000000000000000, -0.000000000000000000, 0.000000000000000000 ) ) ;
#645 = FACE_OUTER_BOUND ( 'NONE', #997, .T. ) ;
#646 =( GEOMETRIC_REPRESENTATION_CONTEXT ( 3 ) GLOBAL_UNCERTAINTY_ASSIGNED_CONTEXT ( ( #6274 ) ) GLOBAL_UNIT_ASSIGNED_CONTEXT ( ( #5651, #7724, #157 ) ) REPRESENTATION_CONTEXT ( 'NONE', 'WORKASPACE' ) );
#647 = CARTESIAN_POINT ( 'NONE',  ( -0.2566122633971950062, -0.1313107093147276860, 0.8001000000000001444 ) ) ;
#648 = EDGE_CURVE ( 'NONE', #1987, #8843, #4290, .T. ) ;
#649 = CARTESIAN_POINT ( 'NONE',  ( 0.7499999999999997780, 2.348076923060551824, 0.8001000000000000334 ) ) ;
#650 =( LENGTH_UNIT ( ) NAMED_UNIT ( * ) SI_UNIT ( .MILLI., .METRE. ) );
#651 = AXIS2_PLACEMENT_3D ( 'NONE', #5807, #2611, #4165 ) ;
#652 = CARTESIAN_POINT ( 'NONE',  ( 4.849999999999996980, -4.199999999999997513, -9.000000000000001776 ) ) ;
#653 = LINE ( 'NONE', #8922, #304 ) ;
#654 = CARTESIAN_POINT ( 'NONE',  ( 4.099999999999997868, 5.249999999999999112, -0.8000000000000000444 ) ) ;
#655 = VERTEX_POINT ( 'NONE', #4954 ) ;
#656 = VECTOR ( 'NONE', #4581, 1000.000000000000000 ) ;
#657 = LINE ( 'NONE', #2744, #3636 ) ;
#658 = ORIENTED_EDGE ( 'NONE', *, *, #876, .T. ) ;
#659 = VECTOR ( 'NONE', #7130, 1000.000000000000000 ) ;
#660 = EDGE_CURVE ( 'NONE', #3228, #655, #3506, .T. ) ;
#661 =( NAMED_UNIT ( * ) SI_UNIT ( $, .STERADIAN. ) SOLID_ANGLE_UNIT ( ) );
#662 = CARTESIAN_POINT ( 'NONE',  ( -0.2063301282051284991, 1.733954326908059951, 0.8000000000000000444 ) ) ;
#663 = CARTESIAN_POINT ( 'NONE',  ( -0.2161280063622495473, -0.3428679255736969966, 0.8000999999999998114 ) ) ;
#664 = SURFACE_STYLE_FILL_AREA ( #5999 ) ;
#665 = CARTESIAN_POINT ( 'NONE',  ( 0.3961986222054060813, -0.6419311059314015688, 0.8000999999999998114 ) ) ;
#666 = DIRECTION ( 'NONE',  ( 1.000000000000000000, 0.000000000000000000, 0.000000000000000000 ) ) ;
#667 = COLOUR_RGB ( '',0.9254901960784314152, 0.9254901960784314152, 0.9254901960784314152 ) ;
#668 = ORIENTED_EDGE ( 'NONE', *, *, #8801, .F. ) ;
#669 = EDGE_LOOP ( 'NONE', ( #8420, #9668, #829, #5563 ) ) ;
#670 = UNCERTAINTY_MEASURE_WITH_UNIT (LENGTH_MEASURE( 1.000000000000000082E-05 ), #1278, 'distance_accuracy_value', 'NONE');
#671 = ADVANCED_FACE ( 'NONE', ( #2639 ), #215, .T. ) ;
#672 = COLOUR_RGB ( '',0.9254901960784314152, 0.9254901960784314152, 0.9254901960784314152 ) ;
#673 =( NAMED_UNIT ( * ) PLANE_ANGLE_UNIT ( ) SI_UNIT ( $, .RADIAN. ) );
#674 = LINE ( 'NONE', #3672, #3284 ) ;
#675 = ORIENTED_EDGE ( 'NONE', *, *, #2823, .T. ) ;
#676 = MECHANICAL_DESIGN_GEOMETRIC_PRESENTATION_REPRESENTATION (  '', ( #1460 ), #1927 ) ;
#677 = ORIENTED_EDGE ( 'NONE', *, *, #5218, .T. ) ;
#678 = SURFACE_STYLE_FILL_AREA ( #2919 ) ;
#679 = EDGE_CURVE ( 'NONE', #8741, #4449, #2122, .T. ) ;
#680 = PLANE ( 'NONE',  #7471 ) ;
#681 = CARTESIAN_POINT ( 'NONE',  ( -4.250000000000000000, 4.399999999999999467, 2.000000000000000000 ) ) ;
#682 = CARTESIAN_POINT ( 'NONE',  ( -0.1878016509375189658, 0.1270215782754064437, 0.7999999999999999334 ) ) ;
#683 = LINE ( 'NONE', #774, #4395 ) ;
#684 = CARTESIAN_POINT ( 'NONE',  ( 0.1313206896262698875, -0.6403054283413545100, 0.8000000000000001554 ) ) ;
#685 = CARTESIAN_POINT ( 'NONE',  ( -0.3777716558424283333, -0.04601916935455058894, 0.8000000000000002665 ) ) ;
#686 = SURFACE_STYLE_FILL_AREA ( #8250 ) ;
#687 = EDGE_LOOP ( 'NONE', ( #642, #9160, #2074, #3868 ) ) ;
#688 = FACE_OUTER_BOUND ( 'NONE', #360, .T. ) ;
#689 = ORIENTED_EDGE ( 'NONE', *, *, #7206, .F. ) ;
#690 = ADVANCED_FACE ( 'NONE', ( #6268, #1652 ), #957, .T. ) ;
#691 = CARTESIAN_POINT ( 'NONE',  ( -6.399999999999999467, 4.099999999999999645, -0.8000000000000000444 ) ) ;
#692 = CARTESIAN_POINT ( 'NONE',  ( -3.950000000000000178, -2.500000000000000444, 0.8000000000000000444 ) ) ;
#693 = MECHANICAL_DESIGN_GEOMETRIC_PRESENTATION_REPRESENTATION (  '', ( #5955 ), #4200 ) ;
#694 = CARTESIAN_POINT ( 'NONE',  ( 5.849999999999997868, 3.700000000000000622, -8.799999999999997158 ) ) ;
#695 = CARTESIAN_POINT ( 'NONE',  ( 0.6115113256300519495, 1.751317275927760431, 0.8000999999999998114 ) ) ;
#696 = CARTESIAN_POINT ( 'NONE',  ( 0.2270829890987020594, 0.06068710858596206015, 0.8000000000000000444 ) ) ;
#697 = DIRECTION ( 'NONE',  ( -1.000000000000000000, 0.000000000000000000, 0.000000000000000000 ) ) ;
#698 = VERTEX_POINT ( 'NONE', #9285 ) ;
#699 = VECTOR ( 'NONE', #7656, 1000.000000000000000 ) ;
#700 = LINE ( 'NONE', #3942, #6501 ) ;
#701 = VERTEX_POINT ( 'NONE', #1745 ) ;
#702 = EDGE_CURVE ( 'NONE', #9789, #7065, #7133, .T. ) ;
#703 = ORIENTED_EDGE ( 'NONE', *, *, #6684, .F. ) ;
#704 = CARTESIAN_POINT ( 'NONE',  ( -0.3500000000000002554, -2.200000000002190870, 0.8001000000000000334 ) ) ;
#705 = CARTESIAN_POINT ( 'NONE',  ( 0.6744986437564117754, 1.899509615310410293, 0.8001000000000001444 ) ) ;
#706 =( NAMED_UNIT ( * ) SI_UNIT ( $, .STERADIAN. ) SOLID_ANGLE_UNIT ( ) );
#707 = AXIS2_PLACEMENT_3D ( 'NONE', #7281, #2900, #6542 ) ;
#708 = CARTESIAN_POINT ( 'NONE',  ( -0.004305029832269538156, 0.1313321401963997437, 0.8000000000000001554 ) ) ;
#709 = CARTESIAN_POINT ( 'NONE',  ( -0.1100241287123329831, 0.1617986516705078870, 0.8001000000000002554 ) ) ;
#710 = LINE ( 'NONE', #3756, #6133 ) ;
#711 = ORIENTED_EDGE ( 'NONE', *, *, #7924, .F. ) ;
#712 = EDGE_LOOP ( 'NONE', ( #6507, #1811, #5309, #1196 ) ) ;
#713 = VECTOR ( 'NONE', #4573, 1000.000000000000114 ) ;
#714 = DIRECTION ( 'NONE',  ( 1.000000000000000000, 0.000000000000000000, 0.000000000000000000 ) ) ;
#715 = DIRECTION ( 'NONE',  ( 1.000000000000000000, -8.673617379884027583E-16, 0.000000000000000000 ) ) ;
#716 = CARTESIAN_POINT ( 'NONE',  ( -0.09240785256410283255, 0.2608974358833923701, 0.8001000000000000334 ) ) ;
#717 = PLANE ( 'NONE',  #9122 ) ;
#718 = AXIS2_PLACEMENT_3D ( 'NONE', #3118, #4457, #4559 ) ;
#719 = LINE ( 'NONE', #2914, #9424 ) ;
#720 = DIRECTION ( 'NONE',  ( -0.5773502691896273964, -0.5773502691896273964, 0.5773502691896224004 ) ) ;
#721 = EDGE_CURVE ( 'NONE', #1499, #5208, #8477, .T. ) ;
#722 = ORIENTED_EDGE ( 'NONE', *, *, #2644, .F. ) ;
#723 = ORIENTED_EDGE ( 'NONE', *, *, #7830, .T. ) ;
#724 =( GEOMETRIC_REPRESENTATION_CONTEXT ( 3 ) GLOBAL_UNCERTAINTY_ASSIGNED_CONTEXT ( ( #7933 ) ) GLOBAL_UNIT_ASSIGNED_CONTEXT ( ( #7362, #2015, #7412 ) ) REPRESENTATION_CONTEXT ( 'NONE', 'WORKASPACE' ) );
#725 = FACE_OUTER_BOUND ( 'NONE', #3591, .T. ) ;
#726 = CARTESIAN_POINT ( 'NONE',  ( -0.2202214162775048834, 1.673108863837638571, 0.8000999999999999224 ) ) ;
#727 = LINE ( 'NONE', #4414, #2643 ) ;
#728 = CARTESIAN_POINT ( 'NONE',  ( 0.2274786006530231386, 2.122238221774366274, 0.8000000000000000444 ) ) ;
#729 = CARTESIAN_POINT ( 'NONE',  ( -0.3184568321087419274, 0.1382360344024633758, 0.8000999999999999224 ) ) ;
#730 = CARTESIAN_POINT ( 'NONE',  ( -0.3500000000000002554, 2.446794871778500635, 0.8001000000000000334 ) ) ;
#731 = EDGE_LOOP ( 'NONE', ( #7383, #8787, #6667, #2573 ) ) ;
#732 = SURFACE_SIDE_STYLE ('',( #3880 ) ) ;
#733 = DIRECTION ( 'NONE',  ( -1.239088197126291458E-15, -1.000000000000000000, -0.000000000000000000 ) ) ;
#734 = ORIENTED_EDGE ( 'NONE', *, *, #3476, .F. ) ;
#735 = FACE_OUTER_BOUND ( 'NONE', #6605, .T. ) ;
#736 = VECTOR ( 'NONE', #6172, 1000.000000000000000 ) ;
#737 = CARTESIAN_POINT ( 'NONE',  ( 5.849999999999997868, 3.700000000000000622, -3.100000000000000089 ) ) ;
#738 = CARTESIAN_POINT ( 'NONE',  ( -0.2040813161223005157, -0.2208876419566686011, 0.8001000000000001444 ) ) ;
#739 = CARTESIAN_POINT ( 'NONE',  ( 5.849999999999997868, -4.400000000000000355, 1.200000000000002620 ) ) ;
#740 = CARTESIAN_POINT ( 'NONE',  ( 0.1574034558683796714, -0.6174967717801563838, 0.8000999999999998114 ) ) ;
#741 = PRESENTATION_STYLE_ASSIGNMENT (( #8352 ) ) ;
#742 = LINE ( 'NONE', #6623, #382 ) ;
#743 = CARTESIAN_POINT ( 'NONE',  ( 0.3429005966379709558, 0.1977030495335822535, 0.8000000000000003775 ) ) ;
#744 = ADVANCED_FACE ( 'NONE', ( #6358 ), #6217, .T. ) ;
#745 = ORIENTED_EDGE ( 'NONE', *, *, #4837, .T. ) ;
#746 = VECTOR ( 'NONE', #8873, 1000.000000000000000 ) ;
#747 = ORIENTED_EDGE ( 'NONE', *, *, #6625, .F. ) ;
#748 = VERTEX_POINT ( 'NONE', #7379 ) ;
#749 = CARTESIAN_POINT ( 'NONE',  ( -0.3500000000000002554, -1.882692307684061150, 0.8001000000000000334 ) ) ;
#750 = CARTESIAN_POINT ( 'NONE',  ( 0.7499999999999997780, 1.560757211523444488, 0.8001000000000000334 ) ) ;
#751 = FACE_OUTER_BOUND ( 'NONE', #1254, .T. ) ;
#752 = VECTOR ( 'NONE', #3091, 1000.000000000000000 ) ;
#753 = EDGE_CURVE ( 'NONE', #1683, #8928, #9102, .T. ) ;
#754 = EDGE_CURVE ( 'NONE', #8949, #701, #1156, .T. ) ;
#755 = VERTEX_POINT ( 'NONE', #2749 ) ;
#756 = ORIENTED_EDGE ( 'NONE', *, *, #7716, .T. ) ;
#757 = DIRECTION ( 'NONE',  ( 0.000000000000000000, -1.000000000000000000, 0.000000000000000000 ) ) ;
#758 = CARTESIAN_POINT ( 'NONE',  ( 5.849999999999997868, 4.400000000000000355, 2.699999999999997957 ) ) ;
#759 = STYLED_ITEM ( 'NONE', ( #44 ), #5038 ) ;
#760 = SURFACE_STYLE_USAGE ( .BOTH. , #5222 ) ;
#761 = CARTESIAN_POINT ( 'NONE',  ( 0.5624573467179937447, -0.2842812030675017088, 0.8000999999999999224 ) ) ;
#762 = PLANE ( 'NONE',  #6767 ) ;
#763 = FACE_OUTER_BOUND ( 'NONE', #9778, .T. ) ;
#764 = ORIENTED_EDGE ( 'NONE', *, *, #621, .T. ) ;
#765 = UNCERTAINTY_MEASURE_WITH_UNIT (LENGTH_MEASURE( 1.000000000000000082E-05 ), #8693, 'distance_accuracy_value', 'NONE');
#766 = VERTEX_POINT ( 'NONE', #9576 ) ;
#767 = UNCERTAINTY_MEASURE_WITH_UNIT (LENGTH_MEASURE( 1.000000000000000082E-05 ), #1993, 'distance_accuracy_value', 'NONE');
#768 = MECHANICAL_DESIGN_GEOMETRIC_PRESENTATION_REPRESENTATION (  '', ( #2194 ), #9631 ) ;
#769 = CIRCLE ( 'NONE', #5877, 0.6499999999999995781 ) ;
#770 = PLANE ( 'NONE',  #9190 ) ;
#771 = B_SPLINE_CURVE_WITH_KNOTS ( 'NONE', 3,
 ( #2628, #8459, #1771, #245, #9361, #2583, #3248, #3301, #6246, #3993, #8630, #149, #9223, #2436, #4891 ),
 .UNSPECIFIED., .F., .F.,
 ( 4, 1, 1, 1, 1, 1, 1, 1, 1, 1, 1, 1, 4 ),
 ( 0.000000000000000000, 0.09468590087395960253, 0.1819915590225712199, 0.2643731764917001126, 0.3416388458246975568, 0.4185576903714563479, 0.4964480435291884763, 0.5773069060618141179, 0.6614472063770033827, 0.7466679488088040495, 0.8313674585685808527, 0.9152068260562370439, 1.000000000000000000 ),
 .UNSPECIFIED. ) ;
#772 = EDGE_CURVE ( 'NONE', #4492, #6537, #5853, .T. ) ;
#773 = CARTESIAN_POINT ( 'NONE',  ( 5.649999999999995026, 1.000000000000000444, -9.000000000000001776 ) ) ;
#774 = CARTESIAN_POINT ( 'NONE',  ( 5.849999999999997868, 1.700000000000000178, -8.799999999999997158 ) ) ;
#775 = CARTESIAN_POINT ( 'NONE',  ( 0.3320745332614836731, 2.113266904162356852, 0.8000000000000000444 ) ) ;
#776 = CARTESIAN_POINT ( 'NONE',  ( -0.3777716558424283333, -0.04601916935455058894, 0.8000999999999999224 ) ) ;
#777 = CARTESIAN_POINT ( 'NONE',  ( 0.5441557345149643510, -0.2952115718175047920, 0.8001000000000000334 ) ) ;
#778 = ORIENTED_EDGE ( 'NONE', *, *, #6962, .T. ) ;
#779 = FILL_AREA_STYLE ('',( #3134 ) ) ;
#780 = ORIENTED_EDGE ( 'NONE', *, *, #9785, .T. ) ;
#781 = MECHANICAL_DESIGN_GEOMETRIC_PRESENTATION_REPRESENTATION (  '', ( #1572 ), #8403 ) ;
#782 = DIRECTION ( 'NONE',  ( -0.000000000000000000, -0.000000000000000000, 1.000000000000000000 ) ) ;
#783 = CARTESIAN_POINT ( 'NONE',  ( -0.2304287739064110330, -0.1891575095001161722, 0.8000999999999998114 ) ) ;
#784 = FACE_OUTER_BOUND ( 'NONE', #5588, .T. ) ;
#785 = CARTESIAN_POINT ( 'NONE',  ( 0.2493859187901470709, 0.2674349316933752885, 0.8001000000000001444 ) ) ;
#786 = DIRECTION ( 'NONE',  ( 1.000000000000000000, 0.000000000000000000, 0.000000000000000000 ) ) ;
#787 = VECTOR ( 'NONE', #9307, 1000.000000000000000 ) ;
#788 =( LENGTH_UNIT ( ) NAMED_UNIT ( * ) SI_UNIT ( .MILLI., .METRE. ) );
#789 = CARTESIAN_POINT ( 'NONE',  ( 0.6574014666268979123, -0.1394810751387762782, 0.8000000000000001554 ) ) ;
#790 = EDGE_LOOP ( 'NONE', ( #8599, #7247, #225, #9431 ) ) ;
#791 =( NAMED_UNIT ( * ) PLANE_ANGLE_UNIT ( ) SI_UNIT ( $, .RADIAN. ) );
#792 = ORIENTED_EDGE ( 'NONE', *, *, #2303, .T. ) ;
#793 = VECTOR ( 'NONE', #8648, 1000.000000000000000 ) ;
#794 = ORIENTED_EDGE ( 'NONE', *, *, #1998, .F. ) ;
#795 = ADVANCED_FACE ( 'NONE', ( #5117 ), #2032, .F. ) ;
#796 = FILL_AREA_STYLE_COLOUR ( '', #4637 ) ;
#797 = VECTOR ( 'NONE', #6565, 1000.000000000000000 ) ;
#798 = CARTESIAN_POINT ( 'NONE',  ( 0.7049117894394835160, 1.842677868994676782, 0.8000999999999999224 ) ) ;
#799 = CARTESIAN_POINT ( 'NONE',  ( -0.3739540360331237157, -0.1182255325112554489, 0.8001000000000001444 ) ) ;
#800 =( NAMED_UNIT ( * ) PLANE_ANGLE_UNIT ( ) SI_UNIT ( $, .RADIAN. ) );
#801 = CARTESIAN_POINT ( 'NONE',  ( 0.5437162966514504925, -0.6875840499520594618, 0.8000999999999998114 ) ) ;
#802 = VECTOR ( 'NONE', #3308, 999.9999999999998863 ) ;
#803 = VERTEX_POINT ( 'NONE', #4966 ) ;
#804 = ORIENTED_EDGE ( 'NONE', *, *, #5084, .T. ) ;
#805 = AXIS2_PLACEMENT_3D ( 'NONE', #1454, #2305, #2252 ) ;
#806 = CARTESIAN_POINT ( 'NONE',  ( -0.2584462284522496267, 0.007975776819264385892, 0.8000000000000004885 ) ) ;
#807 = ORIENTED_EDGE ( 'NONE', *, *, #5638, .T. ) ;
#808 = DIRECTION ( 'NONE',  ( -1.000000000000000000, 0.000000000000000000, 0.000000000000000000 ) ) ;
#809 = EDGE_CURVE ( 'NONE', #5614, #5827, #1936, .T. ) ;
#810 = STYLED_ITEM ( 'NONE', ( #1696 ), #6695 ) ;
#811 = DIRECTION ( 'NONE',  ( 1.000000000000000000, 0.000000000000000000, 0.000000000000000000 ) ) ;
#812 =( NAMED_UNIT ( * ) PLANE_ANGLE_UNIT ( ) SI_UNIT ( $, .RADIAN. ) );
#813 = DIRECTION ( 'NONE',  ( 0.000000000000000000, 0.000000000000000000, -1.000000000000000000 ) ) ;
#814 = LINE ( 'NONE', #9788, #3903 ) ;
#815 = EDGE_LOOP ( 'NONE', ( #972, #8479, #1703, #1884 ) ) ;
#816 = VERTEX_POINT ( 'NONE', #4349 ) ;
#817 = STYLED_ITEM ( 'NONE', ( #741 ), #7253 ) ;
#818 = ADVANCED_FACE ( 'NONE', ( #8028 ), #4249, .T. ) ;
#819 = CARTESIAN_POINT ( 'NONE',  ( -0.2254399731113726213, 1.637086959731255398, 0.8000000000000002665 ) ) ;
#820 =( NAMED_UNIT ( * ) PLANE_ANGLE_UNIT ( ) SI_UNIT ( $, .RADIAN. ) );
#821 = CARTESIAN_POINT ( 'NONE',  ( -0.1954854003615344726, 1.767045992971785884, 0.8000999999999999224 ) ) ;
#822 = LINE ( 'NONE', #2317, #9297 ) ;
#823 = PRESENTATION_LAYER_ASSIGNMENT (  '', '', ( #1921 ) ) ;
#824 = CARTESIAN_POINT ( 'NONE',  ( -0.3395728448168258695, 0.1026530984436353766, 0.8000999999999999224 ) ) ;
#825 =( LENGTH_UNIT ( ) NAMED_UNIT ( * ) SI_UNIT ( .MILLI., .METRE. ) );
#826 = ORIENTED_EDGE ( 'NONE', *, *, #1820, .F. ) ;
#827 = FILL_AREA_STYLE_COLOUR ( '', #4409 ) ;
#828 = FILL_AREA_STYLE ('',( #1918 ) ) ;
#829 = ORIENTED_EDGE ( 'NONE', *, *, #2400, .F. ) ;
#830 = SURFACE_STYLE_FILL_AREA ( #5448 ) ;
#831 =( NAMED_UNIT ( * ) SI_UNIT ( $, .STERADIAN. ) SOLID_ANGLE_UNIT ( ) );
#832 = LINE ( 'NONE', #6333, #1121 ) ;
#833 =( NAMED_UNIT ( * ) PLANE_ANGLE_UNIT ( ) SI_UNIT ( $, .RADIAN. ) );
#834 = CARTESIAN_POINT ( 'NONE',  ( 0.6356355649901440641, 1.548069215115791986, 0.8000000000000002665 ) ) ;
#835 = LINE ( 'NONE', #6369, #2407 ) ;
#836 = SURFACE_STYLE_USAGE ( .BOTH. , #3143 ) ;
#837 = DIRECTION ( 'NONE',  ( -0.000000000000000000, -0.000000000000000000, 1.000000000000000000 ) ) ;
#838 = B_SPLINE_SURFACE_WITH_KNOTS ( 'NONE', 3, 1, ( 
 ( #3677, #9794 ),
 ( #6705, #9056 ),
 ( #6119, #5332 ),
 ( #8242, #3822 ),
 ( #9643, #1411 ),
 ( #7493, #3020 ),
 ( #3723, #8335 ),
 ( #1515, #4567 ),
 ( #7590, #580 ),
 ( #6860, #36 ),
 ( #2313, #6655 ),
 ( #6297, #8592 ),
 ( #7018, #7677 ),
 ( #6251, #303 ),
 ( #1728, #9269 ),
 ( #9179, #1639 ),
 ( #7861, #3944 ),
 ( #9318, #1778 ),
 ( #7773, #2488 ),
 ( #6198, #8408 ),
 ( #4842, #3353 ),
 ( #105, #6385 ),
 ( #7815, #1033 ),
 ( #6973, #5512 ),
 ( #6927, #4799 ),
 ( #8463, #9366 ),
 ( #6343, #155 ) ),
 .UNSPECIFIED., .F., .F., .F.,
 ( 4, 1, 1, 1, 1, 1, 1, 1, 1, 1, 1, 1, 1, 1, 1, 1, 1, 1, 1, 1, 1, 1, 1, 1, 4 ),
 ( 2, 2 ),
 ( 0.000000000000000000, 0.04608377754194806220, 0.09081289696262803690, 0.1343042879808945267, 0.1770362722268302991, 0.2188374268542870038, 0.2602615907981604138, 0.3011000835602821168, 0.3416368324483720076, 0.3816090405269682573, 0.4201478008723693591, 0.4579096607349633641, 0.4947607013525771036, 0.5312192845390139029, 0.5669607598480360666, 0.6027421145655926793, 0.6382320180154549272, 0.6747611133765479829, 0.7133778281073238636, 0.7544253154851253695, 0.7978017847299845311, 0.8439789806525881399, 0.8930643900142397618, 0.9449596506617459202, 1.000000000000000000 ),
 ( 0.000000000000000000, 1.000000000000000000 ),
 .UNSPECIFIED. ) ;
#839 = CARTESIAN_POINT ( 'NONE',  ( 0.6619611817675564724, -0.1145744929566331477, 0.7999999999999999334 ) ) ;
#840 = EDGE_CURVE ( 'NONE', #247, #104, #8225, .T. ) ;
#841 = ORIENTED_EDGE ( 'NONE', *, *, #9140, .T. ) ;
#842 = EDGE_LOOP ( 'NONE', ( #3327, #4865, #78, #7344 ) ) ;
#843 = MECHANICAL_DESIGN_GEOMETRIC_PRESENTATION_REPRESENTATION (  '', ( #5517 ), #2616 ) ;
#844 = ORIENTED_EDGE ( 'NONE', *, *, #1766, .F. ) ;
#845 = CARTESIAN_POINT ( 'NONE',  ( -0.2640932104815100212, -0.09604316400162961342, 0.8000999999999999224 ) ) ;
#846 = SURFACE_STYLE_USAGE ( .BOTH. , #3101 ) ;
#847 = CARTESIAN_POINT ( 'NONE',  ( 0.7421666843823886417, 1.697683290822443514, 0.8000999999999997003 ) ) ;
#848 = CARTESIAN_POINT ( 'NONE',  ( 0.7499999999999997780, 1.219871794856777880, 0.8000000000000000444 ) ) ;
#849 = CARTESIAN_POINT ( 'NONE',  ( 0.6115113256300519495, 1.751317275927760431, 0.7999999999999998224 ) ) ;
#850 = SURFACE_STYLE_FILL_AREA ( #6256 ) ;
#851 = EDGE_LOOP ( 'NONE', ( #7672, #4102, #8407, #9630 ) ) ;
#852 = FILL_AREA_STYLE ('',( #9236 ) ) ;
#853 = EDGE_LOOP ( 'NONE', ( #1008, #5133, #9329, #4828 ) ) ;
#854 = CARTESIAN_POINT ( 'NONE',  ( 0.6918904344913632265, -1.152817900487475455, 0.8000000000000000444 ) ) ;
#855 = VECTOR ( 'NONE', #8960, 1000.000000000000000 ) ;
#856 = FACE_BOUND ( 'NONE', #5423, .T. ) ;
#857 = VECTOR ( 'NONE', #4051, 1000.000000000000000 ) ;
#858 = CARTESIAN_POINT ( 'NONE',  ( 0.6058894230769229505, -0.2452524038601973932, 0.8001000000000001444 ) ) ;
#859 = LINE ( 'NONE', #7134, #7978 ) ;
#860 =( NAMED_UNIT ( * ) SI_UNIT ( $, .STERADIAN. ) SOLID_ANGLE_UNIT ( ) );
#861 = LINE ( 'NONE', #3919, #2627 ) ;
#862 = LINE ( 'NONE', #6945, #8332 ) ;
#863 = ADVANCED_FACE ( 'NONE', ( #5213 ), #1340, .T. ) ;
#864 = ORIENTED_EDGE ( 'NONE', *, *, #9411, .F. ) ;
#865 = VECTOR ( 'NONE', #3361, 1000.000000000000000 ) ;
#866 = ORIENTED_EDGE ( 'NONE', *, *, #5476, .T. ) ;
#867 = CARTESIAN_POINT ( 'NONE',  ( 0.6117478922792668472, -1.080621960768096468, 0.8000999999999999224 ) ) ;
#868 = LINE ( 'NONE', #9295, #5752 ) ;
#869 = STYLED_ITEM ( 'NONE', ( #4876 ), #2039 ) ;
#870 = LINE ( 'NONE', #1665, #9441 ) ;
#871 = CARTESIAN_POINT ( 'NONE',  ( 0.6371794871794869142, 1.036538461539389555, 0.8001000000000000334 ) ) ;
#872 = CARTESIAN_POINT ( 'NONE',  ( 0.03076923076923048297, -0.8891225961331233885, 0.8001000000000000334 ) ) ;
#873 = CARTESIAN_POINT ( 'NONE',  ( 0.6597107811623225126, -0.9781419945059427468, 0.8000999999999998114 ) ) ;
#874 = EDGE_CURVE ( 'NONE', #6178, #8830, #6788, .T. ) ;
#875 = ORIENTED_EDGE ( 'NONE', *, *, #6361, .F. ) ;
#876 = EDGE_CURVE ( 'NONE', #5763, #257, #3216, .T. ) ;
#877 = DIRECTION ( 'NONE',  ( -0.5773502691896238437, 0.5773502691896247319, -0.5773502691896288397 ) ) ;
#878 = VECTOR ( 'NONE', #7991, 1000.000000000000000 ) ;
#879 = CARTESIAN_POINT ( 'NONE',  ( 0.2162436337936217978, 0.01977600939684957468, 0.8001000000000002554 ) ) ;
#880 = PRESENTATION_STYLE_ASSIGNMENT (( #1717 ) ) ;
#881 = DIRECTION ( 'NONE',  ( -0.000000000000000000, -0.000000000000000000, 1.000000000000000000 ) ) ;
#882 = DIRECTION ( 'NONE',  ( 0.000000000000000000, -0.000000000000000000, -1.000000000000000000 ) ) ;
#883 =( NAMED_UNIT ( * ) PLANE_ANGLE_UNIT ( ) SI_UNIT ( $, .RADIAN. ) );
#884 =( NAMED_UNIT ( * ) PLANE_ANGLE_UNIT ( ) SI_UNIT ( $, .RADIAN. ) );
#885 = LINE ( 'NONE', #2567, #5458 ) ;
#886 = VECTOR ( 'NONE', #6504, 1000.000000000000000 ) ;
#887 = CARTESIAN_POINT ( 'NONE',  ( 0.2277644230769228784, 0.2516426281910846829, 0.8000000000000001554 ) ) ;
#888 = SURFACE_SIDE_STYLE ('',( #5506 ) ) ;
#889 =( LENGTH_UNIT ( ) NAMED_UNIT ( * ) SI_UNIT ( .MILLI., .METRE. ) );
#890 = ORIENTED_EDGE ( 'NONE', *, *, #2175, .T. ) ;
#891 =( LENGTH_UNIT ( ) NAMED_UNIT ( * ) SI_UNIT ( .MILLI., .METRE. ) );
#892 = PRESENTATION_LAYER_ASSIGNMENT (  '', '', ( #4736 ) ) ;
#893 = CARTESIAN_POINT ( 'NONE',  ( -0.1745726535986075467, -0.2457684436650821591, 0.8001000000000000334 ) ) ;
#894 = B_SPLINE_CURVE_WITH_KNOTS ( 'NONE', 3,
 ( #1036, #6387, #7217, #8508, #3256, #7069, #9416, #9319, #3309, #2635, #400, #252, #2591, #3456, #9229 ),
 .UNSPECIFIED., .F., .F.,
 ( 4, 1, 1, 1, 1, 1, 1, 1, 1, 1, 1, 1, 4 ),
 ( 0.000000000000000000, 0.07964144191068081580, 0.1589080899235496835, 0.2395990092435750507, 0.3225818493691031685, 0.4059999240003185350, 0.4878426189320848039, 0.5696755987062974702, 0.6530199912508025673, 0.7374123484958471364, 0.8225584522802630305, 0.9097553709506378539, 1.000000000000000000 ),
 .UNSPECIFIED. ) ;
#895 = EDGE_CURVE ( 'NONE', #3414, #3151, #3802, .T. ) ;
#896 = DIRECTION ( 'NONE',  ( 1.000000000000000000, 0.000000000000000000, 0.000000000000000000 ) ) ;
#897 = FACE_OUTER_BOUND ( 'NONE', #9603, .T. ) ;
#898 = FILL_AREA_STYLE ('',( #6255 ) ) ;
#899 = SURFACE_SIDE_STYLE ('',( #8554 ) ) ;
#900 = VECTOR ( 'NONE', #3606, 1000.000000000000000 ) ;
#901 = ORIENTED_EDGE ( 'NONE', *, *, #8013, .F. ) ;
#902 = VERTEX_POINT ( 'NONE', #3754 ) ;
#903 = SURFACE_STYLE_USAGE ( .BOTH. , #8473 ) ;
#904 = ORIENTED_EDGE ( 'NONE', *, *, #1181, .F. ) ;
#905 = VECTOR ( 'NONE', #6479, 1000.000000000000000 ) ;
#906 = SURFACE_STYLE_USAGE ( .BOTH. , #4766 ) ;
#907 =( NAMED_UNIT ( * ) PLANE_ANGLE_UNIT ( ) SI_UNIT ( $, .RADIAN. ) );
#908 = CARTESIAN_POINT ( 'NONE',  ( 0.2884913143857880669, -0.6593532216919431033, 0.8000000000000001554 ) ) ;
#909 = LINE ( 'NONE', #2557, #7723 ) ;
#910 = ORIENTED_EDGE ( 'NONE', *, *, #2411, .F. ) ;
#911 = ORIENTED_EDGE ( 'NONE', *, *, #2161, .T. ) ;
#912 = VECTOR ( 'NONE', #7630, 1000.000000000000000 ) ;
#913 = CARTESIAN_POINT ( 'NONE',  ( -0.2371226063914762816, 1.414885078223534265, 0.7999999999999999334 ) ) ;
#914 = ADVANCED_FACE ( 'NONE', ( #2183 ), #8934, .F. ) ;
#915 = B_SPLINE_SURFACE_WITH_KNOTS ( 'NONE', 3, 1, ( 
 ( #3994, #1084 ),
 ( #2484, #4186 ),
 ( #4140, #1681 ),
 ( #299, #1135 ),
 ( #3402, #7211 ),
 ( #6430, #3203 ),
 ( #5508, #8504 ),
 ( #7015, #4747 ),
 ( #200, #9265 ),
 ( #3351, #5554 ),
 ( #8543, #4838 ),
 ( #7809, #1031 ),
 ( #1773, #985 ),
 ( #246, #3302 ),
 ( #9315, #2531 ),
 ( #4374, #7262 ),
 ( #4231, #5881 ),
 ( #2110, #2729 ),
 ( #4280, #440 ) ),
 .UNSPECIFIED., .F., .F., .F.,
 ( 4, 1, 1, 1, 1, 1, 1, 1, 1, 1, 1, 1, 1, 1, 1, 1, 4 ),
 ( 2, 2 ),
 ( 0.000000000000000000, 0.06690662416583222083, 0.1334803302886845011, 0.2010274204765033212, 0.2716344039337291183, 0.3429051402498357048, 0.4138585693313771574, 0.4859962999893173152, 0.5602463926947398587, 0.5998994981200210797, 0.6440684660542881357, 0.6919037266803907960, 0.7446972984313615651, 0.8014993745281397963, 0.8628629483475627193, 0.9293310848693625559, 1.000000000000000000 ),
 ( 0.000000000000000000, 1.000000000000000000 ),
 .UNSPECIFIED. ) ;
#916 = DIRECTION ( 'NONE',  ( -6.133173666733517260E-16, -0.7071067811865505703, 0.7071067811865444641 ) ) ;
#917 = PRESENTATION_STYLE_ASSIGNMENT (( #3285 ) ) ;
#918 = CARTESIAN_POINT ( 'NONE',  ( -0.05419892191655484998, 1.947410422711722378, 0.8000999999999998114 ) ) ;
#919 = PRESENTATION_STYLE_ASSIGNMENT (( #7752 ) ) ;
#920 = CARTESIAN_POINT ( 'NONE',  ( 0.4326923076923074873, 0.2185897435757000740, 0.8000000000000004885 ) ) ;
#921 = CARTESIAN_POINT ( 'NONE',  ( 0.6645040255077026004, -0.9496659634272131001, 0.8001000000000001444 ) ) ;
#922 = EDGE_LOOP ( 'NONE', ( #9387, #6275, #7842, #5919 ) ) ;
#923 = MECHANICAL_DESIGN_GEOMETRIC_PRESENTATION_REPRESENTATION (  '', ( #7123 ), #5412 ) ;
#924 = AXIS2_PLACEMENT_3D ( 'NONE', #8399, #1586, #53 ) ;
#925 = PLANE ( 'NONE',  #7430 ) ;
#926 = CARTESIAN_POINT ( 'NONE',  ( 0.6322437956706503659, -0.2067614613911617494, 0.8001000000000000334 ) ) ;
#927 = LINE ( 'NONE', #2376, #8105 ) ;
#928 = EDGE_CURVE ( 'NONE', #6540, #6014, #4496, .T. ) ;
#929 = PRESENTATION_STYLE_ASSIGNMENT (( #8672 ) ) ;
#930 = EDGE_CURVE ( 'NONE', #6105, #498, #4034, .T. ) ;
#931 = CARTESIAN_POINT ( 'NONE',  ( -0.3777716558424283333, -0.04601916935455058894, 0.8000999999999999224 ) ) ;
#932 = VECTOR ( 'NONE', #9317, 1000.000000000000000 ) ;
#933 = STYLED_ITEM ( 'NONE', ( #1369 ), #4279 ) ;
#934 = PRESENTATION_STYLE_ASSIGNMENT (( #3399 ) ) ;
#935 = CARTESIAN_POINT ( 'NONE',  ( 0.1338942307692305156, 0.1324318910115975245, 0.8000000000000001554 ) ) ;
#936 = CARTESIAN_POINT ( 'NONE',  ( -0.3500000000000002554, -0.5852564102356874187, 0.8001000000000000334 ) ) ;
#937 = CARTESIAN_POINT ( 'NONE',  ( 5.616666666666662699, -1.466666666666665231, 2.933333333333330906 ) ) ;
#938 = VERTEX_POINT ( 'NONE', #7727 ) ;
#939 = PLANE ( 'NONE',  #616 ) ;
#940 = DIRECTION ( 'NONE',  ( -0.000000000000000000, -0.000000000000000000, -1.000000000000000000 ) ) ;
#941 = ADVANCED_FACE ( 'NONE', ( #3904, #5418 ), #254, .T. ) ;
#942 = CARTESIAN_POINT ( 'NONE',  ( 5.849999999999997868, -3.699999999999999289, 2.699999999999997957 ) ) ;
#943 = CARTESIAN_POINT ( 'NONE',  ( 0.5598829675598563371, 0.1755113142408572247, 0.8000000000000002665 ) ) ;
#944 = CARTESIAN_POINT ( 'NONE',  ( 4.599999999999997868, -5.249999999999999112, -3.100000000000000089 ) ) ;
#945 = AXIS2_PLACEMENT_3D ( 'NONE', #617, #1505, #3811 ) ;
#946 = DIRECTION ( 'NONE',  ( 0.000000000000000000, 0.000000000000000000, -1.000000000000000000 ) ) ;
#947 = FILL_AREA_STYLE_COLOUR ( '', #5153 ) ;
#948 = ORIENTED_EDGE ( 'NONE', *, *, #125, .F. ) ;
#949 = ORIENTED_EDGE ( 'NONE', *, *, #5407, .F. ) ;
#950 = COLOUR_RGB ( '',0.9254901960784314152, 0.9254901960784314152, 0.9254901960784314152 ) ;
#951 = DIRECTION ( 'NONE',  ( 1.000000000000000000, 0.000000000000000000, 0.000000000000000000 ) ) ;
#952 = ORIENTED_EDGE ( 'NONE', *, *, #4184, .T. ) ;
#953 = FILL_AREA_STYLE_COLOUR ( '', #2113 ) ;
#954 =( NAMED_UNIT ( * ) PLANE_ANGLE_UNIT ( ) SI_UNIT ( $, .RADIAN. ) );
#955 = FACE_BOUND ( 'NONE', #2126, .T. ) ;
#956 = VECTOR ( 'NONE', #6672, 1000.000000000000000 ) ;
#957 = PLANE ( 'NONE',  #552 ) ;
#958 = CARTESIAN_POINT ( 'NONE',  ( -0.3500000000000002554, 2.446794871778500635, 0.8001000000000000334 ) ) ;
#959 = VECTOR ( 'NONE', #2564, 1000.000000000000000 ) ;
#960 = DIRECTION ( 'NONE',  ( -0.5773502691896240657, -0.5773502691896240657, -0.5773502691896290617 ) ) ;
#961 = EDGE_LOOP ( 'NONE', ( #6190, #151, #6130, #3654 ) ) ;
#962 = UNCERTAINTY_MEASURE_WITH_UNIT (LENGTH_MEASURE( 1.000000000000000082E-05 ), #1844, 'distance_accuracy_value', 'NONE');
#963 = ORIENTED_EDGE ( 'NONE', *, *, #7428, .T. ) ;
#964 = EDGE_CURVE ( 'NONE', #510, #6442, #161, .T. ) ;
#965 = CARTESIAN_POINT ( 'NONE',  ( 0.03276328678314199827, 0.09042622568653789494, 0.8000000000000001554 ) ) ;
#966 = DIRECTION ( 'NONE',  ( -1.000000000000000000, 8.673617379884027583E-16, 0.000000000000000000 ) ) ;
#967 = CARTESIAN_POINT ( 'NONE',  ( -0.2370130126990485919, 1.451399588863069079, 0.8001000000000002554 ) ) ;
#968 = CARTESIAN_POINT ( 'NONE',  ( 0.7499999999999997780, 3.088461538445167243, 0.8001000000000000334 ) ) ;
#969 = DIRECTION ( 'NONE',  ( 0.000000000000000000, 1.000000000000000000, 0.000000000000000000 ) ) ;
#970 = CARTESIAN_POINT ( 'NONE',  ( 0.5405997068568011432, 0.1889076364200890090, 0.8001000000000001444 ) ) ;
#971 = CARTESIAN_POINT ( 'NONE',  ( 0.1525627907582407516, -0.8234439785605359718, 0.8000999999999999224 ) ) ;
#972 = ORIENTED_EDGE ( 'NONE', *, *, #6124, .F. ) ;
#973 = STYLED_ITEM ( 'NONE', ( #6675 ), #7195 ) ;
#974 = EDGE_CURVE ( 'NONE', #3835, #4291, #6303, .T. ) ;
#975 = PRESENTATION_STYLE_ASSIGNMENT (( #1073 ) ) ;
#976 = CARTESIAN_POINT ( 'NONE',  ( -0.2330036141170959973, 0.2201134580402644148, 0.8001000000000002554 ) ) ;
#977 = PRESENTATION_LAYER_ASSIGNMENT (  '', '', ( #4983 ) ) ;
#978 = CARTESIAN_POINT ( 'NONE',  ( 0.6695765428646324180, -1.174445788044391481, 0.8000999999999999224 ) ) ;
#979 = B_SPLINE_CURVE_WITH_KNOTS ( 'NONE', 3,
 ( #3491, #2819, #5925, #4178, #9447, #8857, #1175, #4367, #7203, #581, #5777 ),
 .UNSPECIFIED., .F., .F.,
 ( 4, 1, 1, 1, 1, 1, 1, 1, 4 ),
 ( 0.000000000000000000, 0.1642892164747617734, 0.3174059112304907226, 0.4588436116410198884, 0.5893665423053094932, 0.7078313187781722915, 0.8157700306990043337, 0.9128799029021257283, 1.000000000000000000 ),
 .UNSPECIFIED. ) ;
#980 = PRESENTATION_STYLE_ASSIGNMENT (( #4083 ) ) ;
#981 = CARTESIAN_POINT ( 'NONE',  ( 0.1980241045593505445, 0.2276855179913926108, 0.8000000000000003775 ) ) ;
#982 = CARTESIAN_POINT ( 'NONE',  ( -0.3500000000000002554, 0.6134615384624666490, 0.8001000000000000334 ) ) ;
#983 = ADVANCED_FACE ( 'NONE', ( #5606 ), #3156, .T. ) ;
#984 = COLOUR_RGB ( '',1.000000000000000000, 1.000000000000000000, 1.000000000000000000 ) ;
#985 = CARTESIAN_POINT ( 'NONE',  ( 0.2162436337936217978, 0.01977600939684957468, 0.8000000000000005995 ) ) ;
#986 = ORIENTED_EDGE ( 'NONE', *, *, #6027, .T. ) ;
#987 = CARTESIAN_POINT ( 'NONE',  ( 0.1999999999999997613, -1.149358974338251738, 0.8001000000000000334 ) ) ;
#988 = CARTESIAN_POINT ( 'NONE',  ( -0.2304287739064110330, -0.1891575095001161722, 0.8000999999999998114 ) ) ;
#989 = DIRECTION ( 'NONE',  ( 0.7071067811865505703, -0.000000000000000000, -0.7071067811865444641 ) ) ;
#990 = CARTESIAN_POINT ( 'NONE',  ( 5.849999999999997868, 4.400000000000000355, 2.900000000000000355 ) ) ;
#991 = CARTESIAN_POINT ( 'NONE',  ( 5.049999999999999822, -1.499999999999995781, 2.900000000000000355 ) ) ;
#992 = CARTESIAN_POINT ( 'NONE',  ( 0.6304759316063840435, 1.635440928387343673, 0.8000000000000000444 ) ) ;
#993 = CARTESIAN_POINT ( 'NONE',  ( -1.599999999999999645, 4.549999999999998934, 0.8000000000000000444 ) ) ;
#994 =( NAMED_UNIT ( * ) PLANE_ANGLE_UNIT ( ) SI_UNIT ( $, .RADIAN. ) );
#995 = VERTEX_POINT ( 'NONE', #6204 ) ;
#996 = EDGE_CURVE ( 'NONE', #247, #6843, #8468, .T. ) ;
#997 = EDGE_LOOP ( 'NONE', ( #1549, #4929, #6628, #6043 ) ) ;
#998 = CARTESIAN_POINT ( 'NONE',  ( 0.4921146049427735925, -0.4225002419900971695, 0.7999999999999998224 ) ) ;
#999 = ORIENTED_EDGE ( 'NONE', *, *, #7993, .T. ) ;
#1000 = CARTESIAN_POINT ( 'NONE',  ( 6.750000000000000000, -5.400000000000000355, 0.8000000000000000444 ) ) ;
#1001 = FACE_OUTER_BOUND ( 'NONE', #178, .T. ) ;
#1002 = FACE_BOUND ( 'NONE', #2157, .T. ) ;
#1003 = PRESENTATION_STYLE_ASSIGNMENT (( #7034 ) ) ;
#1004 =( GEOMETRIC_REPRESENTATION_CONTEXT ( 3 ) GLOBAL_UNCERTAINTY_ASSIGNED_CONTEXT ( ( #8797 ) ) GLOBAL_UNIT_ASSIGNED_CONTEXT ( ( #2892, #597, #5943 ) ) REPRESENTATION_CONTEXT ( 'NONE', 'WORKASPACE' ) );
#1005 = CARTESIAN_POINT ( 'NONE',  ( 5.649999999999995026, 3.700000000000000622, -9.000000000000001776 ) ) ;
#1006 = CARTESIAN_POINT ( 'NONE',  ( 0.1338942307692305433, 0.1324318910115975523, 0.8000000000000001554 ) ) ;
#1007 = CARTESIAN_POINT ( 'NONE',  ( 0.4117436787608110271, 1.984249014089753294, 0.7999999999999999334 ) ) ;
#1008 = ORIENTED_EDGE ( 'NONE', *, *, #9105, .F. ) ;
#1009 = ORIENTED_EDGE ( 'NONE', *, *, #7763, .F. ) ;
#1010 = MECHANICAL_DESIGN_GEOMETRIC_PRESENTATION_REPRESENTATION (  '', ( #9718 ), #7214 ) ;
#1011 = VECTOR ( 'NONE', #9398, 1000.000000000000114 ) ;
#1012 = CARTESIAN_POINT ( 'NONE',  ( 0.4679487179487177295, -1.163461538440815568, 0.8001000000000000334 ) ) ;
#1013 = DIRECTION ( 'NONE',  ( -1.000000000000000000, -0.000000000000000000, -0.000000000000000000 ) ) ;
#1014 = CARTESIAN_POINT ( 'NONE',  ( -0.2371794871794874193, 1.395933493574726514, 0.8001000000000000334 ) ) ;
#1015 = CARTESIAN_POINT ( 'NONE',  ( 0.7499999999999997780, 2.446794871778500635, 0.8000000000000000444 ) ) ;
#1016 = EDGE_CURVE ( 'NONE', #2321, #6262, #7712, .T. ) ;
#1017 = STYLED_ITEM ( 'NONE', ( #6001 ), #1753 ) ;
#1018 = VECTOR ( 'NONE', #6115, 1000.000000000000000 ) ;
#1019 = CARTESIAN_POINT ( 'NONE',  ( 0.6387582638732798301, 0.07726805704175186695, 0.8000000000000008216 ) ) ;
#1020 = LINE ( 'NONE', #6461, #8774 ) ;
#1021 = ORIENTED_EDGE ( 'NONE', *, *, #3518, .T. ) ;
#1022 = VERTEX_POINT ( 'NONE', #9418 ) ;
#1023 = SURFACE_SIDE_STYLE ('',( #1814 ) ) ;
#1024 = COLOUR_RGB ( '',0.9254901960784314152, 0.9254901960784314152, 0.9254901960784314152 ) ;
#1025 = DIRECTION ( 'NONE',  ( -1.239088197126290669E-15, -1.000000000000000000, 0.000000000000000000 ) ) ;
#1026 = CARTESIAN_POINT ( 'NONE',  ( -0.3350927906751083318, 1.689813104603666849, 0.8000000000000002665 ) ) ;
#1027 = CARTESIAN_POINT ( 'NONE',  ( 4.849999999999997868, 4.400000000000000355, 2.699999999999997957 ) ) ;
#1028 =( NAMED_UNIT ( * ) SI_UNIT ( $, .STERADIAN. ) SOLID_ANGLE_UNIT ( ) );
#1029 = PLANE ( 'NONE',  #9402 ) ;
#1030 = CARTESIAN_POINT ( 'NONE',  ( 6.750000000000000000, -5.400000000000000355, 0.8000000000000000444 ) ) ;
#1031 = CARTESIAN_POINT ( 'NONE',  ( 0.2212136069781613368, 0.04138527029665178131, 0.8000000000000003775 ) ) ;
#1032 = CARTESIAN_POINT ( 'NONE',  ( 0.1469230143240197739, -0.9601062172386961580, 0.7999999999999998224 ) ) ;
#1033 = CARTESIAN_POINT ( 'NONE',  ( 0.7421666843823886417, 1.697683290822443514, 0.8000000000000000444 ) ) ;
#1034 = VECTOR ( 'NONE', #6557, 1000.000000000000000 ) ;
#1035 = EDGE_CURVE ( 'NONE', #4354, #528, #1144, .T. ) ;
#1036 = CARTESIAN_POINT ( 'NONE',  ( 0.4232171474358971675, 0.3173076922936488020, 0.8001000000000000334 ) ) ;
#1037 = FILL_AREA_STYLE_COLOUR ( '', #7666 ) ;
#1038 = CARTESIAN_POINT ( 'NONE',  ( -0.1494025513351472378, 2.012142382683570929, 0.8000000000000001554 ) ) ;
#1039 = CARTESIAN_POINT ( 'NONE',  ( 0.6574014666268979123, -0.1394810751387762782, 0.8000000000000002665 ) ) ;
#1040 = CARTESIAN_POINT ( 'NONE',  ( 0.2191706730769230616, 2.446794871778500635, 0.8000000000000000444 ) ) ;
#1041 = CARTESIAN_POINT ( 'NONE',  ( -5.250000000000000000, 1.499999999999999112, -0.8000000000000000444 ) ) ;
#1042 = EDGE_LOOP ( 'NONE', ( #6373, #7016, #4049, #9044 ) ) ;
#1043 = ORIENTED_EDGE ( 'NONE', *, *, #478, .T. ) ;
#1044 = PRESENTATION_LAYER_ASSIGNMENT (  '', '', ( #6941 ) ) ;
#1045 = CARTESIAN_POINT ( 'NONE',  ( 0.6231720936891615992, -0.3676640700887141011, 0.8000000000000002665 ) ) ;
#1046 = EDGE_LOOP ( 'NONE', ( #3966, #5108, #9276, #5122 ) ) ;
#1047 = CARTESIAN_POINT ( 'NONE',  ( 0.03076923076923048297, -0.8891225961331233885, 0.8001000000000000334 ) ) ;
#1048 = CARTESIAN_POINT ( 'NONE',  ( 5.849999999999997868, 3.700000000000000622, -8.799999999999997158 ) ) ;
#1049 = DIRECTION ( 'NONE',  ( -0.7071067811865510144, 8.761676666762180192E-16, 0.7071067811865441310 ) ) ;
#1050 = EDGE_CURVE ( 'NONE', #9730, #4009, #7172, .T. ) ;
#1051 = CARTESIAN_POINT ( 'NONE',  ( 0.5655514470437874586, -0.7044790943629617441, 0.8001000000000002554 ) ) ;
#1052 = STYLED_ITEM ( 'NONE', ( #3799 ), #3589 ) ;
#1053 = ADVANCED_FACE ( 'NONE', ( #1190 ), #7591, .T. ) ;
#1054 = DIRECTION ( 'NONE',  ( -0.5773502691896235106, -0.5773502691896245098, -0.5773502691896293948 ) ) ;
#1055 = FACE_OUTER_BOUND ( 'NONE', #842, .T. ) ;
#1056 = CARTESIAN_POINT ( 'NONE',  ( -5.750000000000000000, 4.099999999999999645, -0.8001000000000000334 ) ) ;
#1057 = VERTEX_POINT ( 'NONE', #9666 ) ;
#1058 = UNCERTAINTY_MEASURE_WITH_UNIT (LENGTH_MEASURE( 1.000000000000000082E-05 ), #2052, 'distance_accuracy_value', 'NONE');
#1059 = VERTEX_POINT ( 'NONE', #3596 ) ;
#1060 = UNCERTAINTY_MEASURE_WITH_UNIT (LENGTH_MEASURE( 1.000000000000000082E-05 ), #5439, 'distance_accuracy_value', 'NONE');
#1061 = VECTOR ( 'NONE', #4992, 1000.000000000000000 ) ;
#1062 = CARTESIAN_POINT ( 'NONE',  ( 0.7775591160519755851, -0.9591055634276286490, 0.8001000000000000334 ) ) ;
#1063 = CARTESIAN_POINT ( 'NONE',  ( 0.06852559427658339031, 2.005017572536087034, 0.7999999999999999334 ) ) ;
#1064 = FILL_AREA_STYLE_COLOUR ( '', #7492 ) ;
#1065 = CARTESIAN_POINT ( 'NONE',  ( 4.099999999999997868, 5.249999999999999112, -3.100000000000000089 ) ) ;
#1066 = CARTESIAN_POINT ( 'NONE',  ( 0.4555384526022875913, 0.2180949874491500129, 0.8001000000000000334 ) ) ;
#1067 = DIRECTION ( 'NONE',  ( 1.000000000000000000, 0.000000000000000000, 0.000000000000000000 ) ) ;
#1068 = ORIENTED_EDGE ( 'NONE', *, *, #8994, .T. ) ;
#1069 = UNCERTAINTY_MEASURE_WITH_UNIT (LENGTH_MEASURE( 1.000000000000000082E-05 ), #891, 'distance_accuracy_value', 'NONE');
#1070 = ORIENTED_EDGE ( 'NONE', *, *, #928, .F. ) ;
#1071 = FILL_AREA_STYLE ('',( #3188 ) ) ;
#1072 = AXIS2_PLACEMENT_3D ( 'NONE', #1245, #3509, #603 ) ;
#1073 = SURFACE_STYLE_USAGE ( .BOTH. , #1023 ) ;
#1074 = EDGE_CURVE ( 'NONE', #7985, #4627, #2169, .T. ) ;
#1075 = VECTOR ( 'NONE', #9215, 1000.000000000000000 ) ;
#1076 = DIRECTION ( 'NONE',  ( -1.000000000000000000, 0.000000000000000000, 0.000000000000000000 ) ) ;
#1077 = DIRECTION ( 'NONE',  ( -1.000000000000000000, -0.000000000000000000, -0.000000000000000000 ) ) ;
#1078 = SURFACE_STYLE_USAGE ( .BOTH. , #1817 ) ;
#1079 = DIRECTION ( 'NONE',  ( -1.000000000000000000, -0.000000000000000000, 0.000000000000000000 ) ) ;
#1080 = STYLED_ITEM ( 'NONE', ( #5362 ), #4788 ) ;
#1081 = DIRECTION ( 'NONE',  ( -0.000000000000000000, 0.000000000000000000, 1.000000000000000000 ) ) ;
#1082 = AXIS2_PLACEMENT_3D ( 'NONE', #1910, #7252, #7947 ) ;
#1083 = FILL_AREA_STYLE_COLOUR ( '', #6332 ) ;
#1084 = CARTESIAN_POINT ( 'NONE',  ( 0.4326923076923074873, 0.2185897435757000740, 0.8000000000000003775 ) ) ;
#1085 = VERTEX_POINT ( 'NONE', #8973 ) ;
#1086 = ADVANCED_FACE ( 'NONE', ( #6090, #3647 ), #1381, .T. ) ;
#1087 = AXIS2_PLACEMENT_3D ( 'NONE', #6189, #5308, #9173 ) ;
#1088 = SURFACE_STYLE_FILL_AREA ( #7908 ) ;
#1089 =( GEOMETRIC_REPRESENTATION_CONTEXT ( 3 ) GLOBAL_UNCERTAINTY_ASSIGNED_CONTEXT ( ( #2571 ) ) GLOBAL_UNIT_ASSIGNED_CONTEXT ( ( #4685, #9162, #7801 ) ) REPRESENTATION_CONTEXT ( 'NONE', 'WORKASPACE' ) );
#1090 = CARTESIAN_POINT ( 'NONE',  ( 0.5961624026485794481, 0.1418560220037874964, 0.7999999999999999334 ) ) ;
#1091 = CARTESIAN_POINT ( 'NONE',  ( 0.6371794871794869142, 1.318589743574726469, 0.8001000000000000334 ) ) ;
#1092 = CARTESIAN_POINT ( 'NONE',  ( -0.1160588673970973789, 2.035051506848417180, 0.8000000000000007105 ) ) ;
#1093 = CARTESIAN_POINT ( 'NONE',  ( 0.6652448348717181492, -0.07059488299690268309, 0.7999999999999999334 ) ) ;
#1094 = MECHANICAL_DESIGN_GEOMETRIC_PRESENTATION_REPRESENTATION (  '', ( #5427 ), #6214 ) ;
#1095 = CARTESIAN_POINT ( 'NONE',  ( 0.5284176111676067711, -0.4116781658458396609, 0.8001000000000001444 ) ) ;
#1096 = VERTEX_POINT ( 'NONE', #8921 ) ;
#1097 = ORIENTED_EDGE ( 'NONE', *, *, #8026, .F. ) ;
#1098 = ORIENTED_EDGE ( 'NONE', *, *, #5511, .F. ) ;
#1099 = ADVANCED_FACE ( 'NONE', ( #6036 ), #9762, .T. ) ;
#1100 = VECTOR ( 'NONE', #5819, 1000.000000000000000 ) ;
#1101 = DIRECTION ( 'NONE',  ( 0.000000000000000000, 0.000000000000000000, 1.000000000000000000 ) ) ;
#1102 = CARTESIAN_POINT ( 'NONE',  ( -0.3135535256831880058, 1.781295450536510838, 0.8000999999999998114 ) ) ;
#1103 = COLOUR_RGB ( '',0.9254901960784314152, 0.9254901960784314152, 0.9254901960784314152 ) ;
#1104 = DIRECTION ( 'NONE',  ( -8.673617379884027583E-16, -1.000000000000000000, 0.000000000000000000 ) ) ;
#1105 = CARTESIAN_POINT ( 'NONE',  ( 0.5859727964720683469, -0.7235990560622387324, 0.8000000000000000444 ) ) ;
#1106 = SURFACE_SIDE_STYLE ('',( #4913 ) ) ;
#1107 = CARTESIAN_POINT ( 'NONE',  ( 0.4435313997832112110, -0.6462224378047928264, 0.8000000000000001554 ) ) ;
#1108 =( LENGTH_UNIT ( ) NAMED_UNIT ( * ) SI_UNIT ( .MILLI., .METRE. ) );
#1109 = CARTESIAN_POINT ( 'NONE',  ( 0.2136618589743587426, 2.023717948702931757, 0.8001000000000000334 ) ) ;
#1110 = ORIENTED_EDGE ( 'NONE', *, *, #9152, .T. ) ;
#1111 = ORIENTED_EDGE ( 'NONE', *, *, #3568, .F. ) ;
#1112 = EDGE_CURVE ( 'NONE', #1499, #7324, #8214, .T. ) ;
#1113 = AXIS2_PLACEMENT_3D ( 'NONE', #3593, #6436, #7361 ) ;
#1114 =( NAMED_UNIT ( * ) SI_UNIT ( $, .STERADIAN. ) SOLID_ANGLE_UNIT ( ) );
#1115 = DIRECTION ( 'NONE',  ( -0.000000000000000000, -0.000000000000000000, 1.000000000000000000 ) ) ;
#1116 = PRESENTATION_LAYER_ASSIGNMENT (  '', '', ( #9506 ) ) ;
#1117 = CARTESIAN_POINT ( 'NONE',  ( 0.000000000000000000, 4.199999999999996625, 2.900000000000000355 ) ) ;
#1118 = CARTESIAN_POINT ( 'NONE',  ( -5.750000000000000000, 4.099999999999999645, 0.8000000000000000444 ) ) ;
#1119 = CARTESIAN_POINT ( 'NONE',  ( 0.3864182692307689959, -0.6416666666459438506, 0.8000000000000000444 ) ) ;
#1120 = EDGE_LOOP ( 'NONE', ( #7704, #9410, #7781, #168 ) ) ;
#1121 = VECTOR ( 'NONE', #9309, 1000.000000000000114 ) ;
#1122 = VERTEX_POINT ( 'NONE', #5103 ) ;
#1123 = DIRECTION ( 'NONE',  ( -0.7209840770893444217, -0.6929516293246060776, 0.000000000000000000 ) ) ;
#1124 = EDGE_CURVE ( 'NONE', #2918, #32, #742, .T. ) ;
#1125 = AXIS2_PLACEMENT_3D ( 'NONE', #60, #5368, #4754 ) ;
#1126 = DIRECTION ( 'NONE',  ( 0.000000000000000000, -1.000000000000000000, 0.000000000000000000 ) ) ;
#1127 =( LENGTH_UNIT ( ) NAMED_UNIT ( * ) SI_UNIT ( .MILLI., .METRE. ) );
#1128 = CARTESIAN_POINT ( 'NONE',  ( 0.1980241045593505445, 0.2276855179913926108, 0.8001000000000002554 ) ) ;
#1129 = PLANE ( 'NONE',  #3641 ) ;
#1130 = CARTESIAN_POINT ( 'NONE',  ( 0.4949758072560432876, -0.5551638535840578426, 0.8000000000000003775 ) ) ;
#1131 = CARTESIAN_POINT ( 'NONE',  ( 0.4921146049427735925, -0.4225002419900971695, 0.8000999999999998114 ) ) ;
#1132 = MECHANICAL_DESIGN_GEOMETRIC_PRESENTATION_REPRESENTATION (  '', ( #973 ), #4657 ) ;
#1133 = DIRECTION ( 'NONE',  ( -0.5773502691896235106, -0.5773502691896243988, 0.5773502691896292838 ) ) ;
#1134 = CARTESIAN_POINT ( 'NONE',  ( -0.09240785256410283255, 0.2608974358833923701, 0.8001000000000000334 ) ) ;
#1135 = CARTESIAN_POINT ( 'NONE',  ( 0.3719049514150367108, 0.2098358550860248972, 0.8000000000000003775 ) ) ;
#1136 = VERTEX_POINT ( 'NONE', #7463 ) ;
#1137 = CARTESIAN_POINT ( 'NONE',  ( 0.1868037085510538542, -1.115041969626910490, 0.8001000000000001444 ) ) ;
#1138 = CARTESIAN_POINT ( 'NONE',  ( -0.2777910101977826840, 1.864735373992011613, 0.8000000000000001554 ) ) ;
#1139 = CARTESIAN_POINT ( 'NONE',  ( 5.649999999999995026, 0.000000000000000000, -9.000000000000001776 ) ) ;
#1140 =( LENGTH_UNIT ( ) NAMED_UNIT ( * ) SI_UNIT ( .MILLI., .METRE. ) );
#1141 = CARTESIAN_POINT ( 'NONE',  ( 0.3189415823574155429, 2.014291290340444185, 0.8001000000000000334 ) ) ;
#1142 = SURFACE_SIDE_STYLE ('',( #4092 ) ) ;
#1143 = CARTESIAN_POINT ( 'NONE',  ( 5.849999999999997868, -4.400000000000000355, -8.799999999999997158 ) ) ;
#1144 = LINE ( 'NONE', #6389, #4356 ) ;
#1145 = LINE ( 'NONE', #5104, #5316 ) ;
#1146 = EDGE_CURVE ( 'NONE', #8474, #3499, #5988, .T. ) ;
#1147 = AXIS2_PLACEMENT_3D ( 'NONE', #7285, #8747, #4967 ) ;
#1148 = CARTESIAN_POINT ( 'NONE',  ( -0.2415219472210941021, -0.3273080313883471315, 0.8000000000000001554 ) ) ;
#1149 = ORIENTED_EDGE ( 'NONE', *, *, #8572, .F. ) ;
#1150 = CARTESIAN_POINT ( 'NONE',  ( 5.049999999999995381, -6.257395395487766419E-15, -9.000000000000001776 ) ) ;
#1151 = ORIENTED_EDGE ( 'NONE', *, *, #4482, .T. ) ;
#1152 = CARTESIAN_POINT ( 'NONE',  ( -0.04668653305728297925, 0.1550765531587768864, 0.8001000000000000334 ) ) ;
#1153 = FACE_OUTER_BOUND ( 'NONE', #5634, .T. ) ;
#1154 = FILL_AREA_STYLE_COLOUR ( '', #3514 ) ;
#1155 = CARTESIAN_POINT ( 'NONE',  ( 0.4153918337325244181, -0.6424500482594579509, 0.8000999999999999224 ) ) ;
#1156 = LINE ( 'NONE', #1983, #4707 ) ;
#1157 = CARTESIAN_POINT ( 'NONE',  ( 5.649999999999995026, -4.400000000000000355, -9.000000000000001776 ) ) ;
#1158 = CARTESIAN_POINT ( 'NONE',  ( 0.2851320488404331943, 2.019732541087730038, 0.8000999999999999224 ) ) ;
#1159 = ORIENTED_EDGE ( 'NONE', *, *, #7729, .F. ) ;
#1160 = ORIENTED_EDGE ( 'NONE', *, *, #4830, .F. ) ;
#1161 = AXIS2_PLACEMENT_3D ( 'NONE', #98, #6878, #8500 ) ;
#1162 = SURFACE_SIDE_STYLE ('',( #1207 ) ) ;
#1163 = DIRECTION ( 'NONE',  ( 1.000000000000000000, 0.000000000000000000, 0.000000000000000000 ) ) ;
#1164 =( LENGTH_UNIT ( ) NAMED_UNIT ( * ) SI_UNIT ( .MILLI., .METRE. ) );
#1165 = EDGE_CURVE ( 'NONE', #1122, #5217, #1326, .T. ) ;
#1166 = LINE ( 'NONE', #8143, #3122 ) ;
#1167 = CARTESIAN_POINT ( 'NONE',  ( 0.1695748182027320139, -0.7749759701074644402, 0.8000000000000001554 ) ) ;
#1168 = ORIENTED_EDGE ( 'NONE', *, *, #7595, .F. ) ;
#1169 = UNCERTAINTY_MEASURE_WITH_UNIT (LENGTH_MEASURE( 1.000000000000000082E-05 ), #1164, 'distance_accuracy_value', 'NONE');
#1170 = COLOUR_RGB ( '',0.7921568627450980005, 0.8196078431372548767, 0.9333333333333333481 ) ;
#1171 = ORIENTED_EDGE ( 'NONE', *, *, #6625, .T. ) ;
#1172 = DIRECTION ( 'NONE',  ( -0.000000000000000000, -0.000000000000000000, 1.000000000000000000 ) ) ;
#1173 = CARTESIAN_POINT ( 'NONE',  ( 0.3995690383354940645, -0.5431579298724479310, 0.8001000000000000334 ) ) ;
#1174 = CARTESIAN_POINT ( 'NONE',  ( 4.849999999999997868, -3.699999999999999289, 1.200000000000002620 ) ) ;
#1175 = CARTESIAN_POINT ( 'NONE',  ( -0.3350927906751083318, 1.689813104603666849, 0.8000000000000002665 ) ) ;
#1176 = DIRECTION ( 'NONE',  ( -0.000000000000000000, -0.000000000000000000, -1.000000000000000000 ) ) ;
#1177 = DIRECTION ( 'NONE',  ( 0.000000000000000000, -1.000000000000000000, 0.000000000000000000 ) ) ;
#1178 = VECTOR ( 'NONE', #808, 1000.000000000000000 ) ;
#1179 = EDGE_CURVE ( 'NONE', #7051, #3363, #548, .T. ) ;
#1180 = LINE ( 'NONE', #9799, #7103 ) ;
#1181 = EDGE_CURVE ( 'NONE', #5459, #9151, #2939, .T. ) ;
#1182 =( NAMED_UNIT ( * ) SI_UNIT ( $, .STERADIAN. ) SOLID_ANGLE_UNIT ( ) );
#1183 = DIRECTION ( 'NONE',  ( -1.000000000000000000, 0.000000000000000000, 0.000000000000000000 ) ) ;
#1184 = ORIENTED_EDGE ( 'NONE', *, *, #3937, .F. ) ;
#1185 = CARTESIAN_POINT ( 'NONE',  ( 0.000000000000000000, 1.499999999999997780, -9.000000000000001776 ) ) ;
#1186 = LINE ( 'NONE', #5146, #8123 ) ;
#1187 = CARTESIAN_POINT ( 'NONE',  ( 0.4399053336405474579, 1.969971286376690278, 0.8001000000000002554 ) ) ;
#1188 = LINE ( 'NONE', #5836, #7419 ) ;
#1189 = CARTESIAN_POINT ( 'NONE',  ( 5.849999999999997868, -4.400000000000000355, 1.200000000000002620 ) ) ;
#1190 = FACE_OUTER_BOUND ( 'NONE', #3477, .T. ) ;
#1191 =( LENGTH_UNIT ( ) NAMED_UNIT ( * ) SI_UNIT ( .MILLI., .METRE. ) );
#1192 = CARTESIAN_POINT ( 'NONE',  ( 0.6231720936891615992, -0.3676640700887141011, 0.8000000000000005995 ) ) ;
#1193 = CARTESIAN_POINT ( 'NONE',  ( 4.099999999999997868, 4.749999999999995559, -3.100000000000000089 ) ) ;
#1194 = ORIENTED_EDGE ( 'NONE', *, *, #5638, .F. ) ;
#1195 =( NAMED_UNIT ( * ) SI_UNIT ( $, .STERADIAN. ) SOLID_ANGLE_UNIT ( ) );
#1196 = ORIENTED_EDGE ( 'NONE', *, *, #2699, .T. ) ;
#1197 = CARTESIAN_POINT ( 'NONE',  ( 0.06960951846891966222, -0.7211104303841500140, 0.8000000000000002665 ) ) ;
#1198 = EDGE_CURVE ( 'NONE', #1601, #7312, #8308, .T. ) ;
#1199 = SURFACE_STYLE_USAGE ( .BOTH. , #2028 ) ;
#1200 = CARTESIAN_POINT ( 'NONE',  ( -4.400000000000000355, -0.3500000000000004774, 0.8001000000000000334 ) ) ;
#1201 = CARTESIAN_POINT ( 'NONE',  ( 0.1980241045593505445, 0.2276855179913926108, 0.8000000000000002665 ) ) ;
#1202 = FACE_BOUND ( 'NONE', #8590, .T. ) ;
#1203 = VECTOR ( 'NONE', #9515, 1000.000000000000114 ) ;
#1204 = ORIENTED_EDGE ( 'NONE', *, *, #2916, .F. ) ;
#1205 = ORIENTED_EDGE ( 'NONE', *, *, #5702, .F. ) ;
#1206 = VECTOR ( 'NONE', #6242, 1000.000000000000000 ) ;
#1207 = SURFACE_STYLE_FILL_AREA ( #9434 ) ;
#1208 =( NAMED_UNIT ( * ) PLANE_ANGLE_UNIT ( ) SI_UNIT ( $, .RADIAN. ) );
#1209 = FACE_OUTER_BOUND ( 'NONE', #1046, .T. ) ;
#1210 = CARTESIAN_POINT ( 'NONE',  ( -0.3500000000000002554, -3.039102564104755100, 0.8001000000000000334 ) ) ;
#1211 = CARTESIAN_POINT ( 'NONE',  ( 0.000000000000000000, 0.000000000000000000, 0.8001000000000000334 ) ) ;
#1212 = ORIENTED_EDGE ( 'NONE', *, *, #4334, .F. ) ;
#1213 = VECTOR ( 'NONE', #7698, 1000.000000000000000 ) ;
#1214 = EDGE_LOOP ( 'NONE', ( #6364, #3263, #6013, #4420 ) ) ;
#1215 = CARTESIAN_POINT ( 'NONE',  ( 0.7299291142448587344, -0.7288544045489466772, 0.8000999999999999224 ) ) ;
#1216 = EDGE_CURVE ( 'NONE', #6914, #5976, #7365, .T. ) ;
#1217 = FACE_OUTER_BOUND ( 'NONE', #1874, .T. ) ;
#1218 = STYLED_ITEM ( 'NONE', ( #980 ), #3890 ) ;
#1219 = DIRECTION ( 'NONE',  ( -0.000000000000000000, -0.000000000000000000, 1.000000000000000000 ) ) ;
#1220 = LINE ( 'NONE', #8001, #7441 ) ;
#1221 = CARTESIAN_POINT ( 'NONE',  ( 4.449999999999997513, 3.300000000000001155, 0.8000000000000000444 ) ) ;
#1222 = CARTESIAN_POINT ( 'NONE',  ( 0.7532408294889345601, 0.08616932893205939137, 0.8001000000000000334 ) ) ;
#1223 = DIRECTION ( 'NONE',  ( 1.239088197126290669E-15, 1.000000000000000000, 0.000000000000000000 ) ) ;
#1224 = ORIENTED_EDGE ( 'NONE', *, *, #6543, .F. ) ;
#1225 = MECHANICAL_DESIGN_GEOMETRIC_PRESENTATION_REPRESENTATION (  '', ( #9169 ), #1701 ) ;
#1226 = SURFACE_SIDE_STYLE ('',( #4086 ) ) ;
#1227 = STYLED_ITEM ( 'NONE', ( #5829 ), #4206 ) ;
#1228 = CARTESIAN_POINT ( 'NONE',  ( 4.849999999999997868, -3.699999999999999289, 2.900000000000000355 ) ) ;
#1229 = ORIENTED_EDGE ( 'NONE', *, *, #7348, .F. ) ;
#1230 = EDGE_CURVE ( 'NONE', #224, #6537, #2330, .T. ) ;
#1231 = DIRECTION ( 'NONE',  ( -0.000000000000000000, -0.000000000000000000, -1.000000000000000000 ) ) ;
#1232 = ADVANCED_FACE ( 'NONE', ( #3246 ), #2383, .T. ) ;
#1233 = CARTESIAN_POINT ( 'NONE',  ( -5.750000000000000000, 1.499999999999999112, 0.8001000000000000334 ) ) ;
#1234 = CARTESIAN_POINT ( 'NONE',  ( -0.2653846153846156630, -0.05905448719353069420, 0.8001000000000000334 ) ) ;
#1235 = AXIS2_PLACEMENT_3D ( 'NONE', #511, #8881, #554 ) ;
#1236 = CARTESIAN_POINT ( 'NONE',  ( 0.03076923076923048297, -0.8891225961331233885, 0.8000000000000000444 ) ) ;
#1237 = CARTESIAN_POINT ( 'NONE',  ( 0.6220551116836910976, 1.705524371701040209, 0.8001000000000001444 ) ) ;
#1238 = CARTESIAN_POINT ( 'NONE',  ( 4.849999999999996980, 3.300000000000001155, 0.8000000000000000444 ) ) ;
#1239 =( GEOMETRIC_REPRESENTATION_CONTEXT ( 3 ) GLOBAL_UNCERTAINTY_ASSIGNED_CONTEXT ( ( #9480 ) ) GLOBAL_UNIT_ASSIGNED_CONTEXT ( ( #3334, #7193, #6411 ) ) REPRESENTATION_CONTEXT ( 'NONE', 'WORKASPACE' ) );
#1240 = CARTESIAN_POINT ( 'NONE',  ( 0.4668227291610491103, -0.4275416139553404604, 0.8000000000000003775 ) ) ;
#1241 = ORIENTED_EDGE ( 'NONE', *, *, #2997, .T. ) ;
#1242 = CARTESIAN_POINT ( 'NONE',  ( 0.4232171474358971675, 0.3173076922936488020, 0.8000000000000000444 ) ) ;
#1243 = ORIENTED_EDGE ( 'NONE', *, *, #387, .T. ) ;
#1244 = VECTOR ( 'NONE', #2008, 1000.000000000000000 ) ;
#1245 = CARTESIAN_POINT ( 'NONE',  ( 4.849999999999997868, 1.700000000000000178, 2.900000000000000355 ) ) ;
#1246 = MECHANICAL_DESIGN_GEOMETRIC_PRESENTATION_REPRESENTATION (  '', ( #4118 ), #5091 ) ;
#1247 = ORIENTED_EDGE ( 'NONE', *, *, #3983, .T. ) ;
#1248 = EDGE_CURVE ( 'NONE', #4852, #8712, #3888, .T. ) ;
#1249 = FACE_OUTER_BOUND ( 'NONE', #4008, .T. ) ;
#1250 = CARTESIAN_POINT ( 'NONE',  ( 0.6646123254880504927, -0.8929010072710525936, 0.8000999999999998114 ) ) ;
#1251 = PRESENTATION_LAYER_ASSIGNMENT (  '', '', ( #7297 ) ) ;
#1252 = CARTESIAN_POINT ( 'NONE',  ( 0.3961986222054060813, -0.6419311059314015688, 0.7999999999999998224 ) ) ;
#1253 = FILL_AREA_STYLE ('',( #174 ) ) ;
#1254 = EDGE_LOOP ( 'NONE', ( #5181, #8265, #4388, #273 ) ) ;
#1255 = VERTEX_POINT ( 'NONE', #8354 ) ;
#1256 = UNCERTAINTY_MEASURE_WITH_UNIT (LENGTH_MEASURE( 1.000000000000000082E-05 ), #7817, 'distance_accuracy_value', 'NONE');
#1257 = DIRECTION ( 'NONE',  ( -0.5773502691896273964, -0.5773502691896273964, 0.5773502691896224004 ) ) ;
#1258 = AXIS2_PLACEMENT_3D ( 'NONE', #7102, #8670, #3534 ) ;
#1259 = APPLICATION_PROTOCOL_DEFINITION ( 'draft international standard', 'automotive_design', 1998, #227 ) ;
#1260 =( LENGTH_UNIT ( ) NAMED_UNIT ( * ) SI_UNIT ( .MILLI., .METRE. ) );
#1261 = DIRECTION ( 'NONE',  ( 1.239088197126290669E-15, 1.000000000000000000, 0.000000000000000000 ) ) ;
#1262 = AXIS2_PLACEMENT_3D ( 'NONE', #2377, #6872, #4479 ) ;
#1263 = B_SPLINE_CURVE_WITH_KNOTS ( 'NONE', 3,
 ( #9390, #4166, #9084, #3947, #7570, #2339, #3852, #8411, #4596, #9132, #6201, #4704, #8466, #8364, #2180, #4545, #705, #7678, #798, #5314, #5416, #4653, #847, #1597, #7725, #9034, #750 ),
 .UNSPECIFIED., .F., .F.,
 ( 4, 1, 1, 1, 1, 1, 1, 1, 1, 1, 1, 1, 1, 1, 1, 1, 1, 1, 1, 1, 1, 1, 1, 1, 4 ),
 ( 0.000000000000000000, 0.04608377754194806220, 0.09081289696262803690, 0.1343042879808945267, 0.1770362722268302991, 0.2188374268542870038, 0.2602615907981604138, 0.3011000835602821168, 0.3416368324483720076, 0.3816090405269682573, 0.4201478008723693591, 0.4579096607349633641, 0.4947607013525771036, 0.5312192845390139029, 0.5669607598480360666, 0.6027421145655926793, 0.6382320180154549272, 0.6747611133765479829, 0.7133778281073238636, 0.7544253154851253695, 0.7978017847299845311, 0.8439789806525881399, 0.8930643900142397618, 0.9449596506617459202, 1.000000000000000000 ),
 .UNSPECIFIED. ) ;
#1264 = ADVANCED_FACE ( 'NONE', ( #1633 ), #1635, .T. ) ;
#1265 = EDGE_LOOP ( 'NONE', ( #4683, #9522, #3461, #3046 ) ) ;
#1266 = UNCERTAINTY_MEASURE_WITH_UNIT (LENGTH_MEASURE( 1.000000000000000082E-05 ), #9381, 'distance_accuracy_value', 'NONE');
#1267 = VERTEX_POINT ( 'NONE', #3991 ) ;
#1268 =( GEOMETRIC_REPRESENTATION_CONTEXT ( 3 ) GLOBAL_UNCERTAINTY_ASSIGNED_CONTEXT ( ( #3377 ) ) GLOBAL_UNIT_ASSIGNED_CONTEXT ( ( #2549, #4154, #2500 ) ) REPRESENTATION_CONTEXT ( 'NONE', 'WORKASPACE' ) );
#1269 = SURFACE_STYLE_USAGE ( .BOTH. , #5868 ) ;
#1270 = CARTESIAN_POINT ( 'NONE',  ( 0.6387582638732798301, 0.07726805704175186695, 0.8001000000000003665 ) ) ;
#1271 = MECHANICAL_DESIGN_GEOMETRIC_PRESENTATION_REPRESENTATION (  '', ( #6685 ), #7953 ) ;
#1272 = SURFACE_STYLE_USAGE ( .BOTH. , #5333 ) ;
#1273 = CARTESIAN_POINT ( 'NONE',  ( -0.09615384615384639511, -0.2891025641166076743, 0.8000000000000000444 ) ) ;
#1274 = CARTESIAN_POINT ( 'NONE',  ( 0.3906049679487177406, -0.5429487179279950393, 0.8000000000000002665 ) ) ;
#1275 = AXIS2_PLACEMENT_3D ( 'NONE', #8270, #9131, #8410 ) ;
#1276 = CARTESIAN_POINT ( 'NONE',  ( 0.7299291142448587344, -0.7288544045489466772, 0.7999999999999999334 ) ) ;
#1277 = ORIENTED_EDGE ( 'NONE', *, *, #2465, .F. ) ;
#1278 =( LENGTH_UNIT ( ) NAMED_UNIT ( * ) SI_UNIT ( .MILLI., .METRE. ) );
#1279 = CARTESIAN_POINT ( 'NONE',  ( -0.2026759000865076266, 1.745104859993453106, 0.8000000000000000444 ) ) ;
#1280 = ORIENTED_EDGE ( 'NONE', *, *, #6361, .T. ) ;
#1281 =( NAMED_UNIT ( * ) SI_UNIT ( $, .STERADIAN. ) SOLID_ANGLE_UNIT ( ) );
#1282 = DIRECTION ( 'NONE',  ( -0.000000000000000000, -0.000000000000000000, 1.000000000000000000 ) ) ;
#1283 = STYLED_ITEM ( 'NONE', ( #7737 ), #6704 ) ;
#1284 =( NAMED_UNIT ( * ) SI_UNIT ( $, .STERADIAN. ) SOLID_ANGLE_UNIT ( ) );
#1285 = SURFACE_STYLE_FILL_AREA ( #2068 ) ;
#1286 = DIRECTION ( 'NONE',  ( 1.000000000000000000, 0.000000000000000000, 0.000000000000000000 ) ) ;
#1287 = LINE ( 'NONE', #6676, #3341 ) ;
#1288 = ADVANCED_FACE ( 'NONE', ( #243 ), #7012, .F. ) ;
#1289 = CARTESIAN_POINT ( 'NONE',  ( 0.6961020119404883744, -0.3044539424489167145, 0.8001000000000000334 ) ) ;
#1290 = VERTEX_POINT ( 'NONE', #197 ) ;
#1291 = PRESENTATION_LAYER_ASSIGNMENT (  '', '', ( #35 ) ) ;
#1292 = VERTEX_POINT ( 'NONE', #6336 ) ;
#1293 = CARTESIAN_POINT ( 'NONE',  ( 0.2469669435457627904, -0.5668858523908766323, 0.8001000000000000334 ) ) ;
#1294 = DIRECTION ( 'NONE',  ( 1.000000000000000000, 0.000000000000000000, 0.000000000000000000 ) ) ;
#1295 = CARTESIAN_POINT ( 'NONE',  ( 4.849999999999996980, -1.699999999999999734, -8.799999999999997158 ) ) ;
#1296 = STYLED_ITEM ( 'NONE', ( #5175 ), #7438 ) ;
#1297 = DIRECTION ( 'NONE',  ( 1.000000000000000000, 0.000000000000000000, 0.000000000000000000 ) ) ;
#1298 = PRESENTATION_STYLE_ASSIGNMENT (( #2907 ) ) ;
#1299 = ADVANCED_FACE ( 'NONE', ( #2281 ), #5357, .T. ) ;
#1300 = EDGE_CURVE ( 'NONE', #9003, #6983, #2677, .T. ) ;
#1301 = PLANE ( 'NONE',  #8951 ) ;
#1302 = EDGE_LOOP ( 'NONE', ( #5896, #6108, #2895, #8471 ) ) ;
#1303 = EDGE_LOOP ( 'NONE', ( #7945, #8312, #6884, #8979 ) ) ;
#1304 = CARTESIAN_POINT ( 'NONE',  ( 0.6371794871794869142, -1.783974358966112561, 0.8001000000000000334 ) ) ;
#1305 = FACE_OUTER_BOUND ( 'NONE', #7138, .T. ) ;
#1306 = SURFACE_STYLE_USAGE ( .BOTH. , #5129 ) ;
#1307 = DIRECTION ( 'NONE',  ( -0.000000000000000000, -0.000000000000000000, -1.000000000000000000 ) ) ;
#1308 =( NAMED_UNIT ( * ) SI_UNIT ( $, .STERADIAN. ) SOLID_ANGLE_UNIT ( ) );
#1309 = ORIENTED_EDGE ( 'NONE', *, *, #1888, .F. ) ;
#1310 = ORIENTED_EDGE ( 'NONE', *, *, #4875, .F. ) ;
#1311 =( LENGTH_UNIT ( ) NAMED_UNIT ( * ) SI_UNIT ( .MILLI., .METRE. ) );
#1312 = EDGE_CURVE ( 'NONE', #3499, #5659, #9450, .T. ) ;
#1313 = CARTESIAN_POINT ( 'NONE',  ( 5.849999999999997868, -3.299999999999999822, 0.8000000000000000444 ) ) ;
#1314 = FACE_OUTER_BOUND ( 'NONE', #9534, .T. ) ;
#1315 = CARTESIAN_POINT ( 'NONE',  ( 0.6498615996078765944, -0.3486864386426081208, 0.8000999999999998114 ) ) ;
#1316 = CARTESIAN_POINT ( 'NONE',  ( 0.3906049679487177406, -0.5429487179279950393, 0.7999999999999999334 ) ) ;
#1317 = VERTEX_POINT ( 'NONE', #5734 ) ;
#1318 = DIRECTION ( 'NONE',  ( 0.000000000000000000, -1.000000000000000000, 0.000000000000000000 ) ) ;
#1319 = EDGE_LOOP ( 'NONE', ( #3265, #6926, #2665, #5375 ) ) ;
#1320 = CARTESIAN_POINT ( 'NONE',  ( 0.6653846153846152411, -0.9208533653638926175, 0.8000000000000000444 ) ) ;
#1321 = CARTESIAN_POINT ( 'NONE',  ( 0.6091947115384613864, 1.759294871779854663, 0.8000000000000000444 ) ) ;
#1322 = FACE_OUTER_BOUND ( 'NONE', #6582, .T. ) ;
#1323 = LINE ( 'NONE', #545, #2797 ) ;
#1324 =( NAMED_UNIT ( * ) PLANE_ANGLE_UNIT ( ) SI_UNIT ( $, .RADIAN. ) );
#1325 = DIRECTION ( 'NONE',  ( 1.000000000000000000, 0.000000000000000000, 0.000000000000000000 ) ) ;
#1326 = LINE ( 'NONE', #2069, #9087 ) ;
#1327 = CARTESIAN_POINT ( 'NONE',  ( 0.06889022435897415586, 2.446794871778500635, 0.8000000000000000444 ) ) ;
#1328 = CARTESIAN_POINT ( 'NONE',  ( -0.3052576215758669442, -0.2688925648900809540, 0.8000000000000000444 ) ) ;
#1329 = PRESENTATION_LAYER_ASSIGNMENT (  '', '', ( #5517 ) ) ;
#1330 = CARTESIAN_POINT ( 'NONE',  ( 0.7782051282051279939, -0.06324118591147942503, 0.8000000000000000444 ) ) ;
#1331 = EDGE_LOOP ( 'NONE', ( #471, #8851, #7200, #7618 ) ) ;
#1332 = DIRECTION ( 'NONE',  ( -0.000000000000000000, -0.000000000000000000, -1.000000000000000000 ) ) ;
#1333 = VERTEX_POINT ( 'NONE', #6518 ) ;
#1334 = SURFACE_SIDE_STYLE ('',( #5846 ) ) ;
#1335 = ADVANCED_FACE ( 'NONE', ( #8723 ), #1029, .T. ) ;
#1336 = VECTOR ( 'NONE', #109, 1000.000000000000000 ) ;
#1337 = FACE_OUTER_BOUND ( 'NONE', #567, .T. ) ;
#1338 = CARTESIAN_POINT ( 'NONE',  ( -0.1482274366070797933, 1.855874595070033717, 0.8000000000000002665 ) ) ;
#1339 = CARTESIAN_POINT ( 'NONE',  ( -0.1598018479066148911, -0.3690128386409269323, 0.8000999999999997003 ) ) ;
#1340 = PLANE ( 'NONE',  #1495 ) ;
#1341 = CARTESIAN_POINT ( 'NONE',  ( -0.2456602722329259136, 0.04780944865818712031, 0.8000999999999998114 ) ) ;
#1342 = CARTESIAN_POINT ( 'NONE',  ( 5.849999999999997868, -1.000000000000000000, -3.100000000000000089 ) ) ;
#1343 = VERTEX_POINT ( 'NONE', #8769 ) ;
#1344 = VECTOR ( 'NONE', #6639, 1000.000000000000000 ) ;
#1345 = DIRECTION ( 'NONE',  ( 0.000000000000000000, 0.000000000000000000, -1.000000000000000000 ) ) ;
#1346 = ORIENTED_EDGE ( 'NONE', *, *, #6044, .F. ) ;
#1347 = EDGE_CURVE ( 'NONE', #938, #9594, #1770, .T. ) ;
#1348 = EDGE_CURVE ( 'NONE', #3032, #3720, #8005, .T. ) ;
#1349 = DIRECTION ( 'NONE',  ( 0.000000000000000000, 0.000000000000000000, 1.000000000000000000 ) ) ;
#1350 = SURFACE_STYLE_FILL_AREA ( #3618 ) ;
#1351 = VECTOR ( 'NONE', #8998, 1000.000000000000000 ) ;
#1352 = LINE ( 'NONE', #4557, #5466 ) ;
#1353 = CARTESIAN_POINT ( 'NONE',  ( 4.849999999999996980, 3.900000000000003020, -9.000000000000001776 ) ) ;
#1354 = CARTESIAN_POINT ( 'NONE',  ( 0.000000000000000000, 0.000000000000000000, 0.8001000000000000334 ) ) ;
#1355 = DIRECTION ( 'NONE',  ( -0.000000000000000000, 0.000000000000000000, 1.000000000000000000 ) ) ;
#1356 = EDGE_LOOP ( 'NONE', ( #2249, #1184, #3576, #3098 ) ) ;
#1357 = ORIENTED_EDGE ( 'NONE', *, *, #3722, .F. ) ;
#1358 = PRESENTATION_LAYER_ASSIGNMENT (  '', '', ( #1984 ) ) ;
#1359 = CARTESIAN_POINT ( 'NONE',  ( 0.7499999999999997780, 2.348076923060551824, 0.8000000000000000444 ) ) ;
#1360 = LINE ( 'NONE', #2209, #3663 ) ;
#1361 = B_SPLINE_CURVE_WITH_KNOTS ( 'NONE', 3,
 ( #6775, #4583, #2328, #6139, #5401, #8398, #1631, #9760, #1482, #3141, #740, #1582, #8971, #4532, #4692, #9811, #7713, #3697, #2167 ),
 .UNSPECIFIED., .F., .F.,
 ( 4, 1, 1, 1, 1, 1, 1, 1, 1, 1, 1, 1, 1, 1, 1, 1, 4 ),
 ( 0.000000000000000000, 0.06580032658840936910, 0.1293798822483386013, 0.1907832967406566105, 0.2512930653898816091, 0.3108203394786836493, 0.3703697385539729825, 0.4307602962224809651, 0.4925975469737540191, 0.5548133240123882537, 0.6160904146906632795, 0.6769309484451130343, 0.7382889163250837550, 0.8007842939021113660, 0.8647926212089565023, 0.9310529642421994101, 1.000000000000000000 ),
 .UNSPECIFIED. ) ;
#1362 =( NAMED_UNIT ( * ) SI_UNIT ( $, .STERADIAN. ) SOLID_ANGLE_UNIT ( ) );
#1363 = CARTESIAN_POINT ( 'NONE',  ( -0.3500000000000002554, 3.046153846137475085, 0.8000000000000000444 ) ) ;
#1364 = CARTESIAN_POINT ( 'NONE',  ( 0.6329930299627133383, -0.6203050452233622725, 0.8000999999999999224 ) ) ;
#1365 = CARTESIAN_POINT ( 'NONE',  ( 0.6140523351474652669, 1.973442985357165780, 0.8000000000000003775 ) ) ;
#1366 = CARTESIAN_POINT ( 'NONE',  ( 0.6016115367181085194, 0.2678381868505343988, 0.7999999999999999334 ) ) ;
#1367 =( LENGTH_UNIT ( ) NAMED_UNIT ( * ) SI_UNIT ( .MILLI., .METRE. ) );
#1368 = ORIENTED_EDGE ( 'NONE', *, *, #1230, .T. ) ;
#1369 = PRESENTATION_STYLE_ASSIGNMENT (( #2980 ) ) ;
#1370 = EDGE_CURVE ( 'NONE', #7892, #7137, #7355, .T. ) ;
#1371 = DIRECTION ( 'NONE',  ( 0.000000000000000000, 0.000000000000000000, -1.000000000000000000 ) ) ;
#1372 = ORIENTED_EDGE ( 'NONE', *, *, #6258, .T. ) ;
#1373 = CARTESIAN_POINT ( 'NONE',  ( -0.1288738516403140077, -0.3799177903025820480, 0.8000000000000003775 ) ) ;
#1374 = PRESENTATION_LAYER_ASSIGNMENT (  '', '', ( #2332 ) ) ;
#1375 = DIRECTION ( 'NONE',  ( -1.000000000000000000, 0.000000000000000000, 0.000000000000000000 ) ) ;
#1376 = DIRECTION ( 'NONE',  ( 1.000000000000000000, 0.000000000000000000, 0.000000000000000000 ) ) ;
#1377 = CARTESIAN_POINT ( 'NONE',  ( -6.750000000000000000, 5.400000000000000355, -0.8000000000000000444 ) ) ;
#1378 = DIRECTION ( 'NONE',  ( -0.000000000000000000, -0.000000000000000000, 1.000000000000000000 ) ) ;
#1379 = CARTESIAN_POINT ( 'NONE',  ( 0.2136618589743587426, 2.023717948702931757, 0.8000000000000000444 ) ) ;
#1380 = MANIFOLD_SOLID_BREP ( 'Chamfer2', #2178 ) ;
#1381 = PLANE ( 'NONE',  #8926 ) ;
#1382 = CARTESIAN_POINT ( 'NONE',  ( -0.2371794871794874193, 1.318589743574726469, 0.8001000000000000334 ) ) ;
#1383 = VERTEX_POINT ( 'NONE', #7402 ) ;
#1384 = LINE ( 'NONE', #6038, #3177 ) ;
#1385 = EDGE_CURVE ( 'NONE', #5785, #6650, #2626, .T. ) ;
#1386 = ORIENTED_EDGE ( 'NONE', *, *, #4358, .T. ) ;
#1387 = PRESENTATION_STYLE_ASSIGNMENT (( #4296 ) ) ;
#1388 = ORIENTED_EDGE ( 'NONE', *, *, #276, .F. ) ;
#1389 = CARTESIAN_POINT ( 'NONE',  ( 0.06960951846891966222, -0.7211104303841500140, 0.8001000000000000334 ) ) ;
#1390 = COLOUR_RGB ( '',1.000000000000000000, 1.000000000000000000, 1.000000000000000000 ) ;
#1391 = FACE_OUTER_BOUND ( 'NONE', #7692, .T. ) ;
#1392 = LINE ( 'NONE', #4873, #5219 ) ;
#1393 =( NAMED_UNIT ( * ) SI_UNIT ( $, .STERADIAN. ) SOLID_ANGLE_UNIT ( ) );
#1394 =( GEOMETRIC_REPRESENTATION_CONTEXT ( 3 ) GLOBAL_UNCERTAINTY_ASSIGNED_CONTEXT ( ( #6363 ) ) GLOBAL_UNIT_ASSIGNED_CONTEXT ( ( #8437, #2513, #9250 ) ) REPRESENTATION_CONTEXT ( 'NONE', 'WORKASPACE' ) );
#1395 = CARTESIAN_POINT ( 'NONE',  ( 0.6371794871794869142, 1.444851762805495765, 0.8000000000000002665 ) ) ;
#1396 = CARTESIAN_POINT ( 'NONE',  ( -6.399999999999999467, 4.099999999999999645, 0.8001000000000000334 ) ) ;
#1397 = PRESENTATION_LAYER_ASSIGNMENT (  '', '', ( #7123 ) ) ;
#1398 = EDGE_CURVE ( 'NONE', #1774, #9066, #7453, .T. ) ;
#1399 = ORIENTED_EDGE ( 'NONE', *, *, #7729, .T. ) ;
#1400 = FACE_OUTER_BOUND ( 'NONE', #5717, .T. ) ;
#1401 = ORIENTED_EDGE ( 'NONE', *, *, #1525, .T. ) ;
#1402 = VECTOR ( 'NONE', #6727, 1000.000000000000000 ) ;
#1403 = VECTOR ( 'NONE', #2475, 1000.000000000000000 ) ;
#1404 = PLANE ( 'NONE',  #2082 ) ;
#1405 = LINE ( 'NONE', #5274, #8800 ) ;
#1406 = FILL_AREA_STYLE ('',( #2814 ) ) ;
#1407 = EDGE_CURVE ( 'NONE', #3328, #4113, #8863, .T. ) ;
#1408 = ORIENTED_EDGE ( 'NONE', *, *, #154, .F. ) ;
#1409 = COLOUR_RGB ( '',0.7921568627450980005, 0.7921568627450980005, 0.7921568627450980005 ) ;
#1410 = ORIENTED_EDGE ( 'NONE', *, *, #7280, .T. ) ;
#1411 = CARTESIAN_POINT ( 'NONE',  ( 0.3320745332614836731, 2.113266904162356852, 0.8000000000000003775 ) ) ;
#1412 = CARTESIAN_POINT ( 'NONE',  ( -0.3283355207383134577, 1.727262952868105161, 0.8000999999999999224 ) ) ;
#1413 = SURFACE_STYLE_USAGE ( .BOTH. , #4568 ) ;
#1414 = DIRECTION ( 'NONE',  ( 0.6744544184908600748, -0.7383164886267647997, 0.000000000000000000 ) ) ;
#1415 = CARTESIAN_POINT ( 'NONE',  ( 0.7781218833679839353, -0.9173945235981745272, 0.8000000000000003775 ) ) ;
#1416 = PRESENTATION_LAYER_ASSIGNMENT (  '', '', ( #5115 ) ) ;
#1417 = CARTESIAN_POINT ( 'NONE',  ( -6.249999999999999112, 4.099999999999999645, -0.8001000000000000334 ) ) ;
#1418 = CARTESIAN_POINT ( 'NONE',  ( 0.1999999999999997613, -1.149358974338251738, 0.8000000000000000444 ) ) ;
#1419 = SURFACE_STYLE_USAGE ( .BOTH. , #2215 ) ;
#1420 = ADVANCED_FACE ( 'NONE', ( #6712 ), #637, .T. ) ;
#1421 = ORIENTED_EDGE ( 'NONE', *, *, #9065, .F. ) ;
#1422 = SURFACE_STYLE_USAGE ( .BOTH. , #732 ) ;
#1423 = VECTOR ( 'NONE', #2165, 1000.000000000000000 ) ;
#1424 = CARTESIAN_POINT ( 'NONE',  ( 0.3719049514150367108, 0.2098358550860248972, 0.8001000000000000334 ) ) ;
#1425 = ORIENTED_EDGE ( 'NONE', *, *, #5932, .F. ) ;
#1426 = CARTESIAN_POINT ( 'NONE',  ( -0.3739540360331237157, -0.1182255325112554489, 0.8000000000000001554 ) ) ;
#1427 = SURFACE_STYLE_USAGE ( .BOTH. , #7555 ) ;
#1428 = LINE ( 'NONE', #7509, #3193 ) ;
#1429 = VECTOR ( 'NONE', #4947, 1000.000000000000000 ) ;
#1430 = DIRECTION ( 'NONE',  ( 0.000000000000000000, 0.000000000000000000, -1.000000000000000000 ) ) ;
#1431 = FILL_AREA_STYLE ('',( #8257 ) ) ;
#1432 = CARTESIAN_POINT ( 'NONE',  ( 0.6371015140333515792, 1.462994965038072026, 0.8001000000000000334 ) ) ;
#1433 = LINE ( 'NONE', #8972, #7814 ) ;
#1434 = VECTOR ( 'NONE', #4257, 1000.000000000000000 ) ;
#1435 = CARTESIAN_POINT ( 'NONE',  ( 5.083333333333328596, 1.233333333333332948, 1.433333333333337345 ) ) ;
#1436 = DIRECTION ( 'NONE',  ( -0.000000000000000000, -0.000000000000000000, -1.000000000000000000 ) ) ;
#1437 = FILL_AREA_STYLE ('',( #2284 ) ) ;
#1438 = ORIENTED_EDGE ( 'NONE', *, *, #7495, .F. ) ;
#1439 = VECTOR ( 'NONE', #9500, 1000.000000000000227 ) ;
#1440 = SURFACE_SIDE_STYLE ('',( #8266 ) ) ;
#1441 = ORIENTED_EDGE ( 'NONE', *, *, #5294, .T. ) ;
#1442 = VECTOR ( 'NONE', #7233, 1000.000000000000000 ) ;
#1443 = VERTEX_POINT ( 'NONE', #5235 ) ;
#1444 = ADVANCED_FACE ( 'NONE', ( #9703 ), #6764, .F. ) ;
#1445 = CARTESIAN_POINT ( 'NONE',  ( 0.6484322457597512246, 0.05246132615999590798, 0.7999999999999999334 ) ) ;
#1446 = LINE ( 'NONE', #8226, #6414 ) ;
#1447 = VECTOR ( 'NONE', #7218, 1000.000000000000114 ) ;
#1448 = ORIENTED_EDGE ( 'NONE', *, *, #2518, .F. ) ;
#1449 = CARTESIAN_POINT ( 'NONE',  ( -0.1734300130465734335, 0.1378317718315006102, 0.8000000000000004885 ) ) ;
#1450 = ORIENTED_EDGE ( 'NONE', *, *, #115, .T. ) ;
#1451 = CARTESIAN_POINT ( 'NONE',  ( 0.6123584451790893279, -0.6058227587577498241, 0.8001000000000000334 ) ) ;
#1452 = STYLED_ITEM ( 'NONE', ( #7332 ), #7576 ) ;
#1453 = LINE ( 'NONE', #4503, #9340 ) ;
#1454 = CARTESIAN_POINT ( 'NONE',  ( 5.049999999999999822, -6.257395395487771941E-15, -9.000000000000001776 ) ) ;
#1455 = CARTESIAN_POINT ( 'NONE',  ( 0.000000000000000000, 0.000000000000000000, 2.900000000000000355 ) ) ;
#1456 = CARTESIAN_POINT ( 'NONE',  ( 0.5242353247504573099, -0.3056190045316933279, 0.8000000000000001554 ) ) ;
#1457 = SURFACE_STYLE_FILL_AREA ( #8286 ) ;
#1458 = CARTESIAN_POINT ( 'NONE',  ( 0.6091947115384613864, 1.759294871779854663, 0.8000000000000000444 ) ) ;
#1459 = EDGE_LOOP ( 'NONE', ( #5645, #9421, #6248, #3662 ) ) ;
#1460 = STYLED_ITEM ( 'NONE', ( #207 ), #7803 ) ;
#1461 = VERTEX_POINT ( 'NONE', #730 ) ;
#1462 =( NAMED_UNIT ( * ) SI_UNIT ( $, .STERADIAN. ) SOLID_ANGLE_UNIT ( ) );
#1463 = ADVANCED_FACE ( 'NONE', ( #6571 ), #8816, .T. ) ;
#1464 = LINE ( 'NONE', #6019, #7157 ) ;
#1465 = CARTESIAN_POINT ( 'NONE',  ( -0.09284855769230800082, 0.1621794871654436421, 0.8000000000000000444 ) ) ;
#1466 = DIRECTION ( 'NONE',  ( 0.000000000000000000, 1.000000000000000000, 0.000000000000000000 ) ) ;
#1467 = CARTESIAN_POINT ( 'NONE',  ( 5.516666666666665719, -4.066666666666668206, 1.533333333333337434 ) ) ;
#1468 = CARTESIAN_POINT ( 'NONE',  ( 0.7776702535762992641, -0.04579827361379159439, 0.8000999999999999224 ) ) ;
#1469 = FILL_AREA_STYLE_COLOUR ( '', #7378 ) ;
#1470 = ORIENTED_EDGE ( 'NONE', *, *, #456, .T. ) ;
#1471 = DIRECTION ( 'NONE',  ( 0.000000000000000000, -0.000000000000000000, 1.000000000000000000 ) ) ;
#1472 = CARTESIAN_POINT ( 'NONE',  ( 0.04269920492653982158, -0.9844812331892454083, 0.8000999999999998114 ) ) ;
#1473 = SURFACE_SIDE_STYLE ('',( #8447 ) ) ;
#1474 = ORIENTED_EDGE ( 'NONE', *, *, #5132, .T. ) ;
#1475 = CARTESIAN_POINT ( 'NONE',  ( -5.100000000000000533, 4.099999999999999645, 0.8001000000000000334 ) ) ;
#1476 = ADVANCED_FACE ( 'NONE', ( #5342 ), #1624, .T. ) ;
#1477 = DIRECTION ( 'NONE',  ( -0.000000000000000000, 0.000000000000000000, -1.000000000000000000 ) ) ;
#1478 = EDGE_CURVE ( 'NONE', #8430, #3531, #2822, .T. ) ;
#1479 = VECTOR ( 'NONE', #5003, 1000.000000000000000 ) ;
#1480 = LINE ( 'NONE', #8256, #7951 ) ;
#1481 = DIRECTION ( 'NONE',  ( -0.000000000000000000, 0.000000000000000000, -1.000000000000000000 ) ) ;
#1482 = CARTESIAN_POINT ( 'NONE',  ( 0.1078647983301111862, -0.6655659287699838833, 0.8001000000000000334 ) ) ;
#1483 = DIRECTION ( 'NONE',  ( -0.7210343373407113177, -0.6928993320646522625, 0.000000000000000000 ) ) ;
#1484 = FILL_AREA_STYLE_COLOUR ( '', #2757 ) ;
#1485 = VERTEX_POINT ( 'NONE', #8490 ) ;
#1486 = COLOUR_RGB ( '',0.9254901960784314152, 0.9254901960784314152, 0.9254901960784314152 ) ;
#1487 = CARTESIAN_POINT ( 'NONE',  ( -5.600000000000000533, -2.500000000000000444, -0.8000000000000000444 ) ) ;
#1488 = MECHANICAL_DESIGN_GEOMETRIC_PRESENTATION_REPRESENTATION (  '', ( #3895 ), #2454 ) ;
#1489 = ORIENTED_EDGE ( 'NONE', *, *, #9536, .F. ) ;
#1490 = CARTESIAN_POINT ( 'NONE',  ( 0.7499999999999997780, 2.956911057675936316, 0.8001000000000000334 ) ) ;
#1491 = ORIENTED_EDGE ( 'NONE', *, *, #9527, .F. ) ;
#1492 = SURFACE_SIDE_STYLE ('',( #6046 ) ) ;
#1493 = CARTESIAN_POINT ( 'NONE',  ( 0.6387582638732798301, 0.07726805704175186695, 0.8000000000000003775 ) ) ;
#1494 = CARTESIAN_POINT ( 'NONE',  ( -3.950000000000000178, -2.500000000000000444, -0.8001000000000000334 ) ) ;
#1495 = AXIS2_PLACEMENT_3D ( 'NONE', #2999, #9035, #6636 ) ;
#1496 = FILL_AREA_STYLE_COLOUR ( '', #4055 ) ;
#1497 = CARTESIAN_POINT ( 'NONE',  ( 4.849999999999996980, -4.400000000000000355, 1.200000000000002620 ) ) ;
#1498 = CARTESIAN_POINT ( 'NONE',  ( 0.7499999999999997780, 2.348076923060551824, 0.8001000000000000334 ) ) ;
#1499 = VERTEX_POINT ( 'NONE', #1667 ) ;
#1500 = ORIENTED_EDGE ( 'NONE', *, *, #1949, .T. ) ;
#1501 = ORIENTED_EDGE ( 'NONE', *, *, #8814, .F. ) ;
#1502 = EDGE_CURVE ( 'NONE', #8192, #8251, #4733, .T. ) ;
#1503 = STYLED_ITEM ( 'NONE', ( #8092 ), #2075 ) ;
#1504 = CARTESIAN_POINT ( 'NONE',  ( 0.7782051282051279939, -0.9265825320305592916, 0.8000000000000001554 ) ) ;
#1505 = DIRECTION ( 'NONE',  ( -1.000000000000000000, 0.000000000000000000, -0.000000000000000000 ) ) ;
#1506 = DIRECTION ( 'NONE',  ( -0.000000000000000000, 0.000000000000000000, 1.000000000000000000 ) ) ;
#1507 = LINE ( 'NONE', #4558, #1351 ) ;
#1508 = VECTOR ( 'NONE', #6405, 1000.000000000000000 ) ;
#1509 = CARTESIAN_POINT ( 'NONE',  ( 0.7499999999999997780, -2.573717948720140036, 0.8001000000000000334 ) ) ;
#1510 = LINE ( 'NONE', #7537, #1807 ) ;
#1511 = EDGE_LOOP ( 'NONE', ( #1763, #4672, #2898, #7372 ) ) ;
#1512 = B_SPLINE_CURVE_WITH_KNOTS ( 'NONE', 3,
 ( #3079, #6816, #6282, #9254, #2270, #777, #9802, #6077, #6129, #9064, #6506 ),
 .UNSPECIFIED., .F., .F.,
 ( 4, 1, 1, 1, 1, 1, 1, 1, 4 ),
 ( 0.000000000000000000, 0.1497703860319679892, 0.2913164099952441632, 0.4259663731047423907, 0.5521595739695280836, 0.6715274135235927977, 0.7861216286916589135, 0.8953250730704443994, 0.9999999999999998890 ),
 .UNSPECIFIED. ) ;
#1513 = ORIENTED_EDGE ( 'NONE', *, *, #7955, .F. ) ;
#1514 = EDGE_CURVE ( 'NONE', #4291, #5425, #5501, .T. ) ;
#1515 = CARTESIAN_POINT ( 'NONE',  ( 0.4394870070887810787, 2.083595228841804037, 0.8001000000000000334 ) ) ;
#1516 = SURFACE_SIDE_STYLE ('',( #5390 ) ) ;
#1517 = FILL_AREA_STYLE_COLOUR ( '', #5440 ) ;
#1518 = CARTESIAN_POINT ( 'NONE',  ( -0.2371794871794874193, 1.395933493574726514, 0.8001000000000088042 ) ) ;
#1519 = CARTESIAN_POINT ( 'NONE',  ( 0.6876290736306338580, -0.6694460261351063979, 0.8000000000000000444 ) ) ;
#1520 = CARTESIAN_POINT ( 'NONE',  ( 0.3777347722162264776, -0.5432244450295997673, 0.7999999999999998224 ) ) ;
#1521 = CARTESIAN_POINT ( 'NONE',  ( -0.3782051282051285268, -0.06037660257814608106, 0.8001000000000000334 ) ) ;
#1522 = CARTESIAN_POINT ( 'NONE',  ( 0.5942827175109414162, -1.101005570149893309, 0.8001000000000000334 ) ) ;
#1523 = ORIENTED_EDGE ( 'NONE', *, *, #3927, .T. ) ;
#1524 = MECHANICAL_DESIGN_GEOMETRIC_PRESENTATION_REPRESENTATION (  '', ( #4736 ), #5379 ) ;
#1525 = EDGE_CURVE ( 'NONE', #6843, #9556, #6866, .T. ) ;
#1526 = ORIENTED_EDGE ( 'NONE', *, *, #2997, .F. ) ;
#1527 = PRESENTATION_STYLE_ASSIGNMENT (( #1427 ) ) ;
#1528 = MECHANICAL_DESIGN_GEOMETRIC_PRESENTATION_REPRESENTATION (  '', ( #1052 ), #7575 ) ;
#1529 = CARTESIAN_POINT ( 'NONE',  ( 0.7499999999999997780, 1.219871794856777880, 0.8000000000000000444 ) ) ;
#1530 = CARTESIAN_POINT ( 'NONE',  ( -0.1036099248429173669, -0.2858024031166957468, 0.8001000000000001444 ) ) ;
#1531 = DIRECTION ( 'NONE',  ( 0.000000000000000000, -1.000000000000000000, 0.000000000000000000 ) ) ;
#1532 = CARTESIAN_POINT ( 'NONE',  ( -2.450000000000000178, -2.500000000000000444, -0.8001000000000000334 ) ) ;
#1533 = EDGE_CURVE ( 'NONE', #2078, #6694, #1512, .T. ) ;
#1534 = FILL_AREA_STYLE_COLOUR ( '', #6126 ) ;
#1535 =( LENGTH_UNIT ( ) NAMED_UNIT ( * ) SI_UNIT ( .MILLI., .METRE. ) );
#1536 = EDGE_CURVE ( 'NONE', #803, #3228, #1020, .T. ) ;
#1537 = ORIENTED_EDGE ( 'NONE', *, *, #6195, .F. ) ;
#1538 = PRESENTATION_LAYER_ASSIGNMENT (  '', '', ( #5852 ) ) ;
#1539 = DIRECTION ( 'NONE',  ( 1.000000000000000000, 0.000000000000000000, -0.000000000000000000 ) ) ;
#1540 = EDGE_LOOP ( 'NONE', ( #4294, #4808, #2401, #6132 ) ) ;
#1541 = DIRECTION ( 'NONE',  ( 0.5773502691896240657, -0.5773502691896240657, -0.5773502691896289507 ) ) ;
#1542 = ORIENTED_EDGE ( 'NONE', *, *, #9580, .T. ) ;
#1543 = DIRECTION ( 'NONE',  ( -1.239088197126291458E-15, -1.000000000000000000, 0.000000000000000000 ) ) ;
#1544 = LINE ( 'NONE', #6301, #7485 ) ;
#1545 = CARTESIAN_POINT ( 'NONE',  ( 0.000000000000000000, 0.000000000000000000, -9.000000000000001776 ) ) ;
#1546 = LINE ( 'NONE', #5318, #2421 ) ;
#1547 = FACE_OUTER_BOUND ( 'NONE', #7874, .T. ) ;
#1548 = EDGE_CURVE ( 'NONE', #9279, #5761, #2569, .T. ) ;
#1549 = ORIENTED_EDGE ( 'NONE', *, *, #4945, .F. ) ;
#1550 = EDGE_LOOP ( 'NONE', ( #5483, #9041, #8320, #9455 ) ) ;
#1551 = PLANE ( 'NONE',  #2829 ) ;
#1552 = ORIENTED_EDGE ( 'NONE', *, *, #3518, .F. ) ;
#1553 = CARTESIAN_POINT ( 'NONE',  ( 0.7571411782385009115, -1.050119763519729910, 0.7999999999999999334 ) ) ;
#1554 = PRODUCT_DEFINITION_FORMATION_WITH_SPECIFIED_SOURCE ( 'ANY', '', #1707, .NOT_KNOWN. ) ;
#1555 = FACE_BOUND ( 'NONE', #2845, .T. ) ;
#1556 = DIRECTION ( 'NONE',  ( 0.7071067811865424657, -8.761676666762079613E-16, -0.7071067811865526798 ) ) ;
#1557 = MECHANICAL_DESIGN_GEOMETRIC_PRESENTATION_REPRESENTATION (  '', ( #294 ), #5867 ) ;
#1558 = CARTESIAN_POINT ( 'NONE',  ( 0.03606196731698386310, 0.2293493449999436662, 0.8000999999999999224 ) ) ;
#1559 = CARTESIAN_POINT ( 'NONE',  ( -5.750000000000000000, 1.499999999999999112, 0.8001000000000000334 ) ) ;
#1560 =( GEOMETRIC_REPRESENTATION_CONTEXT ( 3 ) GLOBAL_UNCERTAINTY_ASSIGNED_CONTEXT ( ( #7540 ) ) GLOBAL_UNIT_ASSIGNED_CONTEXT ( ( #3241, #4030, #8448 ) ) REPRESENTATION_CONTEXT ( 'NONE', 'WORKASPACE' ) );
#1561 = CARTESIAN_POINT ( 'NONE',  ( -0.3500000000000002554, 2.905348557675936583, 0.8001000000000000334 ) ) ;
#1562 = CARTESIAN_POINT ( 'NONE',  ( 0.08929905410326256787, 0.1888020101874678391, 0.7999999999999997113 ) ) ;
#1563 = ORIENTED_EDGE ( 'NONE', *, *, #7307, .T. ) ;
#1564 = UNCERTAINTY_MEASURE_WITH_UNIT (LENGTH_MEASURE( 1.000000000000000082E-05 ), #1140, 'distance_accuracy_value', 'NONE');
#1565 = ORIENTED_EDGE ( 'NONE', *, *, #5476, .F. ) ;
#1566 = CIRCLE ( 'NONE', #3810, 0.6499999999999995781 ) ;
#1567 = FACE_OUTER_BOUND ( 'NONE', #8, .T. ) ;
#1568 = PLANE ( 'NONE',  #8839 ) ;
#1569 = LINE ( 'NONE', #7498, #8967 ) ;
#1570 = ADVANCED_FACE ( 'NONE', ( #4125 ), #5678, .T. ) ;
#1571 = CARTESIAN_POINT ( 'NONE',  ( 0.03667388999076894723, -0.8173907403538450689, 0.8000000000000003775 ) ) ;
#1572 = STYLED_ITEM ( 'NONE', ( #7747 ), #5666 ) ;
#1573 = CARTESIAN_POINT ( 'NONE',  ( -0.3184568321087419274, 0.1382360344024633758, 0.8000000000000002665 ) ) ;
#1574 = CARTESIAN_POINT ( 'NONE',  ( 0.4679487179487177295, -1.163461538440815568, 0.8001000000000000334 ) ) ;
#1575 = EDGE_LOOP ( 'NONE', ( #8533, #5156, #3049, #3508 ) ) ;
#1576 = COLOUR_RGB ( '',0.2509803921568627416, 0.2509803921568627416, 0.2509803921568627416 ) ;
#1577 =( LENGTH_UNIT ( ) NAMED_UNIT ( * ) SI_UNIT ( .MILLI., .METRE. ) );
#1578 = ORIENTED_EDGE ( 'NONE', *, *, #2429, .T. ) ;
#1579 = AXIS2_PLACEMENT_3D ( 'NONE', #4909, #1104, #366 ) ;
#1580 = FACE_OUTER_BOUND ( 'NONE', #6097, .T. ) ;
#1581 = LINE ( 'NONE', #5300, #1896 ) ;
#1582 = CARTESIAN_POINT ( 'NONE',  ( 0.1855636206405941457, -0.5976768009406708826, 0.8001000000000002554 ) ) ;
#1583 = DIRECTION ( 'NONE',  ( -1.000000000000000000, 0.000000000000000000, 0.000000000000000000 ) ) ;
#1584 = AXIS2_PLACEMENT_3D ( 'NONE', #47, #9165, #5547 ) ;
#1585 = CARTESIAN_POINT ( 'NONE',  ( 0.2178059871815752613, 0.2436206782573457907, 0.8001000000000000334 ) ) ;
#1586 = DIRECTION ( 'NONE',  ( 0.000000000000000000, -0.7071067811865504593, 0.7071067811865445751 ) ) ;
#1587 =( GEOMETRIC_REPRESENTATION_CONTEXT ( 3 ) GLOBAL_UNCERTAINTY_ASSIGNED_CONTEXT ( ( #4880 ) ) GLOBAL_UNIT_ASSIGNED_CONTEXT ( ( #7349, #6610, #5969 ) ) REPRESENTATION_CONTEXT ( 'NONE', 'WORKASPACE' ) );
#1588 = DIRECTION ( 'NONE',  ( 1.000000000000000000, 0.000000000000000000, 0.000000000000000000 ) ) ;
#1589 = ORIENTED_EDGE ( 'NONE', *, *, #4223, .T. ) ;
#1590 = SURFACE_STYLE_FILL_AREA ( #3894 ) ;
#1591 = ORIENTED_EDGE ( 'NONE', *, *, #5132, .F. ) ;
#1592 = ORIENTED_EDGE ( 'NONE', *, *, #9591, .T. ) ;
#1593 = CARTESIAN_POINT ( 'NONE',  ( 4.849999999999997868, 1.700000000000000178, 2.699999999999997957 ) ) ;
#1594 = PLANE ( 'NONE',  #3199 ) ;
#1595 = MECHANICAL_DESIGN_GEOMETRIC_PRESENTATION_REPRESENTATION (  '', ( #4310 ), #4318 ) ;
#1596 = ADVANCED_FACE ( 'NONE', ( #9490 ), #5404, .T. ) ;
#1597 = CARTESIAN_POINT ( 'NONE',  ( 0.7465974734936925428, 1.654485508292443674, 0.8001000000000001444 ) ) ;
#1598 = CARTESIAN_POINT ( 'NONE',  ( -0.2371794871794874193, -0.9594150640818412956, 0.8000000000000000444 ) ) ;
#1599 = DIRECTION ( 'NONE',  ( 0.000000000000000000, 0.000000000000000000, -1.000000000000000000 ) ) ;
#1600 = SURFACE_STYLE_USAGE ( .BOTH. , #8414 ) ;
#1601 = VERTEX_POINT ( 'NONE', #7789 ) ;
#1602 = EDGE_LOOP ( 'NONE', ( #8022, #6462, #4500, #75 ) ) ;
#1603 = LINE ( 'NONE', #7578, #4915 ) ;
#1604 = ORIENTED_EDGE ( 'NONE', *, *, #6472, .T. ) ;
#1605 = CARTESIAN_POINT ( 'NONE',  ( 5.849999999999997868, -1.200000000000002176, -9.000000000000001776 ) ) ;
#1606 = EDGE_CURVE ( 'NONE', #1461, #1485, #3917, .T. ) ;
#1607 = SURFACE_STYLE_FILL_AREA ( #2455 ) ;
#1608 = EDGE_CURVE ( 'NONE', #6911, #8665, #8957, .T. ) ;
#1609 =( LENGTH_UNIT ( ) NAMED_UNIT ( * ) SI_UNIT ( .MILLI., .METRE. ) );
#1610 = CARTESIAN_POINT ( 'NONE',  ( 0.1435897435897433294, -0.9069711538254310312, 0.8000000000000000444 ) ) ;
#1611 = CARTESIAN_POINT ( 'NONE',  ( 0.3512674343259158394, 2.006528544744833997, 0.8001000000000000334 ) ) ;
#1612 = CARTESIAN_POINT ( 'NONE',  ( -0.3690839149426322630, 0.02410804884069379928, 0.8000000000000001554 ) ) ;
#1613 = ORIENTED_EDGE ( 'NONE', *, *, #6103, .T. ) ;
#1614 = ORIENTED_EDGE ( 'NONE', *, *, #503, .T. ) ;
#1615 = VECTOR ( 'NONE', #786, 1000.000000000000000 ) ;
#1616 = CARTESIAN_POINT ( 'NONE',  ( -0.04668653305728297925, 0.1550765531587768864, 0.8001000000000000334 ) ) ;
#1617 = CARTESIAN_POINT ( 'NONE',  ( 0.6199107041841805943, -1.211300973190179597, 0.7999999999999999334 ) ) ;
#1618 = CARTESIAN_POINT ( 'NONE',  ( 4.849999999999996980, 1.200000000000002620, -9.000000000000001776 ) ) ;
#1619 = CARTESIAN_POINT ( 'NONE',  ( -6.749999999999999112, -5.400000000000000355, -0.8000000000000000444 ) ) ;
#1620 =( NAMED_UNIT ( * ) PLANE_ANGLE_UNIT ( ) SI_UNIT ( $, .RADIAN. ) );
#1621 = LINE ( 'NONE', #871, #5993 ) ;
#1622 = AXIS2_PLACEMENT_3D ( 'NONE', #8754, #5025, #8038 ) ;
#1623 = CARTESIAN_POINT ( 'NONE',  ( 0.4538461538461536215, -0.3314102564242999427, 0.8000000000000000444 ) ) ;
#1624 = PLANE ( 'NONE',  #5014 ) ;
#1625 = EDGE_LOOP ( 'NONE', ( #1421, #519, #3280, #5082 ) ) ;
#1626 = DIRECTION ( 'NONE',  ( 1.000000000000000000, 0.000000000000000000, 0.000000000000000000 ) ) ;
#1627 = EDGE_CURVE ( 'NONE', #755, #3362, #9287, .T. ) ;
#1628 = LINE ( 'NONE', #8392, #475 ) ;
#1629 = DIRECTION ( 'NONE',  ( -1.000000000000000000, 0.000000000000000000, 0.000000000000000000 ) ) ;
#1630 = FILL_AREA_STYLE_COLOUR ( '', #3214 ) ;
#1631 = CARTESIAN_POINT ( 'NONE',  ( 0.06960951846891966222, -0.7211104303841500140, 0.8001000000000000334 ) ) ;
#1632 = CARTESIAN_POINT ( 'NONE',  ( 4.849999999999997868, -3.699999999999999289, 2.900000000000000355 ) ) ;
#1633 = FACE_OUTER_BOUND ( 'NONE', #1647, .T. ) ;
#1634 = LINE ( 'NONE', #9172, #8690 ) ;
#1635 = B_SPLINE_SURFACE_WITH_KNOTS ( 'NONE', 3, 1, ( 
 ( #4643, #935 ),
 ( #6188, #9222 ),
 ( #52, #2434 ),
 ( #1679, #7766 ),
 ( #3940, #981 ),
 ( #1585, #6920 ),
 ( #9171, #887 ) ),
 .UNSPECIFIED., .F., .F., .F.,
 ( 4, 1, 1, 1, 4 ),
 ( 2, 2 ),
 ( 0.000000000000000000, 0.2539158886230786782, 0.5038961297186511645, 0.7502553885301005421, 1.000000000000000000 ),
 ( 0.000000000000000000, 1.000000000000000000 ),
 .UNSPECIFIED. ) ;
#1636 = FACE_OUTER_BOUND ( 'NONE', #3995, .T. ) ;
#1637 = ORIENTED_EDGE ( 'NONE', *, *, #1348, .F. ) ;
#1638 =( LENGTH_UNIT ( ) NAMED_UNIT ( * ) SI_UNIT ( .MILLI., .METRE. ) );
#1639 = CARTESIAN_POINT ( 'NONE',  ( 0.6564816219111325735, 1.925473682858351854, 0.8000000000000002665 ) ) ;
#1640 = CARTESIAN_POINT ( 'NONE',  ( -0.2163643518389606613, -0.2076634613785063033, 0.8000000000000000444 ) ) ;
#1641 = CARTESIAN_POINT ( 'NONE',  ( -5.250000000000000000, 1.499999999999999112, -0.8001000000000000334 ) ) ;
#1642 = SURFACE_SIDE_STYLE ('',( #9274 ) ) ;
#1643 = FILL_AREA_STYLE_COLOUR ( '', #7865 ) ;
#1644 = VECTOR ( 'NONE', #3200, 1000.000000000000000 ) ;
#1645 = VERTEX_POINT ( 'NONE', #2555 ) ;
#1646 = ORIENTED_EDGE ( 'NONE', *, *, #4635, .T. ) ;
#1647 = EDGE_LOOP ( 'NONE', ( #7122, #3423, #1372, #1613 ) ) ;
#1648 = ADVANCED_FACE ( 'NONE', ( #3117 ), #2457, .T. ) ;
#1649 = CARTESIAN_POINT ( 'NONE',  ( 0.5332214843649253355, -1.248961033454746739, 0.7999999999999999334 ) ) ;
#1650 = STYLED_ITEM ( 'NONE', ( #4520 ), #1444 ) ;
#1651 = SURFACE_STYLE_USAGE ( .BOTH. , #3167 ) ;
#1652 = FACE_OUTER_BOUND ( 'NONE', #1954, .T. ) ;
#1653 = CARTESIAN_POINT ( 'NONE',  ( 0.3112073355946877173, -0.6513002547487980465, 0.8000000000000002665 ) ) ;
#1654 = DIRECTION ( 'NONE',  ( 0.000000000000000000, 1.000000000000000000, 0.000000000000000000 ) ) ;
#1655 = ORIENTED_EDGE ( 'NONE', *, *, #7264, .F. ) ;
#1656 = STYLED_ITEM ( 'NONE', ( #4814 ), #1648 ) ;
#1657 = VECTOR ( 'NONE', #3323, 1000.000000000000000 ) ;
#1658 = ORIENTED_EDGE ( 'NONE', *, *, #6409, .T. ) ;
#1659 = UNCERTAINTY_MEASURE_WITH_UNIT (LENGTH_MEASURE( 1.000000000000000082E-05 ), #9211, 'distance_accuracy_value', 'NONE');
#1660 = EDGE_CURVE ( 'NONE', #8314, #2928, #3581, .T. ) ;
#1661 = EDGE_CURVE ( 'NONE', #9055, #1833, #5479, .T. ) ;
#1662 = LINE ( 'NONE', #2511, #7303 ) ;
#1663 = CARTESIAN_POINT ( 'NONE',  ( 0.5637449679198758279, -1.238960962933693066, 0.8001000000000001444 ) ) ;
#1664 = CARTESIAN_POINT ( 'NONE',  ( -0.2298582140490801895, 1.596889910809807134, 0.7999999999999998224 ) ) ;
#1665 = CARTESIAN_POINT ( 'NONE',  ( 4.099999999999997868, -5.249999999999999112, -3.100000000000000089 ) ) ;
#1666 = PLANE ( 'NONE',  #416 ) ;
#1667 = CARTESIAN_POINT ( 'NONE',  ( 4.849999999999997868, -1.000000000000000000, -3.100000000000000089 ) ) ;
#1668 = ORIENTED_EDGE ( 'NONE', *, *, #5253, .F. ) ;
#1669 = CARTESIAN_POINT ( 'NONE',  ( 0.000000000000000000, 3.900000000000004796, 2.900000000000000355 ) ) ;
#1670 = ADVANCED_FACE ( 'NONE', ( #4721 ), #7688, .T. ) ;
#1671 = VECTOR ( 'NONE', #1654, 1000.000000000000000 ) ;
#1672 = DIRECTION ( 'NONE',  ( -0.000000000000000000, -0.000000000000000000, -1.000000000000000000 ) ) ;
#1673 =( LENGTH_UNIT ( ) NAMED_UNIT ( * ) SI_UNIT ( .MILLI., .METRE. ) );
#1674 = CARTESIAN_POINT ( 'NONE',  ( -0.3350927906751083318, 1.689813104603666849, 0.8001000000000002554 ) ) ;
#1675 = LINE ( 'NONE', #9261, #1907 ) ;
#1676 = CARTESIAN_POINT ( 'NONE',  ( 0.7298438316195002828, -1.104189698300890310, 0.8001000000000000334 ) ) ;
#1677 = SURFACE_STYLE_FILL_AREA ( #7805 ) ;
#1678 = VECTOR ( 'NONE', #7196, 1000.000000000000000 ) ;
#1679 = CARTESIAN_POINT ( 'NONE',  ( 0.1729551691530094859, 0.1987717080289631011, 0.8000999999999999224 ) ) ;
#1680 = EDGE_CURVE ( 'NONE', #3479, #324, #7235, .T. ) ;
#1681 = CARTESIAN_POINT ( 'NONE',  ( 0.4019974362027579629, 0.2171462498570680133, 0.8000000000000007105 ) ) ;
#1682 = B_SPLINE_CURVE_WITH_KNOTS ( 'NONE', 3,
 ( #6321, #6226, #2562, #5485, #819, #8483, #4674, #5626, #4728, #913, #8526 ),
 .UNSPECIFIED., .F., .F.,
 ( 4, 1, 1, 1, 1, 1, 1, 1, 4 ),
 ( 0.000000000000000000, 0.08431861695858196282, 0.1792845142139041503, 0.2865825276465607807, 0.4051114834342785520, 0.5355928734189739915, 0.6781902099934136174, 0.8329758397604883902, 1.000000000000000000 ),
 .UNSPECIFIED. ) ;
#1683 = VERTEX_POINT ( 'NONE', #415 ) ;
#1684 =( NAMED_UNIT ( * ) SI_UNIT ( $, .STERADIAN. ) SOLID_ANGLE_UNIT ( ) );
#1685 = AXIS2_PLACEMENT_3D ( 'NONE', #7205, #8002, #3397 ) ;
#1686 = CARTESIAN_POINT ( 'NONE',  ( -6.749999999999999112, -5.400000000000000355, 0.8000000000000000444 ) ) ;
#1687 = SURFACE_STYLE_USAGE ( .BOTH. , #1142 ) ;
#1688 = ADVANCED_FACE ( 'NONE', ( #1055 ), #6404, .T. ) ;
#1689 = PRESENTATION_STYLE_ASSIGNMENT (( #1600 ) ) ;
#1690 = ORIENTED_EDGE ( 'NONE', *, *, #7693, .T. ) ;
#1691 = EDGE_LOOP ( 'NONE', ( #4491, #1668, #3908, #4438, #2843, #9617 ) ) ;
#1692 = CARTESIAN_POINT ( 'NONE',  ( -5.750000000000000000, 4.099999999999999645, -0.8001000000000000334 ) ) ;
#1693 = ORIENTED_EDGE ( 'NONE', *, *, #4541, .T. ) ;
#1694 = DIRECTION ( 'NONE',  ( -0.000000000000000000, 0.000000000000000000, -1.000000000000000000 ) ) ;
#1695 = CIRCLE ( 'NONE', #4903, 1.500000000000000000 ) ;
#1696 = PRESENTATION_STYLE_ASSIGNMENT (( #4810 ) ) ;
#1697 = CARTESIAN_POINT ( 'NONE',  ( -0.3782051282051285268, -0.06037660257814608106, 0.8000000000000001554 ) ) ;
#1698 = CARTESIAN_POINT ( 'NONE',  ( 0.3449665954699624448, 0.3084079624487556237, 0.8001000000000000334 ) ) ;
#1699 = ADVANCED_FACE ( 'NONE', ( #1893, #1202 ), #4250, .T. ) ;
#1700 = CARTESIAN_POINT ( 'NONE',  ( 0.1435897435897433294, -0.9069711538254310312, 0.8001000000000000334 ) ) ;
#1701 =( GEOMETRIC_REPRESENTATION_CONTEXT ( 3 ) GLOBAL_UNCERTAINTY_ASSIGNED_CONTEXT ( ( #3674 ) ) GLOBAL_UNIT_ASSIGNED_CONTEXT ( ( #5636, #6957, #5496 ) ) REPRESENTATION_CONTEXT ( 'NONE', 'WORKASPACE' ) );
#1702 = CARTESIAN_POINT ( 'NONE',  ( 0.6056585081780424540, 1.769335786617845852, 0.8000000000000000444 ) ) ;
#1703 = ORIENTED_EDGE ( 'NONE', *, *, #5220, .T. ) ;
#1704 = VERTEX_POINT ( 'NONE', #1498 ) ;
#1705 =( GEOMETRIC_REPRESENTATION_CONTEXT ( 3 ) GLOBAL_UNCERTAINTY_ASSIGNED_CONTEXT ( ( #575 ) ) GLOBAL_UNIT_ASSIGNED_CONTEXT ( ( #2495, #7873, #4100 ) ) REPRESENTATION_CONTEXT ( 'NONE', 'WORKASPACE' ) );
#1706 = CARTESIAN_POINT ( 'NONE',  ( 0.5942827175109414162, -1.101005570149893309, 0.8001000000000000334 ) ) ;
#1707 = PRODUCT ( 'GY-VL53LDK', 'GY-VL53LDK', '', ( #7938 ) ) ;
#1708 = CARTESIAN_POINT ( 'NONE',  ( 0.5332214843649253355, -1.248961033454746739, 0.8000000000000001554 ) ) ;
#1709 = LINE ( 'NONE', #8574, #6969 ) ;
#1710 = EDGE_CURVE ( 'NONE', #4210, #417, #9680, .T. ) ;
#1711 = DIRECTION ( 'NONE',  ( 1.000000000000000000, 3.469446951953613696E-16, 0.000000000000000000 ) ) ;
#1712 = PRESENTATION_STYLE_ASSIGNMENT (( #5444 ) ) ;
#1713 = ORIENTED_EDGE ( 'NONE', *, *, #579, .T. ) ;
#1714 = VECTOR ( 'NONE', #7415, 1000.000000000000114 ) ;
#1715 = LINE ( 'NONE', #2425, #1403 ) ;
#1716 = CARTESIAN_POINT ( 'NONE',  ( 0.6201138987482283094, -0.2267925813053112416, 0.8000999999999998114 ) ) ;
#1717 = SURFACE_STYLE_USAGE ( .BOTH. , #2324 ) ;
#1718 = FACE_OUTER_BOUND ( 'NONE', #6613, .T. ) ;
#1719 = LINE ( 'NONE', #5641, #5450 ) ;
#1720 = VECTOR ( 'NONE', #7705, 1000.000000000000000 ) ;
#1721 = EDGE_CURVE ( 'NONE', #3701, #2236, #2121, .T. ) ;
#1722 = CARTESIAN_POINT ( 'NONE',  ( 0.3966227269930844845, 0.3166297311438085460, 0.8000000000000000444 ) ) ;
#1723 =( NAMED_UNIT ( * ) SI_UNIT ( $, .STERADIAN. ) SOLID_ANGLE_UNIT ( ) );
#1724 = DIRECTION ( 'NONE',  ( -0.000000000000000000, -0.000000000000000000, -1.000000000000000000 ) ) ;
#1725 = STYLED_ITEM ( 'NONE', ( #3572 ), #5753 ) ;
#1726 = ORIENTED_EDGE ( 'NONE', *, *, #809, .F. ) ;
#1727 = LINE ( 'NONE', #3305, #9475 ) ;
#1728 = CARTESIAN_POINT ( 'NONE',  ( 0.6362197766345875083, 1.950086255832611748, 0.8000999999999998114 ) ) ;
#1729 = MECHANICAL_DESIGN_GEOMETRIC_PRESENTATION_REPRESENTATION (  '', ( #9024 ), #5120 ) ;
#1730 = PLANE ( 'NONE',  #6234 ) ;
#1731 = PRESENTATION_STYLE_ASSIGNMENT (( #1687 ) ) ;
#1732 = CARTESIAN_POINT ( 'NONE',  ( -5.750000000000000000, 4.099999999999999645, 0.8001000000000000334 ) ) ;
#1733 = PRESENTATION_LAYER_ASSIGNMENT (  '', '', ( #4 ) ) ;
#1734 = B_SPLINE_CURVE_WITH_KNOTS ( 'NONE', 3,
 ( #572, #8756, #3621, #6648, #9638, #2864, #5917, #8803, #1855, #481, #4927 ),
 .UNSPECIFIED., .F., .F.,
 ( 4, 1, 1, 1, 1, 1, 1, 1, 4 ),
 ( 0.000000000000000000, 0.1281355097972548263, 0.2541727119019793757, 0.3781116451390017508, 0.5017122630072845535, 0.6239863093684847595, 0.7470956136177412388, 0.8728746366500622633, 1.000000000000000000 ),
 .UNSPECIFIED. ) ;
#1735 =( NAMED_UNIT ( * ) PLANE_ANGLE_UNIT ( ) SI_UNIT ( $, .RADIAN. ) );
#1736 = ORIENTED_EDGE ( 'NONE', *, *, #3293, .T. ) ;
#1737 = ORIENTED_EDGE ( 'NONE', *, *, #6646, .F. ) ;
#1738 = ORIENTED_EDGE ( 'NONE', *, *, #4853, .T. ) ;
#1739 = MECHANICAL_DESIGN_GEOMETRIC_PRESENTATION_REPRESENTATION (  '', ( #4623 ), #4951 ) ;
#1740 = CARTESIAN_POINT ( 'NONE',  ( 0.03276328678314199827, 0.09042622568653789494, 0.8001000000000000334 ) ) ;
#1741 = EDGE_CURVE ( 'NONE', #1995, #9202, #3711, .T. ) ;
#1742 = FACE_BOUND ( 'NONE', #5991, .T. ) ;
#1743 = PLANE ( 'NONE',  #7658 ) ;
#1744 = STYLED_ITEM ( 'NONE', ( #9415 ), #9188 ) ;
#1745 = CARTESIAN_POINT ( 'NONE',  ( 5.049999999999998046, -1.499999999999997335, -9.000000000000001776 ) ) ;
#1746 = CARTESIAN_POINT ( 'NONE',  ( 0.6546037282070852337, -0.8393306637975868068, 0.8000000000000000444 ) ) ;
#1747 = SURFACE_STYLE_USAGE ( .BOTH. , #8566 ) ;
#1748 = CIRCLE ( 'NONE', #3676, 1.650000000000000355 ) ;
#1749 = CARTESIAN_POINT ( 'NONE',  ( 0.4663662824128488316, 1.953339457206357155, 0.8000000000000000444 ) ) ;
#1750 = ORIENTED_EDGE ( 'NONE', *, *, #2267, .F. ) ;
#1751 = EDGE_LOOP ( 'NONE', ( #6594, #1438, #6560, #677 ) ) ;
#1752 = UNCERTAINTY_MEASURE_WITH_UNIT (LENGTH_MEASURE( 1.000000000000000082E-05 ), #5018, 'distance_accuracy_value', 'NONE');
#1753 = ADVANCED_FACE ( 'NONE', ( #2034 ), #5319, .F. ) ;
#1754 = CARTESIAN_POINT ( 'NONE',  ( 0.6117478922792668472, -1.080621960768096468, 0.8000000000000002665 ) ) ;
#1755 = CARTESIAN_POINT ( 'NONE',  ( 0.7298438316195002828, -1.104189698300890310, 0.8000000000000002665 ) ) ;
#1756 = CARTESIAN_POINT ( 'NONE',  ( 5.849999999999997868, -1.000000000000000000, 2.699999999999997957 ) ) ;
#1757 = DIRECTION ( 'NONE',  ( -0.000000000000000000, -0.000000000000000000, -1.000000000000000000 ) ) ;
#1758 = SURFACE_SIDE_STYLE ('',( #2514 ) ) ;
#1759 = CARTESIAN_POINT ( 'NONE',  ( 0.4778833076949843828, 0.2140559398384532241, 0.8001000000000001444 ) ) ;
#1760 = CARTESIAN_POINT ( 'NONE',  ( 0.1473497954897450279, -0.8499408046255811922, 0.8000000000000002665 ) ) ;
#1761 = ORIENTED_EDGE ( 'NONE', *, *, #9463, .T. ) ;
#1762 = PRESENTATION_LAYER_ASSIGNMENT (  '', '', ( #973 ) ) ;
#1763 = ORIENTED_EDGE ( 'NONE', *, *, #4800, .T. ) ;
#1764 = SURFACE_STYLE_FILL_AREA ( #4738 ) ;
#1765 = CARTESIAN_POINT ( 'NONE',  ( 0.6652448348717181492, -0.07059488299690268309, 0.8000999999999998114 ) ) ;
#1766 = EDGE_CURVE ( 'NONE', #5827, #1443, #710, .T. ) ;
#1767 = LINE ( 'NONE', #6915, #5898 ) ;
#1768 = CARTESIAN_POINT ( 'NONE',  ( 0.7499999999999997780, -1.882692307684061150, 0.8001000000000000334 ) ) ;
#1769 = DIRECTION ( 'NONE',  ( 0.000000000000000000, 0.000000000000000000, 1.000000000000000000 ) ) ;
#1770 = LINE ( 'NONE', #9406, #2926 ) ;
#1771 = CARTESIAN_POINT ( 'NONE',  ( 0.4986035184450753333, -1.156368378385575157, 0.8000000000000001554 ) ) ;
#1772 = VECTOR ( 'NONE', #3212, 1000.000000000000000 ) ;
#1773 = CARTESIAN_POINT ( 'NONE',  ( 0.2162436337936217978, 0.01977600939684957468, 0.8001000000000002554 ) ) ;
#1774 = VERTEX_POINT ( 'NONE', #8319 ) ;
#1775 = EDGE_CURVE ( 'NONE', #3857, #2283, #3661, .T. ) ;
#1776 = LINE ( 'NONE', #4840, #3659 ) ;
#1777 = EDGE_CURVE ( 'NONE', #8712, #460, #3001, .T. ) ;
#1778 = CARTESIAN_POINT ( 'NONE',  ( 0.6905539622604964789, 1.872033328284488540, 0.8000000000000003775 ) ) ;
#1779 = SURFACE_STYLE_FILL_AREA ( #8594 ) ;
#1780 = SURFACE_SIDE_STYLE ('',( #505 ) ) ;
#1781 = B_SPLINE_CURVE_WITH_KNOTS ( 'NONE', 3,
 ( #2296, #5903, #15, #5370, #9725, #7426, #9624, #6000, #7478, #4599, #7627, #801, #8890, #2084, #610, #3660, #5954, #665, #8510 ),
 .UNSPECIFIED., .F., .F.,
 ( 4, 1, 1, 1, 1, 1, 1, 1, 1, 1, 1, 1, 1, 1, 1, 1, 4 ),
 ( 0.000000000000000000, 0.06420430398585547094, 0.1264187998912175703, 0.1876715405934559211, 0.2480408217205966048, 0.3083372847749699663, 0.3696903576340546671, 0.4317250278824263932, 0.4959703750950639201, 0.5597785340178025315, 0.6223130043727442828, 0.6839253612931943671, 0.7451042837219183923, 0.8067492289987205911, 0.8690927171294497988, 0.9332931108680967425, 1.000000000000000000 ),
 .UNSPECIFIED. ) ;
#1782 = DIRECTION ( 'NONE',  ( 0.000000000000000000, 1.000000000000000000, 0.000000000000000000 ) ) ;
#1783 = DIRECTION ( 'NONE',  ( -1.000000000000000000, 1.239088197126290669E-15, 0.000000000000000000 ) ) ;
#1784 = CARTESIAN_POINT ( 'NONE',  ( 0.7717100164208547941, -0.8462998081221534408, 0.8000000000000000444 ) ) ;
#1785 = CARTESIAN_POINT ( 'NONE',  ( -0.09240785256410283255, 0.2608974358833923701, 0.8000000000000001554 ) ) ;
#1786 = ORIENTED_EDGE ( 'NONE', *, *, #6245, .T. ) ;
#1787 = ORIENTED_EDGE ( 'NONE', *, *, #4115, .T. ) ;
#1788 = SURFACE_STYLE_USAGE ( .BOTH. , #1836 ) ;
#1789 = VERTEX_POINT ( 'NONE', #5855 ) ;
#1790 = FILL_AREA_STYLE_COLOUR ( '', #6995 ) ;
#1791 =( NAMED_UNIT ( * ) PLANE_ANGLE_UNIT ( ) SI_UNIT ( $, .RADIAN. ) );
#1792 = MECHANICAL_DESIGN_GEOMETRIC_PRESENTATION_REPRESENTATION (  '', ( #6118 ), #219 ) ;
#1793 = FILL_AREA_STYLE ('',( #6989 ) ) ;
#1794 = CARTESIAN_POINT ( 'NONE',  ( 0.08929905410326256787, 0.1888020101874678391, 0.7999999999999997113 ) ) ;
#1795 = CARTESIAN_POINT ( 'NONE',  ( 0.7499999999999997780, 1.219871794856777880, 0.8001000000000000334 ) ) ;
#1796 = EDGE_CURVE ( 'NONE', #7089, #3390, #8841, .T. ) ;
#1797 = ORIENTED_EDGE ( 'NONE', *, *, #8981, .T. ) ;
#1798 = ORIENTED_EDGE ( 'NONE', *, *, #5545, .T. ) ;
#1799 = VECTOR ( 'NONE', #2778, 1000.000000000000000 ) ;
#1800 = MECHANICAL_DESIGN_GEOMETRIC_PRESENTATION_REPRESENTATION (  '', ( #3425 ), #8933 ) ;
#1801 = FILL_AREA_STYLE ('',( #7987 ) ) ;
#1802 = LINE ( 'NONE', #5579, #8885 ) ;
#1803 =( NAMED_UNIT ( * ) PLANE_ANGLE_UNIT ( ) SI_UNIT ( $, .RADIAN. ) );
#1804 = CARTESIAN_POINT ( 'NONE',  ( 0.2007970508808455679, 2.023556629817103936, 0.8001000000000001444 ) ) ;
#1805 = FACE_OUTER_BOUND ( 'NONE', #4614, .T. ) ;
#1806 = VECTOR ( 'NONE', #16, 1000.000000000000000 ) ;
#1807 = VECTOR ( 'NONE', #720, 1000.000000000000114 ) ;
#1808 = CARTESIAN_POINT ( 'NONE',  ( 0.4778833076949843828, 0.2140559398384532241, 0.8000000000000005995 ) ) ;
#1809 = CARTESIAN_POINT ( 'NONE',  ( 0.3112073355946877173, -0.6513002547487980465, 0.8000000000000002665 ) ) ;
#1810 = ADVANCED_FACE ( 'NONE', ( #6690 ), #5165, .T. ) ;
#1811 = ORIENTED_EDGE ( 'NONE', *, *, #6338, .F. ) ;
#1812 = ORIENTED_EDGE ( 'NONE', *, *, #3732, .T. ) ;
#1813 = PLANE ( 'NONE',  #3154 ) ;
#1814 = SURFACE_STYLE_FILL_AREA ( #7706 ) ;
#1815 = PRESENTATION_LAYER_ASSIGNMENT (  '', '', ( #5978 ) ) ;
#1816 = CARTESIAN_POINT ( 'NONE',  ( 0.6091947115384613864, 1.759294871779854663, 0.8001000000000000334 ) ) ;
#1817 = SURFACE_SIDE_STYLE ('',( #6379 ) ) ;
#1818 =( LENGTH_UNIT ( ) NAMED_UNIT ( * ) SI_UNIT ( .MILLI., .METRE. ) );
#1819 = CARTESIAN_POINT ( 'NONE',  ( 0.2469737362473935494, -0.6820221139012839773, 0.8001000000000001444 ) ) ;
#1820 = EDGE_CURVE ( 'NONE', #5864, #7985, #5420, .T. ) ;
#1821 = STYLED_ITEM ( 'NONE', ( #4506 ), #2399 ) ;
#1822 = FACE_OUTER_BOUND ( 'NONE', #9729, .T. ) ;
#1823 = DIRECTION ( 'NONE',  ( -0.000000000000000000, -0.000000000000000000, -1.000000000000000000 ) ) ;
#1824 = ORIENTED_EDGE ( 'NONE', *, *, #3836, .F. ) ;
#1825 = LINE ( 'NONE', #6526, #7774 ) ;
#1826 = AXIS2_PLACEMENT_3D ( 'NONE', #1210, #4260, #2661 ) ;
#1827 = CARTESIAN_POINT ( 'NONE',  ( 0.04892820120395531547, -1.007043771879420957, 0.8001000000000001444 ) ) ;
#1828 = SURFACE_STYLE_USAGE ( .BOTH. , #1780 ) ;
#1829 = CARTESIAN_POINT ( 'NONE',  ( -0.08076238953945034937, 2.055712629764127275, 0.8000999999999998114 ) ) ;
#1830 = CARTESIAN_POINT ( 'NONE',  ( 0.4787901262391313084, -0.3238358122791578642, 0.8000000000000002665 ) ) ;
#1831 = ADVANCED_FACE ( 'NONE', ( #1547 ), #208, .T. ) ;
#1832 = CARTESIAN_POINT ( 'NONE',  ( 0.4538461538461536771, -0.4301282051422487540, 0.8000000000000004885 ) ) ;
#1833 = VERTEX_POINT ( 'NONE', #63 ) ;
#1834 = VERTEX_POINT ( 'NONE', #3213 ) ;
#1835 = COLOUR_RGB ( '',1.000000000000000000, 1.000000000000000000, 1.000000000000000000 ) ;
#1836 = SURFACE_SIDE_STYLE ('',( #7226 ) ) ;
#1837 = ORIENTED_EDGE ( 'NONE', *, *, #5422, .T. ) ;
#1838 = CARTESIAN_POINT ( 'NONE',  ( -0.08502919972484614120, 0.1617837862799661186, 0.8000999999999998114 ) ) ;
#1839 = FACE_OUTER_BOUND ( 'NONE', #1540, .T. ) ;
#1840 = LINE ( 'NONE', #7231, #7310 ) ;
#1841 = CARTESIAN_POINT ( 'NONE',  ( 0.6044934378117831075, -0.7444802281216694739, 0.8000000000000001554 ) ) ;
#1842 =( GEOMETRIC_REPRESENTATION_CONTEXT ( 3 ) GLOBAL_UNCERTAINTY_ASSIGNED_CONTEXT ( ( #7338 ) ) GLOBAL_UNIT_ASSIGNED_CONTEXT ( ( #8164, #1324, #1284 ) ) REPRESENTATION_CONTEXT ( 'NONE', 'WORKASPACE' ) );
#1843 =( NAMED_UNIT ( * ) PLANE_ANGLE_UNIT ( ) SI_UNIT ( $, .RADIAN. ) );
#1844 =( LENGTH_UNIT ( ) NAMED_UNIT ( * ) SI_UNIT ( .MILLI., .METRE. ) );
#1845 = EDGE_CURVE ( 'NONE', #7324, #6805, #2342, .T. ) ;
#1846 = CARTESIAN_POINT ( 'NONE',  ( 0.2258624142429669357, 2.023513275508832976, 0.7999999999999999334 ) ) ;
#1847 = ORIENTED_EDGE ( 'NONE', *, *, #7924, .T. ) ;
#1848 = UNCERTAINTY_MEASURE_WITH_UNIT (LENGTH_MEASURE( 1.000000000000000082E-05 ), #2848, 'distance_accuracy_value', 'NONE');
#1849 = ORIENTED_EDGE ( 'NONE', *, *, #8347, .F. ) ;
#1850 = UNCERTAINTY_MEASURE_WITH_UNIT (LENGTH_MEASURE( 1.000000000000000082E-05 ), #7952, 'distance_accuracy_value', 'NONE');
#1851 = FILL_AREA_STYLE_COLOUR ( '', #341 ) ;
#1852 = CARTESIAN_POINT ( 'NONE',  ( -0.1819661202264915567, 1.798583203915284479, 0.8000000000000001554 ) ) ;
#1853 = LINE ( 'NONE', #51, #1615 ) ;
#1854 = DIRECTION ( 'NONE',  ( 0.000000000000000000, 0.000000000000000000, 1.000000000000000000 ) ) ;
#1855 = CARTESIAN_POINT ( 'NONE',  ( 0.3966227269930844845, 0.3166297311438085460, 0.8000000000000000444 ) ) ;
#1856 = CARTESIAN_POINT ( 'NONE',  ( 0.1695748182027320139, -0.7749759701074644402, 0.8001000000000001444 ) ) ;
#1857 = B_SPLINE_CURVE_WITH_KNOTS ( 'NONE', 3,
 ( #1316, #5041, #5090, #7868, #4371, #6347, #6570, #9323, #3496, #4274, #8768, #9551, #8102, #2777, #5782, #5824, #1962, #1276, #6612, #9649, #4096, #4326, #1784, #2826, #8815, #2106, #2004 ),
 .UNSPECIFIED., .F., .F.,
 ( 4, 1, 1, 1, 1, 1, 1, 1, 1, 1, 1, 1, 1, 1, 1, 1, 1, 1, 1, 1, 1, 1, 1, 1, 4 ),
 ( 0.000000000000000000, 0.04401641302609998752, 0.08743798231709516700, 0.1301241410529550280, 0.1725613097109424954, 0.2142176203315096783, 0.2563024923207569139, 0.2984444850884291900, 0.3405355360341024151, 0.3824035700547522287, 0.4236142451276407317, 0.4642225993249143312, 0.5040517852033810087, 0.5438417755474606041, 0.5835483469147170199, 0.6230776852221733275, 0.6632141983679044062, 0.7035381757130891867, 0.7439265941338955024, 0.7845317461583771745, 0.8257424212312658440, 0.8677515272464187968, 0.9107412250311066604, 0.9549124571724221244, 1.000000000000000000 ),
 .UNSPECIFIED. ) ;
#1858 = VERTEX_POINT ( 'NONE', #6206 ) ;
#1859 = UNCERTAINTY_MEASURE_WITH_UNIT (LENGTH_MEASURE( 1.000000000000000082E-05 ), #6678, 'distance_accuracy_value', 'NONE');
#1860 = EDGE_LOOP ( 'NONE', ( #9422, #2274, #3120, #6593 ) ) ;
#1861 = CARTESIAN_POINT ( 'NONE',  ( -0.2014845853115945495, 0.1140553129402461091, 0.8001000000000000334 ) ) ;
#1862 = STYLED_ITEM ( 'NONE', ( #1387 ), #4663 ) ;
#1863 = CARTESIAN_POINT ( 'NONE',  ( 0.6123604239357878232, 0.1219524945840674418, 0.8001000000000003665 ) ) ;
#1864 = LINE ( 'NONE', #8047, #6519 ) ;
#1865 = ADVANCED_FACE ( 'NONE', ( #2398 ), #5465, .T. ) ;
#1866 = FILL_AREA_STYLE_COLOUR ( '', #4456 ) ;
#1867 = STYLED_ITEM ( 'NONE', ( #6424 ), #9567 ) ;
#1868 = CARTESIAN_POINT ( 'NONE',  ( -4.249999999999999112, -0.2000000000000005107, 2.000000000000000000 ) ) ;
#1869 = CARTESIAN_POINT ( 'NONE',  ( 0.4949758072560432876, -0.5551638535840578426, 0.8001000000000001444 ) ) ;
#1870 = FILL_AREA_STYLE ('',( #4743 ) ) ;
#1871 = STYLED_ITEM ( 'NONE', ( #8390 ), #5040 ) ;
#1872 = AXIS2_PLACEMENT_3D ( 'NONE', #1185, #9512, #2734 ) ;
#1873 = FILL_AREA_STYLE ('',( #2780 ) ) ;
#1874 = EDGE_LOOP ( 'NONE', ( #6889, #7620, #395, #8147 ) ) ;
#1875 = CARTESIAN_POINT ( 'NONE',  ( 0.1513982211442914672, -0.9884836158885251800, 0.8000000000000003775 ) ) ;
#1876 = FACE_OUTER_BOUND ( 'NONE', #2137, .T. ) ;
#1877 = AXIS2_PLACEMENT_3D ( 'NONE', #6520, #5880, #7954 ) ;
#1878 = CARTESIAN_POINT ( 'NONE',  ( 5.849999999999997868, 1.000000000000000444, 2.900000000000000355 ) ) ;
#1879 = CARTESIAN_POINT ( 'NONE',  ( 0.4117436787608110271, 1.984249014089753294, 0.8000999999999999224 ) ) ;
#1880 = DIRECTION ( 'NONE',  ( -0.000000000000000000, -0.000000000000000000, -1.000000000000000000 ) ) ;
#1881 = CARTESIAN_POINT ( 'NONE',  ( -0.3103365384615386358, 1.791025641010623781, 0.8001000000000000334 ) ) ;
#1882 = FACE_OUTER_BOUND ( 'NONE', #7491, .T. ) ;
#1883 = CARTESIAN_POINT ( 'NONE',  ( -0.2415219472210941021, -0.3273080313883471315, 0.8001000000000000334 ) ) ;
#1884 = ORIENTED_EDGE ( 'NONE', *, *, #5441, .T. ) ;
#1885 = EDGE_LOOP ( 'NONE', ( #4344, #4955, #8992, #2586 ) ) ;
#1886 = VERTEX_POINT ( 'NONE', #1040 ) ;
#1887 = SURFACE_STYLE_USAGE ( .BOTH. , #8692 ) ;
#1888 = EDGE_CURVE ( 'NONE', #5322, #9030, #1857, .T. ) ;
#1889 =( GEOMETRIC_REPRESENTATION_CONTEXT ( 3 ) GLOBAL_UNCERTAINTY_ASSIGNED_CONTEXT ( ( #4982 ) ) GLOBAL_UNIT_ASSIGNED_CONTEXT ( ( #8451, #8302, #831 ) ) REPRESENTATION_CONTEXT ( 'NONE', 'WORKASPACE' ) );
#1890 = CARTESIAN_POINT ( 'NONE',  ( 0.5437162966514504925, -0.6875840499520594618, 0.7999999999999998224 ) ) ;
#1891 = CARTESIAN_POINT ( 'NONE',  ( -0.3500000000000002554, 3.046153846137475085, 0.8001000000000000334 ) ) ;
#1892 = SURFACE_STYLE_FILL_AREA ( #3473 ) ;
#1893 = FACE_OUTER_BOUND ( 'NONE', #3303, .T. ) ;
#1894 = SURFACE_SIDE_STYLE ('',( #8031 ) ) ;
#1895 = ORIENTED_EDGE ( 'NONE', *, *, #3139, .F. ) ;
#1896 = VECTOR ( 'NONE', #8348, 1000.000000000000000 ) ;
#1897 = VERTEX_POINT ( 'NONE', #7260 ) ;
#1898 = EDGE_CURVE ( 'NONE', #3151, #9202, #2878, .T. ) ;
#1899 = VECTOR ( 'NONE', #6838, 1000.000000000000114 ) ;
#1900 = EDGE_CURVE ( 'NONE', #7944, #2753, #8053, .T. ) ;
#1901 = DIRECTION ( 'NONE',  ( -0.000000000000000000, 0.7071067811865504593, 0.7071067811865445751 ) ) ;
#1902 = SURFACE_SIDE_STYLE ('',( #9539 ) ) ;
#1903 = DIRECTION ( 'NONE',  ( 1.414176746720223153E-16, -1.000000000000000000, 0.000000000000000000 ) ) ;
#1904 = CARTESIAN_POINT ( 'NONE',  ( -1.749999999999999556, -0.2000000000000005107, 2.000000000000000000 ) ) ;
#1905 = CARTESIAN_POINT ( 'NONE',  ( 0.3603928721146316128, -0.6422584416153928055, 0.8000000000000000444 ) ) ;
#1906 = ORIENTED_EDGE ( 'NONE', *, *, #3318, .T. ) ;
#1907 = VECTOR ( 'NONE', #2525, 1000.000000000000000 ) ;
#1908 = EDGE_LOOP ( 'NONE', ( #4171, #3530, #5934, #9704 ) ) ;
#1909 = DIRECTION ( 'NONE',  ( 0.000000000000000000, -1.000000000000000000, 0.000000000000000000 ) ) ;
#1910 = CARTESIAN_POINT ( 'NONE',  ( 4.849999999999997868, 4.400000000000000355, 2.900000000000000355 ) ) ;
#1911 = FILL_AREA_STYLE_COLOUR ( '', #1576 ) ;
#1912 = CARTESIAN_POINT ( 'NONE',  ( 0.1338942307692305433, 0.1324318910115975523, 0.8001000000000001444 ) ) ;
#1913 = DIRECTION ( 'NONE',  ( -0.000000000000000000, -0.000000000000000000, -1.000000000000000000 ) ) ;
#1914 = CARTESIAN_POINT ( 'NONE',  ( 0.1999999999999997613, -0.1198717948858383786, 0.8001000000000000334 ) ) ;
#1915 = STYLED_ITEM ( 'NONE', ( #7560 ), #7186 ) ;
#1916 = CARTESIAN_POINT ( 'NONE',  ( 0.1338942307692305433, 0.1324318910115975523, 0.8001000000000001444 ) ) ;
#1917 = ADVANCED_FACE ( 'NONE', ( #6517 ), #6968, .T. ) ;
#1918 = FILL_AREA_STYLE_COLOUR ( '', #8078 ) ;
#1919 = ORIENTED_EDGE ( 'NONE', *, *, #4673, .T. ) ;
#1920 = CARTESIAN_POINT ( 'NONE',  ( 4.849999999999997868, 4.400000000000000355, 2.900000000000000355 ) ) ;
#1921 = STYLED_ITEM ( 'NONE', ( #8141 ), #7388 ) ;
#1922 = CYLINDRICAL_SURFACE ( 'NONE', #1113, 1.500000000000000000 ) ;
#1923 = DIRECTION ( 'NONE',  ( 1.239088197126291458E-15, 1.000000000000000000, 0.000000000000000000 ) ) ;
#1924 = DIRECTION ( 'NONE',  ( 0.9209995595737976437, 0.3895636164541944058, 0.000000000000000000 ) ) ;
#1925 = CARTESIAN_POINT ( 'NONE',  ( -0.2573546918308818321, 1.898565306069535552, 0.8001000000000000334 ) ) ;
#1926 = SURFACE_STYLE_FILL_AREA ( #8736 ) ;
#1927 =( GEOMETRIC_REPRESENTATION_CONTEXT ( 3 ) GLOBAL_UNCERTAINTY_ASSIGNED_CONTEXT ( ( #5762 ) ) GLOBAL_UNIT_ASSIGNED_CONTEXT ( ( #9232, #1735, #6346 ) ) REPRESENTATION_CONTEXT ( 'NONE', 'WORKASPACE' ) );
#1928 = CARTESIAN_POINT ( 'NONE',  ( 0.7583492921457480884, -0.1956975173820976188, 0.8001000000000002554 ) ) ;
#1929 = LINE ( 'NONE', #6627, #8396 ) ;
#1930 = VERTEX_POINT ( 'NONE', #3078 ) ;
#1931 = CARTESIAN_POINT ( 'NONE',  ( 0.04892820120395531547, -1.007043771879420957, 0.8000000000000001554 ) ) ;
#1932 = ORIENTED_EDGE ( 'NONE', *, *, #6950, .T. ) ;
#1933 = CARTESIAN_POINT ( 'NONE',  ( 0.05214342948717932275, -1.018689903825431120, 0.8000000000000000444 ) ) ;
#1934 = DIRECTION ( 'NONE',  ( 0.000000000000000000, -1.000000000000000000, 0.000000000000000000 ) ) ;
#1935 =( LENGTH_UNIT ( ) NAMED_UNIT ( * ) SI_UNIT ( .MILLI., .METRE. ) );
#1936 = LINE ( 'NONE', #5015, #3413 ) ;
#1937 = CARTESIAN_POINT ( 'NONE',  ( 0.4704031946172843592, -0.6526467475363433302, 0.8000000000000000444 ) ) ;
#1938 = SURFACE_STYLE_FILL_AREA ( #8748 ) ;
#1939 = ADVANCED_FACE ( 'NONE', ( #7598 ), #6278, .T. ) ;
#1940 = ORIENTED_EDGE ( 'NONE', *, *, #599, .F. ) ;
#1941 = ORIENTED_EDGE ( 'NONE', *, *, #3068, .F. ) ;
#1942 = UNCERTAINTY_MEASURE_WITH_UNIT (LENGTH_MEASURE( 1.000000000000000082E-05 ), #3259, 'distance_accuracy_value', 'NONE');
#1943 = MECHANICAL_DESIGN_GEOMETRIC_PRESENTATION_REPRESENTATION (  '', ( #7525 ), #5172 ) ;
#1944 = CARTESIAN_POINT ( 'NONE',  ( -0.2202549219344415166, -0.2024034927944254603, 0.8000999999999999224 ) ) ;
#1945 = SURFACE_STYLE_FILL_AREA ( #4258 ) ;
#1946 = LINE ( 'NONE', #8039, #6316 ) ;
#1947 = CARTESIAN_POINT ( 'NONE',  ( 0.000000000000000000, 0.000000000000000000, -9.000000000000001776 ) ) ;
#1948 = DIRECTION ( 'NONE',  ( 1.000000000000000000, 0.000000000000000000, 0.000000000000000000 ) ) ;
#1949 = EDGE_CURVE ( 'NONE', #9493, #9471, #5290, .T. ) ;
#1950 = ORIENTED_EDGE ( 'NONE', *, *, #2537, .T. ) ;
#1951 = UNCERTAINTY_MEASURE_WITH_UNIT (LENGTH_MEASURE( 1.000000000000000082E-05 ), #9524, 'distance_accuracy_value', 'NONE');
#1952 = EDGE_CURVE ( 'NONE', #4164, #748, #3130, .T. ) ;
#1953 = STYLED_ITEM ( 'NONE', ( #425 ), #1570 ) ;
#1954 = EDGE_LOOP ( 'NONE', ( #4220, #7682 ) ) ;
#1955 = CARTESIAN_POINT ( 'NONE',  ( 0.7782051282051279939, -0.9265825320305592916, 0.8001000000000000334 ) ) ;
#1956 = CARTESIAN_POINT ( 'NONE',  ( -0.2371794871794874193, 1.395933493574726514, 0.8000000000000000444 ) ) ;
#1957 = SURFACE_STYLE_FILL_AREA ( #8763 ) ;
#1958 = SURFACE_STYLE_FILL_AREA ( #5778 ) ;
#1959 = FILL_AREA_STYLE_COLOUR ( '', #1835 ) ;
#1960 = STYLED_ITEM ( 'NONE', ( #5863 ), #439 ) ;
#1961 = LINE ( 'NONE', #3444, #1061 ) ;
#1962 = CARTESIAN_POINT ( 'NONE',  ( 0.7173050163589189676, -0.7079053664253148748, 0.8000000000000000444 ) ) ;
#1963 = DIRECTION ( 'NONE',  ( -0.5773502691896224004, -0.5773502691896248429, 0.5773502691896298389 ) ) ;
#1964 = EDGE_CURVE ( 'NONE', #9570, #1290, #8296, .T. ) ;
#1965 = DIRECTION ( 'NONE',  ( -0.000000000000000000, 0.000000000000000000, -1.000000000000000000 ) ) ;
#1966 = AXIS2_PLACEMENT_3D ( 'NONE', #3107, #9187, #4710 ) ;
#1967 = CARTESIAN_POINT ( 'NONE',  ( 0.1755240215082160271, 2.023239717437979479, 0.8000000000000001554 ) ) ;
#1968 = VERTEX_POINT ( 'NONE', #8442 ) ;
#1969 = CARTESIAN_POINT ( 'NONE',  ( 5.849999999999997868, -1.000000000000000000, 1.200000000000002620 ) ) ;
#1970 =( NAMED_UNIT ( * ) PLANE_ANGLE_UNIT ( ) SI_UNIT ( $, .RADIAN. ) );
#1971 = DIRECTION ( 'NONE',  ( -1.000000000000000000, 0.000000000000000000, 0.000000000000000000 ) ) ;
#1972 =( GEOMETRIC_REPRESENTATION_CONTEXT ( 3 ) GLOBAL_UNCERTAINTY_ASSIGNED_CONTEXT ( ( #4869 ) ) GLOBAL_UNIT_ASSIGNED_CONTEXT ( ( #5630, #1620, #4679 ) ) REPRESENTATION_CONTEXT ( 'NONE', 'WORKASPACE' ) );
#1973 = CARTESIAN_POINT ( 'NONE',  ( 0.1673718316374303017, 2.121770724974571642, 0.8001000000000001444 ) ) ;
#1974 = CARTESIAN_POINT ( 'NONE',  ( 0.1955195471571517796, -1.137707540152229635, 0.8000000000000001554 ) ) ;
#1975 = CARTESIAN_POINT ( 'NONE',  ( 0.6231720936891615992, -0.3676640700887141011, 0.8001000000000002554 ) ) ;
#1976 = FILL_AREA_STYLE_COLOUR ( '', #3340 ) ;
#1977 = ORIENTED_EDGE ( 'NONE', *, *, #4223, .F. ) ;
#1978 = LINE ( 'NONE', #8927, #6032 ) ;
#1979 = EDGE_LOOP ( 'NONE', ( #4854, #8749, #4021, #2160 ) ) ;
#1980 = DIRECTION ( 'NONE',  ( -1.000000000000000000, 0.000000000000000000, 0.000000000000000000 ) ) ;
#1981 = EDGE_CURVE ( 'NONE', #3689, #1122, #3777, .T. ) ;
#1982 = CARTESIAN_POINT ( 'NONE',  ( 5.649999999999995026, -1.699999999999999734, -9.000000000000001776 ) ) ;
#1983 = CARTESIAN_POINT ( 'NONE',  ( 4.849999999999996980, -1.499999999999997335, -9.000000000000001776 ) ) ;
#1984 = STYLED_ITEM ( 'NONE', ( #6514 ), #3255 ) ;
#1985 = DIRECTION ( 'NONE',  ( 0.000000000000000000, -1.000000000000000000, 0.000000000000000000 ) ) ;
#1986 = VERTEX_POINT ( 'NONE', #1623 ) ;
#1987 = VERTEX_POINT ( 'NONE', #1418 ) ;
#1988 = AXIS2_PLACEMENT_3D ( 'NONE', #3752, #9773, #896 ) ;
#1989 = SURFACE_SIDE_STYLE ('',( #3426 ) ) ;
#1990 =( NAMED_UNIT ( * ) PLANE_ANGLE_UNIT ( ) SI_UNIT ( $, .RADIAN. ) );
#1991 = LINE ( 'NONE', #8755, #7251 ) ;
#1992 = CARTESIAN_POINT ( 'NONE',  ( 4.849999999999997868, -1.000000000000000000, 2.900000000000000355 ) ) ;
#1993 =( LENGTH_UNIT ( ) NAMED_UNIT ( * ) SI_UNIT ( .MILLI., .METRE. ) );
#1994 = EDGE_LOOP ( 'NONE', ( #9641, #6341, #380, #2992 ) ) ;
#1995 = VERTEX_POINT ( 'NONE', #2318 ) ;
#1996 = CARTESIAN_POINT ( 'NONE',  ( 0.7781218833679839353, -0.9173945235981745272, 0.8001000000000001444 ) ) ;
#1997 = LINE ( 'NONE', #8762, #3354 ) ;
#1998 = EDGE_CURVE ( 'NONE', #6640, #3704, #636, .T. ) ;
#1999 = VECTOR ( 'NONE', #5643, 1000.000000000000000 ) ;
#2000 = SURFACE_STYLE_USAGE ( .BOTH. , #5036 ) ;
#2001 =( LENGTH_UNIT ( ) NAMED_UNIT ( * ) SI_UNIT ( .MILLI., .METRE. ) );
#2002 = CARTESIAN_POINT ( 'NONE',  ( 0.3906049679487177406, -0.5429487179279950393, 0.8001000000000000334 ) ) ;
#2003 = CARTESIAN_POINT ( 'NONE',  ( 0.6743237552826062409, -0.3276938164778557816, 0.8001000000000003665 ) ) ;
#2004 = CARTESIAN_POINT ( 'NONE',  ( 0.7782051282051279939, -0.9265825320305592916, 0.8000000000000001554 ) ) ;
#2005 = SURFACE_SIDE_STYLE ('',( #5825 ) ) ;
#2006 = VERTEX_POINT ( 'NONE', #3684 ) ;
#2007 =( LENGTH_UNIT ( ) NAMED_UNIT ( * ) SI_UNIT ( .MILLI., .METRE. ) );
#2008 = DIRECTION ( 'NONE',  ( -0.5773502691896269523, -0.5773502691896277295, -0.5773502691896226224 ) ) ;
#2009 = EDGE_LOOP ( 'NONE', ( #4365, #3449, #6703, #2745 ) ) ;
#2010 = CARTESIAN_POINT ( 'NONE',  ( -0.1072269125461082495, -0.3851460826205282961, 0.8000000000000002665 ) ) ;
#2011 = PLANE ( 'NONE',  #1872 ) ;
#2012 = ADVANCED_FACE ( 'NONE', ( #6711 ), #3874, .T. ) ;
#2013 = EDGE_CURVE ( 'NONE', #9616, #7165, #5677, .T. ) ;
#2014 = CARTESIAN_POINT ( 'NONE',  ( 0.1338942307692305433, 0.1324318910115975523, 0.8001000000000001444 ) ) ;
#2015 =( NAMED_UNIT ( * ) PLANE_ANGLE_UNIT ( ) SI_UNIT ( $, .RADIAN. ) );
#2016 = MECHANICAL_DESIGN_GEOMETRIC_PRESENTATION_REPRESENTATION (  '', ( #1080 ), #3331 ) ;
#2017 = CARTESIAN_POINT ( 'NONE',  ( -0.3500000000000002554, 1.219871794856777880, 0.8001000000000000334 ) ) ;
#2018 = DIRECTION ( 'NONE',  ( 0.000000000000000000, -1.000000000000000000, 0.000000000000000000 ) ) ;
#2019 = CARTESIAN_POINT ( 'NONE',  ( -0.2959020579295525977, 1.828921203568396603, 0.8000999999999998114 ) ) ;
#2020 = CARTESIAN_POINT ( 'NONE',  ( 0.6653846153846152411, -0.06147836539865887684, 0.8001000000000000334 ) ) ;
#2021 = VECTOR ( 'NONE', #5821, 1000.000000000000000 ) ;
#2022 = CARTESIAN_POINT ( 'NONE',  ( -0.2861763183436037417, -0.2902089775277817418, 0.8001000000000000334 ) ) ;
#2023 = CARTESIAN_POINT ( 'NONE',  ( 0.6016115367181085194, 0.2678381868505343988, 0.8000000000000001554 ) ) ;
#2024 = ORIENTED_EDGE ( 'NONE', *, *, #5511, .T. ) ;
#2025 = STYLED_ITEM ( 'NONE', ( #1527 ), #8361 ) ;
#2026 = ORIENTED_EDGE ( 'NONE', *, *, #7140, .T. ) ;
#2027 = DIRECTION ( 'NONE',  ( -0.000000000000000000, 1.000000000000000000, 0.000000000000000000 ) ) ;
#2028 = SURFACE_SIDE_STYLE ('',( #8025 ) ) ;
#2029 = CARTESIAN_POINT ( 'NONE',  ( -0.1054425868264756705, 1.905361045579040624, 0.8000999999999999224 ) ) ;
#2030 = CYLINDRICAL_SURFACE ( 'NONE', #346, 1.650000000000000355 ) ;
#2031 = VECTOR ( 'NONE', #5935, 1000.000000000000000 ) ;
#2032 = PLANE ( 'NONE',  #9732 ) ;
#2033 = SURFACE_SIDE_STYLE ('',( #6494 ) ) ;
#2034 = FACE_OUTER_BOUND ( 'NONE', #1908, .T. ) ;
#2035 = PRESENTATION_STYLE_ASSIGNMENT (( #6549 ) ) ;
#2036 = VERTEX_POINT ( 'NONE', #280 ) ;
#2037 = VERTEX_POINT ( 'NONE', #872 ) ;
#2038 = UNCERTAINTY_MEASURE_WITH_UNIT (LENGTH_MEASURE( 1.000000000000000082E-05 ), #4272, 'distance_accuracy_value', 'NONE');
#2039 = ADVANCED_FACE ( 'NONE', ( #5543, #4825 ), #6955, .T. ) ;
#2040 = VECTOR ( 'NONE', #7976, 1000.000000000000000 ) ;
#2041 = CARTESIAN_POINT ( 'NONE',  ( -5.750000000000000000, 1.499999999999999112, 0.8001000000000000334 ) ) ;
#2042 = B_SPLINE_CURVE_WITH_KNOTS ( 'NONE', 3,
 ( #6781, #2945, #6880, #5, #4487, #4589, #789, #839, #9125, #5252, #55 ),
 .UNSPECIFIED., .F., .F.,
 ( 4, 1, 1, 1, 1, 1, 1, 1, 4 ),
 ( 0.000000000000000000, 0.1182604269471046188, 0.2361558108840868808, 0.3556302211949985415, 0.4762494473041360421, 0.6001641196112292853, 0.7286330771605740164, 0.8613262312325872250, 1.000000000000000000 ),
 .UNSPECIFIED. ) ;
#2043 = SURFACE_SIDE_STYLE ('',( #5672 ) ) ;
#2044 =( GEOMETRIC_REPRESENTATION_CONTEXT ( 3 ) GLOBAL_UNCERTAINTY_ASSIGNED_CONTEXT ( ( #3965 ) ) GLOBAL_UNIT_ASSIGNED_CONTEXT ( ( #1127, #288, #8097 ) ) REPRESENTATION_CONTEXT ( 'NONE', 'WORKASPACE' ) );
#2045 = SURFACE_STYLE_FILL_AREA ( #5862 ) ;
#2046 = MECHANICAL_DESIGN_GEOMETRIC_PRESENTATION_REPRESENTATION (  '', ( #4 ), #8263 ) ;
#2047 = DIRECTION ( 'NONE',  ( -0.000000000000000000, -0.000000000000000000, -1.000000000000000000 ) ) ;
#2048 = ORIENTED_EDGE ( 'NONE', *, *, #1998, .T. ) ;
#2049 = UNCERTAINTY_MEASURE_WITH_UNIT (LENGTH_MEASURE( 1.000000000000000082E-05 ), #650, 'distance_accuracy_value', 'NONE');
#2050 = ORIENTED_EDGE ( 'NONE', *, *, #6530, .T. ) ;
#2051 = STYLED_ITEM ( 'NONE', ( #7650 ), #8760 ) ;
#2052 =( LENGTH_UNIT ( ) NAMED_UNIT ( * ) SI_UNIT ( .MILLI., .METRE. ) );
#2053 = CARTESIAN_POINT ( 'NONE',  ( 0.4232171474358971675, 0.3173076922936488020, 0.8000000000000000444 ) ) ;
#2054 = CARTESIAN_POINT ( 'NONE',  ( 6.249999999999996447, 3.300000000000001155, 0.8000000000000000444 ) ) ;
#2055 = CARTESIAN_POINT ( 'NONE',  ( 0.5196595116561907313, -0.5623802644016349106, 0.8001000000000001444 ) ) ;
#2056 = COLOUR_RGB ( '',0.9254901960784314152, 0.9254901960784314152, 0.9254901960784314152 ) ;
#2057 = DIRECTION ( 'NONE',  ( 0.000000000000000000, -0.000000000000000000, -1.000000000000000000 ) ) ;
#2058 = ORIENTED_EDGE ( 'NONE', *, *, #9240, .T. ) ;
#2059 = AXIS2_PLACEMENT_3D ( 'NONE', #6111, #5378, #3716 ) ;
#2060 = B_SPLINE_CURVE_WITH_KNOTS ( 'NONE', 3,
 ( #4522, #9067, #1472, #3029, #6131, #7659, #9114 ),
 .UNSPECIFIED., .F., .F.,
 ( 4, 1, 1, 1, 4 ),
 ( 0.000000000000000000, 0.2750683690187434860, 0.5329014600899358856, 0.7739734595924445681, 1.000000000000000000 ),
 .UNSPECIFIED. ) ;
#2061 = ADVANCED_FACE ( 'NONE', ( #6370 ), #9349, .F. ) ;
#2062 = CARTESIAN_POINT ( 'NONE',  ( 5.849999999999997868, -1.699999999999999734, 2.900000000000000355 ) ) ;
#2063 = ORIENTED_EDGE ( 'NONE', *, *, #9053, .T. ) ;
#2064 = DIRECTION ( 'NONE',  ( 0.000000000000000000, -0.000000000000000000, 1.000000000000000000 ) ) ;
#2065 = DIRECTION ( 'NONE',  ( 0.000000000000000000, -1.000000000000000000, 0.000000000000000000 ) ) ;
#2066 = MECHANICAL_DESIGN_GEOMETRIC_PRESENTATION_REPRESENTATION (  '', ( #8585 ), #6548 ) ;
#2067 = CARTESIAN_POINT ( 'NONE',  ( 0.5540412591306143053, 1.869555605432821954, 0.8000999999999999224 ) ) ;
#2068 = FILL_AREA_STYLE ('',( #4429 ) ) ;
#2069 = CARTESIAN_POINT ( 'NONE',  ( 5.649999999999993250, -0.000000000000000000, 2.900000000000000355 ) ) ;
#2070 = CARTESIAN_POINT ( 'NONE',  ( 0.4019974362027579629, 0.2171462498570680133, 0.8000000000000003775 ) ) ;
#2071 = CARTESIAN_POINT ( 'NONE',  ( -0.3682476114188789063, -0.1458605569835083327, 0.7999999999999998224 ) ) ;
#2072 = CARTESIAN_POINT ( 'NONE',  ( -0.3500000000000002554, -2.933333333335524706, 0.8001000000000000334 ) ) ;
#2073 = EDGE_CURVE ( 'NONE', #104, #5363, #5130, .T. ) ;
#2074 = ORIENTED_EDGE ( 'NONE', *, *, #9537, .T. ) ;
#2075 = ADVANCED_FACE ( 'NONE', ( #6558 ), #3483, .F. ) ;
#2076 = VECTOR ( 'NONE', #5002, 1000.000000000000000 ) ;
#2077 = SURFACE_STYLE_FILL_AREA ( #6729 ) ;
#2078 = VERTEX_POINT ( 'NONE', #7245 ) ;
#2079 = CARTESIAN_POINT ( 'NONE',  ( 0.3777347722162264776, -0.5432244450295997673, 0.8000000000000000444 ) ) ;
#2080 = DIRECTION ( 'NONE',  ( 0.000000000000000000, 0.000000000000000000, 1.000000000000000000 ) ) ;
#2081 = CARTESIAN_POINT ( 'NONE',  ( 0.1384412315653575365, 2.019256362733779842, 0.8000999999999998114 ) ) ;
#2082 = AXIS2_PLACEMENT_3D ( 'NONE', #3814, #3763, #4453 ) ;
#2083 = CARTESIAN_POINT ( 'NONE',  ( -0.04668653305728297925, 0.1550765531587768864, 0.8000000000000000444 ) ) ;
#2084 = CARTESIAN_POINT ( 'NONE',  ( 0.4960736095813333968, -0.6616520650852760754, 0.8000999999999999224 ) ) ;
#2085 = DIRECTION ( 'NONE',  ( 0.5773502691896225114, -0.5773502691896250649, 0.5773502691896298389 ) ) ;
#2086 = CARTESIAN_POINT ( 'NONE',  ( 5.849999999999997868, 4.799999999999999822, 0.8000000000000000444 ) ) ;
#2087 = ORIENTED_EDGE ( 'NONE', *, *, #8705, .T. ) ;
#2088 = LINE ( 'NONE', #9443, #6982 ) ;
#2089 = ORIENTED_EDGE ( 'NONE', *, *, #2140, .T. ) ;
#2090 = CARTESIAN_POINT ( 'NONE',  ( 4.849999999999996980, 1.000000000000000444, 2.699999999999997957 ) ) ;
#2091 = SURFACE_STYLE_USAGE ( .BOTH. , #25 ) ;
#2092 = EDGE_CURVE ( 'NONE', #9373, #6740, #7294, .T. ) ;
#2093 = CARTESIAN_POINT ( 'NONE',  ( 0.5624573467179937447, -0.2842812030675017088, 0.7999999999999999334 ) ) ;
#2094 = DIRECTION ( 'NONE',  ( -0.000000000000000000, -0.000000000000000000, -1.000000000000000000 ) ) ;
#2095 = CARTESIAN_POINT ( 'NONE',  ( 5.049999999999998934, 1.699999999999999734, -9.000000000000001776 ) ) ;
#2096 = VERTEX_POINT ( 'NONE', #8849 ) ;
#2097 = EDGE_LOOP ( 'NONE', ( #371, #4072, #9656, #8925 ) ) ;
#2098 = AXIS2_PLACEMENT_3D ( 'NONE', #8273, #6735, #7572 ) ;
#2099 =( NAMED_UNIT ( * ) PLANE_ANGLE_UNIT ( ) SI_UNIT ( $, .RADIAN. ) );
#2100 =( NAMED_UNIT ( * ) SI_UNIT ( $, .STERADIAN. ) SOLID_ANGLE_UNIT ( ) );
#2101 = PRESENTATION_STYLE_ASSIGNMENT (( #6758 ) ) ;
#2102 = DIRECTION ( 'NONE',  ( 0.6743193281498542913, -0.7384398714069611014, 0.000000000000000000 ) ) ;
#2103 = CARTESIAN_POINT ( 'NONE',  ( 0.6526971626211481858, -0.6353529751861081154, 0.8000000000000004885 ) ) ;
#2104 = EDGE_CURVE ( 'NONE', #2981, #4725, #4314, .T. ) ;
#2105 = CARTESIAN_POINT ( 'NONE',  ( 0.7323435396971007538, -0.2530352611410817132, 0.8001000000000000334 ) ) ;
#2106 = CARTESIAN_POINT ( 'NONE',  ( 0.7781218833679839353, -0.9173945235981745272, 0.8000000000000001554 ) ) ;
#2107 =( NAMED_UNIT ( * ) SI_UNIT ( $, .STERADIAN. ) SOLID_ANGLE_UNIT ( ) );
#2108 = VERTEX_POINT ( 'NONE', #6505 ) ;
#2109 = B_SPLINE_CURVE_WITH_KNOTS ( 'NONE', 3,
 ( #5187, #5873, #2974, #726, #4369, #582, #6020, #5336, #6657, #3772, #1518 ),
 .UNSPECIFIED., .F., .F.,
 ( 4, 1, 1, 1, 1, 1, 1, 1, 4 ),
 ( 0.000000000000000000, 0.08431861695858196282, 0.1792845142139041503, 0.2865825276465607807, 0.4051114834342785520, 0.5355928734189739915, 0.6781902099934136174, 0.8329758397604883902, 1.000000000000000000 ),
 .UNSPECIFIED. ) ;
#2110 = CARTESIAN_POINT ( 'NONE',  ( 0.2006042749777024736, -0.1090707302383444044, 0.8001000000000000334 ) ) ;
#2111 = ORIENTED_EDGE ( 'NONE', *, *, #7869, .T. ) ;
#2112 = FILL_AREA_STYLE_COLOUR ( '', #9018 ) ;
#2113 = COLOUR_RGB ( '',0.2509803921568627416, 0.2509803921568627416, 0.2509803921568627416 ) ;
#2114 = CARTESIAN_POINT ( 'NONE',  ( 0.2851320488404331943, 2.019732541087730038, 0.7999999999999999334 ) ) ;
#2115 =( LENGTH_UNIT ( ) NAMED_UNIT ( * ) SI_UNIT ( .MILLI., .METRE. ) );
#2116 = CARTESIAN_POINT ( 'NONE',  ( -0.1385899339112699746, -0.2687485556718182678, 0.8000999999999998114 ) ) ;
#2117 = EDGE_CURVE ( 'NONE', #3315, #6490, #4979, .T. ) ;
#2118 = PRESENTATION_STYLE_ASSIGNMENT (( #8063 ) ) ;
#2119 = CARTESIAN_POINT ( 'NONE',  ( 0.03679780564897213585, -0.9546535097234933875, 0.8001000000000001444 ) ) ;
#2120 = CARTESIAN_POINT ( 'NONE',  ( 0.2006042749777024736, -0.1090707302383444044, 0.8000000000000000444 ) ) ;
#2121 = CIRCLE ( 'NONE', #3267, 0.4999999999999995559 ) ;
#2122 = CIRCLE ( 'NONE', #7858, 0.6499999999999995781 ) ;
#2123 = CARTESIAN_POINT ( 'NONE',  ( 0.7532408294889345601, 0.08616932893205939137, 0.8000000000000000444 ) ) ;
#2124 = EDGE_LOOP ( 'NONE', ( #8831, #4906, #5093, #7287 ) ) ;
#2125 = DIRECTION ( 'NONE',  ( 1.000000000000000000, 0.000000000000000000, 0.000000000000000000 ) ) ;
#2126 = EDGE_LOOP ( 'NONE', ( #8216, #2944 ) ) ;
#2127 = CARTESIAN_POINT ( 'NONE',  ( 0.2151866819356807736, -0.5803776430937327424, 0.8000000000000001554 ) ) ;
#2128 =( GEOMETRIC_REPRESENTATION_CONTEXT ( 3 ) GLOBAL_UNCERTAINTY_ASSIGNED_CONTEXT ( ( #1659 ) ) GLOBAL_UNIT_ASSIGNED_CONTEXT ( ( #9211, #3237, #3929 ) ) REPRESENTATION_CONTEXT ( 'NONE', 'WORKASPACE' ) );
#2129 = CARTESIAN_POINT ( 'NONE',  ( 4.099999999999997868, -4.749999999999999112, -0.8000000000000000444 ) ) ;
#2130 = EDGE_CURVE ( 'NONE', #2037, #7930, #5029, .T. ) ;
#2131 = CARTESIAN_POINT ( 'NONE',  ( -3.950000000000000178, -2.500000000000000444, -0.8001000000000000334 ) ) ;
#2132 = CARTESIAN_POINT ( 'NONE',  ( -5.750000000000000000, 1.499999999999999112, -0.8000000000000000444 ) ) ;
#2133 = CARTESIAN_POINT ( 'NONE',  ( -0.09284855769230800082, 0.1621794871654436421, 0.8001000000000000334 ) ) ;
#2134 = DIRECTION ( 'NONE',  ( -0.000000000000000000, -0.000000000000000000, -1.000000000000000000 ) ) ;
#2135 = ORIENTED_EDGE ( 'NONE', *, *, #6792, .T. ) ;
#2136 = CARTESIAN_POINT ( 'NONE',  ( -0.09859394772705777632, 0.1620520941108004043, 0.8000000000000004885 ) ) ;
#2137 = EDGE_LOOP ( 'NONE', ( #9396, #8701, #1401, #9081 ) ) ;
#2138 = UNCERTAINTY_MEASURE_WITH_UNIT (LENGTH_MEASURE( 1.000000000000000082E-05 ), #8502, 'distance_accuracy_value', 'NONE');
#2139 = LINE ( 'NONE', #5960, #8108 ) ;
#2140 = EDGE_CURVE ( 'NONE', #8371, #1858, #2714, .T. ) ;
#2141 = PRESENTATION_STYLE_ASSIGNMENT (( #2091 ) ) ;
#2142 =( NAMED_UNIT ( * ) SI_UNIT ( $, .STERADIAN. ) SOLID_ANGLE_UNIT ( ) );
#2143 = DIRECTION ( 'NONE',  ( -1.000000000000000000, 0.000000000000000000, 0.000000000000000000 ) ) ;
#2144 =( LENGTH_UNIT ( ) NAMED_UNIT ( * ) SI_UNIT ( .MILLI., .METRE. ) );
#2145 = ORIENTED_EDGE ( 'NONE', *, *, #8006, .T. ) ;
#2146 = ORIENTED_EDGE ( 'NONE', *, *, #895, .F. ) ;
#2147 = COLOUR_RGB ( '',0.9254901960784314152, 0.9254901960784314152, 0.9254901960784314152 ) ;
#2148 = SURFACE_SIDE_STYLE ('',( #3627 ) ) ;
#2149 = CARTESIAN_POINT ( 'NONE',  ( -0.3448741665984041971, 1.602468682267524702, 0.8000999999999998114 ) ) ;
#2150 = FACE_OUTER_BOUND ( 'NONE', #3132, .T. ) ;
#2151 = CARTESIAN_POINT ( 'NONE',  ( 6.099999999999999645, -5.250000000000000000, -3.100000000000000089 ) ) ;
#2152 = CARTESIAN_POINT ( 'NONE',  ( 0.6329930299627133383, -0.6203050452233622725, 0.8000000000000001554 ) ) ;
#2153 = CARTESIAN_POINT ( 'NONE',  ( 0.7355118879891766603, 1.738054666394039716, 0.7999999999999998224 ) ) ;
#2154 =( GEOMETRIC_REPRESENTATION_CONTEXT ( 3 ) GLOBAL_UNCERTAINTY_ASSIGNED_CONTEXT ( ( #1060 ) ) GLOBAL_UNIT_ASSIGNED_CONTEXT ( ( #5439, #7095, #6998 ) ) REPRESENTATION_CONTEXT ( 'NONE', 'WORKASPACE' ) );
#2155 = CARTESIAN_POINT ( 'NONE',  ( -0.2646624200457903253, 0.1972037964899414630, 0.8000000000000002665 ) ) ;
#2156 = DIRECTION ( 'NONE',  ( 0.000000000000000000, 1.000000000000000000, 0.000000000000000000 ) ) ;
#2157 = EDGE_LOOP ( 'NONE', ( #1563, #6417, #7970, #4152, #1368, #2663, #9581, #8688, #2931, #5254, #6158 ) ) ;
#2158 = CARTESIAN_POINT ( 'NONE',  ( 4.849999999999997868, 1.700000000000000178, 1.200000000000002620 ) ) ;
#2159 = DIRECTION ( 'NONE',  ( -1.239088197126291458E-15, -1.000000000000000000, -0.000000000000000000 ) ) ;
#2160 = ORIENTED_EDGE ( 'NONE', *, *, #4776, .T. ) ;
#2161 = EDGE_CURVE ( 'NONE', #8928, #6306, #1734, .T. ) ;
#2162 = DIRECTION ( 'NONE',  ( -0.000000000000000000, -0.000000000000000000, 1.000000000000000000 ) ) ;
#2163 = VECTOR ( 'NONE', #5039, 1000.000000000000000 ) ;
#2164 = DIRECTION ( 'NONE',  ( 0.000000000000000000, 0.7071067811865444641, -0.7071067811865505703 ) ) ;
#2165 = DIRECTION ( 'NONE',  ( -1.000000000000000000, 3.469446951953613696E-16, -0.000000000000000000 ) ) ;
#2166 = CARTESIAN_POINT ( 'NONE',  ( 0.4679487179487177295, -1.262179487158764601, 0.8000000000000000444 ) ) ;
#2167 = CARTESIAN_POINT ( 'NONE',  ( 0.3906049679487177406, -0.5429487179279950393, 0.8001000000000000334 ) ) ;
#2168 =( NAMED_UNIT ( * ) PLANE_ANGLE_UNIT ( ) SI_UNIT ( $, .RADIAN. ) );
#2169 = LINE ( 'NONE', #1435, #2276 ) ;
#2170 = LINE ( 'NONE', #6091, #5414 ) ;
#2171 = CARTESIAN_POINT ( 'NONE',  ( 4.849999999999996980, -4.399999999999999467, -8.799999999999997158 ) ) ;
#2172 = ORIENTED_EDGE ( 'NONE', *, *, #660, .F. ) ;
#2173 = CARTESIAN_POINT ( 'NONE',  ( 5.049999999999998934, -3.900000000000001688, -9.000000000000001776 ) ) ;
#2174 = ORIENTED_EDGE ( 'NONE', *, *, #5218, .F. ) ;
#2175 = EDGE_CURVE ( 'NONE', #6882, #2994, #6602, .T. ) ;
#2176 = ORIENTED_EDGE ( 'NONE', *, *, #6986, .T. ) ;
#2177 = COLOUR_RGB ( '',1.000000000000000000, 1.000000000000000000, 1.000000000000000000 ) ;
#2178 = CLOSED_SHELL ( 'NONE', ( #5911, #7881, #4651, #7047, #3082, #3400, #4663, #7531, #9188, #6661, #5945, #4206, #5753, #8727, #5161, #6695, #6791, #3255, #3890, #744, #1699, #375, #2039, #6545, #2884, #2641, #6375, #8523, #2941, #5227, #2701, #6277, #9429, #3102, #3304, #8902, #9477, #8953, #454, #5582, #7082, #5536, #1596, #6716, #5741, #8186, #6435, #3273, #335, #3694, #8937, #863, #2384, #1099, #9242, #4525, #5691, #1335, #4888, #2012, #7813, #2791, #4910, #635, #1917, #3870, #1264, #7474, #1939, #671, #2335, #6488, #7229, #5026, #8583, #9094, #4128, #6141, #2061, #8938, #210, #8174, #1053, #6193, #3744, #4214, #8435, #7004, #3812, #2483, #3504, #9759, #6069, #5350, #6486, #2746, #1420, #8359, #4254, #4470, #6994, #5334, #9686, #7622, #7295, #2254, #8416, #9118, #2356, #1288, #367, #3202, #6319, #2607, #2563, #2399, #7576, #941, #6808, #690, #1232, #1086, #7195, #2577, #5783, #3009, #4818, #439, #6555, #7803, #62, #3633, #354, #5474, #3589, #8883, #3916, #914, #818, #8532, #7253, #5462, #1570, #9567, #7751, #5984, #5766, #2075, #7374, #2520, #4279, #5038, #1831, #5679, #4696, #1865, #1299, #8760, #198, #6008, #4432, #8535, #6704, #7438, #6910, #4193, #7388, #8715, #7321, #6607, #5648, #1753, #795, #1444, #3137, #5040, #9747, #8869, #8361, #4788, #9040, #6222, #8782, #2769, #8993, #1688, #3871, #983, #6575, #1648, #7635, #1463, #1476, #5666, #8305, #4407, #4634, #9083, #3714, #4312, #8060, #9786, #4786, #9358, #1810, #54, #1670, #6181, #7186, #2493, #8107, #6386, #3080, #5996, #6372, #4561, #311, #4161, #8695 ) ) ;
#2179 = DIRECTION ( 'NONE',  ( 0.9209672510685588120, -0.3896399908366982578, 0.000000000000000000 ) ) ;
#2180 = CARTESIAN_POINT ( 'NONE',  ( 0.6362197766345875083, 1.950086255832611748, 0.8000999999999998114 ) ) ;
#2181 = CARTESIAN_POINT ( 'NONE',  ( -0.3052576215758669442, -0.2688925648900809540, 0.8000999999999999224 ) ) ;
#2182 = STYLED_ITEM ( 'NONE', ( #329 ), #9690 ) ;
#2183 = FACE_OUTER_BOUND ( 'NONE', #6574, .T. ) ;
#2184 = CARTESIAN_POINT ( 'NONE',  ( 0.000000000000000000, -1.200000000000002176, -9.000000000000001776 ) ) ;
#2185 =( NAMED_UNIT ( * ) PLANE_ANGLE_UNIT ( ) SI_UNIT ( $, .RADIAN. ) );
#2186 = ORIENTED_EDGE ( 'NONE', *, *, #964, .T. ) ;
#2187 = VECTOR ( 'NONE', #5456, 1000.000000000000000 ) ;
#2188 = ORIENTED_EDGE ( 'NONE', *, *, #7683, .F. ) ;
#2189 = CARTESIAN_POINT ( 'NONE',  ( -0.1430145574905218597, 0.1537111208954990427, 0.8000000000000001554 ) ) ;
#2190 = B_SPLINE_CURVE_WITH_KNOTS ( 'NONE', 3,
 ( #9449, #8861, #6569, #9648, #5823, #5138, #8051, #2105, #5781, #8152, #2003, #1315, #5088, #7399, #584, #7950, #1131, #4182, #7207 ),
 .UNSPECIFIED., .F., .F.,
 ( 4, 1, 1, 1, 1, 1, 1, 1, 1, 1, 1, 1, 1, 1, 1, 1, 4 ),
 ( 0.000000000000000000, 0.06553772472239244307, 0.1289563879612311004, 0.1903671277264783190, 0.2499654671000665351, 0.3085687536915745488, 0.3664152430357363044, 0.4245564125025184654, 0.4831811374914383173, 0.5422514353065656101, 0.6017442596855532289, 0.6625077153077685299, 0.7244995565544738447, 0.7891389152034050669, 0.8563539520018305096, 0.9262991097764977644, 1.000000000000000000 ),
 .UNSPECIFIED. ) ;
#2191 = ORIENTED_EDGE ( 'NONE', *, *, #8681, .F. ) ;
#2192 = EDGE_CURVE ( 'NONE', #3797, #5361, #5723, .T. ) ;
#2193 = CARTESIAN_POINT ( 'NONE',  ( 0.4555384526022875913, 0.2180949874491500129, 0.8001000000000000334 ) ) ;
#2194 = STYLED_ITEM ( 'NONE', ( #5360 ), #5350 ) ;
#2195 = FILL_AREA_STYLE ('',( #9632 ) ) ;
#2196 = AXIS2_PLACEMENT_3D ( 'NONE', #8204, #9705, #7456 ) ;
#2197 = FILL_AREA_STYLE ('',( #5324 ) ) ;
#2198 = DIRECTION ( 'NONE',  ( 1.000000000000000000, 0.000000000000000000, 0.000000000000000000 ) ) ;
#2199 = CARTESIAN_POINT ( 'NONE',  ( 5.849999999999997868, -4.400000000000000355, 2.900000000000000355 ) ) ;
#2200 = CARTESIAN_POINT ( 'NONE',  ( -0.3500000000000002554, -0.5852564102356874187, 0.8001000000000000334 ) ) ;
#2201 = LINE ( 'NONE', #6165, #9565 ) ;
#2202 = ORIENTED_EDGE ( 'NONE', *, *, #398, .T. ) ;
#2203 = MECHANICAL_DESIGN_GEOMETRIC_PRESENTATION_REPRESENTATION (  '', ( #7934 ), #7786 ) ;
#2204 = ORIENTED_EDGE ( 'NONE', *, *, #6138, .T. ) ;
#2205 = EDGE_CURVE ( 'NONE', #1333, #8104, #7641, .T. ) ;
#2206 = EDGE_CURVE ( 'NONE', #701, #9069, #719, .T. ) ;
#2207 = AXIS2_PLACEMENT_3D ( 'NONE', #5197, #2164, #1375 ) ;
#2208 = DIRECTION ( 'NONE',  ( -0.000000000000000000, -0.000000000000000000, -1.000000000000000000 ) ) ;
#2209 = CARTESIAN_POINT ( 'NONE',  ( 5.849999999999997868, 4.400000000000000355, -8.799999999999997158 ) ) ;
#2210 = FILL_AREA_STYLE ('',( #9698 ) ) ;
#2211 = CARTESIAN_POINT ( 'NONE',  ( -0.1100241287123329831, 0.1617986516705078870, 0.8000000000000002665 ) ) ;
#2212 = CARTESIAN_POINT ( 'NONE',  ( 0.6708856604416145730, -0.6517956168164315001, 0.8001000000000000334 ) ) ;
#2213 = LINE ( 'NONE', #1467, #3480 ) ;
#2214 = CARTESIAN_POINT ( 'NONE',  ( -0.1286174993412500522, 0.2593309891503400855, 0.8000000000000003775 ) ) ;
#2215 = SURFACE_SIDE_STYLE ('',( #686 ) ) ;
#2216 = ORIENTED_EDGE ( 'NONE', *, *, #5422, .F. ) ;
#2217 = VECTOR ( 'NONE', #9282, 1000.000000000000000 ) ;
#2218 = LINE ( 'NONE', #285, #7780 ) ;
#2219 =( GEOMETRIC_REPRESENTATION_CONTEXT ( 3 ) GLOBAL_UNCERTAINTY_ASSIGNED_CONTEXT ( ( #8043 ) ) GLOBAL_UNIT_ASSIGNED_CONTEXT ( ( #7651, #6121, #3021 ) ) REPRESENTATION_CONTEXT ( 'NONE', 'WORKASPACE' ) );
#2220 =( NAMED_UNIT ( * ) SI_UNIT ( $, .STERADIAN. ) SOLID_ANGLE_UNIT ( ) );
#2221 = ORIENTED_EDGE ( 'NONE', *, *, #6259, .T. ) ;
#2222 = DIRECTION ( 'NONE',  ( 1.000000000000000000, 0.000000000000000000, -0.000000000000000000 ) ) ;
#2223 = CARTESIAN_POINT ( 'NONE',  ( 0.2277644230769228784, 0.2516426281910846829, 0.8001000000000000334 ) ) ;
#2224 = VECTOR ( 'NONE', #6773, 1000.000000000000000 ) ;
#2225 = CARTESIAN_POINT ( 'NONE',  ( -0.09615384615384639511, -0.2891025641166076743, 0.8001000000000000334 ) ) ;
#2226 = FACE_OUTER_BOUND ( 'NONE', #361, .T. ) ;
#2227 = CARTESIAN_POINT ( 'NONE',  ( 0.6220551116836910976, 1.705524371701040209, 0.8001000000000001444 ) ) ;
#2228 = CARTESIAN_POINT ( 'NONE',  ( 0.1999999999999997613, -0.1198717948858383786, 0.8000000000000000444 ) ) ;
#2229 =( GEOMETRIC_REPRESENTATION_CONTEXT ( 3 ) GLOBAL_UNCERTAINTY_ASSIGNED_CONTEXT ( ( #4263 ) ) GLOBAL_UNIT_ASSIGNED_CONTEXT ( ( #4309, #1208, #7241 ) ) REPRESENTATION_CONTEXT ( 'NONE', 'WORKASPACE' ) );
#2230 = CARTESIAN_POINT ( 'NONE',  ( -0.3500000000000002554, 0.6134615384624666490, 0.8001000000000000334 ) ) ;
#2231 = CARTESIAN_POINT ( 'NONE',  ( 0.6371794871794869142, -1.783974358966112561, 0.8001000000000000334 ) ) ;
#2232 = EDGE_CURVE ( 'NONE', #6769, #5445, #3718, .T. ) ;
#2233 = DIRECTION ( 'NONE',  ( 0.000000000000000000, -1.000000000000000000, 0.000000000000000000 ) ) ;
#2234 = ORIENTED_EDGE ( 'NONE', *, *, #4587, .T. ) ;
#2235 = DIRECTION ( 'NONE',  ( -0.000000000000000000, -0.000000000000000000, -1.000000000000000000 ) ) ;
#2236 = VERTEX_POINT ( 'NONE', #7436 ) ;
#2237 = VECTOR ( 'NONE', #7686, 1000.000000000000000 ) ;
#2238 = ORIENTED_EDGE ( 'NONE', *, *, #1407, .F. ) ;
#2239 = CARTESIAN_POINT ( 'NONE',  ( -3.816391647148968508E-15, -4.399999999999995026, -3.100000000000000089 ) ) ;
#2240 = CARTESIAN_POINT ( 'NONE',  ( 0.6123604239357878232, 0.1219524945840674418, 0.8000000000000003775 ) ) ;
#2241 = FACE_OUTER_BOUND ( 'NONE', #4969, .T. ) ;
#2242 = CARTESIAN_POINT ( 'NONE',  ( 0.08691526189121810686, -0.1062677750527888931, 0.8000000000000001554 ) ) ;
#2243 = CARTESIAN_POINT ( 'NONE',  ( -0.2529606711986724932, 0.02843564785099602157, 0.8001000000000001444 ) ) ;
#2244 =( NAMED_UNIT ( * ) SI_UNIT ( $, .STERADIAN. ) SOLID_ANGLE_UNIT ( ) );
#2245 = AXIS2_PLACEMENT_3D ( 'NONE', #5202, #5102, #9761 ) ;
#2246 = ORIENTED_EDGE ( 'NONE', *, *, #8295, .T. ) ;
#2247 = ORIENTED_EDGE ( 'NONE', *, *, #6259, .F. ) ;
#2248 = CARTESIAN_POINT ( 'NONE',  ( -0.2529606711986724932, 0.02843564785099602157, 0.8001000000000001444 ) ) ;
#2249 = ORIENTED_EDGE ( 'NONE', *, *, #7662, .F. ) ;
#2250 = SURFACE_STYLE_USAGE ( .BOTH. , #8422 ) ;
#2251 = VECTOR ( 'NONE', #1054, 1000.000000000000114 ) ;
#2252 = DIRECTION ( 'NONE',  ( -1.239088197126291458E-15, -1.000000000000000000, 0.000000000000000000 ) ) ;
#2253 = CARTESIAN_POINT ( 'NONE',  ( -0.05801765711108779200, 0.2598161176051065335, 0.8000000000000000444 ) ) ;
#2254 = ADVANCED_FACE ( 'NONE', ( #6064 ), #6801, .F. ) ;
#2255 = CARTESIAN_POINT ( 'NONE',  ( 0.4787901262391313084, -0.3238358122791578642, 0.8000000000000002665 ) ) ;
#2256 = CARTESIAN_POINT ( 'NONE',  ( -6.750000000000000000, 5.400000000000000355, 0.8000000000000000444 ) ) ;
#2257 = DIRECTION ( 'NONE',  ( -0.5773502691896270633, 0.5773502691896280625, 0.5773502691896220673 ) ) ;
#2258 = VERTEX_POINT ( 'NONE', #2256 ) ;
#2259 = UNCERTAINTY_MEASURE_WITH_UNIT (LENGTH_MEASURE( 1.000000000000000082E-05 ), #8284, 'distance_accuracy_value', 'NONE');
#2260 = MECHANICAL_DESIGN_GEOMETRIC_PRESENTATION_REPRESENTATION (  '', ( #6567 ), #5721 ) ;
#2261 = ORIENTED_EDGE ( 'NONE', *, *, #2278, .T. ) ;
#2262 = UNCERTAINTY_MEASURE_WITH_UNIT (LENGTH_MEASURE( 1.000000000000000082E-05 ), #5662, 'distance_accuracy_value', 'NONE');
#2263 = CARTESIAN_POINT ( 'NONE',  ( 0.7499999999999997780, 3.088461538445167243, 0.8001000000000000334 ) ) ;
#2264 = FILL_AREA_STYLE ('',( #8291 ) ) ;
#2265 = LINE ( 'NONE', #9009, #8542 ) ;
#2266 = CARTESIAN_POINT ( 'NONE',  ( 0.7782051282051279939, -0.9265825320305592916, 0.8001000000000000334 ) ) ;
#2267 = EDGE_CURVE ( 'NONE', #1290, #7657, #5327, .T. ) ;
#2268 = DIRECTION ( 'NONE',  ( 0.000000000000000000, 1.000000000000000000, 0.000000000000000000 ) ) ;
#2269 = CARTESIAN_POINT ( 'NONE',  ( -0.3566931590598857449, 0.06434504912993063708, 0.8000000000000004885 ) ) ;
#2270 = CARTESIAN_POINT ( 'NONE',  ( 0.5242353247504573099, -0.3056190045316933279, 0.8001000000000001444 ) ) ;
#2271 = ORIENTED_EDGE ( 'NONE', *, *, #2130, .F. ) ;
#2272 = PRESENTATION_STYLE_ASSIGNMENT (( #1422 ) ) ;
#2273 = SURFACE_SIDE_STYLE ('',( #9164 ) ) ;
#2274 = ORIENTED_EDGE ( 'NONE', *, *, #6530, .F. ) ;
#2275 = CARTESIAN_POINT ( 'NONE',  ( -6.750000000000000000, 5.400000000000000355, 0.8000000000000000444 ) ) ;
#2276 = VECTOR ( 'NONE', #7514, 1000.000000000000000 ) ;
#2277 = DIRECTION ( 'NONE',  ( 0.000000000000000000, 0.000000000000000000, -1.000000000000000000 ) ) ;
#2278 = EDGE_CURVE ( 'NONE', #698, #8430, #9051, .T. ) ;
#2279 = CARTESIAN_POINT ( 'NONE',  ( 0.2350111450110713152, 0.2569356215019398260, 0.8000000000000000444 ) ) ;
#2280 = DIRECTION ( 'NONE',  ( -0.000000000000000000, -0.000000000000000000, 1.000000000000000000 ) ) ;
#2281 = FACE_OUTER_BOUND ( 'NONE', #4593, .T. ) ;
#2282 = DIRECTION ( 'NONE',  ( -0.5773502691896226224, 0.5773502691896249539, 0.5773502691896297279 ) ) ;
#2283 = VERTEX_POINT ( 'NONE', #7584 ) ;
#2284 = FILL_AREA_STYLE_COLOUR ( '', #8698 ) ;
#2285 = ORIENTED_EDGE ( 'NONE', *, *, #1660, .T. ) ;
#2286 = VECTOR ( 'NONE', #3878, 1000.000000000000000 ) ;
#2287 = PLANE ( 'NONE',  #6826 ) ;
#2288 = COLOUR_RGB ( '',0.9254901960784314152, 0.9254901960784314152, 0.9254901960784314152 ) ;
#2289 = EDGE_LOOP ( 'NONE', ( #1243, #9327, #4088, #8758 ) ) ;
#2290 = LINE ( 'NONE', #4701, #8555 ) ;
#2291 = ORIENTED_EDGE ( 'NONE', *, *, #4724, .F. ) ;
#2292 = LINE ( 'NONE', #2239, #6527 ) ;
#2293 = CARTESIAN_POINT ( 'NONE',  ( -5.100000000000000533, 4.099999999999999645, 0.8000000000000000444 ) ) ;
#2294 =( GEOMETRIC_REPRESENTATION_CONTEXT ( 3 ) GLOBAL_UNCERTAINTY_ASSIGNED_CONTEXT ( ( #7433 ) ) GLOBAL_UNIT_ASSIGNED_CONTEXT ( ( #8988, #2185, #2244 ) ) REPRESENTATION_CONTEXT ( 'NONE', 'WORKASPACE' ) );
#2295 = COLOUR_RGB ( '',0.9254901960784314152, 0.9254901960784314152, 0.9254901960784314152 ) ;
#2296 = CARTESIAN_POINT ( 'NONE',  ( 0.6653846153846152411, -0.9208533653638926175, 0.8001000000000000334 ) ) ;
#2297 =( NAMED_UNIT ( * ) SI_UNIT ( $, .STERADIAN. ) SOLID_ANGLE_UNIT ( ) );
#2298 = ORIENTED_EDGE ( 'NONE', *, *, #3996, .F. ) ;
#2299 = ORIENTED_EDGE ( 'NONE', *, *, #541, .F. ) ;
#2300 = ORIENTED_EDGE ( 'NONE', *, *, #3983, .F. ) ;
#2301 = AXIS2_PLACEMENT_3D ( 'NONE', #1118, #4168, #7197 ) ;
#2302 = CARTESIAN_POINT ( 'NONE',  ( 0.4679487179487177295, -1.262179487158764601, 0.8000000000000000444 ) ) ;
#2303 = EDGE_CURVE ( 'NONE', #1290, #66, #4612, .T. ) ;
#2304 = SURFACE_STYLE_FILL_AREA ( #9143 ) ;
#2305 = DIRECTION ( 'NONE',  ( -0.7071067811865527908, 8.761676666762207803E-16, -0.7071067811865422437 ) ) ;
#2306 =( NAMED_UNIT ( * ) PLANE_ANGLE_UNIT ( ) SI_UNIT ( $, .RADIAN. ) );
#2307 = LINE ( 'NONE', #8375, #3453 ) ;
#2308 = FACE_OUTER_BOUND ( 'NONE', #7568, .T. ) ;
#2309 = CARTESIAN_POINT ( 'NONE',  ( 0.1131750752292835921, 0.1625583164865993802, 0.8000000000000000444 ) ) ;
#2310 = ORIENTED_EDGE ( 'NONE', *, *, #1721, .F. ) ;
#2311 = EDGE_LOOP ( 'NONE', ( #6210, #4175, #7336, #9014 ) ) ;
#2312 = MECHANICAL_DESIGN_GEOMETRIC_PRESENTATION_REPRESENTATION (  '', ( #5209 ), #8353 ) ;
#2313 = CARTESIAN_POINT ( 'NONE',  ( 0.5349687724716238879, 2.035234542977546468, 0.8001000000000001444 ) ) ;
#2314 = FILL_AREA_STYLE_COLOUR ( '', #950 ) ;
#2315 = CARTESIAN_POINT ( 'NONE',  ( 5.849999999999997868, -1.699999999999999734, -8.799999999999997158 ) ) ;
#2316 = DIRECTION ( 'NONE',  ( 0.000000000000000000, -0.000000000000000000, 1.000000000000000000 ) ) ;
#2317 = CARTESIAN_POINT ( 'NONE',  ( -0.3500000000000002554, -2.200000000002190870, 0.8001000000000000334 ) ) ;
#2318 = CARTESIAN_POINT ( 'NONE',  ( 6.750000000000000000, 5.400000000000000355, 0.8000000000000000444 ) ) ;
#2319 = ORIENTED_EDGE ( 'NONE', *, *, #9498, .T. ) ;
#2320 = COLOUR_RGB ( '',1.000000000000000000, 1.000000000000000000, 1.000000000000000000 ) ;
#2321 = VERTEX_POINT ( 'NONE', #7488 ) ;
#2322 = B_SPLINE_CURVE_WITH_KNOTS ( 'NONE', 3,
 ( #2365, #1804, #3182, #7837, #2566, #5541, #186, #4730, #3234, #918, #2470, #4025, #5628, #6953, #8529, #7653, #821, #3875, #6904 ),
 .UNSPECIFIED., .F., .F.,
 ( 4, 1, 1, 1, 1, 1, 1, 1, 1, 1, 1, 1, 1, 1, 1, 1, 4 ),
 ( 0.000000000000000000, 0.07015117599727846431, 0.1378126061901916999, 0.2032262471813942040, 0.2671740552944738001, 0.3300240034081792784, 0.3917942717866853553, 0.4530843989971408692, 0.5143339076458776082, 0.5749999928182690789, 0.6348654826222127623, 0.6941163151896417860, 0.7534416217804384974, 0.8131258003036120341, 0.8740796856370753876, 0.9360070132744072735, 1.000000000000000000 ),
 .UNSPECIFIED. ) ;
#2323 = EDGE_CURVE ( 'NONE', #2918, #3435, #674, .T. ) ;
#2324 = SURFACE_SIDE_STYLE ('',( #6871 ) ) ;
#2325 = STYLED_ITEM ( 'NONE', ( #2118 ), #3714 ) ;
#2326 = PLANE ( 'NONE',  #8866 ) ;
#2327 = CARTESIAN_POINT ( 'NONE',  ( 5.849999999999997868, -4.400000000000000355, 2.900000000000000355 ) ) ;
#2328 = CARTESIAN_POINT ( 'NONE',  ( 0.03153180994288861533, -0.8526800934238119023, 0.8000999999999999224 ) ) ;
#2329 = FACE_OUTER_BOUND ( 'NONE', #8183, .T. ) ;
#2330 = LINE ( 'NONE', #6291, #1644 ) ;
#2331 = ORIENTED_EDGE ( 'NONE', *, *, #3570, .F. ) ;
#2332 = STYLED_ITEM ( 'NONE', ( #4324 ), #3916 ) ;
#2333 = FILL_AREA_STYLE_COLOUR ( '', #9312 ) ;
#2334 = EDGE_LOOP ( 'NONE', ( #1932, #418, #5931, #1552 ) ) ;
#2335 = ADVANCED_FACE ( 'NONE', ( #6114 ), #6012, .T. ) ;
#2336 = DIRECTION ( 'NONE',  ( 1.000000000000000000, 0.000000000000000000, 0.000000000000000000 ) ) ;
#2337 = EDGE_CURVE ( 'NONE', #8267, #224, #9692, .T. ) ;
#2338 = ORIENTED_EDGE ( 'NONE', *, *, #5376, .F. ) ;
#2339 = CARTESIAN_POINT ( 'NONE',  ( 0.3690363482485513047, 2.105395899595304599, 0.8001000000000001444 ) ) ;
#2340 = SURFACE_STYLE_USAGE ( .BOTH. , #3310 ) ;
#2341 = SURFACE_STYLE_USAGE ( .BOTH. , #1642 ) ;
#2342 = LINE ( 'NONE', #8511, #1336 ) ;
#2343 = ORIENTED_EDGE ( 'NONE', *, *, #2205, .T. ) ;
#2344 = FILL_AREA_STYLE_COLOUR ( '', #6496 ) ;
#2345 = ORIENTED_EDGE ( 'NONE', *, *, #4837, .F. ) ;
#2346 = B_SPLINE_SURFACE_WITH_KNOTS ( 'NONE', 3, 1, ( 
 ( #5851, #5013 ),
 ( #3371, #6400 ),
 ( #1250, #2601 ),
 ( #6544, #2801 ),
 ( #4300, #6450 ),
 ( #8696, #5664 ),
 ( #368, #9529 ),
 ( #8650, #9426 ),
 ( #2649, #1841 ),
 ( #9474, #1105 ),
 ( #1051, #5797 ),
 ( #3419, #1890 ),
 ( #4911, #5711 ),
 ( #2748, #7977 ),
 ( #7182, #4107 ),
 ( #4156, #8838 ),
 ( #1155, #8744 ),
 ( #7330, #515 ),
 ( #6587, #8790 ) ),
 .UNSPECIFIED., .F., .F., .F.,
 ( 4, 1, 1, 1, 1, 1, 1, 1, 1, 1, 1, 1, 1, 1, 1, 1, 4 ),
 ( 2, 2 ),
 ( 0.000000000000000000, 0.06420430398585547094, 0.1264187998912175703, 0.1876715405934559211, 0.2480408217205966048, 0.3083372847749699663, 0.3696903576340546671, 0.4317250278824263932, 0.4959703750950639201, 0.5597785340178025315, 0.6223130043727442828, 0.6839253612931943671, 0.7451042837219183923, 0.8067492289987205911, 0.8690927171294497988, 0.9332931108680967425, 1.000000000000000000 ),
 ( 0.000000000000000000, 1.000000000000000000 ),
 .UNSPECIFIED. ) ;
#2347 =( GEOMETRIC_REPRESENTATION_CONTEXT ( 3 ) GLOBAL_UNCERTAINTY_ASSIGNED_CONTEXT ( ( #6755 ) ) GLOBAL_UNIT_ASSIGNED_CONTEXT ( ( #5546, #8537, #5498 ) ) REPRESENTATION_CONTEXT ( 'NONE', 'WORKASPACE' ) );
#2348 = CARTESIAN_POINT ( 'NONE',  ( 0.5637449679198758279, -1.238960962933693066, 0.8000000000000001554 ) ) ;
#2349 = FILL_AREA_STYLE_COLOUR ( '', #4474 ) ;
#2350 = VECTOR ( 'NONE', #6924, 1000.000000000000114 ) ;
#2351 = PRESENTATION_LAYER_ASSIGNMENT (  '', '', ( #2844 ) ) ;
#2352 =( NAMED_UNIT ( * ) SI_UNIT ( $, .STERADIAN. ) SOLID_ANGLE_UNIT ( ) );
#2353 = DIRECTION ( 'NONE',  ( 1.000000000000000000, 0.000000000000000000, 0.000000000000000000 ) ) ;
#2354 = CARTESIAN_POINT ( 'NONE',  ( 0.5540412591306143053, 1.869555605432821954, 0.8000999999999999224 ) ) ;
#2355 = CARTESIAN_POINT ( 'NONE',  ( -0.08077714565663135504, 0.2605317358400293104, 0.8000000000000002665 ) ) ;
#2356 = ADVANCED_FACE ( 'NONE', ( #8901 ), #8947, .F. ) ;
#2357 = ORIENTED_EDGE ( 'NONE', *, *, #568, .T. ) ;
#2358 = ORIENTED_EDGE ( 'NONE', *, *, #93, .T. ) ;
#2359 = VECTOR ( 'NONE', #8355, 1000.000000000000000 ) ;
#2360 = VECTOR ( 'NONE', #2666, 1000.000000000000114 ) ;
#2361 = CARTESIAN_POINT ( 'NONE',  ( 0.4679487179487177295, -1.163461538440815568, 0.8000000000000003775 ) ) ;
#2362 = FILL_AREA_STYLE ('',( #183 ) ) ;
#2363 = CARTESIAN_POINT ( 'NONE',  ( 0.7298438316195002828, -1.104189698300890310, 0.8001000000000000334 ) ) ;
#2364 =( NAMED_UNIT ( * ) SI_UNIT ( $, .STERADIAN. ) SOLID_ANGLE_UNIT ( ) );
#2365 = CARTESIAN_POINT ( 'NONE',  ( 0.2136618589743587426, 2.023717948702931757, 0.8001000000000000334 ) ) ;
#2366 = DIRECTION ( 'NONE',  ( 3.469446951953613696E-16, -1.000000000000000000, 0.000000000000000000 ) ) ;
#2367 = CARTESIAN_POINT ( 'NONE',  ( 0.5168669871794869808, -2.566666666668857566, 0.8001000000000000334 ) ) ;
#2368 = STYLED_ITEM ( 'NONE', ( #8148 ), #5679 ) ;
#2369 = DIRECTION ( 'NONE',  ( 0.7071067811865463515, 0.7071067811865487940, -0.000000000000000000 ) ) ;
#2370 = CARTESIAN_POINT ( 'NONE',  ( 0.4784395523021725549, -1.161034082839174753, 0.8001000000000001444 ) ) ;
#2371 = ORIENTED_EDGE ( 'NONE', *, *, #1661, .T. ) ;
#2372 = AXIS2_PLACEMENT_3D ( 'NONE', #6822, #9809, #2064 ) ;
#2373 =( LENGTH_UNIT ( ) NAMED_UNIT ( * ) SI_UNIT ( .MILLI., .METRE. ) );
#2374 = PRESENTATION_STYLE_ASSIGNMENT (( #7895 ) ) ;
#2375 = PRESENTATION_LAYER_ASSIGNMENT (  '', '', ( #6677 ) ) ;
#2376 = CARTESIAN_POINT ( 'NONE',  ( -6.750000000000000000, 5.400000000000000355, 0.8000000000000000444 ) ) ;
#2377 = CARTESIAN_POINT ( 'NONE',  ( 4.849999999999997868, -1.000000000000000000, 2.900000000000000355 ) ) ;
#2378 = SURFACE_SIDE_STYLE ('',( #9166 ) ) ;
#2379 = FACE_OUTER_BOUND ( 'NONE', #4061, .T. ) ;
#2380 = CARTESIAN_POINT ( 'NONE',  ( 0.6356355649901440641, 1.548069215115791986, 0.8001000000000002554 ) ) ;
#2381 = PLANE ( 'NONE',  #9681 ) ;
#2382 =( GEOMETRIC_REPRESENTATION_CONTEXT ( 3 ) GLOBAL_UNCERTAINTY_ASSIGNED_CONTEXT ( ( #765 ) ) GLOBAL_UNIT_ASSIGNED_CONTEXT ( ( #8693, #6585, #4204 ) ) REPRESENTATION_CONTEXT ( 'NONE', 'WORKASPACE' ) );
#2383 = CYLINDRICAL_SURFACE ( 'NONE', #1161, 0.6499999999999995781 ) ;
#2384 = ADVANCED_FACE ( 'NONE', ( #2308 ), #9787, .T. ) ;
#2385 = PRESENTATION_LAYER_ASSIGNMENT (  '', '', ( #6685 ) ) ;
#2386 =( NAMED_UNIT ( * ) PLANE_ANGLE_UNIT ( ) SI_UNIT ( $, .RADIAN. ) );
#2387 = FACE_BOUND ( 'NONE', #5411, .T. ) ;
#2388 = ORIENTED_EDGE ( 'NONE', *, *, #5184, .T. ) ;
#2389 = DIRECTION ( 'NONE',  ( 0.000000000000000000, 0.000000000000000000, -1.000000000000000000 ) ) ;
#2390 = CIRCLE ( 'NONE', #4307, 1.500000000000000000 ) ;
#2391 = EDGE_LOOP ( 'NONE', ( #4856, #8961, #5007, #8515, #4659, #3665, #4029 ) ) ;
#2392 = CARTESIAN_POINT ( 'NONE',  ( -0.2163643518389606613, -0.2076634613785063033, 0.8001000000000000334 ) ) ;
#2393 = CARTESIAN_POINT ( 'NONE',  ( -0.1036099248429173669, -0.2858024031166957468, 0.8000000000000001554 ) ) ;
#2394 = CARTESIAN_POINT ( 'NONE',  ( 4.849999999999997868, 4.400000000000000355, 2.900000000000000355 ) ) ;
#2395 = CARTESIAN_POINT ( 'NONE',  ( 5.849999999999997868, 1.000000000000000444, -8.799999999999997158 ) ) ;
#2396 = SURFACE_STYLE_USAGE ( .BOTH. , #3948 ) ;
#2397 = CARTESIAN_POINT ( 'NONE',  ( 0.1469230143240197739, -0.9601062172386961580, 0.7999999999999998224 ) ) ;
#2398 = FACE_OUTER_BOUND ( 'NONE', #7249, .T. ) ;
#2399 = ADVANCED_FACE ( 'NONE', ( #8376 ), #762, .F. ) ;
#2400 = EDGE_CURVE ( 'NONE', #5802, #995, #861, .T. ) ;
#2401 = ORIENTED_EDGE ( 'NONE', *, *, #6731, .T. ) ;
#2402 = ORIENTED_EDGE ( 'NONE', *, *, #3568, .T. ) ;
#2403 = DIRECTION ( 'NONE',  ( 0.7071067811865475727, 0.7071067811865475727, -0.000000000000000000 ) ) ;
#2404 = VERTEX_POINT ( 'NONE', #7136 ) ;
#2405 = CARTESIAN_POINT ( 'NONE',  ( 0.6199107041841805943, -1.211300973190179597, 0.7999999999999997113 ) ) ;
#2406 =( LENGTH_UNIT ( ) NAMED_UNIT ( * ) SI_UNIT ( .MILLI., .METRE. ) );
#2407 = VECTOR ( 'NONE', #2280, 1000.000000000000000 ) ;
#2408 = CARTESIAN_POINT ( 'NONE',  ( -0.3776598147862345045, -0.08963700390379444882, 0.8000999999999999224 ) ) ;
#2409 = FILL_AREA_STYLE_COLOUR ( '', #3546 ) ;
#2410 = SURFACE_STYLE_FILL_AREA ( #119 ) ;
#2411 = EDGE_CURVE ( 'NONE', #8654, #339, #6456, .T. ) ;
#2412 = CARTESIAN_POINT ( 'NONE',  ( 0.4663662824128488316, 1.953339457206357155, 0.8001000000000000334 ) ) ;
#2413 = VERTEX_POINT ( 'NONE', #175 ) ;
#2414 = ORIENTED_EDGE ( 'NONE', *, *, #2847, .F. ) ;
#2415 = VECTOR ( 'NONE', #2965, 1000.000000000000000 ) ;
#2416 = CARTESIAN_POINT ( 'NONE',  ( 0.06189280875199486970, 0.03128025481633316118, 0.8000000000000002665 ) ) ;
#2417 = EDGE_CURVE ( 'NONE', #4126, #2854, #7088, .T. ) ;
#2418 = CARTESIAN_POINT ( 'NONE',  ( 0.7446661052550068716, -1.077690329620944576, 0.8000000000000003775 ) ) ;
#2419 = DIRECTION ( 'NONE',  ( -1.000000000000000000, 0.000000000000000000, 0.000000000000000000 ) ) ;
#2420 = FILL_AREA_STYLE ('',( #9210 ) ) ;
#2421 = VECTOR ( 'NONE', #9776, 1000.000000000000000 ) ;
#2422 = CARTESIAN_POINT ( 'NONE',  ( 0.5784299327659944145, 0.1597531815078331308, 0.8000000000000004885 ) ) ;
#2423 = FILL_AREA_STYLE ('',( #3830 ) ) ;
#2424 = EDGE_LOOP ( 'NONE', ( #2089, #9039, #3795, #3879 ) ) ;
#2425 = CARTESIAN_POINT ( 'NONE',  ( 5.849999999999997868, -1.000000000000000000, -8.799999999999997158 ) ) ;
#2426 = CARTESIAN_POINT ( 'NONE',  ( 5.849999999999997868, -1.000000000000000000, -8.799999999999997158 ) ) ;
#2427 = FACE_OUTER_BOUND ( 'NONE', #7490, .T. ) ;
#2428 =( NAMED_UNIT ( * ) PLANE_ANGLE_UNIT ( ) SI_UNIT ( $, .RADIAN. ) );
#2429 = EDGE_CURVE ( 'NONE', #8126, #8314, #6271, .T. ) ;
#2430 =( NAMED_UNIT ( * ) SI_UNIT ( $, .STERADIAN. ) SOLID_ANGLE_UNIT ( ) );
#2431 = LINE ( 'NONE', #5502, #7958 ) ;
#2432 = LINE ( 'NONE', #8498, #5689 ) ;
#2433 = CARTESIAN_POINT ( 'NONE',  ( 0.3201150768791090062, 0.3013133185857442276, 0.7999999999999999334 ) ) ;
#2434 = CARTESIAN_POINT ( 'NONE',  ( 0.1506963675233245481, 0.1673992609995622327, 0.7999999999999998224 ) ) ;
#2435 = B_SPLINE_SURFACE_WITH_KNOTS ( 'NONE', 3, 1, ( 
 ( #2862, #3013 ),
 ( #622, #7536 ),
 ( #3815, #2255 ),
 ( #6062, #571 ),
 ( #5381, #1456 ),
 ( #5916, #8900 ),
 ( #761, #2093 ),
 ( #28, #3065 ),
 ( #6854, #5962 ),
 ( #8236, #8188 ),
 ( #9691, #6800 ) ),
 .UNSPECIFIED., .F., .F., .F.,
 ( 4, 1, 1, 1, 1, 1, 1, 1, 4 ),
 ( 2, 2 ),
 ( 0.000000000000000000, 0.1497703860319679892, 0.2913164099952441632, 0.4259663731047423907, 0.5521595739695280836, 0.6715274135235927977, 0.7861216286916589135, 0.8953250730704443994, 0.9999999999999998890 ),
 ( 0.000000000000000000, 1.000000000000000000 ),
 .UNSPECIFIED. ) ;
#2436 = CARTESIAN_POINT ( 'NONE',  ( 0.6650899806807312187, -0.9304937115921274593, 0.8000000000000001554 ) ) ;
#2437 =( NAMED_UNIT ( * ) PLANE_ANGLE_UNIT ( ) SI_UNIT ( $, .RADIAN. ) );
#2438 = ORIENTED_EDGE ( 'NONE', *, *, #8142, .T. ) ;
#2439 = SURFACE_STYLE_USAGE ( .BOTH. , #6249 ) ;
#2440 = COLOUR_RGB ( '',1.000000000000000000, 1.000000000000000000, 1.000000000000000000 ) ;
#2441 = CARTESIAN_POINT ( 'NONE',  ( -0.1180971242735293081, -0.2793901732365403068, 0.8001000000000000334 ) ) ;
#2442 = EDGE_CURVE ( 'NONE', #460, #7735, #4018, .T. ) ;
#2443 = CARTESIAN_POINT ( 'NONE',  ( 5.049999999999998934, -1.200000000000002176, -9.000000000000001776 ) ) ;
#2444 = CARTESIAN_POINT ( 'NONE',  ( -0.000000000000000000, -3.900000000000003464, 2.900000000000000355 ) ) ;
#2445 = CARTESIAN_POINT ( 'NONE',  ( 5.849999999999997868, -3.699999999999999289, 1.200000000000002620 ) ) ;
#2446 = CARTESIAN_POINT ( 'NONE',  ( 0.6165244843032147148, 1.734053738603140049, 0.7999999999999999334 ) ) ;
#2447 = EDGE_LOOP ( 'NONE', ( #756, #5555 ) ) ;
#2448 = ORIENTED_EDGE ( 'NONE', *, *, #9661, .T. ) ;
#2449 =( NAMED_UNIT ( * ) PLANE_ANGLE_UNIT ( ) SI_UNIT ( $, .RADIAN. ) );
#2450 = ORIENTED_EDGE ( 'NONE', *, *, #1981, .T. ) ;
#2451 = CARTESIAN_POINT ( 'NONE',  ( 0.7666682887555542614, -1.021083195864198156, 0.8000000000000000444 ) ) ;
#2452 = EDGE_CURVE ( 'NONE', #3818, #7457, #909, .T. ) ;
#2453 = CYLINDRICAL_SURFACE ( 'NONE', #9184, 0.6499999999999995781 ) ;
#2454 =( GEOMETRIC_REPRESENTATION_CONTEXT ( 3 ) GLOBAL_UNCERTAINTY_ASSIGNED_CONTEXT ( ( #6068 ) ) GLOBAL_UNIT_ASSIGNED_CONTEXT ( ( #5471, #7736, #9141 ) ) REPRESENTATION_CONTEXT ( 'NONE', 'WORKASPACE' ) );
#2455 = FILL_AREA_STYLE ('',( #3322 ) ) ;
#2456 = CARTESIAN_POINT ( 'NONE',  ( 0.6646123254880504927, -0.8929010072710525936, 0.7999999999999998224 ) ) ;
#2457 = PLANE ( 'NONE',  #8487 ) ;
#2458 =( NAMED_UNIT ( * ) SI_UNIT ( $, .STERADIAN. ) SOLID_ANGLE_UNIT ( ) );
#2459 = VERTEX_POINT ( 'NONE', #4723 ) ;
#2460 = AXIS2_PLACEMENT_3D ( 'NONE', #1947, #9489, #3432 ) ;
#2461 = PRESENTATION_LAYER_ASSIGNMENT (  '', '', ( #3584 ) ) ;
#2462 = ORIENTED_EDGE ( 'NONE', *, *, #1536, .F. ) ;
#2463 = UNCERTAINTY_MEASURE_WITH_UNIT (LENGTH_MEASURE( 1.000000000000000082E-05 ), #9356, 'distance_accuracy_value', 'NONE');
#2464 = EDGE_CURVE ( 'NONE', #2510, #6914, #7883, .T. ) ;
#2465 = EDGE_CURVE ( 'NONE', #6383, #4150, #3227, .T. ) ;
#2466 = CARTESIAN_POINT ( 'NONE',  ( 0.5521547480668523855, -1.133668446085291048, 0.8000000000000004885 ) ) ;
#2467 = CARTESIAN_POINT ( 'NONE',  ( 0.6199107041841805943, -1.211300973190179597, 0.8000999999999997003 ) ) ;
#2468 = MECHANICAL_DESIGN_GEOMETRIC_PRESENTATION_REPRESENTATION (  '', ( #5818 ), #6777 ) ;
#2469 = CARTESIAN_POINT ( 'NONE',  ( -0.2202214162775048834, 1.673108863837638571, 0.7999999999999999334 ) ) ;
#2470 = CARTESIAN_POINT ( 'NONE',  ( -0.08094247050007538635, 1.927479807655516186, 0.8001000000000003665 ) ) ;
#2471 = CARTESIAN_POINT ( 'NONE',  ( 0.6562620403597109187, 0.02625840663264973965, 0.8001000000000001444 ) ) ;
#2472 =( NAMED_UNIT ( * ) SI_UNIT ( $, .STERADIAN. ) SOLID_ANGLE_UNIT ( ) );
#2473 = ORIENTED_EDGE ( 'NONE', *, *, #7764, .T. ) ;
#2474 = UNCERTAINTY_MEASURE_WITH_UNIT (LENGTH_MEASURE( 1.000000000000000082E-05 ), #3853, 'distance_accuracy_value', 'NONE');
#2475 = DIRECTION ( 'NONE',  ( 0.000000000000000000, 1.000000000000000000, 0.000000000000000000 ) ) ;
#2476 = CIRCLE ( 'NONE', #6614, 0.6499999999999995781 ) ;
#2477 = CARTESIAN_POINT ( 'NONE',  ( 0.6426266974334300386, -0.1856211527480684242, 0.8001000000000003665 ) ) ;
#2478 = PLANE ( 'NONE',  #1258 ) ;
#2479 = DIRECTION ( 'NONE',  ( 0.000000000000000000, -0.7071067811865504593, 0.7071067811865445751 ) ) ;
#2480 = CARTESIAN_POINT ( 'NONE',  ( -5.100000000000000533, 1.499999999999999112, -0.8000000000000000444 ) ) ;
#2481 = CARTESIAN_POINT ( 'NONE',  ( 0.7666682887555542614, -1.021083195864198156, 0.8001000000000000334 ) ) ;
#2482 = STYLED_ITEM ( 'NONE', ( #5889 ), #3009 ) ;
#2483 = ADVANCED_FACE ( 'NONE', ( #3963 ), #3247, .T. ) ;
#2484 = CARTESIAN_POINT ( 'NONE',  ( 0.4224436852899148831, 0.2181077796076306419, 0.8001000000000002554 ) ) ;
#2485 = ORIENTED_EDGE ( 'NONE', *, *, #6112, .F. ) ;
#2486 = FACE_OUTER_BOUND ( 'NONE', #4012, .T. ) ;
#2487 =( GEOMETRIC_REPRESENTATION_CONTEXT ( 3 ) GLOBAL_UNCERTAINTY_ASSIGNED_CONTEXT ( ( #5764 ) ) GLOBAL_UNIT_ASSIGNED_CONTEXT ( ( #6184, #883, #5687 ) ) REPRESENTATION_CONTEXT ( 'NONE', 'WORKASPACE' ) );
#2488 = CARTESIAN_POINT ( 'NONE',  ( 0.7049117894394835160, 1.842677868994676782, 0.8000000000000002665 ) ) ;
#2489 = FILL_AREA_STYLE_COLOUR ( '', #5446 ) ;
#2490 = LINE ( 'NONE', #162, #7986 ) ;
#2491 = STYLED_ITEM ( 'NONE', ( #1731 ), #3633 ) ;
#2492 = EDGE_LOOP ( 'NONE', ( #3146, #2680, #1399, #8623 ) ) ;
#2493 = ADVANCED_FACE ( 'NONE', ( #7188 ), #1301, .T. ) ;
#2494 = ORIENTED_EDGE ( 'NONE', *, *, #7841, .F. ) ;
#2495 =( LENGTH_UNIT ( ) NAMED_UNIT ( * ) SI_UNIT ( .MILLI., .METRE. ) );
#2496 = VERTEX_POINT ( 'NONE', #5760 ) ;
#2497 = LINE ( 'NONE', #8560, #5798 ) ;
#2498 = B_SPLINE_CURVE_WITH_KNOTS ( 'NONE', 3,
 ( #1321, #9755, #5937, #9071, #7604, #5299, #9608, #3837, #7410, #8254, #5349, #3691, #2834, #6670, #2982, #2114, #9709, #8966, #5884 ),
 .UNSPECIFIED., .F., .F.,
 ( 4, 1, 1, 1, 1, 1, 1, 1, 1, 1, 1, 1, 1, 1, 1, 1, 4 ),
 ( 0.000000000000000000, 0.06241191546626010528, 0.1233331236171022749, 0.1831169538814301501, 0.2417729815817080130, 0.3005664345557856887, 0.3596651793197815361, 0.4188642935347365315, 0.4795108054598561931, 0.5404624589939835966, 0.6019127741600999171, 0.6644672098853200426, 0.7278070973767676310, 0.7924745597484338377, 0.8592493077857749073, 0.9284673632662795439, 1.000000000000000000 ),
 .UNSPECIFIED. ) ;
#2499 = STYLED_ITEM ( 'NONE', ( #934 ), #3871 ) ;
#2500 =( NAMED_UNIT ( * ) SI_UNIT ( $, .STERADIAN. ) SOLID_ANGLE_UNIT ( ) );
#2501 = FACE_BOUND ( 'NONE', #5879, .T. ) ;
#2502 =( NAMED_UNIT ( * ) SI_UNIT ( $, .STERADIAN. ) SOLID_ANGLE_UNIT ( ) );
#2503 = DIRECTION ( 'NONE',  ( 0.000000000000000000, 0.000000000000000000, 1.000000000000000000 ) ) ;
#2504 = CARTESIAN_POINT ( 'NONE',  ( 0.3966227269930844845, 0.3166297311438085460, 0.8001000000000000334 ) ) ;
#2505 = CARTESIAN_POINT ( 'NONE',  ( 0.1442304179179751955, -0.8779567028946866358, 0.7999999999999999334 ) ) ;
#2506 = VECTOR ( 'NONE', #8514, 1000.000000000000000 ) ;
#2507 = CARTESIAN_POINT ( 'NONE',  ( 0.5140574540896786226, 1.914732327198168438, 0.8001000000000000334 ) ) ;
#2508 = EDGE_CURVE ( 'NONE', #1601, #2981, #6592, .T. ) ;
#2509 = ORIENTED_EDGE ( 'NONE', *, *, #8378, .F. ) ;
#2510 = VERTEX_POINT ( 'NONE', #3520 ) ;
#2511 = CARTESIAN_POINT ( 'NONE',  ( 4.849999999999997868, -1.000000000000000000, 2.699999999999997957 ) ) ;
#2512 = CARTESIAN_POINT ( 'NONE',  ( 0.7779874237834077944, -0.9375427093404321566, 0.8001000000000001444 ) ) ;
#2513 =( NAMED_UNIT ( * ) PLANE_ANGLE_UNIT ( ) SI_UNIT ( $, .RADIAN. ) );
#2514 = SURFACE_STYLE_FILL_AREA ( #7048 ) ;
#2515 = COLOUR_RGB ( '',0.9254901960784314152, 0.9254901960784314152, 0.9254901960784314152 ) ;
#2516 = FILL_AREA_STYLE ('',( #5491 ) ) ;
#2517 = B_SPLINE_CURVE_WITH_KNOTS ( 'NONE', 3,
 ( #6205, #9186, #4709, #2397, #9519, #5839, #9563, #4240, #2689, #1974, #5053 ),
 .UNSPECIFIED., .F., .F.,
 ( 4, 1, 1, 1, 1, 1, 1, 1, 4 ),
 ( 0.000000000000000000, 0.1022030370352200318, 0.2110233423738754888, 0.3250996615652080868, 0.4465020971348897527, 0.5737877176488560549, 0.7089007097660658951, 0.8503578712934005690, 1.000000000000000000 ),
 .UNSPECIFIED. ) ;
#2518 = EDGE_CURVE ( 'NONE', #6352, #6178, #7335, .T. ) ;
#2519 = ORIENTED_EDGE ( 'NONE', *, *, #7387, .F. ) ;
#2520 = ADVANCED_FACE ( 'NONE', ( #7380 ), #8652, .T. ) ;
#2521 = VECTOR ( 'NONE', #6293, 1000.000000000000114 ) ;
#2522 = ORIENTED_EDGE ( 'NONE', *, *, #2589, .F. ) ;
#2523 = LINE ( 'NONE', #8582, #9780 ) ;
#2524 = SURFACE_STYLE_FILL_AREA ( #3934 ) ;
#2525 = DIRECTION ( 'NONE',  ( -0.000000000000000000, -0.000000000000000000, -1.000000000000000000 ) ) ;
#2526 = CARTESIAN_POINT ( 'NONE',  ( 0.6455934806781598034, -1.194058115792377306, 0.8001000000000000334 ) ) ;
#2527 = VECTOR ( 'NONE', #3655, 1000.000000000000227 ) ;
#2528 = CARTESIAN_POINT ( 'NONE',  ( 0.2724973669251292141, 0.2803946708725079673, 0.7999999999999998224 ) ) ;
#2529 = DIRECTION ( 'NONE',  ( 0.000000000000000000, 1.000000000000000000, 0.000000000000000000 ) ) ;
#2530 = MECHANICAL_DESIGN_GEOMETRIC_PRESENTATION_REPRESENTATION (  '', ( #1725 ), #4136 ) ;
#2531 = CARTESIAN_POINT ( 'NONE',  ( 0.2076844891353802625, -0.02975841627026418884, 0.8000000000000002665 ) ) ;
#2532 = ORIENTED_EDGE ( 'NONE', *, *, #514, .T. ) ;
#2533 = CARTESIAN_POINT ( 'NONE',  ( 0.1435897435897433294, -0.9069711538254310312, 0.8001000000000000334 ) ) ;
#2534 = LINE ( 'NONE', #4750, #3004 ) ;
#2535 = STYLED_ITEM ( 'NONE', ( #2576 ), #8695 ) ;
#2536 = CARTESIAN_POINT ( 'NONE',  ( -0.2040813161223005157, -0.2208876419566686011, 0.8000000000000001554 ) ) ;
#2537 = EDGE_CURVE ( 'NONE', #9471, #3174, #8181, .T. ) ;
#2538 = DIRECTION ( 'NONE',  ( -0.000000000000000000, -0.000000000000000000, -1.000000000000000000 ) ) ;
#2539 = FACE_OUTER_BOUND ( 'NONE', #4550, .T. ) ;
#2540 = VECTOR ( 'NONE', #3269, 1000.000000000000000 ) ;
#2541 = CARTESIAN_POINT ( 'NONE',  ( 0.7073652842379904992, 0.1717774135318110018, 0.7999999999999998224 ) ) ;
#2542 = LINE ( 'NONE', #1041, #865 ) ;
#2543 = VERTEX_POINT ( 'NONE', #1342 ) ;
#2544 = ORIENTED_EDGE ( 'NONE', *, *, #4601, .F. ) ;
#2545 = MECHANICAL_DESIGN_GEOMETRIC_PRESENTATION_REPRESENTATION (  '', ( #2051 ), #1268 ) ;
#2546 = FILL_AREA_STYLE_COLOUR ( '', #1390 ) ;
#2547 = ORIENTED_EDGE ( 'NONE', *, *, #7563, .T. ) ;
#2548 = VECTOR ( 'NONE', #2873, 1000.000000000000227 ) ;
#2549 =( LENGTH_UNIT ( ) NAMED_UNIT ( * ) SI_UNIT ( .MILLI., .METRE. ) );
#2550 = SURFACE_STYLE_USAGE ( .BOTH. , #5198 ) ;
#2551 = EDGE_CURVE ( 'NONE', #1774, #5802, #8892, .T. ) ;
#2552 = SURFACE_STYLE_FILL_AREA ( #3272 ) ;
#2553 = SURFACE_STYLE_FILL_AREA ( #1793 ) ;
#2554 = CARTESIAN_POINT ( 'NONE',  ( 0.5204222729604633946, -0.6735113747457213140, 0.8000000000000002665 ) ) ;
#2555 = CARTESIAN_POINT ( 'NONE',  ( 0.08717948717948691140, -0.1198717948858383786, 0.8001000000000000334 ) ) ;
#2556 = PRESENTATION_LAYER_ASSIGNMENT (  '', '', ( #7648 ) ) ;
#2557 = CARTESIAN_POINT ( 'NONE',  ( -0.3500000000000002554, -1.882692307684061150, 0.8001000000000000334 ) ) ;
#2558 = VERTEX_POINT ( 'NONE', #563 ) ;
#2559 = ORIENTED_EDGE ( 'NONE', *, *, #5886, .T. ) ;
#2560 = UNCERTAINTY_MEASURE_WITH_UNIT (LENGTH_MEASURE( 1.000000000000000082E-05 ), #4058, 'distance_accuracy_value', 'NONE');
#2561 =( GEOMETRIC_REPRESENTATION_CONTEXT ( 3 ) GLOBAL_UNCERTAINTY_ASSIGNED_CONTEXT ( ( #2474 ) ) GLOBAL_UNIT_ASSIGNED_CONTEXT ( ( #3853, #4654, #3257 ) ) REPRESENTATION_CONTEXT ( 'NONE', 'WORKASPACE' ) );
#2562 = CARTESIAN_POINT ( 'NONE',  ( -0.2143048706278477822, 1.705115552531368595, 0.8000000000000000444 ) ) ;
#2563 = ADVANCED_FACE ( 'NONE', ( #5168 ), #3611, .F. ) ;
#2564 = DIRECTION ( 'NONE',  ( -0.000000000000000000, -0.000000000000000000, -1.000000000000000000 ) ) ;
#2565 = DIRECTION ( 'NONE',  ( 0.000000000000000000, 0.000000000000000000, 1.000000000000000000 ) ) ;
#2566 = CARTESIAN_POINT ( 'NONE',  ( 0.1027758842574307413, 2.013435302433977281, 0.8001000000000002554 ) ) ;
#2567 = CARTESIAN_POINT ( 'NONE',  ( 0.7499999999999997780, 2.348076923060551824, 0.8000000000000000444 ) ) ;
#2568 = SURFACE_STYLE_FILL_AREA ( #3336 ) ;
#2569 = LINE ( 'NONE', #9438, #7850 ) ;
#2570 = ORIENTED_EDGE ( 'NONE', *, *, #721, .T. ) ;
#2571 = UNCERTAINTY_MEASURE_WITH_UNIT (LENGTH_MEASURE( 1.000000000000000082E-05 ), #4685, 'distance_accuracy_value', 'NONE');
#2572 = CIRCLE ( 'NONE', #4974, 1.650000000000000355 ) ;
#2573 = ORIENTED_EDGE ( 'NONE', *, *, #8400, .F. ) ;
#2574 = DIRECTION ( 'NONE',  ( 1.000000000000000000, 0.000000000000000000, 0.000000000000000000 ) ) ;
#2575 = LINE ( 'NONE', #7758, #1075 ) ;
#2576 = PRESENTATION_STYLE_ASSIGNMENT (( #386 ) ) ;
#2577 = ADVANCED_FACE ( 'NONE', ( #7699 ), #279, .F. ) ;
#2578 = SURFACE_STYLE_USAGE ( .BOTH. , #3195 ) ;
#2579 = CARTESIAN_POINT ( 'NONE',  ( -0.1991690254526279347, 0.2380513148857096029, 0.8000999999999999224 ) ) ;
#2580 = CARTESIAN_POINT ( 'NONE',  ( 0.6199107041841805943, -1.211300973190179597, 0.8000999999999997003 ) ) ;
#2581 = FACE_BOUND ( 'NONE', #2969, .T. ) ;
#2582 = PRESENTATION_STYLE_ASSIGNMENT (( #9360 ) ) ;
#2583 = CARTESIAN_POINT ( 'NONE',  ( 0.5744741441616556532, -1.118540637334211496, 0.8000000000000000444 ) ) ;
#2584 = PRESENTATION_LAYER_ASSIGNMENT (  '', '', ( #6567 ) ) ;
#2585 = DIRECTION ( 'NONE',  ( -0.000000000000000000, 1.000000000000000000, -0.000000000000000000 ) ) ;
#2586 = ORIENTED_EDGE ( 'NONE', *, *, #419, .T. ) ;
#2587 = CARTESIAN_POINT ( 'NONE',  ( 4.849999999999996980, -4.399999999999999467, 1.200000000000002620 ) ) ;
#2588 = FACE_OUTER_BOUND ( 'NONE', #6604, .T. ) ;
#2589 = EDGE_CURVE ( 'NONE', #5361, #8431, #3183, .T. ) ;
#2590 = CARTESIAN_POINT ( 'NONE',  ( -0.1745726535986075467, -0.2457684436650821591, 0.8000000000000000444 ) ) ;
#2591 = CARTESIAN_POINT ( 'NONE',  ( 0.7766185679194891334, -0.01150152501561852759, 0.8001000000000002554 ) ) ;
#2592 = DIRECTION ( 'NONE',  ( 1.000000000000000000, 0.000000000000000000, 0.000000000000000000 ) ) ;
#2593 = CARTESIAN_POINT ( 'NONE',  ( -0.1160588673970973789, 2.035051506848417180, 0.8001000000000004775 ) ) ;
#2594 = CARTESIAN_POINT ( 'NONE',  ( 0.6619611817675564724, -0.1145744929566331477, 0.8000999999999999224 ) ) ;
#2595 = CARTESIAN_POINT ( 'NONE',  ( 0.7773882869065200651, -0.09813979072613812638, 0.8001000000000000334 ) ) ;
#2596 = ORIENTED_EDGE ( 'NONE', *, *, #2073, .F. ) ;
#2597 = ORIENTED_EDGE ( 'NONE', *, *, #6837, .T. ) ;
#2598 = CARTESIAN_POINT ( 'NONE',  ( 0.4668227291610491103, -0.4275416139553404604, 0.8000000000000000444 ) ) ;
#2599 = VERTEX_POINT ( 'NONE', #86 ) ;
#2600 = SURFACE_STYLE_FILL_AREA ( #4013 ) ;
#2601 = CARTESIAN_POINT ( 'NONE',  ( 0.6646123254880504927, -0.8929010072710525936, 0.7999999999999998224 ) ) ;
#2602 =( LENGTH_UNIT ( ) NAMED_UNIT ( * ) SI_UNIT ( .MILLI., .METRE. ) );
#2603 = PLANE ( 'NONE',  #2740 ) ;
#2604 = FILL_AREA_STYLE_COLOUR ( '', #8494 ) ;
#2605 = ORIENTED_EDGE ( 'NONE', *, *, #6850, .T. ) ;
#2606 = ORIENTED_EDGE ( 'NONE', *, *, #874, .T. ) ;
#2607 = ADVANCED_FACE ( 'NONE', ( #6230 ), #1666, .F. ) ;
#2608 = MECHANICAL_DESIGN_GEOMETRIC_PRESENTATION_REPRESENTATION (  '', ( #5179 ), #3893 ) ;
#2609 = AXIS2_PLACEMENT_3D ( 'NONE', #8603, #1101, #364 ) ;
#2610 = FACE_OUTER_BOUND ( 'NONE', #8703, .T. ) ;
#2611 = DIRECTION ( 'NONE',  ( -0.000000000000000000, -0.000000000000000000, -1.000000000000000000 ) ) ;
#2612 = SURFACE_STYLE_USAGE ( .BOTH. , #7145 ) ;
#2613 = CARTESIAN_POINT ( 'NONE',  ( 0.1027758842574307413, 2.013435302433977281, 0.8000000000000002665 ) ) ;
#2614 =( NAMED_UNIT ( * ) PLANE_ANGLE_UNIT ( ) SI_UNIT ( $, .RADIAN. ) );
#2615 = VECTOR ( 'NONE', #8478, 1000.000000000000000 ) ;
#2616 =( GEOMETRIC_REPRESENTATION_CONTEXT ( 3 ) GLOBAL_UNCERTAINTY_ASSIGNED_CONTEXT ( ( #7646 ) ) GLOBAL_UNIT_ASSIGNED_CONTEXT ( ( #2602, #1843, #2651 ) ) REPRESENTATION_CONTEXT ( 'NONE', 'WORKASPACE' ) );
#2617 = CARTESIAN_POINT ( 'NONE',  ( 0.5204734402829958029, 0.1997139038509029019, 0.8001000000000001444 ) ) ;
#2618 = DIRECTION ( 'NONE',  ( -1.000000000000000000, 0.000000000000000000, 0.000000000000000000 ) ) ;
#2619 = VERTEX_POINT ( 'NONE', #7148 ) ;
#2620 = ORIENTED_EDGE ( 'NONE', *, *, #2232, .F. ) ;
#2621 = CARTESIAN_POINT ( 'NONE',  ( 0.5438939018841619788, -0.5708211684189560264, 0.8000999999999999224 ) ) ;
#2622 = LINE ( 'NONE', #8809, #8865 ) ;
#2623 = DIRECTION ( 'NONE',  ( 1.000000000000000000, 0.000000000000000000, 0.000000000000000000 ) ) ;
#2624 = CARTESIAN_POINT ( 'NONE',  ( 0.5438939018841619788, -0.5708211684189560264, 0.8000999999999999224 ) ) ;
#2625 = CARTESIAN_POINT ( 'NONE',  ( 0.3966227269930844845, 0.3166297311438085460, 0.8001000000000000334 ) ) ;
#2626 = LINE ( 'NONE', #8201, #1799 ) ;
#2627 = VECTOR ( 'NONE', #6944, 1000.000000000000227 ) ;
#2628 = CARTESIAN_POINT ( 'NONE',  ( 0.4679487179487177295, -1.163461538440815568, 0.8000000000000000444 ) ) ;
#2629 = EDGE_CURVE ( 'NONE', #4434, #6754, #4167, .T. ) ;
#2630 = CARTESIAN_POINT ( 'NONE',  ( 4.099999999999997868, 5.249999999999999112, -3.100000000000000089 ) ) ;
#2631 = EDGE_LOOP ( 'NONE', ( #2910, #9017, #9316, #4202 ) ) ;
#2632 = CARTESIAN_POINT ( 'NONE',  ( 0.1435897435897433294, -0.9069711538254310312, 0.8000000000000000444 ) ) ;
#2633 = VECTOR ( 'NONE', #6748, 1000.000000000000000 ) ;
#2634 = LINE ( 'NONE', #1878, #9671 ) ;
#2635 = CARTESIAN_POINT ( 'NONE',  ( 0.7329666094843376722, 0.1307787135552500313, 0.8001000000000001444 ) ) ;
#2636 = CARTESIAN_POINT ( 'NONE',  ( 0.6091947115384613864, 1.759294871779854663, 0.8001000000000000334 ) ) ;
#2637 = CARTESIAN_POINT ( 'NONE',  ( -0.3054883983736566000, 1.803753705285750186, 0.8000999999999999224 ) ) ;
#2638 = CARTESIAN_POINT ( 'NONE',  ( 0.6058894230769228395, -0.2452524038601973377, 0.8000000000000001554 ) ) ;
#2639 = FACE_OUTER_BOUND ( 'NONE', #5964, .T. ) ;
#2640 = ORIENTED_EDGE ( 'NONE', *, *, #6287, .T. ) ;
#2641 = ADVANCED_FACE ( 'NONE', ( #3482 ), #2762, .T. ) ;
#2642 = EDGE_LOOP ( 'NONE', ( #8080, #3095, #2026, #214 ) ) ;
#2643 = VECTOR ( 'NONE', #3773, 1000.000000000000000 ) ;
#2644 = EDGE_CURVE ( 'NONE', #6923, #8667, #1991, .T. ) ;
#2645 =( NAMED_UNIT ( * ) SI_UNIT ( $, .STERADIAN. ) SOLID_ANGLE_UNIT ( ) );
#2646 = ORIENTED_EDGE ( 'NONE', *, *, #9807, .F. ) ;
#2647 = CARTESIAN_POINT ( 'NONE',  ( 0.03153180994288861533, -0.8526800934238119023, 0.8000000000000001554 ) ) ;
#2648 = FILL_AREA_STYLE_COLOUR ( '', #4943 ) ;
#2649 = CARTESIAN_POINT ( 'NONE',  ( 0.6044934378117831075, -0.7444802281216694739, 0.8001000000000001444 ) ) ;
#2650 = VECTOR ( 'NONE', #4678, 1000.000000000000000 ) ;
#2651 =( NAMED_UNIT ( * ) SI_UNIT ( $, .STERADIAN. ) SOLID_ANGLE_UNIT ( ) );
#2652 = DIRECTION ( 'NONE',  ( 0.000000000000000000, -1.000000000000000000, 0.000000000000000000 ) ) ;
#2653 = SURFACE_STYLE_USAGE ( .BOTH. , #9428 ) ;
#2654 = ORIENTED_EDGE ( 'NONE', *, *, #2464, .T. ) ;
#2655 = ORIENTED_EDGE ( 'NONE', *, *, #2417, .T. ) ;
#2656 = AXIS2_PLACEMENT_3D ( 'NONE', #6516, #3495, #2725 ) ;
#2657 = CARTESIAN_POINT ( 'NONE',  ( 0.6275237141207452574, -1.057899392700875518, 0.8001000000000002554 ) ) ;
#2658 = DIRECTION ( 'NONE',  ( 0.000000000000000000, -0.000000000000000000, -1.000000000000000000 ) ) ;
#2659 = AXIS2_PLACEMENT_3D ( 'NONE', #2728, #8770, #1965 ) ;
#2660 = EDGE_CURVE ( 'NONE', #101, #2510, #3429, .T. ) ;
#2661 = DIRECTION ( 'NONE',  ( 0.000000000000000000, 0.000000000000000000, 1.000000000000000000 ) ) ;
#2662 = CARTESIAN_POINT ( 'NONE',  ( 4.849999999999997868, 4.400000000000000355, 2.900000000000000355 ) ) ;
#2663 = ORIENTED_EDGE ( 'NONE', *, *, #9736, .T. ) ;
#2664 = UNCERTAINTY_MEASURE_WITH_UNIT (LENGTH_MEASURE( 1.000000000000000082E-05 ), #3383, 'distance_accuracy_value', 'NONE');
#2665 = ORIENTED_EDGE ( 'NONE', *, *, #7983, .F. ) ;
#2666 = DIRECTION ( 'NONE',  ( -0.5773502691896248429, 0.5773502691896287287, -0.5773502691896237327 ) ) ;
#2667 = AXIS2_PLACEMENT_3D ( 'NONE', #1692, #7782, #951 ) ;
#2668 = CARTESIAN_POINT ( 'NONE',  ( 0.7173050163589189676, -0.7079053664253148748, 0.8001000000000000334 ) ) ;
#2669 = LINE ( 'NONE', #4885, #9642 ) ;
#2670 = CARTESIAN_POINT ( 'NONE',  ( 0.2178059871815752613, 0.2436206782573457907, 0.8001000000000000334 ) ) ;
#2671 = MECHANICAL_DESIGN_GEOMETRIC_PRESENTATION_REPRESENTATION (  '', ( #8083 ), #7597 ) ;
#2672 = CARTESIAN_POINT ( 'NONE',  ( 4.849999999999997868, -3.699999999999999289, 2.900000000000000355 ) ) ;
#2673 = CARTESIAN_POINT ( 'NONE',  ( 0.5903225225291075517, -0.5929436368808471691, 0.8000000000000003775 ) ) ;
#2674 =( NAMED_UNIT ( * ) SI_UNIT ( $, .STERADIAN. ) SOLID_ANGLE_UNIT ( ) );
#2675 = AXIS2_PLACEMENT_3D ( 'NONE', #7660, #6714, #5345 ) ;
#2676 = VECTOR ( 'NONE', #3699, 1000.000000000000000 ) ;
#2677 = LINE ( 'NONE', #8054, #3096 ) ;
#2678 = CARTESIAN_POINT ( 'NONE',  ( 0.08929905410326256787, 0.1888020101874678391, 0.8000999999999997003 ) ) ;
#2679 = PLANE ( 'NONE',  #612 ) ;
#2680 = ORIENTED_EDGE ( 'NONE', *, *, #5594, .F. ) ;
#2681 = CARTESIAN_POINT ( 'NONE',  ( 0.1575538989203206508, -1.018125314491902023, 0.8000000000000000444 ) ) ;
#2682 = CARTESIAN_POINT ( 'NONE',  ( -0.004675918905150737610, 2.088584498530826394, 0.7999999999999999334 ) ) ;
#2683 = COLOUR_RGB ( '',0.9254901960784314152, 0.9254901960784314152, 0.9254901960784314152 ) ;
#2684 = DIRECTION ( 'NONE',  ( -0.000000000000000000, -0.000000000000000000, -1.000000000000000000 ) ) ;
#2685 = EDGE_CURVE ( 'NONE', #2283, #8939, #1946, .T. ) ;
#2686 = CARTESIAN_POINT ( 'NONE',  ( 0.000000000000000000, 4.199999999999998401, -9.000000000000001776 ) ) ;
#2687 = DIRECTION ( 'NONE',  ( -0.000000000000000000, -0.000000000000000000, 1.000000000000000000 ) ) ;
#2688 = CARTESIAN_POINT ( 'NONE',  ( -0.004675918905150737610, 2.088584498530826394, 0.8000999999999999224 ) ) ;
#2689 = CARTESIAN_POINT ( 'NONE',  ( 0.1868037085510538542, -1.115041969626910490, 0.8000000000000001554 ) ) ;
#2690 = PRESENTATION_LAYER_ASSIGNMENT (  '', '', ( #1572 ) ) ;
#2691 = CARTESIAN_POINT ( 'NONE',  ( 0.4538461538461536771, -0.4301282051422487540, 0.8001000000000001444 ) ) ;
#2692 = SURFACE_SIDE_STYLE ('',( #3650 ) ) ;
#2693 = ORIENTED_EDGE ( 'NONE', *, *, #4960, .F. ) ;
#2694 = CARTESIAN_POINT ( 'NONE',  ( 0.6498615996078765944, -0.3486864386426081208, 0.7999999999999998224 ) ) ;
#2695 = ORIENTED_EDGE ( 'NONE', *, *, #6092, .F. ) ;
#2696 = VECTOR ( 'NONE', #6083, 1000.000000000000000 ) ;
#2697 = DIRECTION ( 'NONE',  ( 1.000000000000000000, 0.000000000000000000, 0.000000000000000000 ) ) ;
#2698 = PRESENTATION_STYLE_ASSIGNMENT (( #4248 ) ) ;
#2699 = EDGE_CURVE ( 'NONE', #6694, #7527, #5027, .T. ) ;
#2700 = FACE_OUTER_BOUND ( 'NONE', #2492, .T. ) ;
#2701 = ADVANCED_FACE ( 'NONE', ( #9436 ), #2713, .T. ) ;
#2702 =( LENGTH_UNIT ( ) NAMED_UNIT ( * ) SI_UNIT ( .MILLI., .METRE. ) );
#2703 =( LENGTH_UNIT ( ) NAMED_UNIT ( * ) SI_UNIT ( .MILLI., .METRE. ) );
#2704 = AXIS2_PLACEMENT_3D ( 'NONE', #3320, #6120, #81 ) ;
#2705 =( LENGTH_UNIT ( ) NAMED_UNIT ( * ) SI_UNIT ( .MILLI., .METRE. ) );
#2706 = ORIENTED_EDGE ( 'NONE', *, *, #8645, .T. ) ;
#2707 = AXIS2_PLACEMENT_3D ( 'NONE', #692, #3738, #5351 ) ;
#2708 = EDGE_LOOP ( 'NONE', ( #31, #8525, #4460, #4981 ) ) ;
#2709 =( NAMED_UNIT ( * ) PLANE_ANGLE_UNIT ( ) SI_UNIT ( $, .RADIAN. ) );
#2710 = EDGE_CURVE ( 'NONE', #8081, #5749, #2476, .T. ) ;
#2711 = SURFACE_STYLE_USAGE ( .BOTH. , #2043 ) ;
#2712 = VECTOR ( 'NONE', #5174, 1000.000000000000000 ) ;
#2713 = PLANE ( 'NONE',  #1826 ) ;
#2714 = LINE ( 'NONE', #2662, #9572 ) ;
#2715 = CARTESIAN_POINT ( 'NONE',  ( 0.1811320830766295631, -0.7529624040855977807, 0.8000999999999999224 ) ) ;
#2716 = VERTEX_POINT ( 'NONE', #7293 ) ;
#2717 = COLOUR_RGB ( '',0.9254901960784314152, 0.9254901960784314152, 0.9254901960784314152 ) ;
#2718 = ORIENTED_EDGE ( 'NONE', *, *, #1112, .T. ) ;
#2719 = VECTOR ( 'NONE', #6839, 1000.000000000000000 ) ;
#2720 = CARTESIAN_POINT ( 'NONE',  ( 0.7779570854721578055, -0.8992052339264180461, 0.8001000000000000334 ) ) ;
#2721 = LINE ( 'NONE', #6511, #8260 ) ;
#2722 = CARTESIAN_POINT ( 'NONE',  ( 4.849999999999996980, 1.000000000000000444, 2.699999999999997957 ) ) ;
#2723 = DIRECTION ( 'NONE',  ( 0.000000000000000000, -1.000000000000000000, 0.000000000000000000 ) ) ;
#2724 = LINE ( 'NONE', #6568, #259 ) ;
#2725 = DIRECTION ( 'NONE',  ( 1.000000000000000000, 0.000000000000000000, 0.000000000000000000 ) ) ;
#2726 = CARTESIAN_POINT ( 'NONE',  ( 0.6770911083194574021, 0.2088833512726212538, 0.7999999999999998224 ) ) ;
#2727 = CARTESIAN_POINT ( 'NONE',  ( 3.366666666666685792, -5.883333333333317761, -7.316666666666665542 ) ) ;
#2728 = CARTESIAN_POINT ( 'NONE',  ( 0.7499999999999997780, 3.088461538445167243, 0.8001000000000000334 ) ) ;
#2729 = CARTESIAN_POINT ( 'NONE',  ( 0.2006042749777024736, -0.1090707302383444044, 0.8000000000000003775 ) ) ;
#2730 = ORIENTED_EDGE ( 'NONE', *, *, #6792, .F. ) ;
#2731 = EDGE_CURVE ( 'NONE', #8371, #6352, #9540, .T. ) ;
#2732 = CARTESIAN_POINT ( 'NONE',  ( -0.3500000000000002554, -1.783974358966112561, 0.8001000000000000334 ) ) ;
#2733 = MECHANICAL_DESIGN_GEOMETRIC_PRESENTATION_REPRESENTATION (  '', ( #1452 ), #3553 ) ;
#2734 = DIRECTION ( 'NONE',  ( -1.000000000000000000, 0.000000000000000000, 0.000000000000000000 ) ) ;
#2735 = DIRECTION ( 'NONE',  ( -0.000000000000000000, -0.000000000000000000, -1.000000000000000000 ) ) ;
#2736 = CARTESIAN_POINT ( 'NONE',  ( -1.749999999999999556, -0.2000000000000005107, 2.000000000000000000 ) ) ;
#2737 = CARTESIAN_POINT ( 'NONE',  ( -3.950000000000000178, -2.500000000000000444, 0.8000000000000000444 ) ) ;
#2738 = CARTESIAN_POINT ( 'NONE',  ( 0.07799115526961382383, 2.110722665422962940, 0.8000999999999997003 ) ) ;
#2739 = CARTESIAN_POINT ( 'NONE',  ( 0.6106357986275502414, -0.2390927919020442993, 0.8001000000000001444 ) ) ;
#2740 = AXIS2_PLACEMENT_3D ( 'NONE', #2184, #5214, #3710 ) ;
#2741 = CARTESIAN_POINT ( 'NONE',  ( 0.7737517642758151570, -0.1321697186193807605, 0.8000000000000004885 ) ) ;
#2742 = DIRECTION ( 'NONE',  ( 0.000000000000000000, -0.000000000000000000, -1.000000000000000000 ) ) ;
#2743 = EDGE_LOOP ( 'NONE', ( #675, #2343, #2693, #6395 ) ) ;
#2744 = CARTESIAN_POINT ( 'NONE',  ( 4.849999999999997868, 4.400000000000000355, 2.699999999999997957 ) ) ;
#2745 = ORIENTED_EDGE ( 'NONE', *, *, #8475, .T. ) ;
#2746 = ADVANCED_FACE ( 'NONE', ( #5078 ), #7990, .T. ) ;
#2747 = CARTESIAN_POINT ( 'NONE',  ( 0.2151866819356807736, -0.5803776430937327424, 0.8000999999999999224 ) ) ;
#2748 = CARTESIAN_POINT ( 'NONE',  ( 0.4960736095813333968, -0.6616520650852760754, 0.8000999999999999224 ) ) ;
#2749 = CARTESIAN_POINT ( 'NONE',  ( 5.649999999999993250, -1.499999999999995781, 2.900000000000000355 ) ) ;
#2750 = FACE_OUTER_BOUND ( 'NONE', #3158, .T. ) ;
#2751 = SURFACE_SIDE_STYLE ('',( #468 ) ) ;
#2752 = CARTESIAN_POINT ( 'NONE',  ( 0.2136618589743587426, 2.023717948702931757, 0.8000000000000000444 ) ) ;
#2753 = VERTEX_POINT ( 'NONE', #7341 ) ;
#2754 = ORIENTED_EDGE ( 'NONE', *, *, #7125, .F. ) ;
#2755 = EDGE_CURVE ( 'NONE', #2096, #4538, #1166, .T. ) ;
#2756 = FACE_OUTER_BOUND ( 'NONE', #2097, .T. ) ;
#2757 = COLOUR_RGB ( '',1.000000000000000000, 1.000000000000000000, 1.000000000000000000 ) ;
#2758 = CARTESIAN_POINT ( 'NONE',  ( 0.6653846153846152411, -0.9208533653638926175, 0.8000000000000003775 ) ) ;
#2759 = PLANE ( 'NONE',  #5447 ) ;
#2760 = CARTESIAN_POINT ( 'NONE',  ( 6.049999999999993605, -0.8000000000000038192, -8.599999999999999645 ) ) ;
#2761 = DIRECTION ( 'NONE',  ( -0.000000000000000000, -0.000000000000000000, -1.000000000000000000 ) ) ;
#2762 = PLANE ( 'NONE',  #5373 ) ;
#2763 = DIRECTION ( 'NONE',  ( -0.000000000000000000, -0.000000000000000000, -1.000000000000000000 ) ) ;
#2764 = VERTEX_POINT ( 'NONE', #4215 ) ;
#2765 = UNCERTAINTY_MEASURE_WITH_UNIT (LENGTH_MEASURE( 1.000000000000000082E-05 ), #2115, 'distance_accuracy_value', 'NONE');
#2766 = AXIS2_PLACEMENT_3D ( 'NONE', #6967, #3300, #148 ) ;
#2767 =( GEOMETRIC_REPRESENTATION_CONTEXT ( 3 ) GLOBAL_UNCERTAINTY_ASSIGNED_CONTEXT ( ( #4565 ) ) GLOBAL_UNIT_ASSIGNED_CONTEXT ( ( #4362, #8850, #5131 ) ) REPRESENTATION_CONTEXT ( 'NONE', 'WORKASPACE' ) );
#2768 = EDGE_LOOP ( 'NONE', ( #587, #7783, #6946, #7099 ) ) ;
#2769 = ADVANCED_FACE ( 'NONE', ( #526 ), #7941, .T. ) ;
#2770 = CARTESIAN_POINT ( 'NONE',  ( 0.7499999999999997780, 1.560757211523444488, 0.8001000000000000334 ) ) ;
#2771 = CARTESIAN_POINT ( 'NONE',  ( 0.1506963675233245481, 0.1673992609995622327, 0.8000999999999997003 ) ) ;
#2772 = PRESENTATION_LAYER_ASSIGNMENT (  '', '', ( #1017 ) ) ;
#2773 = CARTESIAN_POINT ( 'NONE',  ( 0.6371794871794869142, 1.318589743574726469, 0.8001000000000000334 ) ) ;
#2774 = CYLINDRICAL_SURFACE ( 'NONE', #5833, 0.4999999999999995559 ) ;
#2775 = VECTOR ( 'NONE', #3053, 1000.000000000000000 ) ;
#2776 = FACE_OUTER_BOUND ( 'NONE', #3229, .T. ) ;
#2777 = CARTESIAN_POINT ( 'NONE',  ( 0.6708856604416145730, -0.6517956168164315001, 0.8000000000000000444 ) ) ;
#2778 = DIRECTION ( 'NONE',  ( -0.000000000000000000, -0.000000000000000000, -1.000000000000000000 ) ) ;
#2779 = ORIENTED_EDGE ( 'NONE', *, *, #1608, .T. ) ;
#2780 = FILL_AREA_STYLE_COLOUR ( '', #3155 ) ;
#2781 = MECHANICAL_DESIGN_GEOMETRIC_PRESENTATION_REPRESENTATION (  '', ( #3911 ), #2948 ) ;
#2782 = LINE ( 'NONE', #1228, #4273 ) ;
#2783 = ORIENTED_EDGE ( 'NONE', *, *, #3318, .F. ) ;
#2784 = CARTESIAN_POINT ( 'NONE',  ( -6.249999999999999112, 1.499999999999999112, 0.8001000000000000334 ) ) ;
#2785 = FILL_AREA_STYLE ('',( #4332 ) ) ;
#2786 = CARTESIAN_POINT ( 'NONE',  ( 0.7499999999999997780, 0.5147435897445178377, 0.8001000000000000334 ) ) ;
#2787 = CARTESIAN_POINT ( 'NONE',  ( 0.7499999999999997780, 1.560757211523444488, 0.7999999999999999334 ) ) ;
#2788 = PRESENTATION_LAYER_ASSIGNMENT (  '', '', ( #1821 ) ) ;
#2789 = CARTESIAN_POINT ( 'NONE',  ( -0.2341228063235999968, 1.930141277488144125, 0.8001000000000000334 ) ) ;
#2790 = CARTESIAN_POINT ( 'NONE',  ( 0.6058894230769229505, -0.2452524038601973932, 0.8000000000000001554 ) ) ;
#2791 = ADVANCED_FACE ( 'NONE', ( #2966 ), #2435, .T. ) ;
#2792 = CARTESIAN_POINT ( 'NONE',  ( 0.7323435396971007538, -0.2530352611410817132, 0.8001000000000000334 ) ) ;
#2793 = FACE_OUTER_BOUND ( 'NONE', #4661, .T. ) ;
#2794 = ORIENTED_EDGE ( 'NONE', *, *, #8388, .T. ) ;
#2795 =( NAMED_UNIT ( * ) PLANE_ANGLE_UNIT ( ) SI_UNIT ( $, .RADIAN. ) );
#2796 = ORIENTED_EDGE ( 'NONE', *, *, #6399, .F. ) ;
#2797 = VECTOR ( 'NONE', #2684, 1000.000000000000000 ) ;
#2798 = CARTESIAN_POINT ( 'NONE',  ( -5.100000000000000533, 4.099999999999999645, -0.8001000000000000334 ) ) ;
#2799 = PLANE ( 'NONE',  #639 ) ;
#2800 = CARTESIAN_POINT ( 'NONE',  ( 0.6653846153846152411, -0.9208533653638926175, 0.8001000000000000334 ) ) ;
#2801 = CARTESIAN_POINT ( 'NONE',  ( 0.6607338799795680062, -0.8656059721979090238, 0.8000000000000000444 ) ) ;
#2802 = DIRECTION ( 'NONE',  ( -0.000000000000000000, -0.000000000000000000, -1.000000000000000000 ) ) ;
#2803 = CARTESIAN_POINT ( 'NONE',  ( 6.249999999999996447, -0.6000000000000007550, 0.8000000000000000444 ) ) ;
#2804 = SURFACE_STYLE_USAGE ( .BOTH. , #2751 ) ;
#2805 = AXIS2_PLACEMENT_3D ( 'NONE', #3023, #1466, #2316 ) ;
#2806 = EDGE_LOOP ( 'NONE', ( #6082, #2868, #7771, #9090 ) ) ;
#2807 = B_SPLINE_CURVE_WITH_KNOTS ( 'NONE', 3,
 ( #3594, #399, #6620, #5744, #9610, #2067, #4948, #3549, #2889, #5940, #1187, #1879, #4237, #7962, #1141, #8732, #4192, #7270, #7216 ),
 .UNSPECIFIED., .F., .F.,
 ( 4, 1, 1, 1, 1, 1, 1, 1, 1, 1, 1, 1, 1, 1, 1, 1, 4 ),
 ( 0.000000000000000000, 0.06241191546626010528, 0.1233331236171022749, 0.1831169538814301501, 0.2417729815817080130, 0.3005664345557856887, 0.3596651793197815361, 0.4188642935347365315, 0.4795108054598561931, 0.5404624589939835966, 0.6019127741600999171, 0.6644672098853200426, 0.7278070973767676310, 0.7924745597484338377, 0.8592493077857749073, 0.9284673632662795439, 1.000000000000000000 ),
 .UNSPECIFIED. ) ;
#2808 = ORIENTED_EDGE ( 'NONE', *, *, #7208, .T. ) ;
#2809 = DIRECTION ( 'NONE',  ( -0.000000000000000000, 1.000000000000000000, -0.000000000000000000 ) ) ;
#2810 = SURFACE_STYLE_FILL_AREA ( #3527 ) ;
#2811 = EDGE_CURVE ( 'NONE', #3818, #5614, #1405, .T. ) ;
#2812 = DIRECTION ( 'NONE',  ( 0.000000000000000000, 1.000000000000000000, 0.000000000000000000 ) ) ;
#2813 =( NAMED_UNIT ( * ) SI_UNIT ( $, .STERADIAN. ) SOLID_ANGLE_UNIT ( ) );
#2814 = FILL_AREA_STYLE_COLOUR ( '', #9252 ) ;
#2815 = VERTEX_POINT ( 'NONE', #4455 ) ;
#2816 = ORIENTED_EDGE ( 'NONE', *, *, #2452, .T. ) ;
#2817 = CARTESIAN_POINT ( 'NONE',  ( -0.3250000000000004552, -0.3250000000000004552, -0.8000000000000000444 ) ) ;
#2818 = DIRECTION ( 'NONE',  ( -0.000000000000000000, 0.000000000000000000, 1.000000000000000000 ) ) ;
#2819 = CARTESIAN_POINT ( 'NONE',  ( -0.3498609065726967504, 1.461306004337012077, 0.8000000000000000444 ) ) ;
#2820 = CARTESIAN_POINT ( 'NONE',  ( -6.750000000000000000, 5.400000000000000355, -0.8000000000000000444 ) ) ;
#2821 = DIRECTION ( 'NONE',  ( 0.000000000000000000, -1.000000000000000000, 0.000000000000000000 ) ) ;
#2822 = B_SPLINE_CURVE_WITH_KNOTS ( 'NONE', 3,
 ( #1574, #2370, #4626, #8443, #5492, #7000, #1522, #4682, #6909, #7755, #3778, #873, #921, #8341, #3930 ),
 .UNSPECIFIED., .F., .F.,
 ( 4, 1, 1, 1, 1, 1, 1, 1, 1, 1, 1, 1, 4 ),
 ( 0.000000000000000000, 0.09468590087395960253, 0.1819915590225712199, 0.2643731764917001126, 0.3416388458246975568, 0.4185576903714563479, 0.4964480435291884763, 0.5773069060618141179, 0.6614472063770033827, 0.7466679488088040495, 0.8313674585685808527, 0.9152068260562370439, 1.000000000000000000 ),
 .UNSPECIFIED. ) ;
#2823 = EDGE_CURVE ( 'NONE', #9556, #1333, #8327, .T. ) ;
#2824 = DIRECTION ( 'NONE',  ( -0.000000000000000000, -0.000000000000000000, -1.000000000000000000 ) ) ;
#2825 = EDGE_CURVE ( 'NONE', #7065, #8570, #5326, .T. ) ;
#2826 = CARTESIAN_POINT ( 'NONE',  ( 0.7753244908171146310, -0.8723713090895940381, 0.7999999999999999334 ) ) ;
#2827 =( LENGTH_UNIT ( ) NAMED_UNIT ( * ) SI_UNIT ( .MILLI., .METRE. ) );
#2828 = ORIENTED_EDGE ( 'NONE', *, *, #5499, .T. ) ;
#2829 = AXIS2_PLACEMENT_3D ( 'NONE', #6890, #2403, #4604 ) ;
#2830 = FACE_OUTER_BOUND ( 'NONE', #5866, .T. ) ;
#2831 = AXIS2_PLACEMENT_3D ( 'NONE', #7847, #4784, #5637 ) ;
#2832 = CARTESIAN_POINT ( 'NONE',  ( -0.2371794871794874193, 1.395933493574726514, 0.8000000000000000444 ) ) ;
#2833 = EDGE_LOOP ( 'NONE', ( #1410, #512, #3289, #9277 ) ) ;
#2834 = CARTESIAN_POINT ( 'NONE',  ( 0.3822772282342093986, 1.996683044457248091, 0.8000000000000000444 ) ) ;
#2835 = SURFACE_STYLE_USAGE ( .BOTH. , #7169 ) ;
#2836 = FACE_OUTER_BOUND ( 'NONE', #5958, .T. ) ;
#2837 = VECTOR ( 'NONE', #6522, 1000.000000000000000 ) ;
#2838 = PLANE ( 'NONE',  #351 ) ;
#2839 = VECTOR ( 'NONE', #1126, 1000.000000000000000 ) ;
#2840 = CARTESIAN_POINT ( 'NONE',  ( 0.4224436852899148831, 0.2181077796076306419, 0.8000000000000002665 ) ) ;
#2841 = CARTESIAN_POINT ( 'NONE',  ( -0.3603824468381034984, -0.1726144966581374396, 0.8001000000000002554 ) ) ;
#2842 = CARTESIAN_POINT ( 'NONE',  ( 5.649999999999993250, 1.499999999999996225, 2.900000000000000355 ) ) ;
#2843 = ORIENTED_EDGE ( 'NONE', *, *, #3438, .F. ) ;
#2844 = STYLED_ITEM ( 'NONE', ( #8458 ), #8060 ) ;
#2845 = EDGE_LOOP ( 'NONE', ( #3542, #2856, #5069, #2640, #6272, #9606 ) ) ;
#2846 = CARTESIAN_POINT ( 'NONE',  ( 0.3155857425290003460, -0.5486148065938122320, 0.8001000000000001444 ) ) ;
#2847 = EDGE_CURVE ( 'NONE', #6383, #8843, #1507, .T. ) ;
#2848 =( LENGTH_UNIT ( ) NAMED_UNIT ( * ) SI_UNIT ( .MILLI., .METRE. ) );
#2849 = CARTESIAN_POINT ( 'NONE',  ( -0.1660360204578115451, 1.828048649592185049, 0.8000999999999998114 ) ) ;
#2850 =( NAMED_UNIT ( * ) SI_UNIT ( $, .STERADIAN. ) SOLID_ANGLE_UNIT ( ) );
#2851 = DIRECTION ( 'NONE',  ( -0.000000000000000000, -0.000000000000000000, 1.000000000000000000 ) ) ;
#2852 = SURFACE_SIDE_STYLE ('',( #8133 ) ) ;
#2853 = DIRECTION ( 'NONE',  ( -1.239088197126291458E-15, -1.000000000000000000, 0.000000000000000000 ) ) ;
#2854 = VERTEX_POINT ( 'NONE', #6113 ) ;
#2855 = VECTOR ( 'NONE', #644, 1000.000000000000000 ) ;
#2856 = ORIENTED_EDGE ( 'NONE', *, *, #6044, .T. ) ;
#2857 = UNCERTAINTY_MEASURE_WITH_UNIT (LENGTH_MEASURE( 1.000000000000000082E-05 ), #2703, 'distance_accuracy_value', 'NONE');
#2858 = EDGE_CURVE ( 'NONE', #3857, #3069, #9096, .T. ) ;
#2859 = LINE ( 'NONE', #6696, #3984 ) ;
#2860 = DIRECTION ( 'NONE',  ( 1.000000000000000000, 0.000000000000000000, 0.000000000000000000 ) ) ;
#2861 = MECHANICAL_DESIGN_GEOMETRIC_PRESENTATION_REPRESENTATION (  '', ( #3028 ), #7946 ) ;
#2862 = CARTESIAN_POINT ( 'NONE',  ( 0.4538461538461536215, -0.3314102564242999427, 0.8001000000000000334 ) ) ;
#2863 =( GEOMETRIC_REPRESENTATION_CONTEXT ( 3 ) GLOBAL_UNCERTAINTY_ASSIGNED_CONTEXT ( ( #7757 ) ) GLOBAL_UNIT_ASSIGNED_CONTEXT ( ( #3936, #7849, #142 ) ) REPRESENTATION_CONTEXT ( 'NONE', 'WORKASPACE' ) );
#2864 = CARTESIAN_POINT ( 'NONE',  ( 0.3201150768791090062, 0.3013133185857442276, 0.7999999999999999334 ) ) ;
#2865 = SURFACE_SIDE_STYLE ('',( #3622 ) ) ;
#2866 = ORIENTED_EDGE ( 'NONE', *, *, #6270, .T. ) ;
#2867 = UNCERTAINTY_MEASURE_WITH_UNIT (LENGTH_MEASURE( 1.000000000000000082E-05 ), #3863, 'distance_accuracy_value', 'NONE');
#2868 = ORIENTED_EDGE ( 'NONE', *, *, #7101, .F. ) ;
#2869 = EDGE_CURVE ( 'NONE', #4262, #5785, #3764, .T. ) ;
#2870 = VECTOR ( 'NONE', #6367, 1000.000000000000000 ) ;
#2871 = LINE ( 'NONE', #2263, #3960 ) ;
#2872 =( NAMED_UNIT ( * ) PLANE_ANGLE_UNIT ( ) SI_UNIT ( $, .RADIAN. ) );
#2873 = DIRECTION ( 'NONE',  ( -0.5773502691896240657, -0.5773502691896240657, 0.5773502691896289507 ) ) ;
#2874 = CARTESIAN_POINT ( 'NONE',  ( -0.1267757594189378167, 0.1584753810993484724, 0.7999999999999998224 ) ) ;
#2875 = CARTESIAN_POINT ( 'NONE',  ( 0.7753244908171146310, -0.8723713090895940381, 0.8000999999999999224 ) ) ;
#2876 = CARTESIAN_POINT ( 'NONE',  ( -3.950000000000000178, -2.500000000000000444, -0.8001000000000000334 ) ) ;
#2877 = MECHANICAL_DESIGN_GEOMETRIC_PRESENTATION_REPRESENTATION (  '', ( #3035 ), #3206 ) ;
#2878 = LINE ( 'NONE', #4848, #9417 ) ;
#2879 = DIRECTION ( 'NONE',  ( 0.000000000000000000, -0.000000000000000000, 1.000000000000000000 ) ) ;
#2880 = ORIENTED_EDGE ( 'NONE', *, *, #9209, .T. ) ;
#2881 = MECHANICAL_DESIGN_GEOMETRIC_PRESENTATION_REPRESENTATION (  '', ( #810 ), #6393 ) ;
#2882 = CARTESIAN_POINT ( 'NONE',  ( -0.02592126411449980489, 1.965608614291275646, 0.8000000000000002665 ) ) ;
#2883 = ORIENTED_EDGE ( 'NONE', *, *, #5826, .T. ) ;
#2884 = ADVANCED_FACE ( 'NONE', ( #5223 ), #717, .T. ) ;
#2885 = CARTESIAN_POINT ( 'NONE',  ( 5.849999999999997868, 1.700000000000000178, 2.900000000000000355 ) ) ;
#2886 = CARTESIAN_POINT ( 'NONE',  ( 5.849999999999997868, -1.000000000000000000, 2.900000000000000355 ) ) ;
#2887 = DIRECTION ( 'NONE',  ( 0.000000000000000000, 1.000000000000000000, 0.000000000000000000 ) ) ;
#2888 = AXIS2_PLACEMENT_3D ( 'NONE', #5402, #7147, #95 ) ;
#2889 = CARTESIAN_POINT ( 'NONE',  ( 0.4911733234257726344, 1.934977365502690283, 0.8001000000000002554 ) ) ;
#2890 = FILL_AREA_STYLE ('',( #8115 ) ) ;
#2891 =( NAMED_UNIT ( * ) SI_UNIT ( $, .STERADIAN. ) SOLID_ANGLE_UNIT ( ) );
#2892 =( LENGTH_UNIT ( ) NAMED_UNIT ( * ) SI_UNIT ( .MILLI., .METRE. ) );
#2893 = LINE ( 'NONE', #549, #7921 ) ;
#2894 = DIRECTION ( 'NONE',  ( 0.000000000000000000, -1.000000000000000000, 0.000000000000000000 ) ) ;
#2895 = ORIENTED_EDGE ( 'NONE', *, *, #3535, .T. ) ;
#2896 = MECHANICAL_DESIGN_GEOMETRIC_PRESENTATION_REPRESENTATION (  '', ( #817 ), #7178 ) ;
#2897 = CARTESIAN_POINT ( 'NONE',  ( 0.04269920492653982158, -0.9844812331892454083, 0.7999999999999998224 ) ) ;
#2898 = ORIENTED_EDGE ( 'NONE', *, *, #8645, .F. ) ;
#2899 = EDGE_CURVE ( 'NONE', #4406, #1292, #7583, .T. ) ;
#2900 = DIRECTION ( 'NONE',  ( 1.000000000000000000, 0.000000000000000000, 0.000000000000000000 ) ) ;
#2901 = FACE_BOUND ( 'NONE', #3465, .T. ) ;
#2902 = DIRECTION ( 'NONE',  ( 0.000000000000000000, 1.000000000000000000, 0.000000000000000000 ) ) ;
#2903 =( NAMED_UNIT ( * ) PLANE_ANGLE_UNIT ( ) SI_UNIT ( $, .RADIAN. ) );
#2904 = VECTOR ( 'NONE', #7435, 1000.000000000000000 ) ;
#2905 = CARTESIAN_POINT ( 'NONE',  ( 0.03276328678314199827, 0.09042622568653789494, 0.8000000000000000444 ) ) ;
#2906 = CARTESIAN_POINT ( 'NONE',  ( -0.2623865258970464742, -0.01346649817827903425, 0.8000999999999997003 ) ) ;
#2907 = SURFACE_STYLE_USAGE ( .BOTH. , #2852 ) ;
#2908 = ORIENTED_EDGE ( 'NONE', *, *, #5220, .F. ) ;
#2909 = PLANE ( 'NONE',  #7282 ) ;
#2910 = ORIENTED_EDGE ( 'NONE', *, *, #9554, .F. ) ;
#2911 = B_SPLINE_SURFACE_WITH_KNOTS ( 'NONE', 3, 1, ( 
 ( #1012, #2361 ),
 ( #3969, #182 ),
 ( #9294, #6276 ),
 ( #3123, #6169 ),
 ( #9248, #2466 ),
 ( #4066, #8571 ),
 ( #1706, #7696 ),
 ( #867, #1754 ),
 ( #2657, #8656 ),
 ( #5720, #7191 ),
 ( #9585, #4975 ),
 ( #374, #7339 ),
 ( #5073, #4870 ),
 ( #9538, #4213 ),
 ( #8704, #2758 ) ),
 .UNSPECIFIED., .F., .F., .F.,
 ( 4, 1, 1, 1, 1, 1, 1, 1, 1, 1, 1, 1, 4 ),
 ( 2, 2 ),
 ( 0.000000000000000000, 0.09468590087395960253, 0.1819915590225712199, 0.2643731764917001126, 0.3416388458246975568, 0.4185576903714563479, 0.4964480435291884763, 0.5773069060618141179, 0.6614472063770033827, 0.7466679488088040495, 0.8313674585685808527, 0.9152068260562370439, 1.000000000000000000 ),
 ( 0.000000000000000000, 1.000000000000000000 ),
 .UNSPECIFIED. ) ;
#2912 = DIRECTION ( 'NONE',  ( 1.000000000000000000, 0.000000000000000000, 0.000000000000000000 ) ) ;
#2913 = CARTESIAN_POINT ( 'NONE',  ( 0.7499999999999997780, 0.5147435897445178377, 0.8001000000000000334 ) ) ;
#2914 = CARTESIAN_POINT ( 'NONE',  ( 5.049999999999998934, -1.000000000000000444, -9.000000000000001776 ) ) ;
#2915 = PLANE ( 'NONE',  #5972 ) ;
#2916 = EDGE_CURVE ( 'NONE', #5845, #4126, #2307, .T. ) ;
#2917 = VERTEX_POINT ( 'NONE', #9637 ) ;
#2918 = VERTEX_POINT ( 'NONE', #4680 ) ;
#2919 = FILL_AREA_STYLE ('',( #444 ) ) ;
#2920 = LINE ( 'NONE', #8195, #6199 ) ;
#2921 = DIRECTION ( 'NONE',  ( 1.000000000000000000, 0.000000000000000000, 0.000000000000000000 ) ) ;
#2922 = SURFACE_SIDE_STYLE ('',( #4513 ) ) ;
#2923 = CARTESIAN_POINT ( 'NONE',  ( -0.2368364470761873120, 0.06618746306658544742, 0.8000000000000000444 ) ) ;
#2924 = CARTESIAN_POINT ( 'NONE',  ( 0.6123584451790893279, -0.6058227587577498241, 0.8000000000000002665 ) ) ;
#2925 = CARTESIAN_POINT ( 'NONE',  ( 0.7168879398995340324, 1.810519859678527244, 0.8000000000000001554 ) ) ;
#2926 = VECTOR ( 'NONE', #7163, 1000.000000000000000 ) ;
#2927 = CARTESIAN_POINT ( 'NONE',  ( 0.6653846153846152411, -0.06147836539865887684, 0.8000000000000004885 ) ) ;
#2928 = VERTEX_POINT ( 'NONE', #133 ) ;
#2929 = FILL_AREA_STYLE ('',( #827 ) ) ;
#2930 = CARTESIAN_POINT ( 'NONE',  ( 4.849999999999996980, -1.699999999999999956, -8.799999999999997158 ) ) ;
#2931 = ORIENTED_EDGE ( 'NONE', *, *, #3068, .T. ) ;
#2932 = PRESENTATION_STYLE_ASSIGNMENT (( #7505 ) ) ;
#2933 = VECTOR ( 'NONE', #4458, 1000.000000000000227 ) ;
#2934 = CARTESIAN_POINT ( 'NONE',  ( 0.7499999999999997780, 3.088461538445167243, 0.8000000000000000444 ) ) ;
#2935 = CARTESIAN_POINT ( 'NONE',  ( -0.2446762942992835588, -0.1640967857148945552, 0.8001000000000001444 ) ) ;
#2936 = DIRECTION ( 'NONE',  ( -1.000000000000000000, 0.000000000000000000, 0.000000000000000000 ) ) ;
#2937 = CARTESIAN_POINT ( 'NONE',  ( 0.6334852417748181308, 1.593917025435199752, 0.8000999999999998114 ) ) ;
#2938 = FACE_OUTER_BOUND ( 'NONE', #6106, .T. ) ;
#2939 = LINE ( 'NONE', #2230, #9243 ) ;
#2940 = DIRECTION ( 'NONE',  ( 0.000000000000000000, 1.000000000000000000, 0.000000000000000000 ) ) ;
#2941 = ADVANCED_FACE ( 'NONE', ( #3184 ), #6954, .T. ) ;
#2942 = VECTOR ( 'NONE', #8077, 1000.000000000000000 ) ;
#2943 = PRESENTATION_LAYER_ASSIGNMENT (  '', '', ( #4860 ) ) ;
#2944 = ORIENTED_EDGE ( 'NONE', *, *, #8378, .T. ) ;
#2945 = CARTESIAN_POINT ( 'NONE',  ( 0.6106357986275502414, -0.2390927919020442993, 0.8000000000000001554 ) ) ;
#2946 = EDGE_LOOP ( 'NONE', ( #6166, #1824, #8219, #6039 ) ) ;
#2947 = ORIENTED_EDGE ( 'NONE', *, *, #1165, .T. ) ;
#2948 =( GEOMETRIC_REPRESENTATION_CONTEXT ( 3 ) GLOBAL_UNCERTAINTY_ASSIGNED_CONTEXT ( ( #8611 ) ) GLOBAL_UNIT_ASSIGNED_CONTEXT ( ( #6887, #7073, #8470 ) ) REPRESENTATION_CONTEXT ( 'NONE', 'WORKASPACE' ) );
#2949 = CARTESIAN_POINT ( 'NONE',  ( 4.849999999999997868, -3.699999999999999289, 2.699999999999997957 ) ) ;
#2950 = CARTESIAN_POINT ( 'NONE',  ( -0.08094247050007538635, 1.927479807655516186, 0.8000000000000003775 ) ) ;
#2951 = CARTESIAN_POINT ( 'NONE',  ( 5.849999999999997868, -1.699999999999999734, -3.100000000000000089 ) ) ;
#2952 = CARTESIAN_POINT ( 'NONE',  ( 0.6369515431177424913, 1.497890987396387263, 0.7999999999999997113 ) ) ;
#2953 = CARTESIAN_POINT ( 'NONE',  ( -0.2145494073147232450, 0.09953295520226643212, 0.8001000000000000334 ) ) ;
#2954 =( NAMED_UNIT ( * ) SI_UNIT ( $, .STERADIAN. ) SOLID_ANGLE_UNIT ( ) );
#2955 = EDGE_CURVE ( 'NONE', #1022, #426, #1621, .T. ) ;
#2956 = EDGE_CURVE ( 'NONE', #8570, #1096, #6231, .T. ) ;
#2957 = ORIENTED_EDGE ( 'NONE', *, *, #4376, .T. ) ;
#2958 = ORIENTED_EDGE ( 'NONE', *, *, #3906, .F. ) ;
#2959 = MECHANICAL_DESIGN_GEOMETRIC_PRESENTATION_REPRESENTATION (  '', ( #565 ), #1972 ) ;
#2960 = CARTESIAN_POINT ( 'NONE',  ( 4.849999999999996980, 3.700000000000000622, 2.900000000000000355 ) ) ;
#2961 = ORIENTED_EDGE ( 'NONE', *, *, #6898, .T. ) ;
#2962 = CARTESIAN_POINT ( 'NONE',  ( -0.2371794871794874193, 1.318589743574726469, 0.8001000000000000334 ) ) ;
#2963 = COLOUR_RGB ( '',0.2509803921568627416, 0.2509803921568627416, 0.2509803921568627416 ) ;
#2964 = APPLICATION_CONTEXT ( 'automotive_design' ) ;
#2965 = DIRECTION ( 'NONE',  ( 0.000000000000000000, 1.000000000000000000, 0.000000000000000000 ) ) ;
#2966 = FACE_OUTER_BOUND ( 'NONE', #712, .T. ) ;
#2967 = DIRECTION ( 'NONE',  ( -0.000000000000000000, 0.000000000000000000, -1.000000000000000000 ) ) ;
#2968 = SURFACE_SIDE_STYLE ('',( #8191 ) ) ;
#2969 = EDGE_LOOP ( 'NONE', ( #2310, #7121 ) ) ;
#2970 = ORIENTED_EDGE ( 'NONE', *, *, #1775, .T. ) ;
#2971 = VECTOR ( 'NONE', #4379, 1000.000000000000000 ) ;
#2972 = EDGE_CURVE ( 'NONE', #4893, #8267, #6529, .T. ) ;
#2973 = DIRECTION ( 'NONE',  ( -0.9209672510685588120, 0.3896399908366982023, 0.000000000000000000 ) ) ;
#2974 = CARTESIAN_POINT ( 'NONE',  ( -0.2143048706278477822, 1.705115552531368595, 0.8001000000000000334 ) ) ;
#2975 = CARTESIAN_POINT ( 'NONE',  ( 0.7030101774277566218, -0.6882059946261354089, 0.8000000000000003775 ) ) ;
#2976 = CARTESIAN_POINT ( 'NONE',  ( 0.2469669435457627904, -0.5668858523908766323, 0.8000000000000000444 ) ) ;
#2977 = PRESENTATION_LAYER_ASSIGNMENT (  '', '', ( #2325 ) ) ;
#2978 = CARTESIAN_POINT ( 'NONE',  ( -0.1991690254526279347, 0.2380513148857096029, 0.8000999999999999224 ) ) ;
#2979 = ORIENTED_EDGE ( 'NONE', *, *, #4323, .T. ) ;
#2980 = SURFACE_STYLE_USAGE ( .BOTH. , #5296 ) ;
#2981 = VERTEX_POINT ( 'NONE', #8114 ) ;
#2982 = CARTESIAN_POINT ( 'NONE',  ( 0.3189415823574155429, 2.014291290340444185, 0.8000000000000000444 ) ) ;
#2983 = DIRECTION ( 'NONE',  ( -0.000000000000000000, -0.000000000000000000, -1.000000000000000000 ) ) ;
#2984 = CARTESIAN_POINT ( 'NONE',  ( 4.849999999999996980, -4.799999999999998934, 0.8000000000000000444 ) ) ;
#2985 =( LENGTH_UNIT ( ) NAMED_UNIT ( * ) SI_UNIT ( .MILLI., .METRE. ) );
#2986 = DIRECTION ( 'NONE',  ( 0.000000000000000000, -1.000000000000000000, 0.000000000000000000 ) ) ;
#2987 = CARTESIAN_POINT ( 'NONE',  ( 0.1435897435897433294, -0.9069711538254310312, 0.8001000000000000334 ) ) ;
#2988 = STYLED_ITEM ( 'NONE', ( #2272 ), #4312 ) ;
#2989 = CARTESIAN_POINT ( 'NONE',  ( 4.849999999999998757, -6.009577756062510968E-15, -3.100000000000000089 ) ) ;
#2990 = LINE ( 'NONE', #1382, #3645 ) ;
#2991 = SURFACE_STYLE_FILL_AREA ( #1437 ) ;
#2992 = ORIENTED_EDGE ( 'NONE', *, *, #3956, .T. ) ;
#2993 = DIRECTION ( 'NONE',  ( 0.000000000000000000, -1.000000000000000000, 0.000000000000000000 ) ) ;
#2994 = VERTEX_POINT ( 'NONE', #7316 ) ;
#2995 = CARTESIAN_POINT ( 'NONE',  ( 5.149999999999999467, -1.000000000000001332, -9.500000000000001776 ) ) ;
#2996 = ORIENTED_EDGE ( 'NONE', *, *, #3692, .T. ) ;
#2997 = EDGE_CURVE ( 'NONE', #4262, #8252, #8778, .T. ) ;
#2998 = SURFACE_STYLE_FILL_AREA ( #6787 ) ;
#2999 = CARTESIAN_POINT ( 'NONE',  ( -0.2371794871794874193, -0.5852564102356874187, 0.8001000000000000334 ) ) ;
#3000 = CARTESIAN_POINT ( 'NONE',  ( -0.1267757594189378167, 0.1584753810993484724, 0.8000999999999998114 ) ) ;
#3001 = LINE ( 'NONE', #7574, #1806 ) ;
#3002 = VECTOR ( 'NONE', #1318, 1000.000000000000000 ) ;
#3003 = ORIENTED_EDGE ( 'NONE', *, *, #2660, .F. ) ;
#3004 = VECTOR ( 'NONE', #940, 1000.000000000000000 ) ;
#3005 = EDGE_LOOP ( 'NONE', ( #8279, #5920, #7356, #7872, #2908, #3820, #5346, #8391, #6328, #9126, #5058 ) ) ;
#3006 = CARTESIAN_POINT ( 'NONE',  ( 0.7499999999999997780, -2.573717948720140036, 0.8000000000000000444 ) ) ;
#3007 = EDGE_LOOP ( 'NONE', ( #4112, #9440, #6870, #6117 ) ) ;
#3008 = LINE ( 'NONE', #6110, #8775 ) ;
#3009 = ADVANCED_FACE ( 'NONE', ( #2836 ), #8062, .F. ) ;
#3010 = EDGE_CURVE ( 'NONE', #5481, #4387, #1323, .T. ) ;
#3011 =( LENGTH_UNIT ( ) NAMED_UNIT ( * ) SI_UNIT ( .MILLI., .METRE. ) );
#3012 =( LENGTH_UNIT ( ) NAMED_UNIT ( * ) SI_UNIT ( .MILLI., .METRE. ) );
#3013 = CARTESIAN_POINT ( 'NONE',  ( 0.4538461538461536215, -0.3314102564242999427, 0.8000000000000000444 ) ) ;
#3014 = SURFACE_SIDE_STYLE ('',( #1457 ) ) ;
#3015 = DIRECTION ( 'NONE',  ( 0.000000000000000000, 0.000000000000000000, -1.000000000000000000 ) ) ;
#3016 = ORIENTED_EDGE ( 'NONE', *, *, #3757, .F. ) ;
#3017 = VERTEX_POINT ( 'NONE', #9663 ) ;
#3018 = EDGE_CURVE ( 'NONE', #9491, #6261, #502, .T. ) ;
#3019 = VECTOR ( 'NONE', #9216, 1000.000000000000000 ) ;
#3020 = CARTESIAN_POINT ( 'NONE',  ( 0.3690363482485513047, 2.105395899595304599, 0.8000000000000004885 ) ) ;
#3021 =( NAMED_UNIT ( * ) SI_UNIT ( $, .STERADIAN. ) SOLID_ANGLE_UNIT ( ) );
#3022 = CARTESIAN_POINT ( 'NONE',  ( -0.2456602722329259136, 0.04780944865818712031, 0.7999999999999998224 ) ) ;
#3023 = CARTESIAN_POINT ( 'NONE',  ( 0.6371794871794869142, -1.360897435889189655, 0.8001000000000000334 ) ) ;
#3024 =( GEOMETRIC_REPRESENTATION_CONTEXT ( 3 ) GLOBAL_UNCERTAINTY_ASSIGNED_CONTEXT ( ( #5494 ) ) GLOBAL_UNIT_ASSIGNED_CONTEXT ( ( #1935, #8916, #592 ) ) REPRESENTATION_CONTEXT ( 'NONE', 'WORKASPACE' ) );
#3025 = CARTESIAN_POINT ( 'NONE',  ( 0.3906049679487177406, -0.5429487179279950393, 0.7999999999999999334 ) ) ;
#3026 = CARTESIAN_POINT ( 'NONE',  ( -0.2646624200457903253, 0.1972037964899414630, 0.8000999999999999224 ) ) ;
#3027 = EDGE_LOOP ( 'NONE', ( #2299, #7075, #2532, #7676 ) ) ;
#3028 = STYLED_ITEM ( 'NONE', ( #3468 ), #8869 ) ;
#3029 = CARTESIAN_POINT ( 'NONE',  ( 0.03578310564869965904, -0.9511795626006473992, 0.8001000000000002554 ) ) ;
#3030 = STYLED_ITEM ( 'NONE', ( #5085 ), #6319 ) ;
#3031 = LINE ( 'NONE', #8345, #8845 ) ;
#3032 = VERTEX_POINT ( 'NONE', #8872 ) ;
#3033 = CARTESIAN_POINT ( 'NONE',  ( 4.849999999999997868, 4.400000000000000355, -3.100000000000000089 ) ) ;
#3034 = LINE ( 'NONE', #9710, #9193 ) ;
#3035 = STYLED_ITEM ( 'NONE', ( #6929 ), #9040 ) ;
#3036 = LINE ( 'NONE', #9073, #9038 ) ;
#3037 = DIRECTION ( 'NONE',  ( -0.7210343373407113177, -0.6928993320646522625, 0.000000000000000000 ) ) ;
#3038 = LINE ( 'NONE', #9074, #8224 ) ;
#3039 = COLOUR_RGB ( '',0.5019607843137254832, 0.000000000000000000, 0.5019607843137254832 ) ;
#3040 = DIRECTION ( 'NONE',  ( 1.807288226314436241E-13, 4.058551002693792859E-14, 1.000000000000000000 ) ) ;
#3041 =( NAMED_UNIT ( * ) SI_UNIT ( $, .STERADIAN. ) SOLID_ANGLE_UNIT ( ) );
#3042 = DIRECTION ( 'NONE',  ( -0.000000000000000000, -0.000000000000000000, -1.000000000000000000 ) ) ;
#3043 = EDGE_CURVE ( 'NONE', #339, #3017, #8823, .T. ) ;
#3044 = ORIENTED_EDGE ( 'NONE', *, *, #5292, .T. ) ;
#3045 = FACE_OUTER_BOUND ( 'NONE', #9720, .T. ) ;
#3046 = ORIENTED_EDGE ( 'NONE', *, *, #8121, .F. ) ;
#3047 = FILL_AREA_STYLE ('',( #4749 ) ) ;
#3048 = AXIS2_PLACEMENT_3D ( 'NONE', #3562, #8027, #6492 ) ;
#3049 = ORIENTED_EDGE ( 'NONE', *, *, #4737, .T. ) ;
#3050 = PLANE ( 'NONE',  #9494 ) ;
#3051 = PLANE ( 'NONE',  #427 ) ;
#3052 = PRESENTATION_STYLE_ASSIGNMENT (( #7571 ) ) ;
#3053 = DIRECTION ( 'NONE',  ( 1.000000000000000000, 0.000000000000000000, 0.000000000000000000 ) ) ;
#3054 = CARTESIAN_POINT ( 'NONE',  ( -0.2014845853115945495, 0.1140553129402461091, 0.8001000000000000334 ) ) ;
#3055 = VECTOR ( 'NONE', #1483, 1000.000000000000114 ) ;
#3056 = EDGE_CURVE ( 'NONE', #2404, #9616, #2807, .T. ) ;
#3057 = ORIENTED_EDGE ( 'NONE', *, *, #2508, .T. ) ;
#3058 = CARTESIAN_POINT ( 'NONE',  ( -0.2648496603684025175, -0.03593415531122109985, 0.8001000000000003665 ) ) ;
#3059 = VERTEX_POINT ( 'NONE', #6478 ) ;
#3060 = CARTESIAN_POINT ( 'NONE',  ( 0.7775591160519755851, -0.9591055634276286490, 0.8000000000000000444 ) ) ;
#3061 = AXIS2_PLACEMENT_3D ( 'NONE', #8565, #4016, #3225 ) ;
#3062 = FACE_BOUND ( 'NONE', #7603, .T. ) ;
#3063 = PRESENTATION_STYLE_ASSIGNMENT (( #4402 ) ) ;
#3064 = CARTESIAN_POINT ( 'NONE',  ( 0.006525030649605241366, 0.2435141275244151193, 0.8000000000000001554 ) ) ;
#3065 = CARTESIAN_POINT ( 'NONE',  ( 0.5786562198429896497, -0.2720507980246312796, 0.8000000000000000444 ) ) ;
#3066 = DIRECTION ( 'NONE',  ( -0.000000000000000000, -0.000000000000000000, -1.000000000000000000 ) ) ;
#3067 = CARTESIAN_POINT ( 'NONE',  ( -0.3777716558424283333, -0.04601916935455058894, 0.7999999999999999334 ) ) ;
#3068 = EDGE_CURVE ( 'NONE', #7631, #1886, #8012, .T. ) ;
#3069 = VERTEX_POINT ( 'NONE', #739 ) ;
#3070 = PRESENTATION_LAYER_ASSIGNMENT (  '', '', ( #1460 ) ) ;
#3071 = ORIENTED_EDGE ( 'NONE', *, *, #1112, .F. ) ;
#3072 = CARTESIAN_POINT ( 'NONE',  ( -6.249999999999999112, 1.499999999999999112, -0.8001000000000000334 ) ) ;
#3073 = B_SPLINE_SURFACE_WITH_KNOTS ( 'NONE', 3, 1, ( 
 ( #404, #2638 ),
 ( #2739, #8827 ),
 ( #7274, #5747 ),
 ( #8066, #5701 ),
 ( #8640, #6439 ),
 ( #7173, #507 ),
 ( #6534, #1039 ),
 ( #2594, #9462 ),
 ( #4953, #3552 ),
 ( #450, #1093 ),
 ( #2020, #4147 ) ),
 .UNSPECIFIED., .F., .F., .F.,
 ( 4, 1, 1, 1, 1, 1, 1, 1, 4 ),
 ( 2, 2 ),
 ( 0.000000000000000000, 0.1182604269471046188, 0.2361558108840868808, 0.3556302211949985415, 0.4762494473041360421, 0.6001641196112292853, 0.7286330771605740164, 0.8613262312325872250, 1.000000000000000000 ),
 ( 0.000000000000000000, 1.000000000000000000 ),
 .UNSPECIFIED. ) ;
#3074 = LINE ( 'NONE', #6811, #6532 ) ;
#3075 = SURFACE_SIDE_STYLE ('',( #7094 ) ) ;
#3076 = CARTESIAN_POINT ( 'NONE',  ( 0.7663883561444874148, -0.8211274673813989677, 0.8001000000000001444 ) ) ;
#3077 = CARTESIAN_POINT ( 'NONE',  ( 0.5895752147842530100, 1.995259506624890156, 0.7999999999999999334 ) ) ;
#3078 = CARTESIAN_POINT ( 'NONE',  ( -0.3500000000000002554, 2.348076923060551824, 0.8000000000000000444 ) ) ;
#3079 = CARTESIAN_POINT ( 'NONE',  ( 0.4538461538461536215, -0.3314102564242999427, 0.8001000000000000334 ) ) ;
#3080 = ADVANCED_FACE ( 'NONE', ( #49 ), #8350, .T. ) ;
#3081 = VERTEX_POINT ( 'NONE', #7607 ) ;
#3082 = ADVANCED_FACE ( 'NONE', ( #784 ), #6774, .T. ) ;
#3083 = DIRECTION ( 'NONE',  ( -0.000000000000000000, 1.000000000000000000, 0.000000000000000000 ) ) ;
#3084 =( NAMED_UNIT ( * ) SI_UNIT ( $, .STERADIAN. ) SOLID_ANGLE_UNIT ( ) );
#3085 = ORIENTED_EDGE ( 'NONE', *, *, #1964, .F. ) ;
#3086 = CARTESIAN_POINT ( 'NONE',  ( -0.3500000000000002554, -0.5852564102356874187, 0.8000000000000000444 ) ) ;
#3087 = CARTESIAN_POINT ( 'NONE',  ( 5.649999999999993250, -4.199999999999996625, 2.900000000000000355 ) ) ;
#3088 = VECTOR ( 'NONE', #8826, 1000.000000000000000 ) ;
#3089 = CARTESIAN_POINT ( 'NONE',  ( -0.2446762942992835588, -0.1640967857148945552, 0.7999999999999999334 ) ) ;
#3090 = SURFACE_STYLE_FILL_AREA ( #6875 ) ;
#3091 = DIRECTION ( 'NONE',  ( -0.000000000000000000, -0.000000000000000000, -1.000000000000000000 ) ) ;
#3092 = FILL_AREA_STYLE ('',( #4925 ) ) ;
#3093 = SURFACE_SIDE_STYLE ('',( #7612 ) ) ;
#3094 = FACE_OUTER_BOUND ( 'NONE', #8480, .T. ) ;
#3095 = ORIENTED_EDGE ( 'NONE', *, *, #1606, .F. ) ;
#3096 = VECTOR ( 'NONE', #1223, 1000.000000000000000 ) ;
#3097 = PLANE ( 'NONE',  #8842 ) ;
#3098 = ORIENTED_EDGE ( 'NONE', *, *, #263, .F. ) ;
#3099 =( NAMED_UNIT ( * ) PLANE_ANGLE_UNIT ( ) SI_UNIT ( $, .RADIAN. ) );
#3100 = ORIENTED_EDGE ( 'NONE', *, *, #6750, .F. ) ;
#3101 = SURFACE_SIDE_STYLE ('',( #4493 ) ) ;
#3102 = ADVANCED_FACE ( 'NONE', ( #2226 ), #5303, .T. ) ;
#3103 = CARTESIAN_POINT ( 'NONE',  ( -0.3372684973484332827, -0.2228298193098869340, 0.8001000000000002554 ) ) ;
#3104 = VECTOR ( 'NONE', #6790, 1000.000000000000000 ) ;
#3105 = DIRECTION ( 'NONE',  ( 1.000000000000000000, 0.000000000000000000, 0.000000000000000000 ) ) ;
#3106 = CARTESIAN_POINT ( 'NONE',  ( 4.849999999999997868, 4.400000000000000355, 2.900000000000000355 ) ) ;
#3107 = CARTESIAN_POINT ( 'NONE',  ( 4.849999999999996980, 3.700000000000000622, 1.200000000000002620 ) ) ;
#3108 = VERTEX_POINT ( 'NONE', #1377 ) ;
#3109 = ORIENTED_EDGE ( 'NONE', *, *, #9554, .T. ) ;
#3110 = LINE ( 'NONE', #3006, #912 ) ;
#3111 = EDGE_LOOP ( 'NONE', ( #576, #6652, #1224, #4879 ) ) ;
#3112 =( GEOMETRIC_REPRESENTATION_CONTEXT ( 3 ) GLOBAL_UNCERTAINTY_ASSIGNED_CONTEXT ( ( #1942 ) ) GLOBAL_UNIT_ASSIGNED_CONTEXT ( ( #3259, #994, #2297 ) ) REPRESENTATION_CONTEXT ( 'NONE', 'WORKASPACE' ) );
#3113 = PRESENTATION_STYLE_ASSIGNMENT (( #2250 ) ) ;
#3114 = FILL_AREA_STYLE_COLOUR ( '', #3827 ) ;
#3115 = PLANE ( 'NONE',  #3048 ) ;
#3116 = LINE ( 'NONE', #9146, #2904 ) ;
#3117 = FACE_OUTER_BOUND ( 'NONE', #8122, .T. ) ;
#3118 = CARTESIAN_POINT ( 'NONE',  ( -0.09615384615384639511, -0.2891025641166076743, 0.8001000000000000334 ) ) ;
#3119 = CARTESIAN_POINT ( 'NONE',  ( 5.849999999999997868, -3.699999999999999289, 2.900000000000000355 ) ) ;
#3120 = ORIENTED_EDGE ( 'NONE', *, *, #3635, .T. ) ;
#3121 = ORIENTED_EDGE ( 'NONE', *, *, #3560, .T. ) ;
#3122 = VECTOR ( 'NONE', #2812, 1000.000000000000000 ) ;
#3123 = CARTESIAN_POINT ( 'NONE',  ( 0.5269159774175596889, -1.146100635339109886, 0.8000999999999998114 ) ) ;
#3124 = SURFACE_STYLE_FILL_AREA ( #2362 ) ;
#3125 = EDGE_CURVE ( 'NONE', #137, #8653, #4426, .T. ) ;
#3126 = PLANE ( 'NONE',  #3208 ) ;
#3127 = CARTESIAN_POINT ( 'NONE',  ( 6.249999999999996447, -4.400000000000000355, 0.8000000000000000444 ) ) ;
#3128 = SURFACE_STYLE_USAGE ( .BOTH. , #1758 ) ;
#3129 = CARTESIAN_POINT ( 'NONE',  ( 0.03102631604941990043, -0.8768368803104841236, 0.8000000000000001554 ) ) ;
#3130 = LINE ( 'NONE', #5975, #5193 ) ;
#3131 =( NAMED_UNIT ( * ) PLANE_ANGLE_UNIT ( ) SI_UNIT ( $, .RADIAN. ) );
#3132 = EDGE_LOOP ( 'NONE', ( #6831, #6572, #5521, #7528 ) ) ;
#3133 = CARTESIAN_POINT ( 'NONE',  ( 0.7499999999999997780, 1.036538461539389555, 0.8000000000000000444 ) ) ;
#3134 = FILL_AREA_STYLE_COLOUR ( '', #6197 ) ;
#3135 = EDGE_LOOP ( 'NONE', ( #3411, #7483, #4405, #7600 ) ) ;
#3136 =( NAMED_UNIT ( * ) PLANE_ANGLE_UNIT ( ) SI_UNIT ( $, .RADIAN. ) );
#3137 = ADVANCED_FACE ( 'NONE', ( #5983 ), #5245, .F. ) ;
#3138 = STYLED_ITEM ( 'NONE', ( #4823 ), #3400 ) ;
#3139 = EDGE_CURVE ( 'NONE', #441, #698, #5338, .T. ) ;
#3140 = CARTESIAN_POINT ( 'NONE',  ( 4.599999999999999645, 5.249999999999999112, -3.100000000000000089 ) ) ;
#3141 = CARTESIAN_POINT ( 'NONE',  ( 0.1313206896262698875, -0.6403054283413545100, 0.8001000000000001444 ) ) ;
#3142 = DIRECTION ( 'NONE',  ( 0.000000000000000000, 0.000000000000000000, -1.000000000000000000 ) ) ;
#3143 = SURFACE_SIDE_STYLE ('',( #4694 ) ) ;
#3144 =( LENGTH_UNIT ( ) NAMED_UNIT ( * ) SI_UNIT ( .MILLI., .METRE. ) );
#3145 = LINE ( 'NONE', #2171, #2359 ) ;
#3146 = ORIENTED_EDGE ( 'NONE', *, *, #7551, .F. ) ;
#3147 = COLOUR_RGB ( '',1.000000000000000000, 1.000000000000000000, 1.000000000000000000 ) ;
#3148 = DIRECTION ( 'NONE',  ( 0.7071067811865504593, 0.000000000000000000, 0.7071067811865445751 ) ) ;
#3149 = VERTEX_POINT ( 'NONE', #7851 ) ;
#3150 =( NAMED_UNIT ( * ) PLANE_ANGLE_UNIT ( ) SI_UNIT ( $, .RADIAN. ) );
#3151 = VERTEX_POINT ( 'NONE', #5503 ) ;
#3152 = CARTESIAN_POINT ( 'NONE',  ( -0.2566122633971950062, -0.1313107093147276860, 0.8001000000000001444 ) ) ;
#3153 =( NAMED_UNIT ( * ) SI_UNIT ( $, .STERADIAN. ) SOLID_ANGLE_UNIT ( ) );
#3154 = AXIS2_PLACEMENT_3D ( 'NONE', #7054, #236, #6741 ) ;
#3155 = COLOUR_RGB ( '',0.7921568627450980005, 0.7921568627450980005, 0.7921568627450980005 ) ;
#3156 = PLANE ( 'NONE',  #6433 ) ;
#3157 = CARTESIAN_POINT ( 'NONE',  ( 5.849999999999997868, 1.700000000000000178, 2.900000000000000355 ) ) ;
#3158 = EDGE_LOOP ( 'NONE', ( #1425, #9553, #4543, #3910 ) ) ;
#3159 = VERTEX_POINT ( 'NONE', #3197 ) ;
#3160 = CARTESIAN_POINT ( 'NONE',  ( 5.849999999999997868, 3.700000000000000622, 1.200000000000002620 ) ) ;
#3161 = ORIENTED_EDGE ( 'NONE', *, *, #4898, .T. ) ;
#3162 = EDGE_CURVE ( 'NONE', #9682, #5280, #3297, .T. ) ;
#3163 = B_SPLINE_SURFACE_WITH_KNOTS ( 'NONE', 3, 1, ( 
 ( #8119, #4340 ),
 ( #7222, #6441 ),
 ( #2595, #6535 ),
 ( #5657, #2741 ),
 ( #8784, #5006 ),
 ( #1928, #4148 ),
 ( #5105, #3460 ),
 ( #2792, #9520 ),
 ( #7276, #5748 ),
 ( #1289, #4241 ),
 ( #7175, #8018 ),
 ( #7968, #5791 ),
 ( #1975, #1192 ),
 ( #6580, #7367 ),
 ( #8737, #8641 ),
 ( #1095, #8068 ),
 ( #5703, #5054 ),
 ( #9420, #1240 ),
 ( #2691, #1832 ) ),
 .UNSPECIFIED., .F., .F., .F.,
 ( 4, 1, 1, 1, 1, 1, 1, 1, 1, 1, 1, 1, 1, 1, 1, 1, 4 ),
 ( 2, 2 ),
 ( 0.000000000000000000, 0.06553772472239244307, 0.1289563879612311004, 0.1903671277264783190, 0.2499654671000665351, 0.3085687536915745488, 0.3664152430357363044, 0.4245564125025184654, 0.4831811374914383173, 0.5422514353065656101, 0.6017442596855532289, 0.6625077153077685299, 0.7244995565544738447, 0.7891389152034050669, 0.8563539520018305096, 0.9262991097764977644, 1.000000000000000000 ),
 ( 0.000000000000000000, 1.000000000000000000 ),
 .UNSPECIFIED. ) ;
#3164 = CARTESIAN_POINT ( 'NONE',  ( 4.849999999999997868, 4.400000000000000355, 1.200000000000002620 ) ) ;
#3165 = VECTOR ( 'NONE', #3825, 1000.000000000000000 ) ;
#3166 =( NAMED_UNIT ( * ) SI_UNIT ( $, .STERADIAN. ) SOLID_ANGLE_UNIT ( ) );
#3167 = SURFACE_SIDE_STYLE ('',( #116 ) ) ;
#3168 = COLOUR_RGB ( '',0.9254901960784314152, 0.9254901960784314152, 0.9254901960784314152 ) ;
#3169 = STYLED_ITEM ( 'NONE', ( #8381 ), #8107 ) ;
#3170 = CARTESIAN_POINT ( 'NONE',  ( 0.2958649778423612653, 0.2921518210830507112, 0.8001000000000002554 ) ) ;
#3171 = CARTESIAN_POINT ( 'NONE',  ( 0.2107221363240719125, -0.7137743468085797627, 0.8000000000000002665 ) ) ;
#3172 = CARTESIAN_POINT ( 'NONE',  ( -0.3500000000000002554, -1.036538461517738874, 0.8001000000000000334 ) ) ;
#3173 = DIRECTION ( 'NONE',  ( -0.7071067811865451302, -0.7071067811865500152, 0.000000000000000000 ) ) ;
#3174 = VERTEX_POINT ( 'NONE', #7711 ) ;
#3175 = ORIENTED_EDGE ( 'NONE', *, *, #2731, .T. ) ;
#3176 = EDGE_CURVE ( 'NONE', #5329, #6730, #2432, .T. ) ;
#3177 = VECTOR ( 'NONE', #9714, 1000.000000000000000 ) ;
#3178 = COLOUR_RGB ( '',0.2509803921568627416, 0.2509803921568627416, 0.2509803921568627416 ) ;
#3179 = CARTESIAN_POINT ( 'NONE',  ( -0.09284855769230800082, 0.1621794871654436421, 0.8001000000000000334 ) ) ;
#3180 = CARTESIAN_POINT ( 'NONE',  ( 0.6695765428646324180, -1.174445788044391481, 0.8000999999999999224 ) ) ;
#3181 = CARTESIAN_POINT ( 'NONE',  ( -0.2143048706278477822, 1.705115552531368595, 0.8000000000000000444 ) ) ;
#3182 = CARTESIAN_POINT ( 'NONE',  ( 0.1755240215082160271, 2.023239717437979479, 0.8001000000000001444 ) ) ;
#3183 = LINE ( 'NONE', #4123, #9587 ) ;
#3184 = FACE_OUTER_BOUND ( 'NONE', #7027, .T. ) ;
#3185 = VECTOR ( 'NONE', #1231, 1000.000000000000000 ) ;
#3186 = CARTESIAN_POINT ( 'NONE',  ( 0.4403493480777669888, 0.2184239227049634413, 0.8000000000000004885 ) ) ;
#3187 = ORIENTED_EDGE ( 'NONE', *, *, #4502, .F. ) ;
#3188 = FILL_AREA_STYLE_COLOUR ( '', #2683 ) ;
#3189 = EDGE_CURVE ( 'NONE', #3228, #1059, #8627, .T. ) ;
#3190 = MECHANICAL_DESIGN_GEOMETRIC_PRESENTATION_REPRESENTATION (  '', ( #2535 ), #2044 ) ;
#3191 = CARTESIAN_POINT ( 'NONE',  ( 0.2116197669435523343, -0.003879115727481892255, 0.8001000000000000334 ) ) ;
#3192 = CARTESIAN_POINT ( 'NONE',  ( 0.6371794871794869142, -1.360897435889189655, 0.8001000000000000334 ) ) ;
#3193 = VECTOR ( 'NONE', #2983, 1000.000000000000000 ) ;
#3194 = CARTESIAN_POINT ( 'NONE',  ( -4.400000000000000355, -0.3500000000000004774, 0.8001000000000000334 ) ) ;
#3195 = SURFACE_SIDE_STYLE ('',( #3295 ) ) ;
#3196 =( NAMED_UNIT ( * ) SI_UNIT ( $, .STERADIAN. ) SOLID_ANGLE_UNIT ( ) );
#3197 = CARTESIAN_POINT ( 'NONE',  ( 4.849999999999997868, -3.699999999999999289, -3.100000000000000089 ) ) ;
#3198 = DIRECTION ( 'NONE',  ( 1.000000000000000000, 0.000000000000000000, 0.000000000000000000 ) ) ;
#3199 = AXIS2_PLACEMENT_3D ( 'NONE', #6099, #4544, #3851 ) ;
#3200 = DIRECTION ( 'NONE',  ( 0.000000000000000000, 1.000000000000000000, 0.000000000000000000 ) ) ;
#3201 = CIRCLE ( 'NONE', #323, 0.4999999999999995559 ) ;
#3202 = ADVANCED_FACE ( 'NONE', ( #2379 ), #8454, .T. ) ;
#3203 = CARTESIAN_POINT ( 'NONE',  ( 0.3153600298255169188, 0.1810505439143727247, 0.8000000000000000444 ) ) ;
#3204 = ORIENTED_EDGE ( 'NONE', *, *, #4295, .T. ) ;
#3205 = FACE_OUTER_BOUND ( 'NONE', #455, .T. ) ;
#3206 =( GEOMETRIC_REPRESENTATION_CONTEXT ( 3 ) GLOBAL_UNCERTAINTY_ASSIGNED_CONTEXT ( ( #7931 ) ) GLOBAL_UNIT_ASSIGNED_CONTEXT ( ( #7910, #8507, #3153 ) ) REPRESENTATION_CONTEXT ( 'NONE', 'WORKASPACE' ) );
#3207 = DIRECTION ( 'NONE',  ( 0.000000000000000000, 0.000000000000000000, 1.000000000000000000 ) ) ;
#3208 = AXIS2_PLACEMENT_3D ( 'NONE', #7446, #916, #966 ) ;
#3209 = SURFACE_SIDE_STYLE ('',( #2998 ) ) ;
#3210 = CARTESIAN_POINT ( 'NONE',  ( -0.3682476114188789063, -0.1458605569835083327, 0.8000999999999997003 ) ) ;
#3211 = CARTESIAN_POINT ( 'NONE',  ( 0.6334852417748181308, 1.593917025435199752, 0.7999999999999998224 ) ) ;
#3212 = DIRECTION ( 'NONE',  ( 1.000000000000000000, 0.000000000000000000, 0.000000000000000000 ) ) ;
#3213 = CARTESIAN_POINT ( 'NONE',  ( -0.3500000000000002554, -2.094230769232960032, 0.8001000000000000334 ) ) ;
#3214 = COLOUR_RGB ( '',0.9254901960784314152, 0.9254901960784314152, 0.9254901960784314152 ) ;
#3215 = VERTEX_POINT ( 'NONE', #4991 ) ;
#3216 = B_SPLINE_CURVE_WITH_KNOTS ( 'NONE', 3,
 ( #9775, #2242, #609, #5317, #8366, #3709, #9623, #2905, #4598, #708, #8317, #2083, #5164, #7523, #14 ),
 .UNSPECIFIED., .F., .F.,
 ( 4, 1, 1, 1, 1, 1, 1, 1, 1, 1, 1, 1, 4 ),
 ( 0.000000000000000000, 0.1101742843534255639, 0.2157288933015797661, 0.3181035218661342756, 0.4176579306554609183, 0.5117419201483482949, 0.5962602275490722636, 0.6734045871943886707, 0.7441452171449848274, 0.8106619963208112623, 0.8740489808898759261, 0.9366912848014095072, 1.000000000000000000 ),
 .UNSPECIFIED. ) ;
#3217 = EDGE_CURVE ( 'NONE', #3794, #6935, #5780, .T. ) ;
#3218 = ORIENTED_EDGE ( 'NONE', *, *, #7763, .T. ) ;
#3219 =( GEOMETRIC_REPRESENTATION_CONTEXT ( 3 ) GLOBAL_UNCERTAINTY_ASSIGNED_CONTEXT ( ( #1266 ) ) GLOBAL_UNIT_ASSIGNED_CONTEXT ( ( #9381, #8074, #463 ) ) REPRESENTATION_CONTEXT ( 'NONE', 'WORKASPACE' ) );
#3220 = SURFACE_STYLE_FILL_AREA ( #852 ) ;
#3221 = EDGE_LOOP ( 'NONE', ( #2191, #844, #4498, #8882 ) ) ;
#3222 = DIRECTION ( 'NONE',  ( 1.000000000000000000, 0.000000000000000000, -0.000000000000000000 ) ) ;
#3223 = VECTOR ( 'NONE', #2687, 1000.000000000000000 ) ;
#3224 = CARTESIAN_POINT ( 'NONE',  ( -0.3776598147862345045, -0.08963700390379444882, 0.8000000000000000444 ) ) ;
#3225 = DIRECTION ( 'NONE',  ( 1.000000000000000000, 0.000000000000000000, 0.000000000000000000 ) ) ;
#3226 = CARTESIAN_POINT ( 'NONE',  ( 0.1473497954897450279, -0.8499408046255811922, 0.8000000000000002665 ) ) ;
#3227 = LINE ( 'NONE', #3172, #1671 ) ;
#3228 = VERTEX_POINT ( 'NONE', #7257 ) ;
#3229 = EDGE_LOOP ( 'NONE', ( #3745, #1386, #1604, #113 ) ) ;
#3230 = VECTOR ( 'NONE', #9427, 1000.000000000000000 ) ;
#3231 = CARTESIAN_POINT ( 'NONE',  ( 0.01508928371298713308, 0.1131607311285875855, 0.8000000000000002665 ) ) ;
#3232 = CARTESIAN_POINT ( 'NONE',  ( 0.5926117261856239660, -1.226236907871638859, 0.8000000000000003775 ) ) ;
#3233 = LINE ( 'NONE', #1618, #4270 ) ;
#3234 = CARTESIAN_POINT ( 'NONE',  ( -0.02592126411449980489, 1.965608614291275646, 0.8001000000000002554 ) ) ;
#3235 = EDGE_CURVE ( 'NONE', #5280, #6847, #9598, .T. ) ;
#3236 =( GEOMETRIC_REPRESENTATION_CONTEXT ( 3 ) GLOBAL_UNCERTAINTY_ASSIGNED_CONTEXT ( ( #5482 ) ) GLOBAL_UNIT_ASSIGNED_CONTEXT ( ( #4804, #255, #7679 ) ) REPRESENTATION_CONTEXT ( 'NONE', 'WORKASPACE' ) );
#3237 =( NAMED_UNIT ( * ) PLANE_ANGLE_UNIT ( ) SI_UNIT ( $, .RADIAN. ) );
#3238 = CARTESIAN_POINT ( 'NONE',  ( 5.083333333333331261, -1.466666666666663899, 2.933333333333331794 ) ) ;
#3239 = ORIENTED_EDGE ( 'NONE', *, *, #9661, .F. ) ;
#3240 = SURFACE_SIDE_STYLE ('',( #6179 ) ) ;
#3241 =( LENGTH_UNIT ( ) NAMED_UNIT ( * ) SI_UNIT ( .MILLI., .METRE. ) );
#3242 = DIRECTION ( 'NONE',  ( -0.000000000000000000, -0.000000000000000000, -1.000000000000000000 ) ) ;
#3243 = DIRECTION ( 'NONE',  ( -0.7071067811865514585, 8.761676666762191039E-16, 0.7071067811865435759 ) ) ;
#3244 = CARTESIAN_POINT ( 'NONE',  ( 0.6918904344913632265, -1.152817900487475455, 0.8001000000000000334 ) ) ;
#3245 = CARTESIAN_POINT ( 'NONE',  ( 0.3704622056597310920, 0.3134792868669835642, 0.8000000000000001554 ) ) ;
#3246 = FACE_OUTER_BOUND ( 'NONE', #9213, .T. ) ;
#3247 = B_SPLINE_SURFACE_WITH_KNOTS ( 'NONE', 3, 1, ( 
 ( #5573, #9148 ),
 ( #5622, #1702 ),
 ( #6990, #9245 ),
 ( #5532, #6220 ),
 ( #8522, #4111 ),
 ( #2354, #4769 ),
 ( #320, #3277 ),
 ( #2507, #6164 ),
 ( #9200, #8568 ),
 ( #2412, #1749 ),
 ( #5431, #8428 ),
 ( #4815, #1007 ),
 ( #4060, #8607 ),
 ( #1611, #5480 ),
 ( #3475, #7982 ),
 ( #1158, #3375 ),
 ( #5121, #4209 ),
 ( #8793, #1846 ),
 ( #1109, #2752 ) ),
 .UNSPECIFIED., .F., .F., .F.,
 ( 4, 1, 1, 1, 1, 1, 1, 1, 1, 1, 1, 1, 1, 1, 1, 1, 4 ),
 ( 2, 2 ),
 ( 0.000000000000000000, 0.06241191546626010528, 0.1233331236171022749, 0.1831169538814301501, 0.2417729815817080130, 0.3005664345557856887, 0.3596651793197815361, 0.4188642935347365315, 0.4795108054598561931, 0.5404624589939835966, 0.6019127741600999171, 0.6644672098853200426, 0.7278070973767676310, 0.7924745597484338377, 0.8592493077857749073, 0.9284673632662795439, 1.000000000000000000 ),
 ( 0.000000000000000000, 1.000000000000000000 ),
 .UNSPECIFIED. ) ;
#3248 = CARTESIAN_POINT ( 'NONE',  ( 0.5942827175109414162, -1.101005570149893309, 0.8000000000000000444 ) ) ;
#3249 =( LENGTH_UNIT ( ) NAMED_UNIT ( * ) SI_UNIT ( .MILLI., .METRE. ) );
#3250 = ORIENTED_EDGE ( 'NONE', *, *, #7387, .T. ) ;
#3251 = SURFACE_STYLE_FILL_AREA ( #3047 ) ;
#3252 = VECTOR ( 'NONE', #9678, 1000.000000000000000 ) ;
#3253 = CARTESIAN_POINT ( 'NONE',  ( 6.599999999999997868, -4.749999999999994671, -0.8000000000000000444 ) ) ;
#3254 = CARTESIAN_POINT ( 'NONE',  ( 4.849999999999997868, 4.400000000000000355, 1.200000000000002620 ) ) ;
#3255 = ADVANCED_FACE ( 'NONE', ( #4226 ), #2774, .F. ) ;
#3256 = CARTESIAN_POINT ( 'NONE',  ( 0.5591416651705179985, 0.2899634424482114836, 0.8001000000000001444 ) ) ;
#3257 =( NAMED_UNIT ( * ) SI_UNIT ( $, .STERADIAN. ) SOLID_ANGLE_UNIT ( ) );
#3258 = SURFACE_STYLE_USAGE ( .BOTH. , #206 ) ;
#3259 =( LENGTH_UNIT ( ) NAMED_UNIT ( * ) SI_UNIT ( .MILLI., .METRE. ) );
#3260 = PRESENTATION_LAYER_ASSIGNMENT (  '', '', ( #9718 ) ) ;
#3261 =( GEOMETRIC_REPRESENTATION_CONTEXT ( 3 ) GLOBAL_UNCERTAINTY_ASSIGNED_CONTEXT ( ( #767 ) ) GLOBAL_UNIT_ASSIGNED_CONTEXT ( ( #1993, #9739, #1308 ) ) REPRESENTATION_CONTEXT ( 'NONE', 'WORKASPACE' ) );
#3262 = ORIENTED_EDGE ( 'NONE', *, *, #9451, .F. ) ;
#3263 = ORIENTED_EDGE ( 'NONE', *, *, #4752, .F. ) ;
#3264 = FILL_AREA_STYLE ('',( #2546 ) ) ;
#3265 = ORIENTED_EDGE ( 'NONE', *, *, #2899, .T. ) ;
#3266 = FACE_OUTER_BOUND ( 'NONE', #851, .T. ) ;
#3267 = AXIS2_PLACEMENT_3D ( 'NONE', #8275, #3804, #666 ) ;
#3268 = SURFACE_STYLE_USAGE ( .BOTH. , #1516 ) ;
#3269 = DIRECTION ( 'NONE',  ( 0.000000000000000000, 1.000000000000000000, 0.000000000000000000 ) ) ;
#3270 = VECTOR ( 'NONE', #9444, 1000.000000000000000 ) ;
#3271 = EDGE_CURVE ( 'NONE', #4893, #5816, #2724, .T. ) ;
#3272 = FILL_AREA_STYLE ('',( #6216 ) ) ;
#3273 = ADVANCED_FACE ( 'NONE', ( #8812 ), #6109, .T. ) ;
#3274 = FILL_AREA_STYLE ('',( #8425 ) ) ;
#3275 = CARTESIAN_POINT ( 'NONE',  ( 0.6346543274364193632, -0.7898236306697429265, 0.8000000000000003775 ) ) ;
#3276 = CARTESIAN_POINT ( 'NONE',  ( 0.1811320830766295631, -0.7529624040855977807, 0.7999999999999999334 ) ) ;
#3277 = CARTESIAN_POINT ( 'NONE',  ( 0.5349815669169972754, 1.892916170717235058, 0.8000000000000001554 ) ) ;
#3278 = VERTEX_POINT ( 'NONE', #6708 ) ;
#3279 = VECTOR ( 'NONE', #1307, 1000.000000000000000 ) ;
#3280 = ORIENTED_EDGE ( 'NONE', *, *, #8232, .T. ) ;
#3281 = UNCERTAINTY_MEASURE_WITH_UNIT (LENGTH_MEASURE( 1.000000000000000082E-05 ), #2827, 'distance_accuracy_value', 'NONE');
#3282 = CARTESIAN_POINT ( 'NONE',  ( -6.750000000000000000, 5.400000000000000355, -0.8000000000000000444 ) ) ;
#3283 = PLANE ( 'NONE',  #8278 ) ;
#3284 = VECTOR ( 'NONE', #73, 1000.000000000000000 ) ;
#3285 = SURFACE_STYLE_USAGE ( .BOTH. , #3075 ) ;
#3286 = FACE_OUTER_BOUND ( 'NONE', #602, .T. ) ;
#3287 = DIRECTION ( 'NONE',  ( -1.414176746720223153E-16, 1.000000000000000000, 0.000000000000000000 ) ) ;
#3288 = CARTESIAN_POINT ( 'NONE',  ( 0.6123604239357878232, 0.1219524945840674418, 0.8001000000000003665 ) ) ;
#3289 = ORIENTED_EDGE ( 'NONE', *, *, #9348, .F. ) ;
#3290 = UNCERTAINTY_MEASURE_WITH_UNIT (LENGTH_MEASURE( 1.000000000000000082E-05 ), #889, 'distance_accuracy_value', 'NONE');
#3291 = AXIS2_PLACEMENT_3D ( 'NONE', #5176, #7390, #6699 ) ;
#3292 = EDGE_LOOP ( 'NONE', ( #7432, #6739, #2261, #2357 ) ) ;
#3293 = EDGE_CURVE ( 'NONE', #2716, #8202, #6760, .T. ) ;
#3294 = FACE_OUTER_BOUND ( 'NONE', #7567, .T. ) ;
#3295 = SURFACE_STYLE_FILL_AREA ( #241 ) ;
#3296 = CARTESIAN_POINT ( 'NONE',  ( -0.2933250576561002854, 0.1698959788086973066, 0.8001000000000000334 ) ) ;
#3297 = LINE ( 'NONE', #6334, #1206 ) ;
#3298 = CARTESIAN_POINT ( 'NONE',  ( -5.750000000000000000, 4.099999999999999645, 0.8001000000000000334 ) ) ;
#3299 = MECHANICAL_DESIGN_GEOMETRIC_PRESENTATION_REPRESENTATION (  '', ( #1984 ), #8655 ) ;
#3300 = DIRECTION ( 'NONE',  ( 0.000000000000000000, 1.000000000000000000, 0.000000000000000000 ) ) ;
#3301 = CARTESIAN_POINT ( 'NONE',  ( 0.6117478922792668472, -1.080621960768096468, 0.7999999999999999334 ) ) ;
#3302 = CARTESIAN_POINT ( 'NONE',  ( 0.2116197669435523343, -0.003879115727481892255, 0.8000000000000003775 ) ) ;
#3303 = EDGE_LOOP ( 'NONE', ( #3250, #3434 ) ) ;
#3304 = ADVANCED_FACE ( 'NONE', ( #5337 ), #5188, .T. ) ;
#3305 = CARTESIAN_POINT ( 'NONE',  ( 0.4679487179487177295, -1.262179487158764601, 0.8000000000000000444 ) ) ;
#3306 = PRESENTATION_LAYER_ASSIGNMENT (  '', '', ( #2491 ) ) ;
#3307 = CARTESIAN_POINT ( 'NONE',  ( 0.7499999999999997780, 0.5147435897445178377, 0.8000000000000000444 ) ) ;
#3308 = DIRECTION ( 'NONE',  ( -0.5773502691896300609, -0.5773502691896260641, -0.5773502691896210681 ) ) ;
#3309 = CARTESIAN_POINT ( 'NONE',  ( 0.7073652842379904992, 0.1717774135318110018, 0.8001000000000000334 ) ) ;
#3310 = SURFACE_SIDE_STYLE ('',( #4043 ) ) ;
#3311 = CARTESIAN_POINT ( 'NONE',  ( -5.750000000000000000, 4.099999999999999645, -0.8001000000000000334 ) ) ;
#3312 = CARTESIAN_POINT ( 'NONE',  ( 0.5591416651705179985, 0.2899634424482114836, 0.7999999999999999334 ) ) ;
#3313 =( GEOMETRIC_REPRESENTATION_CONTEXT ( 3 ) GLOBAL_UNCERTAINTY_ASSIGNED_CONTEXT ( ( #2138 ) ) GLOBAL_UNIT_ASSIGNED_CONTEXT ( ( #8502, #5597, #6429 ) ) REPRESENTATION_CONTEXT ( 'NONE', 'WORKASPACE' ) );
#3314 = ORIENTED_EDGE ( 'NONE', *, *, #4737, .F. ) ;
#3315 = VERTEX_POINT ( 'NONE', #8338 ) ;
#3316 = CARTESIAN_POINT ( 'NONE',  ( 0.6961020119404883744, -0.3044539424489167145, 0.8000000000000000444 ) ) ;
#3317 = VERTEX_POINT ( 'NONE', #8198 ) ;
#3318 = EDGE_CURVE ( 'NONE', #6847, #324, #1569, .T. ) ;
#3319 = DIRECTION ( 'NONE',  ( 0.000000000000000000, 0.000000000000000000, 1.000000000000000000 ) ) ;
#3320 = CARTESIAN_POINT ( 'NONE',  ( 0.000000000000000000, 0.000000000000000000, -9.000000000000001776 ) ) ;
#3321 = FACE_OUTER_BOUND ( 'NONE', #3850, .T. ) ;
#3322 = FILL_AREA_STYLE_COLOUR ( '', #3039 ) ;
#3323 = DIRECTION ( 'NONE',  ( 0.000000000000000000, 0.000000000000000000, -1.000000000000000000 ) ) ;
#3324 = CARTESIAN_POINT ( 'NONE',  ( 0.5655514470437874586, -0.7044790943629617441, 0.8000000000000002665 ) ) ;
#3325 = CARTESIAN_POINT ( 'NONE',  ( 0.3351398101393647244, -0.6456442744000290279, 0.7999999999999999334 ) ) ;
#3326 = PRESENTATION_LAYER_ASSIGNMENT (  '', '', ( #7286 ) ) ;
#3327 = ORIENTED_EDGE ( 'NONE', *, *, #4400, .T. ) ;
#3328 = VERTEX_POINT ( 'NONE', #7545 ) ;
#3329 = EDGE_CURVE ( 'NONE', #6923, #8269, #683, .T. ) ;
#3330 =( LENGTH_UNIT ( ) NAMED_UNIT ( * ) SI_UNIT ( .MILLI., .METRE. ) );
#3331 =( GEOMETRIC_REPRESENTATION_CONTEXT ( 3 ) GLOBAL_UNCERTAINTY_ASSIGNED_CONTEXT ( ( #3290 ) ) GLOBAL_UNIT_ASSIGNED_CONTEXT ( ( #889, #791, #8404 ) ) REPRESENTATION_CONTEXT ( 'NONE', 'WORKASPACE' ) );
#3332 = CARTESIAN_POINT ( 'NONE',  ( 0.06189280875199486970, 0.03128025481633316118, 0.8001000000000001444 ) ) ;
#3333 = CARTESIAN_POINT ( 'NONE',  ( -3.950000000000000178, -2.500000000000000444, -0.8000000000000000444 ) ) ;
#3334 =( LENGTH_UNIT ( ) NAMED_UNIT ( * ) SI_UNIT ( .MILLI., .METRE. ) );
#3335 = CARTESIAN_POINT ( 'NONE',  ( -5.750000000000000000, 4.099999999999999645, 0.8001000000000000334 ) ) ;
#3336 = FILL_AREA_STYLE ('',( #7096 ) ) ;
#3337 =( GEOMETRIC_REPRESENTATION_CONTEXT ( 3 ) GLOBAL_UNCERTAINTY_ASSIGNED_CONTEXT ( ( #3478 ) ) GLOBAL_UNIT_ASSIGNED_CONTEXT ( ( #2001, #6470, #5686 ) ) REPRESENTATION_CONTEXT ( 'NONE', 'WORKASPACE' ) );
#3338 = CARTESIAN_POINT ( 'NONE',  ( 0.2670643748701118092, -0.6694035818979199304, 0.8001000000000002554 ) ) ;
#3339 = ORIENTED_EDGE ( 'NONE', *, *, #3438, .T. ) ;
#3340 = COLOUR_RGB ( '',0.7921568627450980005, 0.7921568627450980005, 0.7921568627450980005 ) ;
#3341 = VECTOR ( 'NONE', #9076, 1000.000000000000000 ) ;
#3342 = EDGE_LOOP ( 'NONE', ( #8228, #3521, #1737, #4488 ) ) ;
#3343 = DIRECTION ( 'NONE',  ( 0.000000000000000000, -0.7071067811865505703, -0.7071067811865444641 ) ) ;
#3344 = EDGE_CURVE ( 'NONE', #9066, #655, #727, .T. ) ;
#3345 = PLANE ( 'NONE',  #8716 ) ;
#3346 = FILL_AREA_STYLE ('',( #7106 ) ) ;
#3347 = AXIS2_PLACEMENT_3D ( 'NONE', #4308, #8234, #3667 ) ;
#3348 = CARTESIAN_POINT ( 'NONE',  ( 0.3449665954699624448, 0.3084079624487556237, 0.8001000000000000334 ) ) ;
#3349 = SURFACE_SIDE_STYLE ('',( #295 ) ) ;
#3350 = CARTESIAN_POINT ( 'NONE',  ( 5.849999999999997868, -3.900000000000001688, -9.000000000000001776 ) ) ;
#3351 = CARTESIAN_POINT ( 'NONE',  ( 0.2358941854835750473, 0.08324246387442625628, 0.8000999999999998114 ) ) ;
#3352 = ORIENTED_EDGE ( 'NONE', *, *, #8121, .T. ) ;
#3353 = CARTESIAN_POINT ( 'NONE',  ( 0.7272605088443694354, 1.775711626326549553, 0.8000000000000002665 ) ) ;
#3354 = VECTOR ( 'NONE', #3490, 1000.000000000000000 ) ;
#3355 = CARTESIAN_POINT ( 'NONE',  ( 5.649999999999995026, 0.000000000000000000, -9.000000000000001776 ) ) ;
#3356 = CARTESIAN_POINT ( 'NONE',  ( 0.5405997068568011432, 0.1889076364200890090, 0.8000000000000001554 ) ) ;
#3357 = PLANE ( 'NONE',  #5767 ) ;
#3358 = VECTOR ( 'NONE', #4988, 1000.000000000000000 ) ;
#3359 = CARTESIAN_POINT ( 'NONE',  ( -0.004675918905150737610, 2.088584498530826394, 0.8000000000000000444 ) ) ;
#3360 = EDGE_CURVE ( 'NONE', #2036, #7501, #3826, .T. ) ;
#3361 = DIRECTION ( 'NONE',  ( -0.000000000000000000, -0.000000000000000000, 1.000000000000000000 ) ) ;
#3362 = VERTEX_POINT ( 'NONE', #4622 ) ;
#3363 = VERTEX_POINT ( 'NONE', #38 ) ;
#3364 = PRESENTATION_LAYER_ASSIGNMENT (  '', '', ( #9031 ) ) ;
#3365 = ORIENTED_EDGE ( 'NONE', *, *, #7334, .T. ) ;
#3366 = AXIS2_PLACEMENT_3D ( 'NONE', #9547, #1219, #7255 ) ;
#3367 = DIRECTION ( 'NONE',  ( -0.000000000000000000, -0.000000000000000000, -1.000000000000000000 ) ) ;
#3368 = SURFACE_STYLE_USAGE ( .BOTH. , #8561 ) ;
#3369 = FILL_AREA_STYLE_COLOUR ( '', #1103 ) ;
#3370 = B_SPLINE_CURVE_WITH_KNOTS ( 'NONE', 3,
 ( #4004, #205, #9272, #306, #9460, #6388, #5605, #1237, #9368, #8595, #2636 ),
 .UNSPECIFIED., .F., .F.,
 ( 4, 1, 1, 1, 1, 1, 1, 1, 4 ),
 ( 0.000000000000000000, 0.1719006646132693328, 0.3306279320958803725, 0.4755488358809178417, 0.6067461903123622102, 0.7250238034674896248, 0.8297423869584561462, 0.9213228203439747244, 1.000000000000000000 ),
 .UNSPECIFIED. ) ;
#3371 = CARTESIAN_POINT ( 'NONE',  ( 0.6651244982515093218, -0.9114386529832174677, 0.8001000000000000334 ) ) ;
#3372 = MECHANICAL_DESIGN_GEOMETRIC_PRESENTATION_REPRESENTATION (  '', ( #9660 ), #4798 ) ;
#3373 = CARTESIAN_POINT ( 'NONE',  ( 5.083333333333328596, 3.933333333333333126, 1.433333333333337123 ) ) ;
#3374 = COLOUR_RGB ( '',0.9254901960784314152, 0.9254901960784314152, 0.9254901960784314152 ) ;
#3375 = CARTESIAN_POINT ( 'NONE',  ( 0.2851320488404331943, 2.019732541087730038, 0.7999999999999999334 ) ) ;
#3376 = ORIENTED_EDGE ( 'NONE', *, *, #7454, .T. ) ;
#3377 = UNCERTAINTY_MEASURE_WITH_UNIT (LENGTH_MEASURE( 1.000000000000000082E-05 ), #2549, 'distance_accuracy_value', 'NONE');
#3378 = ORIENTED_EDGE ( 'NONE', *, *, #5545, .F. ) ;
#3379 = PRESENTATION_LAYER_ASSIGNMENT (  '', '', ( #8585 ) ) ;
#3380 = PRESENTATION_STYLE_ASSIGNMENT (( #327 ) ) ;
#3381 =( NAMED_UNIT ( * ) SI_UNIT ( $, .STERADIAN. ) SOLID_ANGLE_UNIT ( ) );
#3382 = LINE ( 'NONE', #6412, #6476 ) ;
#3383 =( LENGTH_UNIT ( ) NAMED_UNIT ( * ) SI_UNIT ( .MILLI., .METRE. ) );
#3384 = EDGE_CURVE ( 'NONE', #6805, #9770, #9798, .T. ) ;
#3385 =( LENGTH_UNIT ( ) NAMED_UNIT ( * ) SI_UNIT ( .MILLI., .METRE. ) );
#3386 = CARTESIAN_POINT ( 'NONE',  ( 0.6484322457597512246, 0.05246132615999590798, 0.8000999999999999224 ) ) ;
#3387 = CARTESIAN_POINT ( 'NONE',  ( 0.2107221363240719125, -0.7137743468085797627, 0.8000000000000002665 ) ) ;
#3388 = ORIENTED_EDGE ( 'NONE', *, *, #1777, .F. ) ;
#3389 = UNCERTAINTY_MEASURE_WITH_UNIT (LENGTH_MEASURE( 1.000000000000000082E-05 ), #4495, 'distance_accuracy_value', 'NONE');
#3390 = VERTEX_POINT ( 'NONE', #7448 ) ;
#3391 = CARTESIAN_POINT ( 'NONE',  ( -0.2014845853115945495, 0.1140553129402461091, 0.8000000000000003775 ) ) ;
#3392 = CARTESIAN_POINT ( 'NONE',  ( 0.4403493480777669888, 0.2184239227049634413, 0.8001000000000000334 ) ) ;
#3393 = CARTESIAN_POINT ( 'NONE',  ( 5.649999999999995026, 1.200000000000002620, -9.000000000000001776 ) ) ;
#3394 = CARTESIAN_POINT ( 'NONE',  ( -0.3448741665984041971, 1.602468682267524702, 0.7999999999999998224 ) ) ;
#3395 = DIRECTION ( 'NONE',  ( 0.000000000000000000, -1.000000000000000000, 0.000000000000000000 ) ) ;
#3396 = CIRCLE ( 'NONE', #8905, 1.650000000000000355 ) ;
#3397 = DIRECTION ( 'NONE',  ( 1.000000000000000000, 0.000000000000000000, 0.000000000000000000 ) ) ;
#3398 = EDGE_CURVE ( 'NONE', #10, #8110, #9208, .T. ) ;
#3399 = SURFACE_STYLE_USAGE ( .BOTH. , #7060 ) ;
#3400 = ADVANCED_FACE ( 'NONE', ( #3286 ), #5581, .T. ) ;
#3401 = CARTESIAN_POINT ( 'NONE',  ( 0.1601056824251780031, -0.7984601857976221240, 0.8001000000000002554 ) ) ;
#3402 = CARTESIAN_POINT ( 'NONE',  ( 0.3429005966379709558, 0.1977030495335822535, 0.8001000000000003665 ) ) ;
#3403 = EDGE_LOOP ( 'NONE', ( #372, #4099, #9029, #1450 ) ) ;
#3404 = CARTESIAN_POINT ( 'NONE',  ( 0.1513982211442914672, -0.9884836158885251800, 0.8001000000000003665 ) ) ;
#3405 = CARTESIAN_POINT ( 'NONE',  ( -0.08076238953945034937, 2.055712629764127275, 0.7999999999999998224 ) ) ;
#3406 = DIRECTION ( 'NONE',  ( 0.000000000000000000, 0.000000000000000000, -1.000000000000000000 ) ) ;
#3407 =( NAMED_UNIT ( * ) SI_UNIT ( $, .STERADIAN. ) SOLID_ANGLE_UNIT ( ) );
#3408 = CARTESIAN_POINT ( 'NONE',  ( 0.1673718316374303017, 2.121770724974571642, 0.8000000000000002665 ) ) ;
#3409 = CARTESIAN_POINT ( 'NONE',  ( 0.5624573467179937447, -0.2842812030675017088, 0.7999999999999999334 ) ) ;
#3410 = CARTESIAN_POINT ( 'NONE',  ( -0.1598018479066148911, -0.3690128386409269323, 0.7999999999999998224 ) ) ;
#3411 = ORIENTED_EDGE ( 'NONE', *, *, #4116, .F. ) ;
#3412 = ORIENTED_EDGE ( 'NONE', *, *, #3043, .F. ) ;
#3413 = VECTOR ( 'NONE', #1297, 1000.000000000000000 ) ;
#3414 = VERTEX_POINT ( 'NONE', #1619 ) ;
#3415 = CARTESIAN_POINT ( 'NONE',  ( 0.000000000000000000, 1.000000000000000444, -3.100000000000000089 ) ) ;
#3416 = EDGE_CURVE ( 'NONE', #3689, #2096, #8615, .T. ) ;
#3417 = SURFACE_STYLE_FILL_AREA ( #365 ) ;
#3418 = SURFACE_STYLE_FILL_AREA ( #4205 ) ;
#3419 = CARTESIAN_POINT ( 'NONE',  ( 0.5437162966514504925, -0.6875840499520594618, 0.8000999999999998114 ) ) ;
#3420 = FILL_AREA_STYLE ('',( #7980 ) ) ;
#3421 = FILL_AREA_STYLE_COLOUR ( '', #244 ) ;
#3422 = EDGE_LOOP ( 'NONE', ( #2450, #3566, #3161, #2247 ) ) ;
#3423 = ORIENTED_EDGE ( 'NONE', *, *, #9240, .F. ) ;
#3424 = AXIS2_PLACEMENT_3D ( 'NONE', #9601, #4327, #7548 ) ;
#3425 = STYLED_ITEM ( 'NONE', ( #4299 ), #354 ) ;
#3426 = SURFACE_STYLE_FILL_AREA ( #1801 ) ;
#3427 = LINE ( 'NONE', #8799, #6235 ) ;
#3428 = FACE_OUTER_BOUND ( 'NONE', #7822, .T. ) ;
#3429 = LINE ( 'NONE', #9589, #1034 ) ;
#3430 = VECTOR ( 'NONE', #8521, 1000.000000000000000 ) ;
#3431 = COLOUR_RGB ( '',1.000000000000000000, 1.000000000000000000, 1.000000000000000000 ) ;
#3432 = DIRECTION ( 'NONE',  ( 1.000000000000000000, 0.000000000000000000, 0.000000000000000000 ) ) ;
#3433 = CARTESIAN_POINT ( 'NONE',  ( 0.3775934185024158452, -0.6418673293196720531, 0.8001000000000000334 ) ) ;
#3434 = ORIENTED_EDGE ( 'NONE', *, *, #3485, .T. ) ;
#3435 = VERTEX_POINT ( 'NONE', #968 ) ;
#3436 = CARTESIAN_POINT ( 'NONE',  ( -0.2264347795606517499, 0.08345196720718088546, 0.8000999999999999224 ) ) ;
#3437 = DIRECTION ( 'NONE',  ( 0.000000000000000000, -1.000000000000000000, 0.000000000000000000 ) ) ;
#3438 = EDGE_CURVE ( 'NONE', #5459, #4210, #8486, .T. ) ;
#3439 = VECTOR ( 'NONE', #424, 1000.000000000000000 ) ;
#3440 = CARTESIAN_POINT ( 'NONE',  ( 4.599999999999999645, 5.249999999999999112, -3.100000000000000089 ) ) ;
#3441 = FACE_OUTER_BOUND ( 'NONE', #59, .T. ) ;
#3442 = CARTESIAN_POINT ( 'NONE',  ( 6.249999999999996447, 1.000000000000000444, 0.8000000000000000444 ) ) ;
#3443 = CARTESIAN_POINT ( 'NONE',  ( 0.3995690383354940645, -0.5431579298724479310, 0.8001000000000000334 ) ) ;
#3444 = CARTESIAN_POINT ( 'NONE',  ( -4.250000000000000000, 4.399999999999999467, 0.8001000000000000334 ) ) ;
#3445 = DIRECTION ( 'NONE',  ( 1.000000000000000000, 0.000000000000000000, 0.000000000000000000 ) ) ;
#3446 = PRESENTATION_LAYER_ASSIGNMENT (  '', '', ( #5818 ) ) ;
#3447 = CARTESIAN_POINT ( 'NONE',  ( 0.03606196731698386310, 0.2293493449999436662, 0.8000999999999999224 ) ) ;
#3448 = DIRECTION ( 'NONE',  ( -0.000000000000000000, -0.000000000000000000, -1.000000000000000000 ) ) ;
#3449 = ORIENTED_EDGE ( 'NONE', *, *, #5524, .F. ) ;
#3450 = EDGE_CURVE ( 'NONE', #698, #9246, #7046, .T. ) ;
#3451 = EDGE_CURVE ( 'NONE', #7337, #6956, #870, .T. ) ;
#3452 = SURFACE_STYLE_FILL_AREA ( #5740 ) ;
#3453 = VECTOR ( 'NONE', #6647, 1000.000000000000000 ) ;
#3454 = SURFACE_STYLE_FILL_AREA ( #2785 ) ;
#3455 = CARTESIAN_POINT ( 'NONE',  ( 0.06889022435897415586, 2.446794871778500635, 0.8001000000000000334 ) ) ;
#3456 = CARTESIAN_POINT ( 'NONE',  ( 0.7776702535762992641, -0.04579827361379159439, 0.8000999999999999224 ) ) ;
#3457 = CARTESIAN_POINT ( 'NONE',  ( 0.000000000000000000, 1.499999999999996225, 2.900000000000000355 ) ) ;
#3458 = CARTESIAN_POINT ( 'NONE',  ( -0.04357092428961714670, 2.073670287652228605, 0.8000000000000003775 ) ) ;
#3459 = CARTESIAN_POINT ( 'NONE',  ( 0.4623158437305830426, -0.3288383648287839245, 0.8000000000000002665 ) ) ;
#3460 = CARTESIAN_POINT ( 'NONE',  ( 0.7464863566138751905, -0.2250405662687066655, 0.8000000000000001554 ) ) ;
#3461 = ORIENTED_EDGE ( 'NONE', *, *, #8923, .F. ) ;
#3462 = CARTESIAN_POINT ( 'NONE',  ( 0.7678537503279359022, 0.03865091769341903044, 0.8000000000000000444 ) ) ;
#3463 = ORIENTED_EDGE ( 'NONE', *, *, #577, .T. ) ;
#3464 = CARTESIAN_POINT ( 'NONE',  ( 0.7773882869065200651, -0.09813979072613812638, 0.8000000000000000444 ) ) ;
#3465 = EDGE_LOOP ( 'NONE', ( #8472, #794, #9351, #271, #5045, #8009, #8342 ) ) ;
#3466 = EDGE_CURVE ( 'NONE', #9616, #2459, #2322, .T. ) ;
#3467 = CARTESIAN_POINT ( 'NONE',  ( -0.06947279328539575360, 0.1609965498049826527, 0.8000999999999999224 ) ) ;
#3468 = PRESENTATION_STYLE_ASSIGNMENT (( #5709 ) ) ;
#3469 = SURFACE_STYLE_FILL_AREA ( #5710 ) ;
#3470 = CARTESIAN_POINT ( 'NONE',  ( 5.849999999999997868, -3.699999999999999289, 1.200000000000002620 ) ) ;
#3471 = VECTOR ( 'NONE', #330, 1000.000000000000000 ) ;
#3472 =( NAMED_UNIT ( * ) PLANE_ANGLE_UNIT ( ) SI_UNIT ( $, .RADIAN. ) );
#3473 = FILL_AREA_STYLE ('',( #5665 ) ) ;
#3474 = SURFACE_STYLE_USAGE ( .BOTH. , #4302 ) ;
#3475 = CARTESIAN_POINT ( 'NONE',  ( 0.3189415823574155429, 2.014291290340444185, 0.8001000000000000334 ) ) ;
#3476 = EDGE_CURVE ( 'NONE', #1057, #3758, #84, .T. ) ;
#3477 = EDGE_LOOP ( 'NONE', ( #8759, #1098, #9137, #9178 ) ) ;
#3478 = UNCERTAINTY_MEASURE_WITH_UNIT (LENGTH_MEASURE( 1.000000000000000082E-05 ), #2001, 'distance_accuracy_value', 'NONE');
#3479 = VERTEX_POINT ( 'NONE', #9156 ) ;
#3480 = VECTOR ( 'NONE', #87, 1000.000000000000227 ) ;
#3481 = LINE ( 'NONE', #9588, #9219 ) ;
#3482 = FACE_OUTER_BOUND ( 'NONE', #6145, .T. ) ;
#3483 = PLANE ( 'NONE',  #2460 ) ;
#3484 = SURFACE_SIDE_STYLE ('',( #7246 ) ) ;
#3485 = EDGE_CURVE ( 'NONE', #8864, #938, #9766, .T. ) ;
#3486 = ORIENTED_EDGE ( 'NONE', *, *, #5294, .F. ) ;
#3487 = ORIENTED_EDGE ( 'NONE', *, *, #8661, .T. ) ;
#3488 = MECHANICAL_DESIGN_GEOMETRIC_PRESENTATION_REPRESENTATION (  '', ( #9305 ), #7765 ) ;
#3489 = CARTESIAN_POINT ( 'NONE',  ( 0.6329930299627133383, -0.6203050452233622725, 0.8000999999999999224 ) ) ;
#3490 = DIRECTION ( 'NONE',  ( -0.000000000000000000, -0.000000000000000000, -1.000000000000000000 ) ) ;
#3491 = CARTESIAN_POINT ( 'NONE',  ( -0.3500000000000002554, 1.441987179472162373, 0.8000000000000000444 ) ) ;
#3492 = MECHANICAL_DESIGN_GEOMETRIC_PRESENTATION_REPRESENTATION (  '', ( #1867 ), #3337 ) ;
#3493 = DIRECTION ( 'NONE',  ( -0.000000000000000000, 1.000000000000000000, 0.000000000000000000 ) ) ;
#3494 = SURFACE_STYLE_USAGE ( .BOTH. , #8765 ) ;
#3495 = DIRECTION ( 'NONE',  ( -0.000000000000000000, 0.000000000000000000, 1.000000000000000000 ) ) ;
#3496 = CARTESIAN_POINT ( 'NONE',  ( 0.5674136131798903637, -0.5813126536187699367, 0.8000000000000002665 ) ) ;
#3497 = EDGE_CURVE ( 'NONE', #3835, #9054, #5843, .T. ) ;
#3498 = DIRECTION ( 'NONE',  ( -1.000000000000000000, -0.000000000000000000, 0.000000000000000000 ) ) ;
#3499 = VERTEX_POINT ( 'NONE', #5162 ) ;
#3500 = PRESENTATION_LAYER_ASSIGNMENT (  '', '', ( #9169 ) ) ;
#3501 = FACE_OUTER_BOUND ( 'NONE', #7518, .T. ) ;
#3502 = CARTESIAN_POINT ( 'NONE',  ( -0.2083987231861753886, 1.959542515960167597, 0.8001000000000002554 ) ) ;
#3503 = LINE ( 'NONE', #7967, #4027 ) ;
#3504 = ADVANCED_FACE ( 'NONE', ( #6634 ), #8540, .T. ) ;
#3505 = AXIS2_PLACEMENT_3D ( 'NONE', #1139, #5885, #4190 ) ;
#3506 = LINE ( 'NONE', #4904, #5189 ) ;
#3507 = CARTESIAN_POINT ( 'NONE',  ( -0.3500000000000002554, 2.446794871778500635, 0.8000000000000000444 ) ) ;
#3508 = ORIENTED_EDGE ( 'NONE', *, *, #3906, .T. ) ;
#3509 = DIRECTION ( 'NONE',  ( -1.000000000000000000, 1.239088197126291458E-15, 0.000000000000000000 ) ) ;
#3510 = ORIENTED_EDGE ( 'NONE', *, *, #8482, .T. ) ;
#3511 = MECHANICAL_DESIGN_GEOMETRIC_PRESENTATION_REPRESENTATION (  '', ( #7462 ), #156 ) ;
#3512 = CARTESIAN_POINT ( 'NONE',  ( 0.1078647983301111862, -0.6655659287699838833, 0.8000000000000002665 ) ) ;
#3513 = SURFACE_STYLE_FILL_AREA ( #462 ) ;
#3514 = COLOUR_RGB ( '',0.9254901960784314152, 0.9254901960784314152, 0.9254901960784314152 ) ;
#3515 = SURFACE_STYLE_USAGE ( .BOTH. , #1106 ) ;
#3516 =( NAMED_UNIT ( * ) SI_UNIT ( $, .STERADIAN. ) SOLID_ANGLE_UNIT ( ) );
#3517 = FILL_AREA_STYLE ('',( #6591 ) ) ;
#3518 = EDGE_CURVE ( 'NONE', #520, #5178, #8888, .T. ) ;
#3519 = EDGE_CURVE ( 'NONE', #6985, #4126, #1392, .T. ) ;
#3520 = CARTESIAN_POINT ( 'NONE',  ( 0.7499999999999997780, 1.219871794856777880, 0.8001000000000000334 ) ) ;
#3521 = ORIENTED_EDGE ( 'NONE', *, *, #5238, .F. ) ;
#3522 = MECHANICAL_DESIGN_GEOMETRIC_PRESENTATION_REPRESENTATION (  '', ( #6063 ), #2219 ) ;
#3523 = ORIENTED_EDGE ( 'NONE', *, *, #1478, .T. ) ;
#3524 = CIRCLE ( 'NONE', #5912, 0.4999999999999995559 ) ;
#3525 = LINE ( 'NONE', #7389, #5908 ) ;
#3526 = STYLED_ITEM ( 'NONE', ( #3063 ), #6607 ) ;
#3527 = FILL_AREA_STYLE ('',( #4259 ) ) ;
#3528 = CARTESIAN_POINT ( 'NONE',  ( 5.049999999999997158, -6.257395395487768786E-15, 2.900000000000000355 ) ) ;
#3529 = SURFACE_SIDE_STYLE ('',( #9437 ) ) ;
#3530 = ORIENTED_EDGE ( 'NONE', *, *, #6962, .F. ) ;
#3531 = VERTEX_POINT ( 'NONE', #2800 ) ;
#3532 = PRESENTATION_LAYER_ASSIGNMENT (  '', '', ( #3686 ) ) ;
#3533 = CARTESIAN_POINT ( 'NONE',  ( 0.7753244908171146310, -0.8723713090895940381, 0.8000999999999999224 ) ) ;
#3534 = DIRECTION ( 'NONE',  ( 0.000000000000000000, 0.000000000000000000, -1.000000000000000000 ) ) ;
#3535 = EDGE_CURVE ( 'NONE', #8941, #1834, #5212, .T. ) ;
#3536 = CARTESIAN_POINT ( 'NONE',  ( 0.1395240299561291697, 0.1441482145963499661, 0.8000999999999999224 ) ) ;
#3537 = SURFACE_SIDE_STYLE ('',( #1958 ) ) ;
#3538 = DIRECTION ( 'NONE',  ( -0.000000000000000000, -0.000000000000000000, 1.000000000000000000 ) ) ;
#3539 = LINE ( 'NONE', #8721, #2163 ) ;
#3540 = CARTESIAN_POINT ( 'NONE',  ( 0.7678537503279359022, 0.03865091769341903044, 0.7999999999999998224 ) ) ;
#3541 = CARTESIAN_POINT ( 'NONE',  ( 0.1473497954897450279, -0.8499408046255811922, 0.8001000000000002554 ) ) ;
#3542 = ORIENTED_EDGE ( 'NONE', *, *, #3217, .T. ) ;
#3543 = FACE_OUTER_BOUND ( 'NONE', #815, .T. ) ;
#3544 = CARTESIAN_POINT ( 'NONE',  ( -0.1482274366070797933, 1.855874595070033717, 0.8000000000000002665 ) ) ;
#3545 = VERTEX_POINT ( 'NONE', #8837 ) ;
#3546 = COLOUR_RGB ( '',1.000000000000000000, 1.000000000000000000, 1.000000000000000000 ) ;
#3547 = LINE ( 'NONE', #6576, #9005 ) ;
#3548 = LINE ( 'NONE', #4236, #1429 ) ;
#3549 = CARTESIAN_POINT ( 'NONE',  ( 0.5140574540896786226, 1.914732327198168438, 0.8001000000000000334 ) ) ;
#3550 = DIRECTION ( 'NONE',  ( 0.000000000000000000, 0.000000000000000000, 1.000000000000000000 ) ) ;
#3551 = CARTESIAN_POINT ( 'NONE',  ( 0.03581515970552152928, 2.100965199849024856, 0.8001000000000002554 ) ) ;
#3552 = CARTESIAN_POINT ( 'NONE',  ( 0.6649713021914215316, -0.08843474809638107725, 0.8000000000000001554 ) ) ;
#3553 =( GEOMETRIC_REPRESENTATION_CONTEXT ( 3 ) GLOBAL_UNCERTAINTY_ASSIGNED_CONTEXT ( ( #962 ) ) GLOBAL_UNIT_ASSIGNED_CONTEXT ( ( #1844, #5065, #3516 ) ) REPRESENTATION_CONTEXT ( 'NONE', 'WORKASPACE' ) );
#3554 = CARTESIAN_POINT ( 'NONE',  ( -0.1598018479066148911, -0.3690128386409269323, 0.8000999999999997003 ) ) ;
#3555 = CARTESIAN_POINT ( 'NONE',  ( 0.5147611124290797369, 0.3055609289359788594, 0.8000000000000001554 ) ) ;
#3556 = EDGE_LOOP ( 'NONE', ( #4649, #999, #3896, #2718 ) ) ;
#3557 = ORIENTED_EDGE ( 'NONE', *, *, #176, .T. ) ;
#3558 = LINE ( 'NONE', #2995, #2527 ) ;
#3559 = CARTESIAN_POINT ( 'NONE',  ( 0.05559664922731202136, -0.7516085032273222000, 0.8001000000000000334 ) ) ;
#3560 = EDGE_CURVE ( 'NONE', #5761, #3689, #3707, .T. ) ;
#3561 = CARTESIAN_POINT ( 'NONE',  ( 0.004251694674106962397, 1.980903837489871311, 0.8000999999999998114 ) ) ;
#3562 = CARTESIAN_POINT ( 'NONE',  ( 5.849999999999997868, -1.000000000000000000, 2.900000000000000355 ) ) ;
#3563 = SURFACE_STYLE_USAGE ( .BOTH. , #2033 ) ;
#3564 =( NAMED_UNIT ( * ) PLANE_ANGLE_UNIT ( ) SI_UNIT ( $, .RADIAN. ) );
#3565 = ORIENTED_EDGE ( 'NONE', *, *, #9602, .F. ) ;
#3566 = ORIENTED_EDGE ( 'NONE', *, *, #5211, .F. ) ;
#3567 = UNCERTAINTY_MEASURE_WITH_UNIT (LENGTH_MEASURE( 1.000000000000000082E-05 ), #5688, 'distance_accuracy_value', 'NONE');
#3568 = EDGE_CURVE ( 'NONE', #6261, #2108, #3382, .T. ) ;
#3569 = B_SPLINE_CURVE_WITH_KNOTS ( 'NONE', 3,
 ( #1504, #3760, #3060, #9194, #2451, #1553, #7684, #6213, #9045, #854, #8323, #114, #2405, #6796, #2348, #1649, #6159, #23, #2302 ),
 .UNSPECIFIED., .F., .F.,
 ( 4, 1, 1, 1, 1, 1, 1, 1, 1, 1, 1, 1, 1, 1, 1, 1, 4 ),
 ( 0.000000000000000000, 0.06542953217144087397, 0.1287248750926145435, 0.1902605342716787162, 0.2507565503513353167, 0.3108550608925595427, 0.3707755203927198262, 0.4318826388436725616, 0.4937988059782172923, 0.5561672837585600604, 0.6172933022929950608, 0.6786268373557865496, 0.7406781131058424172, 0.8029601009541356138, 0.8667855014612820819, 0.9323384967828300951, 1.000000000000000000 ),
 .UNSPECIFIED. ) ;
#3570 = EDGE_CURVE ( 'NONE', #6262, #101, #1263, .T. ) ;
#3571 = AXIS2_PLACEMENT_3D ( 'NONE', #2119, #3040, #5204 ) ;
#3572 = PRESENTATION_STYLE_ASSIGNMENT (( #8753 ) ) ;
#3573 = DIRECTION ( 'NONE',  ( 0.000000000000000000, -1.000000000000000000, 0.000000000000000000 ) ) ;
#3574 = PRESENTATION_STYLE_ASSIGNMENT (( #7989 ) ) ;
#3575 = FILL_AREA_STYLE_COLOUR ( '', #1024 ) ;
#3576 = ORIENTED_EDGE ( 'NONE', *, *, #97, .F. ) ;
#3577 =( GEOMETRIC_REPRESENTATION_CONTEXT ( 3 ) GLOBAL_UNCERTAINTY_ASSIGNED_CONTEXT ( ( #4772 ) ) GLOBAL_UNIT_ASSIGNED_CONTEXT ( ( #4137, #7902, #1182 ) ) REPRESENTATION_CONTEXT ( 'NONE', 'WORKASPACE' ) );
#3578 = AXIS2_PLACEMENT_3D ( 'NONE', #6396, #7974, #4857 ) ;
#3579 = ORIENTED_EDGE ( 'NONE', *, *, #2303, .F. ) ;
#3580 = CARTESIAN_POINT ( 'NONE',  ( 0.5598829675598563371, 0.1755113142408572247, 0.8001000000000002554 ) ) ;
#3581 = CIRCLE ( 'NONE', #8942, 0.4999999999999995559 ) ;
#3582 = CARTESIAN_POINT ( 'NONE',  ( 0.7499999999999997780, -2.559615384617575984, 0.8001000000000000334 ) ) ;
#3583 = CARTESIAN_POINT ( 'NONE',  ( 0.4697045857708389005, -0.5497581024278143103, 0.8000000000000002665 ) ) ;
#3584 = STYLED_ITEM ( 'NONE', ( #5620 ), #744 ) ;
#3585 =( NAMED_UNIT ( * ) PLANE_ANGLE_UNIT ( ) SI_UNIT ( $, .RADIAN. ) );
#3586 = CARTESIAN_POINT ( 'NONE',  ( 0.6770911083194574021, 0.2088833512726212538, 0.8001000000000000334 ) ) ;
#3587 = ORIENTED_EDGE ( 'NONE', *, *, #3612, .F. ) ;
#3588 = CARTESIAN_POINT ( 'NONE',  ( 0.6371794871794869142, 0.6134615384624666490, 0.8001000000000000334 ) ) ;
#3589 = ADVANCED_FACE ( 'NONE', ( #3900 ), #3051, .T. ) ;
#3590 = DIRECTION ( 'NONE',  ( 1.000000000000000000, 0.000000000000000000, -0.000000000000000000 ) ) ;
#3591 = EDGE_LOOP ( 'NONE', ( #2291, #1229, #4253, #625 ) ) ;
#3592 = CARTESIAN_POINT ( 'NONE',  ( -0.2083987231861753886, 1.959542515960167597, 0.8000000000000002665 ) ) ;
#3593 = CARTESIAN_POINT ( 'NONE',  ( -3.950000000000000178, -2.500000000000000444, -0.8000000000000000444 ) ) ;
#3594 = CARTESIAN_POINT ( 'NONE',  ( 0.6091947115384613864, 1.759294871779854663, 0.8001000000000000334 ) ) ;
#3595 = CARTESIAN_POINT ( 'NONE',  ( 4.450000000000000178, 2.099999999999999645, 0.8000000000000000444 ) ) ;
#3596 = CARTESIAN_POINT ( 'NONE',  ( 4.849999999999997868, 4.400000000000000355, 2.699999999999997957 ) ) ;
#3597 = CARTESIAN_POINT ( 'NONE',  ( 0.03076923076923048297, -0.8891225961331233885, 0.8000000000000000444 ) ) ;
#3598 = CARTESIAN_POINT ( 'NONE',  ( -0.2646751006253639238, -0.3094808903342153306, 0.8001000000000002554 ) ) ;
#3599 = EDGE_CURVE ( 'NONE', #5586, #3017, #110, .T. ) ;
#3600 = EDGE_LOOP ( 'NONE', ( #21, #1523 ) ) ;
#3601 = CARTESIAN_POINT ( 'NONE',  ( 0.03161396608777657796, -0.9195648700811930309, 0.7999999999999999334 ) ) ;
#3602 = VERTEX_POINT ( 'NONE', #1641 ) ;
#3603 = VECTOR ( 'NONE', #3671, 1000.000000000000000 ) ;
#3604 = CARTESIAN_POINT ( 'NONE',  ( 0.3155857425290003460, -0.5486148065938122320, 0.8000000000000003775 ) ) ;
#3605 = DIRECTION ( 'NONE',  ( 0.000000000000000000, -0.000000000000000000, -1.000000000000000000 ) ) ;
#3606 = DIRECTION ( 'NONE',  ( 0.000000000000000000, 1.000000000000000000, 0.000000000000000000 ) ) ;
#3607 = SURFACE_SIDE_STYLE ('',( #560 ) ) ;
#3608 = DIRECTION ( 'NONE',  ( 0.000000000000000000, -0.000000000000000000, 1.000000000000000000 ) ) ;
#3609 = SURFACE_STYLE_FILL_AREA ( #8891 ) ;
#3610 = STYLED_ITEM ( 'NONE', ( #4135 ), #3202 ) ;
#3611 = PLANE ( 'NONE',  #9263 ) ;
#3612 = EDGE_CURVE ( 'NONE', #8402, #7720, #6006, .T. ) ;
#3613 = ORIENTED_EDGE ( 'NONE', *, *, #2508, .F. ) ;
#3614 = LINE ( 'NONE', #8894, #8990 ) ;
#3615 = EDGE_LOOP ( 'NONE', ( #3712, #1542, #9189, #8362 ) ) ;
#3616 = COLOUR_RGB ( '',0.9254901960784314152, 0.9254901960784314152, 0.9254901960784314152 ) ;
#3617 = PRESENTATION_STYLE_ASSIGNMENT (( #5913 ) ) ;
#3618 = FILL_AREA_STYLE ('',( #8325 ) ) ;
#3619 =( NAMED_UNIT ( * ) SI_UNIT ( $, .STERADIAN. ) SOLID_ANGLE_UNIT ( ) );
#3620 = CARTESIAN_POINT ( 'NONE',  ( 4.849999999999997868, 1.700000000000000178, 2.900000000000000355 ) ) ;
#3621 = CARTESIAN_POINT ( 'NONE',  ( 0.2493859187901470709, 0.2674349316933752885, 0.8000000000000001554 ) ) ;
#3622 = SURFACE_STYLE_FILL_AREA ( #9590 ) ;
#3623 = EDGE_CURVE ( 'NONE', #3634, #528, #6723, .T. ) ;
#3624 = EDGE_LOOP ( 'NONE', ( #6192, #3239, #2655, #553 ) ) ;
#3625 =( GEOMETRIC_REPRESENTATION_CONTEXT ( 3 ) GLOBAL_UNCERTAINTY_ASSIGNED_CONTEXT ( ( #2038 ) ) GLOBAL_UNIT_ASSIGNED_CONTEXT ( ( #4272, #3585, #2674 ) ) REPRESENTATION_CONTEXT ( 'NONE', 'WORKASPACE' ) );
#3626 = EDGE_LOOP ( 'NONE', ( #7177, #4918 ) ) ;
#3627 = SURFACE_STYLE_FILL_AREA ( #6016 ) ;
#3628 = DIRECTION ( 'NONE',  ( -1.000000000000000000, 0.000000000000000000, 0.000000000000000000 ) ) ;
#3629 = CARTESIAN_POINT ( 'NONE',  ( 0.1729551691530094859, 0.1987717080289631011, 0.8000999999999999224 ) ) ;
#3630 = DIRECTION ( 'NONE',  ( -1.000000000000000000, 0.000000000000000000, 0.000000000000000000 ) ) ;
#3631 = CARTESIAN_POINT ( 'NONE',  ( 0.6123584451790893279, -0.6058227587577498241, 0.8001000000000000334 ) ) ;
#3632 = SURFACE_STYLE_USAGE ( .BOTH. , #2005 ) ;
#3633 = ADVANCED_FACE ( 'NONE', ( #5652 ), #4844, .T. ) ;
#3634 = VERTEX_POINT ( 'NONE', #7020 ) ;
#3635 = EDGE_CURVE ( 'NONE', #3807, #1897, #894, .T. ) ;
#3636 = VECTOR ( 'NONE', #8170, 1000.000000000000114 ) ;
#3637 = PLANE ( 'NONE',  #6015 ) ;
#3638 = CARTESIAN_POINT ( 'NONE',  ( 4.099999999999997868, -4.749999999999999112, -3.100000000000000089 ) ) ;
#3639 = ORIENTED_EDGE ( 'NONE', *, *, #9303, .T. ) ;
#3640 = CARTESIAN_POINT ( 'NONE',  ( -0.3782051282051285268, -0.06037660257814608106, 0.8000000000000000444 ) ) ;
#3641 = AXIS2_PLACEMENT_3D ( 'NONE', #2672, #3493, #5037 ) ;
#3642 = CARTESIAN_POINT ( 'NONE',  ( 0.000000000000000000, -1.000000000000000000, -3.100000000000000089 ) ) ;
#3643 = DIRECTION ( 'NONE',  ( -0.000000000000000000, 0.000000000000000000, 1.000000000000000000 ) ) ;
#3644 = CARTESIAN_POINT ( 'NONE',  ( -0.1180971242735293081, -0.2793901732365403068, 0.7999999999999998224 ) ) ;
#3645 = VECTOR ( 'NONE', #1436, 1000.000000000000000 ) ;
#3646 = SURFACE_SIDE_STYLE ('',( #596 ) ) ;
#3647 = FACE_OUTER_BOUND ( 'NONE', #4549, .T. ) ;
#3648 = CARTESIAN_POINT ( 'NONE',  ( -1.750000000000000222, 4.399999999999999467, 2.000000000000000000 ) ) ;
#3649 = CARTESIAN_POINT ( 'NONE',  ( -0.3499418025344137040, -0.1982454812991235882, 0.8001000000000000334 ) ) ;
#3650 = SURFACE_STYLE_FILL_AREA ( #601 ) ;
#3651 = ORIENTED_EDGE ( 'NONE', *, *, #5625, .T. ) ;
#3652 = LINE ( 'NONE', #5793, #9153 ) ;
#3653 = VECTOR ( 'NONE', #68, 1000.000000000000000 ) ;
#3654 = ORIENTED_EDGE ( 'NONE', *, *, #3656, .T. ) ;
#3655 = DIRECTION ( 'NONE',  ( -0.5773502691896240657, 0.5773502691896240657, -0.5773502691896290617 ) ) ;
#3656 = EDGE_CURVE ( 'NONE', #4373, #902, #8682, .T. ) ;
#3657 = CARTESIAN_POINT ( 'NONE',  ( 0.1755240215082160271, 2.023239717437979479, 0.8001000000000001444 ) ) ;
#3658 =( LENGTH_UNIT ( ) NAMED_UNIT ( * ) SI_UNIT ( .MILLI., .METRE. ) );
#3659 = VECTOR ( 'NONE', #7213, 1000.000000000000000 ) ;
#3660 = CARTESIAN_POINT ( 'NONE',  ( 0.4435313997832112110, -0.6462224378047928264, 0.8001000000000001444 ) ) ;
#3661 = LINE ( 'NONE', #4351, #3104 ) ;
#3662 = ORIENTED_EDGE ( 'NONE', *, *, #1514, .T. ) ;
#3663 = VECTOR ( 'NONE', #5136, 1000.000000000000000 ) ;
#3664 = CARTESIAN_POINT ( 'NONE',  ( -0.09284855769230801470, 0.1621794871654436698, 0.8000000000000004885 ) ) ;
#3665 = ORIENTED_EDGE ( 'NONE', *, *, #5730, .T. ) ;
#3666 = VECTOR ( 'NONE', #715, 1000.000000000000000 ) ;
#3667 = DIRECTION ( 'NONE',  ( 1.000000000000000000, 0.000000000000000000, -0.000000000000000000 ) ) ;
#3668 = CARTESIAN_POINT ( 'NONE',  ( 5.849999999999997868, -4.400000000000000355, -3.100000000000000089 ) ) ;
#3669 = STYLED_ITEM ( 'NONE', ( #8604 ), #8782 ) ;
#3670 = CARTESIAN_POINT ( 'NONE',  ( -3.950000000000000178, -2.500000000000000444, -0.8001000000000000334 ) ) ;
#3671 = DIRECTION ( 'NONE',  ( -1.000000000000000000, 0.000000000000000000, -0.000000000000000000 ) ) ;
#3672 = CARTESIAN_POINT ( 'NONE',  ( 0.1435897435897433294, 2.505629006393885305, 0.8001000000000000334 ) ) ;
#3673 = EDGE_LOOP ( 'NONE', ( #7239, #211, #7691, #2135 ) ) ;
#3674 = UNCERTAINTY_MEASURE_WITH_UNIT (LENGTH_MEASURE( 1.000000000000000082E-05 ), #5636, 'distance_accuracy_value', 'NONE');
#3675 = ORIENTED_EDGE ( 'NONE', *, *, #4464, .F. ) ;
#3676 = AXIS2_PLACEMENT_3D ( 'NONE', #3333, #8485, #7796 ) ;
#3677 = CARTESIAN_POINT ( 'NONE',  ( 0.2138822115384613198, 2.122435897420880568, 0.8001000000000000334 ) ) ;
#3678 = CARTESIAN_POINT ( 'NONE',  ( -0.3495921787950203585, 1.498629873436306603, 0.8000999999999999224 ) ) ;
#3679 = EDGE_CURVE ( 'NONE', #1267, #5322, #355, .T. ) ;
#3680 = SURFACE_STYLE_FILL_AREA ( #631 ) ;
#3681 = CARTESIAN_POINT ( 'NONE',  ( 0.6708856604416145730, -0.6517956168164315001, 0.8000000000000002665 ) ) ;
#3682 = CARTESIAN_POINT ( 'NONE',  ( 0.6564816219111325735, 1.925473682858351854, 0.7999999999999999334 ) ) ;
#3683 = AXIS2_PLACEMENT_3D ( 'NONE', #532, #7899, #9403 ) ;
#3684 = CARTESIAN_POINT ( 'NONE',  ( 4.849999999999997868, -3.699999999999999289, -8.799999999999997158 ) ) ;
#3685 = ORIENTED_EDGE ( 'NONE', *, *, #8813, .F. ) ;
#3686 = STYLED_ITEM ( 'NONE', ( #8272 ), #6791 ) ;
#3687 = DIRECTION ( 'NONE',  ( -0.7071067811865463515, -0.7071067811865487940, -0.000000000000000000 ) ) ;
#3688 = PLANE ( 'NONE',  #2675 ) ;
#3689 = VERTEX_POINT ( 'NONE', #4753 ) ;
#3690 = CARTESIAN_POINT ( 'NONE',  ( -0.3776598147862345045, -0.08963700390379444882, 0.7999999999999999334 ) ) ;
#3691 = CARTESIAN_POINT ( 'NONE',  ( 0.4117436787608110271, 1.984249014089753294, 0.7999999999999999334 ) ) ;
#3692 = EDGE_CURVE ( 'NONE', #8989, #5565, #6300, .T. ) ;
#3693 = DIRECTION ( 'NONE',  ( 1.000000000000000000, 0.000000000000000000, -0.000000000000000000 ) ) ;
#3694 = ADVANCED_FACE ( 'NONE', ( #8550 ), #5487, .T. ) ;
#3695 = CARTESIAN_POINT ( 'NONE',  ( -0.1036099248429173669, -0.2858024031166957468, 0.7999999999999999334 ) ) ;
#3696 = CIRCLE ( 'NONE', #6250, 0.6499999999999995781 ) ;
#3697 = CARTESIAN_POINT ( 'NONE',  ( 0.3777347722162264776, -0.5432244450295997673, 0.8000999999999998114 ) ) ;
#3698 = CARTESIAN_POINT ( 'NONE',  ( 0.1982266631893061792, 2.122211998166222635, 0.8000000000000002665 ) ) ;
#3699 = DIRECTION ( 'NONE',  ( 0.000000000000000000, 1.000000000000000000, 0.000000000000000000 ) ) ;
#3700 = LINE ( 'NONE', #3743, #5089 ) ;
#3701 = VERTEX_POINT ( 'NONE', #8779 ) ;
#3702 = VECTOR ( 'NONE', #8792, 1000.000000000000000 ) ;
#3703 =( NAMED_UNIT ( * ) SI_UNIT ( $, .STERADIAN. ) SOLID_ANGLE_UNIT ( ) );
#3704 = VERTEX_POINT ( 'NONE', #6531 ) ;
#3705 = CARTESIAN_POINT ( 'NONE',  ( 0.05559664922731202136, -0.7516085032273222000, 0.8000000000000002665 ) ) ;
#3706 = FILL_AREA_STYLE ('',( #9771 ) ) ;
#3707 = LINE ( 'NONE', #7146, #3471 ) ;
#3708 = CARTESIAN_POINT ( 'NONE',  ( 5.849999999999997868, -3.699999999999999289, 2.699999999999997957 ) ) ;
#3709 = CARTESIAN_POINT ( 'NONE',  ( 0.06189280875199486970, 0.03128025481633316118, 0.8000000000000001554 ) ) ;
#3710 = DIRECTION ( 'NONE',  ( -1.000000000000000000, 0.000000000000000000, 0.000000000000000000 ) ) ;
#3711 = LINE ( 'NONE', #7427, #4526 ) ;
#3712 = ORIENTED_EDGE ( 'NONE', *, *, #7683, .T. ) ;
#3713 = ORIENTED_EDGE ( 'NONE', *, *, #4170, .F. ) ;
#3714 = ADVANCED_FACE ( 'NONE', ( #3501 ), #5201, .T. ) ;
#3715 = CARTESIAN_POINT ( 'NONE',  ( 0.1575538989203206508, -1.018125314491902023, 0.8001000000000000334 ) ) ;
#3716 = DIRECTION ( 'NONE',  ( 1.000000000000000000, 0.000000000000000000, 0.000000000000000000 ) ) ;
#3717 = DIRECTION ( 'NONE',  ( 0.9209672510685589231, 0.3896399908366979803, 0.000000000000000000 ) ) ;
#3718 = LINE ( 'NONE', #29, #9582 ) ;
#3719 = LINE ( 'NONE', #2095, #7223 ) ;
#3720 = VERTEX_POINT ( 'NONE', #8212 ) ;
#3721 = ORIENTED_EDGE ( 'NONE', *, *, #2161, .F. ) ;
#3722 = EDGE_CURVE ( 'NONE', #1136, #9467, #1188, .T. ) ;
#3723 = CARTESIAN_POINT ( 'NONE',  ( 0.4049679883922788215, 2.095840718521559509, 0.8001000000000001444 ) ) ;
#3724 = CARTESIAN_POINT ( 'NONE',  ( 4.849999999999997868, 4.400000000000000355, 2.699999999999997957 ) ) ;
#3725 = LINE ( 'NONE', #2151, #8686 ) ;
#3726 = DIRECTION ( 'NONE',  ( 0.000000000000000000, 1.000000000000000000, 0.000000000000000000 ) ) ;
#3727 = CARTESIAN_POINT ( 'NONE',  ( 4.250000000000003553, 2.800000000000006928, -10.40000000000000391 ) ) ;
#3728 =( GEOMETRIC_REPRESENTATION_CONTEXT ( 3 ) GLOBAL_UNCERTAINTY_ASSIGNED_CONTEXT ( ( #3281 ) ) GLOBAL_UNIT_ASSIGNED_CONTEXT ( ( #2827, #4372, #2107 ) ) REPRESENTATION_CONTEXT ( 'NONE', 'WORKASPACE' ) );
#3729 = CARTESIAN_POINT ( 'NONE',  ( 0.6651910451640874467, -0.05118440742346813677, 0.8000000000000003775 ) ) ;
#3730 = ORIENTED_EDGE ( 'NONE', *, *, #621, .F. ) ;
#3731 = DIRECTION ( 'NONE',  ( -1.000000000000000000, 0.000000000000000000, -0.000000000000000000 ) ) ;
#3732 = EDGE_CURVE ( 'NONE', #5457, #7312, #4428, .T. ) ;
#3733 = CARTESIAN_POINT ( 'NONE',  ( 0.4019974362027579629, 0.2171462498570680133, 0.8001000000000003665 ) ) ;
#3734 = ORIENTED_EDGE ( 'NONE', *, *, #1248, .F. ) ;
#3735 = COLOUR_RGB ( '',0.9254901960784314152, 0.9254901960784314152, 0.9254901960784314152 ) ;
#3736 = MECHANICAL_DESIGN_GEOMETRIC_PRESENTATION_REPRESENTATION (  '', ( #4364 ), #2767 ) ;
#3737 = FACE_OUTER_BOUND ( 'NONE', #2124, .T. ) ;
#3738 = DIRECTION ( 'NONE',  ( 0.000000000000000000, 0.000000000000000000, 1.000000000000000000 ) ) ;
#3739 = CARTESIAN_POINT ( 'NONE',  ( -0.09615384615384639511, -0.2891025641166076743, 0.7999999999999998224 ) ) ;
#3740 = CARTESIAN_POINT ( 'NONE',  ( 0.6653846153846152411, -0.06147836539865887684, 0.8001000000000000334 ) ) ;
#3741 = DIRECTION ( 'NONE',  ( 1.000000000000000000, 0.000000000000000000, 0.000000000000000000 ) ) ;
#3742 = CARTESIAN_POINT ( 'NONE',  ( 4.650000000000003020, -0.8000000000000045963, -8.599999999999999645 ) ) ;
#3743 = CARTESIAN_POINT ( 'NONE',  ( 0.7499999999999997780, 1.036538461539389555, 0.8001000000000000334 ) ) ;
#3744 = ADVANCED_FACE ( 'NONE', ( #9611 ), #4335, .T. ) ;
#3745 = ORIENTED_EDGE ( 'NONE', *, *, #2629, .T. ) ;
#3746 = EDGE_CURVE ( 'NONE', #1704, #8110, #5745, .T. ) ;
#3747 =( NAMED_UNIT ( * ) SI_UNIT ( $, .STERADIAN. ) SOLID_ANGLE_UNIT ( ) );
#3748 = EDGE_LOOP ( 'NONE', ( #1151, #3639, #6196, #1448 ) ) ;
#3749 = ORIENTED_EDGE ( 'NONE', *, *, #22, .F. ) ;
#3750 = COLOUR_RGB ( '',0.2509803921568627416, 0.2509803921568627416, 0.2509803921568627416 ) ;
#3751 = PRESENTATION_STYLE_ASSIGNMENT (( #6733 ) ) ;
#3752 = CARTESIAN_POINT ( 'NONE',  ( -5.750000000000000000, 4.099999999999999645, 0.8001000000000000334 ) ) ;
#3753 =( NAMED_UNIT ( * ) PLANE_ANGLE_UNIT ( ) SI_UNIT ( $, .RADIAN. ) );
#3754 = CARTESIAN_POINT ( 'NONE',  ( 5.050000000000000711, -3.900000000000003464, 2.900000000000000355 ) ) ;
#3755 = CARTESIAN_POINT ( 'NONE',  ( -0.1585553731656852983, 0.1467939877949832328, 0.8001000000000001444 ) ) ;
#3756 = CARTESIAN_POINT ( 'NONE',  ( 0.6371794871794869142, -1.783974358966112561, 0.8001000000000000334 ) ) ;
#3757 = EDGE_CURVE ( 'NONE', #32, #816, #447, .T. ) ;
#3758 = VERTEX_POINT ( 'NONE', #4380 ) ;
#3759 = ORIENTED_EDGE ( 'NONE', *, *, #22, .T. ) ;
#3760 = CARTESIAN_POINT ( 'NONE',  ( 0.7779874237834077944, -0.9375427093404321566, 0.8000000000000001554 ) ) ;
#3761 = DIRECTION ( 'NONE',  ( -0.5773502691896221783, -0.5773502691896250649, 0.5773502691896300609 ) ) ;
#3762 = COLOUR_RGB ( '',0.2509803921568627416, 0.2509803921568627416, 0.2509803921568627416 ) ;
#3763 = DIRECTION ( 'NONE',  ( -0.000000000000000000, 1.000000000000000000, 0.000000000000000000 ) ) ;
#3764 = LINE ( 'NONE', #2913, #7733 ) ;
#3765 = CARTESIAN_POINT ( 'NONE',  ( -0.09240785256410283255, 0.2608974358833923701, 0.8000000000000001554 ) ) ;
#3766 = ORIENTED_EDGE ( 'NONE', *, *, #8643, .T. ) ;
#3767 = ORIENTED_EDGE ( 'NONE', *, *, #4019, .T. ) ;
#3768 = MECHANICAL_DESIGN_GEOMETRIC_PRESENTATION_REPRESENTATION (  '', ( #6941 ), #578 ) ;
#3769 = DIRECTION ( 'NONE',  ( 1.000000000000000000, 0.000000000000000000, 0.000000000000000000 ) ) ;
#3770 = LINE ( 'NONE', #5968, #6845 ) ;
#3771 = DIRECTION ( 'NONE',  ( 0.000000000000000000, -1.000000000000000000, 0.000000000000000000 ) ) ;
#3772 = CARTESIAN_POINT ( 'NONE',  ( -0.2371226063914762816, 1.414885078223534265, 0.8000999999999999224 ) ) ;
#3773 = DIRECTION ( 'NONE',  ( -1.239088197126291458E-15, -1.000000000000000000, -0.000000000000000000 ) ) ;
#3774 = EDGE_CURVE ( 'NONE', #2815, #8145, #5050, .T. ) ;
#3775 = CARTESIAN_POINT ( 'NONE',  ( 0.2937588459028164234, 2.118350898470032107, 0.8000000000000000444 ) ) ;
#3776 = VECTOR ( 'NONE', #6324, 1000.000000000000000 ) ;
#3777 = LINE ( 'NONE', #8340, #713 ) ;
#3778 = CARTESIAN_POINT ( 'NONE',  ( 0.6517922711908460398, -1.005932111120200423, 0.8001000000000000334 ) ) ;
#3779 = ORIENTED_EDGE ( 'NONE', *, *, #2823, .F. ) ;
#3780 = CARTESIAN_POINT ( 'NONE',  ( 0.4224436852899148831, 0.2181077796076306419, 0.8001000000000002554 ) ) ;
#3781 = ORIENTED_EDGE ( 'NONE', *, *, #1741, .T. ) ;
#3782 = VECTOR ( 'NONE', #2268, 1000.000000000000000 ) ;
#3783 =( NAMED_UNIT ( * ) SI_UNIT ( $, .STERADIAN. ) SOLID_ANGLE_UNIT ( ) );
#3784 = CARTESIAN_POINT ( 'NONE',  ( 0.6371794871794869142, 1.444851762805495765, 0.8000000000000002665 ) ) ;
#3785 = LINE ( 'NONE', #694, #6538 ) ;
#3786 = CARTESIAN_POINT ( 'NONE',  ( 0.7499999999999997780, 2.956911057675936316, 0.8000000000000000444 ) ) ;
#3787 = EDGE_CURVE ( 'NONE', #4113, #2108, #8733, .T. ) ;
#3788 = CARTESIAN_POINT ( 'NONE',  ( 0.6165244843032147148, 1.734053738603140049, 0.7999999999999999334 ) ) ;
#3789 = DIRECTION ( 'NONE',  ( 0.000000000000000000, 0.000000000000000000, -1.000000000000000000 ) ) ;
#3790 =( GEOMETRIC_REPRESENTATION_CONTEXT ( 3 ) GLOBAL_UNCERTAINTY_ASSIGNED_CONTEXT ( ( #7052 ) ) GLOBAL_UNIT_ASSIGNED_CONTEXT ( ( #5750, #7028, #2645 ) ) REPRESENTATION_CONTEXT ( 'NONE', 'WORKASPACE' ) );
#3791 = CARTESIAN_POINT ( 'NONE',  ( 0.7499999999999997780, -1.360897435889189655, 0.8001000000000000334 ) ) ;
#3792 = CARTESIAN_POINT ( 'NONE',  ( 0.3153600298255169188, 0.1810505439143727247, 0.7999999999999997113 ) ) ;
#3793 = CARTESIAN_POINT ( 'NONE',  ( 0.000000000000000000, 0.000000000000000000, 0.8000000000000000444 ) ) ;
#3794 = VERTEX_POINT ( 'NONE', #2787 ) ;
#3795 = ORIENTED_EDGE ( 'NONE', *, *, #4482, .F. ) ;
#3796 = SURFACE_STYLE_FILL_AREA ( #8313 ) ;
#3797 = VERTEX_POINT ( 'NONE', #2736 ) ;
#3798 = EDGE_CURVE ( 'NONE', #3499, #4796, #7667, .T. ) ;
#3799 = PRESENTATION_STYLE_ASSIGNMENT (( #5261 ) ) ;
#3800 = CYLINDRICAL_SURFACE ( 'NONE', #501, 0.4999999999999995559 ) ;
#3801 = AXIS2_PLACEMENT_3D ( 'NONE', #9745, #4514, #1414 ) ;
#3802 = LINE ( 'NONE', #5953, #2775 ) ;
#3803 = CARTESIAN_POINT ( 'NONE',  ( 5.849999999999997868, 1.700000000000000178, 2.900000000000000355 ) ) ;
#3804 = DIRECTION ( 'NONE',  ( 0.000000000000000000, 0.000000000000000000, 1.000000000000000000 ) ) ;
#3805 = VECTOR ( 'NONE', #3448, 1000.000000000000000 ) ;
#3806 = VECTOR ( 'NONE', #5556, 1000.000000000000227 ) ;
#3807 = VERTEX_POINT ( 'NONE', #7610 ) ;
#3808 = VERTEX_POINT ( 'NONE', #6722 ) ;
#3809 = CARTESIAN_POINT ( 'NONE',  ( -5.750000000000000000, 1.499999999999999112, -0.8000000000000000444 ) ) ;
#3810 = AXIS2_PLACEMENT_3D ( 'NONE', #8401, #7516, #3891 ) ;
#3811 = DIRECTION ( 'NONE',  ( -0.000000000000000000, 0.000000000000000000, 1.000000000000000000 ) ) ;
#3812 = ADVANCED_FACE ( 'NONE', ( #8258 ), #8233, .T. ) ;
#3813 = DIRECTION ( 'NONE',  ( -1.000000000000000000, 0.000000000000000000, 0.000000000000000000 ) ) ;
#3814 = CARTESIAN_POINT ( 'NONE',  ( 4.849999999999997868, -1.000000000000000000, 2.900000000000000355 ) ) ;
#3815 = CARTESIAN_POINT ( 'NONE',  ( 0.4787901262391313084, -0.3238358122791578642, 0.8001000000000002554 ) ) ;
#3816 = DIRECTION ( 'NONE',  ( -0.9209672510685589231, -0.3896399908366979248, 0.000000000000000000 ) ) ;
#3817 = CARTESIAN_POINT ( 'NONE',  ( 0.4326923076923074873, 0.2185897435757000740, 0.7999999999999998224 ) ) ;
#3818 = VERTEX_POINT ( 'NONE', #6828 ) ;
#3819 = MECHANICAL_DESIGN_GEOMETRIC_PRESENTATION_REPRESENTATION (  '', ( #7141 ), #4443 ) ;
#3820 = ORIENTED_EDGE ( 'NONE', *, *, #2323, .F. ) ;
#3821 =( GEOMETRIC_REPRESENTATION_CONTEXT ( 3 ) GLOBAL_UNCERTAINTY_ASSIGNED_CONTEXT ( ( #7040 ) ) GLOBAL_UNIT_ASSIGNED_CONTEXT ( ( #3935, #2428, #4031 ) ) REPRESENTATION_CONTEXT ( 'NONE', 'WORKASPACE' ) );
#3822 = CARTESIAN_POINT ( 'NONE',  ( 0.2937588459028164234, 2.118350898470032107, 0.8000000000000003775 ) ) ;
#3823 = CARTESIAN_POINT ( 'NONE',  ( -0.3500000000000002554, -3.039102564104755100, 0.8001000000000000334 ) ) ;
#3824 =( LENGTH_UNIT ( ) NAMED_UNIT ( * ) SI_UNIT ( .MILLI., .METRE. ) );
#3825 = DIRECTION ( 'NONE',  ( 0.000000000000000000, -1.000000000000000000, 0.000000000000000000 ) ) ;
#3826 = LINE ( 'NONE', #6813, #8360 ) ;
#3827 = COLOUR_RGB ( '',1.000000000000000000, 1.000000000000000000, 1.000000000000000000 ) ;
#3828 = CARTESIAN_POINT ( 'NONE',  ( 0.4049679883922788215, 2.095840718521559509, 0.8000000000000001554 ) ) ;
#3829 = CARTESIAN_POINT ( 'NONE',  ( -0.09240785256410283255, 0.2608974358833923701, 0.8001000000000000334 ) ) ;
#3830 = FILL_AREA_STYLE_COLOUR ( '', #1486 ) ;
#3831 = VERTEX_POINT ( 'NONE', #5985 ) ;
#3832 = VECTOR ( 'NONE', #4053, 1000.000000000000000 ) ;
#3833 = PRESENTATION_LAYER_ASSIGNMENT (  '', '', ( #4623 ) ) ;
#3834 = DIRECTION ( 'NONE',  ( -1.239088197126291458E-15, -1.000000000000000000, -0.000000000000000000 ) ) ;
#3835 = VERTEX_POINT ( 'NONE', #1532 ) ;
#3836 = EDGE_CURVE ( 'NONE', #4592, #3634, #8455, .T. ) ;
#3837 = CARTESIAN_POINT ( 'NONE',  ( 0.5140574540896786226, 1.914732327198168438, 0.8000000000000000444 ) ) ;
#3838 = VECTOR ( 'NONE', #8221, 1000.000000000000000 ) ;
#3839 = FACE_OUTER_BOUND ( 'NONE', #8044, .T. ) ;
#3840 = FILL_AREA_STYLE_COLOUR ( '', #2320 ) ;
#3841 = CARTESIAN_POINT ( 'NONE',  ( 0.2493859187901470709, 0.2674349316933752885, 0.8000000000000001554 ) ) ;
#3842 = CARTESIAN_POINT ( 'NONE',  ( 0.7499999999999997780, 0.5147435897445178377, 0.8001000000000000334 ) ) ;
#3843 = SURFACE_SIDE_STYLE ('',( #2991 ) ) ;
#3844 = ORIENTED_EDGE ( 'NONE', *, *, #2323, .T. ) ;
#3845 = CARTESIAN_POINT ( 'NONE',  ( 4.849999999999996980, -4.399999999999999467, 1.200000000000002620 ) ) ;
#3846 = ORIENTED_EDGE ( 'NONE', *, *, #1312, .T. ) ;
#3847 = EDGE_CURVE ( 'NONE', #2037, #1267, #1361, .T. ) ;
#3848 = CARTESIAN_POINT ( 'NONE',  ( -5.450000000000000178, -2.500000000000000444, 0.8001000000000000334 ) ) ;
#3849 = MECHANICAL_DESIGN_GEOMETRIC_PRESENTATION_REPRESENTATION (  '', ( #8433 ), #2561 ) ;
#3850 = EDGE_LOOP ( 'NONE', ( #9479, #8610, #5240, #2970 ) ) ;
#3851 = DIRECTION ( 'NONE',  ( -0.9796516281416205452, 0.2007054744631348031, 0.000000000000000000 ) ) ;
#3852 = CARTESIAN_POINT ( 'NONE',  ( 0.4049679883922788215, 2.095840718521559509, 0.8001000000000001444 ) ) ;
#3853 =( LENGTH_UNIT ( ) NAMED_UNIT ( * ) SI_UNIT ( .MILLI., .METRE. ) );
#3854 = FILL_AREA_STYLE_COLOUR ( '', #7071 ) ;
#3855 = AXIS2_PLACEMENT_3D ( 'NONE', #7913, #4194, #7864 ) ;
#3856 = ORIENTED_EDGE ( 'NONE', *, *, #1146, .F. ) ;
#3857 = VERTEX_POINT ( 'NONE', #5248 ) ;
#3858 = ORIENTED_EDGE ( 'NONE', *, *, #5060, .T. ) ;
#3859 = CARTESIAN_POINT ( 'NONE',  ( -0.2623865258970464742, -0.01346649817827903425, 0.8000999999999997003 ) ) ;
#3860 = EDGE_LOOP ( 'NONE', ( #3016, #8964, #3844, #2438 ) ) ;
#3861 = EDGE_CURVE ( 'NONE', #7312, #4725, #3038, .T. ) ;
#3862 =( GEOMETRIC_REPRESENTATION_CONTEXT ( 3 ) GLOBAL_UNCERTAINTY_ASSIGNED_CONTEXT ( ( #7919 ) ) GLOBAL_UNIT_ASSIGNED_CONTEXT ( ( #1609, #907, #5478 ) ) REPRESENTATION_CONTEXT ( 'NONE', 'WORKASPACE' ) );
#3863 =( LENGTH_UNIT ( ) NAMED_UNIT ( * ) SI_UNIT ( .MILLI., .METRE. ) );
#3864 = CARTESIAN_POINT ( 'NONE',  ( 0.03606196731698386310, 0.2293493449999436662, 0.7999999999999999334 ) ) ;
#3865 = DIRECTION ( 'NONE',  ( 0.000000000000000000, 1.000000000000000000, -0.000000000000000000 ) ) ;
#3866 = CARTESIAN_POINT ( 'NONE',  ( 0.7499999999999997780, -2.573717948720140036, 0.8001000000000000334 ) ) ;
#3867 = DIRECTION ( 'NONE',  ( 0.000000000000000000, 1.000000000000000000, 0.000000000000000000 ) ) ;
#3868 = ORIENTED_EDGE ( 'NONE', *, *, #1952, .F. ) ;
#3869 = ORIENTED_EDGE ( 'NONE', *, *, #6606, .F. ) ;
#3870 = ADVANCED_FACE ( 'NONE', ( #4483 ), #4412, .T. ) ;
#3871 = ADVANCED_FACE ( 'NONE', ( #4791 ), #7901, .T. ) ;
#3872 = CARTESIAN_POINT ( 'NONE',  ( -0.06947279328539575360, 0.1609965498049826527, 0.8000999999999999224 ) ) ;
#3873 = CARTESIAN_POINT ( 'NONE',  ( -0.3500000000000002554, 2.348076923060551824, 0.8001000000000000334 ) ) ;
#3874 = B_SPLINE_SURFACE_WITH_KNOTS ( 'NONE', 3, 1, ( 
 ( #9702, #2927 ),
 ( #4471, #3729 ),
 ( #6763, #333 ),
 ( #4780, #9253 ),
 ( #2471, #4681 ),
 ( #3386, #7703 ),
 ( #4732, #1019 ),
 ( #5632, #4028 ),
 ( #3288, #7150 ),
 ( #6415, #8489 ),
 ( #7754, #2422 ),
 ( #8618, #9391 ),
 ( #970, #7839 ),
 ( #2617, #187 ),
 ( #6326, #4070 ),
 ( #1759, #1808 ),
 ( #1066, #7049 ),
 ( #6999, #3186 ),
 ( #9298, #920 ) ),
 .UNSPECIFIED., .F., .F., .F.,
 ( 4, 1, 1, 1, 1, 1, 1, 1, 1, 1, 1, 1, 1, 1, 1, 1, 4 ),
 ( 2, 2 ),
 ( 0.000000000000000000, 0.07607173695556462834, 0.1487517145745115288, 0.2184027938458452112, 0.2857595810623857480, 0.3505980236748786893, 0.4149640445981282455, 0.4780693385717819099, 0.5417606760069074712, 0.6043498585387178101, 0.6640750210708966650, 0.7214636230801988459, 0.7775871282364450465, 0.8326444469271313542, 0.8878435110684599341, 0.9434603426519473368, 1.000000000000000000 ),
 ( 0.000000000000000000, 1.000000000000000000 ),
 .UNSPECIFIED. ) ;
#3875 = CARTESIAN_POINT ( 'NONE',  ( -0.2026759000865076266, 1.745104859993453106, 0.8001000000000000334 ) ) ;
#3876 = LINE ( 'NONE', #5233, #7275 ) ;
#3877 = CARTESIAN_POINT ( 'NONE',  ( -0.1991690254526279347, 0.2380513148857096029, 0.8000000000000002665 ) ) ;
#3878 = DIRECTION ( 'NONE',  ( -0.5773502691896255090, -0.5773502691896283956, -0.5773502691896233996 ) ) ;
#3879 = ORIENTED_EDGE ( 'NONE', *, *, #2731, .F. ) ;
#3880 = SURFACE_STYLE_FILL_AREA ( #2929 ) ;
#3881 = ORIENTED_EDGE ( 'NONE', *, *, #8751, .T. ) ;
#3882 = SURFACE_STYLE_USAGE ( .BOTH. , #192 ) ;
#3883 = DIRECTION ( 'NONE',  ( -1.000000000000000000, 0.000000000000000000, 0.000000000000000000 ) ) ;
#3884 = AXIS2_PLACEMENT_3D ( 'NONE', #3311, #946, #9273 ) ;
#3885 = LINE ( 'NONE', #6917, #5756 ) ;
#3886 = FILL_AREA_STYLE_COLOUR ( '', #9595 ) ;
#3887 = CARTESIAN_POINT ( 'NONE',  ( 0.6304759316063840435, 1.635440928387343673, 0.8000000000000000444 ) ) ;
#3888 = LINE ( 'NONE', #5505, #5495 ) ;
#3889 =( NAMED_UNIT ( * ) PLANE_ANGLE_UNIT ( ) SI_UNIT ( $, .RADIAN. ) );
#3890 = ADVANCED_FACE ( 'NONE', ( #6335, #2581 ), #9311, .T. ) ;
#3891 = DIRECTION ( 'NONE',  ( 1.000000000000000000, 0.000000000000000000, 0.000000000000000000 ) ) ;
#3892 = VERTEX_POINT ( 'NONE', #7107 ) ;
#3893 =( GEOMETRIC_REPRESENTATION_CONTEXT ( 3 ) GLOBAL_UNCERTAINTY_ASSIGNED_CONTEXT ( ( #1850 ) ) GLOBAL_UNIT_ASSIGNED_CONTEXT ( ( #7952, #9552, #7354 ) ) REPRESENTATION_CONTEXT ( 'NONE', 'WORKASPACE' ) );
#3894 = FILL_AREA_STYLE ('',( #4490 ) ) ;
#3895 = STYLED_ITEM ( 'NONE', ( #3113 ), #198 ) ;
#3896 = ORIENTED_EDGE ( 'NONE', *, *, #8400, .T. ) ;
#3897 = EDGE_LOOP ( 'NONE', ( #2319, #9363, #6005, #5081 ) ) ;
#3898 = CARTESIAN_POINT ( 'NONE',  ( -0.2446762942992835588, -0.1640967857148945552, 0.8001000000000001444 ) ) ;
#3899 = PLANE ( 'NONE',  #7325 ) ;
#3900 = FACE_OUTER_BOUND ( 'NONE', #7674, .T. ) ;
#3901 = CARTESIAN_POINT ( 'NONE',  ( -0.3225363364694023294, -0.2465378426601144979, 0.8000999999999999224 ) ) ;
#3902 = COLOUR_RGB ( '',0.9254901960784314152, 0.9254901960784314152, 0.9254901960784314152 ) ;
#3903 = VECTOR ( 'NONE', #3867, 1000.000000000000000 ) ;
#3904 = FACE_BOUND ( 'NONE', #4521, .T. ) ;
#3905 = CARTESIAN_POINT ( 'NONE',  ( 4.849999999999997868, -3.699999999999999289, 2.900000000000000355 ) ) ;
#3906 = EDGE_CURVE ( 'NONE', #3921, #6847, #7304, .T. ) ;
#3907 = VERTEX_POINT ( 'NONE', #4227 ) ;
#3908 = ORIENTED_EDGE ( 'NONE', *, *, #8856, .F. ) ;
#3909 = SURFACE_STYLE_USAGE ( .BOTH. , #167 ) ;
#3910 = ORIENTED_EDGE ( 'NONE', *, *, #3599, .F. ) ;
#3911 = STYLED_ITEM ( 'NONE', ( #1689 ), #1831 ) ;
#3912 = DIRECTION ( 'NONE',  ( -1.000000000000000000, 0.000000000000000000, -0.000000000000000000 ) ) ;
#3913 = FACE_BOUND ( 'NONE', #537, .T. ) ;
#3914 = SURFACE_SIDE_STYLE ('',( #2552 ) ) ;
#3915 = CARTESIAN_POINT ( 'NONE',  ( 0.08929905410326256787, 0.1888020101874678391, 0.8000999999999997003 ) ) ;
#3916 = ADVANCED_FACE ( 'NONE', ( #2776 ), #7258, .T. ) ;
#3917 = LINE ( 'NONE', #958, #7856 ) ;
#3918 = MECHANICAL_DESIGN_GEOMETRIC_PRESENTATION_REPRESENTATION (  '', ( #8194 ), #4872 ) ;
#3919 = CARTESIAN_POINT ( 'NONE',  ( 5.516666666666666607, 4.066666666666669094, 1.533333333333336768 ) ) ;
#3920 = LINE ( 'NONE', #4850, #1018 ) ;
#3921 = VERTEX_POINT ( 'NONE', #7352 ) ;
#3922 = ORIENTED_EDGE ( 'NONE', *, *, #6138, .F. ) ;
#3923 = CARTESIAN_POINT ( 'NONE',  ( 0.07336615579364504092, -0.003468244684499425991, 0.8000000000000001554 ) ) ;
#3924 =( NAMED_UNIT ( * ) PLANE_ANGLE_UNIT ( ) SI_UNIT ( $, .RADIAN. ) );
#3925 = CARTESIAN_POINT ( 'NONE',  ( 0.7121981416758953465, -1.129289421793883141, 0.8000000000000003775 ) ) ;
#3926 = CARTESIAN_POINT ( 'NONE',  ( 5.849999999999997868, 1.000000000000000444, 2.900000000000000355 ) ) ;
#3927 = EDGE_CURVE ( 'NONE', #9054, #3835, #1695, .T. ) ;
#3928 = DIRECTION ( 'NONE',  ( -0.000000000000000000, -0.000000000000000000, -1.000000000000000000 ) ) ;
#3929 =( NAMED_UNIT ( * ) SI_UNIT ( $, .STERADIAN. ) SOLID_ANGLE_UNIT ( ) );
#3930 = CARTESIAN_POINT ( 'NONE',  ( 0.6653846153846152411, -0.9208533653638926175, 0.8001000000000000334 ) ) ;
#3931 = ORIENTED_EDGE ( 'NONE', *, *, #2551, .T. ) ;
#3932 = CARTESIAN_POINT ( 'NONE',  ( 5.649999999999993250, -3.900000000000003464, 2.900000000000000355 ) ) ;
#3933 = CARTESIAN_POINT ( 'NONE',  ( 0.2006042749777024736, -0.1090707302383444044, 0.8001000000000000334 ) ) ;
#3934 = FILL_AREA_STYLE ('',( #6180 ) ) ;
#3935 =( LENGTH_UNIT ( ) NAMED_UNIT ( * ) SI_UNIT ( .MILLI., .METRE. ) );
#3936 =( LENGTH_UNIT ( ) NAMED_UNIT ( * ) SI_UNIT ( .MILLI., .METRE. ) );
#3937 = EDGE_CURVE ( 'NONE', #7199, #6956, #3539, .T. ) ;
#3938 = CARTESIAN_POINT ( 'NONE',  ( 0.2724973669251292141, 0.2803946708725079673, 0.8000999999999998114 ) ) ;
#3939 =( NAMED_UNIT ( * ) PLANE_ANGLE_UNIT ( ) SI_UNIT ( $, .RADIAN. ) );
#3940 = CARTESIAN_POINT ( 'NONE',  ( 0.1980241045593505445, 0.2276855179913926108, 0.8001000000000002554 ) ) ;
#3941 = PRESENTATION_LAYER_ASSIGNMENT (  '', '', ( #2499 ) ) ;
#3942 = CARTESIAN_POINT ( 'NONE',  ( -0.09284855769230800082, 0.1621794871654436421, 0.8001000000000000334 ) ) ;
#3943 = ORIENTED_EDGE ( 'NONE', *, *, #8593, .F. ) ;
#3944 = CARTESIAN_POINT ( 'NONE',  ( 0.6744986437564117754, 1.899509615310410293, 0.8000000000000004885 ) ) ;
#3945 = CARTESIAN_POINT ( 'NONE',  ( -0.2640932104815100212, -0.09604316400162961342, 0.7999999999999999334 ) ) ;
#3946 = VECTOR ( 'NONE', #3731, 1000.000000000000000 ) ;
#3947 = CARTESIAN_POINT ( 'NONE',  ( 0.2937588459028164234, 2.118350898470032107, 0.8001000000000000334 ) ) ;
#3948 = SURFACE_SIDE_STYLE ('',( #9134 ) ) ;
#3949 = FILL_AREA_STYLE ('',( #947 ) ) ;
#3950 = SURFACE_STYLE_USAGE ( .BOTH. , #899 ) ;
#3951 = ORIENTED_EDGE ( 'NONE', *, *, #3519, .T. ) ;
#3952 = ORIENTED_EDGE ( 'NONE', *, *, #4776, .F. ) ;
#3953 = CARTESIAN_POINT ( 'NONE',  ( -0.2653846153846156630, -0.05905448719353069420, 0.8001000000000000334 ) ) ;
#3954 = ORIENTED_EDGE ( 'NONE', *, *, #4104, .T. ) ;
#3955 = B_SPLINE_SURFACE_WITH_KNOTS ( 'NONE', 3, 1, ( 
 ( #614, #3664 ),
 ( #5957, #2136 ),
 ( #6419, #7201 ),
 ( #4448, #7382 ),
 ( #8991, #2189 ),
 ( #7482, #5267 ),
 ( #566, #1449 ),
 ( #7154, #340 ),
 ( #1861, #3391 ),
 ( #9397, #384 ),
 ( #3436, #5728 ),
 ( #8713, #5374 ),
 ( #8321, #7681 ),
 ( #2248, #5424 ),
 ( #6936, #806 ),
 ( #3859, #6984 ),
 ( #3058, #7734 ),
 ( #112, #7529 ),
 ( #3953, #9089 ) ),
 .UNSPECIFIED., .F., .F., .F.,
 ( 4, 1, 1, 1, 1, 1, 1, 1, 1, 1, 1, 1, 1, 1, 1, 1, 4 ),
 ( 2, 2 ),
 ( 0.000000000000000000, 0.05527035277506251593, 0.1099577455173568891, 0.1639122216998099568, 0.2180890005282124511, 0.2733094968922491486, 0.3309135490352634323, 0.3909942108616129008, 0.4546407417134265549, 0.5188980677377150741, 0.5833421660857446289, 0.6485433656424008930, 0.7150525212752998350, 0.7825185847803022288, 0.8523338963878019925, 0.9249341890351545636, 1.000000000000000000 ),
 ( 0.000000000000000000, 1.000000000000000000 ),
 .UNSPECIFIED. ) ;
#3956 = EDGE_CURVE ( 'NONE', #1645, #5763, #8909, .T. ) ;
#3957 = VECTOR ( 'NONE', #1077, 1000.000000000000000 ) ;
#3958 = SURFACE_STYLE_USAGE ( .BOTH. , #9283 ) ;
#3959 = VECTOR ( 'NONE', #3834, 1000.000000000000000 ) ;
#3960 = VECTOR ( 'NONE', #2208, 1000.000000000000000 ) ;
#3961 = CARTESIAN_POINT ( 'NONE',  ( 0.3704622056597310920, 0.3134792868669835642, 0.8001000000000001444 ) ) ;
#3962 = CARTESIAN_POINT ( 'NONE',  ( 0.2469737362473935494, -0.6820221139012839773, 0.8000000000000001554 ) ) ;
#3963 = FACE_OUTER_BOUND ( 'NONE', #8297, .T. ) ;
#3964 = ORIENTED_EDGE ( 'NONE', *, *, #93, .F. ) ;
#3965 = UNCERTAINTY_MEASURE_WITH_UNIT (LENGTH_MEASURE( 1.000000000000000082E-05 ), #1127, 'distance_accuracy_value', 'NONE');
#3966 = ORIENTED_EDGE ( 'NONE', *, *, #996, .T. ) ;
#3967 = UNCERTAINTY_MEASURE_WITH_UNIT (LENGTH_MEASURE( 1.000000000000000082E-05 ), #132, 'distance_accuracy_value', 'NONE');
#3968 = AXIS2_PLACEMENT_3D ( 'NONE', #1920, #7066, #4996 ) ;
#3969 = CARTESIAN_POINT ( 'NONE',  ( 0.4784395523021725549, -1.161034082839174753, 0.8001000000000001444 ) ) ;
#3970 = CARTESIAN_POINT ( 'NONE',  ( 0.7666682887555542614, -1.021083195864198156, 0.8001000000000000334 ) ) ;
#3971 = CARTESIAN_POINT ( 'NONE',  ( 4.849999999999997868, 1.700000000000000178, 1.200000000000002620 ) ) ;
#3972 = SURFACE_STYLE_FILL_AREA ( #6368 ) ;
#3973 = FILL_AREA_STYLE_COLOUR ( '', #3750 ) ;
#3974 = COLOUR_RGB ( '',0.9254901960784314152, 0.9254901960784314152, 0.9254901960784314152 ) ;
#3975 = CARTESIAN_POINT ( 'NONE',  ( -5.750000000000000000, 1.499999999999999112, 0.8001000000000000334 ) ) ;
#3976 = CARTESIAN_POINT ( 'NONE',  ( -3.950000000000000178, -2.500000000000000444, 0.8001000000000000334 ) ) ;
#3977 = ORIENTED_EDGE ( 'NONE', *, *, #5005, .F. ) ;
#3978 = UNCERTAINTY_MEASURE_WITH_UNIT (LENGTH_MEASURE( 1.000000000000000082E-05 ), #5074, 'distance_accuracy_value', 'NONE');
#3979 = B_SPLINE_CURVE_WITH_KNOTS ( 'NONE', 3,
 ( #588, #8818, #1967, #7311, #6666, #9508, #5044, #5784, #2882, #8056, #8205, #497, #6473, #3544, #6573, #4419, #9555, #1279, #4329 ),
 .UNSPECIFIED., .F., .F.,
 ( 4, 1, 1, 1, 1, 1, 1, 1, 1, 1, 1, 1, 1, 1, 1, 1, 4 ),
 ( 0.000000000000000000, 0.07015117599727846431, 0.1378126061901916999, 0.2032262471813942040, 0.2671740552944738001, 0.3300240034081792784, 0.3917942717866853553, 0.4530843989971408692, 0.5143339076458776082, 0.5749999928182690789, 0.6348654826222127623, 0.6941163151896417860, 0.7534416217804384974, 0.8131258003036120341, 0.8740796856370753876, 0.9360070132744072735, 1.000000000000000000 ),
 .UNSPECIFIED. ) ;
#3980 = LINE ( 'NONE', #1669, #5708 ) ;
#3981 = AXIS2_PLACEMENT_3D ( 'NONE', #8449, #6960, #1025 ) ;
#3982 = FACE_OUTER_BOUND ( 'NONE', #669, .T. ) ;
#3983 = EDGE_CURVE ( 'NONE', #1897, #3315, #2190, .T. ) ;
#3984 = VECTOR ( 'NONE', #5860, 1000.000000000000000 ) ;
#3985 = LINE ( 'NONE', #239, #787 ) ;
#3986 = CARTESIAN_POINT ( 'NONE',  ( -0.3135535256831880058, 1.781295450536510838, 0.8000999999999998114 ) ) ;
#3987 = CARTESIAN_POINT ( 'NONE',  ( -0.3566931590598857449, 0.06434504912993063708, 0.8001000000000001444 ) ) ;
#3988 =( NAMED_UNIT ( * ) PLANE_ANGLE_UNIT ( ) SI_UNIT ( $, .RADIAN. ) );
#3989 =( NAMED_UNIT ( * ) SI_UNIT ( $, .STERADIAN. ) SOLID_ANGLE_UNIT ( ) );
#3990 =( GEOMETRIC_REPRESENTATION_CONTEXT ( 3 ) GLOBAL_UNCERTAINTY_ASSIGNED_CONTEXT ( ( #1058 ) ) GLOBAL_UNIT_ASSIGNED_CONTEXT ( ( #2052, #4366, #2100 ) ) REPRESENTATION_CONTEXT ( 'NONE', 'WORKASPACE' ) );
#3991 = CARTESIAN_POINT ( 'NONE',  ( 0.3906049679487177406, -0.5429487179279950393, 0.8001000000000000334 ) ) ;
#3992 = PRESENTATION_LAYER_ASSIGNMENT (  '', '', ( #641 ) ) ;
#3993 = CARTESIAN_POINT ( 'NONE',  ( 0.6406962153223748624, -1.032636359453745767, 0.7999999999999999334 ) ) ;
#3994 = CARTESIAN_POINT ( 'NONE',  ( 0.4326923076923074873, 0.2185897435757000740, 0.8001000000000000334 ) ) ;
#3995 = EDGE_LOOP ( 'NONE', ( #6078, #904, #3339, #9001 ) ) ;
#3996 = EDGE_CURVE ( 'NONE', #8444, #1645, #391, .T. ) ;
#3997 = PRESENTATION_STYLE_ASSIGNMENT (( #2439 ) ) ;
#3998 = STYLED_ITEM ( 'NONE', ( #8465 ), #9083 ) ;
#3999 = EDGE_CURVE ( 'NONE', #3215, #5979, #1961, .T. ) ;
#4000 = CARTESIAN_POINT ( 'NONE',  ( 5.849999999999997868, 1.700000000000000178, -3.100000000000000089 ) ) ;
#4001 = CARTESIAN_POINT ( 'NONE',  ( -0.2649473301836391403, -0.07157929713732877341, 0.8000000000000000444 ) ) ;
#4002 = MECHANICAL_DESIGN_GEOMETRIC_PRESENTATION_REPRESENTATION (  '', ( #7648 ), #7481 ) ;
#4003 = CARTESIAN_POINT ( 'NONE',  ( 0.4995875112063866696, 0.2082469339453772161, 0.8000000000000000444 ) ) ;
#4004 = CARTESIAN_POINT ( 'NONE',  ( 0.6371794871794869142, 1.444851762805495765, 0.8001000000000000334 ) ) ;
#4005 = DIRECTION ( 'NONE',  ( -0.000000000000000000, -0.000000000000000000, 1.000000000000000000 ) ) ;
#4006 = SURFACE_STYLE_USAGE ( .BOTH. , #6933 ) ;
#4007 = AXIS2_PLACEMENT_3D ( 'NONE', #9355, #3243, #4081 ) ;
#4008 = EDGE_LOOP ( 'NONE', ( #7420, #2519, #8155, #8310 ) ) ;
#4009 = VERTEX_POINT ( 'NONE', #1221 ) ;
#4010 = COLOUR_RGB ( '',0.7921568627450980005, 0.7921568627450980005, 0.7921568627450980005 ) ;
#4011 = FACE_OUTER_BOUND ( 'NONE', #4562, .T. ) ;
#4012 = EDGE_LOOP ( 'NONE', ( #4141, #7969, #5384, #8807 ) ) ;
#4013 = FILL_AREA_STYLE ('',( #953 ) ) ;
#4014 = SURFACE_SIDE_STYLE ('',( #1607 ) ) ;
#4015 = CIRCLE ( 'NONE', #5139, 0.4999999999999995559 ) ;
#4016 = DIRECTION ( 'NONE',  ( -0.000000000000000000, -0.000000000000000000, 1.000000000000000000 ) ) ;
#4017 = CARTESIAN_POINT ( 'NONE',  ( 0.3864182692307689959, -0.6416666666459438506, 0.8000000000000000444 ) ) ;
#4018 = LINE ( 'NONE', #7038, #5034 ) ;
#4019 = EDGE_CURVE ( 'NONE', #1343, #4646, #1180, .T. ) ;
#4020 = EDGE_LOOP ( 'NONE', ( #4264, #8739, #8691, #7994 ) ) ;
#4021 = ORIENTED_EDGE ( 'NONE', *, *, #275, .T. ) ;
#4022 = CARTESIAN_POINT ( 'NONE',  ( 0.08139606021279428838, -0.04061638770891411870, 0.8001000000000001444 ) ) ;
#4023 = DIRECTION ( 'NONE',  ( 0.000000000000000000, -0.000000000000000000, -1.000000000000000000 ) ) ;
#4024 = CARTESIAN_POINT ( 'NONE',  ( -0.2298582140490801895, 1.596889910809807134, 0.8000999999999998114 ) ) ;
#4025 = CARTESIAN_POINT ( 'NONE',  ( -0.1054425868264756705, 1.905361045579040624, 0.8000999999999999224 ) ) ;
#4026 = SURFACE_SIDE_STYLE ('',( #2568 ) ) ;
#4027 = VECTOR ( 'NONE', #7915, 1000.000000000000000 ) ;
#4028 = CARTESIAN_POINT ( 'NONE',  ( 0.6266116221646264028, 0.1003308612089865992, 0.8000000000000001554 ) ) ;
#4029 = ORIENTED_EDGE ( 'NONE', *, *, #4945, .T. ) ;
#4030 =( NAMED_UNIT ( * ) PLANE_ANGLE_UNIT ( ) SI_UNIT ( $, .RADIAN. ) );
#4031 =( NAMED_UNIT ( * ) SI_UNIT ( $, .STERADIAN. ) SOLID_ANGLE_UNIT ( ) );
#4032 = CARTESIAN_POINT ( 'NONE',  ( -0.09240785256410283255, 0.2608974358833923701, 0.8001000000000000334 ) ) ;
#4033 = CARTESIAN_POINT ( 'NONE',  ( 0.7571411782385009115, -1.050119763519729910, 0.8000999999999999224 ) ) ;
#4034 = B_SPLINE_CURVE_WITH_KNOTS ( 'NONE', 3,
 ( #1395, #7477, #2952, #5519, #3211, #992, #4708, #7072, #2446, #849, #6977 ),
 .UNSPECIFIED., .F., .F.,
 ( 4, 1, 1, 1, 1, 1, 1, 1, 4 ),
 ( 0.000000000000000000, 0.1719006646132693328, 0.3306279320958803725, 0.4755488358809178417, 0.6067461903123622102, 0.7250238034674896248, 0.8297423869584561462, 0.9213228203439747244, 1.000000000000000000 ),
 .UNSPECIFIED. ) ;
#4035 = EDGE_CURVE ( 'NONE', #8843, #8524, #8385, .T. ) ;
#4036 = DIRECTION ( 'NONE',  ( 0.000000000000000000, 0.000000000000000000, 1.000000000000000000 ) ) ;
#4037 = LINE ( 'NONE', #4795, #4920 ) ;
#4038 = ORIENTED_EDGE ( 'NONE', *, *, #2518, .T. ) ;
#4039 = CARTESIAN_POINT ( 'NONE',  ( 0.1752625089553526971, -1.081403257267133933, 0.8000000000000000444 ) ) ;
#4040 = CARTESIAN_POINT ( 'NONE',  ( -0.1575802338243592060, -0.2577974077628308880, 0.8001000000000002554 ) ) ;
#4041 = DIRECTION ( 'NONE',  ( -0.7071067811865444641, -0.000000000000000000, -0.7071067811865505703 ) ) ;
#4042 = DIRECTION ( 'NONE',  ( 0.000000000000000000, 0.000000000000000000, -1.000000000000000000 ) ) ;
#4043 = SURFACE_STYLE_FILL_AREA ( #107 ) ;
#4044 = PRESENTATION_STYLE_ASSIGNMENT (( #2396 ) ) ;
#4045 = FILL_AREA_STYLE ('',( #3854 ) ) ;
#4046 = EDGE_CURVE ( 'NONE', #6146, #9789, #4624, .T. ) ;
#4047 = VECTOR ( 'NONE', #6938, 1000.000000000000000 ) ;
#4048 = ORIENTED_EDGE ( 'NONE', *, *, #5096, .F. ) ;
#4049 = ORIENTED_EDGE ( 'NONE', *, *, #6453, .F. ) ;
#4050 = EDGE_LOOP ( 'NONE', ( #2176, #4658, #4399, #4816 ) ) ;
#4051 = DIRECTION ( 'NONE',  ( 1.000000000000000000, 0.000000000000000000, -0.000000000000000000 ) ) ;
#4052 = COLOUR_RGB ( '',0.9254901960784314152, 0.9254901960784314152, 0.9254901960784314152 ) ;
#4053 = DIRECTION ( 'NONE',  ( 0.000000000000000000, 1.000000000000000000, 0.000000000000000000 ) ) ;
#4054 = FACE_BOUND ( 'NONE', #45, .T. ) ;
#4055 = COLOUR_RGB ( '',0.9254901960784314152, 0.9254901960784314152, 0.9254901960784314152 ) ;
#4056 = DIRECTION ( 'NONE',  ( 0.000000000000000000, -1.000000000000000000, 0.000000000000000000 ) ) ;
#4057 = CARTESIAN_POINT ( 'NONE',  ( 0.4143209350623764942, 0.3170809046340740123, 0.8000999999999999224 ) ) ;
#4058 =( LENGTH_UNIT ( ) NAMED_UNIT ( * ) SI_UNIT ( .MILLI., .METRE. ) );
#4059 = EDGE_CURVE ( 'NONE', #7930, #5322, #9635, .T. ) ;
#4060 = CARTESIAN_POINT ( 'NONE',  ( 0.3822772282342093986, 1.996683044457248091, 0.8001000000000000334 ) ) ;
#4061 = EDGE_LOOP ( 'NONE', ( #6751, #2111, #3352, #9727 ) ) ;
#4062 = AXIS2_PLACEMENT_3D ( 'NONE', #6662, #8597, #2057 ) ;
#4063 = B_SPLINE_CURVE_WITH_KNOTS ( 'NONE', 3,
 ( #9244, #7036, #2456, #220, #1746, #8520, #3275, #4813, #7828, #268, #3324, #9334, #2554, #4160, #1937, #1107, #8840, #1252, #7185 ),
 .UNSPECIFIED., .F., .F.,
 ( 4, 1, 1, 1, 1, 1, 1, 1, 1, 1, 1, 1, 1, 1, 1, 1, 4 ),
 ( 0.000000000000000000, 0.06420430398585547094, 0.1264187998912175703, 0.1876715405934559211, 0.2480408217205966048, 0.3083372847749699663, 0.3696903576340546671, 0.4317250278824263932, 0.4959703750950639201, 0.5597785340178025315, 0.6223130043727442828, 0.6839253612931943671, 0.7451042837219183923, 0.8067492289987205911, 0.8690927171294497988, 0.9332931108680967425, 1.000000000000000000 ),
 .UNSPECIFIED. ) ;
#4064 = ORIENTED_EDGE ( 'NONE', *, *, #8232, .F. ) ;
#4065 = UNCERTAINTY_MEASURE_WITH_UNIT (LENGTH_MEASURE( 1.000000000000000082E-05 ), #3385, 'distance_accuracy_value', 'NONE');
#4066 = CARTESIAN_POINT ( 'NONE',  ( 0.5744741441616556532, -1.118540637334211496, 0.8001000000000000334 ) ) ;
#4067 = CARTESIAN_POINT ( 'NONE',  ( 0.5332214843649253355, -1.248961033454746739, 0.8000999999999999224 ) ) ;
#4068 = AXIS2_PLACEMENT_3D ( 'NONE', #1056, #4864, #9288 ) ;
#4069 = CARTESIAN_POINT ( 'NONE',  ( -0.2063301282051284991, 1.733954326908059951, 0.8000000000000000444 ) ) ;
#4070 = CARTESIAN_POINT ( 'NONE',  ( 0.4995875112063866696, 0.2082469339453772161, 0.8000000000000004885 ) ) ;
#4071 =( NAMED_UNIT ( * ) SI_UNIT ( $, .STERADIAN. ) SOLID_ANGLE_UNIT ( ) );
#4072 = ORIENTED_EDGE ( 'NONE', *, *, #9659, .F. ) ;
#4073 = UNCERTAINTY_MEASURE_WITH_UNIT (LENGTH_MEASURE( 1.000000000000000082E-05 ), #3330, 'distance_accuracy_value', 'NONE');
#4074 = VERTEX_POINT ( 'NONE', #1417 ) ;
#4075 = SURFACE_SIDE_STYLE ('',( #1764 ) ) ;
#4076 = VECTOR ( 'NONE', #4285, 1000.000000000000114 ) ;
#4077 = CARTESIAN_POINT ( 'NONE',  ( 0.6510663551337245725, -0.1631953600982404551, 0.8000999999999998114 ) ) ;
#4078 = FILL_AREA_STYLE ('',( #1911 ) ) ;
#4079 = EDGE_CURVE ( 'NONE', #3069, #3758, #2213, .T. ) ;
#4080 = CARTESIAN_POINT ( 'NONE',  ( 4.849999999999996980, -1.699999999999999734, 1.200000000000002620 ) ) ;
#4081 = DIRECTION ( 'NONE',  ( 1.239088197126291458E-15, 1.000000000000000000, 0.000000000000000000 ) ) ;
#4082 = DIRECTION ( 'NONE',  ( 1.239088197126291458E-15, 1.000000000000000000, 0.000000000000000000 ) ) ;
#4083 = SURFACE_STYLE_USAGE ( .BOTH. , #345 ) ;
#4084 = VECTOR ( 'NONE', #5927, 1000.000000000000000 ) ;
#4085 = CARTESIAN_POINT ( 'NONE',  ( 0.2280304935797593247, -0.6966715094114248608, 0.8000999999999998114 ) ) ;
#4086 = SURFACE_STYLE_FILL_AREA ( #6382 ) ;
#4087 = LINE ( 'NONE', #9362, #5246 ) ;
#4088 = ORIENTED_EDGE ( 'NONE', *, *, #9659, .T. ) ;
#4089 = LINE ( 'NONE', #248, #7608 ) ;
#4090 = VECTOR ( 'NONE', #2538, 1000.000000000000000 ) ;
#4091 = PLANE ( 'NONE',  #9793 ) ;
#4092 = SURFACE_STYLE_FILL_AREA ( #4802 ) ;
#4093 = CARTESIAN_POINT ( 'NONE',  ( -6.249999999999999112, 4.099999999999999645, -0.8000000000000000444 ) ) ;
#4094 = CARTESIAN_POINT ( 'NONE',  ( 0.2138822115384613198, 2.122435897420880568, 0.8001000000000000334 ) ) ;
#4095 = FILL_AREA_STYLE_COLOUR ( '', #984 ) ;
#4096 = CARTESIAN_POINT ( 'NONE',  ( 0.7595967913564730667, -0.7968127908623571232, 0.8000000000000001554 ) ) ;
#4097 = LINE ( 'NONE', #9372, #233 ) ;
#4098 = ORIENTED_EDGE ( 'NONE', *, *, #9736, .F. ) ;
#4099 = ORIENTED_EDGE ( 'NONE', *, *, #9304, .F. ) ;
#4100 =( NAMED_UNIT ( * ) SI_UNIT ( $, .STERADIAN. ) SOLID_ANGLE_UNIT ( ) );
#4101 = B_SPLINE_CURVE_WITH_KNOTS ( 'NONE', 3,
 ( #5239, #3780, #3733, #1424, #6819, #9016, #6869, #4476, #6081, #6768, #5297, #8299, #879, #3191, #6236, #8493, #4686, #3933, #6958 ),
 .UNSPECIFIED., .F., .F.,
 ( 4, 1, 1, 1, 1, 1, 1, 1, 1, 1, 1, 1, 1, 1, 1, 1, 4 ),
 ( 0.000000000000000000, 0.06690662416583222083, 0.1334803302886845011, 0.2010274204765033212, 0.2716344039337291183, 0.3429051402498357048, 0.4138585693313771574, 0.4859962999893173152, 0.5602463926947398587, 0.5998994981200210797, 0.6440684660542881357, 0.6919037266803907960, 0.7446972984313615651, 0.8014993745281397963, 0.8628629483475627193, 0.9293310848693625559, 1.000000000000000000 ),
 .UNSPECIFIED. ) ;
#4102 = ORIENTED_EDGE ( 'NONE', *, *, #7764, .F. ) ;
#4103 = CARTESIAN_POINT ( 'NONE',  ( 0.03076923076923048297, -0.8891225961331233885, 0.8000000000000002665 ) ) ;
#4104 = EDGE_CURVE ( 'NONE', #8941, #510, #822, .T. ) ;
#4105 = DIRECTION ( 'NONE',  ( -1.000000000000000000, 8.673617379884027583E-16, 0.000000000000000000 ) ) ;
#4106 = FACE_OUTER_BOUND ( 'NONE', #284, .T. ) ;
#4107 = CARTESIAN_POINT ( 'NONE',  ( 0.4704031946172843592, -0.6526467475363433302, 0.8000000000000000444 ) ) ;
#4108 =( LENGTH_UNIT ( ) NAMED_UNIT ( * ) SI_UNIT ( .MILLI., .METRE. ) );
#4109 = FILL_AREA_STYLE ('',( #2409 ) ) ;
#4110 =( NAMED_UNIT ( * ) PLANE_ANGLE_UNIT ( ) SI_UNIT ( $, .RADIAN. ) );
#4111 = CARTESIAN_POINT ( 'NONE',  ( 0.5708249594957610640, 1.844378372313366876, 0.8000000000000003775 ) ) ;
#4112 = ORIENTED_EDGE ( 'NONE', *, *, #1248, .T. ) ;
#4113 = VERTEX_POINT ( 'NONE', #4516 ) ;
#4114 = CARTESIAN_POINT ( 'NONE',  ( 4.849999999999996980, 3.700000000000000622, 2.699999999999997957 ) ) ;
#4115 = EDGE_CURVE ( 'NONE', #7628, #3545, #3876, .T. ) ;
#4116 = EDGE_CURVE ( 'NONE', #2599, #3794, #422, .T. ) ;
#4117 = CARTESIAN_POINT ( 'NONE',  ( 5.849999999999997868, 1.700000000000000178, 2.699999999999997957 ) ) ;
#4118 = STYLED_ITEM ( 'NONE', ( #9414 ), #8305 ) ;
#4119 = MECHANICAL_DESIGN_GEOMETRIC_PRESENTATION_REPRESENTATION (  '', ( #8389 ), #1560 ) ;
#4120 = CARTESIAN_POINT ( 'NONE',  ( 0.7782051282051279939, -0.9265825320305592916, 0.8001000000000000334 ) ) ;
#4121 = CARTESIAN_POINT ( 'NONE',  ( -0.1819661202264915567, 1.798583203915284479, 0.8001000000000001444 ) ) ;
#4122 =( NAMED_UNIT ( * ) SI_UNIT ( $, .STERADIAN. ) SOLID_ANGLE_UNIT ( ) );
#4123 = CARTESIAN_POINT ( 'NONE',  ( -1.749999999999999556, -0.2000000000000005107, 0.8001000000000000334 ) ) ;
#4124 = DIRECTION ( 'NONE',  ( -0.000000000000000000, -0.000000000000000000, -1.000000000000000000 ) ) ;
#4125 = FACE_OUTER_BOUND ( 'NONE', #3673, .T. ) ;
#4126 = VERTEX_POINT ( 'NONE', #7855 ) ;
#4127 = PRESENTATION_LAYER_ASSIGNMENT (  '', '', ( #2194 ) ) ;
#4128 = ADVANCED_FACE ( 'NONE', ( #1636 ), #4695, .T. ) ;
#4129 = CIRCLE ( 'NONE', #4427, 1.650000000000000355 ) ;
#4130 = EDGE_LOOP ( 'NONE', ( #8844, #1212, #7549, #6487 ) ) ;
#4131 = PRESENTATION_STYLE_ASSIGNMENT (( #6285 ) ) ;
#4132 = CARTESIAN_POINT ( 'NONE',  ( 5.049999999999999822, 3.900000000000003020, -9.000000000000001776 ) ) ;
#4133 = CARTESIAN_POINT ( 'NONE',  ( -0.3498609065726967504, 1.461306004337012077, 0.8001000000000000334 ) ) ;
#4134 = LINE ( 'NONE', #773, #3165 ) ;
#4135 = PRESENTATION_STYLE_ASSIGNMENT (( #1078 ) ) ;
#4136 =( GEOMETRIC_REPRESENTATION_CONTEXT ( 3 ) GLOBAL_UNCERTAINTY_ASSIGNED_CONTEXT ( ( #9593 ) ) GLOBAL_UNIT_ASSIGNED_CONTEXT ( ( #6454, #2709, #7887 ) ) REPRESENTATION_CONTEXT ( 'NONE', 'WORKASPACE' ) );
#4137 =( LENGTH_UNIT ( ) NAMED_UNIT ( * ) SI_UNIT ( .MILLI., .METRE. ) );
#4138 = CARTESIAN_POINT ( 'NONE',  ( 0.7498648883245576657, 1.576995078705806019, 0.8000000000000000444 ) ) ;
#4139 = EDGE_CURVE ( 'NONE', #6490, #1986, #7718, .T. ) ;
#4140 = CARTESIAN_POINT ( 'NONE',  ( 0.4019974362027579629, 0.2171462498570680133, 0.8001000000000003665 ) ) ;
#4141 = ORIENTED_EDGE ( 'NONE', *, *, #5407, .T. ) ;
#4142 = CARTESIAN_POINT ( 'NONE',  ( 0.1656093801873188831, -1.049120331324276290, 0.7999999999999999334 ) ) ;
#4143 = CARTESIAN_POINT ( 'NONE',  ( 0.07799115526961382383, 2.110722665422962940, 0.7999999999999997113 ) ) ;
#4144 = DIRECTION ( 'NONE',  ( 0.000000000000000000, -1.000000000000000000, 0.000000000000000000 ) ) ;
#4145 = CARTESIAN_POINT ( 'NONE',  ( 0.4778833076949843828, 0.2140559398384532241, 0.8000000000000001554 ) ) ;
#4146 = CARTESIAN_POINT ( 'NONE',  ( -0.04357092428961714670, 2.073670287652228605, 0.8001000000000002554 ) ) ;
#4147 = CARTESIAN_POINT ( 'NONE',  ( 0.6653846153846152411, -0.06147836539865887684, 0.8000000000000001554 ) ) ;
#4148 = CARTESIAN_POINT ( 'NONE',  ( 0.7583492921457480884, -0.1956975173820976188, 0.8000000000000005995 ) ) ;
#4149 = ORIENTED_EDGE ( 'NONE', *, *, #5615, .T. ) ;
#4150 = VERTEX_POINT ( 'NONE', #936 ) ;
#4151 =( GEOMETRIC_REPRESENTATION_CONTEXT ( 3 ) GLOBAL_UNCERTAINTY_ASSIGNED_CONTEXT ( ( #1564 ) ) GLOBAL_UNIT_ASSIGNED_CONTEXT ( ( #1140, #445, #8777 ) ) REPRESENTATION_CONTEXT ( 'NONE', 'WORKASPACE' ) );
#4152 = ORIENTED_EDGE ( 'NONE', *, *, #7995, .T. ) ;
#4153 = CARTESIAN_POINT ( 'NONE',  ( 0.03667388999076894723, -0.8173907403538450689, 0.8001000000000003665 ) ) ;
#4154 =( NAMED_UNIT ( * ) PLANE_ANGLE_UNIT ( ) SI_UNIT ( $, .RADIAN. ) );
#4155 = DIRECTION ( 'NONE',  ( 1.000000000000000000, 0.000000000000000000, 0.000000000000000000 ) ) ;
#4156 = CARTESIAN_POINT ( 'NONE',  ( 0.4435313997832112110, -0.6462224378047928264, 0.8001000000000001444 ) ) ;
#4157 = AXIS2_PLACEMENT_3D ( 'NONE', #5834, #2065, #5888 ) ;
#4159 = B_SPLINE_CURVE_WITH_KNOTS ( 'NONE', 3,
 ( #8377, #3067, #6802, #1612, #6897, #8329, #6390, #8287, #6221, #6855, #74, #7642, #5609, #9098, #1785 ),
 .UNSPECIFIED., .F., .F.,
 ( 4, 1, 1, 1, 1, 1, 1, 1, 1, 1, 1, 1, 4 ),
 ( 0.000000000000000000, 0.09025424934267661792, 0.1785397915286844328, 0.2660930338538198270, 0.3546309779571731879, 0.4418861533505625827, 0.5257469151636485760, 0.6081136336036366830, 0.6901972728278824576, 0.7708214843303350383, 0.8483261812554109271, 0.9240117400247431778, 0.9999999999999998890 ),
 .UNSPECIFIED. ) ;
#4158 = DIRECTION ( 'NONE',  ( -0.000000000000000000, -0.000000000000000000, -1.000000000000000000 ) ) ;
#4160 = CARTESIAN_POINT ( 'NONE',  ( 0.4960736095813333968, -0.6616520650852760754, 0.7999999999999999334 ) ) ;
#4161 = ADVANCED_FACE ( 'NONE', ( #1822 ), #4745, .F. ) ;
#4162 = ORIENTED_EDGE ( 'NONE', *, *, #7125, .T. ) ;
#4163 = UNCERTAINTY_MEASURE_WITH_UNIT (LENGTH_MEASURE( 1.000000000000000082E-05 ), #8363, 'distance_accuracy_value', 'NONE');
#4164 = VERTEX_POINT ( 'NONE', #4794 ) ;
#4165 = DIRECTION ( 'NONE',  ( -1.000000000000000000, 0.000000000000000000, 0.000000000000000000 ) ) ;
#4166 = CARTESIAN_POINT ( 'NONE',  ( 0.2274786006530231386, 2.122238221774366274, 0.8001000000000000334 ) ) ;
#4167 = LINE ( 'NONE', #3528, #1678 ) ;
#4168 = DIRECTION ( 'NONE',  ( 0.000000000000000000, 0.000000000000000000, 1.000000000000000000 ) ) ;
#4169 = CARTESIAN_POINT ( 'NONE',  ( 0.2280304935797593247, -0.6966715094114248608, 0.7999999999999998224 ) ) ;
#4170 = EDGE_CURVE ( 'NONE', #3081, #5611, #771, .T. ) ;
#4171 = ORIENTED_EDGE ( 'NONE', *, *, #8207, .F. ) ;
#4172 = UNCERTAINTY_MEASURE_WITH_UNIT (LENGTH_MEASURE( 1.000000000000000082E-05 ), #8419, 'distance_accuracy_value', 'NONE');
#4173 = EDGE_CURVE ( 'NONE', #4796, #2854, #6292, .T. ) ;
#4174 = MECHANICAL_DESIGN_GEOMETRIC_PRESENTATION_REPRESENTATION (  '', ( #4983 ), #4664 ) ;
#4175 = ORIENTED_EDGE ( 'NONE', *, *, #3999, .T. ) ;
#4176 = CARTESIAN_POINT ( 'NONE',  ( -0.3103365384615386358, 1.791025641010623781, 0.8000000000000000444 ) ) ;
#4177 = LINE ( 'NONE', #7299, #3270 ) ;
#4178 = CARTESIAN_POINT ( 'NONE',  ( -0.3478883130078150310, 1.552565214062666454, 0.8000000000000001554 ) ) ;
#4179 = CARTESIAN_POINT ( 'NONE',  ( -0.3500000000000002554, -2.933333333335524706, 0.8001000000000000334 ) ) ;
#4180 =( GEOMETRIC_REPRESENTATION_CONTEXT ( 3 ) GLOBAL_UNCERTAINTY_ASSIGNED_CONTEXT ( ( #2259 ) ) GLOBAL_UNIT_ASSIGNED_CONTEXT ( ( #8284, #6747, #8326 ) ) REPRESENTATION_CONTEXT ( 'NONE', 'WORKASPACE' ) );
#4181 = CARTESIAN_POINT ( 'NONE',  ( 0.5196595116561907313, -0.5623802644016349106, 0.8000000000000003775 ) ) ;
#4182 = CARTESIAN_POINT ( 'NONE',  ( 0.4668227291610491103, -0.4275416139553404604, 0.8001000000000000334 ) ) ;
#4183 = CARTESIAN_POINT ( 'NONE',  ( 0.3603928721146316128, -0.6422584416153928055, 0.8001000000000000334 ) ) ;
#4184 = EDGE_CURVE ( 'NONE', #766, #1085, #5552, .T. ) ;
#4185 = CARTESIAN_POINT ( 'NONE',  ( -0.08077714565663135504, 0.2605317358400293104, 0.8001000000000002554 ) ) ;
#4186 = CARTESIAN_POINT ( 'NONE',  ( 0.4224436852899148831, 0.2181077796076306419, 0.8000000000000005995 ) ) ;
#4187 = VERTEX_POINT ( 'NONE', #1030 ) ;
#4188 = CARTESIAN_POINT ( 'NONE',  ( 0.1955195471571517796, -1.137707540152229635, 0.8001000000000001444 ) ) ;
#4189 = CARTESIAN_POINT ( 'NONE',  ( -0.2959020579295525977, 1.828921203568396603, 0.7999999999999998224 ) ) ;
#4190 = DIRECTION ( 'NONE',  ( 0.000000000000000000, 1.000000000000000000, -0.000000000000000000 ) ) ;
#4191 = LINE ( 'NONE', #9458, #8580 ) ;
#4192 = CARTESIAN_POINT ( 'NONE',  ( 0.2498687514600182735, 2.023110551730394668, 0.8001000000000001444 ) ) ;
#4193 = ADVANCED_FACE ( 'NONE', ( #7061 ), #8588, .T. ) ;
#4194 = DIRECTION ( 'NONE',  ( 0.7384398714069611014, 0.6743193281498541802, -0.000000000000000000 ) ) ;
#4195 = CARTESIAN_POINT ( 'NONE',  ( -0.3103365384615386358, 1.791025641010623781, 0.8001000000000000334 ) ) ;
#4196 = DIRECTION ( 'NONE',  ( 1.000000000000000000, 0.000000000000000000, 0.000000000000000000 ) ) ;
#4197 = CARTESIAN_POINT ( 'NONE',  ( -0.09615384615384639511, -0.3878205128345563746, 0.8001000000000000334 ) ) ;
#4198 = CARTESIAN_POINT ( 'NONE',  ( 4.849999999999997868, -1.000000000000000000, -8.799999999999997158 ) ) ;
#4199 = EDGE_LOOP ( 'NONE', ( #8330, #6583, #349, #6024 ) ) ;
#4200 =( GEOMETRIC_REPRESENTATION_CONTEXT ( 3 ) GLOBAL_UNCERTAINTY_ASSIGNED_CONTEXT ( ( #7042 ) ) GLOBAL_UNIT_ASSIGNED_CONTEXT ( ( #788, #8457, #1723 ) ) REPRESENTATION_CONTEXT ( 'NONE', 'WORKASPACE' ) );
#4201 = PRESENTATION_STYLE_ASSIGNMENT (( #903 ) ) ;
#4202 = ORIENTED_EDGE ( 'NONE', *, *, #8294, .T. ) ;
#4203 = CARTESIAN_POINT ( 'NONE',  ( -0.02499261251808280321, 0.1451436875834681284, 0.8000999999999999224 ) ) ;
#4204 =( NAMED_UNIT ( * ) SI_UNIT ( $, .STERADIAN. ) SOLID_ANGLE_UNIT ( ) );
#4205 = FILL_AREA_STYLE ('',( #1154 ) ) ;
#4206 = ADVANCED_FACE ( 'NONE', ( #8677 ), #3637, .F. ) ;
#4207 = LINE ( 'NONE', #5062, #1442 ) ;
#4208 = FILL_AREA_STYLE ('',( #5064 ) ) ;
#4209 = CARTESIAN_POINT ( 'NONE',  ( 0.2498687514600182735, 2.023110551730394668, 0.8000000000000001554 ) ) ;
#4210 = VERTEX_POINT ( 'NONE', #3588 ) ;
#4211 = ORIENTED_EDGE ( 'NONE', *, *, #5714, .T. ) ;
#4212 = PRESENTATION_LAYER_ASSIGNMENT (  '', '', ( #4216 ) ) ;
#4213 = CARTESIAN_POINT ( 'NONE',  ( 0.6650899806807312187, -0.9304937115921274593, 0.8000000000000004885 ) ) ;
#4214 = ADVANCED_FACE ( 'NONE', ( #2830 ), #9653, .T. ) ;
#4215 = CARTESIAN_POINT ( 'NONE',  ( 0.7499999999999997780, 2.956911057675936316, 0.8001000000000000334 ) ) ;
#4216 = STYLED_ITEM ( 'NONE', ( #6547 ), #1699 ) ;
#4217 = SURFACE_STYLE_USAGE ( .BOTH. , #3529 ) ;
#4218 = FILL_AREA_STYLE_COLOUR ( '', #6289 ) ;
#4219 = ORIENTED_EDGE ( 'NONE', *, *, #1680, .F. ) ;
#4220 = ORIENTED_EDGE ( 'NONE', *, *, #8082, .F. ) ;
#4221 = CARTESIAN_POINT ( 'NONE',  ( 0.6526971626211481858, -0.6353529751861081154, 0.8001000000000002554 ) ) ;
#4222 = CARTESIAN_POINT ( 'NONE',  ( -6.399999999999999467, 4.099999999999999645, -0.8001000000000000334 ) ) ;
#4223 = EDGE_CURVE ( 'NONE', #1317, #8346, #4714, .T. ) ;
#4224 = PLANE ( 'NONE',  #5596 ) ;
#4225 = CARTESIAN_POINT ( 'NONE',  ( 0.2136618589743587426, 2.023717948702931757, 0.8001000000000000334 ) ) ;
#4226 = FACE_OUTER_BOUND ( 'NONE', #2806, .T. ) ;
#4227 = CARTESIAN_POINT ( 'NONE',  ( -0.3782051282051285268, -0.06037660257814608106, 0.8000000000000000444 ) ) ;
#4228 = CARTESIAN_POINT ( 'NONE',  ( 0.3864182692307689959, -0.6416666666459438506, 0.8001000000000000334 ) ) ;
#4229 = AXIS2_PLACEMENT_3D ( 'NONE', #1354, #813, #9738 ) ;
#4230 = CARTESIAN_POINT ( 'NONE',  ( -6.750000000000000000, 5.400000000000000355, 0.8000000000000000444 ) ) ;
#4231 = CARTESIAN_POINT ( 'NONE',  ( 0.2017769049618518273, -0.08811064959006326136, 0.8001000000000002554 ) ) ;
#4232 = EDGE_LOOP ( 'NONE', ( #8057, #482, #310, #1500, #4162, #3767, #5398, #1713 ) ) ;
#4233 = LINE ( 'NONE', #6524, #9012 ) ;
#4234 = CARTESIAN_POINT ( 'NONE',  ( 0.1673718316374303017, 2.121770724974571642, 0.8000000000000001554 ) ) ;
#4235 = MECHANICAL_DESIGN_GEOMETRIC_PRESENTATION_REPRESENTATION (  '', ( #8203 ), #9751 ) ;
#4236 = CARTESIAN_POINT ( 'NONE',  ( 4.849999999999997868, 4.400000000000000355, 2.900000000000000355 ) ) ;
#4237 = CARTESIAN_POINT ( 'NONE',  ( 0.3822772282342093986, 1.996683044457248091, 0.8001000000000000334 ) ) ;
#4238 = FACE_OUTER_BOUND ( 'NONE', #9695, .T. ) ;
#4239 = CARTESIAN_POINT ( 'NONE',  ( -0.1803662148770542872, 1.987102716712559669, 0.8000999999999998114 ) ) ;
#4240 = CARTESIAN_POINT ( 'NONE',  ( 0.1752625089553526971, -1.081403257267133933, 0.8000000000000000444 ) ) ;
#4241 = CARTESIAN_POINT ( 'NONE',  ( 0.6961020119404883744, -0.3044539424489167145, 0.8000000000000003775 ) ) ;
#4242 = CARTESIAN_POINT ( 'NONE',  ( 0.5591416651705179985, 0.2899634424482114836, 0.8000000000000001554 ) ) ;
#4243 = ORIENTED_EDGE ( 'NONE', *, *, #7638, .F. ) ;
#4244 = AXIS2_PLACEMENT_3D ( 'NONE', #9758, #9022, #2936 ) ;
#4245 = PLANE ( 'NONE',  #1072 ) ;
#4246 = ORIENTED_EDGE ( 'NONE', *, *, #5813, .F. ) ;
#4247 = CARTESIAN_POINT ( 'NONE',  ( 0.2469669435457627904, -0.5668858523908766323, 0.8000000000000002665 ) ) ;
#4248 = SURFACE_STYLE_USAGE ( .BOTH. , #8605 ) ;
#4249 = PLANE ( 'NONE',  #2098 ) ;
#4250 = PLANE ( 'NONE',  #550 ) ;
#4251 = PRESENTATION_STYLE_ASSIGNMENT (( #2653 ) ) ;
#4252 = ORIENTED_EDGE ( 'NONE', *, *, #1385, .T. ) ;
#4253 = ORIENTED_EDGE ( 'NONE', *, *, #5765, .F. ) ;
#4254 = ADVANCED_FACE ( 'NONE', ( #3543 ), #9507, .T. ) ;
#4255 = MECHANICAL_DESIGN_GEOMETRIC_PRESENTATION_REPRESENTATION (  '', ( #2332 ), #3625 ) ;
#4256 = CARTESIAN_POINT ( 'NONE',  ( -5.100000000000000533, 1.499999999999999112, 0.8001000000000000334 ) ) ;
#4257 = DIRECTION ( 'NONE',  ( -0.000000000000000000, -0.000000000000000000, -1.000000000000000000 ) ) ;
#4258 = FILL_AREA_STYLE ('',( #5808 ) ) ;
#4259 = FILL_AREA_STYLE_COLOUR ( '', #672 ) ;
#4260 = DIRECTION ( 'NONE',  ( -1.000000000000000000, 0.000000000000000000, 0.000000000000000000 ) ) ;
#4261 = DIRECTION ( 'NONE',  ( -1.000000000000000000, 0.000000000000000000, -0.000000000000000000 ) ) ;
#4262 = VERTEX_POINT ( 'NONE', #5043 ) ;
#4263 = UNCERTAINTY_MEASURE_WITH_UNIT (LENGTH_MEASURE( 1.000000000000000082E-05 ), #4309, 'distance_accuracy_value', 'NONE');
#4264 = ORIENTED_EDGE ( 'NONE', *, *, #8572, .T. ) ;
#4265 = PRODUCT_RELATED_PRODUCT_CATEGORY ( 'part', '', ( #1707 ) ) ;
#4266 = MECHANICAL_DESIGN_GEOMETRIC_PRESENTATION_REPRESENTATION (  '', ( #7286 ), #3790 ) ;
#4267 = CARTESIAN_POINT ( 'NONE',  ( 0.7595967913564730667, -0.7968127908623571232, 0.8001000000000001444 ) ) ;
#4268 = PLANE ( 'NONE',  #5112 ) ;
#4269 = CARTESIAN_POINT ( 'NONE',  ( 0.2277644230769228784, 0.2516426281910846829, 0.8001000000000000334 ) ) ;
#4270 = VECTOR ( 'NONE', #6280, 1000.000000000000000 ) ;
#4271 = LINE ( 'NONE', #6611, #1439 ) ;
#4272 =( LENGTH_UNIT ( ) NAMED_UNIT ( * ) SI_UNIT ( .MILLI., .METRE. ) );
#4273 = VECTOR ( 'NONE', #5094, 1000.000000000000000 ) ;
#4274 = CARTESIAN_POINT ( 'NONE',  ( 0.5903225225291075517, -0.5929436368808471691, 0.8000000000000001554 ) ) ;
#4275 = VECTOR ( 'NONE', #7396, 1000.000000000000000 ) ;
#4276 = DIRECTION ( 'NONE',  ( 0.000000000000000000, -0.000000000000000000, -1.000000000000000000 ) ) ;
#4277 = ORIENTED_EDGE ( 'NONE', *, *, #2660, .T. ) ;
#4278 = DIRECTION ( 'NONE',  ( 0.000000000000000000, -0.000000000000000000, -1.000000000000000000 ) ) ;
#4279 = ADVANCED_FACE ( 'NONE', ( #9752 ), #8298, .T. ) ;
#4280 = CARTESIAN_POINT ( 'NONE',  ( 0.1999999999999997613, -0.1198717948858383786, 0.8001000000000000334 ) ) ;
#4281 = EDGE_LOOP ( 'NONE', ( #3187, #6702, #5831, #5949 ) ) ;
#4282 = MECHANICAL_DESIGN_GEOMETRIC_PRESENTATION_REPRESENTATION (  '', ( #7778 ), #4435 ) ;
#4283 = DIRECTION ( 'NONE',  ( 0.000000000000000000, 0.000000000000000000, 1.000000000000000000 ) ) ;
#4284 = CARTESIAN_POINT ( 'NONE',  ( -5.750000000000000000, 1.499999999999999112, -0.8001000000000000334 ) ) ;
#4285 = DIRECTION ( 'NONE',  ( 0.9209995595737976437, 0.3895636164541944058, 0.000000000000000000 ) ) ;
#4286 = CARTESIAN_POINT ( 'NONE',  ( 4.450000000000000178, -3.299999999999999822, 0.8000000000000000444 ) ) ;
#4287 = CARTESIAN_POINT ( 'NONE',  ( 0.1982266631893061792, 2.122211998166222635, 0.8001000000000001444 ) ) ;
#4288 = CARTESIAN_POINT ( 'NONE',  ( 0.6018064471472734933, -0.2499098413536274266, 0.8000000000000001554 ) ) ;
#4289 = VECTOR ( 'NONE', #1257, 1000.000000000000114 ) ;
#4290 = LINE ( 'NONE', #452, #8632 ) ;
#4291 = VERTEX_POINT ( 'NONE', #5344 ) ;
#4292 = CARTESIAN_POINT ( 'NONE',  ( 0.7776702535762992641, -0.04579827361379159439, 0.7999999999999999334 ) ) ;
#4293 = EDGE_CURVE ( 'NONE', #3479, #2037, #2060, .T. ) ;
#4294 = ORIENTED_EDGE ( 'NONE', *, *, #2206, .T. ) ;
#4295 = EDGE_CURVE ( 'NONE', #3174, #5565, #4576, .T. ) ;
#4296 = SURFACE_STYLE_USAGE ( .BOTH. , #7371 ) ;
#4297 = ORIENTED_EDGE ( 'NONE', *, *, #3010, .T. ) ;
#4298 = VECTOR ( 'NONE', #7158, 1000.000000000000000 ) ;
#4299 = PRESENTATION_STYLE_ASSIGNMENT (( #4389 ) ) ;
#4300 = CARTESIAN_POINT ( 'NONE',  ( 0.6546037282070852337, -0.8393306637975868068, 0.8001000000000000334 ) ) ;
#4301 = CARTESIAN_POINT ( 'NONE',  ( 0.6371794871794869142, 1.036538461539389555, 0.8000000000000000444 ) ) ;
#4302 = SURFACE_SIDE_STYLE ('',( #8651 ) ) ;
#4303 = AXIS2_PLACEMENT_3D ( 'NONE', #9057, #3628, #6656 ) ;
#4304 = EDGE_LOOP ( 'NONE', ( #5858, #1750, #792, #6431 ) ) ;
#4305 = AXIS2_PLACEMENT_3D ( 'NONE', #9744, #9008, #2973 ) ;
#4306 = ORIENTED_EDGE ( 'NONE', *, *, #8661, .F. ) ;
#4307 = AXIS2_PLACEMENT_3D ( 'NONE', #4999, #5788, #8011 ) ;
#4308 = CARTESIAN_POINT ( 'NONE',  ( 0.000000000000000000, 0.000000000000000000, 2.900000000000000355 ) ) ;
#4309 =( LENGTH_UNIT ( ) NAMED_UNIT ( * ) SI_UNIT ( .MILLI., .METRE. ) );
#4310 = STYLED_ITEM ( 'NONE', ( #1003 ), #6661 ) ;
#4311 =( NAMED_UNIT ( * ) PLANE_ANGLE_UNIT ( ) SI_UNIT ( $, .RADIAN. ) );
#4312 = ADVANCED_FACE ( 'NONE', ( #7550 ), #5192, .T. ) ;
#4313 = DIRECTION ( 'NONE',  ( 1.000000000000000000, 0.000000000000000000, -0.000000000000000000 ) ) ;
#4314 = LINE ( 'NONE', #7943, #4536 ) ;
#4315 = FACE_OUTER_BOUND ( 'NONE', #5371, .T. ) ;
#4316 = ORIENTED_EDGE ( 'NONE', *, *, #2955, .F. ) ;
#4317 = ORIENTED_EDGE ( 'NONE', *, *, #6399, .T. ) ;
#4318 =( GEOMETRIC_REPRESENTATION_CONTEXT ( 3 ) GLOBAL_UNCERTAINTY_ASSIGNED_CONTEXT ( ( #6463 ) ) GLOBAL_UNIT_ASSIGNED_CONTEXT ( ( #9241, #9144, #5527 ) ) REPRESENTATION_CONTEXT ( 'NONE', 'WORKASPACE' ) );
#4319 = CARTESIAN_POINT ( 'NONE',  ( 0.6266116221646264028, 0.1003308612089865992, 0.8000999999999997003 ) ) ;
#4320 =( NAMED_UNIT ( * ) SI_UNIT ( $, .STERADIAN. ) SOLID_ANGLE_UNIT ( ) );
#4321 = PLANE ( 'NONE',  #7640 ) ;
#4322 = CARTESIAN_POINT ( 'NONE',  ( 0.4173760374542860863, -0.5435735264429535363, 0.8000000000000003775 ) ) ;
#4323 = EDGE_CURVE ( 'NONE', #6146, #1858, #5237, .T. ) ;
#4324 = PRESENTATION_STYLE_ASSIGNMENT (( #434 ) ) ;
#4325 = VECTOR ( 'NONE', #4533, 1000.000000000000000 ) ;
#4326 = CARTESIAN_POINT ( 'NONE',  ( 0.7663883561444874148, -0.8211274673813989677, 0.8000000000000001554 ) ) ;
#4327 = DIRECTION ( 'NONE',  ( 0.7071067811865453523, -8.761676666762115111E-16, -0.7071067811865496822 ) ) ;
#4328 = ORIENTED_EDGE ( 'NONE', *, *, #97, .T. ) ;
#4329 = CARTESIAN_POINT ( 'NONE',  ( -0.2063301282051284991, 1.733954326908059951, 0.8000000000000000444 ) ) ;
#4330 = ORIENTED_EDGE ( 'NONE', *, *, #9322, .T. ) ;
#4331 =( LENGTH_UNIT ( ) NAMED_UNIT ( * ) SI_UNIT ( .MILLI., .METRE. ) );
#4332 = FILL_AREA_STYLE_COLOUR ( '', #8722 ) ;
#4333 = CARTESIAN_POINT ( 'NONE',  ( 4.099999999999997868, -5.249999999999999112, -3.100000000000000089 ) ) ;
#4334 = EDGE_CURVE ( 'NONE', #4538, #3390, #8963, .T. ) ;
#4335 = PLANE ( 'NONE',  #8666 ) ;
#4336 =( NAMED_UNIT ( * ) PLANE_ANGLE_UNIT ( ) SI_UNIT ( $, .RADIAN. ) );
#4337 = DIRECTION ( 'NONE',  ( -0.000000000000000000, -0.000000000000000000, -1.000000000000000000 ) ) ;
#4338 = CARTESIAN_POINT ( 'NONE',  ( 0.2116197669435523343, -0.003879115727481892255, 0.8000000000000000444 ) ) ;
#4339 = STYLED_ITEM ( 'NONE', ( #517 ), #7635 ) ;
#4340 = CARTESIAN_POINT ( 'NONE',  ( 0.7782051282051279939, -0.06324118591147942503, 0.8000000000000003775 ) ) ;
#4341 = CARTESIAN_POINT ( 'NONE',  ( 0.7329666094843376722, 0.1307787135552500313, 0.8000000000000001554 ) ) ;
#4342 = ORIENTED_EDGE ( 'NONE', *, *, #3679, .T. ) ;
#4343 = LINE ( 'NONE', #8218, #5076 ) ;
#4344 = ORIENTED_EDGE ( 'NONE', *, *, #7936, .F. ) ;
#4345 = CARTESIAN_POINT ( 'NONE',  ( 0.08725903329726257540, -0.6925631263524052450, 0.8000000000000004885 ) ) ;
#4346 = EDGE_CURVE ( 'NONE', #261, #6146, #2218, .T. ) ;
#4347 = CARTESIAN_POINT ( 'NONE',  ( -0.1277550811994200008, 1.881405547755751417, 0.8000000000000002665 ) ) ;
#4348 = CARTESIAN_POINT ( 'NONE',  ( -0.1072269125461082495, -0.3851460826205282961, 0.8001000000000002554 ) ) ;
#4349 = CARTESIAN_POINT ( 'NONE',  ( 0.7500000000000002220, 3.088461538445167687, 0.8000000000000000444 ) ) ;
#4350 = LINE ( 'NONE', #4301, #3702 ) ;
#4351 = CARTESIAN_POINT ( 'NONE',  ( 4.849999999999996980, -4.399999999999999467, 2.699999999999997957 ) ) ;
#4352 = CARTESIAN_POINT ( 'NONE',  ( 0.7499999999999997780, -1.360897435889189655, 0.8001000000000000334 ) ) ;
#4353 = EDGE_LOOP ( 'NONE', ( #4700, #7859, #9326, #7408 ) ) ;
#4354 = VERTEX_POINT ( 'NONE', #139 ) ;
#4355 = UNCERTAINTY_MEASURE_WITH_UNIT (LENGTH_MEASURE( 1.000000000000000082E-05 ), #825, 'distance_accuracy_value', 'NONE');
#4356 = VECTOR ( 'NONE', #5838, 1000.000000000000000 ) ;
#4357 = DIRECTION ( 'NONE',  ( 1.000000000000000000, 0.000000000000000000, 0.000000000000000000 ) ) ;
#4358 = EDGE_CURVE ( 'NONE', #6754, #5544, #3980, .T. ) ;
#4359 = FILL_AREA_STYLE ('',( #6455 ) ) ;
#4360 =( NAMED_UNIT ( * ) SI_UNIT ( $, .STERADIAN. ) SOLID_ANGLE_UNIT ( ) );
#4361 = CARTESIAN_POINT ( 'NONE',  ( -4.400000000000000355, 4.549999999999998934, 0.8001000000000000334 ) ) ;
#4362 =( LENGTH_UNIT ( ) NAMED_UNIT ( * ) SI_UNIT ( .MILLI., .METRE. ) );
#4363 = ORIENTED_EDGE ( 'NONE', *, *, #7983, .T. ) ;
#4364 = STYLED_ITEM ( 'NONE', ( #573 ), #375 ) ;
#4365 = ORIENTED_EDGE ( 'NONE', *, *, #2442, .T. ) ;
#4366 =( NAMED_UNIT ( * ) PLANE_ANGLE_UNIT ( ) SI_UNIT ( $, .RADIAN. ) );
#4367 = CARTESIAN_POINT ( 'NONE',  ( -0.3283355207383134577, 1.727262952868105161, 0.7999999999999999334 ) ) ;
#4368 = STYLED_ITEM ( 'NONE', ( #7187 ), #1670 ) ;
#4369 = CARTESIAN_POINT ( 'NONE',  ( -0.2254399731113726213, 1.637086959731255398, 0.8001000000000002554 ) ) ;
#4370 =( NAMED_UNIT ( * ) SI_UNIT ( $, .STERADIAN. ) SOLID_ANGLE_UNIT ( ) );
#4371 = CARTESIAN_POINT ( 'NONE',  ( 0.4697045857708389005, -0.5497581024278143103, 0.8000000000000000444 ) ) ;
#4372 =( NAMED_UNIT ( * ) PLANE_ANGLE_UNIT ( ) SI_UNIT ( $, .RADIAN. ) );
#4373 = VERTEX_POINT ( 'NONE', #3932 ) ;
#4374 = CARTESIAN_POINT ( 'NONE',  ( 0.2044027747038919263, -0.05783369559343533306, 0.8000999999999999224 ) ) ;
#4375 = ORIENTED_EDGE ( 'NONE', *, *, #7014, .F. ) ;
#4376 = EDGE_CURVE ( 'NONE', #9770, #5124, #1715, .T. ) ;
#4377 = LINE ( 'NONE', #3642, #2855 ) ;
#4378 = DIRECTION ( 'NONE',  ( 1.000000000000000000, 0.000000000000000000, 0.000000000000000000 ) ) ;
#4379 = DIRECTION ( 'NONE',  ( -0.000000000000000000, -0.000000000000000000, 1.000000000000000000 ) ) ;
#4380 = CARTESIAN_POINT ( 'NONE',  ( 6.249999999999996447, -4.799999999999999822, 0.8000000000000000444 ) ) ;
#4381 = PLANE ( 'NONE',  #5928 ) ;
#4382 = AXIS2_PLACEMENT_3D ( 'NONE', #2200, #9097, #8190 ) ;
#4383 = CARTESIAN_POINT ( 'NONE',  ( -0.2371794871794874193, 1.318589743574726469, 0.8000000000000000444 ) ) ;
#4384 = CARTESIAN_POINT ( 'NONE',  ( 0.3719049514150367108, 0.2098358550860248972, 0.8000000000000000444 ) ) ;
#4385 = CARTESIAN_POINT ( 'NONE',  ( -0.3225363364694023294, -0.2465378426601144979, 0.8000999999999999224 ) ) ;
#4386 = DIRECTION ( 'NONE',  ( -0.3895636164541944613, 0.9209995595737977547, 0.000000000000000000 ) ) ;
#4387 = VERTEX_POINT ( 'NONE', #3133 ) ;
#4388 = ORIENTED_EDGE ( 'NONE', *, *, #599, .T. ) ;
#4389 = SURFACE_STYLE_USAGE ( .BOTH. , #1334 ) ;
#4390 = CARTESIAN_POINT ( 'NONE',  ( -1.750000000000000222, 4.399999999999999467, 2.000000000000000000 ) ) ;
#4391 = CARTESIAN_POINT ( 'NONE',  ( 0.06852559427658339031, 2.005017572536087034, 0.8000999999999999224 ) ) ;
#4392 = CARTESIAN_POINT ( 'NONE',  ( -0.3500000000000002554, 1.219871794856777880, 0.8000000000000000444 ) ) ;
#4393 = DIRECTION ( 'NONE',  ( -1.239088197126290669E-15, -1.000000000000000000, -0.000000000000000000 ) ) ;
#4394 = CARTESIAN_POINT ( 'NONE',  ( -3.950000000000000178, -2.500000000000000444, 0.8001000000000000334 ) ) ;
#4395 = VECTOR ( 'NONE', #3726, 1000.000000000000000 ) ;
#4396 = DIRECTION ( 'NONE',  ( 1.000000000000000000, 0.000000000000000000, 0.000000000000000000 ) ) ;
#4397 = VERTEX_POINT ( 'NONE', #9352 ) ;
#4398 = DIRECTION ( 'NONE',  ( -0.6929516293246060776, 0.7209840770893444217, 0.000000000000000000 ) ) ;
#4399 = ORIENTED_EDGE ( 'NONE', *, *, #3384, .F. ) ;
#4400 = EDGE_CURVE ( 'NONE', #6985, #8474, #2523, .T. ) ;
#4401 = CARTESIAN_POINT ( 'NONE',  ( 0.1435897435897433294, -0.9069711538254310312, 0.8001000000000000334 ) ) ;
#4402 = SURFACE_STYLE_USAGE ( .BOTH. , #8235 ) ;
#4403 = FACE_OUTER_BOUND ( 'NONE', #5143, .T. ) ;
#4404 = FILL_AREA_STYLE_COLOUR ( '', #6928 ) ;
#4405 = ORIENTED_EDGE ( 'NONE', *, *, #3570, .T. ) ;
#4406 = VERTEX_POINT ( 'NONE', #5589 ) ;
#4407 = ADVANCED_FACE ( 'NONE', ( #6329 ), #925, .T. ) ;
#4408 = EDGE_CURVE ( 'NONE', #4646, #3278, #4829, .T. ) ;
#4409 = COLOUR_RGB ( '',0.9254901960784314152, 0.9254901960784314152, 0.9254901960784314152 ) ;
#4410 = FILL_AREA_STYLE_COLOUR ( '', #6033 ) ;
#4411 = CARTESIAN_POINT ( 'NONE',  ( -4.400000000000000355, -0.3500000000000004774, 0.8000000000000000444 ) ) ;
#4412 = B_SPLINE_SURFACE_WITH_KNOTS ( 'NONE', 3, 1, ( 
 ( #6034, #9023 ),
 ( #4640, #2279 ),
 ( #785, #3841 ),
 ( #3938, #2528 ),
 ( #6426, #9405 ),
 ( #7161, #2433 ),
 ( #3348, #6243 ),
 ( #6965, #3245 ),
 ( #2625, #1722 ),
 ( #6380, #9221 ),
 ( #8499, #293 ) ),
 .UNSPECIFIED., .F., .F., .F.,
 ( 4, 1, 1, 1, 1, 1, 1, 1, 4 ),
 ( 2, 2 ),
 ( 0.000000000000000000, 0.1281355097972548263, 0.2541727119019793757, 0.3781116451390017508, 0.5017122630072845535, 0.6239863093684847595, 0.7470956136177412388, 0.8728746366500622633, 1.000000000000000000 ),
 ( 0.000000000000000000, 1.000000000000000000 ),
 .UNSPECIFIED. ) ;
#4413 = CARTESIAN_POINT ( 'NONE',  ( 4.849999999999997868, -3.699999999999999289, -8.799999999999997158 ) ) ;
#4414 = CARTESIAN_POINT ( 'NONE',  ( 4.849999999999996980, 3.700000000000001066, 1.200000000000002620 ) ) ;
#4415 = CARTESIAN_POINT ( 'NONE',  ( 0.6905539622604964789, 1.872033328284488540, 0.8000000000000000444 ) ) ;
#4416 = CARTESIAN_POINT ( 'NONE',  ( 0.6413096428413780359, 0.2407517430984549844, 0.7999999999999998224 ) ) ;
#4417 = ORIENTED_EDGE ( 'NONE', *, *, #3847, .F. ) ;
#4418 =( NAMED_UNIT ( * ) SI_UNIT ( $, .STERADIAN. ) SOLID_ANGLE_UNIT ( ) );
#4419 = CARTESIAN_POINT ( 'NONE',  ( -0.1819661202264915567, 1.798583203915284479, 0.8000000000000001554 ) ) ;
#4420 = ORIENTED_EDGE ( 'NONE', *, *, #6160, .F. ) ;
#4421 = CARTESIAN_POINT ( 'NONE',  ( -0.2646751006253639238, -0.3094808903342153306, 0.8000000000000002665 ) ) ;
#4422 = VECTOR ( 'NONE', #3630, 1000.000000000000000 ) ;
#4423 = CARTESIAN_POINT ( 'NONE',  ( 5.849999999999997868, 0.000000000000000000, -3.100000000000000089 ) ) ;
#4424 = CARTESIAN_POINT ( 'NONE',  ( -4.249999999999999112, -0.2000000000000005107, 0.8001000000000000334 ) ) ;
#4425 = LINE ( 'NONE', #7459, #2224 ) ;
#4426 = LINE ( 'NONE', #4531, #5215 ) ;
#4427 = AXIS2_PLACEMENT_3D ( 'NONE', #7670, #837, #9007 ) ;
#4428 = LINE ( 'NONE', #6621, #8059 ) ;
#4429 = FILL_AREA_STYLE_COLOUR ( '', #667 ) ;
#4430 = DIRECTION ( 'NONE',  ( -0.000000000000000000, -0.000000000000000000, -1.000000000000000000 ) ) ;
#4431 = CARTESIAN_POINT ( 'NONE',  ( -5.750000000000000000, 1.499999999999999112, -0.8000000000000000444 ) ) ;
#4432 = ADVANCED_FACE ( 'NONE', ( #8446 ), #1813, .T. ) ;
#4433 = PLANE ( 'NONE',  #5725 ) ;
#4434 = VERTEX_POINT ( 'NONE', #4932 ) ;
#4435 =( GEOMETRIC_REPRESENTATION_CONTEXT ( 3 ) GLOBAL_UNCERTAINTY_ASSIGNED_CONTEXT ( ( #1069 ) ) GLOBAL_UNIT_ASSIGNED_CONTEXT ( ( #891, #3099, #6147 ) ) REPRESENTATION_CONTEXT ( 'NONE', 'WORKASPACE' ) );
#4436 = SURFACE_STYLE_USAGE ( .BOTH. , #7469 ) ;
#4437 = STYLED_ITEM ( 'NONE', ( #6263 ), #4561 ) ;
#4438 = ORIENTED_EDGE ( 'NONE', *, *, #8163, .F. ) ;
#4439 = FILL_AREA_STYLE ('',( #8220 ) ) ;
#4440 = FILL_AREA_STYLE ('',( #796 ) ) ;
#4441 = CARTESIAN_POINT ( 'NONE',  ( 0.2136618589743587426, 2.023717948702931757, 0.8001000000000000334 ) ) ;
#4442 = CARTESIAN_POINT ( 'NONE',  ( -0.09615384615384639511, -0.3878205128345563746, 0.8001000000000000334 ) ) ;
#4443 =( GEOMETRIC_REPRESENTATION_CONTEXT ( 3 ) GLOBAL_UNCERTAINTY_ASSIGNED_CONTEXT ( ( #7345 ) ) GLOBAL_UNIT_ASSIGNED_CONTEXT ( ( #9484, #5023, #1114 ) ) REPRESENTATION_CONTEXT ( 'NONE', 'WORKASPACE' ) );
#4444 = DIRECTION ( 'NONE',  ( 1.000000000000000000, 0.000000000000000000, -0.000000000000000000 ) ) ;
#4445 = CARTESIAN_POINT ( 'NONE',  ( -0.2653846153846156630, -0.05905448719353069420, 0.8001000000000000334 ) ) ;
#4446 = CARTESIAN_POINT ( 'NONE',  ( 4.849999999999997868, 1.700000000000000178, 1.200000000000002620 ) ) ;
#4447 = ORIENTED_EDGE ( 'NONE', *, *, #2755, .F. ) ;
#4448 = CARTESIAN_POINT ( 'NONE',  ( -0.1267757594189378167, 0.1584753810993484724, 0.8000999999999998114 ) ) ;
#4449 = VERTEX_POINT ( 'NONE', #8668 ) ;
#4450 = MECHANICAL_DESIGN_GEOMETRIC_PRESENTATION_REPRESENTATION (  '', ( #5115 ), #480 ) ;
#4451 = CARTESIAN_POINT ( 'NONE',  ( 0.06889022435897415586, 2.446794871778500635, 0.8000000000000000444 ) ) ;
#4452 = VECTOR ( 'NONE', #2697, 1000.000000000000000 ) ;
#4453 = DIRECTION ( 'NONE',  ( 0.000000000000000000, -0.000000000000000000, 1.000000000000000000 ) ) ;
#4454 = EDGE_CURVE ( 'NONE', #2459, #7111, #3614, .T. ) ;
#4455 = CARTESIAN_POINT ( 'NONE',  ( -0.09615384615384639511, -0.2891025641166076743, 0.8001000000000000334 ) ) ;
#4456 = COLOUR_RGB ( '',0.2509803921568627416, 0.2509803921568627416, 0.2509803921568627416 ) ;
#4457 = DIRECTION ( 'NONE',  ( 1.000000000000000000, 0.000000000000000000, -0.000000000000000000 ) ) ;
#4458 = DIRECTION ( 'NONE',  ( -0.9209995595737978658, 0.3895636164541939617, 0.000000000000000000 ) ) ;
#4459 = EDGE_LOOP ( 'NONE', ( #1110, #469, #2188, #7039 ) ) ;
#4460 = ORIENTED_EDGE ( 'NONE', *, *, #9258, .T. ) ;
#4461 = PRESENTATION_LAYER_ASSIGNMENT (  '', '', ( #1744 ) ) ;
#4462 = PRESENTATION_LAYER_ASSIGNMENT (  '', '', ( #5127 ) ) ;
#4463 = PLANE ( 'NONE',  #8087 ) ;
#4464 = EDGE_CURVE ( 'NONE', #5802, #9730, #9683, .T. ) ;
#4465 = CARTESIAN_POINT ( 'NONE',  ( -0.3203563814745485350, 1.760719340637038277, 0.8001000000000001444 ) ) ;
#4466 = CARTESIAN_POINT ( 'NONE',  ( -0.2145494073147232450, 0.09953295520226643212, 0.8000000000000000444 ) ) ;
#4467 = CARTESIAN_POINT ( 'NONE',  ( 0.7173050163589189676, -0.7079053664253148748, 0.8001000000000000334 ) ) ;
#4468 = EDGE_CURVE ( 'NONE', #5614, #6795, #2088, .T. ) ;
#4469 = CARTESIAN_POINT ( 'NONE',  ( 0.7465974734936925428, 1.654485508292443674, 0.8000000000000001554 ) ) ;
#4470 = ADVANCED_FACE ( 'NONE', ( #6693 ), #2909, .T. ) ;
#4471 = CARTESIAN_POINT ( 'NONE',  ( 0.6651910451640874467, -0.05118440742346813677, 0.8000999999999999224 ) ) ;
#4472 =( NAMED_UNIT ( * ) PLANE_ANGLE_UNIT ( ) SI_UNIT ( $, .RADIAN. ) );
#4473 = ORIENTED_EDGE ( 'NONE', *, *, #9304, .T. ) ;
#4474 = COLOUR_RGB ( '',0.9254901960784314152, 0.9254901960784314152, 0.9254901960784314152 ) ;
#4475 = FILL_AREA_STYLE_COLOUR ( '', #465 ) ;
#4476 = CARTESIAN_POINT ( 'NONE',  ( 0.2674889593226089657, 0.1363840756189511894, 0.8000999999999998114 ) ) ;
#4477 = ORIENTED_EDGE ( 'NONE', *, *, #5714, .F. ) ;
#4478 = LINE ( 'NONE', #4423, #2696 ) ;
#4479 = DIRECTION ( 'NONE',  ( -1.239088197126291458E-15, -1.000000000000000000, 0.000000000000000000 ) ) ;
#4480 = LINE ( 'NONE', #5939, #17 ) ;
#4481 = SURFACE_STYLE_FILL_AREA ( #1431 ) ;
#4482 = EDGE_CURVE ( 'NONE', #6352, #1968, #5909, .T. ) ;
#4483 = FACE_OUTER_BOUND ( 'NONE', #9385, .T. ) ;
#4484 = CARTESIAN_POINT ( 'NONE',  ( 0.2138822115384613198, 2.122435897420880568, 0.8000000000000001554 ) ) ;
#4485 = DIRECTION ( 'NONE',  ( 1.000000000000000000, 0.000000000000000000, 0.000000000000000000 ) ) ;
#4486 = ORIENTED_EDGE ( 'NONE', *, *, #5313, .F. ) ;
#4487 = CARTESIAN_POINT ( 'NONE',  ( 0.6426266974334300386, -0.1856211527480684242, 0.8000000000000003775 ) ) ;
#4488 = ORIENTED_EDGE ( 'NONE', *, *, #5524, .T. ) ;
#4489 = MECHANICAL_DESIGN_GEOMETRIC_PRESENTATION_REPRESENTATION (  '', ( #190 ), #40 ) ;
#4490 = FILL_AREA_STYLE_COLOUR ( '', #3168 ) ;
#4491 = ORIENTED_EDGE ( 'NONE', *, *, #2869, .F. ) ;
#4492 = VERTEX_POINT ( 'NONE', #6004 ) ;
#4493 = SURFACE_STYLE_FILL_AREA ( #4440 ) ;
#4494 = CARTESIAN_POINT ( 'NONE',  ( 0.6266116221646264028, 0.1003308612089865992, 0.7999999999999997113 ) ) ;
#4495 =( LENGTH_UNIT ( ) NAMED_UNIT ( * ) SI_UNIT ( .MILLI., .METRE. ) );
#4496 = LINE ( 'NONE', #6688, #3252 ) ;
#4497 = DIRECTION ( 'NONE',  ( 0.000000000000000000, 0.000000000000000000, -1.000000000000000000 ) ) ;
#4498 = ORIENTED_EDGE ( 'NONE', *, *, #7935, .T. ) ;
#4499 = ORIENTED_EDGE ( 'NONE', *, *, #4464, .T. ) ;
#4500 = ORIENTED_EDGE ( 'NONE', *, *, #176, .F. ) ;
#4501 = CARTESIAN_POINT ( 'NONE',  ( 0.6876290736306338580, -0.6694460261351063979, 0.8000999999999998114 ) ) ;
#4502 = EDGE_CURVE ( 'NONE', #902, #8939, #6465, .T. ) ;
#4503 = CARTESIAN_POINT ( 'NONE',  ( 3.366666666666686236, -3.183333333333317583, -7.316666666666666430 ) ) ;
#4504 = LINE ( 'NONE', #8374, #2712 ) ;
#4505 = CARTESIAN_POINT ( 'NONE',  ( 0.7499999999999997780, -2.573717948720140036, 0.8001000000000000334 ) ) ;
#4506 = PRESENTATION_STYLE_ASSIGNMENT (( #623 ) ) ;
#4507 = CARTESIAN_POINT ( 'NONE',  ( -0.02479090086765797438, 0.2537398101426576735, 0.7999999999999996003 ) ) ;
#4508 = ORIENTED_EDGE ( 'NONE', *, *, #8612, .F. ) ;
#4509 = VERTEX_POINT ( 'NONE', #4176 ) ;
#4510 = EDGE_CURVE ( 'NONE', #5330, #4758, #7997, .T. ) ;
#4511 = FACE_OUTER_BOUND ( 'NONE', #1214, .T. ) ;
#4512 = FILL_AREA_STYLE ('',( #5284 ) ) ;
#4513 = SURFACE_STYLE_FILL_AREA ( #2210 ) ;
#4514 = DIRECTION ( 'NONE',  ( -0.7383164886267649107, -0.6744544184908601858, 0.000000000000000000 ) ) ;
#4515 = CARTESIAN_POINT ( 'NONE',  ( 0.7595967913564730667, -0.7968127908623571232, 0.8000000000000003775 ) ) ;
#4516 = CARTESIAN_POINT ( 'NONE',  ( -0.3500000000000002554, -2.933333333335524706, 0.8000000000000000444 ) ) ;
#4517 = PRESENTATION_LAYER_ASSIGNMENT (  '', '', ( #5656 ) ) ;
#4518 = AXIS2_PLACEMENT_3D ( 'NONE', #4554, #757, #4662 ) ;
#4519 = CARTESIAN_POINT ( 'NONE',  ( 0.7782051282051279939, -0.06324118591147942503, 0.8001000000000000334 ) ) ;
#4520 = PRESENTATION_STYLE_ASSIGNMENT (( #1419 ) ) ;
#4521 = EDGE_LOOP ( 'NONE', ( #9740, #7629 ) ) ;
#4522 = CARTESIAN_POINT ( 'NONE',  ( 0.05214342948717926723, -1.018689903825431120, 0.8001000000000000334 ) ) ;
#4523 = DIRECTION ( 'NONE',  ( 0.000000000000000000, 0.000000000000000000, -1.000000000000000000 ) ) ;
#4524 = ORIENTED_EDGE ( 'NONE', *, *, #9174, .T. ) ;
#4525 = ADVANCED_FACE ( 'NONE', ( #1400 ), #3955, .T. ) ;
#4526 = VECTOR ( 'NONE', #5904, 1000.000000000000000 ) ;
#4527 =( GEOMETRIC_REPRESENTATION_CONTEXT ( 3 ) GLOBAL_UNCERTAINTY_ASSIGNED_CONTEXT ( ( #5387 ) ) GLOBAL_UNIT_ASSIGNED_CONTEXT ( ( #7687, #316, #2352 ) ) REPRESENTATION_CONTEXT ( 'NONE', 'WORKASPACE' ) );
#4528 = CARTESIAN_POINT ( 'NONE',  ( -1.750000000000000222, 4.399999999999999467, 0.8001000000000000334 ) ) ;
#4529 = DIRECTION ( 'NONE',  ( 0.000000000000000000, -1.000000000000000000, 0.000000000000000000 ) ) ;
#4530 = DIRECTION ( 'NONE',  ( 0.000000000000000000, 0.000000000000000000, -1.000000000000000000 ) ) ;
#4531 = CARTESIAN_POINT ( 'NONE',  ( -0.2371794871794874193, 1.395933493574726514, 0.8001000000000000334 ) ) ;
#4532 = CARTESIAN_POINT ( 'NONE',  ( 0.2469669435457627904, -0.5668858523908766323, 0.8001000000000000334 ) ) ;
#4533 = DIRECTION ( 'NONE',  ( 1.239088197126291458E-15, 1.000000000000000000, 0.000000000000000000 ) ) ;
#4534 = FILL_AREA_STYLE ('',( #1484 ) ) ;
#4535 = CARTESIAN_POINT ( 'NONE',  ( 0.2358941854835750473, 0.08324246387442625628, 0.7999999999999998224 ) ) ;
#4536 = VECTOR ( 'NONE', #2047, 1000.000000000000000 ) ;
#4537 =( NAMED_UNIT ( * ) SI_UNIT ( $, .STERADIAN. ) SOLID_ANGLE_UNIT ( ) );
#4538 = VERTEX_POINT ( 'NONE', #9781 ) ;
#4539 = SURFACE_SIDE_STYLE ('',( #1590 ) ) ;
#4540 = ORIENTED_EDGE ( 'NONE', *, *, #1608, .F. ) ;
#4541 = EDGE_CURVE ( 'NONE', #3921, #3479, #6157, .T. ) ;
#4542 = LINE ( 'NONE', #202, #6356 ) ;
#4543 = ORIENTED_EDGE ( 'NONE', *, *, #3043, .T. ) ;
#4544 = DIRECTION ( 'NONE',  ( 0.2007054744631348031, 0.9796516281416205452, -0.000000000000000000 ) ) ;
#4545 = CARTESIAN_POINT ( 'NONE',  ( 0.6564816219111325735, 1.925473682858351854, 0.8000999999999999224 ) ) ;
#4546 = FILL_AREA_STYLE_COLOUR ( '', #5455 ) ;
#4547 = DIRECTION ( 'NONE',  ( 1.000000000000000000, 0.000000000000000000, 0.000000000000000000 ) ) ;
#4548 = DIRECTION ( 'NONE',  ( 0.000000000000000000, 0.000000000000000000, 1.000000000000000000 ) ) ;
#4549 = EDGE_LOOP ( 'NONE', ( #8135, #408 ) ) ;
#4550 = EDGE_LOOP ( 'NONE', ( #1849, #1798, #5010, #2796 ) ) ;
#4551 = VECTOR ( 'NONE', #5835, 1000.000000000000000 ) ;
#4552 = DIRECTION ( 'NONE',  ( 0.000000000000000000, 0.000000000000000000, -1.000000000000000000 ) ) ;
#4553 = ORIENTED_EDGE ( 'NONE', *, *, #3535, .F. ) ;
#4554 = CARTESIAN_POINT ( 'NONE',  ( 4.849999999999996980, -1.699999999999999734, 2.900000000000000355 ) ) ;
#4555 = CARTESIAN_POINT ( 'NONE',  ( 0.1437722150964120538, -0.9154973885931644295, 0.8001000000000001444 ) ) ;
#4556 = VECTOR ( 'NONE', #3037, 1000.000000000000114 ) ;
#4557 = CARTESIAN_POINT ( 'NONE',  ( 0.4538461538461536215, -0.4301282051422486985, 0.8001000000000000334 ) ) ;
#4558 = CARTESIAN_POINT ( 'NONE',  ( -0.3500000000000002554, -1.036538461517738874, 0.8001000000000000334 ) ) ;
#4559 = DIRECTION ( 'NONE',  ( -0.000000000000000000, 0.000000000000000000, -1.000000000000000000 ) ) ;
#4560 = CARTESIAN_POINT ( 'NONE',  ( 4.449999999999997513, -2.099999999999999201, 0.8000000000000000444 ) ) ;
#4561 = ADVANCED_FACE ( 'NONE', ( #6107 ), #1551, .F. ) ;
#4562 = EDGE_LOOP ( 'NONE', ( #1537, #282, #7468, #689 ) ) ;
#4563 = UNCERTAINTY_MEASURE_WITH_UNIT (LENGTH_MEASURE( 1.000000000000000082E-05 ), #8209, 'distance_accuracy_value', 'NONE');
#4564 = ORIENTED_EDGE ( 'NONE', *, *, #8048, .T. ) ;
#4565 = UNCERTAINTY_MEASURE_WITH_UNIT (LENGTH_MEASURE( 1.000000000000000082E-05 ), #4362, 'distance_accuracy_value', 'NONE');
#4566 = MECHANICAL_DESIGN_GEOMETRIC_PRESENTATION_REPRESENTATION (  '', ( #3138 ), #2154 ) ;
#4567 = CARTESIAN_POINT ( 'NONE',  ( 0.4394870070887810787, 2.083595228841804037, 0.8000000000000003775 ) ) ;
#4568 = SURFACE_SIDE_STYLE ('',( #9796 ) ) ;
#4569 = DIRECTION ( 'NONE',  ( 0.000000000000000000, 0.000000000000000000, 1.000000000000000000 ) ) ;
#4570 = CARTESIAN_POINT ( 'NONE',  ( 0.7717100164208547941, -0.8462998081221534408, 0.8000000000000002665 ) ) ;
#4571 = CARTESIAN_POINT ( 'NONE',  ( 0.03076923076923048297, -0.8891225961331233885, 0.8000000000000000444 ) ) ;
#4572 = VECTOR ( 'NONE', #9264, 1000.000000000000000 ) ;
#4573 = DIRECTION ( 'NONE',  ( -0.5773502691896273964, 0.5773502691896273964, 0.5773502691896224004 ) ) ;
#4574 = DIRECTION ( 'NONE',  ( 0.000000000000000000, 0.000000000000000000, 1.000000000000000000 ) ) ;
#4575 = ORIENTED_EDGE ( 'NONE', *, *, #4170, .T. ) ;
#4576 = LINE ( 'NONE', #6766, #618 ) ;
#4577 = SURFACE_STYLE_USAGE ( .BOTH. , #1473 ) ;
#4578 = ORIENTED_EDGE ( 'NONE', *, *, #4635, .F. ) ;
#4579 = CARTESIAN_POINT ( 'NONE',  ( 5.649999999999993250, 4.199999999999996625, 2.900000000000000355 ) ) ;
#4580 = LINE ( 'NONE', #2223, #8117 ) ;
#4581 = DIRECTION ( 'NONE',  ( 0.000000000000000000, 1.000000000000000000, 0.000000000000000000 ) ) ;
#4582 = SURFACE_STYLE_FILL_AREA ( #8970 ) ;
#4583 = CARTESIAN_POINT ( 'NONE',  ( 0.03102631604941990043, -0.8768368803104841236, 0.8001000000000001444 ) ) ;
#4584 = MECHANICAL_DESIGN_GEOMETRIC_PRESENTATION_REPRESENTATION (  '', ( #6187 ), #1705 ) ;
#4585 = FILL_AREA_STYLE ('',( #1534 ) ) ;
#4586 =( NAMED_UNIT ( * ) SI_UNIT ( $, .STERADIAN. ) SOLID_ANGLE_UNIT ( ) );
#4587 = EDGE_CURVE ( 'NONE', #655, #6224, #4713, .T. ) ;
#4588 = B_SPLINE_SURFACE_WITH_KNOTS ( 'NONE', 3, 1, ( 
 ( #2533, #2632 ),
 ( #7957, #4894 ),
 ( #7907, #8678 ),
 ( #442, #1032 ),
 ( #3404, #1875 ),
 ( #5695, #2681 ),
 ( #9510, #4142 ),
 ( #7860, #4039 ),
 ( #1137, #8591 ),
 ( #4188, #7812 ),
 ( #987, #5599 ) ),
 .UNSPECIFIED., .F., .F., .F.,
 ( 4, 1, 1, 1, 1, 1, 1, 1, 4 ),
 ( 2, 2 ),
 ( 0.000000000000000000, 0.1022030370352200318, 0.2110233423738754888, 0.3250996615652080868, 0.4465020971348897527, 0.5737877176488560549, 0.7089007097660658951, 0.8503578712934005690, 1.000000000000000000 ),
 ( 0.000000000000000000, 1.000000000000000000 ),
 .UNSPECIFIED. ) ;
#4589 = CARTESIAN_POINT ( 'NONE',  ( 0.6510663551337245725, -0.1631953600982404551, 0.7999999999999998224 ) ) ;
#4590 = ORIENTED_EDGE ( 'NONE', *, *, #9028, .F. ) ;
#4591 = SURFACE_STYLE_USAGE ( .BOTH. , #4539 ) ;
#4592 = VERTEX_POINT ( 'NONE', #6794 ) ;
#4593 = EDGE_LOOP ( 'NONE', ( #5574, #9544, #2947, #778 ) ) ;
#4594 = MECHANICAL_DESIGN_GEOMETRIC_PRESENTATION_REPRESENTATION (  '', ( #759 ), #9161 ) ;
#4595 = LINE ( 'NONE', #5995, #1899 ) ;
#4596 = CARTESIAN_POINT ( 'NONE',  ( 0.4729081985521384479, 2.069565513423211378, 0.8000999999999999224 ) ) ;
#4597 = DIRECTION ( 'NONE',  ( 0.000000000000000000, -1.000000000000000000, 0.000000000000000000 ) ) ;
#4598 = CARTESIAN_POINT ( 'NONE',  ( 0.01508928371298713308, 0.1131607311285875855, 0.8000000000000001554 ) ) ;
#4599 = CARTESIAN_POINT ( 'NONE',  ( 0.5859727964720683469, -0.7235990560622387324, 0.8001000000000000334 ) ) ;
#4600 = EDGE_CURVE ( 'NONE', #7657, #3328, #3110, .T. ) ;
#4601 = EDGE_CURVE ( 'NONE', #803, #6224, #6054, .T. ) ;
#4602 = ORIENTED_EDGE ( 'NONE', *, *, #6422, .T. ) ;
#4603 = ORIENTED_EDGE ( 'NONE', *, *, #456, .F. ) ;
#4604 = DIRECTION ( 'NONE',  ( 0.000000000000000000, 0.000000000000000000, 1.000000000000000000 ) ) ;
#4605 = ORIENTED_EDGE ( 'NONE', *, *, #240, .T. ) ;
#4606 = DIRECTION ( 'NONE',  ( 0.5773502691896240657, -0.5773502691896240657, -0.5773502691896289507 ) ) ;
#4607 = AXIS2_PLACEMENT_3D ( 'NONE', #7359, #2162, #5144 ) ;
#4608 = CARTESIAN_POINT ( 'NONE',  ( -1.599999999999999645, -0.3500000000000004774, 0.8001000000000000334 ) ) ;
#4609 =( LENGTH_UNIT ( ) NAMED_UNIT ( * ) SI_UNIT ( .MILLI., .METRE. ) );
#4610 = CARTESIAN_POINT ( 'NONE',  ( 0.06363263126138941905, 0.2110134292101416842, 0.8001000000000003665 ) ) ;
#4611 = FILL_AREA_STYLE_COLOUR ( '', #4052 ) ;
#4612 = LINE ( 'NONE', #1509, #5531 ) ;
#4613 = CARTESIAN_POINT ( 'NONE',  ( -0.3500000000000000333, -2.200000000002190870, 0.8000000000000000444 ) ) ;
#4614 = EDGE_LOOP ( 'NONE', ( #7996, #6925, #6885, #7151 ) ) ;
#4615 = STYLED_ITEM ( 'NONE', ( #2698 ), #5984 ) ;
#4616 = ORIENTED_EDGE ( 'NONE', *, *, #9621, .T. ) ;
#4617 = VECTOR ( 'NONE', #6468, 1000.000000000000000 ) ;
#4618 = CARTESIAN_POINT ( 'NONE',  ( 0.07336615579364504092, -0.003468244684499425991, 0.8001000000000000334 ) ) ;
#4619 = FILL_AREA_STYLE ('',( #1790 ) ) ;
#4620 = EDGE_CURVE ( 'NONE', #6224, #995, #1603, .T. ) ;
#4621 = CARTESIAN_POINT ( 'NONE',  ( -0.2202214162775048834, 1.673108863837638571, 0.8000999999999999224 ) ) ;
#4622 = CARTESIAN_POINT ( 'NONE',  ( 5.649999999999993250, -1.200000000000003952, 2.900000000000000355 ) ) ;
#4623 = STYLED_ITEM ( 'NONE', ( #929 ), #6181 ) ;
#4624 = LINE ( 'NONE', #3727, #7753 ) ;
#4625 = CARTESIAN_POINT ( 'NONE',  ( -0.2933250576561002854, 0.1698959788086973066, 0.8000000000000003775 ) ) ;
#4626 = CARTESIAN_POINT ( 'NONE',  ( 0.4986035184450753333, -1.156368378385575157, 0.8001000000000001444 ) ) ;
#4627 = VERTEX_POINT ( 'NONE', #6211 ) ;
#4628 = AXIS2_PLACEMENT_3D ( 'NONE', #5114, #9528, #8887 ) ;
#4629 = DIRECTION ( 'NONE',  ( 0.000000000000000000, -0.000000000000000000, 1.000000000000000000 ) ) ;
#4630 = VECTOR ( 'NONE', #2860, 1000.000000000000000 ) ;
#4631 =( NAMED_UNIT ( * ) PLANE_ANGLE_UNIT ( ) SI_UNIT ( $, .RADIAN. ) );
#4632 = EDGE_LOOP ( 'NONE', ( #4486, #3613, #6407, #7554, #1726, #8370 ) ) ;
#4634 = ADVANCED_FACE ( 'NONE', ( #9138 ), #20, .T. ) ;
#4633 = CARTESIAN_POINT ( 'NONE',  ( 0.6371794871794869142, -1.360897435889189655, 0.8001000000000000334 ) ) ;
#4635 = EDGE_CURVE ( 'NONE', #4984, #6490, #7879, .T. ) ;
#4636 = FACE_OUTER_BOUND ( 'NONE', #7984, .T. ) ;
#4637 = COLOUR_RGB ( '',0.9254901960784314152, 0.9254901960784314152, 0.9254901960784314152 ) ;
#4638 = CARTESIAN_POINT ( 'NONE',  ( -0.3690839149426322630, 0.02410804884069379928, 0.8001000000000001444 ) ) ;
#4639 = SURFACE_STYLE_USAGE ( .BOTH. , #6137 ) ;
#4640 = CARTESIAN_POINT ( 'NONE',  ( 0.2350111450110713152, 0.2569356215019398260, 0.8001000000000000334 ) ) ;
#4641 = PLANE ( 'NONE',  #7183 ) ;
#4642 = MECHANICAL_DESIGN_GEOMETRIC_PRESENTATION_REPRESENTATION (  '', ( #3526 ), #9199 ) ;
#4643 = CARTESIAN_POINT ( 'NONE',  ( 0.1338942307692305156, 0.1324318910115975245, 0.8001000000000000334 ) ) ;
#4644 = CARTESIAN_POINT ( 'NONE',  ( -6.399999999999999467, 1.499999999999999112, 0.8001000000000000334 ) ) ;
#4645 = LINE ( 'NONE', #654, #1402 ) ;
#4646 = VERTEX_POINT ( 'NONE', #4958 ) ;
#4647 = ORIENTED_EDGE ( 'NONE', *, *, #5352, .T. ) ;
#4648 = SURFACE_SIDE_STYLE ('',( #3796 ) ) ;
#4649 = ORIENTED_EDGE ( 'NONE', *, *, #1845, .T. ) ;
#4650 = CARTESIAN_POINT ( 'NONE',  ( -0.2653846153846156630, -0.05905448719353069420, 0.8001000000000000334 ) ) ;
#4651 = ADVANCED_FACE ( 'NONE', ( #9328 ), #362, .T. ) ;
#4652 = CARTESIAN_POINT ( 'NONE',  ( 0.7782051282051279939, -0.9265825320305592916, 0.8000000000000001554 ) ) ;
#4653 = CARTESIAN_POINT ( 'NONE',  ( 0.7355118879891766603, 1.738054666394039716, 0.8000999999999998114 ) ) ;
#4654 =( NAMED_UNIT ( * ) PLANE_ANGLE_UNIT ( ) SI_UNIT ( $, .RADIAN. ) );
#4655 =( NAMED_UNIT ( * ) PLANE_ANGLE_UNIT ( ) SI_UNIT ( $, .RADIAN. ) );
#4656 = DIRECTION ( 'NONE',  ( -1.000000000000000000, 0.000000000000000000, 0.000000000000000000 ) ) ;
#4657 =( GEOMETRIC_REPRESENTATION_CONTEXT ( 3 ) GLOBAL_UNCERTAINTY_ASSIGNED_CONTEXT ( ( #9394 ) ) GLOBAL_UNIT_ASSIGNED_CONTEXT ( ( #5942, #2168, #4122 ) ) REPRESENTATION_CONTEXT ( 'NONE', 'WORKASPACE' ) );
#4658 = ORIENTED_EDGE ( 'NONE', *, *, #5871, .T. ) ;
#4659 = ORIENTED_EDGE ( 'NONE', *, *, #5005, .T. ) ;
#4660 = FILL_AREA_STYLE ('',( #2344 ) ) ;
#4661 = EDGE_LOOP ( 'NONE', ( #6067, #8093, #5751, #2402 ) ) ;
#4662 = DIRECTION ( 'NONE',  ( 0.000000000000000000, -0.000000000000000000, -1.000000000000000000 ) ) ;
#4663 = ADVANCED_FACE ( 'NONE', ( #4011 ), #213, .F. ) ;
#4664 =( GEOMETRIC_REPRESENTATION_CONTEXT ( 3 ) GLOBAL_UNCERTAINTY_ASSIGNED_CONTEXT ( ( #7248 ) ) GLOBAL_UNIT_ASSIGNED_CONTEXT ( ( #1260, #4311, #4977 ) ) REPRESENTATION_CONTEXT ( 'NONE', 'WORKASPACE' ) );
#4665 = LINE ( 'NONE', #4608, #2540 ) ;
#4666 = LINE ( 'NONE', #7083, #2237 ) ;
#4667 = SURFACE_STYLE_USAGE ( .BOTH. , #173 ) ;
#4668 = CARTESIAN_POINT ( 'NONE',  ( 5.849999999999997868, -1.000000000000000000, 2.900000000000000355 ) ) ;
#4669 = CARTESIAN_POINT ( 'NONE',  ( -4.250000000000000000, 4.399999999999999467, 2.000000000000000000 ) ) ;
#4670 = DIRECTION ( 'NONE',  ( -0.000000000000000000, -0.000000000000000000, -1.000000000000000000 ) ) ;
#4671 = VERTEX_POINT ( 'NONE', #6680 ) ;
#4672 = ORIENTED_EDGE ( 'NONE', *, *, #7715, .F. ) ;
#4673 = EDGE_CURVE ( 'NONE', #324, #7930, #7401, .T. ) ;
#4674 = CARTESIAN_POINT ( 'NONE',  ( -0.2330285150422727047, 1.552563537951169748, 0.8000000000000000444 ) ) ;
#4675 =( LENGTH_UNIT ( ) NAMED_UNIT ( * ) SI_UNIT ( .MILLI., .METRE. ) );
#4676 = CARTESIAN_POINT ( 'NONE',  ( 0.5011955254687284755, -1.257031079225398473, 0.8000000000000002665 ) ) ;
#4677 = CARTESIAN_POINT ( 'NONE',  ( -0.2143048706278477822, 1.705115552531368595, 0.8001000000000000334 ) ) ;
#4678 = DIRECTION ( 'NONE',  ( 1.000000000000000000, 0.000000000000000000, 0.000000000000000000 ) ) ;
#4679 =( NAMED_UNIT ( * ) SI_UNIT ( $, .STERADIAN. ) SOLID_ANGLE_UNIT ( ) );
#4680 = CARTESIAN_POINT ( 'NONE',  ( 0.1435897435897433294, 2.505629006393885305, 0.8001000000000000334 ) ) ;
#4681 = CARTESIAN_POINT ( 'NONE',  ( 0.6562620403597109187, 0.02625840663264973965, 0.8000000000000005995 ) ) ;
#4682 = CARTESIAN_POINT ( 'NONE',  ( 0.6117478922792668472, -1.080621960768096468, 0.8000999999999999224 ) ) ;
#4683 = ORIENTED_EDGE ( 'NONE', *, *, #2192, .T. ) ;
#4684 = MECHANICAL_DESIGN_GEOMETRIC_PRESENTATION_REPRESENTATION (  '', ( #4860 ), #6134 ) ;
#4685 =( LENGTH_UNIT ( ) NAMED_UNIT ( * ) SI_UNIT ( .MILLI., .METRE. ) );
#4686 = CARTESIAN_POINT ( 'NONE',  ( 0.2017769049618518273, -0.08811064959006326136, 0.8001000000000002554 ) ) ;
#4687 = PLANE ( 'NONE',  #2831 ) ;
#4688 = DIRECTION ( 'NONE',  ( -1.239088197126290669E-15, -1.000000000000000000, 0.000000000000000000 ) ) ;
#4689 = CARTESIAN_POINT ( 'NONE',  ( -0.3478883130078150310, 1.552565214062666454, 0.8000000000000001554 ) ) ;
#4690 = PRESENTATION_LAYER_ASSIGNMENT (  '', '', ( #6118 ) ) ;
#4691 = FILL_AREA_STYLE ('',( #1630 ) ) ;
#4692 = CARTESIAN_POINT ( 'NONE',  ( 0.2803050189644828438, -0.5558752351196167840, 0.8000999999999998114 ) ) ;
#4693 = DIRECTION ( 'NONE',  ( 0.000000000000000000, 0.000000000000000000, 1.000000000000000000 ) ) ;
#4694 = SURFACE_STYLE_FILL_AREA ( #4792 ) ;
#4695 = PLANE ( 'NONE',  #5071 ) ;
#4696 = ADVANCED_FACE ( 'NONE', ( #6630 ), #4245, .T. ) ;
#4697 = COLOUR_RGB ( '',0.9254901960784314152, 0.9254901960784314152, 0.9254901960784314152 ) ;
#4698 = FACE_BOUND ( 'NONE', #4760, .T. ) ;
#4699 = AXIS2_PLACEMENT_3D ( 'NONE', #8948, #7392, #9542 ) ;
#4700 = ORIENTED_EDGE ( 'NONE', *, *, #7995, .F. ) ;
#4701 = CARTESIAN_POINT ( 'NONE',  ( 5.516666666666666607, 1.333333333333332149, 1.533333333333337212 ) ) ;
#4702 = CARTESIAN_POINT ( 'NONE',  ( 6.599999999999997868, 4.750000000000000000, -0.8000000000000000444 ) ) ;
#4703 = CARTESIAN_POINT ( 'NONE',  ( -0.09615384615384639511, -0.2891025641166076743, 0.8000000000000000444 ) ) ;
#4704 = CARTESIAN_POINT ( 'NONE',  ( 0.5634422942285398639, 2.016061922005327745, 0.8000999999999998114 ) ) ;
#4705 = CARTESIAN_POINT ( 'NONE',  ( -0.3500000000000002554, 1.219871794856777880, 0.8001000000000000334 ) ) ;
#4706 = MECHANICAL_DESIGN_GEOMETRIC_PRESENTATION_REPRESENTATION (  '', ( #4368 ), #5507 ) ;
#4707 = VECTOR ( 'NONE', #6493, 1000.000000000000000 ) ;
#4708 = CARTESIAN_POINT ( 'NONE',  ( 0.6264943668329060467, 1.672617478880790820, 0.8000000000000001554 ) ) ;
#4709 = CARTESIAN_POINT ( 'NONE',  ( 0.1441489724643164605, -0.9331019002666424145, 0.8000000000000000444 ) ) ;
#4710 = DIRECTION ( 'NONE',  ( -1.000000000000000000, 0.000000000000000000, 0.000000000000000000 ) ) ;
#4711 = ORIENTED_EDGE ( 'NONE', *, *, #4973, .T. ) ;
#4712 = ORIENTED_EDGE ( 'NONE', *, *, #222, .F. ) ;
#4713 = LINE ( 'NONE', #3160, #2506 ) ;
#4714 = B_SPLINE_CURVE_WITH_KNOTS ( 'NONE', 3,
 ( #1134, #4185, #7210, #9453, #392, #3447, #8007, #2678, #5735, #8724, #1916 ),
 .UNSPECIFIED., .F., .F.,
 ( 4, 1, 1, 1, 1, 1, 1, 1, 4 ),
 ( 0.000000000000000000, 0.1280675485958907289, 0.2506083188676687667, 0.3706301659145030958, 0.4900722467299489793, 0.6103747641546199976, 0.7343130699115256732, 0.8632165042449895243, 1.000000000000000000 ),
 .UNSPECIFIED. ) ;
#4715 = ORIENTED_EDGE ( 'NONE', *, *, #5932, .T. ) ;
#4716 = MECHANICAL_DESIGN_GEOMETRIC_PRESENTATION_REPRESENTATION (  '', ( #5978 ), #3112 ) ;
#4717 = FILL_AREA_STYLE_COLOUR ( '', #2288 ) ;
#4718 = SURFACE_STYLE_FILL_AREA ( #7033 ) ;
#4719 = CARTESIAN_POINT ( 'NONE',  ( -0.3782051282051285268, -0.06037660257814608106, 0.8001000000000000334 ) ) ;
#4720 = CARTESIAN_POINT ( 'NONE',  ( 0.1131750752292835921, 0.1625583164865993802, 0.8000000000000000444 ) ) ;
#4721 = FACE_OUTER_BOUND ( 'NONE', #615, .T. ) ;
#4722 = PRESENTATION_LAYER_ASSIGNMENT (  '', '', ( #8194 ) ) ;
#4723 = CARTESIAN_POINT ( 'NONE',  ( -0.2063301282051284991, 1.733954326908059951, 0.8001000000000000334 ) ) ;
#4724 = EDGE_CURVE ( 'NONE', #4434, #1059, #657, .T. ) ;
#4725 = VERTEX_POINT ( 'NONE', #5109 ) ;
#4726 = ORIENTED_EDGE ( 'NONE', *, *, #4358, .F. ) ;
#4727 =( GEOMETRIC_REPRESENTATION_CONTEXT ( 3 ) GLOBAL_UNCERTAINTY_ASSIGNED_CONTEXT ( ( #3967 ) ) GLOBAL_UNIT_ASSIGNED_CONTEXT ( ( #132, #7838, #6173 ) ) REPRESENTATION_CONTEXT ( 'NONE', 'WORKASPACE' ) );
#4728 = CARTESIAN_POINT ( 'NONE',  ( -0.2370130126990485919, 1.451399588863069079, 0.8000000000000002665 ) ) ;
#4729 = CARTESIAN_POINT ( 'NONE',  ( 0.7775591160519755851, -0.9591055634276286490, 0.8000000000000002665 ) ) ;
#4730 = CARTESIAN_POINT ( 'NONE',  ( 0.004251694674106962397, 1.980903837489871311, 0.8000999999999998114 ) ) ;
#4731 = SURFACE_SIDE_STYLE ('',( #5490 ) ) ;
#4732 = CARTESIAN_POINT ( 'NONE',  ( 0.6387582638732798301, 0.07726805704175186695, 0.8001000000000003665 ) ) ;
#4733 = LINE ( 'NONE', #188, #699 ) ;
#4734 = EDGE_CURVE ( 'NONE', #9570, #9509, #4343, .T. ) ;
#4735 = ORIENTED_EDGE ( 'NONE', *, *, #4752, .T. ) ;
#4736 = STYLED_ITEM ( 'NONE', ( #9120 ), #3082 ) ;
#4737 = EDGE_CURVE ( 'NONE', #9682, #3921, #3652, .T. ) ;
#4738 = FILL_AREA_STYLE ('',( #9256 ) ) ;
#4739 = CARTESIAN_POINT ( 'NONE',  ( 0.6574014666268979123, -0.1394810751387762782, 0.8001000000000001444 ) ) ;
#4740 = PRESENTATION_LAYER_ASSIGNMENT (  '', '', ( #1052 ) ) ;
#4741 = SURFACE_STYLE_USAGE ( .BOTH. , #2378 ) ;
#4742 = PRESENTATION_STYLE_ASSIGNMENT (( #5642 ) ) ;
#4743 = FILL_AREA_STYLE_COLOUR ( '', #7424 ) ;
#4744 = DIRECTION ( 'NONE',  ( 0.000000000000000000, 1.000000000000000000, 0.000000000000000000 ) ) ;
#4745 = PLANE ( 'NONE',  #8820 ) ;
#4746 = AXIS2_PLACEMENT_3D ( 'NONE', #4939, #8584, #1079 ) ;
#4747 = CARTESIAN_POINT ( 'NONE',  ( 0.2674889593226089657, 0.1363840756189511894, 0.8000000000000001554 ) ) ;
#4748 = VERTEX_POINT ( 'NONE', #5948 ) ;
#4749 = FILL_AREA_STYLE_COLOUR ( '', #7131 ) ;
#4750 = CARTESIAN_POINT ( 'NONE',  ( -0.3500000000000002554, -2.933333333335524706, 0.8001000000000000334 ) ) ;
#4751 = PRESENTATION_LAYER_ASSIGNMENT (  '', '', ( #5228 ) ) ;
#4752 = EDGE_CURVE ( 'NONE', #5178, #7628, #1978, .T. ) ;
#4753 = CARTESIAN_POINT ( 'NONE',  ( 5.849999999999997868, 1.000000000000000444, 2.699999999999997957 ) ) ;
#4754 = DIRECTION ( 'NONE',  ( -1.239088197126291458E-15, -1.000000000000000000, 0.000000000000000000 ) ) ;
#4755 =( NAMED_UNIT ( * ) SI_UNIT ( $, .STERADIAN. ) SOLID_ANGLE_UNIT ( ) );
#4756 = LINE ( 'NONE', #4847, #4824 ) ;
#4757 = ORIENTED_EDGE ( 'NONE', *, *, #240, .F. ) ;
#4758 = VERTEX_POINT ( 'NONE', #1487 ) ;
#4759 = CARTESIAN_POINT ( 'NONE',  ( 0.7669293820356067881, -0.1645840421855066793, 0.8000000000000000444 ) ) ;
#4760 = EDGE_LOOP ( 'NONE', ( #1797, #2794, #4564, #19 ) ) ;
#4761 = DIRECTION ( 'NONE',  ( -0.000000000000000000, -0.000000000000000000, 1.000000000000000000 ) ) ;
#4762 = VECTOR ( 'NONE', #6513, 1000.000000000000000 ) ;
#4763 = FACE_BOUND ( 'NONE', #5724, .T. ) ;
#4764 = AXIS2_PLACEMENT_3D ( 'NONE', #8157, #1183, #8867 ) ;
#4765 = VECTOR ( 'NONE', #5944, 1000.000000000000114 ) ;
#4766 = SURFACE_SIDE_STYLE ('',( #117 ) ) ;
#4767 = CARTESIAN_POINT ( 'NONE',  ( 0.2350111450110713152, 0.2569356215019398260, 0.8001000000000000334 ) ) ;
#4768 = CARTESIAN_POINT ( 'NONE',  ( 0.1947221722132282118, -0.7323786934899101375, 0.7999999999999998224 ) ) ;
#4769 = CARTESIAN_POINT ( 'NONE',  ( 0.5540412591306143053, 1.869555605432821954, 0.7999999999999999334 ) ) ;
#4770 = ORIENTED_EDGE ( 'NONE', *, *, #7551, .T. ) ;
#4771 = ORIENTED_EDGE ( 'NONE', *, *, #9602, .T. ) ;
#4772 = UNCERTAINTY_MEASURE_WITH_UNIT (LENGTH_MEASURE( 1.000000000000000082E-05 ), #4137, 'distance_accuracy_value', 'NONE');
#4773 = MECHANICAL_DESIGN_GEOMETRIC_PRESENTATION_REPRESENTATION (  '', ( #7297 ), #6040 ) ;
#4774 = MECHANICAL_DESIGN_GEOMETRIC_PRESENTATION_REPRESENTATION (  '', ( #1227 ), #146 ) ;
#4775 = CARTESIAN_POINT ( 'NONE',  ( 0.08639789044328863299, -0.07963016029304972876, 0.8001000000000000334 ) ) ;
#4776 = EDGE_CURVE ( 'NONE', #7564, #257, #700, .T. ) ;
#4777 = DIRECTION ( 'NONE',  ( 0.000000000000000000, -1.000000000000000000, 0.000000000000000000 ) ) ;
#4778 = FACE_OUTER_BOUND ( 'NONE', #4130, .T. ) ;
#4779 = AXIS2_PLACEMENT_3D ( 'NONE', #7031, #2027, #1471 ) ;
#4780 = CARTESIAN_POINT ( 'NONE',  ( 0.6613315988708172721, -0.001683934030887383792, 0.8000999999999998114 ) ) ;
#4781 = ORIENTED_EDGE ( 'NONE', *, *, #1347, .F. ) ;
#4782 = UNCERTAINTY_MEASURE_WITH_UNIT (LENGTH_MEASURE( 1.000000000000000082E-05 ), #7171, 'distance_accuracy_value', 'NONE');
#4783 = PRESENTATION_LAYER_ASSIGNMENT (  '', '', ( #9024 ) ) ;
#4784 = DIRECTION ( 'NONE',  ( -0.000000000000000000, 0.7071067811865504593, 0.7071067811865445751 ) ) ;
#4785 = MECHANICAL_DESIGN_GEOMETRIC_PRESENTATION_REPRESENTATION (  '', ( #5893 ), #3024 ) ;
#4786 = ADVANCED_FACE ( 'NONE', ( #3045 ), #7566, .T. ) ;
#4787 = CARTESIAN_POINT ( 'NONE',  ( -0.3404837440989537667, 1.648176152264742678, 0.8000000000000000444 ) ) ;
#4788 = ADVANCED_FACE ( 'NONE', ( #9079 ), #2287, .F. ) ;
#4789 = CARTESIAN_POINT ( 'NONE',  ( -0.3184568321087419274, 0.1382360344024633758, 0.8000999999999999224 ) ) ;
#4790 = CARTESIAN_POINT ( 'NONE',  ( 0.7121981416758953465, -1.129289421793883141, 0.8001000000000001444 ) ) ;
#4791 = FACE_OUTER_BOUND ( 'NONE', #3624, .T. ) ;
#4792 = FILL_AREA_STYLE ('',( #7669 ) ) ;
#4793 = MECHANICAL_DESIGN_GEOMETRIC_PRESENTATION_REPRESENTATION (  '', ( #641 ), #2863 ) ;
#4794 = CARTESIAN_POINT ( 'NONE',  ( 5.049999999999998934, 1.499999999999997780, -9.000000000000001776 ) ) ;
#4795 = CARTESIAN_POINT ( 'NONE',  ( -6.399999999999999467, 4.099999999999999645, 0.8001000000000000334 ) ) ;
#4796 = VERTEX_POINT ( 'NONE', #2173 ) ;
#4797 = LINE ( 'NONE', #9412, #5255 ) ;
#4798 =( GEOMETRIC_REPRESENTATION_CONTEXT ( 3 ) GLOBAL_UNCERTAINTY_ASSIGNED_CONTEXT ( ( #4163 ) ) GLOBAL_UNIT_ASSIGNED_CONTEXT ( ( #8363, #7520, #661 ) ) REPRESENTATION_CONTEXT ( 'NONE', 'WORKASPACE' ) );
#4799 = CARTESIAN_POINT ( 'NONE',  ( 0.7496023854588728108, 1.608542956815052882, 0.8000000000000005995 ) ) ;
#4800 = EDGE_CURVE ( 'NONE', #9003, #5575, #7617, .T. ) ;
#4801 = CARTESIAN_POINT ( 'NONE',  ( 0.6371794871794869142, 0.6134615384624666490, 0.8001000000000000334 ) ) ;
#4802 = FILL_AREA_STYLE ('',( #5604 ) ) ;
#4803 = PLANE ( 'NONE',  #1125 ) ;
#4804 =( LENGTH_UNIT ( ) NAMED_UNIT ( * ) SI_UNIT ( .MILLI., .METRE. ) );
#4805 = ORIENTED_EDGE ( 'NONE', *, *, #7993, .F. ) ;
#4806 = ORIENTED_EDGE ( 'NONE', *, *, #4541, .F. ) ;
#4807 = CARTESIAN_POINT ( 'NONE',  ( 0.7464863566138751905, -0.2250405662687066655, 0.7999999999999998224 ) ) ;
#4808 = ORIENTED_EDGE ( 'NONE', *, *, #209, .T. ) ;
#4809 = CARTESIAN_POINT ( 'NONE',  ( 5.050000000000000711, -1.200000000000003952, 2.900000000000000355 ) ) ;
#4810 = SURFACE_STYLE_USAGE ( .BOTH. , #3914 ) ;
#4811 = MECHANICAL_DESIGN_GEOMETRIC_PRESENTATION_REPRESENTATION (  '', ( #1915 ), #9523 ) ;
#4812 = PRESENTATION_STYLE_ASSIGNMENT (( #906 ) ) ;
#4813 = CARTESIAN_POINT ( 'NONE',  ( 0.6206974910219560382, -0.7667504593260512369, 0.8000000000000001554 ) ) ;
#4814 = PRESENTATION_STYLE_ASSIGNMENT (( #1747 ) ) ;
#4815 = CARTESIAN_POINT ( 'NONE',  ( 0.4117436787608110271, 1.984249014089753294, 0.8000999999999999224 ) ) ;
#4816 = ORIENTED_EDGE ( 'NONE', *, *, #1845, .F. ) ;
#4817 = EDGE_LOOP ( 'NONE', ( #1309, #6981, #9128, #1658 ) ) ;
#4818 = ADVANCED_FACE ( 'NONE', ( #9127, #2387, #4698, #6883, #6833 ), #3097, .F. ) ;
#4819 = PRESENTATION_LAYER_ASSIGNMENT (  '', '', ( #6260 ) ) ;
#4820 = CARTESIAN_POINT ( 'NONE',  ( 0.08691526189121810686, -0.1062677750527888931, 0.8001000000000001444 ) ) ;
#4821 = CARTESIAN_POINT ( 'NONE',  ( 0.5926117261856239660, -1.226236907871638859, 0.8001000000000001444 ) ) ;
#4822 = CARTESIAN_POINT ( 'NONE',  ( -0.2370130126990485919, 1.451399588863069079, 0.8000000000000002665 ) ) ;
#4823 = PRESENTATION_STYLE_ASSIGNMENT (( #9345 ) ) ;
#4824 = VECTOR ( 'NONE', #1599, 1000.000000000000000 ) ;
#4825 = FACE_BOUND ( 'NONE', #7885, .T. ) ;
#4826 = CARTESIAN_POINT ( 'NONE',  ( 0.1442304179179751955, -0.8779567028946866358, 0.8000999999999999224 ) ) ;
#4827 = ORIENTED_EDGE ( 'NONE', *, *, #1777, .T. ) ;
#4828 = ORIENTED_EDGE ( 'NONE', *, *, #1766, .T. ) ;
#4829 = LINE ( 'NONE', #7846, #4930 ) ;
#4830 = EDGE_CURVE ( 'NONE', #4907, #9493, #5644, .T. ) ;
#4831 = CARTESIAN_POINT ( 'NONE',  ( 0.6106357986275502414, -0.2390927919020442993, 0.8001000000000001444 ) ) ;
#4832 = FACE_OUTER_BOUND ( 'NONE', #1302, .T. ) ;
#4833 = SURFACE_SIDE_STYLE ('',( #5640 ) ) ;
#4834 = FACE_OUTER_BOUND ( 'NONE', #853, .T. ) ;
#4835 = FILL_AREA_STYLE ('',( #8675 ) ) ;
#4836 = FILL_AREA_STYLE_COLOUR ( '', #274 ) ;
#4837 = EDGE_CURVE ( 'NONE', #7720, #2994, #4037, .T. ) ;
#4838 = CARTESIAN_POINT ( 'NONE',  ( 0.2270829890987020594, 0.06068710858596206015, 0.8000000000000003775 ) ) ;
#4839 = ORIENTED_EDGE ( 'NONE', *, *, #503, .F. ) ;
#4840 = CARTESIAN_POINT ( 'NONE',  ( -5.100000000000000533, 1.499999999999999112, 0.8001000000000000334 ) ) ;
#4841 = VECTOR ( 'NONE', #8875, 1000.000000000000000 ) ;
#4842 = CARTESIAN_POINT ( 'NONE',  ( 0.7272605088443694354, 1.775711626326549553, 0.8000999999999999224 ) ) ;
#4843 = CARTESIAN_POINT ( 'NONE',  ( 5.849999999999997868, -1.000000000000000000, 2.699999999999997957 ) ) ;
#4844 = PLANE ( 'NONE',  #5696 ) ;
#4845 = FACE_OUTER_BOUND ( 'NONE', #6891, .T. ) ;
#4846 = CARTESIAN_POINT ( 'NONE',  ( 0.000000000000000000, -1.499999999999997335, -9.000000000000001776 ) ) ;
#4847 = CARTESIAN_POINT ( 'NONE',  ( 6.599999999999997868, -4.749999999999998224, -3.100000000000000089 ) ) ;
#4848 = CARTESIAN_POINT ( 'NONE',  ( 6.750000000000000000, 5.400000000000000355, -0.8000000000000000444 ) ) ;
#4849 = PRESENTATION_LAYER_ASSIGNMENT (  '', '', ( #1953 ) ) ;
#4850 = CARTESIAN_POINT ( 'NONE',  ( 4.849999999999996980, -1.699999999999999734, 2.699999999999997957 ) ) ;
#4851 = PRESENTATION_LAYER_ASSIGNMENT (  '', '', ( #3895 ) ) ;
#4852 = VERTEX_POINT ( 'NONE', #6247 ) ;
#4853 = EDGE_CURVE ( 'NONE', #3317, #4373, #9225, .T. ) ;
#4854 = ORIENTED_EDGE ( 'NONE', *, *, #876, .F. ) ;
#4855 = EDGE_CURVE ( 'NONE', #4671, #755, #5693, .T. ) ;
#4856 = ORIENTED_EDGE ( 'NONE', *, *, #1179, .T. ) ;
#4857 = DIRECTION ( 'NONE',  ( 0.000000000000000000, 0.000000000000000000, 1.000000000000000000 ) ) ;
#4858 = AXIS2_PLACEMENT_3D ( 'NONE', #9625, #6737, #8936 ) ;
#4859 = CARTESIAN_POINT ( 'NONE',  ( -6.749999999999999112, -5.400000000000000355, 0.8000000000000000444 ) ) ;
#4860 = STYLED_ITEM ( 'NONE', ( #5799 ), #795 ) ;
#4861 = LINE ( 'NONE', #1982, #659 ) ;
#4862 = CARTESIAN_POINT ( 'NONE',  ( 5.049999999999999822, 1.200000000000004396, 2.900000000000000355 ) ) ;
#4863 = CARTESIAN_POINT ( 'NONE',  ( 5.849999999999997868, 4.400000000000000355, 1.200000000000002620 ) ) ;
#4864 = DIRECTION ( 'NONE',  ( -0.000000000000000000, -0.000000000000000000, 1.000000000000000000 ) ) ;
#4865 = ORIENTED_EDGE ( 'NONE', *, *, #7565, .F. ) ;
#4866 = AXIS2_PLACEMENT_3D ( 'NONE', #3157, #6934, #6305 ) ;
#4867 = UNCERTAINTY_MEASURE_WITH_UNIT (LENGTH_MEASURE( 1.000000000000000082E-05 ), #1673, 'distance_accuracy_value', 'NONE');
#4868 = ORIENTED_EDGE ( 'NONE', *, *, #8856, .T. ) ;
#4869 = UNCERTAINTY_MEASURE_WITH_UNIT (LENGTH_MEASURE( 1.000000000000000082E-05 ), #5630, 'distance_accuracy_value', 'NONE');
#4870 = CARTESIAN_POINT ( 'NONE',  ( 0.6645040255077026004, -0.9496659634272131001, 0.8000000000000004885 ) ) ;
#4871 = LINE ( 'NONE', #4120, #959 ) ;
#4872 =( GEOMETRIC_REPRESENTATION_CONTEXT ( 3 ) GLOBAL_UNCERTAINTY_ASSIGNED_CONTEXT ( ( #1752 ) ) GLOBAL_UNIT_ASSIGNED_CONTEXT ( ( #5018, #3564, #9579 ) ) REPRESENTATION_CONTEXT ( 'NONE', 'WORKASPACE' ) );
#4873 = CARTESIAN_POINT ( 'NONE',  ( 5.849999999999997868, -3.699999999999999289, -8.799999999999997158 ) ) ;
#4874 = CARTESIAN_POINT ( 'NONE',  ( 4.599999999999997868, -5.249999999999999112, -0.8000000000000000444 ) ) ;
#4875 = EDGE_CURVE ( 'NONE', #4796, #2006, #4087, .T. ) ;
#4876 = PRESENTATION_STYLE_ASSIGNMENT (( #6232 ) ) ;
#4877 = CARTESIAN_POINT ( 'NONE',  ( 0.2469737362473935494, -0.6820221139012839773, 0.8001000000000001444 ) ) ;
#4878 = B_SPLINE_CURVE_WITH_KNOTS ( 'NONE', 3,
 ( #9376, #4962, #5566, #314, #9281, #410, #9425, #1740, #262, #6353, #4203, #1152, #3467, #1838, #6445 ),
 .UNSPECIFIED., .F., .F.,
 ( 4, 1, 1, 1, 1, 1, 1, 1, 1, 1, 1, 1, 4 ),
 ( 0.000000000000000000, 0.1101742843534255639, 0.2157288933015797661, 0.3181035218661342756, 0.4176579306554609183, 0.5117419201483482949, 0.5962602275490722636, 0.6734045871943886707, 0.7441452171449848274, 0.8106619963208112623, 0.8740489808898759261, 0.9366912848014095072, 1.000000000000000000 ),
 .UNSPECIFIED. ) ;
#4879 = ORIENTED_EDGE ( 'NONE', *, *, #276, .T. ) ;
#4880 = UNCERTAINTY_MEASURE_WITH_UNIT (LENGTH_MEASURE( 1.000000000000000082E-05 ), #7349, 'distance_accuracy_value', 'NONE');
#4881 = EDGE_LOOP ( 'NONE', ( #4149, #841 ) ) ;
#4882 = DIRECTION ( 'NONE',  ( 1.000000000000000000, 0.000000000000000000, 0.000000000000000000 ) ) ;
#4883 = COLOUR_RGB ( '',0.9254901960784314152, 0.9254901960784314152, 0.9254901960784314152 ) ;
#4884 = CARTESIAN_POINT ( 'NONE',  ( 0.7499999999999997780, 2.446794871778500635, 0.8000000000000000444 ) ) ;
#4885 = CARTESIAN_POINT ( 'NONE',  ( 0.1999999999999997613, -1.149358974338251738, 0.8001000000000000334 ) ) ;
#4886 = LINE ( 'NONE', #9597, #2021 ) ;
#4887 = CARTESIAN_POINT ( 'NONE',  ( 0.4791473128745044607, -1.260445337649108044, 0.8001000000000001444 ) ) ;
#4888 = ADVANCED_FACE ( 'NONE', ( #9408 ), #915, .T. ) ;
#4889 =( NAMED_UNIT ( * ) PLANE_ANGLE_UNIT ( ) SI_UNIT ( $, .RADIAN. ) );
#4890 = CARTESIAN_POINT ( 'NONE',  ( 0.1695748182027320139, -0.7749759701074644402, 0.8001000000000001444 ) ) ;
#4891 = CARTESIAN_POINT ( 'NONE',  ( 0.6653846153846152411, -0.9208533653638926175, 0.8000000000000000444 ) ) ;
#4892 = DIRECTION ( 'NONE',  ( -0.5773502691896273964, 0.5773502691896273964, 0.5773502691896224004 ) ) ;
#4893 = VERTEX_POINT ( 'NONE', #7407 ) ;
#4894 = CARTESIAN_POINT ( 'NONE',  ( 0.1437722150964120538, -0.9154973885931644295, 0.8000000000000001554 ) ) ;
#4895 = AXIS2_PLACEMENT_3D ( 'NONE', #7623, #6151, #5463 ) ;
#4896 = FILL_AREA_STYLE_COLOUR ( '', #7444 ) ;
#4897 = CARTESIAN_POINT ( 'NONE',  ( -5.450000000000000178, -2.500000000000000444, -0.8001000000000000334 ) ) ;
#4898 = EDGE_CURVE ( 'NONE', #7501, #5864, #8912, .T. ) ;
#4899 = CARTESIAN_POINT ( 'NONE',  ( 0.04892820120395531547, -1.007043771879420957, 0.8000000000000001554 ) ) ;
#4900 = CYLINDRICAL_SURFACE ( 'NONE', #8138, 0.6499999999999995781 ) ;
#4901 = CARTESIAN_POINT ( 'NONE',  ( -0.2777910101977826840, 1.864735373992011613, 0.8001000000000001444 ) ) ;
#4902 = CARTESIAN_POINT ( 'NONE',  ( 0.5441557345149643510, -0.2952115718175047920, 0.8000000000000000444 ) ) ;
#4903 = AXIS2_PLACEMENT_3D ( 'NONE', #2876, #6660, #534 ) ;
#4904 = CARTESIAN_POINT ( 'NONE',  ( 4.849999999999996980, 3.700000000000000622, 2.900000000000000355 ) ) ;
#4905 = EDGE_LOOP ( 'NONE', ( #8277, #3376, #7153, #6783 ) ) ;
#4906 = ORIENTED_EDGE ( 'NONE', *, *, #2092, .T. ) ;
#4907 = VERTEX_POINT ( 'NONE', #3638 ) ;
#4908 = CARTESIAN_POINT ( 'NONE',  ( -2.299999999999999822, -2.500000000000000444, -0.8000000000000000444 ) ) ;
#4909 = CARTESIAN_POINT ( 'NONE',  ( 4.849999999999996980, -4.399999999999999467, 2.900000000000000355 ) ) ;
#4910 = ADVANCED_FACE ( 'NONE', ( #8008 ), #9655, .T. ) ;
#4911 = CARTESIAN_POINT ( 'NONE',  ( 0.5204222729604633946, -0.6735113747457213140, 0.8001000000000002554 ) ) ;
#4912 = EDGE_CURVE ( 'NONE', #66, #3328, #5737, .T. ) ;
#4913 = SURFACE_STYLE_FILL_AREA ( #4208 ) ;
#4914 = DIRECTION ( 'NONE',  ( 0.7071067811865504593, 0.000000000000000000, 0.7071067811865445751 ) ) ;
#4915 = VECTOR ( 'NONE', #6846, 1000.000000000000000 ) ;
#4916 = ORIENTED_EDGE ( 'NONE', *, *, #5702, .T. ) ;
#4917 = MECHANICAL_DESIGN_GEOMETRIC_PRESENTATION_REPRESENTATION (  '', ( #287 ), #2347 ) ;
#4918 = ORIENTED_EDGE ( 'NONE', *, *, #8347, .T. ) ;
#4919 = VECTOR ( 'NONE', #7256, 1000.000000000000114 ) ;
#4920 = VECTOR ( 'NONE', #1823, 1000.000000000000000 ) ;
#4921 =( GEOMETRIC_REPRESENTATION_CONTEXT ( 3 ) GLOBAL_UNCERTAINTY_ASSIGNED_CONTEXT ( ( #7238 ) ) GLOBAL_UNIT_ASSIGNED_CONTEXT ( ( #6756, #2099, #1462 ) ) REPRESENTATION_CONTEXT ( 'NONE', 'WORKASPACE' ) );
#4922 = SURFACE_STYLE_FILL_AREA ( #524 ) ;
#4923 = APPLICATION_PROTOCOL_DEFINITION ( 'draft international standard', 'automotive_design', 1998, #2964 ) ;
#4924 = DIRECTION ( 'NONE',  ( 0.000000000000000000, 0.000000000000000000, 1.000000000000000000 ) ) ;
#4925 = FILL_AREA_STYLE_COLOUR ( '', #6086 ) ;
#4926 = DIRECTION ( 'NONE',  ( -0.000000000000000000, 0.000000000000000000, -1.000000000000000000 ) ) ;
#4927 = CARTESIAN_POINT ( 'NONE',  ( 0.4232171474358971675, 0.3173076922936488020, 0.8000000000000000444 ) ) ;
#4928 = SURFACE_STYLE_USAGE ( .BOTH. , #3484 ) ;
#4929 = ORIENTED_EDGE ( 'NONE', *, *, #3125, .F. ) ;
#4930 = VECTOR ( 'NONE', #7003, 1000.000000000000000 ) ;
#4931 = ORIENTED_EDGE ( 'NONE', *, *, #1312, .F. ) ;
#4932 = CARTESIAN_POINT ( 'NONE',  ( 5.050000000000002487, 4.199999999999996625, 2.900000000000000355 ) ) ;
#4933 = LINE ( 'NONE', #2817, #1011 ) ;
#4934 = EDGE_CURVE ( 'NONE', #3159, #2006, #2782, .T. ) ;
#4935 = DIRECTION ( 'NONE',  ( 0.000000000000000000, 1.000000000000000000, 0.000000000000000000 ) ) ;
#4936 = CARTESIAN_POINT ( 'NONE',  ( 5.849999999999997868, 3.700000000000000622, 1.200000000000002620 ) ) ;
#4937 = FILL_AREA_STYLE_COLOUR ( '', #2717 ) ;
#4938 = CARTESIAN_POINT ( 'NONE',  ( -0.2371794871794874193, -0.5852564102356874187, 0.8000000000000000444 ) ) ;
#4939 = CARTESIAN_POINT ( 'NONE',  ( 0.000000000000000000, -3.900000000000001688, -9.000000000000001776 ) ) ;
#4941 = CARTESIAN_POINT ( 'NONE',  ( 0.3112073355946877173, -0.6513002547487980465, 0.8001000000000002554 ) ) ;
#4940 = B_SPLINE_CURVE_WITH_KNOTS ( 'NONE', 3,
 ( #1242, #8120, #8215, #3555, #4242, #2023, #7368, #7277, #5841, #4341, #2123, #3462, #6536, #4292, #1330 ),
 .UNSPECIFIED., .F., .F.,
 ( 4, 1, 1, 1, 1, 1, 1, 1, 1, 1, 1, 1, 4 ),
 ( 0.000000000000000000, 0.07964144191068081580, 0.1589080899235496835, 0.2395990092435750507, 0.3225818493691031685, 0.4059999240003185350, 0.4878426189320848039, 0.5696755987062974702, 0.6530199912508025673, 0.7374123484958471364, 0.8225584522802630305, 0.9097553709506378539, 1.000000000000000000 ),
 .UNSPECIFIED. ) ;
#4942 = SURFACE_STYLE_USAGE ( .BOTH. , #8055 ) ;
#4943 = COLOUR_RGB ( '',0.9254901960784314152, 0.9254901960784314152, 0.9254901960784314152 ) ;
#4944 = EDGE_LOOP ( 'NONE', ( #1149, #363, #1565, #5141 ) ) ;
#4945 = EDGE_CURVE ( 'NONE', #8653, #7051, #9605, .T. ) ;
#4946 = VECTOR ( 'NONE', #6633, 1000.000000000000000 ) ;
#4947 = DIRECTION ( 'NONE',  ( 0.000000000000000000, 0.000000000000000000, -1.000000000000000000 ) ) ;
#4948 = CARTESIAN_POINT ( 'NONE',  ( 0.5349815669169972754, 1.892916170717235058, 0.8001000000000001444 ) ) ;
#4949 = CARTESIAN_POINT ( 'NONE',  ( 0.4555384526022875913, 0.2180949874491500129, 0.8000000000000000444 ) ) ;
#4950 = CARTESIAN_POINT ( 'NONE',  ( -0.2371794871794874193, 1.318589743574726469, 0.8000000000000000444 ) ) ;
#4951 =( GEOMETRIC_REPRESENTATION_CONTEXT ( 3 ) GLOBAL_UNCERTAINTY_ASSIGNED_CONTEXT ( ( #381 ) ) GLOBAL_UNIT_ASSIGNED_CONTEXT ( ( #9217, #7159, #2430 ) ) REPRESENTATION_CONTEXT ( 'NONE', 'WORKASPACE' ) );
#4952 = CARTESIAN_POINT ( 'NONE',  ( -0.1494025513351472378, 2.012142382683570929, 0.8001000000000000334 ) ) ;
#4953 = CARTESIAN_POINT ( 'NONE',  ( 0.6649713021914215316, -0.08843474809638107725, 0.8001000000000000334 ) ) ;
#4954 = CARTESIAN_POINT ( 'NONE',  ( 4.849999999999996980, 3.700000000000000622, 1.200000000000002620 ) ) ;
#4955 = ORIENTED_EDGE ( 'NONE', *, *, #1035, .F. ) ;
#4956 = ORIENTED_EDGE ( 'NONE', *, *, #154, .T. ) ;
#4957 = PRESENTATION_LAYER_ASSIGNMENT (  '', '', ( #3998 ) ) ;
#4958 = CARTESIAN_POINT ( 'NONE',  ( 6.599999999999997868, 4.750000000000000000, -3.100000000000000089 ) ) ;
#4959 = EDGE_LOOP ( 'NONE', ( #6713, #4726, #2063, #2462 ) ) ;
#4960 = EDGE_CURVE ( 'NONE', #4671, #8104, #8109, .T. ) ;
#4961 = VECTOR ( 'NONE', #6599, 1000.000000000000114 ) ;
#4962 = CARTESIAN_POINT ( 'NONE',  ( 0.08691526189121810686, -0.1062677750527888931, 0.8001000000000001444 ) ) ;
#4963 = FACE_OUTER_BOUND ( 'NONE', #9078, .T. ) ;
#4964 = LINE ( 'NONE', #8649, #7632 ) ;
#4965 = VECTOR ( 'NONE', #490, 1000.000000000000000 ) ;
#4966 = CARTESIAN_POINT ( 'NONE',  ( 5.849999999999997868, 3.700000000000000622, 2.699999999999997957 ) ) ;
#4967 = DIRECTION ( 'NONE',  ( 1.000000000000000000, 0.000000000000000000, 0.000000000000000000 ) ) ;
#4968 =( NAMED_UNIT ( * ) PLANE_ANGLE_UNIT ( ) SI_UNIT ( $, .RADIAN. ) );
#4969 = EDGE_LOOP ( 'NONE', ( #8095, #963, #6782, #2509 ) ) ;
#4970 = UNCERTAINTY_MEASURE_WITH_UNIT (LENGTH_MEASURE( 1.000000000000000082E-05 ), #8614, 'distance_accuracy_value', 'NONE');
#4971 = ORIENTED_EDGE ( 'NONE', *, *, #3612, .T. ) ;
#4972 = UNCERTAINTY_MEASURE_WITH_UNIT (LENGTH_MEASURE( 1.000000000000000082E-05 ), #1367, 'distance_accuracy_value', 'NONE');
#4973 = EDGE_CURVE ( 'NONE', #8202, #4406, #5194, .T. ) ;
#4974 = AXIS2_PLACEMENT_3D ( 'NONE', #2737, #7964, #2592 ) ;
#4975 = CARTESIAN_POINT ( 'NONE',  ( 0.6517922711908460398, -1.005932111120200423, 0.8000000000000003775 ) ) ;
#4976 = CYLINDRICAL_SURFACE ( 'NONE', #651, 0.6499999999999995781 ) ;
#4977 =( NAMED_UNIT ( * ) SI_UNIT ( $, .STERADIAN. ) SOLID_ANGLE_UNIT ( ) );
#4978 = CARTESIAN_POINT ( 'NONE',  ( -5.750000000000000000, 1.499999999999999112, 0.8001000000000000334 ) ) ;
#4979 = LINE ( 'NONE', #5812, #3279 ) ;
#4980 = FILL_AREA_STYLE ('',( #4218 ) ) ;
#4981 = ORIENTED_EDGE ( 'NONE', *, *, #3746, .T. ) ;
#4982 = UNCERTAINTY_MEASURE_WITH_UNIT (LENGTH_MEASURE( 1.000000000000000082E-05 ), #8451, 'distance_accuracy_value', 'NONE');
#4983 = STYLED_ITEM ( 'NONE', ( #8090 ), #7374 ) ;
#4984 = VERTEX_POINT ( 'NONE', #539 ) ;
#4985 = EDGE_CURVE ( 'NONE', #2753, #3059, #5142, .T. ) ;
#4986 = CARTESIAN_POINT ( 'NONE',  ( 5.849999999999997868, -1.000000000000000000, 2.699999999999997957 ) ) ;
#4987 = DIRECTION ( 'NONE',  ( 0.000000000000000000, -0.000000000000000000, 1.000000000000000000 ) ) ;
#4988 = DIRECTION ( 'NONE',  ( 1.000000000000000000, 0.000000000000000000, 0.000000000000000000 ) ) ;
#4989 = CARTESIAN_POINT ( 'NONE',  ( 0.7500000000000000000, -2.559615384617575984, 0.8000000000000000444 ) ) ;
#4990 = VECTOR ( 'NONE', #4656, 1000.000000000000000 ) ;
#4991 = CARTESIAN_POINT ( 'NONE',  ( -4.250000000000000000, 4.399999999999999467, 0.8001000000000000334 ) ) ;
#4992 = DIRECTION ( 'NONE',  ( 1.885568995626964287E-16, -1.000000000000000000, 0.000000000000000000 ) ) ;
#4993 = CARTESIAN_POINT ( 'NONE',  ( 0.1999999999999997613, -0.1198717948858383786, 0.8001000000000000334 ) ) ;
#4994 = CARTESIAN_POINT ( 'NONE',  ( -0.3500000000000002554, -3.039102564104755100, 0.8001000000000000334 ) ) ;
#4995 = ORIENTED_EDGE ( 'NONE', *, *, #5871, .F. ) ;
#4996 = DIRECTION ( 'NONE',  ( 0.000000000000000000, -0.000000000000000000, 1.000000000000000000 ) ) ;
#4997 = DIRECTION ( 'NONE',  ( -1.000000000000000000, 0.000000000000000000, -0.000000000000000000 ) ) ;
#4998 = PLANE ( 'NONE',  #4779 ) ;
#4999 = CARTESIAN_POINT ( 'NONE',  ( -3.950000000000000178, -2.500000000000000444, 0.8001000000000000334 ) ) ;
#5000 = SURFACE_STYLE_USAGE ( .BOTH. , #594 ) ;
#5001 = DIRECTION ( 'NONE',  ( 0.7209840770893444217, 0.6929516293246060776, 0.000000000000000000 ) ) ;
#5002 = DIRECTION ( 'NONE',  ( 0.000000000000000000, 0.000000000000000000, -1.000000000000000000 ) ) ;
#5003 = DIRECTION ( 'NONE',  ( -1.000000000000000000, 0.000000000000000000, -0.000000000000000000 ) ) ;
#5004 = CARTESIAN_POINT ( 'NONE',  ( 0.000000000000000000, -1.499999999999995781, 2.900000000000000355 ) ) ;
#5005 = EDGE_CURVE ( 'NONE', #7165, #7111, #3979, .T. ) ;
#5006 = CARTESIAN_POINT ( 'NONE',  ( 0.7669293820356067881, -0.1645840421855066793, 0.8000000000000003775 ) ) ;
#5007 = ORIENTED_EDGE ( 'NONE', *, *, #930, .T. ) ;
#5008 = PRESENTATION_LAYER_ASSIGNMENT (  '', '', ( #5955 ) ) ;
#5009 =( NAMED_UNIT ( * ) PLANE_ANGLE_UNIT ( ) SI_UNIT ( $, .RADIAN. ) );
#5010 = ORIENTED_EDGE ( 'NONE', *, *, #679, .T. ) ;
#5011 = FACE_OUTER_BOUND ( 'NONE', #2009, .T. ) ;
#5012 = CARTESIAN_POINT ( 'NONE',  ( 4.849999999999996980, 1.000000000000000444, 1.200000000000002620 ) ) ;
#5013 = CARTESIAN_POINT ( 'NONE',  ( 0.6653846153846152411, -0.9208533653638926175, 0.8000000000000000444 ) ) ;
#5014 = AXIS2_PLACEMENT_3D ( 'NONE', #6177, #8387, #9159 ) ;
#5015 = CARTESIAN_POINT ( 'NONE',  ( -0.3500000000000002554, -1.783974358966112561, 0.8001000000000000334 ) ) ;
#5016 = FACE_OUTER_BOUND ( 'NONE', #5705, .T. ) ;
#5017 =( NAMED_UNIT ( * ) SI_UNIT ( $, .STERADIAN. ) SOLID_ANGLE_UNIT ( ) );
#5018 =( LENGTH_UNIT ( ) NAMED_UNIT ( * ) SI_UNIT ( .MILLI., .METRE. ) );
#5019 = ORIENTED_EDGE ( 'NONE', *, *, #9065, .T. ) ;
#5020 = ORIENTED_EDGE ( 'NONE', *, *, #7334, .F. ) ;
#5021 = PRESENTATION_LAYER_ASSIGNMENT (  '', '', ( #1656 ) ) ;
#5022 = VECTOR ( 'NONE', #3912, 1000.000000000000000 ) ;
#5023 =( NAMED_UNIT ( * ) PLANE_ANGLE_UNIT ( ) SI_UNIT ( $, .RADIAN. ) );
#5024 = DIRECTION ( 'NONE',  ( -0.000000000000000000, -0.000000000000000000, -1.000000000000000000 ) ) ;
#5025 = DIRECTION ( 'NONE',  ( 0.000000000000000000, 0.000000000000000000, 1.000000000000000000 ) ) ;
#5026 = ADVANCED_FACE ( 'NONE', ( #7357 ), #8725, .T. ) ;
#5027 = LINE ( 'NONE', #6459, #886 ) ;
#5028 =( GEOMETRIC_REPRESENTATION_CONTEXT ( 3 ) GLOBAL_UNCERTAINTY_ASSIGNED_CONTEXT ( ( #5070 ) ) GLOBAL_UNIT_ASSIGNED_CONTEXT ( ( #8040, #6603, #2813 ) ) REPRESENTATION_CONTEXT ( 'NONE', 'WORKASPACE' ) );
#5029 = LINE ( 'NONE', #7391, #238 ) ;
#5030 = CARTESIAN_POINT ( 'NONE',  ( 0.1601056824251780031, -0.7984601857976221240, 0.8000000000000002665 ) ) ;
#5031 = ORIENTED_EDGE ( 'NONE', *, *, #1407, .T. ) ;
#5032 = ORIENTED_EDGE ( 'NONE', *, *, #5849, .F. ) ;
#5033 = LINE ( 'NONE', #5270, #2839 ) ;
#5034 = VECTOR ( 'NONE', #6360, 1000.000000000000000 ) ;
#5035 = DIRECTION ( 'NONE',  ( -0.9796027006414900207, 0.2009441437213313475, 0.000000000000000000 ) ) ;
#5036 = SURFACE_SIDE_STYLE ('',( #1957 ) ) ;
#5037 = DIRECTION ( 'NONE',  ( 0.000000000000000000, -0.000000000000000000, 1.000000000000000000 ) ) ;
#5038 = ADVANCED_FACE ( 'NONE', ( #6616 ), #2679, .T. ) ;
#5039 = DIRECTION ( 'NONE',  ( 0.000000000000000000, 0.000000000000000000, -1.000000000000000000 ) ) ;
#5040 = ADVANCED_FACE ( 'NONE', ( #688 ), #3688, .F. ) ;
#5041 = CARTESIAN_POINT ( 'NONE',  ( 0.3995690383354940645, -0.5431579298724479310, 0.8000000000000000444 ) ) ;
#5042 = CARTESIAN_POINT ( 'NONE',  ( 0.2107221363240719125, -0.7137743468085797627, 0.8001000000000002554 ) ) ;
#5043 = CARTESIAN_POINT ( 'NONE',  ( 0.7499999999999997780, 0.5147435897445178377, 0.8001000000000000334 ) ) ;
#5044 = CARTESIAN_POINT ( 'NONE',  ( 0.03562354073578017505, 1.994290724898955647, 0.8000000000000002665 ) ) ;
#5045 = ORIENTED_EDGE ( 'NONE', *, *, #3466, .F. ) ;
#5046 = CARTESIAN_POINT ( 'NONE',  ( -0.1494025513351472378, 2.012142382683570929, 0.8000000000000000444 ) ) ;
#5047 = AXIS2_PLACEMENT_3D ( 'NONE', #7900, #5452, #6964 ) ;
#5048 = DIRECTION ( 'NONE',  ( -0.000000000000000000, -0.000000000000000000, -1.000000000000000000 ) ) ;
#5049 = DIRECTION ( 'NONE',  ( 3.469446951953613696E-16, 1.000000000000000000, 0.000000000000000000 ) ) ;
#5050 = LINE ( 'NONE', #595, #905 ) ;
#5051 = LINE ( 'NONE', #1189, #9365 ) ;
#5052 = CARTESIAN_POINT ( 'NONE',  ( -0.08076238953945034937, 2.055712629764127275, 0.7999999999999999334 ) ) ;
#5053 = CARTESIAN_POINT ( 'NONE',  ( 0.1999999999999997613, -1.149358974338251738, 0.8000000000000000444 ) ) ;
#5054 = CARTESIAN_POINT ( 'NONE',  ( 0.4921146049427735925, -0.4225002419900971695, 0.8000000000000001554 ) ) ;
#5055 = CARTESIAN_POINT ( 'NONE',  ( 4.450000000000000178, -0.6000000000000007550, 0.8000000000000000444 ) ) ;
#5056 = ORIENTED_EDGE ( 'NONE', *, *, #1198, .T. ) ;
#5057 = VECTOR ( 'NONE', #5001, 1000.000000000000000 ) ;
#5058 = ORIENTED_EDGE ( 'NONE', *, *, #8751, .F. ) ;
#5059 =( LENGTH_UNIT ( ) NAMED_UNIT ( * ) SI_UNIT ( .MILLI., .METRE. ) );
#5060 = EDGE_CURVE ( 'NONE', #5208, #6834, #9707, .T. ) ;
#5061 =( NAMED_UNIT ( * ) PLANE_ANGLE_UNIT ( ) SI_UNIT ( $, .RADIAN. ) );
#5062 = CARTESIAN_POINT ( 'NONE',  ( 0.000000000000000000, -1.200000000000003952, 2.900000000000000355 ) ) ;
#5063 =( GEOMETRIC_REPRESENTATION_CONTEXT ( 3 ) GLOBAL_UNCERTAINTY_ASSIGNED_CONTEXT ( ( #1256 ) ) GLOBAL_UNIT_ASSIGNED_CONTEXT ( ( #7817, #9271, #3407 ) ) REPRESENTATION_CONTEXT ( 'NONE', 'WORKASPACE' ) );
#5064 = FILL_AREA_STYLE_COLOUR ( '', #2295 ) ;
#5065 =( NAMED_UNIT ( * ) PLANE_ANGLE_UNIT ( ) SI_UNIT ( $, .RADIAN. ) );
#5066 = SURFACE_SIDE_STYLE ('',( #6495 ) ) ;
#5067 = CARTESIAN_POINT ( 'NONE',  ( 0.000000000000000000, 3.700000000000000622, -3.100000000000000089 ) ) ;
#5068 = ORIENTED_EDGE ( 'NONE', *, *, #7694, .T. ) ;
#5069 = ORIENTED_EDGE ( 'NONE', *, *, #6780, .T. ) ;
#5070 = UNCERTAINTY_MEASURE_WITH_UNIT (LENGTH_MEASURE( 1.000000000000000082E-05 ), #8040, 'distance_accuracy_value', 'NONE');
#5071 = AXIS2_PLACEMENT_3D ( 'NONE', #982, #2529, #7808 ) ;
#5072 =( NAMED_UNIT ( * ) SI_UNIT ( $, .STERADIAN. ) SOLID_ANGLE_UNIT ( ) );
#5073 = CARTESIAN_POINT ( 'NONE',  ( 0.6645040255077026004, -0.9496659634272131001, 0.8001000000000001444 ) ) ;
#5074 =( LENGTH_UNIT ( ) NAMED_UNIT ( * ) SI_UNIT ( .MILLI., .METRE. ) );
#5075 = CARTESIAN_POINT ( 'NONE',  ( 5.649999999999995026, 4.199999999999998401, -9.000000000000001776 ) ) ;
#5076 = VECTOR ( 'NONE', #1332, 1000.000000000000000 ) ;
#5077 = FILL_AREA_STYLE_COLOUR ( '', #5936 ) ;
#5078 = FACE_OUTER_BOUND ( 'NONE', #2708, .T. ) ;
#5079 = FILL_AREA_STYLE ('',( #3575 ) ) ;
#5080 = FACE_OUTER_BOUND ( 'NONE', #4632, .T. ) ;
#5081 = ORIENTED_EDGE ( 'NONE', *, *, #7869, .F. ) ;
#5082 = ORIENTED_EDGE ( 'NONE', *, *, #6554, .T. ) ;
#5083 = CARTESIAN_POINT ( 'NONE',  ( 0.6613315988708172721, -0.001683934030887383792, 0.8000999999999998114 ) ) ;
#5084 = EDGE_CURVE ( 'NONE', #5363, #1333, #9753, .T. ) ;
#5085 = PRESENTATION_STYLE_ASSIGNMENT (( #2000 ) ) ;
#5086 = PRESENTATION_LAYER_ASSIGNMENT (  '', '', ( #8083 ) ) ;
#5087 = CARTESIAN_POINT ( 'NONE',  ( 0.3995690383354940645, -0.5431579298724479310, 0.8000000000000002665 ) ) ;
#5088 = CARTESIAN_POINT ( 'NONE',  ( 0.6231720936891615992, -0.3676640700887141011, 0.8001000000000002554 ) ) ;
#5089 = VECTOR ( 'NONE', #2233, 1000.000000000000000 ) ;
#5090 = CARTESIAN_POINT ( 'NONE',  ( 0.4173760374542860863, -0.5435735264429535363, 0.8000000000000001554 ) ) ;
#5091 =( GEOMETRIC_REPRESENTATION_CONTEXT ( 3 ) GLOBAL_UNCERTAINTY_ASSIGNED_CONTEXT ( ( #9386 ) ) GLOBAL_UNIT_ASSIGNED_CONTEXT ( ( #4331, #1970, #1281 ) ) REPRESENTATION_CONTEXT ( 'NONE', 'WORKASPACE' ) );
#5092 = CARTESIAN_POINT ( 'NONE',  ( 0.2191706730769228395, 2.446794871778500635, 0.8001000000000000334 ) ) ;
#5093 = ORIENTED_EDGE ( 'NONE', *, *, #9706, .T. ) ;
#5094 = DIRECTION ( 'NONE',  ( 0.000000000000000000, 0.000000000000000000, -1.000000000000000000 ) ) ;
#5095 = ORIENTED_EDGE ( 'NONE', *, *, #2104, .T. ) ;
#5096 = EDGE_CURVE ( 'NONE', #1292, #3720, #3031, .T. ) ;
#5097 = CARTESIAN_POINT ( 'NONE',  ( -0.1890692403436971258, -0.3571330727226228463, 0.8000000000000002665 ) ) ;
#5098 = SURFACE_SIDE_STYLE ('',( #3452 ) ) ;
#5099 = CARTESIAN_POINT ( 'NONE',  ( -0.2653846153846156630, -0.05905448719353069420, 0.7999999999999998224 ) ) ;
#5100 = SURFACE_STYLE_FILL_AREA ( #446 ) ;
#5101 = CARTESIAN_POINT ( 'NONE',  ( 0.04269920492653982158, -0.9844812331892454083, 0.8000999999999998114 ) ) ;
#5102 = DIRECTION ( 'NONE',  ( -0.2009441437213313753, -0.9796027006414901317, 0.000000000000000000 ) ) ;
#5103 = CARTESIAN_POINT ( 'NONE',  ( 5.649999999999993250, 1.200000000000004396, 2.900000000000000355 ) ) ;
#5104 = CARTESIAN_POINT ( 'NONE',  ( -4.249999999999999112, -0.2000000000000005107, 2.000000000000000000 ) ) ;
#5105 = CARTESIAN_POINT ( 'NONE',  ( 0.7464863566138751905, -0.2250405662687066655, 0.8000999999999998114 ) ) ;
#5106 = ORIENTED_EDGE ( 'NONE', *, *, #9140, .F. ) ;
#5107 = FACE_OUTER_BOUND ( 'NONE', #7288, .T. ) ;
#5108 = ORIENTED_EDGE ( 'NONE', *, *, #7854, .T. ) ;
#5109 = CARTESIAN_POINT ( 'NONE',  ( 0.7499999999999997780, -1.882692307684061150, 0.8000000000000000444 ) ) ;
#5110 = ORIENTED_EDGE ( 'NONE', *, *, #3692, .F. ) ;
#5111 = EDGE_CURVE ( 'NONE', #4354, #8444, #4101, .T. ) ;
#5112 = AXIS2_PLACEMENT_3D ( 'NONE', #3440, #7896, #2818 ) ;
#5113 = FILL_AREA_STYLE_COLOUR ( '', #8785 ) ;
#5114 = CARTESIAN_POINT ( 'NONE',  ( 4.849999999999997868, -1.000000000000000000, 2.699999999999997957 ) ) ;
#5115 = STYLED_ITEM ( 'NONE', ( #9092 ), #5911 ) ;
#5116 = CARTESIAN_POINT ( 'NONE',  ( -0.1954854003615344726, 1.767045992971785884, 0.7999999999999999334 ) ) ;
#5117 = FACE_OUTER_BOUND ( 'NONE', #1331, .T. ) ;
#5118 = CYLINDRICAL_SURFACE ( 'NONE', #1147, 0.6499999999999995781 ) ;
#5119 = FILL_AREA_STYLE ('',( #6051 ) ) ;
#5120 =( GEOMETRIC_REPRESENTATION_CONTEXT ( 3 ) GLOBAL_UNCERTAINTY_ASSIGNED_CONTEXT ( ( #470 ) ) GLOBAL_UNIT_ASSIGNED_CONTEXT ( ( #1311, #2872, #4320 ) ) REPRESENTATION_CONTEXT ( 'NONE', 'WORKASPACE' ) );
#5121 = CARTESIAN_POINT ( 'NONE',  ( 0.2498687514600182735, 2.023110551730394668, 0.8001000000000001444 ) ) ;
#5122 = ORIENTED_EDGE ( 'NONE', *, *, #6750, .T. ) ;
#5123 = CIRCLE ( 'NONE', #3366, 0.6499999999999995781 ) ;
#5124 = VERTEX_POINT ( 'NONE', #2426 ) ;
#5125 = CARTESIAN_POINT ( 'NONE',  ( 0.1513982211442914672, -0.9884836158885251800, 0.8001000000000003665 ) ) ;
#5126 = DIRECTION ( 'NONE',  ( -1.000000000000000000, 0.000000000000000000, -1.734825361610271983E-14 ) ) ;
#5127 = STYLED_ITEM ( 'NONE', ( #2141 ), #6575 ) ;
#5128 = SURFACE_STYLE_USAGE ( .BOTH. , #5861 ) ;
#5129 = SURFACE_SIDE_STYLE ('',( #2045 ) ) ;
#5130 = LINE ( 'NONE', #1992, #3439 ) ;
#5131 =( NAMED_UNIT ( * ) SI_UNIT ( $, .STERADIAN. ) SOLID_ANGLE_UNIT ( ) );
#5132 = EDGE_CURVE ( 'NONE', #8556, #1343, #9214, .T. ) ;
#5133 = ORIENTED_EDGE ( 'NONE', *, *, #4468, .F. ) ;
#5134 = ORIENTED_EDGE ( 'NONE', *, *, #2400, .T. ) ;
#5135 = VECTOR ( 'NONE', #6976, 1000.000000000000000 ) ;
#5136 = DIRECTION ( 'NONE',  ( 0.000000000000000000, 1.000000000000000000, 0.000000000000000000 ) ) ;
#5137 = LINE ( 'NONE', #1363, #7769 ) ;
#5138 = CARTESIAN_POINT ( 'NONE',  ( 0.7583492921457480884, -0.1956975173820976188, 0.8001000000000002554 ) ) ;
#5139 = AXIS2_PLACEMENT_3D ( 'NONE', #8165, #7364, #1325 ) ;
#5140 = CARTESIAN_POINT ( 'NONE',  ( 0.4386201239261651175, 0.3167436210501978766, 0.8000999999999999224 ) ) ;
#5141 = ORIENTED_EDGE ( 'NONE', *, *, #2825, .F. ) ;
#5142 = LINE ( 'NONE', #8771, #2837 ) ;
#5143 = EDGE_LOOP ( 'NONE', ( #2371, #5882, #2596, #3218 ) ) ;
#5144 = DIRECTION ( 'NONE',  ( 1.000000000000000000, 0.000000000000000000, 0.000000000000000000 ) ) ;
#5145 = CARTESIAN_POINT ( 'NONE',  ( 0.1999999999999997613, -0.1198717948858383786, 0.8001000000000000334 ) ) ;
#5146 = CARTESIAN_POINT ( 'NONE',  ( -5.450000000000000178, -2.500000000000000444, -0.8000000000000000444 ) ) ;
#5147 = CARTESIAN_POINT ( 'NONE',  ( 0.03161396608777657796, -0.9195648700811930309, 0.7999999999999999334 ) ) ;
#5148 = PLANE ( 'NONE',  #2245 ) ;
#5149 = CARTESIAN_POINT ( 'NONE',  ( -5.750000000000000000, 1.499999999999999112, -0.8001000000000000334 ) ) ;
#5150 = DIRECTION ( 'NONE',  ( 0.000000000000000000, 1.000000000000000000, 0.000000000000000000 ) ) ;
#5151 = EDGE_CURVE ( 'NONE', #2108, #510, #140, .T. ) ;
#5152 = PRODUCT_DEFINITION_SHAPE ( 'NONE', 'NONE',  #7909 ) ;
#5153 = COLOUR_RGB ( '',0.9254901960784314152, 0.9254901960784314152, 0.9254901960784314152 ) ;
#5154 = CARTESIAN_POINT ( 'NONE',  ( -0.3052576215758669442, -0.2688925648900809540, 0.8000999999999999224 ) ) ;
#5155 = LINE ( 'NONE', #1193, #7926 ) ;
#5156 = ORIENTED_EDGE ( 'NONE', *, *, #3162, .F. ) ;
#5157 = PRESENTATION_STYLE_ASSIGNMENT (( #4436 ) ) ;
#5158 = ORIENTED_EDGE ( 'NONE', *, *, #1533, .F. ) ;
#5159 = DIRECTION ( 'NONE',  ( 0.000000000000000000, 0.000000000000000000, 1.000000000000000000 ) ) ;
#5160 = LINE ( 'NONE', #4390, #6225 ) ;
#5161 = ADVANCED_FACE ( 'NONE', ( #5107 ), #453, .F. ) ;
#5162 = CARTESIAN_POINT ( 'NONE',  ( 5.049999999999998046, -4.199999999999997513, -9.000000000000001776 ) ) ;
#5163 = LINE ( 'NONE', #3708, #2719 ) ;
#5164 = CARTESIAN_POINT ( 'NONE',  ( -0.06947279328539575360, 0.1609965498049826527, 0.7999999999999999334 ) ) ;
#5165 = PLANE ( 'NONE',  #1966 ) ;
#5166 = EDGE_CURVE ( 'NONE', #5565, #9493, #5155, .T. ) ;
#5167 = EDGE_CURVE ( 'NONE', #1485, #5816, #8786, .T. ) ;
#5168 = FACE_OUTER_BOUND ( 'NONE', #3897, .T. ) ;
#5169 = ORIENTED_EDGE ( 'NONE', *, *, #4734, .F. ) ;
#5170 = ORIENTED_EDGE ( 'NONE', *, *, #1820, .T. ) ;
#5171 = UNCERTAINTY_MEASURE_WITH_UNIT (LENGTH_MEASURE( 1.000000000000000082E-05 ), #8413, 'distance_accuracy_value', 'NONE');
#5172 =( GEOMETRIC_REPRESENTATION_CONTEXT ( 3 ) GLOBAL_UNCERTAINTY_ASSIGNED_CONTEXT ( ( #79 ) ) GLOBAL_UNIT_ASSIGNED_CONTEXT ( ( #6841, #8986, #2850 ) ) REPRESENTATION_CONTEXT ( 'NONE', 'WORKASPACE' ) );
#5173 = LINE ( 'NONE', #9688, #7625 ) ;
#5174 = DIRECTION ( 'NONE',  ( -0.000000000000000000, -0.000000000000000000, -1.000000000000000000 ) ) ;
#5175 = PRESENTATION_STYLE_ASSIGNMENT (( #760 ) ) ;
#5176 = CARTESIAN_POINT ( 'NONE',  ( -3.642919299551285432E-15, -4.199999999999993072, -9.000000000000001776 ) ) ;
#5177 = CARTESIAN_POINT ( 'NONE',  ( -4.400000000000000355, 4.549999999999998934, 0.8001000000000000334 ) ) ;
#5178 = VERTEX_POINT ( 'NONE', #5055 ) ;
#5179 = STYLED_ITEM ( 'NONE', ( #2582 ), #1380 ) ;
#5180 = AXIS2_PLACEMENT_3D ( 'NONE', #8516, #3222, #1694 ) ;
#5181 = ORIENTED_EDGE ( 'NONE', *, *, #2429, .F. ) ;
#5182 = DIRECTION ( 'NONE',  ( -0.000000000000000000, 0.7071067811865504593, 0.7071067811865445751 ) ) ;
#5183 = CARTESIAN_POINT ( 'NONE',  ( -5.100000000000000533, 1.499999999999999112, 0.8000000000000000444 ) ) ;
#5184 = EDGE_CURVE ( 'NONE', #6306, #4984, #4940, .T. ) ;
#5185 = DIRECTION ( 'NONE',  ( -0.000000000000000000, -0.000000000000000000, -1.000000000000000000 ) ) ;
#5186 = AXIS2_PLACEMENT_3D ( 'NONE', #8030, #9384, #518 ) ;
#5187 = CARTESIAN_POINT ( 'NONE',  ( -0.2063301282051284991, 1.733954326908059951, 0.8001000000000000334 ) ) ;
#5188 = PLANE ( 'NONE',  #2805 ) ;
#5189 = VECTOR ( 'NONE', #7916, 1000.000000000000000 ) ;
#5190 = CARTESIAN_POINT ( 'NONE',  ( 0.4693535902532929294, 0.3156181330915780459, 0.7999999999999997113 ) ) ;
#5191 = ORIENTED_EDGE ( 'NONE', *, *, #7811, .T. ) ;
#5192 = PLANE ( 'NONE',  #2196 ) ;
#5193 = VECTOR ( 'NONE', #7655, 1000.000000000000000 ) ;
#5194 = LINE ( 'NONE', #5830, #6972 ) ;
#5195 = ORIENTED_EDGE ( 'NONE', *, *, #6103, .F. ) ;
#5196 = FILL_AREA_STYLE ('',( #2112 ) ) ;
#5197 = CARTESIAN_POINT ( 'NONE',  ( 4.849999999999996980, -1.699999999999999734, 2.699999999999997957 ) ) ;
#5198 = SURFACE_SIDE_STYLE ('',( #3469 ) ) ;
#5199 = CARTESIAN_POINT ( 'NONE',  ( -0.3500000000000002554, 0.6134615384624666490, 0.8000000000000000444 ) ) ;
#5200 = CARTESIAN_POINT ( 'NONE',  ( 0.7499999999999997780, -1.360897435889189655, 0.8001000000000000334 ) ) ;
#5201 = PLANE ( 'NONE',  #8217 ) ;
#5202 = CARTESIAN_POINT ( 'NONE',  ( 0.1999999999999997613, -1.149358974338251738, 0.8001000000000000334 ) ) ;
#5203 = AXIS2_PLACEMENT_3D ( 'NONE', #5177, #8999, #2967 ) ;
#5204 = DIRECTION ( 'NONE',  ( 1.000000000000000000, 0.000000000000000000, -1.807288226314436241E-13 ) ) ;
#5205 = CARTESIAN_POINT ( 'NONE',  ( 4.849999999999996980, 1.000000000000000444, 2.900000000000000355 ) ) ;
#5206 = ORIENTED_EDGE ( 'NONE', *, *, #9335, .T. ) ;
#5207 = CARTESIAN_POINT ( 'NONE',  ( 0.03076923076923048297, -0.8891225961331233885, 0.8000000000000000444 ) ) ;
#5208 = VERTEX_POINT ( 'NONE', #4198 ) ;
#5209 = STYLED_ITEM ( 'NONE', ( #919 ), #2607 ) ;
#5210 = CARTESIAN_POINT ( 'NONE',  ( 0.3777347722162264776, -0.5432244450295997673, 0.8000999999999998114 ) ) ;
#5211 = EDGE_CURVE ( 'NONE', #7501, #1122, #7323, .T. ) ;
#5212 = LINE ( 'NONE', #7376, #900 ) ;
#5213 = FACE_OUTER_BOUND ( 'NONE', #1575, .T. ) ;
#5214 = DIRECTION ( 'NONE',  ( 0.000000000000000000, 0.7071067811865505703, -0.7071067811865444641 ) ) ;
#5215 = VECTOR ( 'NONE', #7558, 1000.000000000000000 ) ;
#5216 = ORIENTED_EDGE ( 'NONE', *, *, #4079, .T. ) ;
#5217 = VERTEX_POINT ( 'NONE', #2842 ) ;
#5218 = EDGE_CURVE ( 'NONE', #1317, #2917, #1929, .T. ) ;
#5219 = VECTOR ( 'NONE', #2902, 1000.000000000000000 ) ;
#5220 = EDGE_CURVE ( 'NONE', #3435, #2764, #6581, .T. ) ;
#5221 = CARTESIAN_POINT ( 'NONE',  ( 0.1999999999999997613, -1.149358974338251738, 0.8001000000000000334 ) ) ;
#5222 = SURFACE_SIDE_STYLE ('',( #6163 ) ) ;
#5223 = FACE_OUTER_BOUND ( 'NONE', #4304, .T. ) ;
#5224 = ORIENTED_EDGE ( 'NONE', *, *, #3450, .T. ) ;
#5225 =( GEOMETRIC_REPRESENTATION_CONTEXT ( 3 ) GLOBAL_UNCERTAINTY_ASSIGNED_CONTEXT ( ( #3567 ) ) GLOBAL_UNIT_ASSIGNED_CONTEXT ( ( #5688, #4889, #1028 ) ) REPRESENTATION_CONTEXT ( 'NONE', 'WORKASPACE' ) );
#5226 = ORIENTED_EDGE ( 'NONE', *, *, #5625, .F. ) ;
#5227 = ADVANCED_FACE ( 'NONE', ( #2793 ), #8878, .T. ) ;
#5228 = STYLED_ITEM ( 'NONE', ( #4131 ), #4432 ) ;
#5229 = CARTESIAN_POINT ( 'NONE',  ( 4.849999999999997868, -1.000000000000000000, 1.200000000000002620 ) ) ;
#5230 = SURFACE_SIDE_STYLE ('',( #6807 ) ) ;
#5231 = B_SPLINE_SURFACE_WITH_KNOTS ( 'NONE', 3, 1, ( 
 ( #5500, #7056 ),
 ( #4133, #6378 ),
 ( #7007, #6288 ),
 ( #8496, #4689 ),
 ( #7104, #3394 ),
 ( #9260, #4787 ),
 ( #1674, #1026 ),
 ( #7760, #7709 ),
 ( #8624, #8538 ),
 ( #3986, #6423 ),
 ( #9401, #9308 ) ),
 .UNSPECIFIED., .F., .F., .F.,
 ( 4, 1, 1, 1, 1, 1, 1, 1, 4 ),
 ( 2, 2 ),
 ( 0.000000000000000000, 0.1642892164747617734, 0.3174059112304907226, 0.4588436116410198884, 0.5893665423053094932, 0.7078313187781722915, 0.8157700306990043337, 0.9128799029021257283, 1.000000000000000000 ),
 ( 0.000000000000000000, 1.000000000000000000 ),
 .UNSPECIFIED. ) ;
#5232 = CARTESIAN_POINT ( 'NONE',  ( 0.7595967913564730667, -0.7968127908623571232, 0.8001000000000001444 ) ) ;
#5233 = CARTESIAN_POINT ( 'NONE',  ( 6.249999999999996447, -1.699999999999999734, 0.8000000000000000444 ) ) ;
#5234 = CARTESIAN_POINT ( 'NONE',  ( -0.3395728448168258695, 0.1026530984436353766, 0.8000000000000002665 ) ) ;
#5235 = CARTESIAN_POINT ( 'NONE',  ( 0.6371794871794869142, -1.783974358966112561, 0.8000000000000000444 ) ) ;
#5236 = EDGE_LOOP ( 'NONE', ( #3565, #9192, #745, #6498 ) ) ;
#5237 = LINE ( 'NONE', #640, #5257 ) ;
#5238 = EDGE_CURVE ( 'NONE', #9373, #4852, #9466, .T. ) ;
#5239 = CARTESIAN_POINT ( 'NONE',  ( 0.4326923076923074873, 0.2185897435757000740, 0.8001000000000000334 ) ) ;
#5240 = ORIENTED_EDGE ( 'NONE', *, *, #2858, .F. ) ;
#5241 = CARTESIAN_POINT ( 'NONE',  ( -0.3780214831848045520, -0.07023061828719610877, 0.8000000000000001554 ) ) ;
#5242 = FACE_BOUND ( 'NONE', #124, .T. ) ;
#5243 = LINE ( 'NONE', #2275, #5591 ) ;
#5244 = LINE ( 'NONE', #6085, #9503 ) ;
#5245 = PLANE ( 'NONE',  #5047 ) ;
#5246 = VECTOR ( 'NONE', #7905, 1000.000000000000114 ) ;
#5247 = AXIS2_PLACEMENT_3D ( 'NONE', #9613, #7562, #9763 ) ;
#5248 = CARTESIAN_POINT ( 'NONE',  ( 5.849999999999997868, -4.400000000000000355, 2.699999999999997957 ) ) ;
#5249 = CARTESIAN_POINT ( 'NONE',  ( -2.299999999999999822, -2.500000000000000444, -0.8001000000000000334 ) ) ;
#5250 = DIRECTION ( 'NONE',  ( 0.000000000000000000, 1.000000000000000000, 0.000000000000000000 ) ) ;
#5251 = CARTESIAN_POINT ( 'NONE',  ( 0.1999999999999997613, -0.1198717948858383786, 0.8000000000000000444 ) ) ;
#5252 = CARTESIAN_POINT ( 'NONE',  ( 0.6652448348717181492, -0.07059488299690268309, 0.7999999999999998224 ) ) ;
#5253 = EDGE_CURVE ( 'NONE', #5481, #4262, #3700, .T. ) ;
#5254 = ORIENTED_EDGE ( 'NONE', *, *, #34, .T. ) ;
#5255 = VECTOR ( 'NONE', #7112, 1000.000000000000000 ) ;
#5256 = SURFACE_STYLE_FILL_AREA ( #8357 ) ;
#5257 = VECTOR ( 'NONE', #6025, 1000.000000000000000 ) ;
#5258 = EDGE_LOOP ( 'NONE', ( #2238, #6499, #9350, #7001 ) ) ;
#5259 = ORIENTED_EDGE ( 'NONE', *, *, #5376, .T. ) ;
#5260 = PLANE ( 'NONE',  #1275 ) ;
#5261 = SURFACE_STYLE_USAGE ( .BOTH. , #3209 ) ;
#5262 = CARTESIAN_POINT ( 'NONE',  ( -0.2415219472210941021, -0.3273080313883471315, 0.8001000000000000334 ) ) ;
#5263 = DIRECTION ( 'NONE',  ( 0.000000000000000000, 0.000000000000000000, -1.000000000000000000 ) ) ;
#5264 = CARTESIAN_POINT ( 'NONE',  ( -0.2584462284522496267, 0.007975776819264385892, 0.8001000000000001444 ) ) ;
#5265 = EDGE_CURVE ( 'NONE', #7720, #8402, #1566, .T. ) ;
#5266 = EDGE_LOOP ( 'NONE', ( #1408, #6362, #8462, #5224 ) ) ;
#5267 = CARTESIAN_POINT ( 'NONE',  ( -0.1585553731656852983, 0.1467939877949832328, 0.8000000000000004885 ) ) ;
#5268 = ORIENTED_EDGE ( 'NONE', *, *, #1548, .T. ) ;
#5269 = MECHANICAL_DESIGN_GEOMETRIC_PRESENTATION_REPRESENTATION (  '', ( #4615 ), #9026 ) ;
#5270 = CARTESIAN_POINT ( 'NONE',  ( 0.7499999999999997780, -2.559615384617575984, 0.8000000000000000444 ) ) ;
#5271 =( NAMED_UNIT ( * ) SI_UNIT ( $, .STERADIAN. ) SOLID_ANGLE_UNIT ( ) );
#5272 = AXIS2_PLACEMENT_3D ( 'NONE', #749, #6886, #8315 ) ;
#5273 = CARTESIAN_POINT ( 'NONE',  ( -0.3500000000000002554, -1.882692307684061150, 0.8000000000000000444 ) ) ;
#5274 = CARTESIAN_POINT ( 'NONE',  ( -0.3500000000000002554, -1.882692307684061150, 0.8001000000000000334 ) ) ;
#5275 = PRESENTATION_LAYER_ASSIGNMENT (  '', '', ( #6063 ) ) ;
#5276 = DIRECTION ( 'NONE',  ( 1.239088197126291458E-15, 1.000000000000000000, 0.000000000000000000 ) ) ;
#5277 = DIRECTION ( 'NONE',  ( 0.5773502691896240657, -0.5773502691896240657, -0.5773502691896289507 ) ) ;
#5278 = EDGE_CURVE ( 'NONE', #101, #3794, #1384, .T. ) ;
#5279 = ORIENTED_EDGE ( 'NONE', *, *, #6986, .F. ) ;
#5280 = VERTEX_POINT ( 'NONE', #6922 ) ;
#5281 = VECTOR ( 'NONE', #1430, 1000.000000000000000 ) ;
#5282 = MECHANICAL_DESIGN_GEOMETRIC_PRESENTATION_REPRESENTATION (  '', ( #9506 ), #2229 ) ;
#5283 = LINE ( 'NONE', #628, #6653 ) ;
#5284 = FILL_AREA_STYLE_COLOUR ( '', #7790 ) ;
#5285 = CARTESIAN_POINT ( 'NONE',  ( -0.3500000000000002554, -1.036538461517738874, 0.8001000000000000334 ) ) ;
#5286 = DIRECTION ( 'NONE',  ( -0.000000000000000000, -0.000000000000000000, -1.000000000000000000 ) ) ;
#5287 = CARTESIAN_POINT ( 'NONE',  ( 0.7030101774277566218, -0.6882059946261354089, 0.8001000000000001444 ) ) ;
#5288 = CARTESIAN_POINT ( 'NONE',  ( 0.2803050189644828438, -0.5558752351196167840, 0.7999999999999998224 ) ) ;
#5289 = AXIS2_PLACEMENT_3D ( 'NONE', #1768, #8452, #882 ) ;
#5290 = LINE ( 'NONE', #41, #402 ) ;
#5291 = CARTESIAN_POINT ( 'NONE',  ( -0.3500000000000002554, -3.039102564104755100, 0.8000000000000000444 ) ) ;
#5292 = EDGE_CURVE ( 'NONE', #2006, #5659, #3145, .T. ) ;
#5293 = ORIENTED_EDGE ( 'NONE', *, *, #1216, .F. ) ;
#5294 = EDGE_CURVE ( 'NONE', #7527, #3634, #2042, .T. ) ;
#5295 = AXIS2_PLACEMENT_3D ( 'NONE', #1732, #9133, #5515 ) ;
#5296 = SURFACE_SIDE_STYLE ('',( #6868 ) ) ;
#5297 = CARTESIAN_POINT ( 'NONE',  ( 0.2270829890987020594, 0.06068710858596206015, 0.8001000000000000334 ) ) ;
#5298 = ORIENTED_EDGE ( 'NONE', *, *, #2916, .T. ) ;
#5299 = CARTESIAN_POINT ( 'NONE',  ( 0.5540412591306143053, 1.869555605432821954, 0.7999999999999999334 ) ) ;
#5300 = CARTESIAN_POINT ( 'NONE',  ( 4.849999999999997868, -1.000000000000000000, 1.200000000000002620 ) ) ;
#5301 = CARTESIAN_POINT ( 'NONE',  ( -0.2640932104815100212, -0.09604316400162961342, 0.8000999999999999224 ) ) ;
#5302 = PRESENTATION_LAYER_ASSIGNMENT (  '', '', ( #1915 ) ) ;
#5303 = PLANE ( 'NONE',  #7886 ) ;
#5304 = CARTESIAN_POINT ( 'NONE',  ( 0.6304759316063840435, 1.635440928387343673, 0.8001000000000000334 ) ) ;
#5305 = DIRECTION ( 'NONE',  ( 1.000000000000000000, 0.000000000000000000, 0.000000000000000000 ) ) ;
#5306 = DIRECTION ( 'NONE',  ( -0.000000000000000000, -0.000000000000000000, -1.000000000000000000 ) ) ;
#5307 = CARTESIAN_POINT ( 'NONE',  ( 0.2488109141680288905, 0.1087017602033265723, 0.8000000000000002665 ) ) ;
#5308 = DIRECTION ( 'NONE',  ( -1.000000000000000000, 0.000000000000000000, 0.000000000000000000 ) ) ;
#5309 = ORIENTED_EDGE ( 'NONE', *, *, #1533, .T. ) ;
#5310 = ORIENTED_EDGE ( 'NONE', *, *, #2130, .T. ) ;
#5311 = ORIENTED_EDGE ( 'NONE', *, *, #1888, .T. ) ;
#5312 = DIRECTION ( 'NONE',  ( 1.000000000000000000, 0.000000000000000000, 8.241516450449084024E-14 ) ) ;
#5313 = EDGE_CURVE ( 'NONE', #2981, #3818, #7614, .T. ) ;
#5314 = CARTESIAN_POINT ( 'NONE',  ( 0.7168879398995340324, 1.810519859678527244, 0.8001000000000001444 ) ) ;
#5315 = SURFACE_SIDE_STYLE ('',( #13 ) ) ;
#5316 = VECTOR ( 'NONE', #4196, 1000.000000000000000 ) ;
#5317 = CARTESIAN_POINT ( 'NONE',  ( 0.08139606021279428838, -0.04061638770891411870, 0.8000000000000001554 ) ) ;
#5318 = CARTESIAN_POINT ( 'NONE',  ( -0.3500000000000002554, -2.094230769232960032, 0.8000000000000000444 ) ) ;
#5319 = PLANE ( 'NONE',  #4858 ) ;
#5320 = ORIENTED_EDGE ( 'NONE', *, *, #6311, .T. ) ;
#5321 = ORIENTED_EDGE ( 'NONE', *, *, #7694, .F. ) ;
#5322 = VERTEX_POINT ( 'NONE', #8264 ) ;
#5323 =( NAMED_UNIT ( * ) PLANE_ANGLE_UNIT ( ) SI_UNIT ( $, .RADIAN. ) );
#5324 = FILL_AREA_STYLE_COLOUR ( '', #6859 ) ;
#5325 = CARTESIAN_POINT ( 'NONE',  ( -0.02479090086765797438, 0.2537398101426576735, 0.8000999999999995893 ) ) ;
#5326 = LINE ( 'NONE', #1353, #3603 ) ;
#5327 = LINE ( 'NONE', #3866, #7875 ) ;
#5328 = CARTESIAN_POINT ( 'NONE',  ( 0.4679487179487177295, -1.163461538440815568, 0.8001000000000000334 ) ) ;
#5329 = VERTEX_POINT ( 'NONE', #6094 ) ;
#5330 = VERTEX_POINT ( 'NONE', #7671 ) ;
#5331 = MECHANICAL_DESIGN_GEOMETRIC_PRESENTATION_REPRESENTATION (  '', ( #9395 ), #8767 ) ;
#5332 = CARTESIAN_POINT ( 'NONE',  ( 0.2542717055064735443, 2.121848681266265135, 0.8000000000000001554 ) ) ;
#5333 = SURFACE_SIDE_STYLE ('',( #6757 ) ) ;
#5334 = ADVANCED_FACE ( 'NONE', ( #7466 ), #9077, .T. ) ;
#5335 = PLANE ( 'NONE',  #8576 ) ;
#5336 = CARTESIAN_POINT ( 'NONE',  ( -0.2354080710617298955, 1.504073750298610124, 0.8000999999999998114 ) ) ;
#5337 = FACE_OUTER_BOUND ( 'NONE', #6095, .T. ) ;
#5338 = B_SPLINE_CURVE_WITH_KNOTS ( 'NONE', 3,
 ( #9167, #9220, #196, #7010, #2481, #4033, #5550, #1676, #4790, #3244, #978, #2526, #2580, #144, #7059, #9262, #292, #4887, #242 ),
 .UNSPECIFIED., .F., .F.,
 ( 4, 1, 1, 1, 1, 1, 1, 1, 1, 1, 1, 1, 1, 1, 1, 1, 4 ),
 ( 0.000000000000000000, 0.06542953217144087397, 0.1287248750926145435, 0.1902605342716787162, 0.2507565503513353167, 0.3108550608925595427, 0.3707755203927198262, 0.4318826388436725616, 0.4937988059782172923, 0.5561672837585600604, 0.6172933022929950608, 0.6786268373557865496, 0.7406781131058424172, 0.8029601009541356138, 0.8667855014612820819, 0.9323384967828300951, 1.000000000000000000 ),
 .UNSPECIFIED. ) ;
#5339 = DIRECTION ( 'NONE',  ( -0.000000000000000000, -0.000000000000000000, -1.000000000000000000 ) ) ;
#5340 = AXIS2_PLACEMENT_3D ( 'NONE', #8531, #9212, #136 ) ;
#5341 = CARTESIAN_POINT ( 'NONE',  ( -0.1044937830290530723, 0.2603745927192699372, 0.8000000000000003775 ) ) ;
#5342 = FACE_OUTER_BOUND ( 'NONE', #6785, .T. ) ;
#5343 = ORIENTED_EDGE ( 'NONE', *, *, #6837, .F. ) ;
#5344 = CARTESIAN_POINT ( 'NONE',  ( -2.450000000000000178, -2.500000000000000444, 0.8001000000000000334 ) ) ;
#5345 = DIRECTION ( 'NONE',  ( 1.000000000000000000, 0.000000000000000000, 0.000000000000000000 ) ) ;
#5346 = ORIENTED_EDGE ( 'NONE', *, *, #5947, .F. ) ;
#5347 = MECHANICAL_DESIGN_GEOMETRIC_PRESENTATION_REPRESENTATION (  '', ( #1656 ), #8331 ) ;
#5348 = VECTOR ( 'NONE', #2257, 1000.000000000000114 ) ;
#5349 = CARTESIAN_POINT ( 'NONE',  ( 0.4399053336405474579, 1.969971286376690278, 0.8000000000000002665 ) ) ;
#5350 = ADVANCED_FACE ( 'NONE', ( #9764 ), #4433, .T. ) ;
#5351 = DIRECTION ( 'NONE',  ( 1.000000000000000000, 0.000000000000000000, 0.000000000000000000 ) ) ;
#5352 = EDGE_CURVE ( 'NONE', #3174, #8556, #4645, .T. ) ;
#5353 = LINE ( 'NONE', #8349, #656 ) ;
#5354 = SURFACE_STYLE_USAGE ( .BOTH. , #6918 ) ;
#5355 = CARTESIAN_POINT ( 'NONE',  ( 5.049999999999998934, -3.699999999999999289, -9.000000000000001776 ) ) ;
#5356 = FACE_OUTER_BOUND ( 'NONE', #7579, .T. ) ;
#5357 = PLANE ( 'NONE',  #8625 ) ;
#5358 = DIRECTION ( 'NONE',  ( -1.000000000000000000, -0.000000000000000000, 0.000000000000000000 ) ) ;
#5359 = VECTOR ( 'NONE', #7547, 1000.000000000000000 ) ;
#5360 = PRESENTATION_STYLE_ASSIGNMENT (( #9027 ) ) ;
#5361 = VERTEX_POINT ( 'NONE', #5990 ) ;
#5362 = PRESENTATION_STYLE_ASSIGNMENT (( #9767 ) ) ;
#5363 = VERTEX_POINT ( 'NONE', #8268 ) ;
#5364 = VERTEX_POINT ( 'NONE', #9769 ) ;
#5365 = VECTOR ( 'NONE', #9338, 1000.000000000000000 ) ;
#5366 = FACE_OUTER_BOUND ( 'NONE', #529, .T. ) ;
#5367 = DIRECTION ( 'NONE',  ( -1.000000000000000000, 1.239088197126291458E-15, 0.000000000000000000 ) ) ;
#5368 = DIRECTION ( 'NONE',  ( -1.000000000000000000, 1.239088197126291458E-15, 0.000000000000000000 ) ) ;
#5369 = CARTESIAN_POINT ( 'NONE',  ( 5.849999999999997868, 3.700000000000000622, 2.900000000000000355 ) ) ;
#5370 = CARTESIAN_POINT ( 'NONE',  ( 0.6607338799795680062, -0.8656059721979090238, 0.8001000000000000334 ) ) ;
#5371 = EDGE_LOOP ( 'NONE', ( #7517, #7227, #7455, #9374 ) ) ;
#5372 = EDGE_LOOP ( 'NONE', ( #807, #6474, #6642, #5268 ) ) ;
#5373 = AXIS2_PLACEMENT_3D ( 'NONE', #5769, #379, #479 ) ;
#5374 = CARTESIAN_POINT ( 'NONE',  ( -0.2368364470761873120, 0.06618746306658544742, 0.8000000000000003775 ) ) ;
#5375 = ORIENTED_EDGE ( 'NONE', *, *, #5886, .F. ) ;
#5376 = EDGE_CURVE ( 'NONE', #9770, #8949, #3558, .T. ) ;
#5377 = SURFACE_SIDE_STYLE ('',( #2304 ) ) ;
#5378 = DIRECTION ( 'NONE',  ( 0.000000000000000000, 0.000000000000000000, 1.000000000000000000 ) ) ;
#5379 =( GEOMETRIC_REPRESENTATION_CONTEXT ( 3 ) GLOBAL_UNCERTAINTY_ASSIGNED_CONTEXT ( ( #179 ) ) GLOBAL_UNIT_ASSIGNED_CONTEXT ( ( #2985, #833, #8919 ) ) REPRESENTATION_CONTEXT ( 'NONE', 'WORKASPACE' ) );
#5380 = CARTESIAN_POINT ( 'NONE',  ( -0.09240785256410283255, 0.2608974358833923701, 0.8000000000000000444 ) ) ;
#5381 = CARTESIAN_POINT ( 'NONE',  ( 0.5242353247504573099, -0.3056190045316933279, 0.8001000000000001444 ) ) ;
#5382 = DIRECTION ( 'NONE',  ( 1.000000000000000000, 0.000000000000000000, 0.000000000000000000 ) ) ;
#5383 = CARTESIAN_POINT ( 'NONE',  ( -1.599999999999999645, -0.3500000000000004774, 0.8000000000000000444 ) ) ;
#5384 = ORIENTED_EDGE ( 'NONE', *, *, #9163, .F. ) ;
#5385 = UNCERTAINTY_MEASURE_WITH_UNIT (LENGTH_MEASURE( 1.000000000000000082E-05 ), #2702, 'distance_accuracy_value', 'NONE');
#5386 = ORIENTED_EDGE ( 'NONE', *, *, #3466, .T. ) ;
#5387 = UNCERTAINTY_MEASURE_WITH_UNIT (LENGTH_MEASURE( 1.000000000000000082E-05 ), #7687, 'distance_accuracy_value', 'NONE');
#5388 = VECTOR ( 'NONE', #7115, 1000.000000000000000 ) ;
#5389 = DIRECTION ( 'NONE',  ( -1.414176746720223153E-16, 1.000000000000000000, -0.000000000000000000 ) ) ;
#5390 = SURFACE_STYLE_FILL_AREA ( #4619 ) ;
#5391 =( NAMED_UNIT ( * ) PLANE_ANGLE_UNIT ( ) SI_UNIT ( $, .RADIAN. ) );
#5392 =( LENGTH_UNIT ( ) NAMED_UNIT ( * ) SI_UNIT ( .MILLI., .METRE. ) );
#5393 = CARTESIAN_POINT ( 'NONE',  ( 0.7782051282051279939, -0.9265825320305592916, 0.8000000000000002665 ) ) ;
#5394 = CARTESIAN_POINT ( 'NONE',  ( 0.5047864864561167897, 2.053212189813712119, 0.7999999999999999334 ) ) ;
#5395 = CARTESIAN_POINT ( 'NONE',  ( -0.2371794871794874193, 1.318589743574726469, 0.8001000000000000334 ) ) ;
#5396 = EDGE_LOOP ( 'NONE', ( #494, #8950, #7932, #780 ) ) ;
#5397 = EDGE_CURVE ( 'NONE', #6262, #2599, #6682, .T. ) ;
#5398 = ORIENTED_EDGE ( 'NONE', *, *, #4408, .T. ) ;
#5399 = DIRECTION ( 'NONE',  ( 0.000000000000000000, 0.000000000000000000, 1.000000000000000000 ) ) ;
#5400 = PLANE ( 'NONE',  #4007 ) ;
#5401 = CARTESIAN_POINT ( 'NONE',  ( 0.04412177394129183916, -0.7835335776195460067, 0.8000999999999998114 ) ) ;
#5402 = CARTESIAN_POINT ( 'NONE',  ( 4.849999999999997868, -3.699999999999999289, 2.900000000000000355 ) ) ;
#5403 = COLOUR_RGB ( '',0.9254901960784314152, 0.9254901960784314152, 0.9254901960784314152 ) ;
#5404 = B_SPLINE_SURFACE_WITH_KNOTS ( 'NONE', 3, 1, ( 
 ( #9299, #1119 ),
 ( #3433, #8710 ),
 ( #8664, #1905 ),
 ( #281, #5633 ),
 ( #8619, #1809 ),
 ( #7992, #6371 ),
 ( #3338, #234 ),
 ( #4877, #8757 ),
 ( #7891, #4169 ),
 ( #334, #3387 ),
 ( #7198, #6416 ),
 ( #2715, #6327 ),
 ( #1856, #1167 ),
 ( #5771, #5030 ),
 ( #971, #5585 ),
 ( #8578, #1760 ),
 ( #4826, #6219 ),
 ( #5530, #269 ),
 ( #1700, #1610 ) ),
 .UNSPECIFIED., .F., .F., .F.,
 ( 4, 1, 1, 1, 1, 1, 1, 1, 1, 1, 1, 1, 1, 1, 1, 1, 4 ),
 ( 2, 2 ),
 ( 0.000000000000000000, 0.06535769722435472162, 0.1273889086071897658, 0.1883681164511442907, 0.2472296756523008898, 0.3056493723966349219, 0.3633319549722096586, 0.4226570474974937763, 0.4826892282940057899, 0.5433080127427423189, 0.6041316239172709324, 0.6649844397723432277, 0.7272324816792614666, 0.7914474737288118567, 0.8580417259885739778, 0.9270297638544174879, 1.000000000000000000 ),
 ( 0.000000000000000000, 1.000000000000000000 ),
 .UNSPECIFIED. ) ;
#5405 = VECTOR ( 'NONE', #1672, 1000.000000000000000 ) ;
#5406 = DIRECTION ( 'NONE',  ( -0.000000000000000000, 0.000000000000000000, 1.000000000000000000 ) ) ;
#5407 = EDGE_CURVE ( 'NONE', #8136, #995, #4542, .T. ) ;
#5408 = EDGE_LOOP ( 'NONE', ( #7278, #5661 ) ) ;
#5409 = B_SPLINE_CURVE_WITH_KNOTS ( 'NONE', 3,
 ( #4401, #4555, #6059, #24, #5125, #3715, #6007, #8943, #6643, #8139, #5221 ),
 .UNSPECIFIED., .F., .F.,
 ( 4, 1, 1, 1, 1, 1, 1, 1, 4 ),
 ( 0.000000000000000000, 0.1022030370352200318, 0.2110233423738754888, 0.3250996615652080868, 0.4465020971348897527, 0.5737877176488560549, 0.7089007097660658951, 0.8503578712934005690, 1.000000000000000000 ),
 .UNSPECIFIED. ) ;
#5410 = ORIENTED_EDGE ( 'NONE', *, *, #5151, .T. ) ;
#5411 = EDGE_LOOP ( 'NONE', ( #9130, #1736, #4711, #2559 ) ) ;
#5412 =( GEOMETRIC_REPRESENTATION_CONTEXT ( 3 ) GLOBAL_UNCERTAINTY_ASSIGNED_CONTEXT ( ( #8146 ) ) GLOBAL_UNIT_ASSIGNED_CONTEXT ( ( #8461, #7, #3747 ) ) REPRESENTATION_CONTEXT ( 'NONE', 'WORKASPACE' ) );
#5413 = LINE ( 'NONE', #1593, #3806 ) ;
#5414 = VECTOR ( 'NONE', #2282, 1000.000000000000114 ) ;
#5415 = FACE_OUTER_BOUND ( 'NONE', #5658, .T. ) ;
#5416 = CARTESIAN_POINT ( 'NONE',  ( 0.7272605088443694354, 1.775711626326549553, 0.8000999999999999224 ) ) ;
#5417 = CARTESIAN_POINT ( 'NONE',  ( -0.3780214831848045520, -0.07023061828719610877, 0.8001000000000001444 ) ) ;
#5418 = FACE_OUTER_BOUND ( 'NONE', #6844, .T. ) ;
#5419 = PRESENTATION_STYLE_ASSIGNMENT (( #2341 ) ) ;
#5420 = LINE ( 'NONE', #9233, #9107 ) ;
#5421 = VECTOR ( 'NONE', #7721, 1000.000000000000000 ) ;
#5422 = EDGE_CURVE ( 'NONE', #2096, #2413, #2290, .T. ) ;
#5423 = EDGE_LOOP ( 'NONE', ( #2808, #6233, #2246, #8405 ) ) ;
#5424 = CARTESIAN_POINT ( 'NONE',  ( -0.2529606711986724932, 0.02843564785099602157, 0.8000000000000004885 ) ) ;
#5425 = VERTEX_POINT ( 'NONE', #3848 ) ;
#5426 = PLANE ( 'NONE',  #5180 ) ;
#5427 = STYLED_ITEM ( 'NONE', ( #3617 ), #5783 ) ;
#5428 = PLANE ( 'NONE',  #8860 ) ;
#5429 = CARTESIAN_POINT ( 'NONE',  ( -0.3739540360331237157, -0.1182255325112554489, 0.8001000000000001444 ) ) ;
#5430 = CARTESIAN_POINT ( 'NONE',  ( 0.3201150768791090062, 0.3013133185857442276, 0.8000999999999999224 ) ) ;
#5431 = CARTESIAN_POINT ( 'NONE',  ( 0.4399053336405474579, 1.969971286376690278, 0.8001000000000002554 ) ) ;
#5432 = LINE ( 'NONE', #9052, #9100 ) ;
#5433 = EDGE_LOOP ( 'NONE', ( #5681, #4603, #2883, #5792 ) ) ;
#5434 = AXIS2_PLACEMENT_3D ( 'NONE', #7878, #1049, #411 ) ;
#5435 = ORIENTED_EDGE ( 'NONE', *, *, #3360, .F. ) ;
#5436 = DIRECTION ( 'NONE',  ( 1.239088197126291458E-15, 1.000000000000000000, 0.000000000000000000 ) ) ;
#5437 = SURFACE_SIDE_STYLE ('',( #3124 ) ) ;
#5438 = CARTESIAN_POINT ( 'NONE',  ( 0.7121981416758953465, -1.129289421793883141, 0.8001000000000001444 ) ) ;
#5439 =( LENGTH_UNIT ( ) NAMED_UNIT ( * ) SI_UNIT ( .MILLI., .METRE. ) );
#5440 = COLOUR_RGB ( '',0.9254901960784314152, 0.9254901960784314152, 0.9254901960784314152 ) ;
#5441 = EDGE_CURVE ( 'NONE', #2764, #7631, #153, .T. ) ;
#5442 = DIRECTION ( 'NONE',  ( 0.9209995595737977547, -0.3895636164541940172, 0.000000000000000000 ) ) ;
#5443 = CARTESIAN_POINT ( 'NONE',  ( 0.7499999999999997780, -2.559615384617575984, 0.8001000000000000334 ) ) ;
#5444 = SURFACE_STYLE_USAGE ( .BOTH. , #9112 ) ;
#5445 = VERTEX_POINT ( 'NONE', #6971 ) ;
#5446 = COLOUR_RGB ( '',0.9254901960784314152, 0.9254901960784314152, 0.9254901960784314152 ) ;
#5447 = AXIS2_PLACEMENT_3D ( 'NONE', #7340, #3573, #2658 ) ;
#5448 = FILL_AREA_STYLE ('',( #7759 ) ) ;
#5449 = PLANE ( 'NONE',  #8709 ) ;
#5450 = VECTOR ( 'NONE', #7105, 1000.000000000000000 ) ;
#5451 = CARTESIAN_POINT ( 'NONE',  ( -0.3769141664074866505, -0.01761748020088924060, 0.8000999999999999224 ) ) ;
#5452 = DIRECTION ( 'NONE',  ( 0.000000000000000000, 0.7071067811865444641, -0.7071067811865505703 ) ) ;
#5453 = CARTESIAN_POINT ( 'NONE',  ( 0.6165244843032147148, 1.734053738603140049, 0.8000999999999999224 ) ) ;
#5454 = CARTESIAN_POINT ( 'NONE',  ( -0.3500000000000002554, 2.348076923060551824, 0.8001000000000000334 ) ) ;
#5455 = COLOUR_RGB ( '',1.000000000000000000, 1.000000000000000000, 1.000000000000000000 ) ;
#5456 = DIRECTION ( 'NONE',  ( 0.000000000000000000, 1.000000000000000000, 0.000000000000000000 ) ) ;
#5457 = VERTEX_POINT ( 'NONE', #6835 ) ;
#5458 = VECTOR ( 'NONE', #5629, 1000.000000000000000 ) ;
#5459 = VERTEX_POINT ( 'NONE', #9177 ) ;
#5460 = CARTESIAN_POINT ( 'NONE',  ( -0.2040813161223005157, -0.2208876419566686011, 0.8001000000000001444 ) ) ;
#5461 = SURFACE_STYLE_USAGE ( .BOTH. , #7862 ) ;
#5462 = ADVANCED_FACE ( 'NONE', ( #3205 ), #939, .T. ) ;
#5463 = DIRECTION ( 'NONE',  ( 1.000000000000000000, 0.000000000000000000, 0.000000000000000000 ) ) ;
#5464 = DIRECTION ( 'NONE',  ( 0.000000000000000000, 1.000000000000000000, 0.000000000000000000 ) ) ;
#5465 = PLANE ( 'NONE',  #4062 ) ;
#5466 = VECTOR ( 'NONE', #9735, 1000.000000000000000 ) ;
#5467 = EDGE_LOOP ( 'NONE', ( #5206, #574, #826, #1280 ) ) ;
#5468 = ORIENTED_EDGE ( 'NONE', *, *, #9293, .T. ) ;
#5469 = CARTESIAN_POINT ( 'NONE',  ( -0.2371794871794874193, -0.9594150640818412956, 0.8001000000000000334 ) ) ;
#5470 = ORIENTED_EDGE ( 'NONE', *, *, #9280, .T. ) ;
#5471 =( LENGTH_UNIT ( ) NAMED_UNIT ( * ) SI_UNIT ( .MILLI., .METRE. ) );
#5472 = VECTOR ( 'NONE', #414, 1000.000000000000000 ) ;
#5473 = CARTESIAN_POINT ( 'NONE',  ( -5.750000000000000000, 1.499999999999999112, -0.8001000000000000334 ) ) ;
#5474 = ADVANCED_FACE ( 'NONE', ( #2486 ), #7619, .T. ) ;
#5475 =( LENGTH_UNIT ( ) NAMED_UNIT ( * ) SI_UNIT ( .MILLI., .METRE. ) );
#5476 = EDGE_CURVE ( 'NONE', #8570, #1968, #4089, .T. ) ;
#5477 = CARTESIAN_POINT ( 'NONE',  ( -5.750000000000000000, 1.499999999999999112, 0.8000000000000000444 ) ) ;
#5478 =( NAMED_UNIT ( * ) SI_UNIT ( $, .STERADIAN. ) SOLID_ANGLE_UNIT ( ) );
#5479 = LINE ( 'NONE', #4668, #2615 ) ;
#5480 = CARTESIAN_POINT ( 'NONE',  ( 0.3512674343259158394, 2.006528544744833997, 0.8000000000000000444 ) ) ;
#5481 = VERTEX_POINT ( 'NONE', #6432 ) ;
#5482 = UNCERTAINTY_MEASURE_WITH_UNIT (LENGTH_MEASURE( 1.000000000000000082E-05 ), #4804, 'distance_accuracy_value', 'NONE');
#5483 = ORIENTED_EDGE ( 'NONE', *, *, #6780, .F. ) ;
#5484 = UNCERTAINTY_MEASURE_WITH_UNIT (LENGTH_MEASURE( 1.000000000000000082E-05 ), #4108, 'distance_accuracy_value', 'NONE');
#5485 = CARTESIAN_POINT ( 'NONE',  ( -0.2202214162775048834, 1.673108863837638571, 0.7999999999999999334 ) ) ;
#5486 = SURFACE_STYLE_USAGE ( .BOTH. , #5437 ) ;
#5487 = B_SPLINE_SURFACE_WITH_KNOTS ( 'NONE', 3, 1, ( 
 ( #9367, #8636 ),
 ( #1827, #4899 ),
 ( #5101, #9516 ),
 ( #5890, #5941 ),
 ( #7271, #5147 ),
 ( #9664, #504 ),
 ( #9459, #1236 ) ),
 .UNSPECIFIED., .F., .F., .F.,
 ( 4, 1, 1, 1, 4 ),
 ( 2, 2 ),
 ( 0.000000000000000000, 0.2750683690187434860, 0.5329014600899358856, 0.7739734595924445681, 1.000000000000000000 ),
 ( 0.000000000000000000, 1.000000000000000000 ),
 .UNSPECIFIED. ) ;
#5488 = CARTESIAN_POINT ( 'NONE',  ( 0.4679487179487177295, -1.262179487158764601, 0.8001000000000000334 ) ) ;
#5489 = CARTESIAN_POINT ( 'NONE',  ( -0.3500000000000002554, 0.6134615384624666490, 0.8001000000000000334 ) ) ;
#5490 = SURFACE_STYLE_FILL_AREA ( #2420 ) ;
#5491 = FILL_AREA_STYLE_COLOUR ( '', #8189 ) ;
#5492 = CARTESIAN_POINT ( 'NONE',  ( 0.5521547480668523855, -1.133668446085291048, 0.8001000000000001444 ) ) ;
#5493 = ORIENTED_EDGE ( 'NONE', *, *, #6092, .T. ) ;
#5494 = UNCERTAINTY_MEASURE_WITH_UNIT (LENGTH_MEASURE( 1.000000000000000082E-05 ), #1935, 'distance_accuracy_value', 'NONE');
#5495 = VECTOR ( 'NONE', #5551, 1000.000000000000000 ) ;
#5496 =( NAMED_UNIT ( * ) SI_UNIT ( $, .STERADIAN. ) SOLID_ANGLE_UNIT ( ) );
#5497 = CARTESIAN_POINT ( 'NONE',  ( 6.099999999999997868, 5.250000000000000000, -3.100000000000000089 ) ) ;
#5498 =( NAMED_UNIT ( * ) SI_UNIT ( $, .STERADIAN. ) SOLID_ANGLE_UNIT ( ) );
#5499 = EDGE_CURVE ( 'NONE', #9246, #3081, #1727, .T. ) ;
#5500 = CARTESIAN_POINT ( 'NONE',  ( -0.3500000000000002554, 1.441987179472162373, 0.8001000000000000334 ) ) ;
#5501 = CIRCLE ( 'NONE', #6588, 1.500000000000000000 ) ;
#5502 = CARTESIAN_POINT ( 'NONE',  ( -0.3500000000000002554, 2.348076923060551824, 0.8001000000000000334 ) ) ;
#5503 = CARTESIAN_POINT ( 'NONE',  ( 6.750000000000000000, -5.400000000000000355, -0.8000000000000000444 ) ) ;
#5504 = FILL_AREA_STYLE_COLOUR ( '', #3147 ) ;
#5505 = CARTESIAN_POINT ( 'NONE',  ( -4.400000000000000355, 4.549999999999998934, 0.8000000000000000444 ) ) ;
#5506 = SURFACE_STYLE_FILL_AREA ( #7109 ) ;
#5507 =( GEOMETRIC_REPRESENTATION_CONTEXT ( 3 ) GLOBAL_UNCERTAINTY_ASSIGNED_CONTEXT ( ( #2857 ) ) GLOBAL_UNIT_ASSIGNED_CONTEXT ( ( #2703, #7135, #370 ) ) REPRESENTATION_CONTEXT ( 'NONE', 'WORKASPACE' ) );
#5508 = CARTESIAN_POINT ( 'NONE',  ( 0.2901463904483164158, 0.1602836069314855505, 0.8001000000000002554 ) ) ;
#5509 =( GEOMETRIC_REPRESENTATION_CONTEXT ( 3 ) GLOBAL_UNCERTAINTY_ASSIGNED_CONTEXT ( ( #2262 ) ) GLOBAL_UNIT_ASSIGNED_CONTEXT ( ( #5662, #216, #7079 ) ) REPRESENTATION_CONTEXT ( 'NONE', 'WORKASPACE' ) );
#5510 = ORIENTED_EDGE ( 'NONE', *, *, #7174, .F. ) ;
#5511 = EDGE_CURVE ( 'NONE', #2321, #4509, #4797, .T. ) ;
#5512 = CARTESIAN_POINT ( 'NONE',  ( 0.7465974734936925428, 1.654485508292443674, 0.8000000000000004885 ) ) ;
#5513 = CARTESIAN_POINT ( 'NONE',  ( 5.083333333333332149, 3.933333333333334902, 2.933333333333330017 ) ) ;
#5514 = CARTESIAN_POINT ( 'NONE',  ( 0.3906049679487177406, -0.5429487179279950393, 0.8001000000000000334 ) ) ;
#5515 = DIRECTION ( 'NONE',  ( 1.000000000000000000, 0.000000000000000000, 0.000000000000000000 ) ) ;
#5516 = MECHANICAL_DESIGN_GEOMETRIC_PRESENTATION_REPRESENTATION (  '', ( #6144 ), #5811 ) ;
#5517 = STYLED_ITEM ( 'NONE', ( #7184 ), #818 ) ;
#5518 = B_SPLINE_CURVE_WITH_KNOTS ( 'NONE', 3,
 ( #8426, #4767, #9286, #5529, #3170, #5430, #1698, #3961, #2504, #4057, #317 ),
 .UNSPECIFIED., .F., .F.,
 ( 4, 1, 1, 1, 1, 1, 1, 1, 4 ),
 ( 0.000000000000000000, 0.1281355097972548263, 0.2541727119019793757, 0.3781116451390017508, 0.5017122630072845535, 0.6239863093684847595, 0.7470956136177412388, 0.8728746366500622633, 1.000000000000000000 ),
 .UNSPECIFIED. ) ;
#5519 = CARTESIAN_POINT ( 'NONE',  ( 0.6356355649901440641, 1.548069215115791986, 0.8000000000000002665 ) ) ;
#5520 = ORIENTED_EDGE ( 'NONE', *, *, #8884, .F. ) ;
#5521 = ORIENTED_EDGE ( 'NONE', *, *, #4079, .F. ) ;
#5522 =( NAMED_UNIT ( * ) SI_UNIT ( $, .STERADIAN. ) SOLID_ANGLE_UNIT ( ) );
#5523 = EDGE_LOOP ( 'NONE', ( #8854, #3685, #6742, #5520 ) ) ;
#5524 = EDGE_CURVE ( 'NONE', #7538, #7735, #7166, .T. ) ;
#5525 = PRESENTATION_LAYER_ASSIGNMENT (  '', '', ( #1503 ) ) ;
#5526 = FACE_BOUND ( 'NONE', #8182, .T. ) ;
#5527 =( NAMED_UNIT ( * ) SI_UNIT ( $, .STERADIAN. ) SOLID_ANGLE_UNIT ( ) );
#5528 = CARTESIAN_POINT ( 'NONE',  ( -0.3739540360331237157, -0.1182255325112554489, 0.8000000000000002665 ) ) ;
#5529 = CARTESIAN_POINT ( 'NONE',  ( 0.2724973669251292141, 0.2803946708725079673, 0.8000999999999998114 ) ) ;
#5530 = CARTESIAN_POINT ( 'NONE',  ( 0.1438072585066305642, -0.8971204768049456657, 0.8001000000000000334 ) ) ;
#5531 = VECTOR ( 'NONE', #3816, 1000.000000000000000 ) ;
#5532 = CARTESIAN_POINT ( 'NONE',  ( 0.5859238605605034955, 1.817740400956211033, 0.8000999999999997003 ) ) ;
#5533 = ORIENTED_EDGE ( 'NONE', *, *, #1074, .T. ) ;
#5534 = ORIENTED_EDGE ( 'NONE', *, *, #2278, .F. ) ;
#5535 = EDGE_CURVE ( 'NONE', #6540, #2283, #4233, .T. ) ;
#5536 = ADVANCED_FACE ( 'NONE', ( #350 ), #4588, .T. ) ;
#5537 = VECTOR ( 'NONE', #1923, 1000.000000000000000 ) ;
#5538 = CARTESIAN_POINT ( 'NONE',  ( -0.09284855769230800082, 0.1621794871654436421, 0.8000000000000001554 ) ) ;
#5539 = CARTESIAN_POINT ( 'NONE',  ( 0.4791473128745044607, -1.260445337649108044, 0.8001000000000001444 ) ) ;
#5540 = CARTESIAN_POINT ( 'NONE',  ( -0.2088810055361136897, 1.724729680905535467, 0.8001000000000000334 ) ) ;
#5541 = CARTESIAN_POINT ( 'NONE',  ( 0.06852559427658339031, 2.005017572536087034, 0.8000999999999999224 ) ) ;
#5542 =( NAMED_UNIT ( * ) PLANE_ANGLE_UNIT ( ) SI_UNIT ( $, .RADIAN. ) );
#5543 = FACE_OUTER_BOUND ( 'NONE', #3626, .T. ) ;
#5544 = VERTEX_POINT ( 'NONE', #5739 ) ;
#5545 = EDGE_CURVE ( 'NONE', #5749, #8741, #1776, .T. ) ;
#5546 =( LENGTH_UNIT ( ) NAMED_UNIT ( * ) SI_UNIT ( .MILLI., .METRE. ) );
#5547 = DIRECTION ( 'NONE',  ( 0.000000000000000000, 0.000000000000000000, 1.000000000000000000 ) ) ;
#5548 = VECTOR ( 'NONE', #7912, 1000.000000000000000 ) ;
#5549 = CARTESIAN_POINT ( 'NONE',  ( -0.3782051282051285268, -0.06037660257814608106, 0.8001000000000000334 ) ) ;
#5550 = CARTESIAN_POINT ( 'NONE',  ( 0.7446661052550068716, -1.077690329620944576, 0.8001000000000001444 ) ) ;
#5551 = DIRECTION ( 'NONE',  ( 0.000000000000000000, -1.000000000000000000, 0.000000000000000000 ) ) ;
#5552 = LINE ( 'NONE', #8541, #6175 ) ;
#5553 = STYLED_ITEM ( 'NONE', ( #7768 ), #4161 ) ;
#5554 = CARTESIAN_POINT ( 'NONE',  ( 0.2358941854835750473, 0.08324246387442625628, 0.8000000000000001554 ) ) ;
#5555 = ORIENTED_EDGE ( 'NONE', *, *, #3599, .T. ) ;
#5556 = DIRECTION ( 'NONE',  ( -0.5773502691896259531, 0.5773502691896281735, -0.5773502691896230665 ) ) ;
#5557 = COLOUR_RGB ( '',0.9254901960784314152, 0.9254901960784314152, 0.9254901960784314152 ) ;
#5558 = CARTESIAN_POINT ( 'NONE',  ( 4.099999999999997868, 5.249999999999999112, -0.8000000000000000444 ) ) ;
#5559 = DIRECTION ( 'NONE',  ( 0.000000000000000000, -1.000000000000000000, 0.000000000000000000 ) ) ;
#5560 = FILL_AREA_STYLE_COLOUR ( '', #5779 ) ;
#5561 = EDGE_CURVE ( 'NONE', #2753, #3215, #301, .T. ) ;
#5562 = ORIENTED_EDGE ( 'NONE', *, *, #3836, .T. ) ;
#5563 = ORIENTED_EDGE ( 'NONE', *, *, #2551, .F. ) ;
#5564 = FILL_AREA_STYLE_COLOUR ( '', #2177 ) ;
#5565 = VERTEX_POINT ( 'NONE', #9364 ) ;
#5566 = CARTESIAN_POINT ( 'NONE',  ( 0.08639789044328863299, -0.07963016029304972876, 0.8001000000000000334 ) ) ;
#5567 = PLANE ( 'NONE',  #2704 ) ;
#5568 = FACE_BOUND ( 'NONE', #5408, .T. ) ;
#5569 = COLOUR_RGB ( '',0.9254901960784314152, 0.9254901960784314152, 0.9254901960784314152 ) ;
#5570 = CARTESIAN_POINT ( 'NONE',  ( -3.950000000000000178, -2.500000000000000444, -0.8001000000000000334 ) ) ;
#5571 = PRESENTATION_STYLE_ASSIGNMENT (( #7085 ) ) ;
#5572 = CARTESIAN_POINT ( 'NONE',  ( 0.1438072585066305642, -0.8971204768049456657, 0.8000000000000000444 ) ) ;
#5573 = CARTESIAN_POINT ( 'NONE',  ( 0.6091947115384613864, 1.759294871779854663, 0.8001000000000000334 ) ) ;
#5574 = ORIENTED_EDGE ( 'NONE', *, *, #3360, .T. ) ;
#5575 = VERTEX_POINT ( 'NONE', #2587 ) ;
#5576 = UNCERTAINTY_MEASURE_WITH_UNIT (LENGTH_MEASURE( 1.000000000000000082E-05 ), #7981, 'distance_accuracy_value', 'NONE');
#5577 = COLOUR_RGB ( '',0.9254901960784314152, 0.9254901960784314152, 0.9254901960784314152 ) ;
#5578 = CARTESIAN_POINT ( 'NONE',  ( -0.02499261251808280321, 0.1451436875834681284, 0.8000999999999999224 ) ) ;
#5579 = CARTESIAN_POINT ( 'NONE',  ( -6.750000000000000000, 5.400000000000000355, 0.8000000000000000444 ) ) ;
#5580 = DIRECTION ( 'NONE',  ( 0.000000000000000000, -1.000000000000000000, 0.000000000000000000 ) ) ;
#5581 = CYLINDRICAL_SURFACE ( 'NONE', #8977, 0.6499999999999995781 ) ;
#5582 = ADVANCED_FACE ( 'NONE', ( #396 ), #5647, .T. ) ;
#5583 = COLOUR_RGB ( '',0.9254901960784314152, 0.9254901960784314152, 0.9254901960784314152 ) ;
#5584 = SURFACE_STYLE_FILL_AREA ( #2516 ) ;
#5585 = CARTESIAN_POINT ( 'NONE',  ( 0.1525627907582407516, -0.8234439785605359718, 0.7999999999999999334 ) ) ;
#5586 = VERTEX_POINT ( 'NONE', #691 ) ;
#5587 = UNCERTAINTY_MEASURE_WITH_UNIT (LENGTH_MEASURE( 1.000000000000000082E-05 ), #2406, 'distance_accuracy_value', 'NONE');
#5588 = EDGE_LOOP ( 'NONE', ( #5610, #1761, #2204, #4781 ) ) ;
#5589 = CARTESIAN_POINT ( 'NONE',  ( 4.849999999999997868, 1.700000000000000178, -3.100000000000000089 ) ) ;
#5590 = CARTESIAN_POINT ( 'NONE',  ( 0.1435897435897437735, 2.505629006393885305, 0.8000000000000000444 ) ) ;
#5591 = VECTOR ( 'NONE', #5981, 1000.000000000000000 ) ;
#5592 = DIRECTION ( 'NONE',  ( 1.000000000000000000, 0.000000000000000000, 0.000000000000000000 ) ) ;
#5593 =( NAMED_UNIT ( * ) SI_UNIT ( $, .STERADIAN. ) SOLID_ANGLE_UNIT ( ) );
#5594 = EDGE_CURVE ( 'NONE', #3531, #5611, #9557, .T. ) ;
#5595 = CARTESIAN_POINT ( 'NONE',  ( 0.3775934185024158452, -0.6418673293196720531, 0.8001000000000000334 ) ) ;
#5596 = AXIS2_PLACEMENT_3D ( 'NONE', #681, #3771, #630 ) ;
#5597 =( NAMED_UNIT ( * ) PLANE_ANGLE_UNIT ( ) SI_UNIT ( $, .RADIAN. ) );
#5598 = ORIENTED_EDGE ( 'NONE', *, *, #3344, .T. ) ;
#5599 = CARTESIAN_POINT ( 'NONE',  ( 0.1999999999999997613, -1.149358974338251738, 0.8000000000000000444 ) ) ;
#5600 = PRESENTATION_LAYER_ASSIGNMENT (  '', '', ( #9660 ) ) ;
#5601 = CARTESIAN_POINT ( 'NONE',  ( -0.3103365384615386358, 1.791025641010623781, 0.8000000000000000444 ) ) ;
#5602 = CARTESIAN_POINT ( 'NONE',  ( -0.1385899339112699746, -0.2687485556718182678, 0.7999999999999998224 ) ) ;
#5603 = PRESENTATION_LAYER_ASSIGNMENT (  '', '', ( #4310 ) ) ;
#5604 = FILL_AREA_STYLE_COLOUR ( '', #9136 ) ;
#5605 = CARTESIAN_POINT ( 'NONE',  ( 0.6264943668329060467, 1.672617478880790820, 0.8001000000000001444 ) ) ;
#5606 = FACE_OUTER_BOUND ( 'NONE', #6993, .T. ) ;
#5607 = LINE ( 'NONE', #7022, #1772 ) ;
#5608 = CARTESIAN_POINT ( 'NONE',  ( 0.7329666094843376722, 0.1307787135552500313, 0.7999999999999999334 ) ) ;
#5609 = CARTESIAN_POINT ( 'NONE',  ( -0.1286174993412500522, 0.2593309891503400855, 0.8000000000000000444 ) ) ;
#5610 = ORIENTED_EDGE ( 'NONE', *, *, #3485, .F. ) ;
#5611 = VERTEX_POINT ( 'NONE', #1320 ) ;
#5612 = COLOUR_RGB ( '',0.9254901960784314152, 0.9254901960784314152, 0.9254901960784314152 ) ;
#5613 = CARTESIAN_POINT ( 'NONE',  ( 0.7583492921457480884, -0.1956975173820976188, 0.8000000000000002665 ) ) ;
#5614 = VERTEX_POINT ( 'NONE', #2732 ) ;
#5615 = EDGE_CURVE ( 'NONE', #3602, #8126, #6365, .T. ) ;
#5616 = DIRECTION ( 'NONE',  ( 6.133173666733462040E-16, 0.7071067811865442421, -0.7071067811865509034 ) ) ;
#5617 = PLANE ( 'NONE',  #5434 ) ;
#5618 = DIRECTION ( 'NONE',  ( -0.000000000000000000, 0.000000000000000000, 1.000000000000000000 ) ) ;
#5619 = PRESENTATION_LAYER_ASSIGNMENT (  '', '', ( #817 ) ) ;
#5620 = PRESENTATION_STYLE_ASSIGNMENT (( #4667 ) ) ;
#5621 = CARTESIAN_POINT ( 'NONE',  ( 0.1268526238787211213, 0.1426706502507076590, 0.8000000000000001554 ) ) ;
#5622 = CARTESIAN_POINT ( 'NONE',  ( 0.6056585081780424540, 1.769335786617845852, 0.8001000000000000334 ) ) ;
#5623 = ORIENTED_EDGE ( 'NONE', *, *, #9413, .F. ) ;
#5624 = ORIENTED_EDGE ( 'NONE', *, *, #3798, .T. ) ;
#5625 = EDGE_CURVE ( 'NONE', #9255, #3907, #8586, .T. ) ;
#5626 = CARTESIAN_POINT ( 'NONE',  ( -0.2354080710617298955, 1.504073750298610124, 0.7999999999999998224 ) ) ;
#5627 = CARTESIAN_POINT ( 'NONE',  ( 5.649999999999993250, -0.000000000000000000, 2.900000000000000355 ) ) ;
#5628 = CARTESIAN_POINT ( 'NONE',  ( -0.1277550811994200008, 1.881405547755751417, 0.8001000000000002554 ) ) ;
#5629 = DIRECTION ( 'NONE',  ( -1.000000000000000000, 0.000000000000000000, 0.000000000000000000 ) ) ;
#5630 =( LENGTH_UNIT ( ) NAMED_UNIT ( * ) SI_UNIT ( .MILLI., .METRE. ) );
#5631 = PRESENTATION_LAYER_ASSIGNMENT (  '', '', ( #7350 ) ) ;
#5632 = CARTESIAN_POINT ( 'NONE',  ( 0.6266116221646264028, 0.1003308612089865992, 0.8000999999999997003 ) ) ;
#5633 = CARTESIAN_POINT ( 'NONE',  ( 0.3351398101393647244, -0.6456442744000290279, 0.7999999999999999334 ) ) ;
#5634 = EDGE_LOOP ( 'NONE', ( #2783, #2958, #1693, #7346 ) ) ;
#5635 = ORIENTED_EDGE ( 'NONE', *, *, #9399, .F. ) ;
#5636 =( LENGTH_UNIT ( ) NAMED_UNIT ( * ) SI_UNIT ( .MILLI., .METRE. ) );
#5637 = DIRECTION ( 'NONE',  ( 1.000000000000000000, 0.000000000000000000, 0.000000000000000000 ) ) ;
#5638 = EDGE_CURVE ( 'NONE', #5761, #4538, #8058, .T. ) ;
#5639 = LINE ( 'NONE', #1174, #7937 ) ;
#5640 = SURFACE_STYLE_FILL_AREA ( #6239 ) ;
#5641 = CARTESIAN_POINT ( 'NONE',  ( -0.3500000000000002554, 1.441987179472162373, 0.8001000000000000334 ) ) ;
#5642 = SURFACE_STYLE_USAGE ( .BOTH. , #7762 ) ;
#5643 = DIRECTION ( 'NONE',  ( 0.000000000000000000, 1.000000000000000000, 0.000000000000000000 ) ) ;
#5644 = LINE ( 'NONE', #2630, #9004 ) ;
#5645 = ORIENTED_EDGE ( 'NONE', *, *, #9174, .F. ) ;
#5646 = EDGE_CURVE ( 'NONE', #1833, #7628, #8773, .T. ) ;
#5647 = PLANE ( 'NONE',  #6515 ) ;
#5648 = ADVANCED_FACE ( 'NONE', ( #8914 ), #8084, .F. ) ;
#5649 = PRESENTATION_LAYER_ASSIGNMENT (  '', '', ( #7525 ) ) ;
#5650 = FACE_OUTER_BOUND ( 'NONE', #687, .T. ) ;
#5651 =( LENGTH_UNIT ( ) NAMED_UNIT ( * ) SI_UNIT ( .MILLI., .METRE. ) );
#5652 = FACE_OUTER_BOUND ( 'NONE', #322, .T. ) ;
#5653 = CARTESIAN_POINT ( 'NONE',  ( 6.449999999999993960, 2.800000000000010925, -10.40000000000000213 ) ) ;
#5654 = CARTESIAN_POINT ( 'NONE',  ( 0.1219012299351759643, 2.117379841872306212, 0.8001000000000002554 ) ) ;
#5655 = CARTESIAN_POINT ( 'NONE',  ( 0.4538461538461536215, -0.3314102564242999427, 0.8000000000000000444 ) ) ;
#5656 = STYLED_ITEM ( 'NONE', ( #9123 ), #1299 ) ;
#5657 = CARTESIAN_POINT ( 'NONE',  ( 0.7737517642758151570, -0.1321697186193807605, 0.8001000000000001444 ) ) ;
#5658 = EDGE_LOOP ( 'NONE', ( #3846, #9339, #1310, #8805 ) ) ;
#5659 = VERTEX_POINT ( 'NONE', #9388 ) ;
#5660 = CARTESIAN_POINT ( 'NONE',  ( 0.6743237552826062409, -0.3276938164778557816, 0.8000000000000003775 ) ) ;
#5661 = ORIENTED_EDGE ( 'NONE', *, *, #679, .F. ) ;
#5662 =( LENGTH_UNIT ( ) NAMED_UNIT ( * ) SI_UNIT ( .MILLI., .METRE. ) );
#5663 = AXIS2_PLACEMENT_3D ( 'NONE', #7098, #1948, #7050 ) ;
#5664 = CARTESIAN_POINT ( 'NONE',  ( 0.6460157366945253887, -0.8140284398351925743, 0.7999999999999999334 ) ) ;
#5665 = FILL_AREA_STYLE_COLOUR ( '', #6100 ) ;
#5666 = ADVANCED_FACE ( 'NONE', ( #2756 ), #7960, .T. ) ;
#5667 = ORIENTED_EDGE ( 'NONE', *, *, #8549, .T. ) ;
#5668 = UNCERTAINTY_MEASURE_WITH_UNIT (LENGTH_MEASURE( 1.000000000000000082E-05 ), #6447, 'distance_accuracy_value', 'NONE');
#5669 = ORIENTED_EDGE ( 'NONE', *, *, #6858, .T. ) ;
#5670 = UNCERTAINTY_MEASURE_WITH_UNIT (LENGTH_MEASURE( 1.000000000000000082E-05 ), #2144, 'distance_accuracy_value', 'NONE');
#5671 = CARTESIAN_POINT ( 'NONE',  ( 0.08717948717948691140, -0.1198717948858383786, 0.8000000000000000444 ) ) ;
#5672 = SURFACE_STYLE_FILL_AREA ( #4359 ) ;
#5673 = VECTOR ( 'NONE', #1985, 1000.000000000000000 ) ;
#5674 = LINE ( 'NONE', #2760, #9464 ) ;
#5675 = CARTESIAN_POINT ( 'NONE',  ( 0.2007970508808455679, 2.023556629817103936, 0.8001000000000001444 ) ) ;
#5676 = DIRECTION ( 'NONE',  ( -1.000000000000000000, -1.414176746720223153E-16, 0.000000000000000000 ) ) ;
#5677 = LINE ( 'NONE', #8663, #82 ) ;
#5678 = PLANE ( 'NONE',  #5663 ) ;
#5679 = ADVANCED_FACE ( 'NONE', ( #9457 ), #4998, .T. ) ;
#5680 = ORIENTED_EDGE ( 'NONE', *, *, #4173, .T. ) ;
#5681 = ORIENTED_EDGE ( 'NONE', *, *, #7811, .F. ) ;
#5682 = CARTESIAN_POINT ( 'NONE',  ( 0.1435897435897433294, 2.505629006393885305, 0.8001000000000000334 ) ) ;
#5683 = VECTOR ( 'NONE', #6011, 1000.000000000000000 ) ;
#5684 = CARTESIAN_POINT ( 'NONE',  ( 0.7663883561444874148, -0.8211274673813989677, 0.8001000000000001444 ) ) ;
#5685 = DIRECTION ( 'NONE',  ( -1.000000000000000000, 0.000000000000000000, -0.000000000000000000 ) ) ;
#5686 =( NAMED_UNIT ( * ) SI_UNIT ( $, .STERADIAN. ) SOLID_ANGLE_UNIT ( ) );
#5687 =( NAMED_UNIT ( * ) SI_UNIT ( $, .STERADIAN. ) SOLID_ANGLE_UNIT ( ) );
#5688 =( LENGTH_UNIT ( ) NAMED_UNIT ( * ) SI_UNIT ( .MILLI., .METRE. ) );
#5689 = VECTOR ( 'NONE', #9310, 1000.000000000000000 ) ;
#5690 = DIRECTION ( 'NONE',  ( 0.000000000000000000, -1.000000000000000000, 0.000000000000000000 ) ) ;
#5691 = ADVANCED_FACE ( 'NONE', ( #5805 ), #6018, .T. ) ;
#5692 = SURFACE_STYLE_USAGE ( .BOTH. , #1226 ) ;
#5693 = LINE ( 'NONE', #937, #7289 ) ;
#5694 = ORIENTED_EDGE ( 'NONE', *, *, #1900, .F. ) ;
#5695 = CARTESIAN_POINT ( 'NONE',  ( 0.1575538989203206508, -1.018125314491902023, 0.8001000000000000334 ) ) ;
#5696 = AXIS2_PLACEMENT_3D ( 'NONE', #990, #7863, #4042 ) ;
#5697 = CARTESIAN_POINT ( 'NONE',  ( 0.1982266631893061792, 2.122211998166222635, 0.8000000000000001554 ) ) ;
#5698 = CARTESIAN_POINT ( 'NONE',  ( -0.3500000000000002554, -1.783974358966112561, 0.8000000000000000444 ) ) ;
#5699 = CARTESIAN_POINT ( 'NONE',  ( 0.5204734402829958029, 0.1997139038509029019, 0.8000000000000001554 ) ) ;
#5700 = CARTESIAN_POINT ( 'NONE',  ( -0.2777910101977826840, 1.864735373992011613, 0.8000000000000002665 ) ) ;
#5701 = CARTESIAN_POINT ( 'NONE',  ( 0.6322437956706503659, -0.2067614613911617494, 0.8000000000000001554 ) ) ;
#5702 = EDGE_CURVE ( 'NONE', #9556, #104, #1662, .T. ) ;
#5703 = CARTESIAN_POINT ( 'NONE',  ( 0.4921146049427735925, -0.4225002419900971695, 0.8000999999999998114 ) ) ;
#5704 = ORIENTED_EDGE ( 'NONE', *, *, #648, .F. ) ;
#5705 = EDGE_LOOP ( 'NONE', ( #2145, #6155, #8417, #8380 ) ) ;
#5706 = ORIENTED_EDGE ( 'NONE', *, *, #6070, .T. ) ;
#5707 = LINE ( 'NONE', #3415, #857 ) ;
#5708 = VECTOR ( 'NONE', #4882, 1000.000000000000000 ) ;
#5709 = SURFACE_STYLE_USAGE ( .BOTH. , #513 ) ;
#5710 = FILL_AREA_STYLE ('',( #2648 ) ) ;
#5711 = CARTESIAN_POINT ( 'NONE',  ( 0.5204222729604633946, -0.6735113747457213140, 0.8000000000000002665 ) ) ;
#5712 = CARTESIAN_POINT ( 'NONE',  ( -0.3500000000000002554, 2.446794871778500635, 0.8001000000000000334 ) ) ;
#5713 = CARTESIAN_POINT ( 'NONE',  ( 0.05214342948717926723, -1.018689903825431120, 0.8001000000000000334 ) ) ;
#5714 = EDGE_CURVE ( 'NONE', #3108, #3414, #6949, .T. ) ;
#5715 = PRESENTATION_LAYER_ASSIGNMENT (  '', '', ( #9305 ) ) ;
#5716 = ORIENTED_EDGE ( 'NONE', *, *, #9105, .T. ) ;
#5717 = EDGE_LOOP ( 'NONE', ( #9651, #3952, #5068, #952 ) ) ;
#5718 = MECHANICAL_DESIGN_GEOMETRIC_PRESENTATION_REPRESENTATION (  '', ( #7119 ), #1394 ) ;
#5719 =( GEOMETRIC_REPRESENTATION_CONTEXT ( 3 ) GLOBAL_UNCERTAINTY_ASSIGNED_CONTEXT ( ( #7440 ) ) GLOBAL_UNIT_ASSIGNED_CONTEXT ( ( #1577, #4631, #2220 ) ) REPRESENTATION_CONTEXT ( 'NONE', 'WORKASPACE' ) );
#5720 = CARTESIAN_POINT ( 'NONE',  ( 0.6406962153223748624, -1.032636359453745767, 0.8000999999999999224 ) ) ;
#5721 =( GEOMETRIC_REPRESENTATION_CONTEXT ( 3 ) GLOBAL_UNCERTAINTY_ASSIGNED_CONTEXT ( ( #8609 ) ) GLOBAL_UNIT_ASSIGNED_CONTEXT ( ( #1191, #9370, #3041 ) ) REPRESENTATION_CONTEXT ( 'NONE', 'WORKASPACE' ) );
#5722 = CARTESIAN_POINT ( 'NONE',  ( 0.4538461538461536771, -0.4301282051422487540, 0.8000000000000001554 ) ) ;
#5723 = LINE ( 'NONE', #1904, #878 ) ;
#5724 = EDGE_LOOP ( 'NONE', ( #7973, #589, #5774, #1906, #1919, #9423, #5311, #4956, #2828, #4575, #4770, #2779, #5191, #8906 ) ) ;
#5725 = AXIS2_PLACEMENT_3D ( 'NONE', #3793, #5406, #1588 ) ;
#5726 = PRESENTATION_LAYER_ASSIGNMENT (  '', '', ( #4437 ) ) ;
#5727 = EDGE_LOOP ( 'NONE', ( #3977, #9568, #5386, #7884 ) ) ;
#5728 = CARTESIAN_POINT ( 'NONE',  ( -0.2264347795606517499, 0.08345196720718088546, 0.8000000000000002665 ) ) ;
#5729 = CARTESIAN_POINT ( 'NONE',  ( 0.5196595116561907313, -0.5623802644016349106, 0.8001000000000001444 ) ) ;
#5730 = EDGE_CURVE ( 'NONE', #7111, #8653, #1682, .T. ) ;
#5731 = DIRECTION ( 'NONE',  ( 0.7071067811865463515, -8.761676666762122014E-16, -0.7071067811865486830 ) ) ;
#5732 = CARTESIAN_POINT ( 'NONE',  ( 5.050000000000005151, -6.257395395487774308E-15, 2.900000000000000355 ) ) ;
#5733 = SURFACE_STYLE_FILL_AREA ( #8101 ) ;
#5734 = CARTESIAN_POINT ( 'NONE',  ( -0.09240785256410283255, 0.2608974358833923701, 0.8001000000000000334 ) ) ;
#5735 = CARTESIAN_POINT ( 'NONE',  ( 0.1131750752292835921, 0.1625583164865993802, 0.8001000000000000334 ) ) ;
#5736 = PRESENTATION_LAYER_ASSIGNMENT (  '', '', ( #4615 ) ) ;
#5737 = LINE ( 'NONE', #4994, #3805 ) ;
#5738 = ORIENTED_EDGE ( 'NONE', *, *, #8549, .F. ) ;
#5739 = CARTESIAN_POINT ( 'NONE',  ( 5.649999999999993250, 3.900000000000004796, 2.900000000000000355 ) ) ;
#5740 = FILL_AREA_STYLE ('',( #352 ) ) ;
#5741 = ADVANCED_FACE ( 'NONE', ( #1567 ), #2911, .T. ) ;
#5742 = PRESENTATION_LAYER_ASSIGNMENT (  '', '', ( #3028 ) ) ;
#5743 = FACE_OUTER_BOUND ( 'NONE', #3342, .T. ) ;
#5744 = CARTESIAN_POINT ( 'NONE',  ( 0.5859238605605034955, 1.817740400956211033, 0.8000999999999997003 ) ) ;
#5745 = LINE ( 'NONE', #649, #746 ) ;
#5746 = CARTESIAN_POINT ( 'NONE',  ( 0.03581515970552152928, 2.100965199849024856, 0.8000000000000003775 ) ) ;
#5747 = CARTESIAN_POINT ( 'NONE',  ( 0.6201138987482283094, -0.2267925813053112416, 0.7999999999999999334 ) ) ;
#5748 = CARTESIAN_POINT ( 'NONE',  ( 0.7155581675269803155, -0.2795588916390688294, 0.8000000000000003775 ) ) ;
#5749 = VERTEX_POINT ( 'NONE', #4256 ) ;
#5750 =( LENGTH_UNIT ( ) NAMED_UNIT ( * ) SI_UNIT ( .MILLI., .METRE. ) );
#5751 = ORIENTED_EDGE ( 'NONE', *, *, #3018, .T. ) ;
#5752 = VECTOR ( 'NONE', #7697, 1000.000000000000000 ) ;
#5753 = ADVANCED_FACE ( 'NONE', ( #2610 ), #8086, .F. ) ;
#5754 = CARTESIAN_POINT ( 'NONE',  ( -2.299999999999999822, -2.500000000000000444, 0.8001000000000000334 ) ) ;
#5755 = LINE ( 'NONE', #4392, #9674 ) ;
#5756 = VECTOR ( 'NONE', #92, 1000.000000000000000 ) ;
#5757 = DIRECTION ( 'NONE',  ( -0.7071067811865444641, -0.000000000000000000, -0.7071067811865505703 ) ) ;
#5758 = CARTESIAN_POINT ( 'NONE',  ( 4.849999999999996980, -4.399999999999999467, 2.900000000000000355 ) ) ;
#5759 =( NAMED_UNIT ( * ) PLANE_ANGLE_UNIT ( ) SI_UNIT ( $, .RADIAN. ) );
#5760 = CARTESIAN_POINT ( 'NONE',  ( 5.649999999999995026, -1.200000000000002176, -9.000000000000001776 ) ) ;
#5761 = VERTEX_POINT ( 'NONE', #4117 ) ;
#5762 = UNCERTAINTY_MEASURE_WITH_UNIT (LENGTH_MEASURE( 1.000000000000000082E-05 ), #9232, 'distance_accuracy_value', 'NONE');
#5763 = VERTEX_POINT ( 'NONE', #5671 ) ;
#5764 = UNCERTAINTY_MEASURE_WITH_UNIT (LENGTH_MEASURE( 1.000000000000000082E-05 ), #6184, 'distance_accuracy_value', 'NONE');
#5765 = EDGE_CURVE ( 'NONE', #8136, #8369, #522, .T. ) ;
#5766 = ADVANCED_FACE ( 'NONE', ( #8798 ), #6553, .T. ) ;
#5767 = AXIS2_PLACEMENT_3D ( 'NONE', #1091, #6345, #401 ) ;
#5768 = CARTESIAN_POINT ( 'NONE',  ( -6.749999999999999112, -5.400000000000000355, 0.8000000000000000444 ) ) ;
#5769 = CARTESIAN_POINT ( 'NONE',  ( 0.7499999999999997780, -2.559615384617575984, 0.8001000000000000334 ) ) ;
#5770 = DIRECTION ( 'NONE',  ( 0.000000000000000000, 0.000000000000000000, -1.000000000000000000 ) ) ;
#5771 = CARTESIAN_POINT ( 'NONE',  ( 0.1601056824251780031, -0.7984601857976221240, 0.8001000000000002554 ) ) ;
#5772 = ORIENTED_EDGE ( 'NONE', *, *, #8814, .T. ) ;
#5773 = VECTOR ( 'NONE', #525, 1000.000000000000000 ) ;
#5774 = ORIENTED_EDGE ( 'NONE', *, *, #3235, .T. ) ;
#5775 = CARTESIAN_POINT ( 'NONE',  ( 4.849999999999997868, -1.000000000000000000, 2.699999999999997957 ) ) ;
#5776 = CARTESIAN_POINT ( 'NONE',  ( 0.6371794871794869142, 1.036538461539389555, 0.8001000000000000334 ) ) ;
#5777 = CARTESIAN_POINT ( 'NONE',  ( -0.3103365384615386358, 1.791025641010623781, 0.8000000000000000444 ) ) ;
#5778 = FILL_AREA_STYLE ('',( #4937 ) ) ;
#5779 = COLOUR_RGB ( '',0.9254901960784314152, 0.9254901960784314152, 0.9254901960784314152 ) ;
#5780 = LINE ( 'NONE', #433, #8052 ) ;
#5781 = CARTESIAN_POINT ( 'NONE',  ( 0.7155581675269803155, -0.2795588916390688294, 0.8001000000000000334 ) ) ;
#5782 = CARTESIAN_POINT ( 'NONE',  ( 0.6876290736306338580, -0.6694460261351063979, 0.7999999999999998224 ) ) ;
#5783 = ADVANCED_FACE ( 'NONE', ( #9733 ), #8324, .F. ) ;
#5784 = CARTESIAN_POINT ( 'NONE',  ( 0.004251694674106962397, 1.980903837489871311, 0.7999999999999998224 ) ) ;
#5785 = VERTEX_POINT ( 'NONE', #8846 ) ;
#5786 = CARTESIAN_POINT ( 'NONE',  ( -0.1598018479066148911, -0.3690128386409269323, 0.7999999999999997113 ) ) ;
#5787 = CARTESIAN_POINT ( 'NONE',  ( 0.1338942307692305433, 0.1324318910115975523, 0.8001000000000001444 ) ) ;
#5788 = DIRECTION ( 'NONE',  ( 0.000000000000000000, 0.000000000000000000, 1.000000000000000000 ) ) ;
#5789 = CARTESIAN_POINT ( 'NONE',  ( 0.07799115526961382383, 2.110722665422962940, 0.7999999999999998224 ) ) ;
#5790 = CARTESIAN_POINT ( 'NONE',  ( 0.5242353247504573099, -0.3056190045316933279, 0.8000000000000001554 ) ) ;
#5791 = CARTESIAN_POINT ( 'NONE',  ( 0.6498615996078765944, -0.3486864386426081208, 0.8000000000000001554 ) ) ;
#5792 = ORIENTED_EDGE ( 'NONE', *, *, #9696, .T. ) ;
#5793 = CARTESIAN_POINT ( 'NONE',  ( -0.2371794871794874193, -0.5852564102356874187, 0.8001000000000000334 ) ) ;
#5794 = ORIENTED_EDGE ( 'NONE', *, *, #6595, .T. ) ;
#5795 = CARTESIAN_POINT ( 'NONE',  ( -1.599999999999999645, -0.3500000000000004774, 0.8001000000000000334 ) ) ;
#5796 = PLANE ( 'NONE',  #6683 ) ;
#5797 = CARTESIAN_POINT ( 'NONE',  ( 0.5655514470437874586, -0.7044790943629617441, 0.8000000000000002665 ) ) ;
#5798 = VECTOR ( 'NONE', #3319, 1000.000000000000000 ) ;
#5799 = PRESENTATION_STYLE_ASSIGNMENT (( #3515 ) ) ;
#5800 = DIRECTION ( 'NONE',  ( -0.7071067811865509034, 8.761676666762184137E-16, 0.7071067811865441310 ) ) ;
#5801 = EDGE_CURVE ( 'NONE', #7124, #258, #9784, .T. ) ;
#5802 = VERTEX_POINT ( 'NONE', #6851 ) ;
#5803 = ORIENTED_EDGE ( 'NONE', *, *, #1502, .F. ) ;
#5804 =( GEOMETRIC_REPRESENTATION_CONTEXT ( 3 ) GLOBAL_UNCERTAINTY_ASSIGNED_CONTEXT ( ( #7833 ) ) GLOBAL_UNIT_ASSIGNED_CONTEXT ( ( #1108, #5759, #5017 ) ) REPRESENTATION_CONTEXT ( 'NONE', 'WORKASPACE' ) );
#5805 = FACE_OUTER_BOUND ( 'NONE', #1979, .T. ) ;
#5806 = COLOUR_RGB ( '',1.000000000000000000, 1.000000000000000000, 1.000000000000000000 ) ;
#5807 = CARTESIAN_POINT ( 'NONE',  ( -5.750000000000000000, 1.499999999999999112, 0.8001000000000000334 ) ) ;
#5808 = FILL_AREA_STYLE_COLOUR ( '', #6500 ) ;
#5809 = DIRECTION ( 'NONE',  ( -0.7071067811865444641, -0.000000000000000000, -0.7071067811865505703 ) ) ;
#5810 = DIRECTION ( 'NONE',  ( 1.000000000000000000, 0.000000000000000000, 0.000000000000000000 ) ) ;
#5811 =( GEOMETRIC_REPRESENTATION_CONTEXT ( 3 ) GLOBAL_UNCERTAINTY_ASSIGNED_CONTEXT ( ( #9685 ) ) GLOBAL_UNIT_ASSIGNED_CONTEXT ( ( #163, #6979, #7023 ) ) REPRESENTATION_CONTEXT ( 'NONE', 'WORKASPACE' ) );
#5812 = CARTESIAN_POINT ( 'NONE',  ( 0.4538461538461536771, -0.4301282051422487540, 0.8001000000000001444 ) ) ;
#5813 = EDGE_CURVE ( 'NONE', #4397, #3808, #2859, .T. ) ;
#5814 = ORIENTED_EDGE ( 'NONE', *, *, #3861, .F. ) ;
#5815 = EDGE_CURVE ( 'NONE', #2928, #8314, #160, .T. ) ;
#5816 = VERTEX_POINT ( 'NONE', #4451 ) ;
#5817 = CARTESIAN_POINT ( 'NONE',  ( 0.6648125353081749678, -0.03105546124912186498, 0.8001000000000001444 ) ) ;
#5818 = STYLED_ITEM ( 'NONE', ( #2035 ), #2493 ) ;
#5819 = DIRECTION ( 'NONE',  ( 1.000000000000000000, 0.000000000000000000, 0.000000000000000000 ) ) ;
#5820 = LINE ( 'NONE', #1313, #9496 ) ;
#5821 = DIRECTION ( 'NONE',  ( -1.000000000000000000, 0.000000000000000000, -0.000000000000000000 ) ) ;
#5822 = DIRECTION ( 'NONE',  ( -0.000000000000000000, -0.000000000000000000, -1.000000000000000000 ) ) ;
#5823 = CARTESIAN_POINT ( 'NONE',  ( 0.7669293820356067881, -0.1645840421855066793, 0.8001000000000000334 ) ) ;
#5824 = CARTESIAN_POINT ( 'NONE',  ( 0.7030101774277566218, -0.6882059946261354089, 0.8000000000000001554 ) ) ;
#5825 = SURFACE_STYLE_FILL_AREA ( #5878 ) ;
#5826 = EDGE_CURVE ( 'NONE', #7137, #4748, #5409, .T. ) ;
#5827 = VERTEX_POINT ( 'NONE', #1304 ) ;
#5828 = AXIS2_PLACEMENT_3D ( 'NONE', #4333, #5049, #6673 ) ;
#5829 = PRESENTATION_STYLE_ASSIGNMENT (( #4942 ) ) ;
#5830 = CARTESIAN_POINT ( 'NONE',  ( 0.000000000000000000, 1.700000000000000178, -3.100000000000000089 ) ) ;
#5831 = ORIENTED_EDGE ( 'NONE', *, *, #4853, .F. ) ;
#5832 = CARTESIAN_POINT ( 'NONE',  ( -0.1160588673970973789, 2.035051506848417180, 0.8000000000000005995 ) ) ;
#5833 = AXIS2_PLACEMENT_3D ( 'NONE', #7398, #3538, #8859 ) ;
#5834 = CARTESIAN_POINT ( 'NONE',  ( -1.599999999999999645, 4.549999999999998934, 0.8001000000000000334 ) ) ;
#5835 = DIRECTION ( 'NONE',  ( -0.000000000000000000, -0.000000000000000000, -1.000000000000000000 ) ) ;
#5836 = CARTESIAN_POINT ( 'NONE',  ( -5.100000000000000533, 1.499999999999999112, -0.8001000000000000334 ) ) ;
#5837 = CARTESIAN_POINT ( 'NONE',  ( 5.849999999999997868, -1.000000000000000000, 1.200000000000002620 ) ) ;
#5838 = DIRECTION ( 'NONE',  ( -0.000000000000000000, -0.000000000000000000, -1.000000000000000000 ) ) ;
#5839 = CARTESIAN_POINT ( 'NONE',  ( 0.1575538989203206508, -1.018125314491902023, 0.8000000000000000444 ) ) ;
#5840 = CARTESIAN_POINT ( 'NONE',  ( -0.1072269125461082495, -0.3851460826205282961, 0.8001000000000002554 ) ) ;
#5841 = CARTESIAN_POINT ( 'NONE',  ( 0.7073652842379904992, 0.1717774135318110018, 0.8000000000000000444 ) ) ;
#5842 = ORIENTED_EDGE ( 'NONE', *, *, #9728, .T. ) ;
#5843 = CIRCLE ( 'NONE', #9292, 1.500000000000000000 ) ;
#5844 = FILL_AREA_STYLE_COLOUR ( '', #5403 ) ;
#5845 = VERTEX_POINT ( 'NONE', #6745 ) ;
#5846 = SURFACE_STYLE_FILL_AREA ( #4439 ) ;
#5847 = DIRECTION ( 'NONE',  ( -1.000000000000000000, 0.000000000000000000, 0.000000000000000000 ) ) ;
#5848 = B_SPLINE_CURVE_WITH_KNOTS ( 'NONE', 3,
 ( #2133, #6789, #709, #3000, #8987, #3755, #6842, #9086, #3054, #2953, #6637, #8935, #1341, #2243, #5264, #2906, #9036, #8318, #4445 ),
 .UNSPECIFIED., .F., .F.,
 ( 4, 1, 1, 1, 1, 1, 1, 1, 1, 1, 1, 1, 1, 1, 1, 1, 4 ),
 ( 0.000000000000000000, 0.05527035277506251593, 0.1099577455173568891, 0.1639122216998099568, 0.2180890005282124511, 0.2733094968922491486, 0.3309135490352634323, 0.3909942108616129008, 0.4546407417134265549, 0.5188980677377150741, 0.5833421660857446289, 0.6485433656424008930, 0.7150525212752998350, 0.7825185847803022288, 0.8523338963878019925, 0.9249341890351545636, 1.000000000000000000 ),
 .UNSPECIFIED. ) ;
#5849 = EDGE_CURVE ( 'NONE', #5659, #6985, #569, .T. ) ;
#5850 = CARTESIAN_POINT ( 'NONE',  ( -0.08094247050007538635, 1.927479807655516186, 0.8001000000000003665 ) ) ;
#5851 = CARTESIAN_POINT ( 'NONE',  ( 0.6653846153846152411, -0.9208533653638926175, 0.8001000000000000334 ) ) ;
#5852 = STYLED_ITEM ( 'NONE', ( #438 ), #4193 ) ;
#5853 = LINE ( 'NONE', #1891, #7232 ) ;
#5854 = LINE ( 'NONE', #1157, #3230 ) ;
#5855 = CARTESIAN_POINT ( 'NONE',  ( -0.3500000000000002554, 1.441987179472162373, 0.8000000000000000444 ) ) ;
#5856 = FILL_AREA_STYLE ('',( #3421 ) ) ;
#5857 = ORIENTED_EDGE ( 'NONE', *, *, #9696, .F. ) ;
#5858 = ORIENTED_EDGE ( 'NONE', *, *, #4600, .F. ) ;
#5859 =( GEOMETRIC_REPRESENTATION_CONTEXT ( 3 ) GLOBAL_UNCERTAINTY_ASSIGNED_CONTEXT ( ( #670 ) ) GLOBAL_UNIT_ASSIGNED_CONTEXT ( ( #1278, #8156, #6665 ) ) REPRESENTATION_CONTEXT ( 'NONE', 'WORKASPACE' ) );
#5860 = DIRECTION ( 'NONE',  ( -0.000000000000000000, -0.000000000000000000, 1.000000000000000000 ) ) ;
#5861 = SURFACE_SIDE_STYLE ('',( #2810 ) ) ;
#5862 = FILL_AREA_STYLE ('',( #6601 ) ) ;
#5863 = PRESENTATION_STYLE_ASSIGNMENT (( #9693 ) ) ;
#5864 = VERTEX_POINT ( 'NONE', #2090 ) ;
#5865 = UNCERTAINTY_MEASURE_WITH_UNIT (LENGTH_MEASURE( 1.000000000000000082E-05 ), #5475, 'distance_accuracy_value', 'NONE');
#5866 = EDGE_LOOP ( 'NONE', ( #1346, #5020, #2654, #7180 ) ) ;
#5867 =( GEOMETRIC_REPRESENTATION_CONTEXT ( 3 ) GLOBAL_UNCERTAINTY_ASSIGNED_CONTEXT ( ( #8621 ) ) GLOBAL_UNIT_ASSIGNED_CONTEXT ( ( #3249, #2437, #8589 ) ) REPRESENTATION_CONTEXT ( 'NONE', 'WORKASPACE' ) );
#5868 = SURFACE_SIDE_STYLE ('',( #678 ) ) ;
#5869 = CARTESIAN_POINT ( 'NONE',  ( 0.4995875112063866696, 0.2082469339453772161, 0.8001000000000000334 ) ) ;
#5870 = COLOUR_RGB ( '',0.9254901960784314152, 0.9254901960784314152, 0.9254901960784314152 ) ;
#5871 = EDGE_CURVE ( 'NONE', #6834, #9770, #5173, .T. ) ;
#5872 = CARTESIAN_POINT ( 'NONE',  ( 0.2138822115384613198, 2.122435897420880568, 0.8001000000000000334 ) ) ;
#5873 = CARTESIAN_POINT ( 'NONE',  ( -0.2088810055361136897, 1.724729680905535467, 0.8001000000000000334 ) ) ;
#5874 = SURFACE_STYLE_FILL_AREA ( #8720 ) ;
#5875 = VECTOR ( 'NONE', #9566, 1000.000000000000000 ) ;
#5876 = CARTESIAN_POINT ( 'NONE',  ( -4.250000000000000000, 4.399999999999999467, 2.000000000000000000 ) ) ;
#5877 = AXIS2_PLACEMENT_3D ( 'NONE', #1233, #4283, #7360 ) ;
#5878 = FILL_AREA_STYLE ('',( #8154 ) ) ;
#5879 = EDGE_LOOP ( 'NONE', ( #1021, #4735, #1787, #3766 ) ) ;
#5880 = DIRECTION ( 'NONE',  ( 0.000000000000000000, -1.000000000000000000, 0.000000000000000000 ) ) ;
#5881 = CARTESIAN_POINT ( 'NONE',  ( 0.2017769049618518273, -0.08811064959006326136, 0.8000000000000005995 ) ) ;
#5882 = ORIENTED_EDGE ( 'NONE', *, *, #6160, .T. ) ;
#5883 = PRESENTATION_LAYER_ASSIGNMENT (  '', '', ( #5427 ) ) ;
#5884 = CARTESIAN_POINT ( 'NONE',  ( 0.2136618589743587426, 2.023717948702931757, 0.8000000000000000444 ) ) ;
#5885 = DIRECTION ( 'NONE',  ( 0.7071067811865505703, -0.000000000000000000, -0.7071067811865444641 ) ) ;
#5886 = EDGE_CURVE ( 'NONE', #4406, #7645, #2139, .T. ) ;
#5887 = EDGE_CURVE ( 'NONE', #701, #6834, #1453, .T. ) ;
#5888 = DIRECTION ( 'NONE',  ( 0.000000000000000000, -0.000000000000000000, -1.000000000000000000 ) ) ;
#5889 = PRESENTATION_STYLE_ASSIGNMENT (( #5000 ) ) ;
#5890 = CARTESIAN_POINT ( 'NONE',  ( 0.03578310564869965904, -0.9511795626006473992, 0.8001000000000002554 ) ) ;
#5891 = LINE ( 'NONE', #5986, #6401 ) ;
#5892 = CARTESIAN_POINT ( 'NONE',  ( 4.849999999999996980, 1.000000000000000444, 1.200000000000002620 ) ) ;
#5893 = STYLED_ITEM ( 'NONE', ( #8694 ), #5996 ) ;
#5894 = CARTESIAN_POINT ( 'NONE',  ( -0.3603824468381034984, -0.1726144966581374396, 0.8000000000000003775 ) ) ;
#5895 = PRESENTATION_STYLE_ASSIGNMENT (( #8924 ) ) ;
#5896 = ORIENTED_EDGE ( 'NONE', *, *, #964, .F. ) ;
#5897 = ORIENTED_EDGE ( 'NONE', *, *, #8923, .T. ) ;
#5898 = VECTOR ( 'NONE', #3242, 1000.000000000000000 ) ;
#5899 = CARTESIAN_POINT ( 'NONE',  ( 6.599999999999997868, 4.750000000000000000, -3.100000000000000089 ) ) ;
#5900 = FACE_OUTER_BOUND ( 'NONE', #3221, .T. ) ;
#5901 = CARTESIAN_POINT ( 'NONE',  ( -0.1660360204578115451, 1.828048649592185049, 0.7999999999999998224 ) ) ;
#5902 = DIRECTION ( 'NONE',  ( -0.5773502691896245098, 0.5773502691896288397, -0.5773502691896238437 ) ) ;
#5903 = CARTESIAN_POINT ( 'NONE',  ( 0.6651244982515093218, -0.9114386529832174677, 0.8001000000000000334 ) ) ;
#5904 = DIRECTION ( 'NONE',  ( -0.000000000000000000, -0.000000000000000000, -1.000000000000000000 ) ) ;
#5905 = COLOUR_RGB ( '',0.9254901960784314152, 0.9254901960784314152, 0.9254901960784314152 ) ;
#5906 = CARTESIAN_POINT ( 'NONE',  ( 4.599999999999999645, 5.249999999999999112, -3.100000000000000089 ) ) ;
#5907 = ORIENTED_EDGE ( 'NONE', *, *, #4346, .F. ) ;
#5908 = VECTOR ( 'NONE', #2809, 1000.000000000000000 ) ;
#5909 = LINE ( 'NONE', #2960, #6663 ) ;
#5910 = ORIENTED_EDGE ( 'NONE', *, *, #4035, .F. ) ;
#5911 = ADVANCED_FACE ( 'NONE', ( #6798 ), #2453, .T. ) ;
#5912 = AXIS2_PLACEMENT_3D ( 'NONE', #4284, #1282, #9609 ) ;
#5913 = SURFACE_STYLE_USAGE ( .BOTH. , #9046 ) ;
#5914 = CARTESIAN_POINT ( 'NONE',  ( -0.3500000000000002554, 0.5147435897445178377, 0.8000000000000000444 ) ) ;
#5915 = PRESENTATION_LAYER_ASSIGNMENT (  '', '', ( #8433 ) ) ;
#5916 = CARTESIAN_POINT ( 'NONE',  ( 0.5441557345149643510, -0.2952115718175047920, 0.8001000000000000334 ) ) ;
#5917 = CARTESIAN_POINT ( 'NONE',  ( 0.3449665954699624448, 0.3084079624487556237, 0.8000000000000000444 ) ) ;
#5918 = PLANE ( 'NONE',  #9409 ) ;
#5919 = ORIENTED_EDGE ( 'NONE', *, *, #2955, .T. ) ;
#5920 = ORIENTED_EDGE ( 'NONE', *, *, #9258, .F. ) ;
#5921 = EDGE_CURVE ( 'NONE', #9235, #7538, #4665, .T. ) ;
#5922 = MECHANICAL_DESIGN_GEOMETRIC_PRESENTATION_REPRESENTATION (  '', ( #3686 ), #9204 ) ;
#5923 = CARTESIAN_POINT ( 'NONE',  ( 5.849999999999997868, -1.699999999999999734, 1.200000000000002620 ) ) ;
#5924 = PLANE ( 'NONE',  #4303 ) ;
#5925 = CARTESIAN_POINT ( 'NONE',  ( -0.3495921787950203585, 1.498629873436306603, 0.7999999999999999334 ) ) ;
#5926 = CARTESIAN_POINT ( 'NONE',  ( -0.2529606711986724932, 0.02843564785099602157, 0.8000000000000001554 ) ) ;
#5927 = DIRECTION ( 'NONE',  ( 0.000000000000000000, 0.000000000000000000, -1.000000000000000000 ) ) ;
#5928 = AXIS2_PLACEMENT_3D ( 'NONE', #5837, #8825, #2018 ) ;
#5929 = CARTESIAN_POINT ( 'NONE',  ( 0.4232171474358971675, 0.3173076922936488020, 0.7999999999999998224 ) ) ;
#5930 =( NAMED_UNIT ( * ) SI_UNIT ( $, .STERADIAN. ) SOLID_ANGLE_UNIT ( ) );
#5931 = ORIENTED_EDGE ( 'NONE', *, *, #9439, .F. ) ;
#5932 = EDGE_CURVE ( 'NONE', #8654, #5586, #6312, .T. ) ;
#5933 = CARTESIAN_POINT ( 'NONE',  ( 5.083333333333331261, 1.233333333333335391, 2.933333333333331350 ) ) ;
#5934 = ORIENTED_EDGE ( 'NONE', *, *, #633, .F. ) ;
#5935 = DIRECTION ( 'NONE',  ( 0.000000000000000000, 0.000000000000000000, -1.000000000000000000 ) ) ;
#5936 = COLOUR_RGB ( '',0.9254901960784314152, 0.9254901960784314152, 0.9254901960784314152 ) ;
#5937 = CARTESIAN_POINT ( 'NONE',  ( 0.5986705636016331766, 1.789177789249735362, 0.7999999999999999334 ) ) ;
#5938 =( NAMED_UNIT ( * ) SI_UNIT ( $, .STERADIAN. ) SOLID_ANGLE_UNIT ( ) );
#5939 = CARTESIAN_POINT ( 'NONE',  ( 4.849999999999997868, 4.400000000000000355, 2.699999999999997957 ) ) ;
#5940 = CARTESIAN_POINT ( 'NONE',  ( 0.4663662824128488316, 1.953339457206357155, 0.8001000000000000334 ) ) ;
#5941 = CARTESIAN_POINT ( 'NONE',  ( 0.03578310564869965904, -0.9511795626006473992, 0.8000000000000002665 ) ) ;
#5942 =( LENGTH_UNIT ( ) NAMED_UNIT ( * ) SI_UNIT ( .MILLI., .METRE. ) );
#5943 =( NAMED_UNIT ( * ) SI_UNIT ( $, .STERADIAN. ) SOLID_ANGLE_UNIT ( ) );
#5944 = DIRECTION ( 'NONE',  ( -0.5773502691896211791, 0.5773502691896255090, 0.5773502691896305050 ) ) ;
#5945 = ADVANCED_FACE ( 'NONE', ( #856, #6161, #2501, #9195, #5568, #5526, #8562, #3062, #3913, #8517, #4763, #4054, #6939, #1555, #1002, #1742 ), #5428, .T. ) ;
#5946 = ORIENTED_EDGE ( 'NONE', *, *, #1514, .F. ) ;
#5947 = EDGE_CURVE ( 'NONE', #4492, #2918, #1840, .T. ) ;
#5948 = CARTESIAN_POINT ( 'NONE',  ( 0.1999999999999997613, -1.149358974338251738, 0.8001000000000000334 ) ) ;
#5949 = ORIENTED_EDGE ( 'NONE', *, *, #9785, .F. ) ;
#5950 = CARTESIAN_POINT ( 'NONE',  ( 0.1313206896262698875, -0.6403054283413545100, 0.8000000000000003775 ) ) ;
#5951 = FACE_OUTER_BOUND ( 'NONE', #9032, .T. ) ;
#5952 = CARTESIAN_POINT ( 'NONE',  ( 0.03562354073578017505, 1.994290724898955647, 0.8001000000000002554 ) ) ;
#5953 = CARTESIAN_POINT ( 'NONE',  ( -6.749999999999999112, -5.400000000000000355, -0.8000000000000000444 ) ) ;
#5954 = CARTESIAN_POINT ( 'NONE',  ( 0.4153918337325244181, -0.6424500482594579509, 0.8000999999999999224 ) ) ;
#5955 = STYLED_ITEM ( 'NONE', ( #7807 ), #1232 ) ;
#5956 = EDGE_LOOP ( 'NONE', ( #6167, #5032, #4931, #3856 ) ) ;
#5957 = CARTESIAN_POINT ( 'NONE',  ( -0.09859394772705777632, 0.1620520941108004043, 0.8001000000000001444 ) ) ;
#5958 = EDGE_LOOP ( 'NONE', ( #5493, #8796, #407, #5842 ) ) ;
#5959 = VECTOR ( 'NONE', #1286, 1000.000000000000000 ) ;
#5960 = CARTESIAN_POINT ( 'NONE',  ( 4.849999999999996092, -6.009577756062507812E-15, -3.100000000000000089 ) ) ;
#5961 = EDGE_CURVE ( 'NONE', #8524, #5280, #4964, .T. ) ;
#5962 = CARTESIAN_POINT ( 'NONE',  ( 0.5934638548232079591, -0.2594262095497628651, 0.8000000000000000444 ) ) ;
#5963 = CARTESIAN_POINT ( 'NONE',  ( 0.000000000000000000, 0.000000000000000000, 0.8001000000000000334 ) ) ;
#5964 = EDGE_LOOP ( 'NONE', ( #5226, #9782, #2597, #6937 ) ) ;
#5965 = AXIS2_PLACEMENT_3D ( 'NONE', #5795, #1980, #8072 ) ;
#5966 = ORIENTED_EDGE ( 'NONE', *, *, #1016, .F. ) ;
#5967 = CARTESIAN_POINT ( 'NONE',  ( 5.849999999999997868, 4.400000000000000355, 2.699999999999997957 ) ) ;
#5968 = CARTESIAN_POINT ( 'NONE',  ( 0.7499999999999997780, 2.348076923060551824, 0.8001000000000000334 ) ) ;
#5969 =( NAMED_UNIT ( * ) SI_UNIT ( $, .STERADIAN. ) SOLID_ANGLE_UNIT ( ) );
#5970 = CARTESIAN_POINT ( 'NONE',  ( -0.2623865258970464742, -0.01346649817827903425, 0.7999999999999997113 ) ) ;
#5971 = CARTESIAN_POINT ( 'NONE',  ( 0.7299291142448587344, -0.7288544045489466772, 0.8000000000000001554 ) ) ;
#5972 = AXIS2_PLACEMENT_3D ( 'NONE', #5963, #8238, #9000 ) ;
#5973 = EDGE_CURVE ( 'NONE', #2543, #5124, #6448, .T. ) ;
#5974 = CARTESIAN_POINT ( 'NONE',  ( 0.2151866819356807736, -0.5803776430937327424, 0.7999999999999999334 ) ) ;
#5975 = CARTESIAN_POINT ( 'NONE',  ( 5.849999999999997868, 1.499999999999997780, -9.000000000000001776 ) ) ;
#5976 = VERTEX_POINT ( 'NONE', #264 ) ;
#5977 =( LENGTH_UNIT ( ) NAMED_UNIT ( * ) SI_UNIT ( .MILLI., .METRE. ) );
#5978 = STYLED_ITEM ( 'NONE', ( #6257 ), #1865 ) ;
#5979 = VERTEX_POINT ( 'NONE', #4424 ) ;
#5980 = SURFACE_STYLE_FILL_AREA ( #5196 ) ;
#5981 = DIRECTION ( 'NONE',  ( 8.031127203596329369E-17, -1.000000000000000000, 0.000000000000000000 ) ) ;
#5982 = CARTESIAN_POINT ( 'NONE',  ( -0.1904310001143936781, -0.2338740880839119685, 0.7999999999999998224 ) ) ;
#5983 = FACE_OUTER_BOUND ( 'NONE', #3422, .T. ) ;
#5984 = ADVANCED_FACE ( 'NONE', ( #3321 ), #6671, .T. ) ;
#5985 = CARTESIAN_POINT ( 'NONE',  ( -5.250000000000000000, 4.099999999999999645, -0.8001000000000000334 ) ) ;
#5986 = CARTESIAN_POINT ( 'NONE',  ( -0.3500000000000002554, 2.446794871778500635, 0.8001000000000000334 ) ) ;
#5987 = AXIS2_PLACEMENT_3D ( 'NONE', #8700, #9626, #2853 ) ;
#5988 = LINE ( 'NONE', #652, #4841 ) ;
#5989 = LINE ( 'NONE', #2231, #2676 ) ;
#5990 = CARTESIAN_POINT ( 'NONE',  ( -1.749999999999999556, -0.2000000000000005107, 0.8001000000000000334 ) ) ;
#5991 = EDGE_LOOP ( 'NONE', ( #3734, #1655, #8032, #3388 ) ) ;
#5992 = ORIENTED_EDGE ( 'NONE', *, *, #6298, .F. ) ;
#5993 = VECTOR ( 'NONE', #3928, 1000.000000000000000 ) ;
#5994 = FACE_OUTER_BOUND ( 'NONE', #7587, .T. ) ;
#5995 = CARTESIAN_POINT ( 'NONE',  ( 5.675000000000021139, -5.674999999999982059, -0.8000000000000000444 ) ) ;
#5996 = ADVANCED_FACE ( 'NONE', ( #9473 ), #5617, .T. ) ;
#5997 = CARTESIAN_POINT ( 'NONE',  ( -0.1277550811994200008, 1.881405547755751417, 0.8001000000000002554 ) ) ;
#5998 = CARTESIAN_POINT ( 'NONE',  ( -0.2861763183436037417, -0.2902089775277817418, 0.8001000000000000334 ) ) ;
#5999 = FILL_AREA_STYLE ('',( #1496 ) ) ;
#6000 = CARTESIAN_POINT ( 'NONE',  ( 0.6206974910219560382, -0.7667504593260512369, 0.8001000000000001444 ) ) ;
#6001 = PRESENTATION_STYLE_ASSIGNMENT (( #9726 ) ) ;
#6002 = EDGE_LOOP ( 'NONE', ( #4038, #9289, #8794, #3175 ) ) ;
#6003 = ORIENTED_EDGE ( 'NONE', *, *, #6503, .F. ) ;
#6004 = CARTESIAN_POINT ( 'NONE',  ( -0.3500000000000002554, 3.046153846137475085, 0.8001000000000000334 ) ) ;
#6005 = ORIENTED_EDGE ( 'NONE', *, *, #2192, .F. ) ;
#6006 = CIRCLE ( 'NONE', #1988, 0.6499999999999995781 ) ;
#6007 = CARTESIAN_POINT ( 'NONE',  ( 0.1656093801873188831, -1.049120331324276290, 0.8000999999999999224 ) ) ;
#6008 = ADVANCED_FACE ( 'NONE', ( #4106 ), #7129, .T. ) ;
#6009 = CARTESIAN_POINT ( 'NONE',  ( -1.599999999999999645, 4.549999999999998934, 0.8001000000000000334 ) ) ;
#6010 = FILL_AREA_STYLE_COLOUR ( '', #8460 ) ;
#6011 = DIRECTION ( 'NONE',  ( 0.000000000000000000, 0.000000000000000000, -1.000000000000000000 ) ) ;
#6012 = PLANE ( 'NONE',  #718 ) ;
#6013 = ORIENTED_EDGE ( 'NONE', *, *, #9439, .T. ) ;
#6014 = VERTEX_POINT ( 'NONE', #3087 ) ;
#6015 = AXIS2_PLACEMENT_3D ( 'NONE', #4230, #538, #496 ) ;
#6016 = FILL_AREA_STYLE ('',( #4410 ) ) ;
#6017 = PRESENTATION_STYLE_ASSIGNMENT (( #1272 ) ) ;
#6018 = B_SPLINE_SURFACE_WITH_KNOTS ( 'NONE', 3, 1, ( 
 ( #9205, #7795 ),
 ( #4820, #6366 ),
 ( #4775, #7092 ),
 ( #4022, #6902 ),
 ( #4618, #3923 ),
 ( #3332, #2416 ),
 ( #7043, #80 ),
 ( #9154, #965 ),
 ( #7649, #3231 ),
 ( #6996, #127 ),
 ( #5578, #8434 ),
 ( #1616, #7746 ),
 ( #3872, #277 ),
 ( #9342, #228 ),
 ( #3179, #5538 ) ),
 .UNSPECIFIED., .F., .F., .F.,
 ( 4, 1, 1, 1, 1, 1, 1, 1, 1, 1, 1, 1, 4 ),
 ( 2, 2 ),
 ( 0.000000000000000000, 0.1101742843534255639, 0.2157288933015797661, 0.3181035218661342756, 0.4176579306554609183, 0.5117419201483482949, 0.5962602275490722636, 0.6734045871943886707, 0.7441452171449848274, 0.8106619963208112623, 0.8740489808898759261, 0.9366912848014095072, 1.000000000000000000 ),
 ( 0.000000000000000000, 1.000000000000000000 ),
 .UNSPECIFIED. ) ;
#6019 = CARTESIAN_POINT ( 'NONE',  ( 4.849999999999997868, 1.700000000000000178, 2.699999999999997957 ) ) ;
#6020 = CARTESIAN_POINT ( 'NONE',  ( -0.2330285150422727047, 1.552563537951169748, 0.8001000000000000334 ) ) ;
#6021 = CARTESIAN_POINT ( 'NONE',  ( 0.7753244908171146310, -0.8723713090895940381, 0.8000000000000001554 ) ) ;
#6022 = CARTESIAN_POINT ( 'NONE',  ( 0.3155857425290003460, -0.5486148065938122320, 0.8000000000000001554 ) ) ;
#6023 = CARTESIAN_POINT ( 'NONE',  ( 0.7782051282051279939, -0.06324118591147942503, 0.7999999999999998224 ) ) ;
#6024 = ORIENTED_EDGE ( 'NONE', *, *, #8981, .F. ) ;
#6025 = DIRECTION ( 'NONE',  ( -1.000000000000000000, 0.000000000000000000, -0.000000000000000000 ) ) ;
#6026 = EDGE_LOOP ( 'NONE', ( #2485, #7394, #3881, #7308 ) ) ;
#6027 = EDGE_CURVE ( 'NONE', #2258, #8240, #5243, .T. ) ;
#6028 = CARTESIAN_POINT ( 'NONE',  ( 0.000000000000000000, 0.000000000000000000, 0.8001000000000000334 ) ) ;
#6029 = CARTESIAN_POINT ( 'NONE',  ( -0.3500000000000002554, 0.5147435897445178377, 0.8001000000000000334 ) ) ;
#6030 = DIRECTION ( 'NONE',  ( 0.000000000000000000, -1.000000000000000000, 0.000000000000000000 ) ) ;
#6031 = PRESENTATION_STYLE_ASSIGNMENT (( #5354 ) ) ;
#6032 = VECTOR ( 'NONE', #2125, 1000.000000000000000 ) ;
#6033 = COLOUR_RGB ( '',0.9254901960784314152, 0.9254901960784314152, 0.9254901960784314152 ) ;
#6034 = CARTESIAN_POINT ( 'NONE',  ( 0.2277644230769228784, 0.2516426281910846829, 0.8001000000000000334 ) ) ;
#6035 = LINE ( 'NONE', #8213, #3055 ) ;
#6036 = FACE_OUTER_BOUND ( 'NONE', #8569, .T. ) ;
#6037 = LINE ( 'NONE', #3742, #4765 ) ;
#6038 = CARTESIAN_POINT ( 'NONE',  ( 0.7499999999999997780, 1.560757211523444488, 0.8001000000000000334 ) ) ;
#6039 = ORIENTED_EDGE ( 'NONE', *, *, #1035, .T. ) ;
#6040 =( GEOMETRIC_REPRESENTATION_CONTEXT ( 3 ) GLOBAL_UNCERTAINTY_ASSIGNED_CONTEXT ( ( #1859 ) ) GLOBAL_UNIT_ASSIGNED_CONTEXT ( ( #6678, #7224, #8020 ) ) REPRESENTATION_CONTEXT ( 'NONE', 'WORKASPACE' ) );
#6041 = PRESENTATION_STYLE_ASSIGNMENT (( #4591 ) ) ;
#6042 =( GEOMETRIC_REPRESENTATION_CONTEXT ( 3 ) GLOBAL_UNCERTAINTY_ASSIGNED_CONTEXT ( ( #7843 ) ) GLOBAL_UNIT_ASSIGNED_CONTEXT ( ( #6080, #7502, #4418 ) ) REPRESENTATION_CONTEXT ( 'NONE', 'WORKASPACE' ) );
#6043 = ORIENTED_EDGE ( 'NONE', *, *, #8013, .T. ) ;
#6044 = EDGE_CURVE ( 'NONE', #6935, #5364, #6916, .T. ) ;
#6045 = ORIENTED_EDGE ( 'NONE', *, *, #7508, .F. ) ;
#6046 = SURFACE_STYLE_FILL_AREA ( #3706 ) ;
#6047 = CARTESIAN_POINT ( 'NONE',  ( 0.6613315988708172721, -0.001683934030887383792, 0.7999999999999998224 ) ) ;
#6048 = PRESENTATION_LAYER_ASSIGNMENT (  '', '', ( #2368 ) ) ;
#6049 = CARTESIAN_POINT ( 'NONE',  ( 4.849999999999997868, -1.000000000000000000, 2.699999999999997957 ) ) ;
#6050 = DIRECTION ( 'NONE',  ( -0.7071067811865474617, 0.7071067811865474617, -0.000000000000000000 ) ) ;
#6051 = FILL_AREA_STYLE_COLOUR ( '', #558 ) ;
#6052 = EDGE_LOOP ( 'NONE', ( #4827, #6452, #7793, #8644 ) ) ;
#6053 = AXIS2_PLACEMENT_3D ( 'NONE', #6028, #9019, #2222 ) ;
#6054 = LINE ( 'NONE', #9043, #6818 ) ;
#6055 = ORIENTED_EDGE ( 'NONE', *, *, #4620, .T. ) ;
#6056 = EDGE_CURVE ( 'NONE', #7892, #6911, #1428, .T. ) ;
#6057 = VECTOR ( 'NONE', #7685, 1000.000000000000000 ) ;
#6058 = LINE ( 'NONE', #6849, #1178 ) ;
#6059 = CARTESIAN_POINT ( 'NONE',  ( 0.1441489724643164605, -0.9331019002666424145, 0.8001000000000000334 ) ) ;
#6060 = DIRECTION ( 'NONE',  ( 1.239088197126291458E-15, 1.000000000000000000, 0.000000000000000000 ) ) ;
#6061 = COLOUR_RGB ( '',0.9254901960784314152, 0.9254901960784314152, 0.9254901960784314152 ) ;
#6062 = CARTESIAN_POINT ( 'NONE',  ( 0.5024999365940923113, -0.3153204614681240359, 0.8000999999999999224 ) ) ;
#6063 = STYLED_ITEM ( 'NONE', ( #2101 ), #6372 ) ;
#6064 = FACE_OUTER_BOUND ( 'NONE', #3005, .T. ) ;
#6065 = CARTESIAN_POINT ( 'NONE',  ( 0.006525030649605241366, 0.2435141275244151193, 0.8000000000000001554 ) ) ;
#6066 = EDGE_LOOP ( 'NONE', ( #9247, #8868, #4277, #3365 ) ) ;
#6067 = ORIENTED_EDGE ( 'NONE', *, *, #3787, .F. ) ;
#6068 = UNCERTAINTY_MEASURE_WITH_UNIT (LENGTH_MEASURE( 1.000000000000000082E-05 ), #5471, 'distance_accuracy_value', 'NONE');
#6069 = ADVANCED_FACE ( 'NONE', ( #645 ), #5449, .T. ) ;
#6070 = EDGE_CURVE ( 'NONE', #7100, #5763, #6135, .T. ) ;
#6071 = FACE_OUTER_BOUND ( 'NONE', #3111, .T. ) ;
#6072 = FACE_OUTER_BOUND ( 'NONE', #6793, .T. ) ;
#6073 = CARTESIAN_POINT ( 'NONE',  ( -0.2648496603684025175, -0.03593415531122109985, 0.8000000000000003775 ) ) ;
#6074 = CARTESIAN_POINT ( 'NONE',  ( 0.7299291142448587344, -0.7288544045489466772, 0.8000999999999999224 ) ) ;
#6075 = CARTESIAN_POINT ( 'NONE',  ( 0.3690363482485513047, 2.105395899595304599, 0.8000000000000001554 ) ) ;
#6076 = CARTESIAN_POINT ( 'NONE',  ( -0.3690839149426322630, 0.02410804884069379928, 0.8000000000000004885 ) ) ;
#6077 = CARTESIAN_POINT ( 'NONE',  ( 0.5786562198429896497, -0.2720507980246312796, 0.8001000000000000334 ) ) ;
#6078 = ORIENTED_EDGE ( 'NONE', *, *, #9293, .F. ) ;
#6079 = VECTOR ( 'NONE', #5559, 1000.000000000000000 ) ;
#6080 =( LENGTH_UNIT ( ) NAMED_UNIT ( * ) SI_UNIT ( .MILLI., .METRE. ) );
#6081 = CARTESIAN_POINT ( 'NONE',  ( 0.2488109141680288905, 0.1087017602033265723, 0.8001000000000002554 ) ) ;
#6082 = ORIENTED_EDGE ( 'NONE', *, *, #7026, .F. ) ;
#6083 = DIRECTION ( 'NONE',  ( 0.000000000000000000, 1.000000000000000000, 0.000000000000000000 ) ) ;
#6084 = DIRECTION ( 'NONE',  ( 0.000000000000000000, 1.000000000000000000, 0.000000000000000000 ) ) ;
#6085 = CARTESIAN_POINT ( 'NONE',  ( 0.7499999999999997780, 2.446794871778500635, 0.8001000000000000334 ) ) ;
#6086 = COLOUR_RGB ( '',0.9254901960784314152, 0.9254901960784314152, 0.9254901960784314152 ) ;
#6087 =( NAMED_UNIT ( * ) PLANE_ANGLE_UNIT ( ) SI_UNIT ( $, .RADIAN. ) );
#6088 = CARTESIAN_POINT ( 'NONE',  ( 0.6334852417748181308, 1.593917025435199752, 0.7999999999999998224 ) ) ;
#6089 = CARTESIAN_POINT ( 'NONE',  ( 4.099999999999997868, 5.249999999999999112, -3.100000000000000089 ) ) ;
#6090 = FACE_BOUND ( 'NONE', #4881, .T. ) ;
#6091 = CARTESIAN_POINT ( 'NONE',  ( 5.549999999999997158, 0.9999999999999986677, -9.500000000000005329 ) ) ;
#6092 = EDGE_CURVE ( 'NONE', #7236, #7199, #9072, .T. ) ;
#6093 = ORIENTED_EDGE ( 'NONE', *, *, #2140, .F. ) ;
#6094 = CARTESIAN_POINT ( 'NONE',  ( 0.2191706730769228395, 2.446794871778500635, 0.8001000000000000334 ) ) ;
#6095 = EDGE_LOOP ( 'NONE', ( #6562, #6418, #7756, #5056 ) ) ;
#6096 = CARTESIAN_POINT ( 'NONE',  ( 5.849999999999997868, 1.700000000000000178, 1.200000000000002620 ) ) ;
#6097 = EDGE_LOOP ( 'NONE', ( #9525, #3044, #1168, #555 ) ) ;
#6098 = ORIENTED_EDGE ( 'NONE', *, *, #2465, .T. ) ;
#6099 = CARTESIAN_POINT ( 'NONE',  ( -0.2371794871794874193, -0.9594150640818412956, 0.8001000000000000334 ) ) ;
#6100 = COLOUR_RGB ( '',0.9254901960784314152, 0.9254901960784314152, 0.9254901960784314152 ) ;
#6101 = PRESENTATION_STYLE_ASSIGNMENT (( #7626 ) ) ;
#6102 = CARTESIAN_POINT ( 'NONE',  ( -5.750000000000000000, 4.099999999999999645, -0.8000000000000000444 ) ) ;
#6103 = EDGE_CURVE ( 'NONE', #1383, #8928, #4580, .T. ) ;
#6104 = SURFACE_STYLE_FILL_AREA ( #4045 ) ;
#6105 = VERTEX_POINT ( 'NONE', #3784 ) ;
#6106 = EDGE_LOOP ( 'NONE', ( #1160, #8206, #2996, #9099 ) ) ;
#6107 = FACE_OUTER_BOUND ( 'NONE', #1356, .T. ) ;
#6108 = ORIENTED_EDGE ( 'NONE', *, *, #4104, .F. ) ;
#6109 = B_SPLINE_SURFACE_WITH_KNOTS ( 'NONE', 3, 1, ( 
 ( #2002, #1274 ),
 ( #3443, #5087 ),
 ( #8099, #4322 ),
 ( #7351, #6425 ),
 ( #9404, #3583 ),
 ( #1869, #1130 ),
 ( #2055, #4181 ),
 ( #2624, #8674 ),
 ( #389, #6471 ),
 ( #9448, #2673 ),
 ( #3631, #2924 ),
 ( #1364, #2152 ),
 ( #8245, #2103 ),
 ( #2212, #3681 ),
 ( #6658, #1519 ),
 ( #5287, #2975 ),
 ( #4467, #6863 ),
 ( #6074, #5971 ),
 ( #8956, #9647 ),
 ( #632, #8384 ),
 ( #5232, #4515 ),
 ( #3076, #6123 ),
 ( #9109, #4570 ),
 ( #2875, #6021 ),
 ( #9746, #9060 ),
 ( #8908, #1415 ),
 ( #2266, #5393 ) ),
 .UNSPECIFIED., .F., .F., .F.,
 ( 4, 1, 1, 1, 1, 1, 1, 1, 1, 1, 1, 1, 1, 1, 1, 1, 1, 1, 1, 1, 1, 1, 1, 1, 4 ),
 ( 2, 2 ),
 ( 0.000000000000000000, 0.04401641302609998752, 0.08743798231709516700, 0.1301241410529550280, 0.1725613097109424954, 0.2142176203315096783, 0.2563024923207569139, 0.2984444850884291900, 0.3405355360341024151, 0.3824035700547522287, 0.4236142451276407317, 0.4642225993249143312, 0.5040517852033810087, 0.5438417755474606041, 0.5835483469147170199, 0.6230776852221733275, 0.6632141983679044062, 0.7035381757130891867, 0.7439265941338955024, 0.7845317461583771745, 0.8257424212312658440, 0.8677515272464187968, 0.9107412250311066604, 0.9549124571724221244, 1.000000000000000000 ),
 ( 0.000000000000000000, 1.000000000000000000 ),
 .UNSPECIFIED. ) ;
#6110 = CARTESIAN_POINT ( 'NONE',  ( 5.516666666666666607, 4.033333333333332327, 1.533333333333337212 ) ) ;
#6111 = CARTESIAN_POINT ( 'NONE',  ( -5.750000000000000000, 1.499999999999999112, 0.8000000000000000444 ) ) ;
#6112 = EDGE_CURVE ( 'NONE', #1930, #1485, #3034, .T. ) ;
#6113 = CARTESIAN_POINT ( 'NONE',  ( 5.649999999999995026, -3.900000000000001688, -9.000000000000001776 ) ) ;
#6114 = FACE_OUTER_BOUND ( 'NONE', #2631, .T. ) ;
#6115 = DIRECTION ( 'NONE',  ( -1.000000000000000000, 0.000000000000000000, 0.000000000000000000 ) ) ;
#6116 = ORIENTED_EDGE ( 'NONE', *, *, #8388, .F. ) ;
#6117 = ORIENTED_EDGE ( 'NONE', *, *, #5238, .T. ) ;
#6118 = STYLED_ITEM ( 'NONE', ( #4044 ), #941 ) ;
#6119 = CARTESIAN_POINT ( 'NONE',  ( 0.2542717055064735443, 2.121848681266265135, 0.8000999999999998114 ) ) ;
#6120 = DIRECTION ( 'NONE',  ( -0.000000000000000000, 0.000000000000000000, 1.000000000000000000 ) ) ;
#6121 =( NAMED_UNIT ( * ) PLANE_ANGLE_UNIT ( ) SI_UNIT ( $, .RADIAN. ) );
#6122 = CARTESIAN_POINT ( 'NONE',  ( -0.2254399731113726213, 1.637086959731255398, 0.8000000000000002665 ) ) ;
#6123 = CARTESIAN_POINT ( 'NONE',  ( 0.7663883561444874148, -0.8211274673813989677, 0.8000000000000003775 ) ) ;
#6124 = EDGE_CURVE ( 'NONE', #816, #7631, #9117, .T. ) ;
#6125 = CARTESIAN_POINT ( 'NONE',  ( 0.6744986437564117754, 1.899509615310410293, 0.8000000000000001554 ) ) ;
#6126 = COLOUR_RGB ( '',0.9254901960784314152, 0.9254901960784314152, 0.9254901960784314152 ) ;
#6127 = PRESENTATION_LAYER_ASSIGNMENT (  '', '', ( #3425 ) ) ;
#6128 = CARTESIAN_POINT ( 'NONE',  ( -0.1044937830290530723, 0.2603745927192699372, 0.8001000000000000334 ) ) ;
#6129 = CARTESIAN_POINT ( 'NONE',  ( 0.5934638548232079591, -0.2594262095497628651, 0.8001000000000000334 ) ) ;
#6130 = ORIENTED_EDGE ( 'NONE', *, *, #7638, .T. ) ;
#6131 = CARTESIAN_POINT ( 'NONE',  ( 0.03161396608777657796, -0.9195648700811930309, 0.8000999999999999224 ) ) ;
#6132 = ORIENTED_EDGE ( 'NONE', *, *, #754, .T. ) ;
#6133 = VECTOR ( 'NONE', #611, 1000.000000000000000 ) ;
#6134 =( GEOMETRIC_REPRESENTATION_CONTEXT ( 3 ) GLOBAL_UNCERTAINTY_ASSIGNED_CONTEXT ( ( #7250 ) ) GLOBAL_UNIT_ASSIGNED_CONTEXT ( ( #413, #3472, #8075 ) ) REPRESENTATION_CONTEXT ( 'NONE', 'WORKASPACE' ) );
#6135 = LINE ( 'NONE', #6823, #6229 ) ;
#6136 = CARTESIAN_POINT ( 'NONE',  ( -0.1745726535986075467, -0.2457684436650821591, 0.7999999999999998224 ) ) ;
#6137 = SURFACE_SIDE_STYLE ('',( #3090 ) ) ;
#6138 = EDGE_CURVE ( 'NONE', #7661, #9594, #6381, .T. ) ;
#6139 = CARTESIAN_POINT ( 'NONE',  ( 0.03667388999076894723, -0.8173907403538450689, 0.8001000000000003665 ) ) ;
#6140 = DIRECTION ( 'NONE',  ( -0.000000000000000000, -0.000000000000000000, 1.000000000000000000 ) ) ;
#6141 = ADVANCED_FACE ( 'NONE', ( #6772 ), #2326, .T. ) ;
#6142 = SURFACE_STYLE_USAGE ( .BOTH. , #3093 ) ;
#6143 = SURFACE_STYLE_USAGE ( .BOTH. , #9124 ) ;
#6144 = STYLED_ITEM ( 'NONE', ( #1298 ), #1810 ) ;
#6145 = EDGE_LOOP ( 'NONE', ( #3964, #5169, #7090, #6970 ) ) ;
#6146 = VERTEX_POINT ( 'NONE', #7556 ) ;
#6147 =( NAMED_UNIT ( * ) SI_UNIT ( $, .STERADIAN. ) SOLID_ANGLE_UNIT ( ) );
#6148 = ORIENTED_EDGE ( 'NONE', *, *, #85, .F. ) ;
#6149 = VECTOR ( 'NONE', #960, 1000.000000000000227 ) ;
#6150 = DIRECTION ( 'NONE',  ( 1.000000000000000000, -8.673617379884027583E-16, 0.000000000000000000 ) ) ;
#6151 = DIRECTION ( 'NONE',  ( -0.000000000000000000, -0.000000000000000000, 1.000000000000000000 ) ) ;
#6152 = CARTESIAN_POINT ( 'NONE',  ( -0.3500000000000002554, 2.905348557675936583, 0.8001000000000000334 ) ) ;
#6153 = CARTESIAN_POINT ( 'NONE',  ( -0.3500000000000002554, -2.200000000002190870, 0.8000000000000000444 ) ) ;
#6154 = DIRECTION ( 'NONE',  ( -1.000000000000000000, 1.239088197126291458E-15, 0.000000000000000000 ) ) ;
#6155 = ORIENTED_EDGE ( 'NONE', *, *, #8834, .F. ) ;
#6156 = MECHANICAL_DESIGN_GEOMETRIC_PRESENTATION_REPRESENTATION (  '', ( #570 ), #4727 ) ;
#6157 = LINE ( 'NONE', #5469, #3653 ) ;
#6158 = ORIENTED_EDGE ( 'NONE', *, *, #3398, .T. ) ;
#6159 = CARTESIAN_POINT ( 'NONE',  ( 0.5011955254687284755, -1.257031079225398473, 0.8000000000000000444 ) ) ;
#6160 = EDGE_CURVE ( 'NONE', #1833, #5363, #1581, .T. ) ;
#6161 = FACE_BOUND ( 'NONE', #7894, .T. ) ;
#6162 = CARTESIAN_POINT ( 'NONE',  ( 4.849999999999996980, -4.399999999999999467, -3.100000000000000089 ) ) ;
#6163 = SURFACE_STYLE_FILL_AREA ( #8997 ) ;
#6164 = CARTESIAN_POINT ( 'NONE',  ( 0.5140574540896786226, 1.914732327198168438, 0.8000000000000000444 ) ) ;
#6165 = CARTESIAN_POINT ( 'NONE',  ( 0.1435897435897433294, -0.9069711538254310312, 0.8001000000000000334 ) ) ;
#6166 = ORIENTED_EDGE ( 'NONE', *, *, #3623, .F. ) ;
#6167 = ORIENTED_EDGE ( 'NONE', *, *, #4400, .F. ) ;
#6168 = UNCERTAINTY_MEASURE_WITH_UNIT (LENGTH_MEASURE( 1.000000000000000082E-05 ), #9231, 'distance_accuracy_value', 'NONE');
#6169 = CARTESIAN_POINT ( 'NONE',  ( 0.5269159774175596889, -1.146100635339109886, 0.8000000000000001554 ) ) ;
#6170 = CARTESIAN_POINT ( 'NONE',  ( 0.7571411782385009115, -1.050119763519729910, 0.8000999999999999224 ) ) ;
#6171 =( NAMED_UNIT ( * ) PLANE_ANGLE_UNIT ( ) SI_UNIT ( $, .RADIAN. ) );
#6172 = DIRECTION ( 'NONE',  ( 0.000000000000000000, -1.000000000000000000, 0.000000000000000000 ) ) ;
#6173 =( NAMED_UNIT ( * ) SI_UNIT ( $, .STERADIAN. ) SOLID_ANGLE_UNIT ( ) );
#6174 = CARTESIAN_POINT ( 'NONE',  ( 0.1078647983301111862, -0.6655659287699838833, 0.8000000000000000444 ) ) ;
#6175 = VECTOR ( 'NONE', #1724, 1000.000000000000000 ) ;
#6176 = CARTESIAN_POINT ( 'NONE',  ( -0.3782051282051285268, -0.06037660257814608106, 0.8000000000000003775 ) ) ;
#6177 = CARTESIAN_POINT ( 'NONE',  ( 5.049999999999997158, -6.257395395487768786E-15, -9.000000000000001776 ) ) ;
#6178 = VERTEX_POINT ( 'NONE', #737 ) ;
#6179 = SURFACE_STYLE_FILL_AREA ( #1071 ) ;
#6180 = FILL_AREA_STYLE_COLOUR ( '', #7602 ) ;
#6181 = ADVANCED_FACE ( 'NONE', ( #4636 ), #7664, .T. ) ;
#6182 = PLANE ( 'NONE',  #3981 ) ;
#6183 = PLANE ( 'NONE',  #3683 ) ;
#6184 =( LENGTH_UNIT ( ) NAMED_UNIT ( * ) SI_UNIT ( .MILLI., .METRE. ) );
#6185 = CARTESIAN_POINT ( 'NONE',  ( 0.6369515431177424913, 1.497890987396387263, 0.8000999999999997003 ) ) ;
#6186 = FACE_OUTER_BOUND ( 'NONE', #6026, .T. ) ;
#6187 = STYLED_ITEM ( 'NONE', ( #4201 ), #4634 ) ;
#6188 = CARTESIAN_POINT ( 'NONE',  ( 0.1395240299561291697, 0.1441482145963499661, 0.8000999999999999224 ) ) ;
#6189 = CARTESIAN_POINT ( 'NONE',  ( -0.3500000000000002554, 2.905348557675936583, 0.8001000000000000334 ) ) ;
#6190 = ORIENTED_EDGE ( 'NONE', *, *, #9536, .T. ) ;
#6191 = FILL_AREA_STYLE ('',( #2333 ) ) ;
#6192 = ORIENTED_EDGE ( 'NONE', *, *, #4875, .T. ) ;
#6193 = ADVANCED_FACE ( 'NONE', ( #343 ), #5231, .T. ) ;
#6194 = SURFACE_STYLE_USAGE ( .BOTH. , #4648 ) ;
#6195 = EDGE_CURVE ( 'NONE', #4074, #3831, #3201, .T. ) ;
#6196 = ORIENTED_EDGE ( 'NONE', *, *, #874, .F. ) ;
#6197 = COLOUR_RGB ( '',0.9254901960784314152, 0.9254901960784314152, 0.9254901960784314152 ) ;
#6198 = CARTESIAN_POINT ( 'NONE',  ( 0.7168879398995340324, 1.810519859678527244, 0.8001000000000001444 ) ) ;
#6199 = VECTOR ( 'NONE', #5389, 1000.000000000000000 ) ;
#6200 = CARTESIAN_POINT ( 'NONE',  ( -0.1575802338243592060, -0.2577974077628308880, 0.8000000000000002665 ) ) ;
#6201 = CARTESIAN_POINT ( 'NONE',  ( 0.5349687724716238879, 2.035234542977546468, 0.8001000000000001444 ) ) ;
#6202 = B_SPLINE_CURVE_WITH_KNOTS ( 'NONE', 3,
 ( #204, #4001, #3945, #7019, #106, #6344, #1640, #2536, #6252, #2590, #6200, #5602, #9181, #2393, #4703 ),
 .UNSPECIFIED., .F., .F.,
 ( 4, 1, 1, 1, 1, 1, 1, 1, 1, 1, 1, 1, 4 ),
 ( 0.000000000000000000, 0.1227119423657787728, 0.2396849640167734719, 0.3518158552560946561, 0.4637661328620821810, 0.5208177931608305444, 0.5794482914480039160, 0.6406041451203191572, 0.7052975118059832127, 0.7736338807131352135, 0.8446693818863784120, 0.9200565080211453584, 1.000000000000000000 ),
 .UNSPECIFIED. ) ;
#6203 =( NAMED_UNIT ( * ) PLANE_ANGLE_UNIT ( ) SI_UNIT ( $, .RADIAN. ) );
#6204 = CARTESIAN_POINT ( 'NONE',  ( 5.849999999999997868, 4.400000000000000355, 1.200000000000002620 ) ) ;
#6205 = CARTESIAN_POINT ( 'NONE',  ( 0.1435897435897433294, -0.9069711538254310312, 0.8000000000000000444 ) ) ;
#6206 = CARTESIAN_POINT ( 'NONE',  ( 4.849999999999997868, 4.400000000000000355, -8.799999999999997158 ) ) ;
#6207 = MECHANICAL_DESIGN_GEOMETRIC_PRESENTATION_REPRESENTATION (  '', ( #145 ), #8247 ) ;
#6208 = ORIENTED_EDGE ( 'NONE', *, *, #8742, .T. ) ;
#6209 = ORIENTED_EDGE ( 'NONE', *, *, #840, .T. ) ;
#6210 = ORIENTED_EDGE ( 'NONE', *, *, #5561, .T. ) ;
#6211 = CARTESIAN_POINT ( 'NONE',  ( 4.449999999999997513, 0.6000000000000010880, 0.8000000000000000444 ) ) ;
#6212 = ORIENTED_EDGE ( 'NONE', *, *, #8643, .F. ) ;
#6213 = CARTESIAN_POINT ( 'NONE',  ( 0.7298438316195002828, -1.104189698300890310, 0.8000000000000000444 ) ) ;
#6214 =( GEOMETRIC_REPRESENTATION_CONTEXT ( 3 ) GLOBAL_UNCERTAINTY_ASSIGNED_CONTEXT ( ( #9492 ) ) GLOBAL_UNIT_ASSIGNED_CONTEXT ( ( #3011, #5323, #5271 ) ) REPRESENTATION_CONTEXT ( 'NONE', 'WORKASPACE' ) );
#6215 =( NAMED_UNIT ( * ) SI_UNIT ( $, .STERADIAN. ) SOLID_ANGLE_UNIT ( ) );
#6216 = FILL_AREA_STYLE_COLOUR ( '', #4010 ) ;
#6217 = CYLINDRICAL_SURFACE ( 'NONE', #8917, 0.6499999999999995781 ) ;
#6218 = LINE ( 'NONE', #3373, #2251 ) ;
#6219 = CARTESIAN_POINT ( 'NONE',  ( 0.1442304179179751955, -0.8779567028946866358, 0.7999999999999999334 ) ) ;
#6220 = CARTESIAN_POINT ( 'NONE',  ( 0.5859238605605034955, 1.817740400956211033, 0.7999999999999997113 ) ) ;
#6221 = CARTESIAN_POINT ( 'NONE',  ( -0.2646624200457903253, 0.1972037964899414630, 0.7999999999999999334 ) ) ;
#6222 = ADVANCED_FACE ( 'NONE', ( #1718 ), #3345, .F. ) ;
#6223 = ORIENTED_EDGE ( 'NONE', *, *, #9209, .F. ) ;
#6224 = VERTEX_POINT ( 'NONE', #4936 ) ;
#6225 = VECTOR ( 'NONE', #7422, 1000.000000000000000 ) ;
#6226 = CARTESIAN_POINT ( 'NONE',  ( -0.2088810055361136897, 1.724729680905535467, 0.8000000000000000444 ) ) ;
#6227 = CARTESIAN_POINT ( 'NONE',  ( 0.4791473128745044607, -1.260445337649108044, 0.8000000000000003775 ) ) ;
#6228 = CARTESIAN_POINT ( 'NONE',  ( -0.2354080710617298955, 1.504073750298610124, 0.7999999999999998224 ) ) ;
#6229 = VECTOR ( 'NONE', #1629, 1000.000000000000000 ) ;
#6230 = FACE_OUTER_BOUND ( 'NONE', #1265, .T. ) ;
#6231 = LINE ( 'NONE', #8441, #5537 ) ;
#6232 = SURFACE_STYLE_USAGE ( .BOTH. , #7798 ) ;
#6233 = ORIENTED_EDGE ( 'NONE', *, *, #9527, .T. ) ;
#6234 = AXIS2_PLACEMENT_3D ( 'NONE', #4801, #7816, #7315 ) ;
#6235 = VECTOR ( 'NONE', #5024, 1000.000000000000000 ) ;
#6236 = CARTESIAN_POINT ( 'NONE',  ( 0.2076844891353802625, -0.02975841627026418884, 0.8000999999999999224 ) ) ;
#6237 = CARTESIAN_POINT ( 'NONE',  ( 0.6619611817675564724, -0.1145744929566331477, 0.8000999999999999224 ) ) ;
#6238 =( NAMED_UNIT ( * ) SI_UNIT ( $, .STERADIAN. ) SOLID_ANGLE_UNIT ( ) );
#6239 = FILL_AREA_STYLE ('',( #193 ) ) ;
#6240 = PRESENTATION_LAYER_ASSIGNMENT (  '', '', ( #8281 ) ) ;
#6241 = CARTESIAN_POINT ( 'NONE',  ( -0.3395728448168258695, 0.1026530984436353766, 0.8000999999999999224 ) ) ;
#6242 = DIRECTION ( 'NONE',  ( -0.000000000000000000, -0.000000000000000000, -1.000000000000000000 ) ) ;
#6243 = CARTESIAN_POINT ( 'NONE',  ( 0.3449665954699624448, 0.3084079624487556237, 0.8000000000000000444 ) ) ;
#6244 = VECTOR ( 'NONE', #5464, 1000.000000000000000 ) ;
#6245 = EDGE_CURVE ( 'NONE', #1136, #4397, #5123, .T. ) ;
#6246 = CARTESIAN_POINT ( 'NONE',  ( 0.6275237141207452574, -1.057899392700875518, 0.8000000000000002665 ) ) ;
#6247 = CARTESIAN_POINT ( 'NONE',  ( -4.400000000000000355, 4.549999999999998934, 0.8000000000000000444 ) ) ;
#6248 = ORIENTED_EDGE ( 'NONE', *, *, #974, .T. ) ;
#6249 = SURFACE_SIDE_STYLE ('',( #3251 ) ) ;
#6250 = AXIS2_PLACEMENT_3D ( 'NONE', #7714, #6140, #3198 ) ;
#6251 = CARTESIAN_POINT ( 'NONE',  ( 0.6140523351474652669, 1.973442985357165780, 0.8001000000000003665 ) ) ;
#6252 = CARTESIAN_POINT ( 'NONE',  ( -0.1904310001143936781, -0.2338740880839119685, 0.8000000000000000444 ) ) ;
#6253 = CARTESIAN_POINT ( 'NONE',  ( 0.6648125353081749678, -0.03105546124912186498, 0.8000000000000001554 ) ) ;
#6254 = LINE ( 'NONE', #6152, #6244 ) ;
#6255 = FILL_AREA_STYLE_COLOUR ( '', #2440 ) ;
#6256 = FILL_AREA_STYLE ('',( #5560 ) ) ;
#6257 = PRESENTATION_STYLE_ASSIGNMENT (( #3950 ) ) ;
#6258 = EDGE_CURVE ( 'NONE', #8346, #1383, #7283, .T. ) ;
#6259 = EDGE_CURVE ( 'NONE', #3689, #5864, #7301, .T. ) ;
#6260 = STYLED_ITEM ( 'NONE', ( #5571 ), #7531 ) ;
#6261 = VERTEX_POINT ( 'NONE', #8149 ) ;
#6262 = VERTEX_POINT ( 'NONE', #5872 ) ;
#6263 = PRESENTATION_STYLE_ASSIGNMENT (( #3909 ) ) ;
#6264 = ORIENTED_EDGE ( 'NONE', *, *, #5535, .F. ) ;
#6265 = FACE_OUTER_BOUND ( 'NONE', #4050, .T. ) ;
#6266 = VECTOR ( 'NONE', #4393, 1000.000000000000000 ) ;
#6267 = CARTESIAN_POINT ( 'NONE',  ( -6.399999999999999467, 4.099999999999999645, -0.8001000000000000334 ) ) ;
#6268 = FACE_BOUND ( 'NONE', #3600, .T. ) ;
#6269 = CARTESIAN_POINT ( 'NONE',  ( -1.599999999999999645, 4.549999999999998934, 0.8001000000000000334 ) ) ;
#6270 = EDGE_CURVE ( 'NONE', #3149, #4538, #7949, .T. ) ;
#6271 = LINE ( 'NONE', #120, #5365 ) ;
#6272 = ORIENTED_EDGE ( 'NONE', *, *, #8262, .T. ) ;
#6273 = UNCERTAINTY_MEASURE_WITH_UNIT (LENGTH_MEASURE( 1.000000000000000082E-05 ), #9095, 'distance_accuracy_value', 'NONE');
#6274 = UNCERTAINTY_MEASURE_WITH_UNIT (LENGTH_MEASURE( 1.000000000000000082E-05 ), #5651, 'distance_accuracy_value', 'NONE');
#6275 = ORIENTED_EDGE ( 'NONE', *, *, #1710, .F. ) ;
#6276 = CARTESIAN_POINT ( 'NONE',  ( 0.4986035184450753333, -1.156368378385575157, 0.8000000000000004885 ) ) ;
#6277 = ADVANCED_FACE ( 'NONE', ( #8718 ), #4321, .F. ) ;
#6278 = B_SPLINE_SURFACE_WITH_KNOTS ( 'NONE', 3, 1, ( 
 ( #1521, #6176 ),
 ( #776, #685 ),
 ( #9801, #8386 ),
 ( #8959, #6076 ),
 ( #9013, #2269 ),
 ( #824, #5234 ),
 ( #729, #1573 ),
 ( #9063, #4625 ),
 ( #3026, #2155 ),
 ( #9111, #8248 ),
 ( #2978, #3877 ),
 ( #88, #6908 ),
 ( #7451, #2214 ),
 ( #6128, #5341 ),
 ( #3829, #6865 ) ),
 .UNSPECIFIED., .F., .F., .F.,
 ( 4, 1, 1, 1, 1, 1, 1, 1, 1, 1, 1, 1, 4 ),
 ( 2, 2 ),
 ( 0.000000000000000000, 0.09025424934267661792, 0.1785397915286844328, 0.2660930338538198270, 0.3546309779571731879, 0.4418861533505625827, 0.5257469151636485760, 0.6081136336036366830, 0.6901972728278824576, 0.7708214843303350383, 0.8483261812554109271, 0.9240117400247431778, 0.9999999999999998890 ),
 ( 0.000000000000000000, 1.000000000000000000 ),
 .UNSPECIFIED. ) ;
#6279 = PLANE ( 'NONE',  #331 ) ;
#6280 = DIRECTION ( 'NONE',  ( -1.000000000000000000, 0.000000000000000000, -0.000000000000000000 ) ) ;
#6281 =( LENGTH_UNIT ( ) NAMED_UNIT ( * ) SI_UNIT ( .MILLI., .METRE. ) );
#6282 = CARTESIAN_POINT ( 'NONE',  ( 0.4787901262391313084, -0.3238358122791578642, 0.8001000000000002554 ) ) ;
#6283 = ORIENTED_EDGE ( 'NONE', *, *, #6974, .F. ) ;
#6284 = UNCERTAINTY_MEASURE_WITH_UNIT (LENGTH_MEASURE( 1.000000000000000082E-05 ), #3658, 'distance_accuracy_value', 'NONE');
#6285 = SURFACE_STYLE_USAGE ( .BOTH. , #3240 ) ;
#6286 = LINE ( 'NONE', #1000, #8628 ) ;
#6287 = EDGE_CURVE ( 'NONE', #1789, #4509, #979, .T. ) ;
#6288 = CARTESIAN_POINT ( 'NONE',  ( -0.3495921787950203585, 1.498629873436306603, 0.7999999999999999334 ) ) ;
#6289 = COLOUR_RGB ( '',0.9254901960784314152, 0.9254901960784314152, 0.9254901960784314152 ) ;
#6290 = CARTESIAN_POINT ( 'NONE',  ( -0.1044937830290530723, 0.2603745927192699372, 0.8001000000000000334 ) ) ;
#6291 = CARTESIAN_POINT ( 'NONE',  ( -0.3500000000000002554, 2.905348557675936583, 0.8000000000000000444 ) ) ;
#6292 = LINE ( 'NONE', #3350, #4572 ) ;
#6293 = DIRECTION ( 'NONE',  ( -0.5773502691896273964, -0.5773502691896273964, 0.5773502691896224004 ) ) ;
#6294 = MECHANICAL_DESIGN_GEOMETRIC_PRESENTATION_REPRESENTATION (  '', ( #1960 ), #3261 ) ;
#6295 = ORIENTED_EDGE ( 'NONE', *, *, #9644, .T. ) ;
#6296 = CARTESIAN_POINT ( 'NONE',  ( 5.849999999999997868, -3.699999999999999289, 2.900000000000000355 ) ) ;
#6297 = CARTESIAN_POINT ( 'NONE',  ( 0.5634422942285398639, 2.016061922005327745, 0.8000999999999998114 ) ) ;
#6298 = EDGE_CURVE ( 'NONE', #5979, #5361, #6512, .T. ) ;
#6299 = FACE_OUTER_BOUND ( 'NONE', #4020, .T. ) ;
#6300 = LINE ( 'NONE', #5558, #5388 ) ;
#6301 = CARTESIAN_POINT ( 'NONE',  ( -0.2371794871794874193, 1.395933493574726514, 0.8001000000000000334 ) ) ;
#6302 = AXIS2_PLACEMENT_3D ( 'NONE', #1211, #7342, #4261 ) ;
#6303 = LINE ( 'NONE', #8596, #7053 ) ;
#6304 = PLANE ( 'NONE',  #7506 ) ;
#6305 = DIRECTION ( 'NONE',  ( 0.000000000000000000, 0.000000000000000000, -1.000000000000000000 ) ) ;
#6306 = VERTEX_POINT ( 'NONE', #2053 ) ;
#6307 = EDGE_LOOP ( 'NONE', ( #9115, #5320, #7831, #4330 ) ) ;
#6308 = ORIENTED_EDGE ( 'NONE', *, *, #7174, .T. ) ;
#6309 = PRESENTATION_LAYER_ASSIGNMENT (  '', '', ( #565 ) ) ;
#6310 = CARTESIAN_POINT ( 'NONE',  ( 0.03102631604941990043, -0.8768368803104841236, 0.8001000000000001444 ) ) ;
#6311 = EDGE_CURVE ( 'NONE', #6983, #1057, #5820, .T. ) ;
#6312 = LINE ( 'NONE', #6267, #6057 ) ;
#6313 = DIRECTION ( 'NONE',  ( 1.000000000000000000, 0.000000000000000000, 0.000000000000000000 ) ) ;
#6314 = CARTESIAN_POINT ( 'NONE',  ( 0.1338942307692305433, 0.1324318910115975523, 0.8001000000000001444 ) ) ;
#6315 = CARTESIAN_POINT ( 'NONE',  ( 0.1525627907582407516, -0.8234439785605359718, 0.7999999999999999334 ) ) ;
#6316 = VECTOR ( 'NONE', #1261, 1000.000000000000000 ) ;
#6317 = ORIENTED_EDGE ( 'NONE', *, *, #7785, .F. ) ;
#6318 = ORIENTED_EDGE ( 'NONE', *, *, #7014, .T. ) ;
#6319 = ADVANCED_FACE ( 'NONE', ( #3441 ), #4224, .F. ) ;
#6320 = VECTOR ( 'NONE', #1177, 1000.000000000000000 ) ;
#6321 = CARTESIAN_POINT ( 'NONE',  ( -0.2063301282051284991, 1.733954326908059951, 0.8000000000000000444 ) ) ;
#6322 = CARTESIAN_POINT ( 'NONE',  ( 0.7446661052550068716, -1.077690329620944576, 0.8001000000000001444 ) ) ;
#6323 = CARTESIAN_POINT ( 'NONE',  ( -0.2088810055361136897, 1.724729680905535467, 0.8000000000000000444 ) ) ;
#6324 = DIRECTION ( 'NONE',  ( 0.000000000000000000, -1.000000000000000000, 0.000000000000000000 ) ) ;
#6325 = CARTESIAN_POINT ( 'NONE',  ( -4.249999999999999112, -0.2000000000000005107, 2.000000000000000000 ) ) ;
#6326 = CARTESIAN_POINT ( 'NONE',  ( 0.4995875112063866696, 0.2082469339453772161, 0.8001000000000000334 ) ) ;
#6327 = CARTESIAN_POINT ( 'NONE',  ( 0.1811320830766295631, -0.7529624040855977807, 0.7999999999999999334 ) ) ;
#6328 = ORIENTED_EDGE ( 'NONE', *, *, #2972, .F. ) ;
#6329 = FACE_OUTER_BOUND ( 'NONE', #4944, .T. ) ;
#6330 = CARTESIAN_POINT ( 'NONE',  ( 0.6653846153846152411, -0.06147836539865887684, 0.8001000000000000334 ) ) ;
#6331 = FILL_AREA_STYLE ('',( #7708 ) ) ;
#6332 = COLOUR_RGB ( '',0.2509803921568627416, 0.2509803921568627416, 0.2509803921568627416 ) ;
#6333 = CARTESIAN_POINT ( 'NONE',  ( 4.849999999999997868, -1.000000000000000000, 1.200000000000002620 ) ) ;
#6334 = CARTESIAN_POINT ( 'NONE',  ( -0.2371794871794874193, -0.5852564102356874187, 0.8001000000000000334 ) ) ;
#6335 = FACE_OUTER_BOUND ( 'NONE', #9266, .T. ) ;
#6336 = CARTESIAN_POINT ( 'NONE',  ( 4.849999999999997868, 1.700000000000000178, -8.799999999999997158 ) ) ;
#6337 = DIRECTION ( 'NONE',  ( -0.7071067811865475727, -0.7071067811865475727, 0.000000000000000000 ) ) ;
#6338 = EDGE_CURVE ( 'NONE', #2078, #1986, #3074, .T. ) ;
#6339 = VECTOR ( 'NONE', #2824, 1000.000000000000000 ) ;
#6340 = DIRECTION ( 'NONE',  ( 0.000000000000000000, 0.000000000000000000, 1.000000000000000000 ) ) ;
#6341 = ORIENTED_EDGE ( 'NONE', *, *, #419, .F. ) ;
#6342 = DIRECTION ( 'NONE',  ( 0.000000000000000000, 1.000000000000000000, 0.000000000000000000 ) ) ;
#6343 = CARTESIAN_POINT ( 'NONE',  ( 0.7499999999999997780, 1.560757211523444488, 0.8001000000000000334 ) ) ;
#6344 = CARTESIAN_POINT ( 'NONE',  ( -0.2304287739064110330, -0.1891575095001161722, 0.7999999999999998224 ) ) ;
#6345 = DIRECTION ( 'NONE',  ( -1.000000000000000000, 0.000000000000000000, 0.000000000000000000 ) ) ;
#6346 =( NAMED_UNIT ( * ) SI_UNIT ( $, .STERADIAN. ) SOLID_ANGLE_UNIT ( ) );
#6347 = CARTESIAN_POINT ( 'NONE',  ( 0.4949758072560432876, -0.5551638535840578426, 0.8000000000000001554 ) ) ;
#6348 = ORIENTED_EDGE ( 'NONE', *, *, #387, .F. ) ;
#6349 = ORIENTED_EDGE ( 'NONE', *, *, #8631, .F. ) ;
#6350 = PRESENTATION_LAYER_ASSIGNMENT (  '', '', ( #759 ) ) ;
#6351 = DIRECTION ( 'NONE',  ( -0.7071067811865486830, 8.761676666762156527E-16, -0.7071067811865464625 ) ) ;
#6352 = VERTEX_POINT ( 'NONE', #7496 ) ;
#6353 = CARTESIAN_POINT ( 'NONE',  ( -0.004305029832269538156, 0.1313321401963997437, 0.8001000000000001444 ) ) ;
#6354 = COLOUR_RGB ( '',0.9254901960784314152, 0.9254901960784314152, 0.9254901960784314152 ) ;
#6355 = DIRECTION ( 'NONE',  ( 1.239088197126291458E-15, 1.000000000000000000, 0.000000000000000000 ) ) ;
#6356 = VECTOR ( 'NONE', #2389, 1000.000000000000000 ) ;
#6357 = AXIS2_PLACEMENT_3D ( 'NONE', #499, #8679, #8635 ) ;
#6358 = FACE_OUTER_BOUND ( 'NONE', #5236, .T. ) ;
#6359 = CARTESIAN_POINT ( 'NONE',  ( 0.1695748182027320139, -0.7749759701074644402, 0.8000000000000001554 ) ) ;
#6360 = DIRECTION ( 'NONE',  ( 0.000000000000000000, 1.000000000000000000, 0.000000000000000000 ) ) ;
#6361 = EDGE_CURVE ( 'NONE', #5864, #9279, #1464, .T. ) ;
#6362 = ORIENTED_EDGE ( 'NONE', *, *, #6409, .F. ) ;
#6363 = UNCERTAINTY_MEASURE_WITH_UNIT (LENGTH_MEASURE( 1.000000000000000082E-05 ), #8437, 'distance_accuracy_value', 'NONE');
#6364 = ORIENTED_EDGE ( 'NONE', *, *, #5646, .T. ) ;
#6365 = CIRCLE ( 'NONE', #4607, 0.4999999999999995559 ) ;
#6366 = CARTESIAN_POINT ( 'NONE',  ( 0.08691526189121810686, -0.1062677750527888931, 0.8000000000000002665 ) ) ;
#6367 = DIRECTION ( 'NONE',  ( 0.000000000000000000, 1.000000000000000000, 0.000000000000000000 ) ) ;
#6368 = FILL_AREA_STYLE ('',( #231 ) ) ;
#6369 = CARTESIAN_POINT ( 'NONE',  ( -5.250000000000000000, 4.099999999999999645, -0.8000000000000000444 ) ) ;
#6370 = FACE_OUTER_BOUND ( 'NONE', #1691, .T. ) ;
#6371 = CARTESIAN_POINT ( 'NONE',  ( 0.2884913143857880669, -0.6593532216919431033, 0.8000000000000001554 ) ) ;
#6372 = ADVANCED_FACE ( 'NONE', ( #6072 ), #5335, .T. ) ;
#6373 = ORIENTED_EDGE ( 'NONE', *, *, #8082, .T. ) ;
#6374 = UNCERTAINTY_MEASURE_WITH_UNIT (LENGTH_MEASURE( 1.000000000000000082E-05 ), #1535, 'distance_accuracy_value', 'NONE');
#6375 = ADVANCED_FACE ( 'NONE', ( #8336 ), #8954, .T. ) ;
#6376 = ORIENTED_EDGE ( 'NONE', *, *, #4046, .T. ) ;
#6377 = CARTESIAN_POINT ( 'NONE',  ( 0.000000000000000000, 3.900000000000003020, -9.000000000000001776 ) ) ;
#6378 = CARTESIAN_POINT ( 'NONE',  ( -0.3498609065726967504, 1.461306004337012077, 0.8000000000000000444 ) ) ;
#6379 = SURFACE_STYLE_FILL_AREA ( #3346 ) ;
#6380 = CARTESIAN_POINT ( 'NONE',  ( 0.4143209350623764942, 0.3170809046340740123, 0.8000999999999999224 ) ) ;
#6381 = CIRCLE ( 'NONE', #2707, 1.650000000000000355 ) ;
#6382 = FILL_AREA_STYLE ('',( #4836 ) ) ;
#6383 = VERTEX_POINT ( 'NONE', #5285 ) ;
#6384 = CARTESIAN_POINT ( 'NONE',  ( -4.250000000000000000, 4.399999999999999467, 2.000000000000000000 ) ) ;
#6385 = CARTESIAN_POINT ( 'NONE',  ( 0.7355118879891766603, 1.738054666394039716, 0.8000000000000001554 ) ) ;
#6386 = ADVANCED_FACE ( 'NONE', ( #2150 ), #3126, .T. ) ;
#6387 = CARTESIAN_POINT ( 'NONE',  ( 0.4386201239261651175, 0.3167436210501978766, 0.8000999999999999224 ) ) ;
#6388 = CARTESIAN_POINT ( 'NONE',  ( 0.6304759316063840435, 1.635440928387343673, 0.8001000000000000334 ) ) ;
#6389 = CARTESIAN_POINT ( 'NONE',  ( 0.4326923076923074873, 0.2185897435757000740, 0.8001000000000000334 ) ) ;
#6390 = CARTESIAN_POINT ( 'NONE',  ( -0.3184568321087419274, 0.1382360344024633758, 0.7999999999999999334 ) ) ;
#6391 = EDGE_LOOP ( 'NONE', ( #722, #747, #1637, #428 ) ) ;
#6392 = ORIENTED_EDGE ( 'NONE', *, *, #8048, .F. ) ;
#6393 =( GEOMETRIC_REPRESENTATION_CONTEXT ( 3 ) GLOBAL_UNCERTAINTY_ASSIGNED_CONTEXT ( ( #5865 ) ) GLOBAL_UNIT_ASSIGNED_CONTEXT ( ( #5475, #1791, #2502 ) ) REPRESENTATION_CONTEXT ( 'NONE', 'WORKASPACE' ) );
#6394 = CARTESIAN_POINT ( 'NONE',  ( 0.5624724658933674126, -0.3992834978924404421, 0.8000000000000001554 ) ) ;
#6395 = ORIENTED_EDGE ( 'NONE', *, *, #556, .T. ) ;
#6396 = CARTESIAN_POINT ( 'NONE',  ( 6.099999999999999645, -5.250000000000000000, -3.100000000000000089 ) ) ;
#6397 = CARTESIAN_POINT ( 'NONE',  ( 4.449999999999999289, 1.700000000000000622, 0.8000000000000000444 ) ) ;
#6398 = FILL_AREA_STYLE ('',( #3369 ) ) ;
#6399 = EDGE_CURVE ( 'NONE', #8081, #4449, #868, .T. ) ;
#6400 = CARTESIAN_POINT ( 'NONE',  ( 0.6651244982515093218, -0.9114386529832174677, 0.8000000000000000444 ) ) ;
#6401 = VECTOR ( 'NONE', #5305, 1000.000000000000000 ) ;
#6402 = FILL_AREA_STYLE_COLOUR ( '', #77 ) ;
#6403 = SURFACE_STYLE_FILL_AREA ( #4109 ) ;
#6404 = PLANE ( 'NONE',  #5186 ) ;
#6405 = DIRECTION ( 'NONE',  ( 1.000000000000000000, 0.000000000000000000, -0.000000000000000000 ) ) ;
#6406 = ORIENTED_EDGE ( 'NONE', *, *, #1627, .F. ) ;
#6407 = ORIENTED_EDGE ( 'NONE', *, *, #7417, .F. ) ;
#6408 = AXIS2_PLACEMENT_3D ( 'NONE', #1455, #1506, #2198 ) ;
#6409 = EDGE_CURVE ( 'NONE', #441, #9030, #4871, .T. ) ;
#6410 = CARTESIAN_POINT ( 'NONE',  ( 5.849999999999997868, -1.000000000000000000, 2.699999999999997957 ) ) ;
#6411 =( NAMED_UNIT ( * ) SI_UNIT ( $, .STERADIAN. ) SOLID_ANGLE_UNIT ( ) );
#6412 = CARTESIAN_POINT ( 'NONE',  ( 0.5168669871794869808, -2.566666666668857566, 0.8001000000000000334 ) ) ;
#6413 = LINE ( 'NONE', #1632, #8445 ) ;
#6414 = VECTOR ( 'NONE', #6689, 1000.000000000000000 ) ;
#6415 = CARTESIAN_POINT ( 'NONE',  ( 0.5961624026485794481, 0.1418560220037874964, 0.8000999999999999224 ) ) ;
#6416 = CARTESIAN_POINT ( 'NONE',  ( 0.1947221722132282118, -0.7323786934899101375, 0.7999999999999998224 ) ) ;
#6417 = ORIENTED_EDGE ( 'NONE', *, *, #6112, .T. ) ;
#6418 = ORIENTED_EDGE ( 'NONE', *, *, #33, .F. ) ;
#6419 = CARTESIAN_POINT ( 'NONE',  ( -0.1100241287123329831, 0.1617986516705078870, 0.8001000000000002554 ) ) ;
#6420 = CARTESIAN_POINT ( 'NONE',  ( -0.3500000000000002554, -3.039102564104755100, 0.8001000000000000334 ) ) ;
#6421 = DIRECTION ( 'NONE',  ( 0.000000000000000000, 1.000000000000000000, 0.000000000000000000 ) ) ;
#6422 = EDGE_CURVE ( 'NONE', #1995, #2258, #1802, .T. ) ;
#6423 = CARTESIAN_POINT ( 'NONE',  ( -0.3135535256831880058, 1.781295450536510838, 0.7999999999999998224 ) ) ;
#6424 = PRESENTATION_STYLE_ASSIGNMENT (( #8050 ) ) ;
#6425 = CARTESIAN_POINT ( 'NONE',  ( 0.4438221788518598165, -0.5456823219957279703, 0.8000000000000003775 ) ) ;
#6426 = CARTESIAN_POINT ( 'NONE',  ( 0.2958649778423612653, 0.2921518210830507112, 0.8001000000000002554 ) ) ;
#6427 = VECTOR ( 'NONE', #4056, 1000.000000000000000 ) ;
#6428 = CARTESIAN_POINT ( 'NONE',  ( 0.000000000000000000, 0.000000000000000000, 2.900000000000000355 ) ) ;
#6429 =( NAMED_UNIT ( * ) SI_UNIT ( $, .STERADIAN. ) SOLID_ANGLE_UNIT ( ) );
#6430 = CARTESIAN_POINT ( 'NONE',  ( 0.3153600298255169188, 0.1810505439143727247, 0.8000999999999997003 ) ) ;
#6431 = ORIENTED_EDGE ( 'NONE', *, *, #4912, .T. ) ;
#6432 = CARTESIAN_POINT ( 'NONE',  ( 0.7499999999999997780, 1.036538461539389555, 0.8001000000000000334 ) ) ;
#6433 = AXIS2_PLACEMENT_3D ( 'NONE', #4846, #61, #3105 ) ;
#6434 = CARTESIAN_POINT ( 'NONE',  ( -0.3500000000000002554, 2.905348557675936583, 0.8001000000000000334 ) ) ;
#6435 = ADVANCED_FACE ( 'NONE', ( #7143 ), #9238, .T. ) ;
#6436 = DIRECTION ( 'NONE',  ( -0.000000000000000000, -0.000000000000000000, 1.000000000000000000 ) ) ;
#6437 =( NAMED_UNIT ( * ) SI_UNIT ( $, .STERADIAN. ) SOLID_ANGLE_UNIT ( ) );
#6438 = CARTESIAN_POINT ( 'NONE',  ( 0.07799115526961382383, 2.110722665422962940, 0.8000999999999997003 ) ) ;
#6439 = CARTESIAN_POINT ( 'NONE',  ( 0.6426266974334300386, -0.1856211527480684242, 0.8000000000000004885 ) ) ;
#6440 = VECTOR ( 'NONE', #1963, 1000.000000000000227 ) ;
#6441 = CARTESIAN_POINT ( 'NONE',  ( 0.7779298812095691851, -0.07500079716130232665, 0.8000000000000004885 ) ) ;
#6442 = VERTEX_POINT ( 'NONE', #9343 ) ;
#6443 = ORIENTED_EDGE ( 'NONE', *, *, #6950, .F. ) ;
#6444 = ORIENTED_EDGE ( 'NONE', *, *, #1502, .T. ) ;
#6445 = CARTESIAN_POINT ( 'NONE',  ( -0.09284855769230800082, 0.1621794871654436421, 0.8001000000000000334 ) ) ;
#6446 = VECTOR ( 'NONE', #2134, 1000.000000000000000 ) ;
#6447 =( LENGTH_UNIT ( ) NAMED_UNIT ( * ) SI_UNIT ( .MILLI., .METRE. ) );
#6448 = LINE ( 'NONE', #2886, #2040 ) ;
#6449 = VECTOR ( 'NONE', #4670, 1000.000000000000000 ) ;
#6450 = CARTESIAN_POINT ( 'NONE',  ( 0.6546037282070852337, -0.8393306637975868068, 0.8000000000000000444 ) ) ;
#6451 = ORIENTED_EDGE ( 'NONE', *, *, #1179, .F. ) ;
#6452 = ORIENTED_EDGE ( 'NONE', *, *, #8475, .F. ) ;
#6453 = EDGE_CURVE ( 'NONE', #258, #4758, #1748, .T. ) ;
#6454 =( LENGTH_UNIT ( ) NAMED_UNIT ( * ) SI_UNIT ( .MILLI., .METRE. ) );
#6455 = FILL_AREA_STYLE_COLOUR ( '', #6541 ) ;
#6456 = CIRCLE ( 'NONE', #4068, 0.6499999999999995781 ) ;
#6457 = DIRECTION ( 'NONE',  ( 1.000000000000000000, 0.000000000000000000, 0.000000000000000000 ) ) ;
#6458 = FILL_AREA_STYLE ('',( #5077 ) ) ;
#6459 = CARTESIAN_POINT ( 'NONE',  ( 0.6058894230769229505, -0.2452524038601973932, 0.8001000000000001444 ) ) ;
#6460 = DIRECTION ( 'NONE',  ( -0.000000000000000000, -0.000000000000000000, -1.000000000000000000 ) ) ;
#6461 = CARTESIAN_POINT ( 'NONE',  ( 4.849999999999996980, 3.700000000000000622, 2.699999999999997957 ) ) ;
#6462 = ORIENTED_EDGE ( 'NONE', *, *, #1050, .F. ) ;
#6463 = UNCERTAINTY_MEASURE_WITH_UNIT (LENGTH_MEASURE( 1.000000000000000082E-05 ), #9241, 'distance_accuracy_value', 'NONE');
#6464 = ORIENTED_EDGE ( 'NONE', *, *, #3018, .F. ) ;
#6465 = LINE ( 'NONE', #7431, #2360 ) ;
#6466 = PRESENTATION_LAYER_ASSIGNMENT (  '', '', ( #5209 ) ) ;
#6467 = CARTESIAN_POINT ( 'NONE',  ( 0.5903225225291075517, -0.5929436368808471691, 0.8001000000000001444 ) ) ;
#6468 = DIRECTION ( 'NONE',  ( -1.000000000000000000, 0.000000000000000000, 0.000000000000000000 ) ) ;
#6469 = CARTESIAN_POINT ( 'NONE',  ( 4.849999999999997868, -3.699999999999999289, 2.699999999999997957 ) ) ;
#6470 =( NAMED_UNIT ( * ) PLANE_ANGLE_UNIT ( ) SI_UNIT ( $, .RADIAN. ) );
#6471 = CARTESIAN_POINT ( 'NONE',  ( 0.5674136131798903637, -0.5813126536187699367, 0.8000000000000004885 ) ) ;
#6472 = EDGE_CURVE ( 'NONE', #5544, #8369, #7748, .T. ) ;
#6473 = CARTESIAN_POINT ( 'NONE',  ( -0.1277550811994200008, 1.881405547755751417, 0.8000000000000002665 ) ) ;
#6474 = ORIENTED_EDGE ( 'NONE', *, *, #4334, .T. ) ;
#6475 = DIRECTION ( 'NONE',  ( -1.000000000000000000, 0.000000000000000000, 0.000000000000000000 ) ) ;
#6476 = VECTOR ( 'NONE', #7939, 1000.000000000000000 ) ;
#6477 = CARTESIAN_POINT ( 'NONE',  ( -0.2573546918308818321, 1.898565306069535552, 0.8000000000000000444 ) ) ;
#6478 = CARTESIAN_POINT ( 'NONE',  ( -4.249999999999999112, -0.2000000000000005107, 2.000000000000000000 ) ) ;
#6479 = DIRECTION ( 'NONE',  ( 0.000000000000000000, -1.000000000000000000, 0.000000000000000000 ) ) ;
#6480 = LINE ( 'NONE', #4093, #3223 ) ;
#6481 = CARTESIAN_POINT ( 'NONE',  ( -0.1803662148770542872, 1.987102716712559669, 0.7999999999999999334 ) ) ;
#6482 = CYLINDRICAL_SURFACE ( 'NONE', #5247, 1.650000000000000355 ) ;
#6483 = AXIS2_PLACEMENT_3D ( 'NONE', #3298, #1769, #7853 ) ;
#6484 = CARTESIAN_POINT ( 'NONE',  ( -0.1072269125461082495, -0.3851460826205282961, 0.8000000000000003775 ) ) ;
#6485 = CARTESIAN_POINT ( 'NONE',  ( 0.7499999999999997780, 3.088461538445167243, 0.8001000000000000334 ) ) ;
#6486 = ADVANCED_FACE ( 'NONE', ( #184 ), #6279, .T. ) ;
#6487 = ORIENTED_EDGE ( 'NONE', *, *, #7208, .F. ) ;
#6488 = ADVANCED_FACE ( 'NONE', ( #7044 ), #3283, .F. ) ;
#6489 = PRESENTATION_STYLE_ASSIGNMENT (( #1788 ) ) ;
#6490 = VERTEX_POINT ( 'NONE', #5722 ) ;
#6491 =( NAMED_UNIT ( * ) PLANE_ANGLE_UNIT ( ) SI_UNIT ( $, .RADIAN. ) );
#6492 = DIRECTION ( 'NONE',  ( 0.000000000000000000, 0.000000000000000000, -1.000000000000000000 ) ) ;
#6493 = DIRECTION ( 'NONE',  ( -1.000000000000000000, 0.000000000000000000, -0.000000000000000000 ) ) ;
#6494 = SURFACE_STYLE_FILL_AREA ( #3420 ) ;
#6495 = SURFACE_STYLE_FILL_AREA ( #3517 ) ;
#6496 = COLOUR_RGB ( '',0.9254901960784314152, 0.9254901960784314152, 0.9254901960784314152 ) ;
#6497 = DIRECTION ( 'NONE',  ( 1.239088197126291458E-15, 1.000000000000000000, 0.000000000000000000 ) ) ;
#6498 = ORIENTED_EDGE ( 'NONE', *, *, #321, .T. ) ;
#6499 = ORIENTED_EDGE ( 'NONE', *, *, #4912, .F. ) ;
#6500 = COLOUR_RGB ( '',0.7921568627450980005, 0.8196078431372548767, 0.9333333333333333481 ) ;
#6501 = VECTOR ( 'NONE', #2235, 1000.000000000000000 ) ;
#6502 = PRESENTATION_STYLE_ASSIGNMENT (( #7192 ) ) ;
#6503 = EDGE_CURVE ( 'NONE', #9055, #3362, #376, .T. ) ;
#6504 = DIRECTION ( 'NONE',  ( -0.000000000000000000, -0.000000000000000000, -1.000000000000000000 ) ) ;
#6505 = CARTESIAN_POINT ( 'NONE',  ( 0.5168669871794869808, -2.566666666668857566, 0.8000000000000000444 ) ) ;
#6506 = CARTESIAN_POINT ( 'NONE',  ( 0.6058894230769229505, -0.2452524038601973932, 0.8001000000000001444 ) ) ;
#6507 = ORIENTED_EDGE ( 'NONE', *, *, #7830, .F. ) ;
#6508 = VECTOR ( 'NONE', #697, 1000.000000000000000 ) ;
#6509 = ORIENTED_EDGE ( 'NONE', *, *, #8593, .T. ) ;
#6510 = CARTESIAN_POINT ( 'NONE',  ( 0.7510763358942418311, -0.7734108613063067628, 0.8000999999999999224 ) ) ;
#6511 = CARTESIAN_POINT ( 'NONE',  ( 4.849999999999996980, -2.099999999999999201, 0.8000000000000000444 ) ) ;
#6512 = LINE ( 'NONE', #9499, #3358 ) ;
#6513 = DIRECTION ( 'NONE',  ( 0.000000000000000000, 1.000000000000000000, 0.000000000000000000 ) ) ;
#6514 = PRESENTATION_STYLE_ASSIGNMENT (( #3494 ) ) ;
#6515 = AXIS2_PLACEMENT_3D ( 'NONE', #8634, #6475, #7409 ) ;
#6516 = CARTESIAN_POINT ( 'NONE',  ( 0.000000000000000000, 0.000000000000000000, 2.900000000000000355 ) ) ;
#6517 = FACE_OUTER_BOUND ( 'NONE', #1860, .T. ) ;
#6518 = CARTESIAN_POINT ( 'NONE',  ( 4.849999999999996980, -1.699999999999999734, 1.200000000000002620 ) ) ;
#6519 = VECTOR ( 'NONE', #4935, 1000.000000000000000 ) ;
#6520 = CARTESIAN_POINT ( 'NONE',  ( 0.7499999999999997780, 1.219871794856777880, 0.8001000000000000334 ) ) ;
#6521 = COLOUR_RGB ( '',0.5019607843137254832, 0.000000000000000000, 0.5019607843137254832 ) ;
#6522 = DIRECTION ( 'NONE',  ( 1.885568995626964287E-16, -1.000000000000000000, 0.000000000000000000 ) ) ;
#6523 = ORIENTED_EDGE ( 'NONE', *, *, #6503, .T. ) ;
#6524 = CARTESIAN_POINT ( 'NONE',  ( 5.083333333333331261, -4.166666666666664298, 2.933333333333331794 ) ) ;
#6525 = B_SPLINE_CURVE_WITH_KNOTS ( 'NONE', 3,
 ( #7998, #1173, #7202, #8808, #8714, #8280, #5729, #2621, #429, #6467, #1451, #3489, #4221, #486, #4501, #9495, #2668, #1215, #6563, #6510, #4267, #5684, #8761, #3533, #2720, #1996, #1955 ),
 .UNSPECIFIED., .F., .F.,
 ( 4, 1, 1, 1, 1, 1, 1, 1, 1, 1, 1, 1, 1, 1, 1, 1, 1, 1, 1, 1, 1, 1, 1, 1, 4 ),
 ( 0.000000000000000000, 0.04401641302609998752, 0.08743798231709516700, 0.1301241410529550280, 0.1725613097109424954, 0.2142176203315096783, 0.2563024923207569139, 0.2984444850884291900, 0.3405355360341024151, 0.3824035700547522287, 0.4236142451276407317, 0.4642225993249143312, 0.5040517852033810087, 0.5438417755474606041, 0.5835483469147170199, 0.6230776852221733275, 0.6632141983679044062, 0.7035381757130891867, 0.7439265941338955024, 0.7845317461583771745, 0.8257424212312658440, 0.8677515272464187968, 0.9107412250311066604, 0.9549124571724221244, 1.000000000000000000 ),
 .UNSPECIFIED. ) ;
#6526 = CARTESIAN_POINT ( 'NONE',  ( 4.849999999999996980, 0.6000000000000010880, 0.8000000000000000444 ) ) ;
#6527 = VECTOR ( 'NONE', #6150, 1000.000000000000000 ) ;
#6528 = LINE ( 'NONE', #8731, #6691 ) ;
#6529 = LINE ( 'NONE', #3455, #1203 ) ;
#6530 = EDGE_CURVE ( 'NONE', #3807, #6306, #3427, .T. ) ;
#6531 = CARTESIAN_POINT ( 'NONE',  ( 0.6371794871794869142, 1.318589743574726469, 0.8001000000000000334 ) ) ;
#6532 = VECTOR ( 'NONE', #5185, 1000.000000000000000 ) ;
#6533 = CARTESIAN_POINT ( 'NONE',  ( -0.1160588673970973789, 2.035051506848417180, 0.8001000000000004775 ) ) ;
#6534 = CARTESIAN_POINT ( 'NONE',  ( 0.6574014666268979123, -0.1394810751387762782, 0.8001000000000001444 ) ) ;
#6535 = CARTESIAN_POINT ( 'NONE',  ( 0.7773882869065200651, -0.09813979072613812638, 0.8000000000000003775 ) ) ;
#6536 = CARTESIAN_POINT ( 'NONE',  ( 0.7766185679194891334, -0.01150152501561852759, 0.8000000000000002665 ) ) ;
#6537 = VERTEX_POINT ( 'NONE', #9389 ) ;
#6538 = VECTOR ( 'NONE', #1376, 1000.000000000000000 ) ;
#6539 =( LENGTH_UNIT ( ) NAMED_UNIT ( * ) SI_UNIT ( .MILLI., .METRE. ) );
#6540 = VERTEX_POINT ( 'NONE', #8140 ) ;
#6541 = COLOUR_RGB ( '',1.000000000000000000, 1.000000000000000000, 1.000000000000000000 ) ;
#6542 = DIRECTION ( 'NONE',  ( 0.000000000000000000, 0.000000000000000000, -1.000000000000000000 ) ) ;
#6543 = EDGE_CURVE ( 'NONE', #4187, #1995, #3525, .T. ) ;
#6544 = CARTESIAN_POINT ( 'NONE',  ( 0.6607338799795680062, -0.8656059721979090238, 0.8001000000000000334 ) ) ;
#6545 = ADVANCED_FACE ( 'NONE', ( #1305 ), #4976, .T. ) ;
#6546 = SURFACE_STYLE_USAGE ( .BOTH. , #466 ) ;
#6547 = PRESENTATION_STYLE_ASSIGNMENT (( #2804 ) ) ;
#6548 =( GEOMETRIC_REPRESENTATION_CONTEXT ( 3 ) GLOBAL_UNCERTAINTY_ASSIGNED_CONTEXT ( ( #3389 ) ) GLOBAL_UNIT_ASSIGNED_CONTEXT ( ( #4495, #2903, #1393 ) ) REPRESENTATION_CONTEXT ( 'NONE', 'WORKASPACE' ) );
#6549 = SURFACE_STYLE_USAGE ( .BOTH. , #1894 ) ;
#6550 = ORIENTED_EDGE ( 'NONE', *, *, #3344, .F. ) ;
#6551 = B_SPLINE_CURVE_WITH_KNOTS ( 'NONE', 3,
 ( #4650, #249, #845, #3152, #3898, #988, #2392, #5460, #7722, #893, #4040, #9227, #2441, #8546, #7067 ),
 .UNSPECIFIED., .F., .F.,
 ( 4, 1, 1, 1, 1, 1, 1, 1, 1, 1, 1, 1, 4 ),
 ( 0.000000000000000000, 0.1227119423657787728, 0.2396849640167734719, 0.3518158552560946561, 0.4637661328620821810, 0.5208177931608305444, 0.5794482914480039160, 0.6406041451203191572, 0.7052975118059832127, 0.7736338807131352135, 0.8446693818863784120, 0.9200565080211453584, 1.000000000000000000 ),
 .UNSPECIFIED. ) ;
#6552 = ORIENTED_EDGE ( 'NONE', *, *, #3384, .T. ) ;
#6553 = PLANE ( 'NONE',  #3347 ) ;
#6554 = EDGE_CURVE ( 'NONE', #2815, #2619, #8088, .T. ) ;
#6555 = ADVANCED_FACE ( 'NONE', ( #7988 ), #2759, .T. ) ;
#6556 = DIRECTION ( 'NONE',  ( 0.000000000000000000, -1.000000000000000000, 0.000000000000000000 ) ) ;
#6557 = DIRECTION ( 'NONE',  ( 0.000000000000000000, -1.000000000000000000, 0.000000000000000000 ) ) ;
#6558 = FACE_OUTER_BOUND ( 'NONE', #2289, .T. ) ;
#6559 = DIRECTION ( 'NONE',  ( 1.000000000000000000, 0.000000000000000000, 0.000000000000000000 ) ) ;
#6560 = ORIENTED_EDGE ( 'NONE', *, *, #9411, .T. ) ;
#6561 = UNCERTAINTY_MEASURE_WITH_UNIT (LENGTH_MEASURE( 1.000000000000000082E-05 ), #5059, 'distance_accuracy_value', 'NONE');
#6562 = ORIENTED_EDGE ( 'NONE', *, *, #3732, .F. ) ;
#6563 = CARTESIAN_POINT ( 'NONE',  ( 0.7415460952829747709, -0.7505848321735010265, 0.8001000000000001444 ) ) ;
#6564 = LINE ( 'NONE', #7999, #4617 ) ;
#6565 = DIRECTION ( 'NONE',  ( -1.000000000000000000, 0.000000000000000000, 0.000000000000000000 ) ) ;
#6566 = CARTESIAN_POINT ( 'NONE',  ( 5.674999999999998934, 5.674999999999998934, -0.8000000000000000444 ) ) ;
#6567 = STYLED_ITEM ( 'NONE', ( #308 ), #7881 ) ;
#6568 = CARTESIAN_POINT ( 'NONE',  ( 0.06889022435897415586, 2.446794871778500635, 0.8001000000000000334 ) ) ;
#6569 = CARTESIAN_POINT ( 'NONE',  ( 0.7773882869065200651, -0.09813979072613812638, 0.8001000000000000334 ) ) ;
#6570 = CARTESIAN_POINT ( 'NONE',  ( 0.5196595116561907313, -0.5623802644016349106, 0.8000000000000001554 ) ) ;
#6571 = FACE_OUTER_BOUND ( 'NONE', #6391, .T. ) ;
#6572 = ORIENTED_EDGE ( 'NONE', *, *, #9322, .F. ) ;
#6573 = CARTESIAN_POINT ( 'NONE',  ( -0.1660360204578115451, 1.828048649592185049, 0.7999999999999998224 ) ) ;
#6574 = EDGE_LOOP ( 'NONE', ( #5624, #5680, #9806, #69 ) ) ;
#6575 = ADVANCED_FACE ( 'NONE', ( #6697 ), #8283, .T. ) ;
#6576 = CARTESIAN_POINT ( 'NONE',  ( -0.09615384615384639511, -0.3878205128345563746, 0.8001000000000000334 ) ) ;
#6577 = FILL_AREA_STYLE_COLOUR ( '', #6784 ) ;
#6578 = CARTESIAN_POINT ( 'NONE',  ( -0.2777910101977826840, 1.864735373992011613, 0.8001000000000001444 ) ) ;
#6579 = CARTESIAN_POINT ( 'NONE',  ( 0.5024999365940923113, -0.3153204614681240359, 0.7999999999999999334 ) ) ;
#6580 = CARTESIAN_POINT ( 'NONE',  ( 0.5940151609636843411, -0.3845061293034905403, 0.8000999999999999224 ) ) ;
#6581 = LINE ( 'NONE', #6485, #5875 ) ;
#6582 = EDGE_LOOP ( 'NONE', ( #7190, #4524, #6692, #8288 ) ) ;
#6583 = ORIENTED_EDGE ( 'NONE', *, *, #5849, .T. ) ;
#6584 = CARTESIAN_POINT ( 'NONE',  ( 0.2803050189644828438, -0.5558752351196167840, 0.8000000000000000444 ) ) ;
#6585 =( NAMED_UNIT ( * ) PLANE_ANGLE_UNIT ( ) SI_UNIT ( $, .RADIAN. ) );
#6586 = CARTESIAN_POINT ( 'NONE',  ( -0.02592126411449980489, 1.965608614291275646, 0.8001000000000002554 ) ) ;
#6587 = CARTESIAN_POINT ( 'NONE',  ( 0.3864182692307689959, -0.6416666666459438506, 0.8001000000000000334 ) ) ;
#6588 = AXIS2_PLACEMENT_3D ( 'NONE', #3976, #4574, #7599 ) ;
#6589 = CIRCLE ( 'NONE', #226, 0.6499999999999995781 ) ;
#6590 = CARTESIAN_POINT ( 'NONE',  ( 0.2277644230769228784, 0.2516426281910846829, 0.8000000000000001554 ) ) ;
#6591 = FILL_AREA_STYLE_COLOUR ( '', #3902 ) ;
#6592 = LINE ( 'NONE', #4352, #5673 ) ;
#6593 = ORIENTED_EDGE ( 'NONE', *, *, #8124, .T. ) ;
#6594 = ORIENTED_EDGE ( 'NONE', *, *, #478, .F. ) ;
#6595 = EDGE_CURVE ( 'NONE', #4449, #8741, #495, .T. ) ;
#6596 = MECHANICAL_DESIGN_GEOMETRIC_PRESENTATION_REPRESENTATION (  '', ( #1017 ), #2294 ) ;
#6597 = MECHANICAL_DESIGN_GEOMETRIC_PRESENTATION_REPRESENTATION (  '', ( #3584 ), #4527 ) ;
#6598 = CARTESIAN_POINT ( 'NONE',  ( 5.849999999999997868, 4.400000000000000355, 2.699999999999997957 ) ) ;
#6599 = DIRECTION ( 'NONE',  ( -0.5773502691896273964, -0.5773502691896273964, 0.5773502691896224004 ) ) ;
#6600 = CARTESIAN_POINT ( 'NONE',  ( 4.849999999999996980, 1.000000000000000444, 2.900000000000000355 ) ) ;
#6601 = FILL_AREA_STYLE_COLOUR ( '', #4883 ) ;
#6602 = CIRCLE ( 'NONE', #2301, 0.6499999999999995781 ) ;
#6603 =( NAMED_UNIT ( * ) PLANE_ANGLE_UNIT ( ) SI_UNIT ( $, .RADIAN. ) );
#6604 = EDGE_LOOP ( 'NONE', ( #1941, #7442, #8356, #4473 ) ) ;
#6605 = EDGE_LOOP ( 'NONE', ( #6451, #901, #2048, #9583 ) ) ;
#6606 = EDGE_CURVE ( 'NONE', #3704, #3363, #4504, .T. ) ;
#6607 = ADVANCED_FACE ( 'NONE', ( #8898 ), #619, .F. ) ;
#6608 = CARTESIAN_POINT ( 'NONE',  ( 0.5405997068568011432, 0.1889076364200890090, 0.8001000000000001444 ) ) ;
#6609 = COLOUR_RGB ( '',0.9254901960784314152, 0.9254901960784314152, 0.9254901960784314152 ) ;
#6610 =( NAMED_UNIT ( * ) PLANE_ANGLE_UNIT ( ) SI_UNIT ( $, .RADIAN. ) );
#6611 = CARTESIAN_POINT ( 'NONE',  ( 5.149999999999999467, 1.000000000000001554, -9.500000000000001776 ) ) ;
#6612 = CARTESIAN_POINT ( 'NONE',  ( 0.7415460952829747709, -0.7505848321735010265, 0.8000000000000001554 ) ) ;
#6613 = EDGE_LOOP ( 'NONE', ( #9088, #7731, #6264, #1489 ) ) ;
#6614 = AXIS2_PLACEMENT_3D ( 'NONE', #4978, #1854, #5810 ) ;
#6615 = DIRECTION ( 'NONE',  ( 0.000000000000000000, -1.000000000000000000, 0.000000000000000000 ) ) ;
#6616 = FACE_OUTER_BOUND ( 'NONE', #4459, .T. ) ;
#6617 = VERTEX_POINT ( 'NONE', #3668 ) ;
#6618 = CARTESIAN_POINT ( 'NONE',  ( 0.2138822115384613198, 2.122435897420880568, 0.7999999999999998224 ) ) ;
#6619 = DIRECTION ( 'NONE',  ( 1.000000000000000000, 0.000000000000000000, 0.000000000000000000 ) ) ;
#6620 = CARTESIAN_POINT ( 'NONE',  ( 0.5986705636016331766, 1.789177789249735362, 0.8000999999999999224 ) ) ;
#6621 = CARTESIAN_POINT ( 'NONE',  ( 0.6371794871794869142, -1.360897435889189655, 0.8000000000000000444 ) ) ;
#6622 = DIRECTION ( 'NONE',  ( 1.000000000000000000, 3.469446951953613696E-16, 0.000000000000000000 ) ) ;
#6623 = CARTESIAN_POINT ( 'NONE',  ( 0.1435897435897433294, 2.505629006393885305, 0.8001000000000000334 ) ) ;
#6624 = CARTESIAN_POINT ( 'NONE',  ( 0.2212136069781613368, 0.04138527029665178131, 0.8000000000000000444 ) ) ;
#6625 = EDGE_CURVE ( 'NONE', #3720, #6923, #9734, .T. ) ;
#6626 = CARTESIAN_POINT ( 'NONE',  ( -0.2861763183436037417, -0.2902089775277817418, 0.8000000000000001554 ) ) ;
#6627 = CARTESIAN_POINT ( 'NONE',  ( -0.09240785256410283255, 0.2608974358833923701, 0.8001000000000000334 ) ) ;
#6628 = ORIENTED_EDGE ( 'NONE', *, *, #6912, .T. ) ;
#6629 = MECHANICAL_DESIGN_GEOMETRIC_PRESENTATION_REPRESENTATION (  '', ( #2325 ), #1842 ) ;
#6630 = FACE_OUTER_BOUND ( 'NONE', #5467, .T. ) ;
#6631 = ORIENTED_EDGE ( 'NONE', *, *, #4601, .T. ) ;
#6632 = CARTESIAN_POINT ( 'NONE',  ( 0.3524958999370665369, -0.5437651548405421087, 0.8001000000000000334 ) ) ;
#6633 = DIRECTION ( 'NONE',  ( -1.239088197126291458E-15, -1.000000000000000000, -0.000000000000000000 ) ) ;
#6634 = FACE_OUTER_BOUND ( 'NONE', #5727, .T. ) ;
#6635 = FILL_AREA_STYLE ('',( #4546 ) ) ;
#6636 = DIRECTION ( 'NONE',  ( -0.000000000000000000, 0.000000000000000000, -1.000000000000000000 ) ) ;
#6637 = CARTESIAN_POINT ( 'NONE',  ( -0.2264347795606517499, 0.08345196720718088546, 0.8000999999999999224 ) ) ;
#6638 = SURFACE_SIDE_STYLE ('',( #3609 ) ) ;
#6639 = DIRECTION ( 'NONE',  ( 0.000000000000000000, 0.000000000000000000, 1.000000000000000000 ) ) ;
#6640 = VERTEX_POINT ( 'NONE', #2962 ) ;
#6641 = DIRECTION ( 'NONE',  ( -0.000000000000000000, -0.000000000000000000, -1.000000000000000000 ) ) ;
#6642 = ORIENTED_EDGE ( 'NONE', *, *, #9335, .F. ) ;
#6643 = CARTESIAN_POINT ( 'NONE',  ( 0.1868037085510538542, -1.115041969626910490, 0.8001000000000001444 ) ) ;
#6644 = PRESENTATION_LAYER_ASSIGNMENT (  '', '', ( #6187 ) ) ;
#6645 = CARTESIAN_POINT ( 'NONE',  ( 5.849999999999997868, 4.400000000000000355, 2.699999999999997957 ) ) ;
#6646 = EDGE_CURVE ( 'NONE', #7538, #9373, #7581, .T. ) ;
#6647 = DIRECTION ( 'NONE',  ( 0.000000000000000000, 0.000000000000000000, -1.000000000000000000 ) ) ;
#6648 = CARTESIAN_POINT ( 'NONE',  ( 0.2724973669251292141, 0.2803946708725079673, 0.7999999999999998224 ) ) ;
#6649 = CYLINDRICAL_SURFACE ( 'NONE', #4699, 1.650000000000000355 ) ;
#6650 = VERTEX_POINT ( 'NONE', #5914 ) ;
#6651 = UNCERTAINTY_MEASURE_WITH_UNIT (LENGTH_MEASURE( 1.000000000000000082E-05 ), #1638, 'distance_accuracy_value', 'NONE');
#6652 = ORIENTED_EDGE ( 'NONE', *, *, #1741, .F. ) ;
#6653 = VECTOR ( 'NONE', #6806, 1000.000000000000000 ) ;
#6654 = PRESENTATION_LAYER_ASSIGNMENT (  '', '', ( #8389 ) ) ;
#6655 = CARTESIAN_POINT ( 'NONE',  ( 0.5349687724716238879, 2.035234542977546468, 0.8000000000000004885 ) ) ;
#6656 = DIRECTION ( 'NONE',  ( 0.000000000000000000, 0.000000000000000000, 1.000000000000000000 ) ) ;
#6657 = CARTESIAN_POINT ( 'NONE',  ( -0.2370130126990485919, 1.451399588863069079, 0.8001000000000002554 ) ) ;
#6658 = CARTESIAN_POINT ( 'NONE',  ( 0.6876290736306338580, -0.6694460261351063979, 0.8000999999999998114 ) ) ;
#6659 = EDGE_CURVE ( 'NONE', #8136, #803, #9689, .T. ) ;
#6660 = DIRECTION ( 'NONE',  ( -0.000000000000000000, -0.000000000000000000, 1.000000000000000000 ) ) ;
#6661 = ADVANCED_FACE ( 'NONE', ( #172, #9196, #955, #8563, #7636 ), #1743, .F. ) ;
#6662 = CARTESIAN_POINT ( 'NONE',  ( 4.849999999999996980, 1.000000000000000444, 2.900000000000000355 ) ) ;
#6663 = VECTOR ( 'NONE', #1345, 1000.000000000000000 ) ;
#6664 = EDGE_LOOP ( 'NONE', ( #4477, #6856, #7742, #2146 ) ) ;
#6665 =( NAMED_UNIT ( * ) SI_UNIT ( $, .STERADIAN. ) SOLID_ANGLE_UNIT ( ) );
#6666 = CARTESIAN_POINT ( 'NONE',  ( 0.1027758842574307413, 2.013435302433977281, 0.8000000000000002665 ) ) ;
#6667 = ORIENTED_EDGE ( 'NONE', *, *, #721, .F. ) ;
#6668 = CARTESIAN_POINT ( 'NONE',  ( -0.3225363364694023294, -0.2465378426601144979, 0.7999999999999999334 ) ) ;
#6669 = MECHANICAL_DESIGN_GEOMETRIC_PRESENTATION_REPRESENTATION (  '', ( #2368 ), #9808 ) ;
#6670 = CARTESIAN_POINT ( 'NONE',  ( 0.3512674343259158394, 2.006528544744833997, 0.8000000000000000444 ) ) ;
#6671 = PLANE ( 'NONE',  #1579 ) ;
#6672 = DIRECTION ( 'NONE',  ( 1.000000000000000000, 0.000000000000000000, 0.000000000000000000 ) ) ;
#6673 = DIRECTION ( 'NONE',  ( -1.000000000000000000, 3.469446951953613696E-16, 0.000000000000000000 ) ) ;
#6674 = DIRECTION ( 'NONE',  ( -1.000000000000000000, 0.000000000000000000, 0.000000000000000000 ) ) ;
#6675 = PRESENTATION_STYLE_ASSIGNMENT (( #6776 ) ) ;
#6676 = CARTESIAN_POINT ( 'NONE',  ( -0.3500000000000002554, -0.5852564102356874187, 0.8001000000000000334 ) ) ;
#6677 = STYLED_ITEM ( 'NONE', ( #7605 ), #6008 ) ;
#6678 =( LENGTH_UNIT ( ) NAMED_UNIT ( * ) SI_UNIT ( .MILLI., .METRE. ) );
#6679 = VERTEX_POINT ( 'NONE', #6162 ) ;
#6680 = CARTESIAN_POINT ( 'NONE',  ( 5.849999999999997868, -1.699999999999999734, 2.699999999999997957 ) ) ;
#6681 = EDGE_LOOP ( 'NONE', ( #9290, #8557, #5669, #7643 ) ) ;
#6682 = LINE ( 'NONE', #9673, #5421 ) ;
#6683 = AXIS2_PLACEMENT_3D ( 'NONE', #9573, #1934, #3605 ) ;
#6684 = EDGE_CURVE ( 'NONE', #2558, #6105, #4666, .T. ) ;
#6685 = STYLED_ITEM ( 'NONE', ( #7592 ), #6386 ) ;
#6686 = CARTESIAN_POINT ( 'NONE',  ( -0.2063301282051284991, 1.733954326908059951, 0.8001000000000000334 ) ) ;
#6687 = DIRECTION ( 'NONE',  ( -0.000000000000000000, -0.000000000000000000, 1.000000000000000000 ) ) ;
#6688 = CARTESIAN_POINT ( 'NONE',  ( -3.642919299551283854E-15, -4.199999999999991296, 2.900000000000000355 ) ) ;
#6689 = DIRECTION ( 'NONE',  ( 0.000000000000000000, 1.000000000000000000, 0.000000000000000000 ) ) ;
#6690 = FACE_OUTER_BOUND ( 'NONE', #1602, .T. ) ;
#6691 = VECTOR ( 'NONE', #5048, 1000.000000000000000 ) ;
#6692 = ORIENTED_EDGE ( 'NONE', *, *, #9228, .T. ) ;
#6693 = FACE_OUTER_BOUND ( 'NONE', #3860, .T. ) ;
#6694 = VERTEX_POINT ( 'NONE', #858 ) ;
#6695 = ADVANCED_FACE ( 'NONE', ( #6988 ), #7827, .F. ) ;
#6696 = CARTESIAN_POINT ( 'NONE',  ( -6.399999999999999467, 1.499999999999999112, -0.8001000000000000334 ) ) ;
#6697 = FACE_OUTER_BOUND ( 'NONE', #1120, .T. ) ;
#6698 = AXIS2_PLACEMENT_3D ( 'NONE', #265, #6893, #71 ) ;
#6699 = DIRECTION ( 'NONE',  ( 1.000000000000000000, -8.673617379884027583E-16, 0.000000000000000000 ) ) ;
#6700 = CARTESIAN_POINT ( 'NONE',  ( 0.4679487179487177295, -1.262179487158764601, 0.8001000000000000334 ) ) ;
#6701 = CARTESIAN_POINT ( 'NONE',  ( 0.1999999999999997613, -0.1198717948858383786, 0.8001000000000000334 ) ) ;
#6702 = ORIENTED_EDGE ( 'NONE', *, *, #3656, .F. ) ;
#6703 = ORIENTED_EDGE ( 'NONE', *, *, #5921, .F. ) ;
#6704 = ADVANCED_FACE ( 'NONE', ( #8476 ), #3115, .T. ) ;
#6705 = CARTESIAN_POINT ( 'NONE',  ( 0.2274786006530231386, 2.122238221774366274, 0.8001000000000000334 ) ) ;
#6706 = CARTESIAN_POINT ( 'NONE',  ( -0.3404837440989537667, 1.648176152264742678, 0.8001000000000000334 ) ) ;
#6707 = SURFACE_STYLE_USAGE ( .BOTH. , #6759 ) ;
#6708 = CARTESIAN_POINT ( 'NONE',  ( 6.599999999999997868, -4.749999999999994671, -3.100000000000000089 ) ) ;
#6709 = CARTESIAN_POINT ( 'NONE',  ( 0.3524958999370665369, -0.5437651548405421087, 0.8000000000000000444 ) ) ;
#6710 =( GEOMETRIC_REPRESENTATION_CONTEXT ( 3 ) GLOBAL_UNCERTAINTY_ASSIGNED_CONTEXT ( ( #6273 ) ) GLOBAL_UNIT_ASSIGNED_CONTEXT ( ( #9095, #2306, #2142 ) ) REPRESENTATION_CONTEXT ( 'NONE', 'WORKASPACE' ) );
#6711 = FACE_OUTER_BOUND ( 'NONE', #2946, .T. ) ;
#6712 = FACE_OUTER_BOUND ( 'NONE', #3403, .T. ) ;
#6713 = ORIENTED_EDGE ( 'NONE', *, *, #7740, .T. ) ;
#6714 = DIRECTION ( 'NONE',  ( 0.000000000000000000, -0.7071067811865444641, -0.7071067811865505703 ) ) ;
#6715 = ORIENTED_EDGE ( 'NONE', *, *, #5813, .T. ) ;
#6716 = ADVANCED_FACE ( 'NONE', ( #2700 ), #2346, .T. ) ;
#6717 = DIRECTION ( 'NONE',  ( 0.5773502691896240657, 0.5773502691896240657, -0.5773502691896289507 ) ) ;
#6718 = AXIS2_PLACEMENT_3D ( 'NONE', #5712, #562, #3608 ) ;
#6719 = CARTESIAN_POINT ( 'NONE',  ( 4.099999999999997868, -5.249999999999999112, -0.8000000000000000444 ) ) ;
#6720 = LINE ( 'NONE', #2327, #5281 ) ;
#6721 = DIRECTION ( 'NONE',  ( 0.7071067811865504593, 0.000000000000000000, 0.7071067811865445751 ) ) ;
#6722 = CARTESIAN_POINT ( 'NONE',  ( -6.399999999999999467, 1.499999999999999112, -0.8000000000000000444 ) ) ;
#6724 = DIRECTION ( 'NONE',  ( -1.239088197126291458E-15, -1.000000000000000000, 0.000000000000000000 ) ) ;
#6723 = B_SPLINE_CURVE_WITH_KNOTS ( 'NONE', 3,
 ( #6975, #158, #6253, #6047, #8271, #1445, #1493, #4494, #2240, #1090, #7775, #943, #3356, #5699, #4003, #4145, #4949, #7963, #7170 ),
 .UNSPECIFIED., .F., .F.,
 ( 4, 1, 1, 1, 1, 1, 1, 1, 1, 1, 1, 1, 1, 1, 1, 1, 4 ),
 ( 0.000000000000000000, 0.07607173695556462834, 0.1487517145745115288, 0.2184027938458452112, 0.2857595810623857480, 0.3505980236748786893, 0.4149640445981282455, 0.4780693385717819099, 0.5417606760069074712, 0.6043498585387178101, 0.6640750210708966650, 0.7214636230801988459, 0.7775871282364450465, 0.8326444469271313542, 0.8878435110684599341, 0.9434603426519473368, 1.000000000000000000 ),
 .UNSPECIFIED. ) ;
#6725 = LINE ( 'NONE', #5205, #7132 ) ;
#6726 = B_SPLINE_SURFACE_WITH_KNOTS ( 'NONE', 3, 1, ( 
 ( #716, #5380 ),
 ( #7639, #9049 ),
 ( #6799, #2253 ),
 ( #5325, #7582 ),
 ( #27, #3064 ),
 ( #1558, #3864 ),
 ( #4610, #6894 ),
 ( #3915, #1794 ),
 ( #118, #4720 ),
 ( #8606, #5621 ),
 ( #6314, #1006 ) ),
 .UNSPECIFIED., .F., .F., .F.,
 ( 4, 1, 1, 1, 1, 1, 1, 1, 4 ),
 ( 2, 2 ),
 ( 0.000000000000000000, 0.1280675485958907289, 0.2506083188676687667, 0.3706301659145030958, 0.4900722467299489793, 0.6103747641546199976, 0.7343130699115256732, 0.8632165042449895243, 1.000000000000000000 ),
 ( 0.000000000000000000, 1.000000000000000000 ),
 .UNSPECIFIED. ) ;
#6727 = DIRECTION ( 'NONE',  ( 1.000000000000000000, 3.469446951953613696E-16, 0.000000000000000000 ) ) ;
#6728 = ORIENTED_EDGE ( 'NONE', *, *, #5887, .F. ) ;
#6729 = FILL_AREA_STYLE ('',( #5844 ) ) ;
#6730 = VERTEX_POINT ( 'NONE', #9575 ) ;
#6731 = EDGE_CURVE ( 'NONE', #2496, #8949, #4861, .T. ) ;
#6732 = CARTESIAN_POINT ( 'NONE',  ( 0.1574034558683796714, -0.6174967717801563838, 0.8000999999999998114 ) ) ;
#6733 = SURFACE_STYLE_USAGE ( .BOTH. , #1492 ) ;
#6734 = CARTESIAN_POINT ( 'NONE',  ( 0.1755240215082160271, 2.023239717437979479, 0.8000000000000001554 ) ) ;
#6735 = DIRECTION ( 'NONE',  ( -8.673617379884027583E-16, -1.000000000000000000, 0.000000000000000000 ) ) ;
#6736 = LINE ( 'NONE', #1497, #6266 ) ;
#6737 = DIRECTION ( 'NONE',  ( 0.000000000000000000, -0.7071067811865444641, -0.7071067811865505703 ) ) ;
#6738 = VECTOR ( 'NONE', #6724, 1000.000000000000000 ) ;
#6739 = ORIENTED_EDGE ( 'NONE', *, *, #3450, .F. ) ;
#6740 = VERTEX_POINT ( 'NONE', #1200 ) ;
#6741 = DIRECTION ( 'NONE',  ( 0.000000000000000000, -0.000000000000000000, 1.000000000000000000 ) ) ;
#6742 = ORIENTED_EDGE ( 'NONE', *, *, #1074, .F. ) ;
#6743 = UNCERTAINTY_MEASURE_WITH_UNIT (LENGTH_MEASURE( 1.000000000000000082E-05 ), #2007, 'distance_accuracy_value', 'NONE');
#6744 = MECHANICAL_DESIGN_GEOMETRIC_PRESENTATION_REPRESENTATION (  '', ( #6906 ), #3728 ) ;
#6745 = CARTESIAN_POINT ( 'NONE',  ( 5.849999999999997868, -3.699999999999999289, -3.100000000000000089 ) ) ;
#6746 = CARTESIAN_POINT ( 'NONE',  ( 4.849999999999997868, 4.400000000000000355, 2.699999999999997957 ) ) ;
#6747 =( NAMED_UNIT ( * ) PLANE_ANGLE_UNIT ( ) SI_UNIT ( $, .RADIAN. ) );
#6748 = DIRECTION ( 'NONE',  ( 0.000000000000000000, 0.000000000000000000, -1.000000000000000000 ) ) ;
#6749 = DIRECTION ( 'NONE',  ( -1.000000000000000000, 0.000000000000000000, -0.000000000000000000 ) ) ;
#6750 = EDGE_CURVE ( 'NONE', #3362, #247, #4207, .T. ) ;
#6751 = ORIENTED_EDGE ( 'NONE', *, *, #4985, .T. ) ;
#6752 = MECHANICAL_DESIGN_GEOMETRIC_PRESENTATION_REPRESENTATION (  '', ( #7062 ), #5804 ) ;
#6753 = MECHANICAL_DESIGN_GEOMETRIC_PRESENTATION_REPRESENTATION (  '', ( #8178 ), #5509 ) ;
#6754 = VERTEX_POINT ( 'NONE', #412 ) ;
#6755 = UNCERTAINTY_MEASURE_WITH_UNIT (LENGTH_MEASURE( 1.000000000000000082E-05 ), #5546, 'distance_accuracy_value', 'NONE');
#6756 =( LENGTH_UNIT ( ) NAMED_UNIT ( * ) SI_UNIT ( .MILLI., .METRE. ) );
#6757 = SURFACE_STYLE_FILL_AREA ( #2264 ) ;
#6758 = SURFACE_STYLE_USAGE ( .BOTH. , #2922 ) ;
#6759 = SURFACE_SIDE_STYLE ('',( #3680 ) ) ;
#6760 = LINE ( 'NONE', #8293, #7091 ) ;
#6761 = STYLED_ITEM ( 'NONE', ( #4812 ), #690 ) ;
#6762 = CARTESIAN_POINT ( 'NONE',  ( 0.04412177394129183916, -0.7835335776195460067, 0.7999999999999998224 ) ) ;
#6763 = CARTESIAN_POINT ( 'NONE',  ( 0.6648125353081749678, -0.03105546124912186498, 0.8001000000000001444 ) ) ;
#6764 = PLANE ( 'NONE',  #3424 ) ;
#6765 = ORIENTED_EDGE ( 'NONE', *, *, #3189, .T. ) ;
#6766 = CARTESIAN_POINT ( 'NONE',  ( -0.3249999999999919620, 0.3249999999999908518, -0.8000000000000000444 ) ) ;
#6767 = AXIS2_PLACEMENT_3D ( 'NONE', #4669, #7689, #223 ) ;
#6768 = CARTESIAN_POINT ( 'NONE',  ( 0.2358941854835750473, 0.08324246387442625628, 0.8000999999999998114 ) ) ;
#6769 = VERTEX_POINT ( 'NONE', #3470 ) ;
#6770 = CARTESIAN_POINT ( 'NONE',  ( -0.2161280063622495473, -0.3428679255736969966, 0.7999999999999998224 ) ) ;
#6771 = DIRECTION ( 'NONE',  ( 1.000000000000000000, 0.000000000000000000, 0.000000000000000000 ) ) ;
#6772 = FACE_OUTER_BOUND ( 'NONE', #3027, .T. ) ;
#6773 = DIRECTION ( 'NONE',  ( -0.000000000000000000, -0.000000000000000000, -1.000000000000000000 ) ) ;
#6774 = CYLINDRICAL_SURFACE ( 'NONE', #4244, 1.650000000000000355 ) ;
#6775 = CARTESIAN_POINT ( 'NONE',  ( 0.03076923076923048297, -0.8891225961331233885, 0.8001000000000000334 ) ) ;
#6776 = SURFACE_STYLE_USAGE ( .BOTH. , #3646 ) ;
#6777 =( GEOMETRIC_REPRESENTATION_CONTEXT ( 3 ) GLOBAL_UNCERTAINTY_ASSIGNED_CONTEXT ( ( #7744 ) ) GLOBAL_UNIT_ASSIGNED_CONTEXT ( ( #2705, #4968, #9532 ) ) REPRESENTATION_CONTEXT ( 'NONE', 'WORKASPACE' ) );
#6778 = SURFACE_STYLE_USAGE ( .BOTH. , #2 ) ;
#6779 = CARTESIAN_POINT ( 'NONE',  ( 0.2044027747038919263, -0.05783369559343533306, 0.7999999999999999334 ) ) ;
#6780 = EDGE_CURVE ( 'NONE', #5364, #1789, #5755, .T. ) ;
#6781 = CARTESIAN_POINT ( 'NONE',  ( 0.6058894230769229505, -0.2452524038601973932, 0.8000000000000001554 ) ) ;
#6782 = ORIENTED_EDGE ( 'NONE', *, *, #5801, .T. ) ;
#6783 = ORIENTED_EDGE ( 'NONE', *, *, #85, .T. ) ;
#6784 = COLOUR_RGB ( '',0.2509803921568627416, 0.2509803921568627416, 0.2509803921568627416 ) ;
#6785 = EDGE_LOOP ( 'NONE', ( #8895, #4048, #1513, #6348 ) ) ;
#6786 = LINE ( 'NONE', #11, #3838 ) ;
#6787 = FILL_AREA_STYLE ('',( #7521 ) ) ;
#6788 = LINE ( 'NONE', #5369, #7064 ) ;
#6789 = CARTESIAN_POINT ( 'NONE',  ( -0.09859394772705777632, 0.1620520941108004043, 0.8001000000000001444 ) ) ;
#6790 = DIRECTION ( 'NONE',  ( -1.000000000000000000, 8.673617379884027583E-16, 0.000000000000000000 ) ) ;
#6791 = ADVANCED_FACE ( 'NONE', ( #751 ), #3800, .F. ) ;
#6792 = EDGE_CURVE ( 'NONE', #3317, #3857, #5163, .T. ) ;
#6793 = EDGE_LOOP ( 'NONE', ( #2605, #8633, #2706, #2620 ) ) ;
#6794 = CARTESIAN_POINT ( 'NONE',  ( 0.6653846153846152411, -0.06147836539865887684, 0.8001000000000000334 ) ) ;
#6795 = VERTEX_POINT ( 'NONE', #8223 ) ;
#6796 = CARTESIAN_POINT ( 'NONE',  ( 0.5926117261856239660, -1.226236907871638859, 0.8000000000000001554 ) ) ;
#6797 = COLOUR_RGB ( '',0.9254901960784314152, 0.9254901960784314152, 0.9254901960784314152 ) ;
#6798 = FACE_OUTER_BOUND ( 'NONE', #7480, .T. ) ;
#6799 = CARTESIAN_POINT ( 'NONE',  ( -0.05801765711108779200, 0.2598161176051065335, 0.8001000000000000334 ) ) ;
#6800 = CARTESIAN_POINT ( 'NONE',  ( 0.6058894230769229505, -0.2452524038601973932, 0.8000000000000001554 ) ) ;
#6801 = PLANE ( 'NONE',  #4229 ) ;
#6802 = CARTESIAN_POINT ( 'NONE',  ( -0.3769141664074866505, -0.01761748020088924060, 0.7999999999999999334 ) ) ;
#6803 = ORIENTED_EDGE ( 'NONE', *, *, #6659, .T. ) ;
#6804 = PRESENTATION_LAYER_ASSIGNMENT (  '', '', ( #1218 ) ) ;
#6805 = VERTEX_POINT ( 'NONE', #2951 ) ;
#6806 = DIRECTION ( 'NONE',  ( 0.000000000000000000, 1.000000000000000000, 0.000000000000000000 ) ) ;
#6807 = SURFACE_STYLE_FILL_AREA ( #4512 ) ;
#6808 = ADVANCED_FACE ( 'NONE', ( #2241 ), #2030, .T. ) ;
#6809 = B_SPLINE_SURFACE_WITH_KNOTS ( 'NONE', 3, 1, ( 
 ( #1234, #5099 ),
 ( #8113, #544 ),
 ( #5301, #8918 ),
 ( #647, #6873 ),
 ( #2935, #3089 ),
 ( #783, #593 ),
 ( #8303, #7511 ),
 ( #738, #7411 ),
 ( #9119, #5982 ),
 ( #48, #6136 ),
 ( #8969, #8210 ),
 ( #2116, #9711 ),
 ( #8394, #3644 ),
 ( #1530, #3695 ),
 ( #2225, #3739 ) ),
 .UNSPECIFIED., .F., .F., .F.,
 ( 4, 1, 1, 1, 1, 1, 1, 1, 1, 1, 1, 1, 4 ),
 ( 2, 2 ),
 ( 0.000000000000000000, 0.1227119423657787728, 0.2396849640167734719, 0.3518158552560946561, 0.4637661328620821810, 0.5208177931608305444, 0.5794482914480039160, 0.6406041451203191572, 0.7052975118059832127, 0.7736338807131352135, 0.8446693818863784120, 0.9200565080211453584, 1.000000000000000000 ),
 ( 0.000000000000000000, 1.000000000000000000 ),
 .UNSPECIFIED. ) ;
#6810 = PRESENTATION_LAYER_ASSIGNMENT (  '', '', ( #1227 ) ) ;
#6811 = CARTESIAN_POINT ( 'NONE',  ( 0.4538461538461536215, -0.3314102564242999427, 0.8001000000000000334 ) ) ;
#6812 = CARTESIAN_POINT ( 'NONE',  ( -0.1585553731656852983, 0.1467939877949832328, 0.8000000000000001554 ) ) ;
#6813 = CARTESIAN_POINT ( 'NONE',  ( 5.049999999999998934, -6.257395395487771152E-15, 2.900000000000000355 ) ) ;
#6814 = CARTESIAN_POINT ( 'NONE',  ( 0.03153180994288861533, -0.8526800934238119023, 0.7999999999999999334 ) ) ;
#6815 = DIRECTION ( 'NONE',  ( 1.000000000000000000, 0.000000000000000000, 0.000000000000000000 ) ) ;
#6816 = CARTESIAN_POINT ( 'NONE',  ( 0.4623158437305830426, -0.3288383648287839245, 0.8001000000000002554 ) ) ;
#6817 = ORIENTED_EDGE ( 'NONE', *, *, #6850, .F. ) ;
#6818 = VECTOR ( 'NONE', #4552, 1000.000000000000000 ) ;
#6819 = CARTESIAN_POINT ( 'NONE',  ( 0.3429005966379709558, 0.1977030495335822535, 0.8001000000000003665 ) ) ;
#6820 = EDGE_LOOP ( 'NONE', ( #4211, #6223, #165, #3510 ) ) ;
#6821 = AXIS2_PLACEMENT_3D ( 'NONE', #9344, #2565, #6457 ) ;
#6822 = CARTESIAN_POINT ( 'NONE',  ( -0.2371794871794874193, 1.318589743574726469, 0.8001000000000000334 ) ) ;
#6823 = CARTESIAN_POINT ( 'NONE',  ( 0.1999999999999997613, -0.1198717948858383786, 0.8000000000000000444 ) ) ;
#6824 = CARTESIAN_POINT ( 'NONE',  ( 4.849999999999997868, 1.700000000000000178, 2.900000000000000355 ) ) ;
#6825 =( LENGTH_UNIT ( ) NAMED_UNIT ( * ) SI_UNIT ( .MILLI., .METRE. ) );
#6826 = AXIS2_PLACEMENT_3D ( 'NONE', #8311, #8978, #1539 ) ;
#6827 = CIRCLE ( 'NONE', #9470, 0.6499999999999995781 ) ;
#6828 = CARTESIAN_POINT ( 'NONE',  ( -0.3500000000000002554, -1.882692307684061150, 0.8001000000000000334 ) ) ;
#6829 = CARTESIAN_POINT ( 'NONE',  ( 6.099999999999999645, -5.250000000000000000, -0.8000000000000000444 ) ) ;
#6830 = CARTESIAN_POINT ( 'NONE',  ( 0.2674889593226089657, 0.1363840756189511894, 0.7999999999999998224 ) ) ;
#6831 = ORIENTED_EDGE ( 'NONE', *, *, #4800, .F. ) ;
#6832 = VECTOR ( 'NONE', #509, 1000.000000000000227 ) ;
#6833 = FACE_OUTER_BOUND ( 'NONE', #4232, .T. ) ;
#6834 = VERTEX_POINT ( 'NONE', #1295 ) ;
#6835 = CARTESIAN_POINT ( 'NONE',  ( 0.6371794871794869142, -1.360897435889189655, 0.8000000000000000444 ) ) ;
#6836 = ORIENTED_EDGE ( 'NONE', *, *, #1478, .F. ) ;
#6837 = EDGE_CURVE ( 'NONE', #8145, #3892, #42, .T. ) ;
#6838 = DIRECTION ( 'NONE',  ( 0.7071067811865451302, 0.7071067811865500152, -0.000000000000000000 ) ) ;
#6839 = DIRECTION ( 'NONE',  ( 0.000000000000000000, -1.000000000000000000, 0.000000000000000000 ) ) ;
#6840 = AXIS2_PLACEMENT_3D ( 'NONE', #5768, #7290, #421 ) ;
#6841 =( LENGTH_UNIT ( ) NAMED_UNIT ( * ) SI_UNIT ( .MILLI., .METRE. ) );
#6842 = CARTESIAN_POINT ( 'NONE',  ( -0.1734300130465734335, 0.1378317718315006102, 0.8001000000000001444 ) ) ;
#6843 = VERTEX_POINT ( 'NONE', #991 ) ;
#6844 = EDGE_LOOP ( 'NONE', ( #9341, #910 ) ) ;
#6845 = VECTOR ( 'NONE', #9795, 1000.000000000000000 ) ;
#6846 = DIRECTION ( 'NONE',  ( 0.000000000000000000, 1.000000000000000000, 0.000000000000000000 ) ) ;
#6847 = VERTEX_POINT ( 'NONE', #1598 ) ;
#6848 = VECTOR ( 'NONE', #7434, 1000.000000000000000 ) ;
#6849 = CARTESIAN_POINT ( 'NONE',  ( -1.750000000000000222, 4.399999999999999467, 0.8001000000000000334 ) ) ;
#6850 = EDGE_CURVE ( 'NONE', #6769, #1057, #159, .T. ) ;
#6851 = CARTESIAN_POINT ( 'NONE',  ( 6.249999999999996447, 4.799999999999999822, 0.8000000000000000444 ) ) ;
#6852 = SURFACE_STYLE_FILL_AREA ( #2197 ) ;
#6853 = DIRECTION ( 'NONE',  ( -0.000000000000000000, -0.000000000000000000, 1.000000000000000000 ) ) ;
#6854 = CARTESIAN_POINT ( 'NONE',  ( 0.5934638548232079591, -0.2594262095497628651, 0.8001000000000000334 ) ) ;
#6855 = CARTESIAN_POINT ( 'NONE',  ( -0.2330036141170959973, 0.2201134580402644148, 0.8000000000000002665 ) ) ;
#6856 = ORIENTED_EDGE ( 'NONE', *, *, #9644, .F. ) ;
#6857 = ORIENTED_EDGE ( 'NONE', *, *, #3189, .F. ) ;
#6858 = EDGE_CURVE ( 'NONE', #8267, #4492, #6254, .T. ) ;
#6859 = COLOUR_RGB ( '',0.9254901960784314152, 0.9254901960784314152, 0.9254901960784314152 ) ;
#6860 = CARTESIAN_POINT ( 'NONE',  ( 0.5047864864561167897, 2.053212189813712119, 0.8000999999999999224 ) ) ;
#6861 = LINE ( 'NONE', #6397, #166 ) ;
#6862 = FACE_OUTER_BOUND ( 'NONE', #4353, .T. ) ;
#6863 = CARTESIAN_POINT ( 'NONE',  ( 0.7173050163589189676, -0.7079053664253148748, 0.8000000000000002665 ) ) ;
#6864 = CARTESIAN_POINT ( 'NONE',  ( 0.4394870070887810787, 2.083595228841804037, 0.8000000000000000444 ) ) ;
#6865 = CARTESIAN_POINT ( 'NONE',  ( -0.09240785256410283255, 0.2608974358833923701, 0.8000000000000003775 ) ) ;
#6866 = LINE ( 'NONE', #3238, #2286 ) ;
#6867 = ORIENTED_EDGE ( 'NONE', *, *, #9591, .F. ) ;
#6868 = SURFACE_STYLE_FILL_AREA ( #8343 ) ;
#6869 = CARTESIAN_POINT ( 'NONE',  ( 0.2901463904483164158, 0.1602836069314855505, 0.8001000000000002554 ) ) ;
#6870 = ORIENTED_EDGE ( 'NONE', *, *, #2092, .F. ) ;
#6871 = SURFACE_STYLE_FILL_AREA ( #6331 ) ;
#6872 = DIRECTION ( 'NONE',  ( -1.000000000000000000, 1.239088197126291458E-15, 0.000000000000000000 ) ) ;
#6873 = CARTESIAN_POINT ( 'NONE',  ( -0.2566122633971950062, -0.1313107093147276860, 0.7999999999999999334 ) ) ;
#6874 = VECTOR ( 'NONE', #9320, 1000.000000000000000 ) ;
#6875 = FILL_AREA_STYLE ('',( #3840 ) ) ;
#6876 = CARTESIAN_POINT ( 'NONE',  ( 0.6220551116836910976, 1.705524371701040209, 0.8000000000000001554 ) ) ;
#6877 = DIRECTION ( 'NONE',  ( 1.000000000000000000, 0.000000000000000000, 0.000000000000000000 ) ) ;
#6878 = DIRECTION ( 'NONE',  ( -0.000000000000000000, -0.000000000000000000, 1.000000000000000000 ) ) ;
#6879 = PLANE ( 'NONE',  #924 ) ;
#6880 = CARTESIAN_POINT ( 'NONE',  ( 0.6201138987482283094, -0.2267925813053112416, 0.7999999999999998224 ) ) ;
#6881 = EDGE_CURVE ( 'NONE', #2236, #3701, #9514, .T. ) ;
#6882 = VERTEX_POINT ( 'NONE', #2293 ) ;
#6883 = FACE_BOUND ( 'NONE', #6002, .T. ) ;
#6884 = ORIENTED_EDGE ( 'NONE', *, *, #9715, .T. ) ;
#6885 = ORIENTED_EDGE ( 'NONE', *, *, #7740, .F. ) ;
#6886 = DIRECTION ( 'NONE',  ( -1.000000000000000000, 0.000000000000000000, 0.000000000000000000 ) ) ;
#6887 =( LENGTH_UNIT ( ) NAMED_UNIT ( * ) SI_UNIT ( .MILLI., .METRE. ) );
#6888 = ORIENTED_EDGE ( 'NONE', *, *, #4855, .F. ) ;
#6889 = ORIENTED_EDGE ( 'NONE', *, *, #1949, .F. ) ;
#6890 = CARTESIAN_POINT ( 'NONE',  ( 4.099999999999997868, -4.749999999999999112, -3.100000000000000089 ) ) ;
#6891 = EDGE_LOOP ( 'NONE', ( #4098, #9139, #7917, #613 ) ) ;
#6892 = FILL_AREA_STYLE ('',( #4717 ) ) ;
#6893 = DIRECTION ( 'NONE',  ( -0.000000000000000000, -0.000000000000000000, 1.000000000000000000 ) ) ;
#6894 = CARTESIAN_POINT ( 'NONE',  ( 0.06363263126138941905, 0.2110134292101416842, 0.8000000000000004885 ) ) ;
#6895 = DIRECTION ( 'NONE',  ( 0.000000000000000000, 0.000000000000000000, 1.000000000000000000 ) ) ;
#6896 = CARTESIAN_POINT ( 'NONE',  ( 5.849999999999997868, -1.699999999999999734, 1.200000000000002620 ) ) ;
#6897 = CARTESIAN_POINT ( 'NONE',  ( -0.3566931590598857449, 0.06434504912993063708, 0.8000000000000001554 ) ) ;
#6898 = EDGE_CURVE ( 'NONE', #4387, #8252, #7818, .T. ) ;
#6899 = ORIENTED_EDGE ( 'NONE', *, *, #4293, .F. ) ;
#6900 = ORIENTED_EDGE ( 'NONE', *, *, #840, .F. ) ;
#6901 = COLOUR_RGB ( '',1.000000000000000000, 1.000000000000000000, 1.000000000000000000 ) ;
#6902 = CARTESIAN_POINT ( 'NONE',  ( 0.08139606021279428838, -0.04061638770891411870, 0.8000000000000002665 ) ) ;
#6903 = CARTESIAN_POINT ( 'NONE',  ( -0.3103365384615386358, 1.791025641010623781, 0.8001000000000000334 ) ) ;
#6904 = CARTESIAN_POINT ( 'NONE',  ( -0.2063301282051284991, 1.733954326908059951, 0.8001000000000000334 ) ) ;
#6905 = CARTESIAN_POINT ( 'NONE',  ( 0.2542717055064735443, 2.121848681266265135, 0.7999999999999998224 ) ) ;
#6906 = STYLED_ITEM ( 'NONE', ( #8103 ), #1463 ) ;
#6907 = VECTOR ( 'NONE', #2763, 1000.000000000000000 ) ;
#6908 = CARTESIAN_POINT ( 'NONE',  ( -0.1643461189206243400, 0.2512784608364764249, 0.8000000000000003775 ) ) ;
#6909 = CARTESIAN_POINT ( 'NONE',  ( 0.6275237141207452574, -1.057899392700875518, 0.8001000000000002554 ) ) ;
#6910 = ADVANCED_FACE ( 'NONE', ( #897 ), #4803, .T. ) ;
#6911 = VERTEX_POINT ( 'NONE', #9183 ) ;
#6912 = EDGE_CURVE ( 'NONE', #137, #6640, #1544, .T. ) ;
#6913 =( NAMED_UNIT ( * ) PLANE_ANGLE_UNIT ( ) SI_UNIT ( $, .RADIAN. ) );
#6914 = VERTEX_POINT ( 'NONE', #4705 ) ;
#6915 = CARTESIAN_POINT ( 'NONE',  ( -1.599999999999999645, -0.3500000000000004774, 0.8001000000000000334 ) ) ;
#6916 = LINE ( 'NONE', #1529, #7465 ) ;
#6917 = CARTESIAN_POINT ( 'NONE',  ( 0.000000000000000000, 4.400000000000000355, -3.100000000000000089 ) ) ;
#6918 = SURFACE_SIDE_STYLE ('',( #4582 ) ) ;
#6919 = CARTESIAN_POINT ( 'NONE',  ( 0.6264943668329060467, 1.672617478880790820, 0.8000000000000001554 ) ) ;
#6920 = CARTESIAN_POINT ( 'NONE',  ( 0.2178059871815752613, 0.2436206782573457907, 0.8000000000000001554 ) ) ;
#6921 = FILL_AREA_STYLE ('',( #99 ) ) ;
#6922 = CARTESIAN_POINT ( 'NONE',  ( -0.2371794871794874193, -0.5852564102356874187, 0.8000000000000000444 ) ) ;
#6923 = VERTEX_POINT ( 'NONE', #2395 ) ;
#6924 = DIRECTION ( 'NONE',  ( 0.5773502691896242878, 0.5773502691896237327, 0.5773502691896292838 ) ) ;
#6925 = ORIENTED_EDGE ( 'NONE', *, *, #6472, .F. ) ;
#6926 = ORIENTED_EDGE ( 'NONE', *, *, #5096, .T. ) ;
#6927 = CARTESIAN_POINT ( 'NONE',  ( 0.7496023854588728108, 1.608542956815052882, 0.8001000000000002554 ) ) ;
#6928 = COLOUR_RGB ( '',0.2509803921568627416, 0.2509803921568627416, 0.2509803921568627416 ) ;
#6929 = PRESENTATION_STYLE_ASSIGNMENT (( #846 ) ) ;
#6930 = EDGE_CURVE ( 'NONE', #4397, #1136, #8134, .T. ) ;
#6931 = CARTESIAN_POINT ( 'NONE',  ( -0.3499418025344137040, -0.1982454812991235882, 0.8001000000000000334 ) ) ;
#6932 = FILL_AREA_STYLE_COLOUR ( '', #7209 ) ;
#6933 = SURFACE_SIDE_STYLE ('',( #850 ) ) ;
#6934 = DIRECTION ( 'NONE',  ( 1.000000000000000000, 0.000000000000000000, 0.000000000000000000 ) ) ;
#6935 = VERTEX_POINT ( 'NONE', #848 ) ;
#6936 = CARTESIAN_POINT ( 'NONE',  ( -0.2584462284522496267, 0.007975776819264385892, 0.8001000000000001444 ) ) ;
#6937 = ORIENTED_EDGE ( 'NONE', *, *, #7495, .T. ) ;
#6938 = DIRECTION ( 'NONE',  ( 1.000000000000000000, 0.000000000000000000, 0.000000000000000000 ) ) ;
#6939 = FACE_BOUND ( 'NONE', #9393, .T. ) ;
#6940 = FILL_AREA_STYLE ('',( #2349 ) ) ;
#6941 = STYLED_ITEM ( 'NONE', ( #6031 ), #3080 ) ;
#6942 = CARTESIAN_POINT ( 'NONE',  ( 0.6058894230769229505, -0.2452524038601973932, 0.8000000000000001554 ) ) ;
#6943 = CARTESIAN_POINT ( 'NONE',  ( 5.649999999999993250, -0.000000000000000000, 2.900000000000000355 ) ) ;
#6944 = DIRECTION ( 'NONE',  ( -0.5773502691896240657, -0.5773502691896240657, 0.5773502691896289507 ) ) ;
#6945 = CARTESIAN_POINT ( 'NONE',  ( 6.099999999999999645, -5.250000000000000000, -3.100000000000000089 ) ) ;
#6946 = ORIENTED_EDGE ( 'NONE', *, *, #8697, .T. ) ;
#6947 = EDGE_LOOP ( 'NONE', ( #7819, #3869, #4616, #9768 ) ) ;
#6948 = COLOUR_RGB ( '',1.000000000000000000, 1.000000000000000000, 1.000000000000000000 ) ;
#6949 = LINE ( 'NONE', #3282, #150 ) ;
#6950 = EDGE_CURVE ( 'NONE', #520, #1333, #7726, .T. ) ;
#6951 = CARTESIAN_POINT ( 'NONE',  ( 0.7782051282051279939, -0.9265825320305592916, 0.8001000000000000334 ) ) ;
#6952 = CARTESIAN_POINT ( 'NONE',  ( -0.2371226063914762816, 1.414885078223534265, 0.7999999999999999334 ) ) ;
#6953 = CARTESIAN_POINT ( 'NONE',  ( -0.1482274366070797933, 1.855874595070033717, 0.8001000000000002554 ) ) ;
#6954 = PLANE ( 'NONE',  #250 ) ;
#6955 = PLANE ( 'NONE',  #9737 ) ;
#6956 = VERTEX_POINT ( 'NONE', #944 ) ;
#6957 =( NAMED_UNIT ( * ) PLANE_ANGLE_UNIT ( ) SI_UNIT ( $, .RADIAN. ) );
#6958 = CARTESIAN_POINT ( 'NONE',  ( 0.1999999999999997613, -0.1198717948858383786, 0.8001000000000000334 ) ) ;
#6959 = PLANE ( 'NONE',  #1082 ) ;
#6960 = DIRECTION ( 'NONE',  ( -1.000000000000000000, 1.239088197126290669E-15, 0.000000000000000000 ) ) ;
#6961 = EDGE_CURVE ( 'NONE', #2558, #2404, #3370, .T. ) ;
#6962 = EDGE_CURVE ( 'NONE', #5217, #2036, #356, .T. ) ;
#6963 =( NAMED_UNIT ( * ) PLANE_ANGLE_UNIT ( ) SI_UNIT ( $, .RADIAN. ) );
#6964 = DIRECTION ( 'NONE',  ( -1.000000000000000000, 0.000000000000000000, 0.000000000000000000 ) ) ;
#6965 = CARTESIAN_POINT ( 'NONE',  ( 0.3704622056597310920, 0.3134792868669835642, 0.8001000000000001444 ) ) ;
#6966 =( GEOMETRIC_REPRESENTATION_CONTEXT ( 3 ) GLOBAL_UNCERTAINTY_ASSIGNED_CONTEXT ( ( #1951 ) ) GLOBAL_UNIT_ASSIGNED_CONTEXT ( ( #9524, #2795, #3703 ) ) REPRESENTATION_CONTEXT ( 'NONE', 'WORKASPACE' ) );
#6967 = CARTESIAN_POINT ( 'NONE',  ( -4.400000000000000355, -0.3500000000000004774, 0.8001000000000000334 ) ) ;
#6968 = B_SPLINE_SURFACE_WITH_KNOTS ( 'NONE', 3, 1, ( 
 ( #7353, #5929 ),
 ( #5140, #8910 ),
 ( #8153, #5190 ),
 ( #8200, #8862 ),
 ( #9504, #3312 ),
 ( #585, #1366 ),
 ( #536, #4416 ),
 ( #3586, #2726 ),
 ( #9600, #2541 ),
 ( #256, #5608 ),
 ( #1222, #7305 ),
 ( #492, #3540 ),
 ( #9158, #9749 ),
 ( #1468, #7500 ),
 ( #4519, #6023 ) ),
 .UNSPECIFIED., .F., .F., .F.,
 ( 4, 1, 1, 1, 1, 1, 1, 1, 1, 1, 1, 1, 4 ),
 ( 2, 2 ),
 ( 0.000000000000000000, 0.07964144191068081580, 0.1589080899235496835, 0.2395990092435750507, 0.3225818493691031685, 0.4059999240003185350, 0.4878426189320848039, 0.5696755987062974702, 0.6530199912508025673, 0.7374123484958471364, 0.8225584522802630305, 0.9097553709506378539, 1.000000000000000000 ),
 ( 0.000000000000000000, 1.000000000000000000 ),
 .UNSPECIFIED. ) ;
#6969 = VECTOR ( 'NONE', #7749, 1000.000000000000000 ) ;
#6970 = ORIENTED_EDGE ( 'NONE', *, *, #2267, .T. ) ;
#6971 = CARTESIAN_POINT ( 'NONE',  ( 4.849999999999997868, -3.699999999999999289, 1.200000000000002620 ) ) ;
#6972 = VECTOR ( 'NONE', #3498, 1000.000000000000000 ) ;
#6973 = CARTESIAN_POINT ( 'NONE',  ( 0.7465974734936925428, 1.654485508292443674, 0.8001000000000001444 ) ) ;
#6974 = EDGE_CURVE ( 'NONE', #9594, #7661, #2572, .T. ) ;
#6975 = CARTESIAN_POINT ( 'NONE',  ( 0.6653846153846152411, -0.06147836539865887684, 0.8000000000000000444 ) ) ;
#6976 = DIRECTION ( 'NONE',  ( 0.5773502691896242878, 0.5773502691896240657, 0.5773502691896289507 ) ) ;
#6977 = CARTESIAN_POINT ( 'NONE',  ( 0.6091947115384613864, 1.759294871779854663, 0.8000000000000000444 ) ) ;
#6978 = DIRECTION ( 'NONE',  ( -1.239088197126290669E-15, -1.000000000000000000, 0.000000000000000000 ) ) ;
#6979 =( NAMED_UNIT ( * ) PLANE_ANGLE_UNIT ( ) SI_UNIT ( $, .RADIAN. ) );
#6980 = PRESENTATION_LAYER_ASSIGNMENT (  '', '', ( #145 ) ) ;
#6981 = ORIENTED_EDGE ( 'NONE', *, *, #3679, .F. ) ;
#6982 = VECTOR ( 'NONE', #9629, 1000.000000000000000 ) ;
#6983 = VERTEX_POINT ( 'NONE', #4286 ) ;
#6984 = CARTESIAN_POINT ( 'NONE',  ( -0.2623865258970464742, -0.01346649817827903425, 0.8000000000000000444 ) ) ;
#6985 = VERTEX_POINT ( 'NONE', #1143 ) ;
#6986 = EDGE_CURVE ( 'NONE', #7324, #6834, #9517, .T. ) ;
#6987 = VECTOR ( 'NONE', #6717, 1000.000000000000227 ) ;
#6988 = FACE_OUTER_BOUND ( 'NONE', #1459, .T. ) ;
#6989 = FILL_AREA_STYLE_COLOUR ( '', #3431 ) ;
#6990 = CARTESIAN_POINT ( 'NONE',  ( 0.5986705636016331766, 1.789177789249735362, 0.8000999999999999224 ) ) ;
#6991 = ORIENTED_EDGE ( 'NONE', *, *, #9053, .F. ) ;
#6992 = AXIS2_PLACEMENT_3D ( 'NONE', #2041, #1349, #4357 ) ;
#6993 = EDGE_LOOP ( 'NONE', ( #2338, #4995, #6728, #604 ) ) ;
#6994 = ADVANCED_FACE ( 'NONE', ( #4845 ), #7272, .T. ) ;
#6995 = COLOUR_RGB ( '',0.9254901960784314152, 0.9254901960784314152, 0.9254901960784314152 ) ;
#6996 = CARTESIAN_POINT ( 'NONE',  ( -0.004305029832269538156, 0.1313321401963997437, 0.8001000000000001444 ) ) ;
#6997 = CARTESIAN_POINT ( 'NONE',  ( 0.6918904344913632265, -1.152817900487475455, 0.8000000000000002665 ) ) ;
#6998 =( NAMED_UNIT ( * ) SI_UNIT ( $, .STERADIAN. ) SOLID_ANGLE_UNIT ( ) );
#6999 = CARTESIAN_POINT ( 'NONE',  ( 0.4403493480777669888, 0.2184239227049634413, 0.8001000000000000334 ) ) ;
#7000 = CARTESIAN_POINT ( 'NONE',  ( 0.5744741441616556532, -1.118540637334211496, 0.8001000000000000334 ) ) ;
#7001 = ORIENTED_EDGE ( 'NONE', *, *, #8241, .T. ) ;
#7002 = VECTOR ( 'NONE', #2735, 1000.000000000000000 ) ;
#7003 = DIRECTION ( 'NONE',  ( 0.000000000000000000, -1.000000000000000000, 0.000000000000000000 ) ) ;
#7004 = ADVANCED_FACE ( 'NONE', ( #7317 ), #3357, .T. ) ;
#7005 = PRESENTATION_LAYER_ASSIGNMENT (  '', '', ( #3526 ) ) ;
#7006 = DIRECTION ( 'NONE',  ( -0.000000000000000000, -0.000000000000000000, -1.000000000000000000 ) ) ;
#7007 = CARTESIAN_POINT ( 'NONE',  ( -0.3495921787950203585, 1.498629873436306603, 0.8000999999999999224 ) ) ;
#7008 = VECTOR ( 'NONE', #3395, 1000.000000000000000 ) ;
#7009 = CARTESIAN_POINT ( 'NONE',  ( -0.1643461189206243400, 0.2512784608364764249, 0.8001000000000000334 ) ) ;
#7010 = CARTESIAN_POINT ( 'NONE',  ( 0.7730987728120066738, -0.9907017256134654781, 0.8001000000000002554 ) ) ;
#7011 = SURFACE_STYLE_FILL_AREA ( #1870 ) ;
#7012 = PLANE ( 'NONE',  #2766 ) ;
#7013 = SURFACE_STYLE_USAGE ( .BOTH. , #888 ) ;
#7014 = EDGE_CURVE ( 'NONE', #1096, #1858, #448, .T. ) ;
#7015 = CARTESIAN_POINT ( 'NONE',  ( 0.2674889593226089657, 0.1363840756189511894, 0.8000999999999998114 ) ) ;
#7016 = ORIENTED_EDGE ( 'NONE', *, *, #4510, .T. ) ;
#7017 = MECHANICAL_DESIGN_GEOMETRIC_PRESENTATION_REPRESENTATION (  '', ( #35 ), #8740 ) ;
#7018 = CARTESIAN_POINT ( 'NONE',  ( 0.5895752147842530100, 1.995259506624890156, 0.8000999999999999224 ) ) ;
#7019 = CARTESIAN_POINT ( 'NONE',  ( -0.2566122633971950062, -0.1313107093147276860, 0.8000000000000001554 ) ) ;
#7020 = CARTESIAN_POINT ( 'NONE',  ( 0.6653846153846152411, -0.06147836539865887684, 0.8000000000000000444 ) ) ;
#7021 = SURFACE_STYLE_FILL_AREA ( #108 ) ;
#7022 = CARTESIAN_POINT ( 'NONE',  ( 4.849999999999997868, -1.000000000000000000, 2.699999999999997957 ) ) ;
#7023 =( NAMED_UNIT ( * ) SI_UNIT ( $, .STERADIAN. ) SOLID_ANGLE_UNIT ( ) );
#7024 = PRESENTATION_LAYER_ASSIGNMENT (  '', '', ( #1452 ) ) ;
#7025 = EDGE_LOOP ( 'NONE', ( #3579, #3085, #4590, #4553, #7918, #6464, #668 ) ) ;
#7026 = EDGE_CURVE ( 'NONE', #4074, #2236, #6480, .T. ) ;
#7027 = EDGE_LOOP ( 'NONE', ( #9672, #1111, #2202, #3954 ) ) ;
#7028 =( NAMED_UNIT ( * ) PLANE_ANGLE_UNIT ( ) SI_UNIT ( $, .RADIAN. ) );
#7029 = ORIENTED_EDGE ( 'NONE', *, *, #9116, .F. ) ;
#7030 = CARTESIAN_POINT ( 'NONE',  ( 0.03153180994288861533, -0.8526800934238119023, 0.8000999999999999224 ) ) ;
#7031 = CARTESIAN_POINT ( 'NONE',  ( 4.849999999999997868, 1.700000000000000178, 2.900000000000000355 ) ) ;
#7032 = PRESENTATION_LAYER_ASSIGNMENT (  '', '', ( #4339 ) ) ;
#7033 = FILL_AREA_STYLE ('',( #3114 ) ) ;
#7034 = SURFACE_STYLE_USAGE ( .BOTH. , #4014 ) ;
#7035 = CARTESIAN_POINT ( 'NONE',  ( -0.3780214831848045520, -0.07023061828719610877, 0.8000000000000002665 ) ) ;
#7036 = CARTESIAN_POINT ( 'NONE',  ( 0.6651244982515093218, -0.9114386529832174677, 0.8000000000000000444 ) ) ;
#7037 = CARTESIAN_POINT ( 'NONE',  ( 0.3603928721146316128, -0.6422584416153928055, 0.8000000000000000444 ) ) ;
#7038 = CARTESIAN_POINT ( 'NONE',  ( -1.599999999999999645, -0.3500000000000004774, 0.8000000000000000444 ) ) ;
#7039 = ORIENTED_EDGE ( 'NONE', *, *, #3293, .F. ) ;
#7040 = UNCERTAINTY_MEASURE_WITH_UNIT (LENGTH_MEASURE( 1.000000000000000082E-05 ), #3935, 'distance_accuracy_value', 'NONE');
#7041 = ORIENTED_EDGE ( 'NONE', *, *, #9267, .F. ) ;
#7042 = UNCERTAINTY_MEASURE_WITH_UNIT (LENGTH_MEASURE( 1.000000000000000082E-05 ), #788, 'distance_accuracy_value', 'NONE');
#7043 = CARTESIAN_POINT ( 'NONE',  ( 0.04837859165305017500, 0.06289110920249479930, 0.8001000000000000334 ) ) ;
#7044 = FACE_OUTER_BOUND ( 'NONE', #8819, .T. ) ;
#7045 = CARTESIAN_POINT ( 'NONE',  ( -0.2330285150422727047, 1.552563537951169748, 0.8000000000000000444 ) ) ;
#7046 = LINE ( 'NONE', #8575, #7745 ) ;
#7047 = ADVANCED_FACE ( 'NONE', ( #2539 ), #4900, .T. ) ;
#7048 = FILL_AREA_STYLE ('',( #3973 ) ) ;
#7049 = CARTESIAN_POINT ( 'NONE',  ( 0.4555384526022875913, 0.2180949874491500129, 0.8000000000000004885 ) ) ;
#7050 = DIRECTION ( 'NONE',  ( 0.000000000000000000, 0.000000000000000000, -1.000000000000000000 ) ) ;
#7051 = VERTEX_POINT ( 'NONE', #4950 ) ;
#7052 = UNCERTAINTY_MEASURE_WITH_UNIT (LENGTH_MEASURE( 1.000000000000000082E-05 ), #5750, 'distance_accuracy_value', 'NONE');
#7053 = VECTOR ( 'NONE', #4005, 1000.000000000000000 ) ;
#7054 = CARTESIAN_POINT ( 'NONE',  ( 4.849999999999997868, -1.000000000000000000, 2.900000000000000355 ) ) ;
#7055 = CARTESIAN_POINT ( 'NONE',  ( 0.6649713021914215316, -0.08843474809638107725, 0.8001000000000000334 ) ) ;
#7056 = CARTESIAN_POINT ( 'NONE',  ( -0.3500000000000002554, 1.441987179472162373, 0.8000000000000000444 ) ) ;
#7057 = VECTOR ( 'NONE', #586, 1000.000000000000000 ) ;
#7058 = DIRECTION ( 'NONE',  ( -0.000000000000000000, -0.000000000000000000, -1.000000000000000000 ) ) ;
#7059 = CARTESIAN_POINT ( 'NONE',  ( 0.5637449679198758279, -1.238960962933693066, 0.8001000000000001444 ) ) ;
#7060 = SURFACE_SIDE_STYLE ('',( #7011 ) ) ;
#7061 = FACE_OUTER_BOUND ( 'NONE', #2743, .T. ) ;
#7062 = STYLED_ITEM ( 'NONE', ( #318 ), #1688 ) ;
#7063 = CARTESIAN_POINT ( 'NONE',  ( 5.849999999999997868, -3.699999999999999289, 2.699999999999997957 ) ) ;
#7064 = VECTOR ( 'NONE', #5263, 1000.000000000000000 ) ;
#7065 = VERTEX_POINT ( 'NONE', #8015 ) ;
#7066 = DIRECTION ( 'NONE',  ( -0.000000000000000000, 1.000000000000000000, 0.000000000000000000 ) ) ;
#7067 = CARTESIAN_POINT ( 'NONE',  ( -0.09615384615384639511, -0.2891025641166076743, 0.8001000000000000334 ) ) ;
#7068 = EDGE_CURVE ( 'NONE', #5575, #3069, #5051, .T. ) ;
#7069 = CARTESIAN_POINT ( 'NONE',  ( 0.6016115367181085194, 0.2678381868505343988, 0.8001000000000001444 ) ) ;
#7070 = CARTESIAN_POINT ( 'NONE',  ( 0.7499999999999997780, 1.036538461539389555, 0.8000000000000000444 ) ) ;
#7071 = COLOUR_RGB ( '',0.9254901960784314152, 0.9254901960784314152, 0.9254901960784314152 ) ;
#7072 = CARTESIAN_POINT ( 'NONE',  ( 0.6220551116836910976, 1.705524371701040209, 0.8000000000000001554 ) ) ;
#7073 =( NAMED_UNIT ( * ) PLANE_ANGLE_UNIT ( ) SI_UNIT ( $, .RADIAN. ) );
#7074 = EDGE_LOOP ( 'NONE', ( #6317, #7519, #9754, #2816 ) ) ;
#7075 = ORIENTED_EDGE ( 'NONE', *, *, #1385, .F. ) ;
#7076 = CARTESIAN_POINT ( 'NONE',  ( 0.7779298812095691851, -0.07500079716130232665, 0.8000000000000001554 ) ) ;
#7077 = ORIENTED_EDGE ( 'NONE', *, *, #5961, .F. ) ;
#7078 = VECTOR ( 'NONE', #8328, 1000.000000000000000 ) ;
#7079 =( NAMED_UNIT ( * ) SI_UNIT ( $, .STERADIAN. ) SOLID_ANGLE_UNIT ( ) );
#7080 = LINE ( 'NONE', #3873, #2217 ) ;
#7081 = FILL_AREA_STYLE_COLOUR ( '', #6521 ) ;
#7082 = ADVANCED_FACE ( 'NONE', ( #4238 ), #5148, .T. ) ;
#7083 = CARTESIAN_POINT ( 'NONE',  ( 0.6371794871794869142, 1.444851762805495765, 0.8001000000000000334 ) ) ;
#7084 = CARTESIAN_POINT ( 'NONE',  ( 4.849999999999997868, -1.000000000000000000, 2.900000000000000355 ) ) ;
#7085 = SURFACE_STYLE_USAGE ( .BOTH. , #7739 ) ;
#7086 = DIRECTION ( 'NONE',  ( 0.7071067811865505703, -0.000000000000000000, -0.7071067811865444641 ) ) ;
#7087 = AXIS2_PLACEMENT_3D ( 'NONE', #1065, #2366, #1711 ) ;
#7088 = LINE ( 'NONE', #270, #6149 ) ;
#7089 = VERTEX_POINT ( 'NONE', #3595 ) ;
#7090 = ORIENTED_EDGE ( 'NONE', *, *, #1964, .T. ) ;
#7091 = VECTOR ( 'NONE', #9010, 1000.000000000000000 ) ;
#7092 = CARTESIAN_POINT ( 'NONE',  ( 0.08639789044328863299, -0.07963016029304972876, 0.8000000000000001554 ) ) ;
#7093 = CARTESIAN_POINT ( 'NONE',  ( 0.4679487179487177295, -1.262179487158764601, 0.8000000000000002665 ) ) ;
#7094 = SURFACE_STYLE_FILL_AREA ( #230 ) ;
#7095 =( NAMED_UNIT ( * ) PLANE_ANGLE_UNIT ( ) SI_UNIT ( $, .RADIAN. ) );
#7096 = FILL_AREA_STYLE_COLOUR ( '', #7552 ) ;
#7097 = DIRECTION ( 'NONE',  ( 1.000000000000000000, 0.000000000000000000, -0.000000000000000000 ) ) ;
#7098 = CARTESIAN_POINT ( 'NONE',  ( 5.849999999999997868, -3.699999999999999289, 2.900000000000000355 ) ) ;
#7099 = ORIENTED_EDGE ( 'NONE', *, *, #9377, .T. ) ;
#7100 = VERTEX_POINT ( 'NONE', #2228 ) ;
#7101 = EDGE_CURVE ( 'NONE', #3831, #4074, #4015, .T. ) ;
#7102 = CARTESIAN_POINT ( 'NONE',  ( 5.849999999999997868, -1.000000000000000000, 2.900000000000000355 ) ) ;
#7103 = VECTOR ( 'NONE', #9061, 1000.000000000000114 ) ;
#7104 = CARTESIAN_POINT ( 'NONE',  ( -0.3448741665984041971, 1.602468682267524702, 0.8000999999999998114 ) ) ;
#7105 = DIRECTION ( 'NONE',  ( -0.000000000000000000, -0.000000000000000000, -1.000000000000000000 ) ) ;
#7106 = FILL_AREA_STYLE_COLOUR ( '', #3762 ) ;
#7107 = CARTESIAN_POINT ( 'NONE',  ( -0.3782051282051285268, -0.06037660257814608106, 0.8001000000000000334 ) ) ;
#7108 = CARTESIAN_POINT ( 'NONE',  ( 0.1811320830766295631, -0.7529624040855977807, 0.8000999999999999224 ) ) ;
#7109 = FILL_AREA_STYLE ('',( #1083 ) ) ;
#7110 = PRESENTATION_STYLE_ASSIGNMENT (( #7770 ) ) ;
#7111 = VERTEX_POINT ( 'NONE', #8307 ) ;
#7112 = DIRECTION ( 'NONE',  ( -0.000000000000000000, -0.000000000000000000, -1.000000000000000000 ) ) ;
#7113 = CARTESIAN_POINT ( 'NONE',  ( 0.4679487179487177295, -1.262179487158764601, 0.8001000000000000334 ) ) ;
#7114 = B_SPLINE_CURVE_WITH_KNOTS ( 'NONE', 3,
 ( #5549, #931, #5451, #4638, #3987, #6241, #4789, #3296, #9218, #976, #2579, #7009, #7710, #6290, #4032 ),
 .UNSPECIFIED., .F., .F.,
 ( 4, 1, 1, 1, 1, 1, 1, 1, 1, 1, 1, 1, 4 ),
 ( 0.000000000000000000, 0.09025424934267661792, 0.1785397915286844328, 0.2660930338538198270, 0.3546309779571731879, 0.4418861533505625827, 0.5257469151636485760, 0.6081136336036366830, 0.6901972728278824576, 0.7708214843303350383, 0.8483261812554109271, 0.9240117400247431778, 0.9999999999999998890 ),
 .UNSPECIFIED. ) ;
#7115 = DIRECTION ( 'NONE',  ( -0.000000000000000000, 1.000000000000000000, -0.000000000000000000 ) ) ;
#7116 = FILL_AREA_STYLE ('',( #1037 ) ) ;
#7117 = CARTESIAN_POINT ( 'NONE',  ( -0.04357092428961714670, 2.073670287652228605, 0.8001000000000002554 ) ) ;
#7118 = SURFACE_SIDE_STYLE ('',( #1926 ) ) ;
#7119 = STYLED_ITEM ( 'NONE', ( #9699 ), #9747 ) ;
#7120 = CARTESIAN_POINT ( 'NONE',  ( -0.05801765711108779200, 0.2598161176051065335, 0.8000000000000000444 ) ) ;
#7121 = ORIENTED_EDGE ( 'NONE', *, *, #6881, .F. ) ;
#7122 = ORIENTED_EDGE ( 'NONE', *, *, #753, .F. ) ;
#7123 = STYLED_ITEM ( 'NONE', ( #6041 ), #4786 ) ;
#7124 = VERTEX_POINT ( 'NONE', #5249 ) ;
#7125 = EDGE_CURVE ( 'NONE', #9471, #1343, #1433, .T. ) ;
#7126 =( NAMED_UNIT ( * ) SI_UNIT ( $, .STERADIAN. ) SOLID_ANGLE_UNIT ( ) );
#7127 = CARTESIAN_POINT ( 'NONE',  ( 0.03667388999076894723, -0.8173907403538450689, 0.8000000000000005995 ) ) ;
#7128 = LINE ( 'NONE', #9378, #793 ) ;
#7129 = PLANE ( 'NONE',  #1262 ) ;
#7130 = DIRECTION ( 'NONE',  ( 0.000000000000000000, -1.000000000000000000, 0.000000000000000000 ) ) ;
#7131 = COLOUR_RGB ( '',0.9254901960784314152, 0.9254901960784314152, 0.9254901960784314152 ) ;
#7132 = VECTOR ( 'NONE', #7366, 1000.000000000000000 ) ;
#7133 = LINE ( 'NONE', #1005, #6427 ) ;
#7134 = CARTESIAN_POINT ( 'NONE',  ( -0.3782051282051285268, -0.06037660257814608106, 0.8001000000000000334 ) ) ;
#7135 =( NAMED_UNIT ( * ) PLANE_ANGLE_UNIT ( ) SI_UNIT ( $, .RADIAN. ) );
#7136 = CARTESIAN_POINT ( 'NONE',  ( 0.6091947115384613864, 1.759294871779854663, 0.8001000000000000334 ) ) ;
#7137 = VERTEX_POINT ( 'NONE', #2987 ) ;
#7138 = EDGE_LOOP ( 'NONE', ( #3378, #9201, #4317, #5794 ) ) ;
#7139 = UNCERTAINTY_MEASURE_WITH_UNIT (LENGTH_MEASURE( 1.000000000000000082E-05 ), #12, 'distance_accuracy_value', 'NONE');
#7140 = EDGE_CURVE ( 'NONE', #1461, #4893, #5891, .T. ) ;
#7141 = STYLED_ITEM ( 'NONE', ( #3380 ), #5766 ) ;
#7142 = FILL_AREA_STYLE_COLOUR ( '', #8100 ) ;
#7143 = FACE_OUTER_BOUND ( 'NONE', #5266, .T. ) ;
#7144 = CIRCLE ( 'NONE', #8706, 1.650000000000000355 ) ;
#7145 = SURFACE_SIDE_STYLE ('',( #1945 ) ) ;
#7146 = CARTESIAN_POINT ( 'NONE',  ( 5.849999999999997868, 1.700000000000000178, 2.699999999999997957 ) ) ;
#7147 = DIRECTION ( 'NONE',  ( -0.000000000000000000, 1.000000000000000000, 0.000000000000000000 ) ) ;
#7148 = CARTESIAN_POINT ( 'NONE',  ( -0.09615384615384639511, -0.2891025641166076743, 0.8000000000000000444 ) ) ;
#7149 = PRESENTATION_LAYER_ASSIGNMENT (  '', '', ( #5893 ) ) ;
#7150 = CARTESIAN_POINT ( 'NONE',  ( 0.6123604239357878232, 0.1219524945840674418, 0.8000000000000008216 ) ) ;
#7151 = ORIENTED_EDGE ( 'NONE', *, *, #6659, .F. ) ;
#7152 = UNCERTAINTY_MEASURE_WITH_UNIT (LENGTH_MEASURE( 1.000000000000000082E-05 ), #3824, 'distance_accuracy_value', 'NONE');
#7153 = ORIENTED_EDGE ( 'NONE', *, *, #1661, .F. ) ;
#7154 = CARTESIAN_POINT ( 'NONE',  ( -0.1878016509375189658, 0.1270215782754064437, 0.8000999999999999224 ) ) ;
#7155 = EDGE_CURVE ( 'NONE', #2764, #5329, #6035, .T. ) ;
#7156 = MECHANICAL_DESIGN_GEOMETRIC_PRESENTATION_REPRESENTATION (  '', ( #9180 ), #3821 ) ;
#7157 = VECTOR ( 'NONE', #8383, 1000.000000000000000 ) ;
#7158 = DIRECTION ( 'NONE',  ( -0.000000000000000000, -0.000000000000000000, -1.000000000000000000 ) ) ;
#7159 =( NAMED_UNIT ( * ) PLANE_ANGLE_UNIT ( ) SI_UNIT ( $, .RADIAN. ) );
#7160 = LINE ( 'NONE', #3442, #9203 ) ;
#7161 = CARTESIAN_POINT ( 'NONE',  ( 0.3201150768791090062, 0.3013133185857442276, 0.8000999999999999224 ) ) ;
#7162 = PRESENTATION_LAYER_ASSIGNMENT (  '', '', ( #326 ) ) ;
#7163 = DIRECTION ( 'NONE',  ( -0.000000000000000000, -0.000000000000000000, -1.000000000000000000 ) ) ;
#7164 = CARTESIAN_POINT ( 'NONE',  ( 0.7499999999999997780, 1.560757211523444488, 0.7999999999999999334 ) ) ;
#7165 = VERTEX_POINT ( 'NONE', #1379 ) ;
#7166 = LINE ( 'NONE', #7265, #932 ) ;
#7167 = MECHANICAL_DESIGN_GEOMETRIC_PRESENTATION_REPRESENTATION (  '', ( #1744 ), #4151 ) ;
#7168 = CARTESIAN_POINT ( 'NONE',  ( -0.2341228063235999968, 1.930141277488144125, 0.8000000000000000444 ) ) ;
#7169 = SURFACE_SIDE_STYLE ('',( #3454 ) ) ;
#7170 = CARTESIAN_POINT ( 'NONE',  ( 0.4326923076923074873, 0.2185897435757000740, 0.7999999999999998224 ) ) ;
#7171 =( LENGTH_UNIT ( ) NAMED_UNIT ( * ) SI_UNIT ( .MILLI., .METRE. ) );
#7172 = LINE ( 'NONE', #1238, #1479 ) ;
#7173 = CARTESIAN_POINT ( 'NONE',  ( 0.6510663551337245725, -0.1631953600982404551, 0.8000999999999998114 ) ) ;
#7174 = EDGE_CURVE ( 'NONE', #4009, #1774, #8259, .T. ) ;
#7175 = CARTESIAN_POINT ( 'NONE',  ( 0.6743237552826062409, -0.3276938164778557816, 0.8001000000000003665 ) ) ;
#7176 = ORIENTED_EDGE ( 'NONE', *, *, #9228, .F. ) ;
#7177 = ORIENTED_EDGE ( 'NONE', *, *, #2710, .T. ) ;
#7178 =( GEOMETRIC_REPRESENTATION_CONTEXT ( 3 ) GLOBAL_UNCERTAINTY_ASSIGNED_CONTEXT ( ( #2664 ) ) GLOBAL_UNIT_ASSIGNED_CONTEXT ( ( #3383, #3939, #9075 ) ) REPRESENTATION_CONTEXT ( 'NONE', 'WORKASPACE' ) );
#7179 = CARTESIAN_POINT ( 'NONE',  ( 0.7782051282051279939, -0.06324118591147942503, 0.8000000000000000444 ) ) ;
#7180 = ORIENTED_EDGE ( 'NONE', *, *, #8503, .T. ) ;
#7181 = CARTESIAN_POINT ( 'NONE',  ( 0.04412177394129183916, -0.7835335776195460067, 0.8000999999999998114 ) ) ;
#7182 = CARTESIAN_POINT ( 'NONE',  ( 0.4704031946172843592, -0.6526467475363433302, 0.8001000000000000334 ) ) ;
#7183 = AXIS2_PLACEMENT_3D ( 'NONE', #3842, #8660, #7668 ) ;
#7184 = PRESENTATION_STYLE_ASSIGNMENT (( #6546 ) ) ;
#7185 = CARTESIAN_POINT ( 'NONE',  ( 0.3864182692307689959, -0.6416666666459438506, 0.8000000000000000444 ) ) ;
#7186 = ADVANCED_FACE ( 'NONE', ( #8116 ), #4381, .T. ) ;
#7187 = PRESENTATION_STYLE_ASSIGNMENT (( #3474 ) ) ;
#7188 = FACE_OUTER_BOUND ( 'NONE', #2334, .T. ) ;
#7189 = ORIENTED_EDGE ( 'NONE', *, *, #8035, .T. ) ;
#7190 = ORIENTED_EDGE ( 'NONE', *, *, #3927, .F. ) ;
#7191 = CARTESIAN_POINT ( 'NONE',  ( 0.6406962153223748624, -1.032636359453745767, 0.8000000000000002665 ) ) ;
#7192 = SURFACE_STYLE_USAGE ( .BOTH. , #474 ) ;
#7193 =( NAMED_UNIT ( * ) PLANE_ANGLE_UNIT ( ) SI_UNIT ( $, .RADIAN. ) );
#7194 = CARTESIAN_POINT ( 'NONE',  ( 0.004251694674106962397, 1.980903837489871311, 0.7999999999999998224 ) ) ;
#7195 = ADVANCED_FACE ( 'NONE', ( #2938 ), #2838, .F. ) ;
#7196 = DIRECTION ( 'NONE',  ( -1.239088197126291458E-15, -1.000000000000000000, 0.000000000000000000 ) ) ;
#7197 = DIRECTION ( 'NONE',  ( 1.000000000000000000, 0.000000000000000000, 0.000000000000000000 ) ) ;
#7198 = CARTESIAN_POINT ( 'NONE',  ( 0.1947221722132282118, -0.7323786934899101375, 0.8000999999999998114 ) ) ;
#7199 = VERTEX_POINT ( 'NONE', #4874 ) ;
#7200 = ORIENTED_EDGE ( 'NONE', *, *, #1981, .F. ) ;
#7201 = CARTESIAN_POINT ( 'NONE',  ( -0.1100241287123329831, 0.1617986516705078870, 0.8000000000000005995 ) ) ;
#7202 = CARTESIAN_POINT ( 'NONE',  ( 0.4173760374542860863, -0.5435735264429535363, 0.8001000000000001444 ) ) ;
#7203 = CARTESIAN_POINT ( 'NONE',  ( -0.3203563814745485350, 1.760719340637038277, 0.8000000000000001554 ) ) ;
#7204 = CARTESIAN_POINT ( 'NONE',  ( 4.849999999999996980, -1.699999999999999734, 2.699999999999997957 ) ) ;
#7205 = CARTESIAN_POINT ( 'NONE',  ( 0.000000000000000000, 0.000000000000000000, 2.000000000000000000 ) ) ;
#7206 = EDGE_CURVE ( 'NONE', #3831, #3701, #835, .T. ) ;
#7207 = CARTESIAN_POINT ( 'NONE',  ( 0.4538461538461536771, -0.4301282051422487540, 0.8001000000000001444 ) ) ;
#7208 = EDGE_CURVE ( 'NONE', #7089, #3149, #1853, .T. ) ;
#7209 = COLOUR_RGB ( '',0.9254901960784314152, 0.9254901960784314152, 0.9254901960784314152 ) ;
#7210 = CARTESIAN_POINT ( 'NONE',  ( -0.05801765711108779200, 0.2598161176051065335, 0.8001000000000000334 ) ) ;
#7211 = CARTESIAN_POINT ( 'NONE',  ( 0.3429005966379709558, 0.1977030495335822535, 0.8000000000000007105 ) ) ;
#7212 = ORIENTED_EDGE ( 'NONE', *, *, #7785, .T. ) ;
#7213 = DIRECTION ( 'NONE',  ( -0.000000000000000000, -0.000000000000000000, -1.000000000000000000 ) ) ;
#7214 =( GEOMETRIC_REPRESENTATION_CONTEXT ( 3 ) GLOBAL_UNCERTAINTY_ASSIGNED_CONTEXT ( ( #4355 ) ) GLOBAL_UNIT_ASSIGNED_CONTEXT ( ( #825, #3131, #2472 ) ) REPRESENTATION_CONTEXT ( 'NONE', 'WORKASPACE' ) );
#7215 = CARTESIAN_POINT ( 'NONE',  ( -0.04357092428961714670, 2.073670287652228605, 0.8000000000000002665 ) ) ;
#7216 = CARTESIAN_POINT ( 'NONE',  ( 0.2136618589743587426, 2.023717948702931757, 0.8001000000000000334 ) ) ;
#7217 = CARTESIAN_POINT ( 'NONE',  ( 0.4693535902532929294, 0.3156181330915780459, 0.8000999999999999224 ) ) ;
#7218 = DIRECTION ( 'NONE',  ( -0.5773502691896257311, 0.5773502691896232886, 0.5773502691896282846 ) ) ;
#7219 = CARTESIAN_POINT ( 'NONE',  ( -0.08076238953945034937, 2.055712629764127275, 0.8000999999999998114 ) ) ;
#7220 = FACE_OUTER_BOUND ( 'NONE', #1042, .T. ) ;
#7221 = MECHANICAL_DESIGN_GEOMETRIC_PRESENTATION_REPRESENTATION (  '', ( #1650 ), #7701 ) ;
#7222 = CARTESIAN_POINT ( 'NONE',  ( 0.7779298812095691851, -0.07500079716130232665, 0.8001000000000001444 ) ) ;
#7223 = VECTOR ( 'NONE', #9639, 1000.000000000000000 ) ;
#7224 =( NAMED_UNIT ( * ) PLANE_ANGLE_UNIT ( ) SI_UNIT ( $, .RADIAN. ) );
#7225 = ORIENTED_EDGE ( 'NONE', *, *, #1050, .T. ) ;
#7226 = SURFACE_STYLE_FILL_AREA ( #3264 ) ;
#7227 = ORIENTED_EDGE ( 'NONE', *, *, #9413, .T. ) ;
#7228 = CARTESIAN_POINT ( 'NONE',  ( 5.849999999999997868, 4.400000000000000355, -3.100000000000000089 ) ) ;
#7229 = ADVANCED_FACE ( 'NONE', ( #5356 ), #4641, .T. ) ;
#7230 = PRESENTATION_LAYER_ASSIGNMENT (  '', '', ( #4368 ) ) ;
#7231 = CARTESIAN_POINT ( 'NONE',  ( -0.3500000000000002554, 3.046153846137475085, 0.8001000000000000334 ) ) ;
#7232 = VECTOR ( 'NONE', #4158, 1000.000000000000000 ) ;
#7233 = DIRECTION ( 'NONE',  ( -1.000000000000000000, -0.000000000000000000, 0.000000000000000000 ) ) ;
#7234 = DIRECTION ( 'NONE',  ( 0.000000000000000000, -1.000000000000000000, 0.000000000000000000 ) ) ;
#7235 = LINE ( 'NONE', #5713, #2942 ) ;
#7236 = VERTEX_POINT ( 'NONE', #6829 ) ;
#7237 = PRESENTATION_LAYER_ASSIGNMENT (  '', '', ( #6144 ) ) ;
#7238 = UNCERTAINTY_MEASURE_WITH_UNIT (LENGTH_MEASURE( 1.000000000000000082E-05 ), #6756, 'distance_accuracy_value', 'NONE');
#7239 = ORIENTED_EDGE ( 'NONE', *, *, #2858, .T. ) ;
#7240 = UNCERTAINTY_MEASURE_WITH_UNIT (LENGTH_MEASURE( 1.000000000000000082E-05 ), #6281, 'distance_accuracy_value', 'NONE');
#7241 =( NAMED_UNIT ( * ) SI_UNIT ( $, .STERADIAN. ) SOLID_ANGLE_UNIT ( ) );
#7242 = VECTOR ( 'NONE', #4396, 1000.000000000000000 ) ;
#7243 = CARTESIAN_POINT ( 'NONE',  ( 6.099999999999999645, -5.250000000000000000, -3.100000000000000089 ) ) ;
#7244 = PRESENTATION_STYLE_ASSIGNMENT (( #1306 ) ) ;
#7245 = CARTESIAN_POINT ( 'NONE',  ( 0.4538461538461536215, -0.3314102564242999427, 0.8001000000000000334 ) ) ;
#7246 = SURFACE_STYLE_FILL_AREA ( #4980 ) ;
#7247 = ORIENTED_EDGE ( 'NONE', *, *, #2117, .F. ) ;
#7248 = UNCERTAINTY_MEASURE_WITH_UNIT (LENGTH_MEASURE( 1.000000000000000082E-05 ), #1260, 'distance_accuracy_value', 'NONE');
#7249 = EDGE_LOOP ( 'NONE', ( #5170, #8239, #8171, #2221 ) ) ;
#7250 = UNCERTAINTY_MEASURE_WITH_UNIT (LENGTH_MEASURE( 1.000000000000000082E-05 ), #413, 'distance_accuracy_value', 'NONE');
#7251 = VECTOR ( 'NONE', #8662, 1000.000000000000227 ) ;
#7252 = DIRECTION ( 'NONE',  ( -0.000000000000000000, 1.000000000000000000, 0.000000000000000000 ) ) ;
#7253 = ADVANCED_FACE ( 'NONE', ( #2329 ), #7611, .T. ) ;
#7254 = LINE ( 'NONE', #9445, #1100 ) ;
#7255 = DIRECTION ( 'NONE',  ( 1.000000000000000000, 0.000000000000000000, 0.000000000000000000 ) ) ;
#7256 = DIRECTION ( 'NONE',  ( -0.7071067811865474617, 0.7071067811865474617, -0.000000000000000000 ) ) ;
#7257 = CARTESIAN_POINT ( 'NONE',  ( 4.849999999999996980, 3.700000000000000622, 2.699999999999997957 ) ) ;
#7258 = PLANE ( 'NONE',  #2656 ) ;
#7259 = PRESENTATION_LAYER_ASSIGNMENT (  '', '', ( #3610 ) ) ;
#7260 = CARTESIAN_POINT ( 'NONE',  ( 0.7782051282051279939, -0.06324118591147942503, 0.8001000000000000334 ) ) ;
#7261 = CARTESIAN_POINT ( 'NONE',  ( 0.1947221722132282118, -0.7323786934899101375, 0.8000999999999998114 ) ) ;
#7262 = CARTESIAN_POINT ( 'NONE',  ( 0.2044027747038919263, -0.05783369559343533306, 0.8000000000000002665 ) ) ;
#7263 = ORIENTED_EDGE ( 'NONE', *, *, #6056, .F. ) ;
#7264 = EDGE_CURVE ( 'NONE', #7735, #4852, #147, .T. ) ;
#7265 = CARTESIAN_POINT ( 'NONE',  ( -1.599999999999999645, 4.549999999999998934, 0.8001000000000000334 ) ) ;
#7266 = VECTOR ( 'NONE', #9676, 1000.000000000000000 ) ;
#7267 = EDGE_CURVE ( 'NONE', #339, #8654, #3696, .T. ) ;
#7268 = CARTESIAN_POINT ( 'NONE',  ( 5.849999999999997868, 1.700000000000000178, -8.799999999999997158 ) ) ;
#7269 = DIRECTION ( 'NONE',  ( -1.239088197126291458E-15, -1.000000000000000000, -0.000000000000000000 ) ) ;
#7270 = CARTESIAN_POINT ( 'NONE',  ( 0.2258624142429669357, 2.023513275508832976, 0.8000999999999999224 ) ) ;
#7271 = CARTESIAN_POINT ( 'NONE',  ( 0.03161396608777657796, -0.9195648700811930309, 0.8000999999999999224 ) ) ;
#7272 = PLANE ( 'NONE',  #3855 ) ;
#7273 = CARTESIAN_POINT ( 'NONE',  ( 5.050000000000001599, -6.257395395487774308E-15, 2.900000000000000355 ) ) ;
#7274 = CARTESIAN_POINT ( 'NONE',  ( 0.6201138987482283094, -0.2267925813053112416, 0.8000999999999998114 ) ) ;
#7275 = VECTOR ( 'NONE', #7546, 1000.000000000000000 ) ;
#7276 = CARTESIAN_POINT ( 'NONE',  ( 0.7155581675269803155, -0.2795588916390688294, 0.8001000000000000334 ) ) ;
#7277 = CARTESIAN_POINT ( 'NONE',  ( 0.6770911083194574021, 0.2088833512726212538, 0.8000000000000000444 ) ) ;
#7278 = ORIENTED_EDGE ( 'NONE', *, *, #6595, .F. ) ;
#7279 = EDGE_LOOP ( 'NONE', ( #4839, #2174, #1589, #2058 ) ) ;
#7280 = EDGE_CURVE ( 'NONE', #8939, #5445, #6413, .T. ) ;
#7281 = CARTESIAN_POINT ( 'NONE',  ( 5.849999999999997868, 4.400000000000000355, 2.900000000000000355 ) ) ;
#7282 = AXIS2_PLACEMENT_3D ( 'NONE', #5682, #4398, #1123 ) ;
#7283 = B_SPLINE_CURVE_WITH_KNOTS ( 'NONE', 3,
 ( #1912, #3536, #2771, #3629, #1128, #2670, #4269 ),
 .UNSPECIFIED., .F., .F.,
 ( 4, 1, 1, 1, 4 ),
 ( 0.000000000000000000, 0.2539158886230786782, 0.5038961297186511645, 0.7502553885301005421, 1.000000000000000000 ),
 .UNSPECIFIED. ) ;
#7284 = SURFACE_STYLE_FILL_AREA ( #8791 ) ;
#7285 = CARTESIAN_POINT ( 'NONE',  ( -5.750000000000000000, 4.099999999999999645, -0.8001000000000000334 ) ) ;
#7286 = STYLED_ITEM ( 'NONE', ( #6489 ), #4651 ) ;
#7287 = ORIENTED_EDGE ( 'NONE', *, *, #5921, .T. ) ;
#7288 = EDGE_LOOP ( 'NONE', ( #6295, #7504, #9150, #3781 ) ) ;
#7289 = VECTOR ( 'NONE', #4892, 1000.000000000000114 ) ;
#7290 = DIRECTION ( 'NONE',  ( 0.000000000000000000, 1.000000000000000000, 0.000000000000000000 ) ) ;
#7291 = MECHANICAL_DESIGN_GEOMETRIC_PRESENTATION_REPRESENTATION (  '', ( #3169 ), #4921 ) ;
#7292 = DIRECTION ( 'NONE',  ( 0.000000000000000000, -1.000000000000000000, 0.000000000000000000 ) ) ;
#7293 = CARTESIAN_POINT ( 'NONE',  ( 5.849999999999997868, 1.000000000000000444, -3.100000000000000089 ) ) ;
#7294 = LINE ( 'NONE', #4361, #7543 ) ;
#7295 = ADVANCED_FACE ( 'NONE', ( #6186 ), #2381, .T. ) ;
#7296 = ORIENTED_EDGE ( 'NONE', *, *, #2013, .T. ) ;
#7297 = STYLED_ITEM ( 'NONE', ( #5895 ), #5161 ) ;
#7298 = ORIENTED_EDGE ( 'NONE', *, *, #660, .T. ) ;
#7299 = CARTESIAN_POINT ( 'NONE',  ( 0.7499999999999997780, 2.446794871778500635, 0.8001000000000000334 ) ) ;
#7300 = FACE_OUTER_BOUND ( 'NONE', #123, .T. ) ;
#7301 = LINE ( 'NONE', #2722, #797 ) ;
#7302 = LINE ( 'NONE', #2773, #4762 ) ;
#7303 = VECTOR ( 'NONE', #5436, 1000.000000000000000 ) ;
#7304 = LINE ( 'NONE', #9502, #8530 ) ;
#7305 = CARTESIAN_POINT ( 'NONE',  ( 0.7532408294889345601, 0.08616932893205939137, 0.7999999999999998224 ) ) ;
#7306 = CARTESIAN_POINT ( 'NONE',  ( 0.1525627907582407516, -0.8234439785605359718, 0.8000999999999999224 ) ) ;
#7307 = EDGE_CURVE ( 'NONE', #8110, #1930, #885, .T. ) ;
#7308 = ORIENTED_EDGE ( 'NONE', *, *, #1606, .T. ) ;
#7309 = CARTESIAN_POINT ( 'NONE',  ( 4.849999999999996980, -1.699999999999999734, 2.900000000000000355 ) ) ;
#7310 = VECTOR ( 'NONE', #7925, 999.9999999999998863 ) ;
#7311 = CARTESIAN_POINT ( 'NONE',  ( 0.1384412315653575365, 2.019256362733779842, 0.7999999999999998224 ) ) ;
#7312 = VERTEX_POINT ( 'NONE', #8616 ) ;
#7313 = CARTESIAN_POINT ( 'NONE',  ( -0.2861763183436037417, -0.2902089775277817418, 0.8000000000000000444 ) ) ;
#7314 = PLANE ( 'NONE',  #6357 ) ;
#7315 = DIRECTION ( 'NONE',  ( 0.000000000000000000, 0.000000000000000000, 1.000000000000000000 ) ) ;
#7316 = CARTESIAN_POINT ( 'NONE',  ( -6.399999999999999467, 4.099999999999999645, 0.8000000000000000444 ) ) ;
#7317 = FACE_OUTER_BOUND ( 'NONE', #6947, .T. ) ;
#7318 = AXIS2_PLACEMENT_3D ( 'NONE', #4080, #2479, #1076 ) ;
#7319 = CARTESIAN_POINT ( 'NONE',  ( -0.3103365384615386358, 1.791025641010623781, 0.8000000000000001554 ) ) ;
#7320 = CARTESIAN_POINT ( 'NONE',  ( 0.5934638548232079591, -0.2594262095497628651, 0.8000000000000000444 ) ) ;
#7321 = ADVANCED_FACE ( 'NONE', ( #1805 ), #7890, .F. ) ;
#7322 = CARTESIAN_POINT ( 'NONE',  ( -0.09615384615384639511, -0.3878205128345563746, 0.8000000000000001554 ) ) ;
#7323 = LINE ( 'NONE', #8738, #9800 ) ;
#7324 = VERTEX_POINT ( 'NONE', #378 ) ;
#7325 = AXIS2_PLACEMENT_3D ( 'NONE', #942, #4041, #4144 ) ;
#7326 = ORIENTED_EDGE ( 'NONE', *, *, #298, .F. ) ;
#7327 = VECTOR ( 'NONE', #8996, 1000.000000000000000 ) ;
#7328 = LINE ( 'NONE', #5899, #7852 ) ;
#7329 = FILL_AREA_STYLE ('',( #8743 ) ) ;
#7330 = CARTESIAN_POINT ( 'NONE',  ( 0.3961986222054060813, -0.6419311059314015688, 0.8000999999999998114 ) ) ;
#7331 = CARTESIAN_POINT ( 'NONE',  ( 0.1506963675233245481, 0.1673992609995622327, 0.7999999999999997113 ) ) ;
#7332 = PRESENTATION_STYLE_ASSIGNMENT (( #3563 ) ) ;
#7333 = SURFACE_STYLE_USAGE ( .BOTH. , #5066 ) ;
#7334 = EDGE_CURVE ( 'NONE', #2510, #6935, #3481, .T. ) ;
#7335 = LINE ( 'NONE', #5067, #1508 ) ;
#7336 = ORIENTED_EDGE ( 'NONE', *, *, #9498, .F. ) ;
#7337 = VERTEX_POINT ( 'NONE', #7243 ) ;
#7338 = UNCERTAINTY_MEASURE_WITH_UNIT (LENGTH_MEASURE( 1.000000000000000082E-05 ), #8164, 'distance_accuracy_value', 'NONE');
#7339 = CARTESIAN_POINT ( 'NONE',  ( 0.6597107811623225126, -0.9781419945059427468, 0.8000000000000001554 ) ) ;
#7340 = CARTESIAN_POINT ( 'NONE',  ( 4.849999999999996980, 3.700000000000000622, 2.900000000000000355 ) ) ;
#7341 = CARTESIAN_POINT ( 'NONE',  ( -4.250000000000000000, 4.399999999999999467, 2.000000000000000000 ) ) ;
#7342 = DIRECTION ( 'NONE',  ( 0.000000000000000000, 0.000000000000000000, -1.000000000000000000 ) ) ;
#7343 = SURFACE_STYLE_USAGE ( .BOTH. , #2865 ) ;
#7344 = ORIENTED_EDGE ( 'NONE', *, *, #3519, .F. ) ;
#7345 = UNCERTAINTY_MEASURE_WITH_UNIT (LENGTH_MEASURE( 1.000000000000000082E-05 ), #9484, 'distance_accuracy_value', 'NONE');
#7346 = ORIENTED_EDGE ( 'NONE', *, *, #1680, .T. ) ;
#7347 = CARTESIAN_POINT ( 'NONE',  ( 0.5961624026485794481, 0.1418560220037874964, 0.8000999999999999224 ) ) ;
#7348 = EDGE_CURVE ( 'NONE', #8369, #4434, #8899, .T. ) ;
#7349 =( LENGTH_UNIT ( ) NAMED_UNIT ( * ) SI_UNIT ( .MILLI., .METRE. ) );
#7350 = STYLED_ITEM ( 'NONE', ( #5419 ), #7751 ) ;
#7351 = CARTESIAN_POINT ( 'NONE',  ( 0.4438221788518598165, -0.5456823219957279703, 0.8001000000000001444 ) ) ;
#7352 = CARTESIAN_POINT ( 'NONE',  ( -0.2371794871794874193, -0.9594150640818412956, 0.8001000000000000334 ) ) ;
#7353 = CARTESIAN_POINT ( 'NONE',  ( 0.4232171474358971675, 0.3173076922936488020, 0.8001000000000000334 ) ) ;
#7354 =( NAMED_UNIT ( * ) SI_UNIT ( $, .STERADIAN. ) SOLID_ANGLE_UNIT ( ) );
#7355 = B_SPLINE_CURVE_WITH_KNOTS ( 'NONE', 3,
 ( #4228, #5595, #4183, #436, #4941, #8629, #347, #1819, #4085, #5042, #7261, #7108, #4890, #3401, #7306, #3541, #9313, #9505, #8587 ),
 .UNSPECIFIED., .F., .F.,
 ( 4, 1, 1, 1, 1, 1, 1, 1, 1, 1, 1, 1, 1, 1, 1, 1, 4 ),
 ( 0.000000000000000000, 0.06535769722435472162, 0.1273889086071897658, 0.1883681164511442907, 0.2472296756523008898, 0.3056493723966349219, 0.3633319549722096586, 0.4226570474974937763, 0.4826892282940057899, 0.5433080127427423189, 0.6041316239172709324, 0.6649844397723432277, 0.7272324816792614666, 0.7914474737288118567, 0.8580417259885739778, 0.9270297638544174879, 1.000000000000000000 ),
 .UNSPECIFIED. ) ;
#7356 = ORIENTED_EDGE ( 'NONE', *, *, #3176, .F. ) ;
#7357 = FACE_OUTER_BOUND ( 'NONE', #564, .T. ) ;
#7358 = ORIENTED_EDGE ( 'NONE', *, *, #2956, .F. ) ;
#7359 = CARTESIAN_POINT ( 'NONE',  ( -5.750000000000000000, 1.499999999999999112, -0.8001000000000000334 ) ) ;
#7360 = DIRECTION ( 'NONE',  ( 1.000000000000000000, 0.000000000000000000, 0.000000000000000000 ) ) ;
#7361 = DIRECTION ( 'NONE',  ( 1.000000000000000000, 0.000000000000000000, 0.000000000000000000 ) ) ;
#7362 =( LENGTH_UNIT ( ) NAMED_UNIT ( * ) SI_UNIT ( .MILLI., .METRE. ) );
#7363 = CARTESIAN_POINT ( 'NONE',  ( 0.1435897435897433294, 2.505629006393885305, 0.8000000000000000444 ) ) ;
#7364 = DIRECTION ( 'NONE',  ( -0.000000000000000000, -0.000000000000000000, 1.000000000000000000 ) ) ;
#7365 = LINE ( 'NONE', #7414, #7370 ) ;
#7366 = DIRECTION ( 'NONE',  ( 0.000000000000000000, 0.000000000000000000, -1.000000000000000000 ) ) ;
#7367 = CARTESIAN_POINT ( 'NONE',  ( 0.5940151609636843411, -0.3845061293034905403, 0.8000000000000002665 ) ) ;
#7368 = CARTESIAN_POINT ( 'NONE',  ( 0.6413096428413780359, 0.2407517430984549844, 0.8000000000000000444 ) ) ;
#7369 = EDGE_LOOP ( 'NONE', ( #6444, #2473, #9442, #8505 ) ) ;
#7370 = VECTOR ( 'NONE', #4744, 1000.000000000000000 ) ;
#7371 = SURFACE_SIDE_STYLE ('',( #8125 ) ) ;
#7372 = ORIENTED_EDGE ( 'NONE', *, *, #1300, .F. ) ;
#7373 = CARTESIAN_POINT ( 'NONE',  ( 0.1078647983301111862, -0.6655659287699838833, 0.8001000000000000334 ) ) ;
#7374 = ADVANCED_FACE ( 'NONE', ( #3428 ), #8707, .T. ) ;
#7375 = CARTESIAN_POINT ( 'NONE',  ( 0.6371794871794869142, 1.036538461539389555, 0.8001000000000000334 ) ) ;
#7376 = CARTESIAN_POINT ( 'NONE',  ( -0.3500000000000002554, -2.200000000002190870, 0.8001000000000000334 ) ) ;
#7377 = CARTESIAN_POINT ( 'NONE',  ( -0.1288738516403140077, -0.3799177903025820480, 0.8001000000000003665 ) ) ;
#7378 = COLOUR_RGB ( '',0.9254901960784314152, 0.9254901960784314152, 0.9254901960784314152 ) ;
#7379 = CARTESIAN_POINT ( 'NONE',  ( 5.649999999999995026, 1.499999999999997780, -9.000000000000001776 ) ) ;
#7380 = FACE_OUTER_BOUND ( 'NONE', #1319, .T. ) ;
#7381 = ORIENTED_EDGE ( 'NONE', *, *, #8026, .T. ) ;
#7382 = CARTESIAN_POINT ( 'NONE',  ( -0.1267757594189378167, 0.1584753810993484724, 0.8000000000000001554 ) ) ;
#7383 = ORIENTED_EDGE ( 'NONE', *, *, #5973, .T. ) ;
#7384 = VECTOR ( 'NONE', #2085, 1000.000000000000000 ) ;
#7385 = MECHANICAL_DESIGN_GEOMETRIC_PRESENTATION_REPRESENTATION (  '', ( #6761 ), #8185 ) ;
#7386 = B_SPLINE_CURVE_WITH_KNOTS ( 'NONE', 3,
 ( #5655, #3459, #1830, #6579, #5790, #4902, #3409, #9419, #7320, #4288, #2790 ),
 .UNSPECIFIED., .F., .F.,
 ( 4, 1, 1, 1, 1, 1, 1, 1, 4 ),
 ( 0.000000000000000000, 0.1497703860319679892, 0.2913164099952441632, 0.4259663731047423907, 0.5521595739695280836, 0.6715274135235927977, 0.7861216286916589135, 0.8953250730704443994, 0.9999999999999998890 ),
 .UNSPECIFIED. ) ;
#7387 = EDGE_CURVE ( 'NONE', #938, #8864, #7673, .T. ) ;
#7388 = ADVANCED_FACE ( 'NONE', ( #1209 ), #7940, .T. ) ;
#7389 = CARTESIAN_POINT ( 'NONE',  ( 6.750000000000000000, 5.400000000000000355, 0.8000000000000000444 ) ) ;
#7390 = DIRECTION ( 'NONE',  ( -6.133173666733516274E-16, -0.7071067811865504593, -0.7071067811865446862 ) ) ;
#7391 = CARTESIAN_POINT ( 'NONE',  ( 0.03076923076923048297, -0.8891225961331233885, 0.8001000000000000334 ) ) ;
#7392 = DIRECTION ( 'NONE',  ( -0.000000000000000000, -0.000000000000000000, -1.000000000000000000 ) ) ;
#7393 = ORIENTED_EDGE ( 'NONE', *, *, #577, .F. ) ;
#7394 = ORIENTED_EDGE ( 'NONE', *, *, #9377, .F. ) ;
#7395 = VECTOR ( 'NONE', #5382, 1000.000000000000000 ) ;
#7396 = DIRECTION ( 'NONE',  ( -0.000000000000000000, -0.000000000000000000, -1.000000000000000000 ) ) ;
#7397 = CARTESIAN_POINT ( 'NONE',  ( -0.2371794871794874193, -0.5852564102356874187, 0.8001000000000000334 ) ) ;
#7398 = CARTESIAN_POINT ( 'NONE',  ( -5.750000000000000000, 4.099999999999999645, -0.8000000000000000444 ) ) ;
#7399 = CARTESIAN_POINT ( 'NONE',  ( 0.5940151609636843411, -0.3845061293034905403, 0.8000999999999999224 ) ) ;
#7400 = DIRECTION ( 'NONE',  ( -0.000000000000000000, 1.000000000000000000, -0.000000000000000000 ) ) ;
#7402 = CARTESIAN_POINT ( 'NONE',  ( 0.2277644230769228784, 0.2516426281910846829, 0.8001000000000000334 ) ) ;
#7401 = B_SPLINE_CURVE_WITH_KNOTS ( 'NONE', 3,
 ( #9719, #1931, #2897, #9569, #3601, #458, #5207 ),
 .UNSPECIFIED., .F., .F.,
 ( 4, 1, 1, 1, 4 ),
 ( 0.000000000000000000, 0.2750683690187434860, 0.5329014600899358856, 0.7739734595924445681, 1.000000000000000000 ),
 .UNSPECIFIED. ) ;
#7403 = EDGE_LOOP ( 'NONE', ( #5910, #2414, #6098, #1847 ) ) ;
#7404 = PRESENTATION_LAYER_ASSIGNMENT (  '', '', ( #570 ) ) ;
#7405 = SURFACE_STYLE_FILL_AREA ( #1873 ) ;
#7406 = EDGE_CURVE ( 'NONE', #3315, #2078, #1352, .T. ) ;
#7407 = CARTESIAN_POINT ( 'NONE',  ( 0.06889022435897415586, 2.446794871778500635, 0.8001000000000000334 ) ) ;
#7408 = ORIENTED_EDGE ( 'NONE', *, *, #2337, .T. ) ;
#7409 = DIRECTION ( 'NONE',  ( 0.000000000000000000, 0.000000000000000000, 1.000000000000000000 ) ) ;
#7410 = CARTESIAN_POINT ( 'NONE',  ( 0.4911733234257726344, 1.934977365502690283, 0.8000000000000002665 ) ) ;
#7411 = CARTESIAN_POINT ( 'NONE',  ( -0.2040813161223005157, -0.2208876419566686011, 0.7999999999999999334 ) ) ;
#7412 =( NAMED_UNIT ( * ) SI_UNIT ( $, .STERADIAN. ) SOLID_ANGLE_UNIT ( ) );
#7413 = FILL_AREA_STYLE ('',( #8874 ) ) ;
#7414 = CARTESIAN_POINT ( 'NONE',  ( -0.3500000000000002554, 1.219871794856777880, 0.8001000000000000334 ) ) ;
#7415 = DIRECTION ( 'NONE',  ( -0.6744544184908600748, 0.7383164886267647997, 0.000000000000000000 ) ) ;
#7416 = CARTESIAN_POINT ( 'NONE',  ( -0.3372684973484332827, -0.2228298193098869340, 0.8001000000000002554 ) ) ;
#7417 = EDGE_CURVE ( 'NONE', #8491, #1601, #3116, .T. ) ;
#7418 = ORIENTED_EDGE ( 'NONE', *, *, #8681, .T. ) ;
#7419 = VECTOR ( 'NONE', #1378, 1000.000000000000000 ) ;
#7420 = ORIENTED_EDGE ( 'NONE', *, *, #9463, .F. ) ;
#7421 =( NAMED_UNIT ( * ) SI_UNIT ( $, .STERADIAN. ) SOLID_ANGLE_UNIT ( ) );
#7422 = DIRECTION ( 'NONE',  ( -0.000000000000000000, -0.000000000000000000, -1.000000000000000000 ) ) ;
#7423 = CARTESIAN_POINT ( 'NONE',  ( 0.2136618589743587426, 2.023717948702931757, 0.8000000000000000444 ) ) ;
#7424 = COLOUR_RGB ( '',0.9254901960784314152, 0.9254901960784314152, 0.9254901960784314152 ) ;
#7425 = DIRECTION ( 'NONE',  ( 0.000000000000000000, 0.000000000000000000, 1.000000000000000000 ) ) ;
#7426 = CARTESIAN_POINT ( 'NONE',  ( 0.6460157366945253887, -0.8140284398351925743, 0.8000999999999999224 ) ) ;
#7427 = CARTESIAN_POINT ( 'NONE',  ( 6.750000000000000000, 5.400000000000000355, 0.8000000000000000444 ) ) ;
#7428 = EDGE_CURVE ( 'NONE', #5330, #7124, #3396, .T. ) ;
#7429 = ORIENTED_EDGE ( 'NONE', *, *, #8124, .F. ) ;
#7430 = AXIS2_PLACEMENT_3D ( 'NONE', #6377, #3343, #2574 ) ;
#7431 = CARTESIAN_POINT ( 'NONE',  ( 4.849999999999997868, -3.699999999999999289, 2.699999999999997957 ) ) ;
#7432 = ORIENTED_EDGE ( 'NONE', *, *, #5499, .F. ) ;
#7433 = UNCERTAINTY_MEASURE_WITH_UNIT (LENGTH_MEASURE( 1.000000000000000082E-05 ), #8988, 'distance_accuracy_value', 'NONE');
#7434 = DIRECTION ( 'NONE',  ( -0.000000000000000000, -0.000000000000000000, 1.000000000000000000 ) ) ;
#7435 = DIRECTION ( 'NONE',  ( 1.000000000000000000, 0.000000000000000000, 0.000000000000000000 ) ) ;
#7436 = CARTESIAN_POINT ( 'NONE',  ( -6.249999999999999112, 4.099999999999999645, 0.8001000000000000334 ) ) ;
#7437 = CARTESIAN_POINT ( 'NONE',  ( 0.5168669871794869808, -2.566666666668857566, 0.8001000000000000334 ) ) ;
#7438 = ADVANCED_FACE ( 'NONE', ( #4403 ), #1404, .T. ) ;
#7439 = ORIENTED_EDGE ( 'NONE', *, *, #4673, .F. ) ;
#7440 = UNCERTAINTY_MEASURE_WITH_UNIT (LENGTH_MEASURE( 1.000000000000000082E-05 ), #1577, 'distance_accuracy_value', 'NONE');
#7441 = VECTOR ( 'NONE', #1176, 1000.000000000000000 ) ;
#7442 = ORIENTED_EDGE ( 'NONE', *, *, #5441, .F. ) ;
#7443 = PRESENTATION_LAYER_ASSIGNMENT (  '', '', ( #1871 ) ) ;
#7444 = COLOUR_RGB ( '',0.9254901960784314152, 0.9254901960784314152, 0.9254901960784314152 ) ;
#7445 = CARTESIAN_POINT ( 'NONE',  ( 0.7782051282051279939, -0.06324118591147942503, 0.8001000000000000334 ) ) ;
#7446 = CARTESIAN_POINT ( 'NONE',  ( 4.849999999999996980, -4.399999999999999467, 1.200000000000002620 ) ) ;
#7447 = CARTESIAN_POINT ( 'NONE',  ( -0.2264347795606517499, 0.08345196720718088546, 0.7999999999999999334 ) ) ;
#7448 = CARTESIAN_POINT ( 'NONE',  ( 4.849999999999997868, 1.700000000000000178, 1.200000000000002620 ) ) ;
#7449 = CARTESIAN_POINT ( 'NONE',  ( 0.7049117894394835160, 1.842677868994676782, 0.7999999999999999334 ) ) ;
#7450 = AXIS2_PLACEMENT_3D ( 'NONE', #9669, #2894, #2742 ) ;
#7451 = CARTESIAN_POINT ( 'NONE',  ( -0.1286174993412500522, 0.2593309891503400855, 0.8001000000000000334 ) ) ;
#7452 = VECTOR ( 'NONE', #1909, 1000.000000000000000 ) ;
#7453 = LINE ( 'NONE', #9650, #855 ) ;
#7454 = EDGE_CURVE ( 'NONE', #8104, #1833, #620, .T. ) ;
#7455 = ORIENTED_EDGE ( 'NONE', *, *, #702, .T. ) ;
#7456 = DIRECTION ( 'NONE',  ( 1.239088197126291458E-15, 1.000000000000000000, 0.000000000000000000 ) ) ;
#7457 = VERTEX_POINT ( 'NONE', #5273 ) ;
#7458 = CARTESIAN_POINT ( 'NONE',  ( -0.3603824468381034984, -0.1726144966581374396, 0.8000000000000002665 ) ) ;
#7459 = CARTESIAN_POINT ( 'NONE',  ( 0.2191706730769228395, 2.446794871778500635, 0.8001000000000000334 ) ) ;
#7460 = DIRECTION ( 'NONE',  ( 1.000000000000000000, 0.000000000000000000, 0.000000000000000000 ) ) ;
#7461 = SURFACE_SIDE_STYLE ('',( #1285 ) ) ;
#7462 = STYLED_ITEM ( 'NONE', ( #7848 ), #8532 ) ;
#7463 = CARTESIAN_POINT ( 'NONE',  ( -5.100000000000000533, 1.499999999999999112, -0.8001000000000000334 ) ) ;
#7464 = DIRECTION ( 'NONE',  ( -0.000000000000000000, -0.000000000000000000, 1.000000000000000000 ) ) ;
#7465 = VECTOR ( 'NONE', #3883, 1000.000000000000000 ) ;
#7466 = FACE_OUTER_BOUND ( 'NONE', #6681, .T. ) ;
#7467 = B_SPLINE_CURVE_WITH_KNOTS ( 'NONE', 3,
 ( #237, #4831, #1716, #926, #2477, #4077, #4739, #6237, #7055, #1765, #6330 ),
 .UNSPECIFIED., .F., .F.,
 ( 4, 1, 1, 1, 1, 1, 1, 1, 4 ),
 ( 0.000000000000000000, 0.1182604269471046188, 0.2361558108840868808, 0.3556302211949985415, 0.4762494473041360421, 0.6001641196112292853, 0.7286330771605740164, 0.8613262312325872250, 1.000000000000000000 ),
 .UNSPECIFIED. ) ;
#7468 = ORIENTED_EDGE ( 'NONE', *, *, #6881, .T. ) ;
#7469 = SURFACE_SIDE_STYLE ('',( #2077 ) ) ;
#7470 = ORIENTED_EDGE ( 'NONE', *, *, #6731, .F. ) ;
#7471 = AXIS2_PLACEMENT_3D ( 'NONE', #3724, #531, #2921 ) ;
#7472 = CARTESIAN_POINT ( 'NONE',  ( 0.04412177394129183916, -0.7835335776195460067, 0.8000000000000000444 ) ) ;
#7473 = COLOUR_RGB ( '',0.9254901960784314152, 0.9254901960784314152, 0.9254901960784314152 ) ;
#7474 = ADVANCED_FACE ( 'NONE', ( #7535 ), #6726, .T. ) ;
#7475 = DIRECTION ( 'NONE',  ( 1.000000000000000000, 0.000000000000000000, 0.000000000000000000 ) ) ;
#7476 = CARTESIAN_POINT ( 'NONE',  ( -0.1890692403436971258, -0.3571330727226228463, 0.8001000000000002554 ) ) ;
#7477 = CARTESIAN_POINT ( 'NONE',  ( 0.6371015140333515792, 1.462994965038072026, 0.8000000000000000444 ) ) ;
#7478 = CARTESIAN_POINT ( 'NONE',  ( 0.6044934378117831075, -0.7444802281216694739, 0.8001000000000001444 ) ) ;
#7479 = VECTOR ( 'NONE', #6619, 1000.000000000000000 ) ;
#7480 = EDGE_LOOP ( 'NONE', ( #1786, #6715, #4712, #1357 ) ) ;
#7481 =( GEOMETRIC_REPRESENTATION_CONTEXT ( 3 ) GLOBAL_UNCERTAINTY_ASSIGNED_CONTEXT ( ( #3978 ) ) GLOBAL_UNIT_ASSIGNED_CONTEXT ( ( #5074, #9586, #3381 ) ) REPRESENTATION_CONTEXT ( 'NONE', 'WORKASPACE' ) );
#7482 = CARTESIAN_POINT ( 'NONE',  ( -0.1585553731656852983, 0.1467939877949832328, 0.8001000000000001444 ) ) ;
#7483 = ORIENTED_EDGE ( 'NONE', *, *, #5397, .F. ) ;
#7484 = VECTOR ( 'NONE', #1913, 1000.000000000000000 ) ;
#7485 = VECTOR ( 'NONE', #4597, 1000.000000000000000 ) ;
#7486 = CARTESIAN_POINT ( 'NONE',  ( 5.849999999999997868, -1.000000000000000000, 1.200000000000002620 ) ) ;
#7487 = DIRECTION ( 'NONE',  ( 0.3896399908366979803, -0.9209672510685589231, 0.000000000000000000 ) ) ;
#7488 = CARTESIAN_POINT ( 'NONE',  ( -0.3103365384615386358, 1.791025641010623781, 0.8001000000000000334 ) ) ;
#7489 = CARTESIAN_POINT ( 'NONE',  ( 0.6371794871794869142, 0.6134615384624666490, 0.8000000000000000444 ) ) ;
#7490 = EDGE_LOOP ( 'NONE', ( #8021, #2979, #6093, #3262 ) ) ;
#7491 = EDGE_LOOP ( 'NONE', ( #3486, #7530, #3759, #5562 ) ) ;
#7492 = COLOUR_RGB ( '',0.9254901960784314152, 0.9254901960784314152, 0.9254901960784314152 ) ;
#7493 = CARTESIAN_POINT ( 'NONE',  ( 0.3690363482485513047, 2.105395899595304599, 0.8001000000000001444 ) ) ;
#7494 = CARTESIAN_POINT ( 'NONE',  ( -0.3478883130078150310, 1.552565214062666454, 0.8001000000000001444 ) ) ;
#7495 = EDGE_CURVE ( 'NONE', #3892, #3907, #859, .T. ) ;
#7496 = CARTESIAN_POINT ( 'NONE',  ( 4.849999999999996980, 3.700000000000000622, -3.100000000000000089 ) ) ;
#7497 = DIRECTION ( 'NONE',  ( 1.000000000000000000, 0.000000000000000000, 0.000000000000000000 ) ) ;
#7498 = CARTESIAN_POINT ( 'NONE',  ( -0.2371794871794874193, -0.9594150640818412956, 0.8000000000000000444 ) ) ;
#7499 = CARTESIAN_POINT ( 'NONE',  ( 0.6362197766345875083, 1.950086255832611748, 0.7999999999999998224 ) ) ;
#7500 = CARTESIAN_POINT ( 'NONE',  ( 0.7776702535762992641, -0.04579827361379159439, 0.7999999999999997113 ) ) ;
#7501 = VERTEX_POINT ( 'NONE', #4862 ) ;
#7502 =( NAMED_UNIT ( * ) PLANE_ANGLE_UNIT ( ) SI_UNIT ( $, .RADIAN. ) );
#7503 = CARTESIAN_POINT ( 'NONE',  ( 5.849999999999997868, 1.700000000000000178, 2.900000000000000355 ) ) ;
#7504 = ORIENTED_EDGE ( 'NONE', *, *, #8482, .F. ) ;
#7505 = SURFACE_STYLE_USAGE ( .BOTH. , #8208 ) ;
#7506 = AXIS2_PLACEMENT_3D ( 'NONE', #3106, #6154, #9135 ) ;
#7507 = PLANE ( 'NONE',  #6053 ) ;
#7508 = EDGE_CURVE ( 'NONE', #1383, #3807, #5518, .T. ) ;
#7509 = CARTESIAN_POINT ( 'NONE',  ( 0.3864182692307689959, -0.6416666666459438506, 0.8001000000000000334 ) ) ;
#7510 = EDGE_CURVE ( 'NONE', #655, #4009, #6218, .T. ) ;
#7511 = CARTESIAN_POINT ( 'NONE',  ( -0.2163643518389606613, -0.2076634613785063033, 0.7999999999999998224 ) ) ;
#7512 = CARTESIAN_POINT ( 'NONE',  ( 0.6371015140333515792, 1.462994965038072026, 0.8000000000000000444 ) ) ;
#7513 = CARTESIAN_POINT ( 'NONE',  ( 4.449999999999999289, 4.400000000000000355, 0.8000000000000000444 ) ) ;
#7514 = DIRECTION ( 'NONE',  ( -0.5773502691896233996, -0.5773502691896245098, -0.5773502691896292838 ) ) ;
#7515 = LINE ( 'NONE', #8309, #2187 ) ;
#7516 = DIRECTION ( 'NONE',  ( 0.000000000000000000, 0.000000000000000000, 1.000000000000000000 ) ) ;
#7517 = ORIENTED_EDGE ( 'NONE', *, *, #2956, .T. ) ;
#7518 = EDGE_LOOP ( 'NONE', ( #6318, #212, #6376, #5623 ) ) ;
#7519 = ORIENTED_EDGE ( 'NONE', *, *, #2104, .F. ) ;
#7520 =( NAMED_UNIT ( * ) PLANE_ANGLE_UNIT ( ) SI_UNIT ( $, .RADIAN. ) );
#7521 = FILL_AREA_STYLE_COLOUR ( '', #3616 ) ;
#7522 = FILL_AREA_STYLE_COLOUR ( '', #7961 ) ;
#7523 = CARTESIAN_POINT ( 'NONE',  ( -0.08502919972484614120, 0.1617837862799661186, 0.7999999999999998224 ) ) ;
#7524 = CARTESIAN_POINT ( 'NONE',  ( 4.099999999999997868, -4.749999999999999112, -3.100000000000000089 ) ) ;
#7525 = STYLED_ITEM ( 'NONE', ( #6101 ), #914 ) ;
#7526 = ORIENTED_EDGE ( 'NONE', *, *, #1525, .F. ) ;
#7527 = VERTEX_POINT ( 'NONE', #6942 ) ;
#7528 = ORIENTED_EDGE ( 'NONE', *, *, #7068, .F. ) ;
#7529 = CARTESIAN_POINT ( 'NONE',  ( -0.2652043231611235785, -0.05126240016452250636, 0.8000000000000003775 ) ) ;
#7530 = ORIENTED_EDGE ( 'NONE', *, *, #2699, .F. ) ;
#7531 = ADVANCED_FACE ( 'NONE', ( #7788 ), #9197, .F. ) ;
#7532 = CARTESIAN_POINT ( 'NONE',  ( 0.6562620403597109187, 0.02625840663264973965, 0.8001000000000001444 ) ) ;
#7533 = MECHANICAL_DESIGN_GEOMETRIC_PRESENTATION_REPRESENTATION (  '', ( #1953 ), #8184 ) ;
#7534 = CARTESIAN_POINT ( 'NONE',  ( -2.299999999999999822, -2.500000000000000444, -0.8001000000000000334 ) ) ;
#7535 = FACE_OUTER_BOUND ( 'NONE', #7279, .T. ) ;
#7536 = CARTESIAN_POINT ( 'NONE',  ( 0.4623158437305830426, -0.3288383648287839245, 0.8000000000000002665 ) ) ;
#7537 = CARTESIAN_POINT ( 'NONE',  ( 5.849999999999997868, 1.700000000000000178, 2.699999999999997957 ) ) ;
#7538 = VERTEX_POINT ( 'NONE', #6269 ) ;
#7539 = ORIENTED_EDGE ( 'NONE', *, *, #2847, .T. ) ;
#7540 = UNCERTAINTY_MEASURE_WITH_UNIT (LENGTH_MEASURE( 1.000000000000000082E-05 ), #3241, 'distance_accuracy_value', 'NONE');
#7541 = SURFACE_STYLE_USAGE ( .BOTH. , #5230 ) ;
#7542 = CARTESIAN_POINT ( 'NONE',  ( 4.849999999999997868, -3.699999999999999289, 1.200000000000002620 ) ) ;
#7543 = VECTOR ( 'NONE', #9541, 1000.000000000000000 ) ;
#7544 = CARTESIAN_POINT ( 'NONE',  ( 0.1999999999999997613, -1.149358974338251738, 0.8001000000000000334 ) ) ;
#7545 = CARTESIAN_POINT ( 'NONE',  ( -0.3500000000000002554, -3.039102564104755100, 0.8000000000000000444 ) ) ;
#7546 = DIRECTION ( 'NONE',  ( 0.000000000000000000, -1.000000000000000000, 0.000000000000000000 ) ) ;
#7547 = DIRECTION ( 'NONE',  ( 0.000000000000000000, -1.000000000000000000, 0.000000000000000000 ) ) ;
#7548 = DIRECTION ( 'NONE',  ( 1.239088197126291458E-15, 1.000000000000000000, 0.000000000000000000 ) ) ;
#7549 = ORIENTED_EDGE ( 'NONE', *, *, #6270, .F. ) ;
#7550 = FACE_OUTER_BOUND ( 'NONE', #5523, .T. ) ;
#7551 = EDGE_CURVE ( 'NONE', #5611, #6911, #4063, .T. ) ;
#7552 = COLOUR_RGB ( '',0.2509803921568627416, 0.2509803921568627416, 0.2509803921568627416 ) ;
#7553 = SURFACE_STYLE_USAGE ( .BOTH. , #2273 ) ;
#7554 = ORIENTED_EDGE ( 'NONE', *, *, #7935, .F. ) ;
#7555 = SURFACE_SIDE_STYLE ('',( #1088 ) ) ;
#7556 = CARTESIAN_POINT ( 'NONE',  ( 5.849999999999997868, 4.400000000000000355, -8.799999999999997158 ) ) ;
#7557 = CARTESIAN_POINT ( 'NONE',  ( -0.09615384615384639511, -0.3878205128345563746, 0.8000000000000000444 ) ) ;
#7558 = DIRECTION ( 'NONE',  ( -0.000000000000000000, -0.000000000000000000, -1.000000000000000000 ) ) ;
#7559 = CARTESIAN_POINT ( 'NONE',  ( 0.6264943668329060467, 1.672617478880790820, 0.8001000000000001444 ) ) ;
#7560 = PRESENTATION_STYLE_ASSIGNMENT (( #547 ) ) ;
#7561 = VECTOR ( 'NONE', #8848, 1000.000000000000000 ) ;
#7562 = DIRECTION ( 'NONE',  ( -0.000000000000000000, -0.000000000000000000, 1.000000000000000000 ) ) ;
#7563 = EDGE_CURVE ( 'NONE', #426, #4387, #4350, .T. ) ;
#7564 = VERTEX_POINT ( 'NONE', #369 ) ;
#7565 = EDGE_CURVE ( 'NONE', #2854, #8474, #5854, .T. ) ;
#7566 = PLANE ( 'NONE',  #7601 ) ;
#7567 = EDGE_LOOP ( 'NONE', ( #6552, #2957, #8559, #4805 ) ) ;
#7568 = EDGE_LOOP ( 'NONE', ( #7077, #711, #9113, #8647 ) ) ;
#7569 = CARTESIAN_POINT ( 'NONE',  ( -0.3432711818739510590, 1.618193654687116512, 0.8000999999999999224 ) ) ;
#7570 = CARTESIAN_POINT ( 'NONE',  ( 0.3320745332614836731, 2.113266904162356852, 0.8001000000000000334 ) ) ;
#7571 = SURFACE_STYLE_USAGE ( .BOTH. , #5315 ) ;
#7572 = DIRECTION ( 'NONE',  ( 1.000000000000000000, -8.673617379884027583E-16, 0.000000000000000000 ) ) ;
#7573 = LINE ( 'NONE', #3803, #7825 ) ;
#7574 = CARTESIAN_POINT ( 'NONE',  ( -4.400000000000000355, -0.3500000000000004774, 0.8000000000000000444 ) ) ;
#7575 =( GEOMETRIC_REPRESENTATION_CONTEXT ( 3 ) GLOBAL_UNCERTAINTY_ASSIGNED_CONTEXT ( ( #7139 ) ) GLOBAL_UNIT_ASSIGNED_CONTEXT ( ( #12, #8316, #9182 ) ) REPRESENTATION_CONTEXT ( 'NONE', 'WORKASPACE' ) );
#7576 = ADVANCED_FACE ( 'NONE', ( #2750 ), #5118, .T. ) ;
#7577 = ORIENTED_EDGE ( 'NONE', *, *, #3635, .F. ) ;
#7578 = CARTESIAN_POINT ( 'NONE',  ( 5.849999999999997868, 4.400000000000000355, 1.200000000000002620 ) ) ;
#7579 = EDGE_LOOP ( 'NONE', ( #3943, #1526, #8544, #4252 ) ) ;
#7580 = LINE ( 'NONE', #3164, #5022 ) ;
#7581 = LINE ( 'NONE', #6009, #9042 ) ;
#7582 = CARTESIAN_POINT ( 'NONE',  ( -0.02479090086765797438, 0.2537398101426576735, 0.7999999999999996003 ) ) ;
#7583 = LINE ( 'NONE', #3620, #2633 ) ;
#7584 = CARTESIAN_POINT ( 'NONE',  ( 4.849999999999996980, -4.399999999999999467, 2.699999999999997957 ) ) ;
#7585 = LINE ( 'NONE', #7690, #5348 ) ;
#7586 = ORIENTED_EDGE ( 'NONE', *, *, #3861, .T. ) ;
#7587 = EDGE_LOOP ( 'NONE', ( #6631, #6055, #949, #6803 ) ) ;
#7588 = B_SPLINE_CURVE_WITH_KNOTS ( 'NONE', 3,
 ( #385, #8669, #5817, #5083, #7532, #8096, #1270, #4319, #1863, #7347, #530, #3580, #6608, #9596, #5869, #8855, #2193, #3392, #9091 ),
 .UNSPECIFIED., .F., .F.,
 ( 4, 1, 1, 1, 1, 1, 1, 1, 1, 1, 1, 1, 1, 1, 1, 1, 4 ),
 ( 0.000000000000000000, 0.07607173695556462834, 0.1487517145745115288, 0.2184027938458452112, 0.2857595810623857480, 0.3505980236748786893, 0.4149640445981282455, 0.4780693385717819099, 0.5417606760069074712, 0.6043498585387178101, 0.6640750210708966650, 0.7214636230801988459, 0.7775871282364450465, 0.8326444469271313542, 0.8878435110684599341, 0.9434603426519473368, 1.000000000000000000 ),
 .UNSPECIFIED. ) ;
#7589 = AXIS2_PLACEMENT_3D ( 'NONE', #1150, #6351, #7972 ) ;
#7590 = CARTESIAN_POINT ( 'NONE',  ( 0.4729081985521384479, 2.069565513423211378, 0.8000999999999999224 ) ) ;
#7591 = B_SPLINE_SURFACE_WITH_KNOTS ( 'NONE', 3, 1, ( 
 ( #1881, #7319 ),
 ( #2637, #449 ),
 ( #2019, #7966 ),
 ( #4901, #5700 ),
 ( #1925, #7866 ),
 ( #8016, #7914 ),
 ( #403, #8781 ),
 ( #9369, #6481 ),
 ( #4952, #1038 ),
 ( #6533, #1092 ),
 ( #7219, #5052 ),
 ( #7117, #3458 ),
 ( #2688, #3359 ),
 ( #9518, #5746 ),
 ( #2738, #5789 ),
 ( #5654, #8639 ),
 ( #357, #3408 ),
 ( #8065, #3698 ),
 ( #8261, #4484 ) ),
 .UNSPECIFIED., .F., .F., .F.,
 ( 4, 1, 1, 1, 1, 1, 1, 1, 1, 1, 1, 1, 1, 1, 1, 1, 4 ),
 ( 2, 2 ),
 ( 0.000000000000000000, 0.06154637403761334391, 0.1216970805153595458, 0.1811589999003400397, 0.2400768215924448390, 0.2986858982040886401, 0.3576327280133265174, 0.4175915188549994550, 0.4784821097525979172, 0.5403965361028114645, 0.6023358963502761787, 0.6649966639164283100, 0.7285530988228363647, 0.7936458211788806061, 0.8605310769033083229, 0.9292343416273773915, 1.000000000000000000 ),
 ( 0.000000000000000000, 1.000000000000000000 ),
 .UNSPECIFIED. ) ;
#7592 = PRESENTATION_STYLE_ASSIGNMENT (( #1413 ) ) ;
#7593 = CARTESIAN_POINT ( 'NONE',  ( -0.2653846153846156630, -0.05905448719353069420, 0.7999999999999999334 ) ) ;
#7594 = DIRECTION ( 'NONE',  ( 0.9796516281416205452, -0.2007054744631348309, 0.000000000000000000 ) ) ;
#7595 = EDGE_CURVE ( 'NONE', #6679, #5659, #8076, .T. ) ;
#7596 = CARTESIAN_POINT ( 'NONE',  ( 0.1574034558683796714, -0.6174967717801563838, 0.7999999999999998224 ) ) ;
#7597 =( GEOMETRIC_REPRESENTATION_CONTEXT ( 3 ) GLOBAL_UNCERTAINTY_ASSIGNED_CONTEXT ( ( #7644 ) ) GLOBAL_UNIT_ASSIGNED_CONTEXT ( ( #5392, #6171, #2364 ) ) REPRESENTATION_CONTEXT ( 'NONE', 'WORKASPACE' ) );
#7598 = FACE_OUTER_BOUND ( 'NONE', #1751, .T. ) ;
#7599 = DIRECTION ( 'NONE',  ( 1.000000000000000000, 0.000000000000000000, 0.000000000000000000 ) ) ;
#7600 = ORIENTED_EDGE ( 'NONE', *, *, #5278, .T. ) ;
#7601 = AXIS2_PLACEMENT_3D ( 'NONE', #6096, #3148, #2993 ) ;
#7602 = COLOUR_RGB ( '',0.9254901960784314152, 0.9254901960784314152, 0.9254901960784314152 ) ;
#7603 = EDGE_LOOP ( 'NONE', ( #6283, #3922 ) ) ;
#7604 = CARTESIAN_POINT ( 'NONE',  ( 0.5708249594957610640, 1.844378372313366876, 0.8000000000000003775 ) ) ;
#7605 = PRESENTATION_STYLE_ASSIGNMENT (( #8393 ) ) ;
#7606 = DIRECTION ( 'NONE',  ( -1.000000000000000000, 8.673617379884027583E-16, 0.000000000000000000 ) ) ;
#7607 = CARTESIAN_POINT ( 'NONE',  ( 0.4679487179487177295, -1.163461538440815568, 0.8000000000000000444 ) ) ;
#7608 = VECTOR ( 'NONE', #9456, 1000.000000000000000 ) ;
#7609 = PRESENTATION_LAYER_ASSIGNMENT (  '', '', ( #2025 ) ) ;
#7610 = CARTESIAN_POINT ( 'NONE',  ( 0.4232171474358971675, 0.3173076922936488020, 0.8001000000000000334 ) ) ;
#7611 = PLANE ( 'NONE',  #2888 ) ;
#7612 = SURFACE_STYLE_FILL_AREA ( #4585 ) ;
#7613 = SURFACE_STYLE_FILL_AREA ( #6921 ) ;
#7614 = LINE ( 'NONE', #8975, #6508 ) ;
#7615 = ORIENTED_EDGE ( 'NONE', *, *, #321, .F. ) ;
#7616 = PRESENTATION_LAYER_ASSIGNMENT (  '', '', ( #7141 ) ) ;
#7617 = LINE ( 'NONE', #3845, #2350 ) ;
#7618 = ORIENTED_EDGE ( 'NONE', *, *, #3560, .F. ) ;
#7619 = PLANE ( 'NONE',  #3968 ) ;
#7620 = ORIENTED_EDGE ( 'NONE', *, *, #5166, .F. ) ;
#7621 = CARTESIAN_POINT ( 'NONE',  ( -0.3500000000000002554, -2.094230769232960032, 0.8001000000000000334 ) ) ;
#7622 = ADVANCED_FACE ( 'NONE', ( #8132 ), #9531, .T. ) ;
#7623 = CARTESIAN_POINT ( 'NONE',  ( -5.750000000000000000, 4.099999999999999645, -0.8000000000000000444 ) ) ;
#7624 = DIRECTION ( 'NONE',  ( 0.5773502691896240657, 0.5773502691896240657, -0.5773502691896289507 ) ) ;
#7625 = VECTOR ( 'NONE', #2912, 1000.000000000000000 ) ;
#7626 = SURFACE_STYLE_USAGE ( .BOTH. , #8179 ) ;
#7627 = CARTESIAN_POINT ( 'NONE',  ( 0.5655514470437874586, -0.7044790943629617441, 0.8001000000000002554 ) ) ;
#7628 = VERTEX_POINT ( 'NONE', #2803 ) ;
#7629 = ORIENTED_EDGE ( 'NONE', *, *, #6195, .T. ) ;
#7630 = DIRECTION ( 'NONE',  ( -0.9209672510685589231, -0.3896399908366979248, 0.000000000000000000 ) ) ;
#7631 = VERTEX_POINT ( 'NONE', #9383 ) ;
#7632 = VECTOR ( 'NONE', #315, 1000.000000000000000 ) ;
#7633 = LINE ( 'NONE', #1605, #4047 ) ;
#7634 = SURFACE_STYLE_USAGE ( .BOTH. , #5377 ) ;
#7635 = ADVANCED_FACE ( 'NONE', ( #5016 ), #2603, .T. ) ;
#7636 = FACE_BOUND ( 'NONE', #9226, .T. ) ;
#7637 = COLOUR_RGB ( '',0.7921568627450980005, 0.7921568627450980005, 0.7921568627450980005 ) ;
#7638 = EDGE_CURVE ( 'NONE', #6014, #4373, #1446, .T. ) ;
#7639 = CARTESIAN_POINT ( 'NONE',  ( -0.08077714565663135504, 0.2605317358400293104, 0.8001000000000002554 ) ) ;
#7640 = AXIS2_PLACEMENT_3D ( 'NONE', #8049, #9645, #489 ) ;
#7641 = LINE ( 'NONE', #6896, #7395 ) ;
#7642 = CARTESIAN_POINT ( 'NONE',  ( -0.1643461189206243400, 0.2512784608364764249, 0.8000000000000000444 ) ) ;
#7643 = ORIENTED_EDGE ( 'NONE', *, *, #772, .T. ) ;
#7644 = UNCERTAINTY_MEASURE_WITH_UNIT (LENGTH_MEASURE( 1.000000000000000082E-05 ), #5392, 'distance_accuracy_value', 'NONE');
#7645 = VERTEX_POINT ( 'NONE', #8367 ) ;
#7646 = UNCERTAINTY_MEASURE_WITH_UNIT (LENGTH_MEASURE( 1.000000000000000082E-05 ), #2602, 'distance_accuracy_value', 'NONE');
#7647 = VECTOR ( 'NONE', #7606, 1000.000000000000000 ) ;
#7648 = STYLED_ITEM ( 'NONE', ( #8036 ), #6545 ) ;
#7649 = CARTESIAN_POINT ( 'NONE',  ( 0.01508928371298713308, 0.1131607311285875855, 0.8001000000000001444 ) ) ;
#7650 = PRESENTATION_STYLE_ASSIGNMENT (( #3268 ) ) ;
#7651 =( LENGTH_UNIT ( ) NAMED_UNIT ( * ) SI_UNIT ( .MILLI., .METRE. ) );
#7652 = CARTESIAN_POINT ( 'NONE',  ( -0.2063301282051284991, 1.733954326908059951, 0.8001000000000000334 ) ) ;
#7653 = CARTESIAN_POINT ( 'NONE',  ( -0.1819661202264915567, 1.798583203915284479, 0.8001000000000001444 ) ) ;
#7654 = CARTESIAN_POINT ( 'NONE',  ( 0.1855636206405941457, -0.5976768009406708826, 0.8000000000000002665 ) ) ;
#7655 = DIRECTION ( 'NONE',  ( 1.000000000000000000, 0.000000000000000000, 0.000000000000000000 ) ) ;
#7656 = DIRECTION ( 'NONE',  ( 0.000000000000000000, -1.000000000000000000, 0.000000000000000000 ) ) ;
#7657 = VERTEX_POINT ( 'NONE', #8180 ) ;
#7658 = AXIS2_PLACEMENT_3D ( 'NONE', #218, #5618, #8518 ) ;
#7659 = CARTESIAN_POINT ( 'NONE',  ( 0.03104469706966149836, -0.8990497536664622258, 0.8000999999999999224 ) ) ;
#7660 = CARTESIAN_POINT ( 'NONE',  ( 4.849999999999997868, -1.000000000000000000, 2.699999999999997957 ) ) ;
#7661 = VERTEX_POINT ( 'NONE', #8274 ) ;
#7662 = EDGE_CURVE ( 'NONE', #6956, #4907, #9679, .T. ) ;
#7663 = PLANE ( 'NONE',  #1584 ) ;
#7664 = PLANE ( 'NONE',  #7318 ) ;
#7665 = FACE_OUTER_BOUND ( 'NONE', #7074, .T. ) ;
#7666 = COLOUR_RGB ( '',1.000000000000000000, 1.000000000000000000, 1.000000000000000000 ) ;
#7667 = LINE ( 'NONE', #5355, #9446 ) ;
#7668 = DIRECTION ( 'NONE',  ( 0.000000000000000000, -0.000000000000000000, -1.000000000000000000 ) ) ;
#7669 = FILL_AREA_STYLE_COLOUR ( '', #6901 ) ;
#7670 = CARTESIAN_POINT ( 'NONE',  ( -3.950000000000000178, -2.500000000000000444, -0.8001000000000000334 ) ) ;
#7671 = CARTESIAN_POINT ( 'NONE',  ( -5.600000000000000533, -2.500000000000000444, -0.8001000000000000334 ) ) ;
#7672 = ORIENTED_EDGE ( 'NONE', *, *, #579, .F. ) ;
#7673 = CIRCLE ( 'NONE', #1622, 1.650000000000000355 ) ;
#7674 = EDGE_LOOP ( 'NONE', ( #626, #5598, #2172, #6765 ) ) ;
#7675 = PRESENTATION_STYLE_ASSIGNMENT (( #6194 ) ) ;
#7676 = ORIENTED_EDGE ( 'NONE', *, *, #1181, .T. ) ;
#7677 = CARTESIAN_POINT ( 'NONE',  ( 0.5895752147842530100, 1.995259506624890156, 0.8000000000000002665 ) ) ;
#7678 = CARTESIAN_POINT ( 'NONE',  ( 0.6905539622604964789, 1.872033328284488540, 0.8001000000000000334 ) ) ;
#7679 =( NAMED_UNIT ( * ) SI_UNIT ( $, .STERADIAN. ) SOLID_ANGLE_UNIT ( ) );
#7680 = ORIENTED_EDGE ( 'NONE', *, *, #5594, .T. ) ;
#7681 = CARTESIAN_POINT ( 'NONE',  ( -0.2456602722329259136, 0.04780944865818712031, 0.8000000000000001554 ) ) ;
#7682 = ORIENTED_EDGE ( 'NONE', *, *, #7428, .F. ) ;
#7683 = EDGE_CURVE ( 'NONE', #8202, #8269, #7573, .T. ) ;
#7684 = CARTESIAN_POINT ( 'NONE',  ( 0.7446661052550068716, -1.077690329620944576, 0.8000000000000001554 ) ) ;
#7685 = DIRECTION ( 'NONE',  ( -0.000000000000000000, -0.000000000000000000, 1.000000000000000000 ) ) ;
#7686 = DIRECTION ( 'NONE',  ( -0.000000000000000000, -0.000000000000000000, -1.000000000000000000 ) ) ;
#7687 =( LENGTH_UNIT ( ) NAMED_UNIT ( * ) SI_UNIT ( .MILLI., .METRE. ) );
#7688 = PLANE ( 'NONE',  #76 ) ;
#7689 = DIRECTION ( 'NONE',  ( 1.000000000000000000, 1.885568995626964287E-16, -0.000000000000000000 ) ) ;
#7690 = CARTESIAN_POINT ( 'NONE',  ( 5.616666666666661811, -4.166666666666665186, 2.933333333333331350 ) ) ;
#7691 = ORIENTED_EDGE ( 'NONE', *, *, #523, .F. ) ;
#7692 = EDGE_LOOP ( 'NONE', ( #1738, #4243, #7393, #2730 ) ) ;
#7693 = EDGE_CURVE ( 'NONE', #6442, #9509, #1546, .T. ) ;
#7694 = EDGE_CURVE ( 'NONE', #7564, #766, #5848, .T. ) ;
#7695 = STYLED_ITEM ( 'NONE', ( #9025 ), #1086 ) ;
#7696 = CARTESIAN_POINT ( 'NONE',  ( 0.5942827175109414162, -1.101005570149893309, 0.8000000000000003775 ) ) ;
#7697 = DIRECTION ( 'NONE',  ( -0.000000000000000000, -0.000000000000000000, -1.000000000000000000 ) ) ;
#7698 = DIRECTION ( 'NONE',  ( 0.000000000000000000, 0.000000000000000000, -1.000000000000000000 ) ) ;
#7699 = FACE_OUTER_BOUND ( 'NONE', #7743, .T. ) ;
#7700 = DIRECTION ( 'NONE',  ( -0.3895636164541940727, -0.9209995595737978658, 0.000000000000000000 ) ) ;
#7701 =( GEOMETRIC_REPRESENTATION_CONTEXT ( 3 ) GLOBAL_UNCERTAINTY_ASSIGNED_CONTEXT ( ( #4972 ) ) GLOBAL_UNIT_ASSIGNED_CONTEXT ( ( #1367, #4472, #5930 ) ) REPRESENTATION_CONTEXT ( 'NONE', 'WORKASPACE' ) );
#7702 = PRESENTATION_LAYER_ASSIGNMENT (  '', '', ( #8178 ) ) ;
#7703 = CARTESIAN_POINT ( 'NONE',  ( 0.6484322457597512246, 0.05246132615999590798, 0.8000000000000003775 ) ) ;
#7704 = ORIENTED_EDGE ( 'NONE', *, *, #5887, .T. ) ;
#7705 = DIRECTION ( 'NONE',  ( 0.000000000000000000, 0.000000000000000000, -1.000000000000000000 ) ) ;
#7706 = FILL_AREA_STYLE ('',( #9257 ) ) ;
#7707 = PRESENTATION_LAYER_ASSIGNMENT (  '', '', ( #6761 ) ) ;
#7708 = FILL_AREA_STYLE_COLOUR ( '', #8567 ) ;
#7709 = CARTESIAN_POINT ( 'NONE',  ( -0.3283355207383134577, 1.727262952868105161, 0.7999999999999999334 ) ) ;
#7710 = CARTESIAN_POINT ( 'NONE',  ( -0.1286174993412500522, 0.2593309891503400855, 0.8001000000000000334 ) ) ;
#7711 = CARTESIAN_POINT ( 'NONE',  ( 4.599999999999999645, 5.249999999999999112, -0.8000000000000000444 ) ) ;
#7712 = B_SPLINE_CURVE_WITH_KNOTS ( 'NONE', 3,
 ( #4195, #9461, #307, #6578, #8684, #2789, #3502, #4239, #8735, #2593, #1829, #4146, #506, #3551, #6438, #9562, #1973, #4287, #4094 ),
 .UNSPECIFIED., .F., .F.,
 ( 4, 1, 1, 1, 1, 1, 1, 1, 1, 1, 1, 1, 1, 1, 1, 1, 4 ),
 ( 0.000000000000000000, 0.06154637403761334391, 0.1216970805153595458, 0.1811589999003400397, 0.2400768215924448390, 0.2986858982040886401, 0.3576327280133265174, 0.4175915188549994550, 0.4784821097525979172, 0.5403965361028114645, 0.6023358963502761787, 0.6649966639164283100, 0.7285530988228363647, 0.7936458211788806061, 0.8605310769033083229, 0.9292343416273773915, 1.000000000000000000 ),
 .UNSPECIFIED. ) ;
#7713 = CARTESIAN_POINT ( 'NONE',  ( 0.3524958999370665369, -0.5437651548405421087, 0.8001000000000000334 ) ) ;
#7714 = CARTESIAN_POINT ( 'NONE',  ( -5.750000000000000000, 4.099999999999999645, -0.8001000000000000334 ) ) ;
#7715 = EDGE_CURVE ( 'NONE', #5445, #5575, #6736, .T. ) ;
#7716 = EDGE_CURVE ( 'NONE', #3017, #5586, #8151, .T. ) ;
#7717 = MECHANICAL_DESIGN_GEOMETRIC_PRESENTATION_REPRESENTATION (  '', ( #869 ), #2128 ) ;
#7718 = LINE ( 'NONE', #7903, #1999 ) ;
#7719 = FILL_AREA_STYLE_COLOUR ( '', #457 ) ;
#7720 = VERTEX_POINT ( 'NONE', #1396 ) ;
#7721 = DIRECTION ( 'NONE',  ( -0.000000000000000000, -0.000000000000000000, -1.000000000000000000 ) ) ;
#7722 = CARTESIAN_POINT ( 'NONE',  ( -0.1904310001143936781, -0.2338740880839119685, 0.8001000000000000334 ) ) ;
#7723 = VECTOR ( 'NONE', #7741, 1000.000000000000000 ) ;
#7724 =( NAMED_UNIT ( * ) PLANE_ANGLE_UNIT ( ) SI_UNIT ( $, .RADIAN. ) );
#7725 = CARTESIAN_POINT ( 'NONE',  ( 0.7496023854588728108, 1.608542956815052882, 0.8001000000000002554 ) ) ;
#7726 = LINE ( 'NONE', #7776, #5135 ) ;
#7727 = CARTESIAN_POINT ( 'NONE',  ( -5.600000000000000533, -2.500000000000000444, 0.8001000000000000334 ) ) ;
#7728 = PLANE ( 'NONE',  #9224 ) ;
#7729 = EDGE_CURVE ( 'NONE', #3531, #7892, #1781, .T. ) ;
#7730 = FILL_AREA_STYLE ('',( #1643 ) ) ;
#7731 = ORIENTED_EDGE ( 'NONE', *, *, #2685, .F. ) ;
#7732 = ORIENTED_EDGE ( 'NONE', *, *, #895, .T. ) ;
#7733 = VECTOR ( 'NONE', #2143, 1000.000000000000000 ) ;
#7734 = CARTESIAN_POINT ( 'NONE',  ( -0.2648496603684025175, -0.03593415531122109985, 0.8000000000000007105 ) ) ;
#7735 = VERTEX_POINT ( 'NONE', #993 ) ;
#7736 =( NAMED_UNIT ( * ) PLANE_ANGLE_UNIT ( ) SI_UNIT ( $, .RADIAN. ) );
#7737 = PRESENTATION_STYLE_ASSIGNMENT (( #1651 ) ) ;
#7738 = STYLED_ITEM ( 'NONE', ( #4742 ), #3137 ) ;
#7739 = SURFACE_SIDE_STYLE ('',( #6403 ) ) ;
#7740 = EDGE_CURVE ( 'NONE', #803, #5544, #2490, .T. ) ;
#7741 = DIRECTION ( 'NONE',  ( -0.000000000000000000, -0.000000000000000000, -1.000000000000000000 ) ) ;
#7742 = ORIENTED_EDGE ( 'NONE', *, *, #1898, .F. ) ;
#7743 = EDGE_LOOP ( 'NONE', ( #4647, #1474, #2754, #1950 ) ) ;
#7744 = UNCERTAINTY_MEASURE_WITH_UNIT (LENGTH_MEASURE( 1.000000000000000082E-05 ), #2705, 'distance_accuracy_value', 'NONE');
#7745 = VECTOR ( 'NONE', #1757, 1000.000000000000000 ) ;
#7746 = CARTESIAN_POINT ( 'NONE',  ( -0.04668653305728297925, 0.1550765531587768864, 0.8000000000000001554 ) ) ;
#7747 = PRESENTATION_STYLE_ASSIGNMENT (( #5486 ) ) ;
#7748 = LINE ( 'NONE', #5627, #2870 ) ;
#7749 = DIRECTION ( 'NONE',  ( 1.000000000000000000, 0.000000000000000000, 0.000000000000000000 ) ) ;
#7750 = DIRECTION ( 'NONE',  ( -1.000000000000000000, 3.469446951953613696E-16, -0.000000000000000000 ) ) ;
#7751 = ADVANCED_FACE ( 'NONE', ( #9321 ), #7728, .T. ) ;
#7752 = SURFACE_STYLE_USAGE ( .BOTH. , #4731 ) ;
#7753 = VECTOR ( 'NONE', #634, 1000.000000000000227 ) ;
#7754 = CARTESIAN_POINT ( 'NONE',  ( 0.5784299327659944145, 0.1597531815078331308, 0.8001000000000000334 ) ) ;
#7755 = CARTESIAN_POINT ( 'NONE',  ( 0.6406962153223748624, -1.032636359453745767, 0.8000999999999999224 ) ) ;
#7756 = ORIENTED_EDGE ( 'NONE', *, *, #7417, .T. ) ;
#7757 = UNCERTAINTY_MEASURE_WITH_UNIT (LENGTH_MEASURE( 1.000000000000000082E-05 ), #3936, 'distance_accuracy_value', 'NONE');
#7758 = CARTESIAN_POINT ( 'NONE',  ( 0.2191706730769228395, 2.446794871778500635, 0.8000000000000000444 ) ) ;
#7759 = FILL_AREA_STYLE_COLOUR ( '', #627 ) ;
#7760 = CARTESIAN_POINT ( 'NONE',  ( -0.3283355207383134577, 1.727262952868105161, 0.8000999999999999224 ) ) ;
#7761 =( LENGTH_UNIT ( ) NAMED_UNIT ( * ) SI_UNIT ( .MILLI., .METRE. ) );
#7762 = SURFACE_SIDE_STYLE ('',( #4481 ) ) ;
#7763 = EDGE_CURVE ( 'NONE', #104, #9055, #5607, .T. ) ;
#7764 = EDGE_CURVE ( 'NONE', #8251, #3278, #4756, .T. ) ;
#7765 =( GEOMETRIC_REPRESENTATION_CONTEXT ( 3 ) GLOBAL_UNCERTAINTY_ASSIGNED_CONTEXT ( ( #8534 ) ) GLOBAL_UNIT_ASSIGNED_CONTEXT ( ( #6539, #5009, #1195 ) ) REPRESENTATION_CONTEXT ( 'NONE', 'WORKASPACE' ) );
#7766 = CARTESIAN_POINT ( 'NONE',  ( 0.1729551691530094859, 0.1987717080289631011, 0.8000000000000000444 ) ) ;
#7767 = B_SPLINE_SURFACE_WITH_KNOTS ( 'NONE', 3, 1, ( 
 ( #7652, #4069 ),
 ( #5540, #6323 ),
 ( #4677, #3181 ),
 ( #4621, #2469 ),
 ( #8528, #6122 ),
 ( #4024, #1664 ),
 ( #130, #7045 ),
 ( #83, #6228 ),
 ( #967, #4822 ),
 ( #9108, #6952 ),
 ( #1014, #9207 ) ),
 .UNSPECIFIED., .F., .F., .F.,
 ( 4, 1, 1, 1, 1, 1, 1, 1, 4 ),
 ( 2, 2 ),
 ( 0.000000000000000000, 0.08431861695858196282, 0.1792845142139041503, 0.2865825276465607807, 0.4051114834342785520, 0.5355928734189739915, 0.6781902099934136174, 0.8329758397604883902, 1.000000000000000000 ),
 ( 0.000000000000000000, 1.000000000000000000 ),
 .UNSPECIFIED. ) ;
#7768 = PRESENTATION_STYLE_ASSIGNMENT (( #7013 ) ) ;
#7769 = VECTOR ( 'NONE', #2102, 999.9999999999998863 ) ;
#7770 = SURFACE_STYLE_USAGE ( .BOTH. , #1440 ) ;
#7771 = ORIENTED_EDGE ( 'NONE', *, *, #7206, .T. ) ;
#7772 = PRESENTATION_LAYER_ASSIGNMENT (  '', '', ( #1080 ) ) ;
#7773 = CARTESIAN_POINT ( 'NONE',  ( 0.7049117894394835160, 1.842677868994676782, 0.8000999999999999224 ) ) ;
#7774 = VECTOR ( 'NONE', #4997, 1000.000000000000000 ) ;
#7775 = CARTESIAN_POINT ( 'NONE',  ( 0.5784299327659944145, 0.1597531815078331308, 0.8000000000000000444 ) ) ;
#7776 = CARTESIAN_POINT ( 'NONE',  ( 4.849999999999996980, -1.699999999999999734, 1.200000000000002620 ) ) ;
#7777 = CARTESIAN_POINT ( 'NONE',  ( 0.7499999999999997780, -1.882692307684061150, 0.8000000000000000444 ) ) ;
#7778 = STYLED_ITEM ( 'NONE', ( #3997 ), #5462 ) ;
#7779 = ORIENTED_EDGE ( 'NONE', *, *, #4115, .F. ) ;
#7780 = VECTOR ( 'NONE', #8492, 1000.000000000000000 ) ;
#7781 = ORIENTED_EDGE ( 'NONE', *, *, #8006, .F. ) ;
#7782 = DIRECTION ( 'NONE',  ( -0.000000000000000000, -0.000000000000000000, 1.000000000000000000 ) ) ;
#7783 = ORIENTED_EDGE ( 'NONE', *, *, #3746, .F. ) ;
#7784 = CARTESIAN_POINT ( 'NONE',  ( 0.03102631604941990043, -0.8768368803104841236, 0.8000000000000003775 ) ) ;
#7785 = EDGE_CURVE ( 'NONE', #4725, #7457, #8553, .T. ) ;
#7786 =( GEOMETRIC_REPRESENTATION_CONTEXT ( 3 ) GLOBAL_UNCERTAINTY_ASSIGNED_CONTEXT ( ( #6561 ) ) GLOBAL_UNIT_ASSIGNED_CONTEXT ( ( #5059, #9432, #5072 ) ) REPRESENTATION_CONTEXT ( 'NONE', 'WORKASPACE' ) );
#7787 = DIRECTION ( 'NONE',  ( 0.000000000000000000, 0.000000000000000000, -1.000000000000000000 ) ) ;
#7788 = FACE_OUTER_BOUND ( 'NONE', #7792, .T. ) ;
#7789 = CARTESIAN_POINT ( 'NONE',  ( 0.7499999999999997780, -1.360897435889189655, 0.8001000000000000334 ) ) ;
#7790 = COLOUR_RGB ( '',0.9254901960784314152, 0.9254901960784314152, 0.9254901960784314152 ) ;
#7791 = DIRECTION ( 'NONE',  ( -1.000000000000000000, 0.000000000000000000, 0.000000000000000000 ) ) ;
#7792 = EDGE_LOOP ( 'NONE', ( #5106, #1578, #2285, #1940 ) ) ;
#7793 = ORIENTED_EDGE ( 'NONE', *, *, #9706, .F. ) ;
#7794 = MECHANICAL_DESIGN_GEOMETRIC_PRESENTATION_REPRESENTATION (  '', ( #3669 ), #8112 ) ;
#7795 = CARTESIAN_POINT ( 'NONE',  ( 0.08717948717948691140, -0.1198717948858383786, 0.8000000000000001554 ) ) ;
#7796 = DIRECTION ( 'NONE',  ( 1.000000000000000000, 0.000000000000000000, 0.000000000000000000 ) ) ;
#7797 = DIRECTION ( 'NONE',  ( -0.7071067811865444641, -0.000000000000000000, -0.7071067811865505703 ) ) ;
#7798 = SURFACE_SIDE_STYLE ('',( #5584 ) ) ;
#7799 = ORIENTED_EDGE ( 'NONE', *, *, #8415, .F. ) ;
#7800 = VECTOR ( 'NONE', #4530, 1000.000000000000000 ) ;
#7801 =( NAMED_UNIT ( * ) SI_UNIT ( $, .STERADIAN. ) SOLID_ANGLE_UNIT ( ) );
#7802 = AXIS2_PLACEMENT_3D ( 'NONE', #6746, #1556, #6060 ) ;
#7803 = ADVANCED_FACE ( 'NONE', ( #7867 ), #6304, .T. ) ;
#7804 = FILL_AREA_STYLE_COLOUR ( '', #9346 ) ;
#7805 = FILL_AREA_STYLE ('',( #5504 ) ) ;
#7806 = PRESENTATION_LAYER_ASSIGNMENT (  '', '', ( #1283 ) ) ;
#7807 = PRESENTATION_STYLE_ASSIGNMENT (( #836 ) ) ;
#7808 = DIRECTION ( 'NONE',  ( 0.000000000000000000, -0.000000000000000000, 1.000000000000000000 ) ) ;
#7809 = CARTESIAN_POINT ( 'NONE',  ( 0.2212136069781613368, 0.04138527029665178131, 0.8001000000000000334 ) ) ;
#7810 = ORIENTED_EDGE ( 'NONE', *, *, #6930, .T. ) ;
#7811 = EDGE_CURVE ( 'NONE', #8665, #1987, #2517, .T. ) ;
#7812 = CARTESIAN_POINT ( 'NONE',  ( 0.1955195471571517796, -1.137707540152229635, 0.8000000000000001554 ) ) ;
#7813 = ADVANCED_FACE ( 'NONE', ( #1882 ), #3073, .T. ) ;
#7814 = VECTOR ( 'NONE', #6622, 1000.000000000000000 ) ;
#7815 = CARTESIAN_POINT ( 'NONE',  ( 0.7421666843823886417, 1.697683290822443514, 0.8000999999999997003 ) ) ;
#7816 = DIRECTION ( 'NONE',  ( -1.000000000000000000, 0.000000000000000000, 0.000000000000000000 ) ) ;
#7817 =( LENGTH_UNIT ( ) NAMED_UNIT ( * ) SI_UNIT ( .MILLI., .METRE. ) );
#7818 = LINE ( 'NONE', #7070, #6079 ) ;
#7819 = ORIENTED_EDGE ( 'NONE', *, *, #7897, .F. ) ;
#7820 = ORIENTED_EDGE ( 'NONE', *, *, #2452, .F. ) ;
#7821 = CARTESIAN_POINT ( 'NONE',  ( 0.5940151609636843411, -0.3845061293034905403, 0.7999999999999999334 ) ) ;
#7822 = EDGE_LOOP ( 'NONE', ( #4363, #1171, #9080, #7326 ) ) ;
#7823 = CARTESIAN_POINT ( 'NONE',  ( -0.09284855769230800082, 0.1621794871654436421, 0.8000000000000000444 ) ) ;
#7824 = CARTESIAN_POINT ( 'NONE',  ( 4.849999999999996980, -4.399999999999999467, 2.699999999999997957 ) ) ;
#7825 = VECTOR ( 'NONE', #4497, 1000.000000000000000 ) ;
#7826 =( NAMED_UNIT ( * ) PLANE_ANGLE_UNIT ( ) SI_UNIT ( $, .RADIAN. ) );
#7827 = CYLINDRICAL_SURFACE ( 'NONE', #6698, 1.500000000000000000 ) ;
#7828 = CARTESIAN_POINT ( 'NONE',  ( 0.6044934378117831075, -0.7444802281216694739, 0.8000000000000001554 ) ) ;
#7829 = DIRECTION ( 'NONE',  ( -0.000000000000000000, -0.000000000000000000, -1.000000000000000000 ) ) ;
#7830 = EDGE_CURVE ( 'NONE', #1986, #7527, #7386, .T. ) ;
#7831 = ORIENTED_EDGE ( 'NONE', *, *, #3476, .T. ) ;
#7832 = ORIENTED_EDGE ( 'NONE', *, *, #3774, .F. ) ;
#7833 = UNCERTAINTY_MEASURE_WITH_UNIT (LENGTH_MEASURE( 1.000000000000000082E-05 ), #1108, 'distance_accuracy_value', 'NONE');
#7834 = DIRECTION ( 'NONE',  ( 8.031127203596329369E-17, -1.000000000000000000, 0.000000000000000000 ) ) ;
#7835 = CARTESIAN_POINT ( 'NONE',  ( 0.5637449679198758279, -1.238960962933693066, 0.8000000000000003775 ) ) ;
#7836 = FILL_AREA_STYLE_COLOUR ( '', #2515 ) ;
#7837 = CARTESIAN_POINT ( 'NONE',  ( 0.1384412315653575365, 2.019256362733779842, 0.8000999999999998114 ) ) ;
#7838 =( NAMED_UNIT ( * ) PLANE_ANGLE_UNIT ( ) SI_UNIT ( $, .RADIAN. ) );
#7839 = CARTESIAN_POINT ( 'NONE',  ( 0.5405997068568011432, 0.1889076364200890090, 0.8000000000000005995 ) ) ;
#7840 =( NAMED_UNIT ( * ) PLANE_ANGLE_UNIT ( ) SI_UNIT ( $, .RADIAN. ) );
#7841 = EDGE_CURVE ( 'NONE', #7985, #2096, #3503, .T. ) ;
#7842 = ORIENTED_EDGE ( 'NONE', *, *, #8163, .T. ) ;
#7843 = UNCERTAINTY_MEASURE_WITH_UNIT (LENGTH_MEASURE( 1.000000000000000082E-05 ), #6080, 'distance_accuracy_value', 'NONE');
#7844 = MECHANICAL_DESIGN_GEOMETRIC_PRESENTATION_REPRESENTATION (  '', ( #7695 ), #1004 ) ;
#7845 = ORIENTED_EDGE ( 'NONE', *, *, #6258, .F. ) ;
#7846 = CARTESIAN_POINT ( 'NONE',  ( 6.599999999999997868, 5.250000000000000000, -3.100000000000000089 ) ) ;
#7847 = CARTESIAN_POINT ( 'NONE',  ( 4.849999999999997868, 4.400000000000000355, 1.200000000000002620 ) ) ;
#7848 = PRESENTATION_STYLE_ASSIGNMENT (( #3882 ) ) ;
#7849 =( NAMED_UNIT ( * ) PLANE_ANGLE_UNIT ( ) SI_UNIT ( $, .RADIAN. ) );
#7850 = VECTOR ( 'NONE', #1067, 1000.000000000000000 ) ;
#7851 = CARTESIAN_POINT ( 'NONE',  ( 6.249999999999996447, 2.099999999999999645, 0.8000000000000000444 ) ) ;
#7852 = VECTOR ( 'NONE', #5159, 1000.000000000000000 ) ;
#7853 = DIRECTION ( 'NONE',  ( 1.000000000000000000, 0.000000000000000000, -0.000000000000000000 ) ) ;
#7854 = EDGE_CURVE ( 'NONE', #6843, #755, #358, .T. ) ;
#7855 = CARTESIAN_POINT ( 'NONE',  ( 5.849999999999997868, -3.699999999999999289, -8.799999999999997158 ) ) ;
#7856 = VECTOR ( 'NONE', #7829, 1000.000000000000000 ) ;
#7857 = CARTESIAN_POINT ( 'NONE',  ( 0.000000000000000000, 0.000000000000000000, -3.100000000000000089 ) ) ;
#7858 = AXIS2_PLACEMENT_3D ( 'NONE', #5477, #2503, #8564 ) ;
#7859 = ORIENTED_EDGE ( 'NONE', *, *, #3271, .F. ) ;
#7860 = CARTESIAN_POINT ( 'NONE',  ( 0.1752625089553526971, -1.081403257267133933, 0.8001000000000000334 ) ) ;
#7861 = CARTESIAN_POINT ( 'NONE',  ( 0.6744986437564117754, 1.899509615310410293, 0.8001000000000001444 ) ) ;
#7862 = SURFACE_SIDE_STYLE ('',( #1779 ) ) ;
#7863 = DIRECTION ( 'NONE',  ( 1.000000000000000000, 0.000000000000000000, 0.000000000000000000 ) ) ;
#7864 = DIRECTION ( 'NONE',  ( -0.6743193281498541802, 0.7384398714069611014, 0.000000000000000000 ) ) ;
#7865 = COLOUR_RGB ( '',0.9254901960784314152, 0.9254901960784314152, 0.9254901960784314152 ) ;
#7866 = CARTESIAN_POINT ( 'NONE',  ( -0.2573546918308818321, 1.898565306069535552, 0.8000000000000001554 ) ) ;
#7867 = FACE_OUTER_BOUND ( 'NONE', #2424, .T. ) ;
#7868 = CARTESIAN_POINT ( 'NONE',  ( 0.4438221788518598165, -0.5456823219957279703, 0.8000000000000001554 ) ) ;
#7869 = EDGE_CURVE ( 'NONE', #3059, #3797, #1145, .T. ) ;
#7870 = LINE ( 'NONE', #5328, #6449 ) ;
#7871 = ORIENTED_EDGE ( 'NONE', *, *, #4376, .F. ) ;
#7872 = ORIENTED_EDGE ( 'NONE', *, *, #7155, .F. ) ;
#7873 =( NAMED_UNIT ( * ) PLANE_ANGLE_UNIT ( ) SI_UNIT ( $, .RADIAN. ) );
#7874 = EDGE_LOOP ( 'NONE', ( #8333, #9481, #1194, #3121 ) ) ;
#7875 = VECTOR ( 'NONE', #3066, 1000.000000000000000 ) ;
#7876 = FACE_OUTER_BOUND ( 'NONE', #201, .T. ) ;
#7877 = DIRECTION ( 'NONE',  ( 1.000000000000000000, 0.000000000000000000, 0.000000000000000000 ) ) ;
#7878 = CARTESIAN_POINT ( 'NONE',  ( 4.849999999999997868, -3.699999999999999289, 1.200000000000002620 ) ) ;
#7879 = B_SPLINE_CURVE_WITH_KNOTS ( 'NONE', 3,
 ( #7179, #7076, #3464, #260, #4759, #5613, #4807, #9469, #8601, #3316, #5660, #2694, #1045, #7821, #6394, #7920, #998, #2598, #8646 ),
 .UNSPECIFIED., .F., .F.,
 ( 4, 1, 1, 1, 1, 1, 1, 1, 1, 1, 1, 1, 1, 1, 1, 1, 4 ),
 ( 0.000000000000000000, 0.06553772472239244307, 0.1289563879612311004, 0.1903671277264783190, 0.2499654671000665351, 0.3085687536915745488, 0.3664152430357363044, 0.4245564125025184654, 0.4831811374914383173, 0.5422514353065656101, 0.6017442596855532289, 0.6625077153077685299, 0.7244995565544738447, 0.7891389152034050669, 0.8563539520018305096, 0.9262991097764977644, 1.000000000000000000 ),
 .UNSPECIFIED. ) ;
#7880 = DIRECTION ( 'NONE',  ( -0.000000000000000000, -0.000000000000000000, -1.000000000000000000 ) ) ;
#7881 = ADVANCED_FACE ( 'NONE', ( #7220 ), #6482, .T. ) ;
#7882 = AXIS2_PLACEMENT_3D ( 'NONE', #8091, #4313, #4926 ) ;
#7883 = LINE ( 'NONE', #1795, #9742 ) ;
#7884 = ORIENTED_EDGE ( 'NONE', *, *, #4454, .T. ) ;
#7885 = EDGE_LOOP ( 'NONE', ( #638, #312 ) ) ;
#7886 = AXIS2_PLACEMENT_3D ( 'NONE', #5200, #8211, #1481 ) ;
#7887 =( NAMED_UNIT ( * ) SI_UNIT ( $, .STERADIAN. ) SOLID_ANGLE_UNIT ( ) );
#7888 = CARTESIAN_POINT ( 'NONE',  ( 0.7730987728120066738, -0.9907017256134654781, 0.8001000000000002554 ) ) ;
#7889 = CARTESIAN_POINT ( 'NONE',  ( 0.2007970508808455679, 2.023556629817103936, 0.8000000000000001554 ) ) ;
#7890 = PLANE ( 'NONE',  #8453 ) ;
#7891 = CARTESIAN_POINT ( 'NONE',  ( 0.2280304935797593247, -0.6966715094114248608, 0.8000999999999998114 ) ) ;
#7892 = VERTEX_POINT ( 'NONE', #8118 ) ;
#7893 = AXIS2_PLACEMENT_3D ( 'NONE', #131, #4924, #1294 ) ;
#7894 = EDGE_LOOP ( 'NONE', ( #3931, #4499, #7225, #6308 ) ) ;
#7895 = SURFACE_STYLE_USAGE ( .BOTH. , #286 ) ;
#7896 = DIRECTION ( 'NONE',  ( 0.7071067811865487940, -0.7071067811865462405, 0.000000000000000000 ) ) ;
#7897 = EDGE_CURVE ( 'NONE', #3363, #6105, #653, .T. ) ;
#7898 = PRESENTATION_LAYER_ASSIGNMENT (  '', '', ( #5553 ) ) ;
#7899 = DIRECTION ( 'NONE',  ( 0.000000000000000000, 1.000000000000000000, 0.000000000000000000 ) ) ;
#7900 = CARTESIAN_POINT ( 'NONE',  ( 4.849999999999996980, 1.000000000000000444, 2.699999999999997957 ) ) ;
#7901 = PLANE ( 'NONE',  #4746 ) ;
#7902 =( NAMED_UNIT ( * ) PLANE_ANGLE_UNIT ( ) SI_UNIT ( $, .RADIAN. ) );
#7903 = CARTESIAN_POINT ( 'NONE',  ( 0.4538461538461536215, -0.4301282051422486985, 0.8000000000000000444 ) ) ;
#7904 = AXIS2_PLACEMENT_3D ( 'NONE', #7309, #6615, #4278 ) ;
#7905 = DIRECTION ( 'NONE',  ( -0.5773502691896214012, 0.5773502691896253980, 0.5773502691896303940 ) ) ;
#7906 = ORIENTED_EDGE ( 'NONE', *, *, #4620, .F. ) ;
#7907 = CARTESIAN_POINT ( 'NONE',  ( 0.1441489724643164605, -0.9331019002666424145, 0.8001000000000000334 ) ) ;
#7908 = FILL_AREA_STYLE ('',( #4896 ) ) ;
#7909 = PRODUCT_DEFINITION ( 'UNKNOWN', '', #1554, #272 ) ;
#7910 =( LENGTH_UNIT ( ) NAMED_UNIT ( * ) SI_UNIT ( .MILLI., .METRE. ) );
#7911 = PRESENTATION_LAYER_ASSIGNMENT (  '', '', ( #1862 ) ) ;
#7912 = DIRECTION ( 'NONE',  ( -1.000000000000000000, 0.000000000000000000, 0.000000000000000000 ) ) ;
#7913 = CARTESIAN_POINT ( 'NONE',  ( -0.3500000000000002554, 3.046153846137475085, 0.8001000000000000334 ) ) ;
#7914 = CARTESIAN_POINT ( 'NONE',  ( -0.2341228063235999968, 1.930141277488144125, 0.8000000000000001554 ) ) ;
#7915 = DIRECTION ( 'NONE',  ( 1.000000000000000000, 0.000000000000000000, 0.000000000000000000 ) ) ;
#7916 = DIRECTION ( 'NONE',  ( 0.000000000000000000, 0.000000000000000000, -1.000000000000000000 ) ) ;
#7917 = ORIENTED_EDGE ( 'NONE', *, *, #5947, .T. ) ;
#7918 = ORIENTED_EDGE ( 'NONE', *, *, #398, .F. ) ;
#7919 = UNCERTAINTY_MEASURE_WITH_UNIT (LENGTH_MEASURE( 1.000000000000000082E-05 ), #1609, 'distance_accuracy_value', 'NONE');
#7920 = CARTESIAN_POINT ( 'NONE',  ( 0.5284176111676067711, -0.4116781658458396609, 0.8000000000000001554 ) ) ;
#7921 = VECTOR ( 'NONE', #5150, 1000.000000000000000 ) ;
#7922 = EDGE_LOOP ( 'NONE', ( #8602, #875, #9708, #5435 ) ) ;
#7923 = PLANE ( 'NONE',  #3578 ) ;
#7924 = EDGE_CURVE ( 'NONE', #4150, #8524, #1287, .T. ) ;
#7925 = DIRECTION ( 'NONE',  ( 0.6743193281498542913, -0.7384398714069611014, 0.000000000000000000 ) ) ;
#7926 = VECTOR ( 'NONE', #8829, 1000.000000000000000 ) ;
#7927 = VECTOR ( 'NONE', #1172, 1000.000000000000000 ) ;
#7928 = DIRECTION ( 'NONE',  ( -1.000000000000000000, 0.000000000000000000, 0.000000000000000000 ) ) ;
#7929 = SURFACE_STYLE_USAGE ( .BOTH. , #8029 ) ;
#7930 = VERTEX_POINT ( 'NONE', #3597 ) ;
#7931 = UNCERTAINTY_MEASURE_WITH_UNIT (LENGTH_MEASURE( 1.000000000000000082E-05 ), #7910, 'distance_accuracy_value', 'NONE');
#7932 = ORIENTED_EDGE ( 'NONE', *, *, #7280, .F. ) ;
#7933 = UNCERTAINTY_MEASURE_WITH_UNIT (LENGTH_MEASURE( 1.000000000000000082E-05 ), #7362, 'distance_accuracy_value', 'NONE');
#7934 = STYLED_ITEM ( 'NONE', ( #2932 ), #5648 ) ;
#7935 = EDGE_CURVE ( 'NONE', #5827, #8491, #5989, .T. ) ;
#7936 = EDGE_CURVE ( 'NONE', #528, #7100, #8439, .T. ) ;
#7937 = VECTOR ( 'NONE', #8717, 1000.000000000000114 ) ;
#7938 = PRODUCT_CONTEXT ( 'NONE', #2964, 'mechanical' ) ;
#7939 = DIRECTION ( 'NONE',  ( -0.000000000000000000, -0.000000000000000000, -1.000000000000000000 ) ) ;
#7940 = PLANE ( 'NONE',  #6408 ) ;
#7941 = PLANE ( 'NONE',  #3291 ) ;
#7942 = MECHANICAL_DESIGN_GEOMETRIC_PRESENTATION_REPRESENTATION (  '', ( #6677 ), #1889 ) ;
#7943 = CARTESIAN_POINT ( 'NONE',  ( 0.7499999999999997780, -1.882692307684061150, 0.8001000000000000334 ) ) ;
#7944 = VERTEX_POINT ( 'NONE', #3648 ) ;
#7945 = ORIENTED_EDGE ( 'NONE', *, *, #5730, .F. ) ;
#7946 =( GEOMETRIC_REPRESENTATION_CONTEXT ( 3 ) GLOBAL_UNCERTAINTY_ASSIGNED_CONTEXT ( ( #1848 ) ) GLOBAL_UNIT_ASSIGNED_CONTEXT ( ( #2848, #5061, #8173 ) ) REPRESENTATION_CONTEXT ( 'NONE', 'WORKASPACE' ) );
#7947 = DIRECTION ( 'NONE',  ( 0.000000000000000000, -0.000000000000000000, 1.000000000000000000 ) ) ;
#7948 = SURFACE_STYLE_FILL_AREA ( #4078 ) ;
#7949 = LINE ( 'NONE', #432, #2548 ) ;
#7950 = CARTESIAN_POINT ( 'NONE',  ( 0.5284176111676067711, -0.4116781658458396609, 0.8001000000000001444 ) ) ;
#7951 = VECTOR ( 'NONE', #2887, 1000.000000000000000 ) ;
#7952 =( LENGTH_UNIT ( ) NAMED_UNIT ( * ) SI_UNIT ( .MILLI., .METRE. ) );
#7953 =( GEOMETRIC_REPRESENTATION_CONTEXT ( 3 ) GLOBAL_UNCERTAINTY_ASSIGNED_CONTEXT ( ( #7152 ) ) GLOBAL_UNIT_ASSIGNED_CONTEXT ( ( #3824, #5391, #1362 ) ) REPRESENTATION_CONTEXT ( 'NONE', 'WORKASPACE' ) );
#7954 = DIRECTION ( 'NONE',  ( 0.000000000000000000, -0.000000000000000000, -1.000000000000000000 ) ) ;
#7955 = EDGE_CURVE ( 'NONE', #4164, #1292, #2170, .T. ) ;
#7956 = ORIENTED_EDGE ( 'NONE', *, *, #6898, .F. ) ;
#7957 = CARTESIAN_POINT ( 'NONE',  ( 0.1437722150964120538, -0.9154973885931644295, 0.8001000000000001444 ) ) ;
#7958 = VECTOR ( 'NONE', #7058, 1000.000000000000000 ) ;
#7959 = CARTESIAN_POINT ( 'NONE',  ( -0.1803662148770542872, 1.987102716712559669, 0.7999999999999998224 ) ) ;
#7960 = PLANE ( 'NONE',  #3505 ) ;
#7961 = COLOUR_RGB ( '',1.000000000000000000, 1.000000000000000000, 1.000000000000000000 ) ;
#7962 = CARTESIAN_POINT ( 'NONE',  ( 0.3512674343259158394, 2.006528544744833997, 0.8001000000000000334 ) ) ;
#7963 = CARTESIAN_POINT ( 'NONE',  ( 0.4403493480777669888, 0.2184239227049634413, 0.8000000000000000444 ) ) ;
#7964 = DIRECTION ( 'NONE',  ( 0.000000000000000000, 0.000000000000000000, 1.000000000000000000 ) ) ;
#7965 = B_SPLINE_CURVE_WITH_KNOTS ( 'NONE', 3,
 ( #5601, #8821, #4189, #1138, #6477, #7168, #3592, #7959, #5046, #5832, #3405, #7215, #2682, #397, #4143, #8776, #4234, #5697, #6618 ),
 .UNSPECIFIED., .F., .F.,
 ( 4, 1, 1, 1, 1, 1, 1, 1, 1, 1, 1, 1, 1, 1, 1, 1, 4 ),
 ( 0.000000000000000000, 0.06154637403761334391, 0.1216970805153595458, 0.1811589999003400397, 0.2400768215924448390, 0.2986858982040886401, 0.3576327280133265174, 0.4175915188549994550, 0.4784821097525979172, 0.5403965361028114645, 0.6023358963502761787, 0.6649966639164283100, 0.7285530988228363647, 0.7936458211788806061, 0.8605310769033083229, 0.9292343416273773915, 1.000000000000000000 ),
 .UNSPECIFIED. ) ;
#7966 = CARTESIAN_POINT ( 'NONE',  ( -0.2959020579295525977, 1.828921203568396603, 0.7999999999999999334 ) ) ;
#7967 = CARTESIAN_POINT ( 'NONE',  ( 5.849999999999997868, 1.000000000000000444, 1.200000000000002620 ) ) ;
#7968 = CARTESIAN_POINT ( 'NONE',  ( 0.6498615996078765944, -0.3486864386426081208, 0.8000999999999998114 ) ) ;
#7969 = ORIENTED_EDGE ( 'NONE', *, *, #152, .T. ) ;
#7970 = ORIENTED_EDGE ( 'NONE', *, *, #5167, .T. ) ;
#7971 = VECTOR ( 'NONE', #1583, 1000.000000000000000 ) ;
#7972 = DIRECTION ( 'NONE',  ( -1.239088197126291458E-15, -1.000000000000000000, 0.000000000000000000 ) ) ;
#7973 = ORIENTED_EDGE ( 'NONE', *, *, #4035, .T. ) ;
#7974 = DIRECTION ( 'NONE',  ( -0.7071067811865500152, 0.7071067811865451302, 0.000000000000000000 ) ) ;
#7975 = CARTESIAN_POINT ( 'NONE',  ( 0.6371794871794869142, -1.783974358966112561, 0.8001000000000000334 ) ) ;
#7976 = DIRECTION ( 'NONE',  ( 0.000000000000000000, 0.000000000000000000, -1.000000000000000000 ) ) ;
#7977 = CARTESIAN_POINT ( 'NONE',  ( 0.4960736095813333968, -0.6616520650852760754, 0.7999999999999999334 ) ) ;
#7978 = VECTOR ( 'NONE', #7880, 1000.000000000000000 ) ;
#7979 = CARTESIAN_POINT ( 'NONE',  ( 0.1729551691530094859, 0.1987717080289631011, 0.7999999999999999334 ) ) ;
#7980 = FILL_AREA_STYLE_COLOUR ( '', #8745 ) ;
#7981 =( LENGTH_UNIT ( ) NAMED_UNIT ( * ) SI_UNIT ( .MILLI., .METRE. ) );
#7982 = CARTESIAN_POINT ( 'NONE',  ( 0.3189415823574155429, 2.014291290340444185, 0.8000000000000000444 ) ) ;
#7983 = EDGE_CURVE ( 'NONE', #7645, #3720, #6725, .T. ) ;
#7984 = EDGE_LOOP ( 'NONE', ( #6443, #6212, #3730, #9628 ) ) ;
#7985 = VERTEX_POINT ( 'NONE', #5892 ) ;
#7986 = VECTOR ( 'NONE', #8469, 1000.000000000000114 ) ;
#7987 = FILL_AREA_STYLE_COLOUR ( '', #1409 ) ;
#7988 = FACE_OUTER_BOUND ( 'NONE', #3748, .T. ) ;
#7989 = SURFACE_STYLE_USAGE ( .BOTH. , #1902 ) ;
#7990 = PLANE ( 'NONE',  #7882 ) ;
#7991 = DIRECTION ( 'NONE',  ( -0.000000000000000000, -0.000000000000000000, -1.000000000000000000 ) ) ;
#7992 = CARTESIAN_POINT ( 'NONE',  ( 0.2884913143857880669, -0.6593532216919431033, 0.8001000000000001444 ) ) ;
#7993 = EDGE_CURVE ( 'NONE', #6805, #2543, #2893, .T. ) ;
#7994 = ORIENTED_EDGE ( 'NONE', *, *, #8705, .F. ) ;
#7995 = EDGE_CURVE ( 'NONE', #5816, #224, #8166, .T. ) ;
#7996 = ORIENTED_EDGE ( 'NONE', *, *, #5765, .T. ) ;
#7997 = LINE ( 'NONE', #8230, #7927 ) ;
#7998 = CARTESIAN_POINT ( 'NONE',  ( 0.3906049679487177406, -0.5429487179279950393, 0.8001000000000000334 ) ) ;
#7999 = CARTESIAN_POINT ( 'NONE',  ( 0.7499999999999997780, 0.5147435897445178377, 0.8000000000000000444 ) ) ;
#8000 = DIRECTION ( 'NONE',  ( 1.239088197126290669E-15, 1.000000000000000000, -0.000000000000000000 ) ) ;
#8001 = CARTESIAN_POINT ( 'NONE',  ( -5.100000000000000533, 4.099999999999999645, 0.8001000000000000334 ) ) ;
#8002 = DIRECTION ( 'NONE',  ( -0.000000000000000000, 0.000000000000000000, 1.000000000000000000 ) ) ;
#8003 = CARTESIAN_POINT ( 'NONE',  ( 0.08717948717948691140, -0.1198717948858383786, 0.8001000000000000334 ) ) ;
#8004 = VECTOR ( 'NONE', #1782, 1000.000000000000000 ) ;
#8005 = LINE ( 'NONE', #493, #8481 ) ;
#8006 = EDGE_CURVE ( 'NONE', #9069, #5208, #6037, .T. ) ;
#8007 = CARTESIAN_POINT ( 'NONE',  ( 0.06363263126138941905, 0.2110134292101416842, 0.8001000000000003665 ) ) ;
#8008 = FACE_OUTER_BOUND ( 'NONE', #790, .T. ) ;
#8009 = ORIENTED_EDGE ( 'NONE', *, *, #3056, .F. ) ;
#8010 = DIRECTION ( 'NONE',  ( -0.5773502691896258421, -0.5773502691896281735, -0.5773502691896233996 ) ) ;
#8011 = DIRECTION ( 'NONE',  ( 1.000000000000000000, 0.000000000000000000, 0.000000000000000000 ) ) ;
#8012 = LINE ( 'NONE', #3786, #4556 ) ;
#8013 = EDGE_CURVE ( 'NONE', #6640, #7051, #2990, .T. ) ;
#8014 = SURFACE_SIDE_STYLE ('',( #8920 ) ) ;
#8015 = CARTESIAN_POINT ( 'NONE',  ( 5.649999999999995026, 3.900000000000003020, -9.000000000000001776 ) ) ;
#8016 = CARTESIAN_POINT ( 'NONE',  ( -0.2341228063235999968, 1.930141277488144125, 0.8001000000000000334 ) ) ;
#8017 = SURFACE_STYLE_USAGE ( .BOTH. , #7118 ) ;
#8018 = CARTESIAN_POINT ( 'NONE',  ( 0.6743237552826062409, -0.3276938164778557816, 0.8000000000000007105 ) ) ;
#8019 = PRESENTATION_LAYER_ASSIGNMENT (  '', '', ( #4364 ) ) ;
#8020 =( NAMED_UNIT ( * ) SI_UNIT ( $, .STERADIAN. ) SOLID_ANGLE_UNIT ( ) );
#8021 = ORIENTED_EDGE ( 'NONE', *, *, #4346, .T. ) ;
#8022 = ORIENTED_EDGE ( 'NONE', *, *, #7510, .T. ) ;
#8023 =( NAMED_UNIT ( * ) PLANE_ANGLE_UNIT ( ) SI_UNIT ( $, .RADIAN. ) );
#8024 = VECTOR ( 'NONE', #435, 1000.000000000000000 ) ;
#8025 = SURFACE_STYLE_FILL_AREA ( #7329 ) ;
#8026 = EDGE_CURVE ( 'NONE', #3808, #9467, #6827, .T. ) ;
#8027 = DIRECTION ( 'NONE',  ( 1.000000000000000000, 0.000000000000000000, 0.000000000000000000 ) ) ;
#8028 = FACE_OUTER_BOUND ( 'NONE', #4199, .T. ) ;
#8029 = SURFACE_SIDE_STYLE ('',( #1892 ) ) ;
#8030 = CARTESIAN_POINT ( 'NONE',  ( 5.649999999999995026, 0.000000000000000000, -9.000000000000001776 ) ) ;
#8031 = SURFACE_STYLE_FILL_AREA ( #5856 ) ;
#8032 = ORIENTED_EDGE ( 'NONE', *, *, #2442, .F. ) ;
#8033 = UNCERTAINTY_MEASURE_WITH_UNIT (LENGTH_MEASURE( 1.000000000000000082E-05 ), #3144, 'distance_accuracy_value', 'NONE');
#8034 = ORIENTED_EDGE ( 'NONE', *, *, #9717, .T. ) ;
#8035 = EDGE_CURVE ( 'NONE', #7457, #6795, #7515, .T. ) ;
#8036 = PRESENTATION_STYLE_ASSIGNMENT (( #2711 ) ) ;
#8037 = MECHANICAL_DESIGN_GEOMETRIC_PRESENTATION_REPRESENTATION (  '', ( #2482 ), #724 ) ;
#8038 = DIRECTION ( 'NONE',  ( 1.000000000000000000, 0.000000000000000000, 0.000000000000000000 ) ) ;
#8039 = CARTESIAN_POINT ( 'NONE',  ( 4.849999999999997868, -3.699999999999999289, 2.699999999999997957 ) ) ;
#8040 =( LENGTH_UNIT ( ) NAMED_UNIT ( * ) SI_UNIT ( .MILLI., .METRE. ) );
#8041 = CARTESIAN_POINT ( 'NONE',  ( 0.000000000000000000, 0.000000000000000000, -9.000000000000001776 ) ) ;
#8042 = ORIENTED_EDGE ( 'NONE', *, *, #930, .F. ) ;
#8043 = UNCERTAINTY_MEASURE_WITH_UNIT (LENGTH_MEASURE( 1.000000000000000082E-05 ), #7651, 'distance_accuracy_value', 'NONE');
#8044 = EDGE_LOOP ( 'NONE', ( #8231, #5510, #6, #6550 ) ) ;
#8045 = PRESENTATION_LAYER_ASSIGNMENT (  '', '', ( #2482 ) ) ;
#8046 = LINE ( 'NONE', #4986, #296 ) ;
#8047 = CARTESIAN_POINT ( 'NONE',  ( 0.6371794871794869142, -1.783974358966112561, 0.8000000000000000444 ) ) ;
#8048 = EDGE_CURVE ( 'NONE', #5845, #3159, #1634, .T. ) ;
#8049 = CARTESIAN_POINT ( 'NONE',  ( 0.000000000000000000, 0.000000000000000000, 0.8001000000000000334 ) ) ;
#8050 = SURFACE_STYLE_USAGE ( .BOTH. , #3537 ) ;
#8051 = CARTESIAN_POINT ( 'NONE',  ( 0.7464863566138751905, -0.2250405662687066655, 0.8000999999999998114 ) ) ;
#8052 = VECTOR ( 'NONE', #2821, 1000.000000000000000 ) ;
#8053 = LINE ( 'NONE', #5876, #8024 ) ;
#8054 = CARTESIAN_POINT ( 'NONE',  ( 4.449999999999999289, -3.699999999999998401, 0.8000000000000000444 ) ) ;
#8055 = SURFACE_SIDE_STYLE ('',( #7405 ) ) ;
#8056 = CARTESIAN_POINT ( 'NONE',  ( -0.05419892191655484998, 1.947410422711722378, 0.7999999999999998224 ) ) ;
#8057 = ORIENTED_EDGE ( 'NONE', *, *, #3451, .T. ) ;
#8058 = LINE ( 'NONE', #2885, #2031 ) ;
#8059 = VECTOR ( 'NONE', #7460, 1000.000000000000000 ) ;
#8060 = ADVANCED_FACE ( 'NONE', ( #3094 ), #6879, .T. ) ;
#8061 = FACE_OUTER_BOUND ( 'NONE', #1625, .T. ) ;
#8062 = PLANE ( 'NONE',  #5828 ) ;
#8063 = SURFACE_STYLE_USAGE ( .BOTH. , #8014 ) ;
#8064 = DIRECTION ( 'NONE',  ( 1.000000000000000000, -8.673617379884027583E-16, 0.000000000000000000 ) ) ;
#8065 = CARTESIAN_POINT ( 'NONE',  ( 0.1982266631893061792, 2.122211998166222635, 0.8001000000000001444 ) ) ;
#8066 = CARTESIAN_POINT ( 'NONE',  ( 0.6322437956706503659, -0.2067614613911617494, 0.8001000000000000334 ) ) ;
#8067 = VECTOR ( 'NONE', #8766, 1000.000000000000000 ) ;
#8068 = CARTESIAN_POINT ( 'NONE',  ( 0.5284176111676067711, -0.4116781658458396609, 0.8000000000000004885 ) ) ;
#8069 = DIRECTION ( 'NONE',  ( 1.000000000000000000, 0.000000000000000000, 0.000000000000000000 ) ) ;
#8070 = EDGE_LOOP ( 'NONE', ( #8042, #703, #9302, #5667 ) ) ;
#8071 = ORIENTED_EDGE ( 'NONE', *, *, #2175, .F. ) ;
#8072 = DIRECTION ( 'NONE',  ( 0.000000000000000000, 0.000000000000000000, 1.000000000000000000 ) ) ;
#8073 = PRESENTATION_STYLE_ASSIGNMENT (( #1199 ) ) ;
#8074 =( NAMED_UNIT ( * ) PLANE_ANGLE_UNIT ( ) SI_UNIT ( $, .RADIAN. ) );
#8075 =( NAMED_UNIT ( * ) SI_UNIT ( $, .STERADIAN. ) SOLID_ANGLE_UNIT ( ) );
#8076 = LINE ( 'NONE', #5758, #5472 ) ;
#8077 = DIRECTION ( 'NONE',  ( -0.000000000000000000, -0.000000000000000000, -1.000000000000000000 ) ) ;
#8078 = COLOUR_RGB ( '',0.9254901960784314152, 0.9254901960784314152, 0.9254901960784314152 ) ;
#8079 = FILL_AREA_STYLE_COLOUR ( '', #6609 ) ;
#8080 = ORIENTED_EDGE ( 'NONE', *, *, #5167, .F. ) ;
#8081 = VERTEX_POINT ( 'NONE', #4644 ) ;
#8082 = EDGE_CURVE ( 'NONE', #7124, #5330, #4129, .T. ) ;
#8083 = STYLED_ITEM ( 'NONE', ( #917 ), #9786 ) ;
#8084 = PLANE ( 'NONE',  #9483 ) ;
#8085 = PRESENTATION_LAYER_ASSIGNMENT (  '', '', ( #294 ) ) ;
#8086 = PLANE ( 'NONE',  #6840 ) ;
#8087 = AXIS2_PLACEMENT_3D ( 'NONE', #5229, #5182, #3769 ) ;
#8088 = LINE ( 'NONE', #8657, #1434 ) ;
#8089 =( NAMED_UNIT ( * ) SI_UNIT ( $, .STERADIAN. ) SOLID_ANGLE_UNIT ( ) );
#8090 = PRESENTATION_STYLE_ASSIGNMENT (( #9435 ) ) ;
#8091 = CARTESIAN_POINT ( 'NONE',  ( 0.7499999999999997780, 2.446794871778500635, 0.8001000000000000334 ) ) ;
#8092 = PRESENTATION_STYLE_ASSIGNMENT (( #4217 ) ) ;
#8093 = ORIENTED_EDGE ( 'NONE', *, *, #8241, .F. ) ;
#8094 = PRESENTATION_LAYER_ASSIGNMENT (  '', '', ( #7778 ) ) ;
#8095 = ORIENTED_EDGE ( 'NONE', *, *, #4510, .F. ) ;
#8096 = CARTESIAN_POINT ( 'NONE',  ( 0.6484322457597512246, 0.05246132615999590798, 0.8000999999999999224 ) ) ;
#8097 =( NAMED_UNIT ( * ) SI_UNIT ( $, .STERADIAN. ) SOLID_ANGLE_UNIT ( ) );
#8098 = CARTESIAN_POINT ( 'NONE',  ( 4.099999999999997868, 4.749999999999995559, -3.100000000000000089 ) ) ;
#8099 = CARTESIAN_POINT ( 'NONE',  ( 0.4173760374542860863, -0.5435735264429535363, 0.8001000000000001444 ) ) ;
#8100 = COLOUR_RGB ( '',0.9254901960784314152, 0.9254901960784314152, 0.9254901960784314152 ) ;
#8101 = FILL_AREA_STYLE ('',( #9599 ) ) ;
#8102 = CARTESIAN_POINT ( 'NONE',  ( 0.6526971626211481858, -0.6353529751861081154, 0.8000000000000002665 ) ) ;
#8103 = PRESENTATION_STYLE_ASSIGNMENT (( #3632 ) ) ;
#8104 = VERTEX_POINT ( 'NONE', #5923 ) ;
#8105 = VECTOR ( 'NONE', #7006, 1000.000000000000000 ) ;
#8106 =( NAMED_UNIT ( * ) PLANE_ANGLE_UNIT ( ) SI_UNIT ( $, .RADIAN. ) );
#8107 = ADVANCED_FACE ( 'NONE', ( #4511 ), #4463, .T. ) ;
#8108 = VECTOR ( 'NONE', #8282, 1000.000000000000000 ) ;
#8109 = LINE ( 'NONE', #2062, #8545 ) ;
#8110 = VERTEX_POINT ( 'NONE', #1359 ) ;
#8111 = CARTESIAN_POINT ( 'NONE',  ( -0.3052576215758669442, -0.2688925648900809540, 0.7999999999999999334 ) ) ;
#8112 =( GEOMETRIC_REPRESENTATION_CONTEXT ( 3 ) GLOBAL_UNCERTAINTY_ASSIGNED_CONTEXT ( ( #5668 ) ) GLOBAL_UNIT_ASSIGNED_CONTEXT ( ( #6447, #820, #8382 ) ) REPRESENTATION_CONTEXT ( 'NONE', 'WORKASPACE' ) );
#8113 = CARTESIAN_POINT ( 'NONE',  ( -0.2649473301836391403, -0.07157929713732877341, 0.8001000000000000334 ) ) ;
#8114 = CARTESIAN_POINT ( 'NONE',  ( 0.7499999999999997780, -1.882692307684061150, 0.8001000000000000334 ) ) ;
#8115 = FILL_AREA_STYLE_COLOUR ( '', #6797 ) ;
#8116 = FACE_OUTER_BOUND ( 'NONE', #8642, .T. ) ;
#8117 = VECTOR ( 'NONE', #8255, 1000.000000000000000 ) ;
#8118 = CARTESIAN_POINT ( 'NONE',  ( 0.3864182692307689959, -0.6416666666459438506, 0.8001000000000000334 ) ) ;
#8119 = CARTESIAN_POINT ( 'NONE',  ( 0.7782051282051279939, -0.06324118591147942503, 0.8001000000000000334 ) ) ;
#8120 = CARTESIAN_POINT ( 'NONE',  ( 0.4386201239261651175, 0.3167436210501978766, 0.7999999999999999334 ) ) ;
#8121 = EDGE_CURVE ( 'NONE', #3797, #7944, #2920, .T. ) ;
#8122 = EDGE_LOOP ( 'NONE', ( #5259, #7470, #2646, #7871 ) ) ;
#8123 = VECTOR ( 'NONE', #8161, 1000.000000000000000 ) ;
#8124 = EDGE_CURVE ( 'NONE', #1897, #4984, #9697, .T. ) ;
#8125 = SURFACE_STYLE_FILL_AREA ( #8558 ) ;
#8126 = VERTEX_POINT ( 'NONE', #3072 ) ;
#8127 = CARTESIAN_POINT ( 'NONE',  ( 0.3906049679487177406, -0.5429487179279950393, 0.8000000000000002665 ) ) ;
#8128 = CARTESIAN_POINT ( 'NONE',  ( -0.3500000000000002554, -1.036538461517739096, 0.8000000000000000444 ) ) ;
#8129 = CARTESIAN_POINT ( 'NONE',  ( 4.449999999999999289, -0.9999999999999995559, 0.8000000000000000444 ) ) ;
#8130 = DIRECTION ( 'NONE',  ( -0.000000000000000000, -0.000000000000000000, 1.000000000000000000 ) ) ;
#8131 = CARTESIAN_POINT ( 'NONE',  ( 5.849999999999997868, 1.700000000000000178, 2.699999999999997957 ) ) ;
#8132 = FACE_OUTER_BOUND ( 'NONE', #2642, .T. ) ;
#8133 = SURFACE_STYLE_FILL_AREA ( #5119 ) ;
#8134 = CIRCLE ( 'NONE', #9359, 0.6499999999999995781 ) ;
#8135 = ORIENTED_EDGE ( 'NONE', *, *, #6245, .F. ) ;
#8136 = VERTEX_POINT ( 'NONE', #5967 ) ;
#8137 = UNCERTAINTY_MEASURE_WITH_UNIT (LENGTH_MEASURE( 1.000000000000000082E-05 ), #9392, 'distance_accuracy_value', 'NONE');
#8138 = AXIS2_PLACEMENT_3D ( 'NONE', #8683, #1880, #1971 ) ;
#8139 = CARTESIAN_POINT ( 'NONE',  ( 0.1955195471571517796, -1.137707540152229635, 0.8001000000000001444 ) ) ;
#8140 = CARTESIAN_POINT ( 'NONE',  ( 5.049999999999999822, -4.199999999999995737, 2.900000000000000355 ) ) ;
#8141 = PRESENTATION_STYLE_ASSIGNMENT (( #5128 ) ) ;
#8142 = EDGE_CURVE ( 'NONE', #3435, #816, #2871, .T. ) ;
#8143 = CARTESIAN_POINT ( 'NONE',  ( 5.849999999999997868, 1.700000000000000178, 1.200000000000002620 ) ) ;
#8144 = LINE ( 'NONE', #6701, #6907 ) ;
#8145 = VERTEX_POINT ( 'NONE', #8952 ) ;
#8146 = UNCERTAINTY_MEASURE_WITH_UNIT (LENGTH_MEASURE( 1.000000000000000082E-05 ), #8461, 'distance_accuracy_value', 'NONE');
#8147 = ORIENTED_EDGE ( 'NONE', *, *, #2537, .F. ) ;
#8148 = PRESENTATION_STYLE_ASSIGNMENT (( #1269 ) ) ;
#8149 = CARTESIAN_POINT ( 'NONE',  ( 0.5168669871794869808, -2.566666666668857566, 0.8001000000000000334 ) ) ;
#8150 = PLANE ( 'NONE',  #451 ) ;
#8151 = CIRCLE ( 'NONE', #9070, 0.6499999999999995781 ) ;
#8152 = CARTESIAN_POINT ( 'NONE',  ( 0.6961020119404883744, -0.3044539424489167145, 0.8001000000000000334 ) ) ;
#8153 = CARTESIAN_POINT ( 'NONE',  ( 0.4693535902532929294, 0.3156181330915780459, 0.8000999999999999224 ) ) ;
#8154 = FILL_AREA_STYLE_COLOUR ( '', #4697 ) ;
#8155 = ORIENTED_EDGE ( 'NONE', *, *, #1347, .T. ) ;
#8156 =( NAMED_UNIT ( * ) PLANE_ANGLE_UNIT ( ) SI_UNIT ( $, .RADIAN. ) );
#8157 = CARTESIAN_POINT ( 'NONE',  ( 0.4538461538461536215, -0.4301282051422486985, 0.8001000000000000334 ) ) ;
#8158 = ORIENTED_EDGE ( 'NONE', *, *, #4468, .T. ) ;
#8159 = CARTESIAN_POINT ( 'NONE',  ( -0.3499418025344137040, -0.1982454812991235882, 0.8000000000000000444 ) ) ;
#8160 = LINE ( 'NONE', #3194, #3019 ) ;
#8161 = DIRECTION ( 'NONE',  ( -0.000000000000000000, -0.000000000000000000, 1.000000000000000000 ) ) ;
#8162 = CARTESIAN_POINT ( 'NONE',  ( -5.100000000000000533, 4.099999999999999645, -0.8001000000000000334 ) ) ;
#8163 = EDGE_CURVE ( 'NONE', #4210, #1022, #5283, .T. ) ;
#8164 =( LENGTH_UNIT ( ) NAMED_UNIT ( * ) SI_UNIT ( .MILLI., .METRE. ) );
#8165 = CARTESIAN_POINT ( 'NONE',  ( -5.750000000000000000, 4.099999999999999645, -0.8001000000000000334 ) ) ;
#8166 = LINE ( 'NONE', #1327, #1714 ) ;
#8167 = CARTESIAN_POINT ( 'NONE',  ( -0.3225363364694023294, -0.2465378426601144979, 0.8000000000000000444 ) ) ;
#8168 = CARTESIAN_POINT ( 'NONE',  ( 0.5168669871794869808, -2.566666666668857566, 0.8000000000000000444 ) ) ;
#8169 = ORIENTED_EDGE ( 'NONE', *, *, #2629, .F. ) ;
#8170 = DIRECTION ( 'NONE',  ( -0.5773502691896291728, 0.5773502691896265082, -0.5773502691896216232 ) ) ;
#8171 = ORIENTED_EDGE ( 'NONE', *, *, #3416, .F. ) ;
#8172 = CARTESIAN_POINT ( 'NONE',  ( 0.1574034558683796714, -0.6174967717801563838, 0.8000000000000000444 ) ) ;
#8173 =( NAMED_UNIT ( * ) SI_UNIT ( $, .STERADIAN. ) SOLID_ANGLE_UNIT ( ) );
#8174 = ADVANCED_FACE ( 'NONE', ( #8290 ), #838, .T. ) ;
#8175 = CARTESIAN_POINT ( 'NONE',  ( 0.1027758842574307413, 2.013435302433977281, 0.8001000000000002554 ) ) ;
#8176 = DIRECTION ( 'NONE',  ( 1.000000000000000000, 0.000000000000000000, 0.000000000000000000 ) ) ;
#8177 = PRESENTATION_LAYER_ASSIGNMENT (  '', '', ( #1650 ) ) ;
#8178 = STYLED_ITEM ( 'NONE', ( #9330 ), #311 ) ;
#8179 = SURFACE_SIDE_STYLE ('',( #664 ) ) ;
#8180 = CARTESIAN_POINT ( 'NONE',  ( 0.7499999999999997780, -2.573717948720140036, 0.8000000000000000444 ) ) ;
#8181 = LINE ( 'NONE', #5906, #1344 ) ;
#8182 = EDGE_LOOP ( 'NONE', ( #7615, #8071 ) ) ;
#8183 = EDGE_LOOP ( 'NONE', ( #5298, #2448, #8911, #6392 ) ) ;
#8184 =( GEOMETRIC_REPRESENTATION_CONTEXT ( 3 ) GLOBAL_UNCERTAINTY_ASSIGNED_CONTEXT ( ( #8137 ) ) GLOBAL_UNIT_ASSIGNED_CONTEXT ( ( #9392, #7840, #4071 ) ) REPRESENTATION_CONTEXT ( 'NONE', 'WORKASPACE' ) );
#8185 =( GEOMETRIC_REPRESENTATION_CONTEXT ( 3 ) GLOBAL_UNCERTAINTY_ASSIGNED_CONTEXT ( ( #5484 ) ) GLOBAL_UNIT_ASSIGNED_CONTEXT ( ( #4108, #267, #9145 ) ) REPRESENTATION_CONTEXT ( 'NONE', 'WORKASPACE' ) );
#8186 = ADVANCED_FACE ( 'NONE', ( #203 ), #4091, .T. ) ;
#8187 =( NAMED_UNIT ( * ) SI_UNIT ( $, .STERADIAN. ) SOLID_ANGLE_UNIT ( ) );
#8188 = CARTESIAN_POINT ( 'NONE',  ( 0.6018064471472734933, -0.2499098413536274266, 0.8000000000000001554 ) ) ;
#8189 = COLOUR_RGB ( '',1.000000000000000000, 1.000000000000000000, 1.000000000000000000 ) ;
#8190 = DIRECTION ( 'NONE',  ( 0.000000000000000000, -0.000000000000000000, 1.000000000000000000 ) ) ;
#8191 = SURFACE_STYLE_FILL_AREA ( #1406 ) ;
#8192 = VERTEX_POINT ( 'NONE', #4702 ) ;
#8193 = EDGE_LOOP ( 'NONE', ( #986, #5772, #58, #4602 ) ) ;
#8194 = STYLED_ITEM ( 'NONE', ( #4251 ), #2520 ) ;
#8195 = CARTESIAN_POINT ( 'NONE',  ( -1.750000000000000222, 4.399999999999999467, 2.000000000000000000 ) ) ;
#8196 = CARTESIAN_POINT ( 'NONE',  ( -0.3500000000000002554, 1.441987179472162373, 0.8001000000000000334 ) ) ;
#8197 = FILL_AREA_STYLE_COLOUR ( '', #6354 ) ;
#8198 = CARTESIAN_POINT ( 'NONE',  ( 5.849999999999997868, -3.699999999999999289, 2.699999999999997957 ) ) ;
#8199 = CARTESIAN_POINT ( 'NONE',  ( 0.5634422942285398639, 2.016061922005327745, 0.7999999999999998224 ) ) ;
#8200 = CARTESIAN_POINT ( 'NONE',  ( 0.5147611124290797369, 0.3055609289359788594, 0.8001000000000001444 ) ) ;
#8201 = CARTESIAN_POINT ( 'NONE',  ( -0.3500000000000002554, 0.5147435897445178377, 0.8001000000000000334 ) ) ;
#8202 = VERTEX_POINT ( 'NONE', #4000 ) ;
#8203 = STYLED_ITEM ( 'NONE', ( #7244 ), #2769 ) ;
#8204 = CARTESIAN_POINT ( 'NONE',  ( 4.849999999999997868, 1.700000000000000178, 1.200000000000002620 ) ) ;
#8205 = CARTESIAN_POINT ( 'NONE',  ( -0.08094247050007538635, 1.927479807655516186, 0.8000000000000003775 ) ) ;
#8206 = ORIENTED_EDGE ( 'NONE', *, *, #263, .T. ) ;
#8207 = EDGE_CURVE ( 'NONE', #2036, #9279, #5413, .T. ) ;
#8208 = SURFACE_SIDE_STYLE ('',( #5980 ) ) ;
#8209 =( LENGTH_UNIT ( ) NAMED_UNIT ( * ) SI_UNIT ( .MILLI., .METRE. ) );
#8210 = CARTESIAN_POINT ( 'NONE',  ( -0.1575802338243592060, -0.2577974077628308880, 0.8000000000000000444 ) ) ;
#8211 = DIRECTION ( 'NONE',  ( 1.000000000000000000, 0.000000000000000000, -0.000000000000000000 ) ) ;
#8212 = CARTESIAN_POINT ( 'NONE',  ( 4.849999999999996980, 1.000000000000000444, -8.799999999999997158 ) ) ;
#8213 = CARTESIAN_POINT ( 'NONE',  ( 0.7499999999999997780, 2.956911057675936316, 0.8001000000000000334 ) ) ;
#8214 = LINE ( 'NONE', #2989, #6738 ) ;
#8215 = CARTESIAN_POINT ( 'NONE',  ( 0.4693535902532929294, 0.3156181330915780459, 0.7999999999999999334 ) ) ;
#8216 = ORIENTED_EDGE ( 'NONE', *, *, #6453, .T. ) ;
#8217 = AXIS2_PLACEMENT_3D ( 'NONE', #2686, #8824, #546 ) ;
#8218 = CARTESIAN_POINT ( 'NONE',  ( 0.7499999999999997780, -2.559615384617575984, 0.8001000000000000334 ) ) ;
#8219 = ORIENTED_EDGE ( 'NONE', *, *, #141, .T. ) ;
#8220 = FILL_AREA_STYLE_COLOUR ( '', #390 ) ;
#8221 = DIRECTION ( 'NONE',  ( 0.000000000000000000, 1.000000000000000000, 0.000000000000000000 ) ) ;
#8222 = CARTESIAN_POINT ( 'NONE',  ( -0.2026759000865076266, 1.745104859993453106, 0.8001000000000000334 ) ) ;
#8223 = CARTESIAN_POINT ( 'NONE',  ( -0.3500000000000002554, -1.783974358966112561, 0.8000000000000000444 ) ) ;
#8224 = VECTOR ( 'NONE', #2986, 1000.000000000000000 ) ;
#8225 = LINE ( 'NONE', #6049, #373 ) ;
#8226 = CARTESIAN_POINT ( 'NONE',  ( 5.649999999999993250, 0.000000000000000000, 2.900000000000000355 ) ) ;
#8227 = CARTESIAN_POINT ( 'NONE',  ( 0.6371794871794869142, 0.6134615384624666490, 0.8001000000000000334 ) ) ;
#8228 = ORIENTED_EDGE ( 'NONE', *, *, #7264, .T. ) ;
#8229 =( GEOMETRIC_REPRESENTATION_CONTEXT ( 3 ) GLOBAL_UNCERTAINTY_ASSIGNED_CONTEXT ( ( #283 ) ) GLOBAL_UNIT_ASSIGNED_CONTEXT ( ( #5977, #6913, #9015 ) ) REPRESENTATION_CONTEXT ( 'NONE', 'WORKASPACE' ) );
#8230 = CARTESIAN_POINT ( 'NONE',  ( -5.600000000000000533, -2.500000000000000444, -0.8001000000000000334 ) ) ;
#8231 = ORIENTED_EDGE ( 'NONE', *, *, #1398, .F. ) ;
#8232 = EDGE_CURVE ( 'NONE', #766, #2815, #6551, .T. ) ;
#8233 = B_SPLINE_SURFACE_WITH_KNOTS ( 'NONE', 3, 1, ( 
 ( #9121, #50 ),
 ( #1432, #7512 ),
 ( #6185, #9170 ),
 ( #2380, #834 ),
 ( #2937, #6088 ),
 ( #5304, #3887 ),
 ( #7559, #6919 ),
 ( #2227, #6876 ),
 ( #5453, #3788 ),
 ( #695, #8306 ),
 ( #8351, #94 ) ),
 .UNSPECIFIED., .F., .F., .F.,
 ( 4, 1, 1, 1, 1, 1, 1, 1, 4 ),
 ( 2, 2 ),
 ( 0.000000000000000000, 0.1719006646132693328, 0.3306279320958803725, 0.4755488358809178417, 0.6067461903123622102, 0.7250238034674896248, 0.8297423869584561462, 0.9213228203439747244, 1.000000000000000000 ),
 ( 0.000000000000000000, 1.000000000000000000 ),
 .UNSPECIFIED. ) ;
#8234 = DIRECTION ( 'NONE',  ( 0.000000000000000000, 0.000000000000000000, 1.000000000000000000 ) ) ;
#8235 = SURFACE_SIDE_STYLE ('',( #1350 ) ) ;
#8236 = CARTESIAN_POINT ( 'NONE',  ( 0.6018064471472734933, -0.2499098413536274266, 0.8001000000000001444 ) ) ;
#8237 =( NAMED_UNIT ( * ) PLANE_ANGLE_UNIT ( ) SI_UNIT ( $, .RADIAN. ) );
#8238 = DIRECTION ( 'NONE',  ( 0.000000000000000000, 0.000000000000000000, -1.000000000000000000 ) ) ;
#8239 = ORIENTED_EDGE ( 'NONE', *, *, #7841, .T. ) ;
#8240 = VERTEX_POINT ( 'NONE', #1686 ) ;
#8241 = EDGE_CURVE ( 'NONE', #9491, #4113, #2534, .T. ) ;
#8242 = CARTESIAN_POINT ( 'NONE',  ( 0.2937588459028164234, 2.118350898470032107, 0.8001000000000000334 ) ) ;
#8243 = CARTESIAN_POINT ( 'NONE',  ( -0.3350927906751083318, 1.689813104603666849, 0.8001000000000002554 ) ) ;
#8244 = FILL_AREA_STYLE ('',( #1517 ) ) ;
#8245 = CARTESIAN_POINT ( 'NONE',  ( 0.6526971626211481858, -0.6353529751861081154, 0.8001000000000002554 ) ) ;
#8246 = CARTESIAN_POINT ( 'NONE',  ( 0.7421666843823886417, 1.697683290822443514, 0.7999999999999997113 ) ) ;
#8247 =( GEOMETRIC_REPRESENTATION_CONTEXT ( 3 ) GLOBAL_UNCERTAINTY_ASSIGNED_CONTEXT ( ( #6651 ) ) GLOBAL_UNIT_ASSIGNED_CONTEXT ( ( #1638, #3150, #1684 ) ) REPRESENTATION_CONTEXT ( 'NONE', 'WORKASPACE' ) );
#8248 = CARTESIAN_POINT ( 'NONE',  ( -0.2330036141170959973, 0.2201134580402644148, 0.8000000000000005995 ) ) ;
#8249 = PRESENTATION_LAYER_ASSIGNMENT (  '', '', ( #933 ) ) ;
#8250 = FILL_AREA_STYLE ('',( #1469 ) ) ;
#8251 = VERTEX_POINT ( 'NONE', #3253 ) ;
#8252 = VERTEX_POINT ( 'NONE', #3307 ) ;
#8253 = CARTESIAN_POINT ( 'NONE',  ( -0.3682476114188789063, -0.1458605569835083327, 0.7999999999999997113 ) ) ;
#8254 = CARTESIAN_POINT ( 'NONE',  ( 0.4663662824128488316, 1.953339457206357155, 0.8000000000000000444 ) ) ;
#8255 = DIRECTION ( 'NONE',  ( -0.000000000000000000, -0.000000000000000000, -1.000000000000000000 ) ) ;
#8256 = CARTESIAN_POINT ( 'NONE',  ( 5.849999999999997868, -3.699999999999999289, 1.200000000000002620 ) ) ;
#8257 = FILL_AREA_STYLE_COLOUR ( '', #2147 ) ;
#8258 = FACE_OUTER_BOUND ( 'NONE', #8070, .T. ) ;
#8259 = LINE ( 'NONE', #7513, #4325 ) ;
#8260 = VECTOR ( 'NONE', #5685, 1000.000000000000000 ) ;
#8261 = CARTESIAN_POINT ( 'NONE',  ( 0.2138822115384613198, 2.122435897420880568, 0.8001000000000000334 ) ) ;
#8262 = EDGE_CURVE ( 'NONE', #4509, #2599, #7965, .T. ) ;
#8263 =( GEOMETRIC_REPRESENTATION_CONTEXT ( 3 ) GLOBAL_UNCERTAINTY_ASSIGNED_CONTEXT ( ( #2867 ) ) GLOBAL_UNIT_ASSIGNED_CONTEXT ( ( #3863, #954, #6215 ) ) REPRESENTATION_CONTEXT ( 'NONE', 'WORKASPACE' ) );
#8264 = CARTESIAN_POINT ( 'NONE',  ( 0.3906049679487177406, -0.5429487179279950393, 0.7999999999999999334 ) ) ;
#8265 = ORIENTED_EDGE ( 'NONE', *, *, #5615, .F. ) ;
#8266 = SURFACE_STYLE_FILL_AREA ( #6191 ) ;
#8267 = VERTEX_POINT ( 'NONE', #6434 ) ;
#8268 = CARTESIAN_POINT ( 'NONE',  ( 4.849999999999997868, -1.000000000000000000, 1.200000000000002620 ) ) ;
#8269 = VERTEX_POINT ( 'NONE', #7268 ) ;
#8270 = CARTESIAN_POINT ( 'NONE',  ( 5.050000000000003375, -6.257395395487771941E-15, -9.000000000000001776 ) ) ;
#8271 = CARTESIAN_POINT ( 'NONE',  ( 0.6562620403597109187, 0.02625840663264973965, 0.8000000000000001554 ) ) ;
#8272 = PRESENTATION_STYLE_ASSIGNMENT (( #8984 ) ) ;
#8273 = CARTESIAN_POINT ( 'NONE',  ( 4.849999999999996980, -4.399999999999999467, 2.900000000000000355 ) ) ;
#8274 = CARTESIAN_POINT ( 'NONE',  ( -2.299999999999999822, -2.500000000000000444, 0.8000000000000000444 ) ) ;
#8275 = CARTESIAN_POINT ( 'NONE',  ( -5.750000000000000000, 4.099999999999999645, 0.8001000000000000334 ) ) ;
#8276 = PRESENTATION_LAYER_ASSIGNMENT (  '', '', ( #3035 ) ) ;
#8277 = ORIENTED_EDGE ( 'NONE', *, *, #4960, .T. ) ;
#8278 = AXIS2_PLACEMENT_3D ( 'NONE', #1944, #9485, #5126 ) ;
#8279 = ORIENTED_EDGE ( 'NONE', *, *, #8697, .F. ) ;
#8280 = CARTESIAN_POINT ( 'NONE',  ( 0.4949758072560432876, -0.5551638535840578426, 0.8001000000000001444 ) ) ;
#8281 = STYLED_ITEM ( 'NONE', ( #143 ), #9358 ) ;
#8282 = DIRECTION ( 'NONE',  ( -1.239088197126291458E-15, -1.000000000000000000, 0.000000000000000000 ) ) ;
#8283 = PLANE ( 'NONE',  #805 ) ;
#8284 =( LENGTH_UNIT ( ) NAMED_UNIT ( * ) SI_UNIT ( .MILLI., .METRE. ) );
#8285 = DIRECTION ( 'NONE',  ( 0.000000000000000000, 1.000000000000000000, 0.000000000000000000 ) ) ;
#8286 = FILL_AREA_STYLE ('',( #4404 ) ) ;
#8287 = CARTESIAN_POINT ( 'NONE',  ( -0.2933250576561002854, 0.1698959788086973066, 0.8000000000000000444 ) ) ;
#8288 = ORIENTED_EDGE ( 'NONE', *, *, #974, .F. ) ;
#8289 = ORIENTED_EDGE ( 'NONE', *, *, #5561, .F. ) ;
#8290 = FACE_OUTER_BOUND ( 'NONE', #3135, .T. ) ;
#8291 = FILL_AREA_STYLE_COLOUR ( '', #7637 ) ;
#8292 = CARTESIAN_POINT ( 'NONE',  ( -0.1430145574905218597, 0.1537111208954990427, 0.7999999999999998224 ) ) ;
#8293 = CARTESIAN_POINT ( 'NONE',  ( 5.849999999999997868, 0.000000000000000000, -3.100000000000000089 ) ) ;
#8294 = EDGE_CURVE ( 'NONE', #8145, #9255, #3547, .T. ) ;
#8295 = EDGE_CURVE ( 'NONE', #2413, #4627, #1825, .T. ) ;
#8296 = LINE ( 'NONE', #5443, #5359 ) ;
#8297 = EDGE_LOOP ( 'NONE', ( #7799, #5738, #9592, #7296 ) ) ;
#8298 = PLANE ( 'NONE',  #437 ) ;
#8299 = CARTESIAN_POINT ( 'NONE',  ( 0.2212136069781613368, 0.04138527029665178131, 0.8001000000000000334 ) ) ;
#8300 = ORIENTED_EDGE ( 'NONE', *, *, #9357, .F. ) ;
#8301 = CARTESIAN_POINT ( 'NONE',  ( 0.4679487179487177295, -1.163461538440815568, 0.8001000000000000334 ) ) ;
#8302 =( NAMED_UNIT ( * ) PLANE_ANGLE_UNIT ( ) SI_UNIT ( $, .RADIAN. ) );
#8303 = CARTESIAN_POINT ( 'NONE',  ( -0.2163643518389606613, -0.2076634613785063033, 0.8001000000000000334 ) ) ;
#8304 =( NAMED_UNIT ( * ) SI_UNIT ( $, .STERADIAN. ) SOLID_ANGLE_UNIT ( ) );
#8305 = ADVANCED_FACE ( 'NONE', ( #5650 ), #2011, .T. ) ;
#8306 = CARTESIAN_POINT ( 'NONE',  ( 0.6115113256300519495, 1.751317275927760431, 0.7999999999999998224 ) ) ;
#8307 = CARTESIAN_POINT ( 'NONE',  ( -0.2063301282051284991, 1.733954326908059951, 0.8000000000000000444 ) ) ;
#8308 = LINE ( 'NONE', #3791, #535 ) ;
#8309 = CARTESIAN_POINT ( 'NONE',  ( -0.3500000000000002554, -1.882692307684061150, 0.8000000000000000444 ) ) ;
#8310 = ORIENTED_EDGE ( 'NONE', *, *, #6974, .T. ) ;
#8311 = CARTESIAN_POINT ( 'NONE',  ( 4.849999999999997868, -3.699999999999999289, 2.699999999999997957 ) ) ;
#8312 = ORIENTED_EDGE ( 'NONE', *, *, #4454, .F. ) ;
#8313 = FILL_AREA_STYLE ('',( #8406 ) ) ;
#8314 = VERTEX_POINT ( 'NONE', #2784 ) ;
#8315 = DIRECTION ( 'NONE',  ( 0.000000000000000000, 0.000000000000000000, 1.000000000000000000 ) ) ;
#8316 =( NAMED_UNIT ( * ) PLANE_ANGLE_UNIT ( ) SI_UNIT ( $, .RADIAN. ) );
#8317 = CARTESIAN_POINT ( 'NONE',  ( -0.02499261251808280321, 0.1451436875834681284, 0.7999999999999999334 ) ) ;
#8318 = CARTESIAN_POINT ( 'NONE',  ( -0.2652043231611235785, -0.05126240016452250636, 0.8001000000000000334 ) ) ;
#8319 = CARTESIAN_POINT ( 'NONE',  ( 4.450000000000000178, 4.799999999999999822, 0.8000000000000000444 ) ) ;
#8320 = ORIENTED_EDGE ( 'NONE', *, *, #1216, .T. ) ;
#8321 = CARTESIAN_POINT ( 'NONE',  ( -0.2456602722329259136, 0.04780944865818712031, 0.8000999999999998114 ) ) ;
#8322 = ORIENTED_EDGE ( 'NONE', *, *, #2117, .T. ) ;
#8323 = CARTESIAN_POINT ( 'NONE',  ( 0.6695765428646324180, -1.174445788044391481, 0.7999999999999999334 ) ) ;
#8324 = PLANE ( 'NONE',  #945 ) ;
#8325 = FILL_AREA_STYLE_COLOUR ( '', #3374 ) ;
#8326 =( NAMED_UNIT ( * ) SI_UNIT ( $, .STERADIAN. ) SOLID_ANGLE_UNIT ( ) );
#8327 = LINE ( 'NONE', #9050, #5683 ) ;
#8328 = DIRECTION ( 'NONE',  ( 0.000000000000000000, 1.000000000000000000, 0.000000000000000000 ) ) ;
#8329 = CARTESIAN_POINT ( 'NONE',  ( -0.3395728448168258695, 0.1026530984436353766, 0.7999999999999999334 ) ) ;
#8330 = ORIENTED_EDGE ( 'NONE', *, *, #7595, .T. ) ;
#8331 =( GEOMETRIC_REPRESENTATION_CONTEXT ( 3 ) GLOBAL_UNCERTAINTY_ASSIGNED_CONTEXT ( ( #2560 ) ) GLOBAL_UNIT_ASSIGNED_CONTEXT ( ( #4058, #812, #860 ) ) REPRESENTATION_CONTEXT ( 'NONE', 'WORKASPACE' ) );
#8332 = VECTOR ( 'NONE', #3173, 1000.000000000000114 ) ;
#8333 = ORIENTED_EDGE ( 'NONE', *, *, #3416, .T. ) ;
#8334 = UNCERTAINTY_MEASURE_WITH_UNIT (LENGTH_MEASURE( 1.000000000000000082E-05 ), #605, 'distance_accuracy_value', 'NONE');
#8335 = CARTESIAN_POINT ( 'NONE',  ( 0.4049679883922788215, 2.095840718521559509, 0.8000000000000004885 ) ) ;
#8336 = FACE_OUTER_BOUND ( 'NONE', #8579, .T. ) ;
#8337 = CARTESIAN_POINT ( 'NONE',  ( -0.2652043231611235785, -0.05126240016452250636, 0.8000000000000000444 ) ) ;
#8338 = CARTESIAN_POINT ( 'NONE',  ( 0.4538461538461536771, -0.4301282051422487540, 0.8001000000000001444 ) ) ;
#8339 = CARTESIAN_POINT ( 'NONE',  ( 0.2138822115384613198, 2.122435897420880568, 0.7999999999999998224 ) ) ;
#8340 = CARTESIAN_POINT ( 'NONE',  ( 5.616666666666662699, 1.233333333333334947, 2.933333333333330906 ) ) ;
#8341 = CARTESIAN_POINT ( 'NONE',  ( 0.6650899806807312187, -0.9304937115921274593, 0.8001000000000001444 ) ) ;
#8342 = ORIENTED_EDGE ( 'NONE', *, *, #6961, .F. ) ;
#8343 = FILL_AREA_STYLE ('',( #4475 ) ) ;
#8344 = MECHANICAL_DESIGN_GEOMETRIC_PRESENTATION_REPRESENTATION (  '', ( #1821 ), #409 ) ;
#8345 = CARTESIAN_POINT ( 'NONE',  ( 4.849999999999996980, 1.000000000000000222, -8.799999999999997158 ) ) ;
#8346 = VERTEX_POINT ( 'NONE', #5787 ) ;
#8347 = EDGE_CURVE ( 'NONE', #5749, #8081, #769, .T. ) ;
#8348 = DIRECTION ( 'NONE',  ( -1.000000000000000000, 0.000000000000000000, -0.000000000000000000 ) ) ;
#8349 = CARTESIAN_POINT ( 'NONE',  ( 5.849999999999997868, 0.000000000000000000, -3.100000000000000089 ) ) ;
#8350 = PLANE ( 'NONE',  #9433 ) ;
#8351 = CARTESIAN_POINT ( 'NONE',  ( 0.6091947115384613864, 1.759294871779854663, 0.8001000000000000334 ) ) ;
#8352 = SURFACE_STYLE_USAGE ( .BOTH. , #332 ) ;
#8353 =( GEOMETRIC_REPRESENTATION_CONTEXT ( 3 ) GLOBAL_UNCERTAINTY_ASSIGNED_CONTEXT ( ( #7240 ) ) GLOBAL_UNIT_ASSIGNED_CONTEXT ( ( #6281, #5542, #8708 ) ) REPRESENTATION_CONTEXT ( 'NONE', 'WORKASPACE' ) );
#8354 = CARTESIAN_POINT ( 'NONE',  ( -0.3500000000000002554, 2.348076923060551824, 0.8001000000000000334 ) ) ;
#8355 = DIRECTION ( 'NONE',  ( -1.239088197126290669E-15, -1.000000000000000000, 0.000000000000000000 ) ) ;
#8356 = ORIENTED_EDGE ( 'NONE', *, *, #7155, .T. ) ;
#8357 = FILL_AREA_STYLE ('',( #7719 ) ) ;
#8358 = ORIENTED_EDGE ( 'NONE', *, *, #8035, .F. ) ;
#8359 = ADVANCED_FACE ( 'NONE', ( #2588 ), #7314, .T. ) ;
#8360 = VECTOR ( 'NONE', #9700, 1000.000000000000000 ) ;
#8361 = ADVANCED_FACE ( 'NONE', ( #1876 ), #543, .F. ) ;
#8362 = ORIENTED_EDGE ( 'NONE', *, *, #4973, .F. ) ;
#8363 =( LENGTH_UNIT ( ) NAMED_UNIT ( * ) SI_UNIT ( .MILLI., .METRE. ) );
#8364 = CARTESIAN_POINT ( 'NONE',  ( 0.6140523351474652669, 1.973442985357165780, 0.8001000000000003665 ) ) ;
#8365 = FILL_AREA_STYLE_COLOUR ( '', #5612 ) ;
#8366 = CARTESIAN_POINT ( 'NONE',  ( 0.07336615579364504092, -0.003468244684499425991, 0.8000000000000000444 ) ) ;
#8367 = CARTESIAN_POINT ( 'NONE',  ( 4.849999999999996980, 1.000000000000000444, -3.100000000000000089 ) ) ;
#8368 = MECHANICAL_DESIGN_GEOMETRIC_PRESENTATION_REPRESENTATION (  '', ( #2491 ), #5063 ) ;
#8369 = VERTEX_POINT ( 'NONE', #4579 ) ;
#8370 = ORIENTED_EDGE ( 'NONE', *, *, #2811, .F. ) ;
#8371 = VERTEX_POINT ( 'NONE', #3033 ) ;
#8372 = MECHANICAL_DESIGN_GEOMETRIC_PRESENTATION_REPRESENTATION (  '', ( #5852 ), #5859 ) ;
#8373 = PRESENTATION_STYLE_ASSIGNMENT (( #7634 ) ) ;
#8374 = CARTESIAN_POINT ( 'NONE',  ( 0.6371794871794869142, 1.318589743574726469, 0.8001000000000000334 ) ) ;
#8375 = CARTESIAN_POINT ( 'NONE',  ( 5.849999999999997868, -3.699999999999999289, 2.900000000000000355 ) ) ;
#8376 = FACE_OUTER_BOUND ( 'NONE', #2311, .T. ) ;
#8377 = CARTESIAN_POINT ( 'NONE',  ( -0.3782051282051285268, -0.06037660257814608106, 0.8000000000000000444 ) ) ;
#8378 = EDGE_CURVE ( 'NONE', #4758, #258, #7144, .T. ) ;
#8379 = ORIENTED_EDGE ( 'NONE', *, *, #5646, .F. ) ;
#8380 = ORIENTED_EDGE ( 'NONE', *, *, #209, .F. ) ;
#8381 = PRESENTATION_STYLE_ASSIGNMENT (( #9103 ) ) ;
#8382 =( NAMED_UNIT ( * ) SI_UNIT ( $, .STERADIAN. ) SOLID_ANGLE_UNIT ( ) );
#8383 = DIRECTION ( 'NONE',  ( 1.239088197126291458E-15, 1.000000000000000000, 0.000000000000000000 ) ) ;
#8384 = CARTESIAN_POINT ( 'NONE',  ( 0.7510763358942418311, -0.7734108613063067628, 0.8000000000000001554 ) ) ;
#8385 = LINE ( 'NONE', #9110, #3782 ) ;
#8386 = CARTESIAN_POINT ( 'NONE',  ( -0.3769141664074866505, -0.01761748020088924060, 0.8000000000000002665 ) ) ;
#8387 = DIRECTION ( 'NONE',  ( -0.7071067811865514585, 8.761676666762191039E-16, -0.7071067811865435759 ) ) ;
#8388 = EDGE_CURVE ( 'NONE', #6617, #5845, #4478, .T. ) ;
#8389 = STYLED_ITEM ( 'NONE', ( #975 ), #62 ) ;
#8390 = PRESENTATION_STYLE_ASSIGNMENT (( #7553 ) ) ;
#8391 = ORIENTED_EDGE ( 'NONE', *, *, #6858, .F. ) ;
#8392 = CARTESIAN_POINT ( 'NONE',  ( 4.850000000000002309, -6.009577756062511756E-15, -3.100000000000000089 ) ) ;
#8393 = SURFACE_STYLE_USAGE ( .BOTH. , #8968 ) ;
#8394 = CARTESIAN_POINT ( 'NONE',  ( -0.1180971242735293081, -0.2793901732365403068, 0.8001000000000000334 ) ) ;
#8395 = CARTESIAN_POINT ( 'NONE',  ( 5.849999999999997868, -3.699999999999999289, 1.200000000000002620 ) ) ;
#8396 = VECTOR ( 'NONE', #9615, 1000.000000000000000 ) ;
#8397 =( GEOMETRIC_REPRESENTATION_CONTEXT ( 3 ) GLOBAL_UNCERTAINTY_ASSIGNED_CONTEXT ( ( #8033 ) ) GLOBAL_UNIT_ASSIGNED_CONTEXT ( ( #3144, #3889, #4586 ) ) REPRESENTATION_CONTEXT ( 'NONE', 'WORKASPACE' ) );
#8398 = CARTESIAN_POINT ( 'NONE',  ( 0.05559664922731202136, -0.7516085032273222000, 0.8001000000000000334 ) ) ;
#8399 = CARTESIAN_POINT ( 'NONE',  ( 4.849999999999996980, 1.000000000000000444, 1.200000000000002620 ) ) ;
#8400 = EDGE_CURVE ( 'NONE', #2543, #1499, #4377, .T. ) ;
#8401 = CARTESIAN_POINT ( 'NONE',  ( -5.750000000000000000, 4.099999999999999645, 0.8001000000000000334 ) ) ;
#8402 = VERTEX_POINT ( 'NONE', #1475 ) ;
#8403 =( GEOMETRIC_REPRESENTATION_CONTEXT ( 3 ) GLOBAL_UNCERTAINTY_ASSIGNED_CONTEXT ( ( #8904 ) ) GLOBAL_UNIT_ASSIGNED_CONTEXT ( ( #4675, #3924, #8484 ) ) REPRESENTATION_CONTEXT ( 'NONE', 'WORKASPACE' ) );
#8404 =( NAMED_UNIT ( * ) SI_UNIT ( $, .STERADIAN. ) SOLID_ANGLE_UNIT ( ) );
#8405 = ORIENTED_EDGE ( 'NONE', *, *, #8813, .T. ) ;
#8406 = FILL_AREA_STYLE_COLOUR ( '', #5577 ) ;
#8407 = ORIENTED_EDGE ( 'NONE', *, *, #9006, .F. ) ;
#8408 = CARTESIAN_POINT ( 'NONE',  ( 0.7168879398995340324, 1.810519859678527244, 0.8000000000000004885 ) ) ;
#8409 = PRESENTATION_LAYER_ASSIGNMENT (  '', '', ( #9180 ) ) ;
#8410 = DIRECTION ( 'NONE',  ( -1.239088197126290669E-15, -1.000000000000000000, 0.000000000000000000 ) ) ;
#8411 = CARTESIAN_POINT ( 'NONE',  ( 0.4394870070887810787, 2.083595228841804037, 0.8001000000000000334 ) ) ;
#8412 = DIRECTION ( 'NONE',  ( -0.000000000000000000, -0.000000000000000000, 1.000000000000000000 ) ) ;
#8413 =( LENGTH_UNIT ( ) NAMED_UNIT ( * ) SI_UNIT ( .MILLI., .METRE. ) );
#8414 = SURFACE_SIDE_STYLE ('',( #6104 ) ) ;
#8415 = EDGE_CURVE ( 'NONE', #498, #7165, #2498, .T. ) ;
#8416 = ADVANCED_FACE ( 'NONE', ( #3737, #5242 ), #7507, .T. ) ;
#8417 = ORIENTED_EDGE ( 'NONE', *, *, #9807, .T. ) ;
#8418 = VECTOR ( 'NONE', #7877, 1000.000000000000000 ) ;
#8419 =( LENGTH_UNIT ( ) NAMED_UNIT ( * ) SI_UNIT ( .MILLI., .METRE. ) );
#8420 = ORIENTED_EDGE ( 'NONE', *, *, #1398, .T. ) ;
#8421 = COLOUR_RGB ( '',0.9254901960784314152, 0.9254901960784314152, 0.9254901960784314152 ) ;
#8422 = SURFACE_SIDE_STYLE ('',( #70 ) ) ;
#8423 = CARTESIAN_POINT ( 'NONE',  ( 0.000000000000000000, 0.000000000000000000, 0.8000000000000000444 ) ) ;
#8424 = PRESENTATION_LAYER_ASSIGNMENT (  '', '', ( #2051 ) ) ;
#8425 = FILL_AREA_STYLE_COLOUR ( '', #5806 ) ;
#8426 = CARTESIAN_POINT ( 'NONE',  ( 0.2277644230769228784, 0.2516426281910846829, 0.8001000000000000334 ) ) ;
#8427 = CARTESIAN_POINT ( 'NONE',  ( 0.3775934185024158452, -0.6418673293196720531, 0.8000000000000000444 ) ) ;
#8428 = CARTESIAN_POINT ( 'NONE',  ( 0.4399053336405474579, 1.969971286376690278, 0.8000000000000002665 ) ) ;
#8429 = DIRECTION ( 'NONE',  ( 0.000000000000000000, 1.000000000000000000, 0.000000000000000000 ) ) ;
#8430 = VERTEX_POINT ( 'NONE', #8301 ) ;
#8431 = VERTEX_POINT ( 'NONE', #4528 ) ;
#8432 = AXIS2_PLACEMENT_3D ( 'NONE', #3355, #989, #9270 ) ;
#8433 = STYLED_ITEM ( 'NONE', ( #253 ), #6910 ) ;
#8434 = CARTESIAN_POINT ( 'NONE',  ( -0.02499261251808280321, 0.1451436875834681284, 0.8000000000000000444 ) ) ;
#8435 = ADVANCED_FACE ( 'NONE', ( #735 ), #8870, .T. ) ;
#8436 = CARTESIAN_POINT ( 'NONE',  ( 0.6455934806781598034, -1.194058115792377306, 0.8001000000000000334 ) ) ;
#8437 =( LENGTH_UNIT ( ) NAMED_UNIT ( * ) SI_UNIT ( .MILLI., .METRE. ) );
#8438 = DIRECTION ( 'NONE',  ( -0.000000000000000000, -0.000000000000000000, -1.000000000000000000 ) ) ;
#8439 = B_SPLINE_CURVE_WITH_KNOTS ( 'NONE', 3,
 ( #8974, #2840, #2070, #4384, #743, #3792, #9667, #6830, #5307, #4535, #696, #6624, #8876, #4338, #598, #6779, #3, #2120, #5251 ),
 .UNSPECIFIED., .F., .F.,
 ( 4, 1, 1, 1, 1, 1, 1, 1, 1, 1, 1, 1, 1, 1, 1, 1, 4 ),
 ( 0.000000000000000000, 0.06690662416583222083, 0.1334803302886845011, 0.2010274204765033212, 0.2716344039337291183, 0.3429051402498357048, 0.4138585693313771574, 0.4859962999893173152, 0.5602463926947398587, 0.5998994981200210797, 0.6440684660542881357, 0.6919037266803907960, 0.7446972984313615651, 0.8014993745281397963, 0.8628629483475627193, 0.9293310848693625559, 1.000000000000000000 ),
 .UNSPECIFIED. ) ;
#8440 = PRESENTATION_STYLE_ASSIGNMENT (( #3128 ) ) ;
#8441 = CARTESIAN_POINT ( 'NONE',  ( 5.050000000000000711, 4.400000000000000355, -9.000000000000001776 ) ) ;
#8442 = CARTESIAN_POINT ( 'NONE',  ( 4.849999999999996980, 3.700000000000000622, -8.799999999999997158 ) ) ;
#8443 = CARTESIAN_POINT ( 'NONE',  ( 0.5269159774175596889, -1.146100635339109886, 0.8000999999999998114 ) ) ;
#8444 = VERTEX_POINT ( 'NONE', #5145 ) ;
#8445 = VECTOR ( 'NONE', #3142, 1000.000000000000000 ) ;
#8446 = FACE_OUTER_BOUND ( 'NONE', #731, .T. ) ;
#8447 = SURFACE_STYLE_FILL_AREA ( #828 ) ;
#8448 =( NAMED_UNIT ( * ) SI_UNIT ( $, .STERADIAN. ) SOLID_ANGLE_UNIT ( ) );
#8449 = CARTESIAN_POINT ( 'NONE',  ( 4.849999999999997868, -3.699999999999999289, 2.900000000000000355 ) ) ;
#8450 = EDGE_CURVE ( 'NONE', #6740, #8712, #8160, .T. ) ;
#8451 =( LENGTH_UNIT ( ) NAMED_UNIT ( * ) SI_UNIT ( .MILLI., .METRE. ) );
#8452 = DIRECTION ( 'NONE',  ( 0.000000000000000000, -1.000000000000000000, 0.000000000000000000 ) ) ;
#8453 = AXIS2_PLACEMENT_3D ( 'NONE', #6645, #5809, #7292 ) ;
#8454 = PLANE ( 'NONE',  #1685 ) ;
#8455 = LINE ( 'NONE', #3740, #752 ) ;
#8456 = DIRECTION ( 'NONE',  ( -1.000000000000000000, 0.000000000000000000, 0.000000000000000000 ) ) ;
#8457 =( NAMED_UNIT ( * ) PLANE_ANGLE_UNIT ( ) SI_UNIT ( $, .RADIAN. ) );
#8458 = PRESENTATION_STYLE_ASSIGNMENT (( #6143 ) ) ;
#8459 = CARTESIAN_POINT ( 'NONE',  ( 0.4784395523021725549, -1.161034082839174753, 0.8000000000000001554 ) ) ;
#8460 = COLOUR_RGB ( '',0.9254901960784314152, 0.9254901960784314152, 0.9254901960784314152 ) ;
#8461 =( LENGTH_UNIT ( ) NAMED_UNIT ( * ) SI_UNIT ( .MILLI., .METRE. ) );
#8462 = ORIENTED_EDGE ( 'NONE', *, *, #3139, .T. ) ;
#8463 = CARTESIAN_POINT ( 'NONE',  ( 0.7498648883245576657, 1.576995078705806019, 0.8001000000000000334 ) ) ;
#8464 = EDGE_CURVE ( 'NONE', #3159, #6679, #1628, .T. ) ;
#8465 = PRESENTATION_STYLE_ASSIGNMENT (( #5461 ) ) ;
#8466 = CARTESIAN_POINT ( 'NONE',  ( 0.5895752147842530100, 1.995259506624890156, 0.8000999999999999224 ) ) ;
#8467 = CARTESIAN_POINT ( 'NONE',  ( -5.750000000000000000, 1.499999999999999112, -0.8001000000000000334 ) ) ;
#8468 = LINE ( 'NONE', #7273, #3088 ) ;
#8469 = DIRECTION ( 'NONE',  ( -0.5773502691896273964, 0.5773502691896273964, 0.5773502691896224004 ) ) ;
#8470 =( NAMED_UNIT ( * ) SI_UNIT ( $, .STERADIAN. ) SOLID_ANGLE_UNIT ( ) );
#8471 = ORIENTED_EDGE ( 'NONE', *, *, #8631, .T. ) ;
#8472 = ORIENTED_EDGE ( 'NONE', *, *, #9621, .F. ) ;
#8473 = SURFACE_SIDE_STYLE ('',( #9191 ) ) ;
#8474 = VERTEX_POINT ( 'NONE', #8495 ) ;
#8475 = EDGE_CURVE ( 'NONE', #9235, #460, #1767, .T. ) ;
#8476 = FACE_OUTER_BOUND ( 'NONE', #4905, .T. ) ;
#8477 = LINE ( 'NONE', #7084, #1657 ) ;
#8478 = DIRECTION ( 'NONE',  ( 0.000000000000000000, 0.000000000000000000, -1.000000000000000000 ) ) ;
#8479 = ORIENTED_EDGE ( 'NONE', *, *, #8142, .F. ) ;
#8480 = EDGE_LOOP ( 'NONE', ( #5533, #8750, #2216, #2494 ) ) ;
#8481 = VECTOR ( 'NONE', #1133, 1000.000000000000000 ) ;
#8482 = EDGE_CURVE ( 'NONE', #2258, #3108, #927, .T. ) ;
#8483 = CARTESIAN_POINT ( 'NONE',  ( -0.2298582140490801895, 1.596889910809807134, 0.7999999999999998224 ) ) ;
#8484 =( NAMED_UNIT ( * ) SI_UNIT ( $, .STERADIAN. ) SOLID_ANGLE_UNIT ( ) );
#8485 = DIRECTION ( 'NONE',  ( -0.000000000000000000, -0.000000000000000000, 1.000000000000000000 ) ) ;
#8486 = LINE ( 'NONE', #5489, #2650 ) ;
#8487 = AXIS2_PLACEMENT_3D ( 'NONE', #9147, #7086, #3865 ) ;
#8488 = PRESENTATION_LAYER_ASSIGNMENT (  '', '', ( #1960 ) ) ;
#8489 = CARTESIAN_POINT ( 'NONE',  ( 0.5961624026485794481, 0.1418560220037874964, 0.8000000000000003775 ) ) ;
#8490 = CARTESIAN_POINT ( 'NONE',  ( -0.3500000000000002554, 2.446794871778500635, 0.8000000000000000444 ) ) ;
#8491 = VERTEX_POINT ( 'NONE', #4633 ) ;
#8492 = DIRECTION ( 'NONE',  ( 0.000000000000000000, 0.000000000000000000, -1.000000000000000000 ) ) ;
#8493 = CARTESIAN_POINT ( 'NONE',  ( 0.2044027747038919263, -0.05783369559343533306, 0.8000999999999999224 ) ) ;
#8494 = COLOUR_RGB ( '',1.000000000000000000, 1.000000000000000000, 1.000000000000000000 ) ;
#8495 = CARTESIAN_POINT ( 'NONE',  ( 5.649999999999995026, -4.199999999999998401, -9.000000000000001776 ) ) ;
#8496 = CARTESIAN_POINT ( 'NONE',  ( -0.3478883130078150310, 1.552565214062666454, 0.8001000000000001444 ) ) ;
#8497 = PLANE ( 'NONE',  #5289 ) ;
#8498 = CARTESIAN_POINT ( 'NONE',  ( 0.2191706730769228395, 2.446794871778500635, 0.8001000000000000334 ) ) ;
#8499 = CARTESIAN_POINT ( 'NONE',  ( 0.4232171474358971675, 0.3173076922936488020, 0.8001000000000000334 ) ) ;
#8500 = DIRECTION ( 'NONE',  ( 1.000000000000000000, 0.000000000000000000, 0.000000000000000000 ) ) ;
#8501 = PRESENTATION_LAYER_ASSIGNMENT (  '', '', ( #869 ) ) ;
#8502 =( LENGTH_UNIT ( ) NAMED_UNIT ( * ) SI_UNIT ( .MILLI., .METRE. ) );
#8503 = EDGE_CURVE ( 'NONE', #6914, #5364, #3985, .T. ) ;
#8504 = CARTESIAN_POINT ( 'NONE',  ( 0.2901463904483164158, 0.1602836069314855505, 0.8000000000000005995 ) ) ;
#8505 = ORIENTED_EDGE ( 'NONE', *, *, #338, .T. ) ;
#8506 = DIRECTION ( 'NONE',  ( -1.000000000000000000, 0.000000000000000000, 0.000000000000000000 ) ) ;
#8507 =( NAMED_UNIT ( * ) PLANE_ANGLE_UNIT ( ) SI_UNIT ( $, .RADIAN. ) );
#8508 = CARTESIAN_POINT ( 'NONE',  ( 0.5147611124290797369, 0.3055609289359788594, 0.8001000000000001444 ) ) ;
#8509 = DIRECTION ( 'NONE',  ( 1.000000000000000000, 0.000000000000000000, 0.000000000000000000 ) ) ;
#8510 = CARTESIAN_POINT ( 'NONE',  ( 0.3864182692307689959, -0.6416666666459438506, 0.8001000000000000334 ) ) ;
#8511 = CARTESIAN_POINT ( 'NONE',  ( 0.000000000000000000, -1.699999999999999734, -3.100000000000000089 ) ) ;
#8512 = ORIENTED_EDGE ( 'NONE', *, *, #4139, .T. ) ;
#8513 = ORIENTED_EDGE ( 'NONE', *, *, #7716, .F. ) ;
#8514 = DIRECTION ( 'NONE',  ( 1.000000000000000000, 0.000000000000000000, 0.000000000000000000 ) ) ;
#8515 = ORIENTED_EDGE ( 'NONE', *, *, #8415, .T. ) ;
#8516 = CARTESIAN_POINT ( 'NONE',  ( 0.7499999999999997780, 1.560757211523444488, 0.8001000000000000334 ) ) ;
#8517 = FACE_BOUND ( 'NONE', #8789, .T. ) ;
#8518 = DIRECTION ( 'NONE',  ( 1.000000000000000000, 0.000000000000000000, 0.000000000000000000 ) ) ;
#8519 = CARTESIAN_POINT ( 'NONE',  ( -0.3780214831848045520, -0.07023061828719610877, 0.8001000000000001444 ) ) ;
#8520 = CARTESIAN_POINT ( 'NONE',  ( 0.6460157366945253887, -0.8140284398351925743, 0.7999999999999999334 ) ) ;
#8521 = DIRECTION ( 'NONE',  ( 0.000000000000000000, 1.000000000000000000, 0.000000000000000000 ) ) ;
#8522 = CARTESIAN_POINT ( 'NONE',  ( 0.5708249594957610640, 1.844378372313366876, 0.8001000000000003665 ) ) ;
#8523 = ADVANCED_FACE ( 'NONE', ( #4832 ), #7663, .T. ) ;
#8524 = VERTEX_POINT ( 'NONE', #3086 ) ;
#8525 = ORIENTED_EDGE ( 'NONE', *, *, #115, .F. ) ;
#8526 = CARTESIAN_POINT ( 'NONE',  ( -0.2371794871794874193, 1.395933493574726514, 0.8000000000000000444 ) ) ;
#8527 = CARTESIAN_POINT ( 'NONE',  ( 0.7782051282051279939, -0.9265825320305592916, 0.8000000000000002665 ) ) ;
#8528 = CARTESIAN_POINT ( 'NONE',  ( -0.2254399731113726213, 1.637086959731255398, 0.8001000000000002554 ) ) ;
#8529 = CARTESIAN_POINT ( 'NONE',  ( -0.1660360204578115451, 1.828048649592185049, 0.8000999999999998114 ) ) ;
#8530 = VECTOR ( 'NONE', #491, 1000.000000000000000 ) ;
#8531 = CARTESIAN_POINT ( 'NONE',  ( 0.000000000000000000, 1.200000000000002620, -9.000000000000001776 ) ) ;
#8532 = ADVANCED_FACE ( 'NONE', ( #1580 ), #6182, .T. ) ;
#8533 = ORIENTED_EDGE ( 'NONE', *, *, #3235, .F. ) ;
#8534 = UNCERTAINTY_MEASURE_WITH_UNIT (LENGTH_MEASURE( 1.000000000000000082E-05 ), #6539, 'distance_accuracy_value', 'NONE');
#8535 = ADVANCED_FACE ( 'NONE', ( #3294 ), #2478, .T. ) ;
#8536 = SURFACE_STYLE_USAGE ( .BOTH. , #4075 ) ;
#8537 =( NAMED_UNIT ( * ) PLANE_ANGLE_UNIT ( ) SI_UNIT ( $, .RADIAN. ) );
#8538 = CARTESIAN_POINT ( 'NONE',  ( -0.3203563814745485350, 1.760719340637038277, 0.8000000000000001554 ) ) ;
#8539 = CARTESIAN_POINT ( 'NONE',  ( -4.400000000000000355, 4.549999999999998934, 0.8001000000000000334 ) ) ;
#8540 = B_SPLINE_SURFACE_WITH_KNOTS ( 'NONE', 3, 1, ( 
 ( #4441, #7423 ),
 ( #5675, #7889 ),
 ( #3657, #6734 ),
 ( #2081, #607 ),
 ( #8175, #2613 ),
 ( #4391, #1063 ),
 ( #5952, #559 ),
 ( #3561, #7194 ),
 ( #6586, #8659 ),
 ( #377, #9722 ),
 ( #5850, #2950 ),
 ( #2029, #9574 ),
 ( #5997, #4347 ),
 ( #9622, #1338 ),
 ( #2849, #5901 ),
 ( #4121, #1852 ),
 ( #8931, #5116 ),
 ( #8222, #8983 ),
 ( #6686, #662 ) ),
 .UNSPECIFIED., .F., .F., .F.,
 ( 4, 1, 1, 1, 1, 1, 1, 1, 1, 1, 1, 1, 1, 1, 1, 1, 4 ),
 ( 2, 2 ),
 ( 0.000000000000000000, 0.07015117599727846431, 0.1378126061901916999, 0.2032262471813942040, 0.2671740552944738001, 0.3300240034081792784, 0.3917942717866853553, 0.4530843989971408692, 0.5143339076458776082, 0.5749999928182690789, 0.6348654826222127623, 0.6941163151896417860, 0.7534416217804384974, 0.8131258003036120341, 0.8740796856370753876, 0.9360070132744072735, 1.000000000000000000 ),
 ( 0.000000000000000000, 1.000000000000000000 ),
 .UNSPECIFIED. ) ;
#8541 = CARTESIAN_POINT ( 'NONE',  ( -0.2653846153846156630, -0.05905448719353069420, 0.8001000000000000334 ) ) ;
#8542 = VECTOR ( 'NONE', #7497, 1000.000000000000000 ) ;
#8543 = CARTESIAN_POINT ( 'NONE',  ( 0.2270829890987020594, 0.06068710858596206015, 0.8001000000000000334 ) ) ;
#8544 = ORIENTED_EDGE ( 'NONE', *, *, #2869, .T. ) ;
#8545 = VECTOR ( 'NONE', #1371, 1000.000000000000000 ) ;
#8546 = CARTESIAN_POINT ( 'NONE',  ( -0.1036099248429173669, -0.2858024031166957468, 0.8001000000000001444 ) ) ;
#8547 = PRESENTATION_LAYER_ASSIGNMENT (  '', '', ( #4118 ) ) ;
#8548 = FACE_OUTER_BOUND ( 'NONE', #922, .T. ) ;
#8549 = EDGE_CURVE ( 'NONE', #2404, #498, #430, .T. ) ;
#8550 = FACE_OUTER_BOUND ( 'NONE', #91, .T. ) ;
#8551 = CARTESIAN_POINT ( 'NONE',  ( -0.3782051282051285268, -0.06037660257814608106, 0.8001000000000000334 ) ) ;
#8552 =( NAMED_UNIT ( * ) SI_UNIT ( $, .STERADIAN. ) SOLID_ANGLE_UNIT ( ) );
#8553 = LINE ( 'NONE', #7777, #4990 ) ;
#8554 = SURFACE_STYLE_FILL_AREA ( #7730 ) ;
#8555 = VECTOR ( 'NONE', #1541, 1000.000000000000227 ) ;
#8556 = VERTEX_POINT ( 'NONE', #9497 ) ;
#8557 = ORIENTED_EDGE ( 'NONE', *, *, #2337, .F. ) ;
#8558 = FILL_AREA_STYLE ('',( #5564 ) ) ;
#8559 = ORIENTED_EDGE ( 'NONE', *, *, #5973, .F. ) ;
#8560 = CARTESIAN_POINT ( 'NONE',  ( 4.099999999999997868, -4.749999999999999112, -3.100000000000000089 ) ) ;
#8561 = SURFACE_SIDE_STYLE ('',( #3417 ) ) ;
#8562 = FACE_OUTER_BOUND ( 'NONE', #8193, .T. ) ;
#8563 = FACE_BOUND ( 'NONE', #336, .T. ) ;
#8564 = DIRECTION ( 'NONE',  ( 1.000000000000000000, 0.000000000000000000, 0.000000000000000000 ) ) ;
#8565 = CARTESIAN_POINT ( 'NONE',  ( -5.750000000000000000, 1.499999999999999112, -0.8000000000000000444 ) ) ;
#8566 = SURFACE_SIDE_STYLE ('',( #2410 ) ) ;
#8567 = COLOUR_RGB ( '',0.9254901960784314152, 0.9254901960784314152, 0.9254901960784314152 ) ;
#8568 = CARTESIAN_POINT ( 'NONE',  ( 0.4911733234257726344, 1.934977365502690283, 0.8000000000000002665 ) ) ;
#8569 = EDGE_LOOP ( 'NONE', ( #1277, #4306, #8817, #164, #1159, #6836, #5534, #1895, #948, #4417, #6899, #4806, #3314, #4508 ) ) ;
#8570 = VERTEX_POINT ( 'NONE', #4132 ) ;
#8571 = CARTESIAN_POINT ( 'NONE',  ( 0.5744741441616556532, -1.118540637334211496, 0.8000000000000003775 ) ) ;
#8572 = EDGE_CURVE ( 'NONE', #8830, #7065, #2622, .T. ) ;
#8573 = CARTESIAN_POINT ( 'NONE',  ( 0.6695765428646324180, -1.174445788044391481, 0.8000000000000001554 ) ) ;
#8574 = CARTESIAN_POINT ( 'NONE',  ( 4.849999999999997868, -3.699999999999999289, 2.699999999999997957 ) ) ;
#8575 = CARTESIAN_POINT ( 'NONE',  ( 0.4679487179487177295, -1.262179487158764601, 0.8001000000000000334 ) ) ;
#8576 = AXIS2_PLACEMENT_3D ( 'NONE', #7542, #9058, #9106 ) ;
#8577 = PRESENTATION_STYLE_ASSIGNMENT (( #8617 ) ) ;
#8578 = CARTESIAN_POINT ( 'NONE',  ( 0.1473497954897450279, -0.8499408046255811922, 0.8001000000000002554 ) ) ;
#8579 = EDGE_LOOP ( 'NONE', ( #43, #6349, #8903, #9684 ) ) ;
#8580 = VECTOR ( 'NONE', #7269, 1000.000000000000000 ) ;
#8581 = ORIENTED_EDGE ( 'NONE', *, *, #5253, .T. ) ;
#8582 = CARTESIAN_POINT ( 'NONE',  ( 4.250000000000003553, -2.800000000000003375, -10.40000000000000391 ) ) ;
#8583 = ADVANCED_FACE ( 'NONE', ( #7300 ), #488, .T. ) ;
#8584 = DIRECTION ( 'NONE',  ( -0.000000000000000000, 0.7071067811865505703, -0.7071067811865444641 ) ) ;
#8585 = STYLED_ITEM ( 'NONE', ( #3052 ), #6808 ) ;
#8587 = CARTESIAN_POINT ( 'NONE',  ( 0.1435897435897433294, -0.9069711538254310312, 0.8001000000000000334 ) ) ;
#8586 = B_SPLINE_CURVE_WITH_KNOTS ( 'NONE', 3,
 ( #643, #2010, #1373, #5786, #5097, #6770, #9657, #4421, #7313, #8111, #6668, #8965, #8159, #7458, #8253, #1426, #3690, #5241, #3640 ),
 .UNSPECIFIED., .F., .F.,
 ( 4, 1, 1, 1, 1, 1, 1, 1, 1, 1, 1, 1, 1, 1, 1, 1, 4 ),
 ( 0.000000000000000000, 0.07262534608343577947, 0.1419766113262346807, 0.2089849284189387313, 0.2739568703644449377, 0.3368893473968407881, 0.3987449534945902707, 0.4601158852788617137, 0.5208249225900292156, 0.5809944586324855553, 0.6401519276014648874, 0.6986224507562547315, 0.7572710809271644417, 0.8164266940046602805, 0.8762540482034705258, 0.9371652930625372635, 0.9999999999999998890 ),
 .UNSPECIFIED. ) ;
#8588 = PLANE ( 'NONE',  #7904 ) ;
#8589 =( NAMED_UNIT ( * ) SI_UNIT ( $, .STERADIAN. ) SOLID_ANGLE_UNIT ( ) );
#8590 = EDGE_LOOP ( 'NONE', ( #5946, #7176 ) ) ;
#8591 = CARTESIAN_POINT ( 'NONE',  ( 0.1868037085510538542, -1.115041969626910490, 0.8000000000000001554 ) ) ;
#8592 = CARTESIAN_POINT ( 'NONE',  ( 0.5634422942285398639, 2.016061922005327745, 0.8000000000000001554 ) ) ;
#8593 = EDGE_CURVE ( 'NONE', #8252, #6650, #6564, .T. ) ;
#8594 = FILL_AREA_STYLE ('',( #2489 ) ) ;
#8595 = CARTESIAN_POINT ( 'NONE',  ( 0.6115113256300519495, 1.751317275927760431, 0.8000999999999998114 ) ) ;
#8596 = CARTESIAN_POINT ( 'NONE',  ( -2.450000000000000178, -2.500000000000000444, -0.8000000000000000444 ) ) ;
#8597 = DIRECTION ( 'NONE',  ( 0.000000000000000000, -1.000000000000000000, 0.000000000000000000 ) ) ;
#8598 = CARTESIAN_POINT ( 'NONE',  ( 0.1268526238787211213, 0.1426706502507076590, 0.8000000000000001554 ) ) ;
#8599 = ORIENTED_EDGE ( 'NONE', *, *, #4139, .F. ) ;
#8600 = ORIENTED_EDGE ( 'NONE', *, *, #3999, .F. ) ;
#8601 = CARTESIAN_POINT ( 'NONE',  ( 0.7155581675269803155, -0.2795588916390688294, 0.8000000000000000444 ) ) ;
#8602 = ORIENTED_EDGE ( 'NONE', *, *, #8207, .T. ) ;
#8603 = CARTESIAN_POINT ( 'NONE',  ( -5.750000000000000000, 4.099999999999999645, 0.8000000000000000444 ) ) ;
#8604 = PRESENTATION_STYLE_ASSIGNMENT (( #3368 ) ) ;
#8605 = SURFACE_SIDE_STYLE ('',( #3418 ) ) ;
#8606 = CARTESIAN_POINT ( 'NONE',  ( 0.1268526238787211213, 0.1426706502507076590, 0.8001000000000001444 ) ) ;
#8607 = CARTESIAN_POINT ( 'NONE',  ( 0.3822772282342093986, 1.996683044457248091, 0.8000000000000000444 ) ) ;
#8608 = ORIENTED_EDGE ( 'NONE', *, *, #141, .F. ) ;
#8609 = UNCERTAINTY_MEASURE_WITH_UNIT (LENGTH_MEASURE( 1.000000000000000082E-05 ), #1191, 'distance_accuracy_value', 'NONE');
#8610 = ORIENTED_EDGE ( 'NONE', *, *, #7068, .T. ) ;
#8611 = UNCERTAINTY_MEASURE_WITH_UNIT (LENGTH_MEASURE( 1.000000000000000082E-05 ), #6887, 'distance_accuracy_value', 'NONE');
#8612 = EDGE_CURVE ( 'NONE', #4150, #9682, #7254, .T. ) ;
#8613 = CARTESIAN_POINT ( 'NONE',  ( 0.6918904344913632265, -1.152817900487475455, 0.8001000000000000334 ) ) ;
#8614 =( LENGTH_UNIT ( ) NAMED_UNIT ( * ) SI_UNIT ( .MILLI., .METRE. ) );
#8615 = LINE ( 'NONE', #3926, #1213 ) ;
#8616 = CARTESIAN_POINT ( 'NONE',  ( 0.7499999999999997780, -1.360897435889189655, 0.8000000000000000444 ) ) ;
#8617 = SURFACE_STYLE_USAGE ( .BOTH. , #4026 ) ;
#8618 = CARTESIAN_POINT ( 'NONE',  ( 0.5598829675598563371, 0.1755113142408572247, 0.8001000000000002554 ) ) ;
#8619 = CARTESIAN_POINT ( 'NONE',  ( 0.3112073355946877173, -0.6513002547487980465, 0.8001000000000002554 ) ) ;
#8620 = ORIENTED_EDGE ( 'NONE', *, *, #3722, .T. ) ;
#8621 = UNCERTAINTY_MEASURE_WITH_UNIT (LENGTH_MEASURE( 1.000000000000000082E-05 ), #3249, 'distance_accuracy_value', 'NONE');
#8622 = AXIS2_PLACEMENT_3D ( 'NONE', #1545, #7425, #4444 ) ;
#8623 = ORIENTED_EDGE ( 'NONE', *, *, #6056, .T. ) ;
#8624 = CARTESIAN_POINT ( 'NONE',  ( -0.3203563814745485350, 1.760719340637038277, 0.8001000000000001444 ) ) ;
#8625 = AXIS2_PLACEMENT_3D ( 'NONE', #6428, #1081, #3445 ) ;
#8626 = LINE ( 'NONE', #1273, #7008 ) ;
#8627 = LINE ( 'NONE', #1027, #9278 ) ;
#8628 = VECTOR ( 'NONE', #3367, 1000.000000000000000 ) ;
#8629 = CARTESIAN_POINT ( 'NONE',  ( 0.2884913143857880669, -0.6593532216919431033, 0.8001000000000001444 ) ) ;
#8630 = CARTESIAN_POINT ( 'NONE',  ( 0.6517922711908460398, -1.005932111120200423, 0.8000000000000000444 ) ) ;
#8631 = EDGE_CURVE ( 'NONE', #1834, #6442, #1997, .T. ) ;
#8632 = VECTOR ( 'NONE', #359, 1000.000000000000227 ) ;
#8633 = ORIENTED_EDGE ( 'NONE', *, *, #6311, .F. ) ;
#8634 = CARTESIAN_POINT ( 'NONE',  ( -0.3500000000000002554, -1.036538461517738874, 0.8001000000000000334 ) ) ;
#8635 = DIRECTION ( 'NONE',  ( 0.7210343373407113177, 0.6928993320646522625, 0.000000000000000000 ) ) ;
#8636 = CARTESIAN_POINT ( 'NONE',  ( 0.05214342948717926723, -1.018689903825431120, 0.8000000000000000444 ) ) ;
#8637 = PRESENTATION_STYLE_ASSIGNMENT (( #1828 ) ) ;
#8638 = VECTOR ( 'NONE', #6815, 1000.000000000000000 ) ;
#8639 = CARTESIAN_POINT ( 'NONE',  ( 0.1219012299351759643, 2.117379841872306212, 0.8000000000000003775 ) ) ;
#8640 = CARTESIAN_POINT ( 'NONE',  ( 0.6426266974334300386, -0.1856211527480684242, 0.8001000000000003665 ) ) ;
#8641 = CARTESIAN_POINT ( 'NONE',  ( 0.5624724658933674126, -0.3992834978924404421, 0.8000000000000004885 ) ) ;
#8642 = EDGE_LOOP ( 'NONE', ( #764, #7779, #8379, #8976 ) ) ;
#8643 = EDGE_CURVE ( 'NONE', #3545, #520, #2721, .T. ) ;
#8644 = ORIENTED_EDGE ( 'NONE', *, *, #8450, .T. ) ;
#8645 = EDGE_CURVE ( 'NONE', #6983, #5445, #5639, .T. ) ;
#8646 = CARTESIAN_POINT ( 'NONE',  ( 0.4538461538461536771, -0.4301282051422487540, 0.8000000000000001554 ) ) ;
#8647 = ORIENTED_EDGE ( 'NONE', *, *, #3162, .T. ) ;
#8648 = DIRECTION ( 'NONE',  ( -1.000000000000000000, 0.000000000000000000, -0.000000000000000000 ) ) ;
#8649 = CARTESIAN_POINT ( 'NONE',  ( -0.3500000000000002554, -0.5852564102356874187, 0.8000000000000000444 ) ) ;
#8650 = CARTESIAN_POINT ( 'NONE',  ( 0.6206974910219560382, -0.7667504593260512369, 0.8001000000000001444 ) ) ;
#8651 = SURFACE_STYLE_FILL_AREA ( #1253 ) ;
#8652 = PLANE ( 'NONE',  #5987 ) ;
#8653 = VERTEX_POINT ( 'NONE', #1956 ) ;
#8654 = VERTEX_POINT ( 'NONE', #4222 ) ;
#8655 =( GEOMETRIC_REPRESENTATION_CONTEXT ( 3 ) GLOBAL_UNCERTAINTY_ASSIGNED_CONTEXT ( ( #472 ) ) GLOBAL_UNIT_ASSIGNED_CONTEXT ( ( #9501, #533, #4370 ) ) REPRESENTATION_CONTEXT ( 'NONE', 'WORKASPACE' ) );
#8656 = CARTESIAN_POINT ( 'NONE',  ( 0.6275237141207452574, -1.057899392700875518, 0.8000000000000005995 ) ) ;
#8657 = CARTESIAN_POINT ( 'NONE',  ( -0.09615384615384639511, -0.2891025641166076743, 0.8001000000000000334 ) ) ;
#8658 = DIRECTION ( 'NONE',  ( -0.5773502691896240657, -0.5773502691896240657, -0.5773502691896290617 ) ) ;
#8659 = CARTESIAN_POINT ( 'NONE',  ( -0.02592126411449980489, 1.965608614291275646, 0.8000000000000002665 ) ) ;
#8660 = DIRECTION ( 'NONE',  ( 0.000000000000000000, -1.000000000000000000, 0.000000000000000000 ) ) ;
#8661 = EDGE_CURVE ( 'NONE', #4748, #6383, #2669, .T. ) ;
#8662 = DIRECTION ( 'NONE',  ( -0.5773502691896240657, 0.5773502691896240657, -0.5773502691896290617 ) ) ;
#8663 = CARTESIAN_POINT ( 'NONE',  ( 0.2136618589743587426, 2.023717948702931757, 0.8001000000000000334 ) ) ;
#8664 = CARTESIAN_POINT ( 'NONE',  ( 0.3603928721146316128, -0.6422584416153928055, 0.8001000000000000334 ) ) ;
#8665 = VERTEX_POINT ( 'NONE', #342 ) ;
#8666 = AXIS2_PLACEMENT_3D ( 'NONE', #2017, #6674, #3550 ) ;
#8667 = VERTEX_POINT ( 'NONE', #3393 ) ;
#8668 = CARTESIAN_POINT ( 'NONE',  ( -6.399999999999999467, 1.499999999999999112, 0.8000000000000000444 ) ) ;
#8669 = CARTESIAN_POINT ( 'NONE',  ( 0.6651910451640874467, -0.05118440742346813677, 0.8000999999999999224 ) ) ;
#8670 = DIRECTION ( 'NONE',  ( 1.000000000000000000, 0.000000000000000000, 0.000000000000000000 ) ) ;
#8671 = COLOUR_RGB ( '',0.9254901960784314152, 0.9254901960784314152, 0.9254901960784314152 ) ;
#8672 = SURFACE_STYLE_USAGE ( .BOTH. , #4833 ) ;
#8673 = LINE ( 'NONE', #1868, #7484 ) ;
#8674 = CARTESIAN_POINT ( 'NONE',  ( 0.5438939018841619788, -0.5708211684189560264, 0.8000000000000001554 ) ) ;
#8675 = FILL_AREA_STYLE_COLOUR ( '', #1170 ) ;
#8676 = MECHANICAL_DESIGN_GEOMETRIC_PRESENTATION_REPRESENTATION (  '', ( #2988 ), #8229 ) ;
#8677 = FACE_OUTER_BOUND ( 'NONE', #6820, .T. ) ;
#8678 = CARTESIAN_POINT ( 'NONE',  ( 0.1441489724643164605, -0.9331019002666424145, 0.8000000000000000444 ) ) ;
#8679 = DIRECTION ( 'NONE',  ( 0.6928993320646522625, -0.7210343373407113177, 0.000000000000000000 ) ) ;
#8680 = CARTESIAN_POINT ( 'NONE',  ( -0.3500000000000002554, 0.6134615384624666490, 0.8000000000000000444 ) ) ;
#8681 = EDGE_CURVE ( 'NONE', #1443, #5457, #1864, .T. ) ;
#8682 = LINE ( 'NONE', #2444, #5548 ) ;
#8683 = CARTESIAN_POINT ( 'NONE',  ( -5.750000000000000000, 1.499999999999999112, 0.8001000000000000334 ) ) ;
#8684 = CARTESIAN_POINT ( 'NONE',  ( -0.2573546918308818321, 1.898565306069535552, 0.8001000000000000334 ) ) ;
#8685 = DIRECTION ( 'NONE',  ( 1.000000000000000000, 0.000000000000000000, 0.000000000000000000 ) ) ;
#8686 = VECTOR ( 'NONE', #4569, 1000.000000000000000 ) ;
#8687 = CARTESIAN_POINT ( 'NONE',  ( -0.1288738516403140077, -0.3799177903025820480, 0.8000000000000004885 ) ) ;
#8688 = ORIENTED_EDGE ( 'NONE', *, *, #6124, .T. ) ;
#8689 = ORIENTED_EDGE ( 'NONE', *, *, #6287, .F. ) ;
#8690 = VECTOR ( 'NONE', #5358, 1000.000000000000000 ) ;
#8691 = ORIENTED_EDGE ( 'NONE', *, *, #4046, .F. ) ;
#8692 = SURFACE_SIDE_STYLE ('',( #2600 ) ) ;
#8693 =( LENGTH_UNIT ( ) NAMED_UNIT ( * ) SI_UNIT ( .MILLI., .METRE. ) );
#8694 = PRESENTATION_STYLE_ASSIGNMENT (( #2550 ) ) ;
#8695 = ADVANCED_FACE ( 'NONE', ( #1217 ), #4268, .F. ) ;
#8696 = CARTESIAN_POINT ( 'NONE',  ( 0.6460157366945253887, -0.8140284398351925743, 0.8000999999999999224 ) ) ;
#8697 = EDGE_CURVE ( 'NONE', #1704, #1255, #3770, .T. ) ;
#8698 = COLOUR_RGB ( '',0.5019607843137254832, 0.000000000000000000, 0.5019607843137254832 ) ;
#8699 = PRESENTATION_LAYER_ASSIGNMENT (  '', '', ( #2988 ) ) ;
#8700 = CARTESIAN_POINT ( 'NONE',  ( 4.849999999999997868, 1.700000000000000178, 2.900000000000000355 ) ) ;
#8701 = ORIENTED_EDGE ( 'NONE', *, *, #7854, .F. ) ;
#8702 = UNCERTAINTY_MEASURE_WITH_UNIT (LENGTH_MEASURE( 1.000000000000000082E-05 ), #7761, 'distance_accuracy_value', 'NONE');
#8703 = EDGE_LOOP ( 'NONE', ( #7732, #1388, #1501, #2880 ) ) ;
#8704 = CARTESIAN_POINT ( 'NONE',  ( 0.6653846153846152411, -0.9208533653638926175, 0.8001000000000000334 ) ) ;
#8705 = EDGE_CURVE ( 'NONE', #8830, #6146, #1360, .T. ) ;
#8706 = AXIS2_PLACEMENT_3D ( 'NONE', #8915, #782, #6771 ) ;
#8707 = PLANE ( 'NONE',  #9371 ) ;
#8708 =( NAMED_UNIT ( * ) SI_UNIT ( $, .STERADIAN. ) SOLID_ANGLE_UNIT ( ) );
#8709 = AXIS2_PLACEMENT_3D ( 'NONE', #9756, #3693, #1477 ) ;
#8710 = CARTESIAN_POINT ( 'NONE',  ( 0.3775934185024158452, -0.6418673293196720531, 0.8000000000000000444 ) ) ;
#8711 = ORIENTED_EDGE ( 'NONE', *, *, #7267, .T. ) ;
#8712 = VERTEX_POINT ( 'NONE', #4411 ) ;
#8713 = CARTESIAN_POINT ( 'NONE',  ( -0.2368364470761873120, 0.06618746306658544742, 0.8001000000000000334 ) ) ;
#8714 = CARTESIAN_POINT ( 'NONE',  ( 0.4697045857708389005, -0.5497581024278143103, 0.8001000000000000334 ) ) ;
#8715 = ADVANCED_FACE ( 'NONE', ( #725 ), #680, .F. ) ;
#8716 = AXIS2_PLACEMENT_3D ( 'NONE', #6469, #5731, #8000 ) ;
#8717 = DIRECTION ( 'NONE',  ( 0.5773502691896231775, -0.5773502691896246208, 0.5773502691896295058 ) ) ;
#8718 = FACE_OUTER_BOUND ( 'NONE', #7025, .T. ) ;
#8719 = LINE ( 'NONE', #6566, #4919 ) ;
#8720 = FILL_AREA_STYLE ('',( #1959 ) ) ;
#8721 = CARTESIAN_POINT ( 'NONE',  ( 4.599999999999997868, -5.249999999999999112, -3.100000000000000089 ) ) ;
#8722 = COLOUR_RGB ( '',0.7921568627450980005, 0.7921568627450980005, 0.7921568627450980005 ) ;
#8723 = FACE_OUTER_BOUND ( 'NONE', #1994, .T. ) ;
#8724 = CARTESIAN_POINT ( 'NONE',  ( 0.1268526238787211213, 0.1426706502507076590, 0.8001000000000001444 ) ) ;
#8725 = PLANE ( 'NONE',  #9792 ) ;
#8726 = ORIENTED_EDGE ( 'NONE', *, *, #3847, .T. ) ;
#8727 = ADVANCED_FACE ( 'NONE', ( #6071 ), #5924, .F. ) ;
#8728 = DIRECTION ( 'NONE',  ( -0.000000000000000000, -0.000000000000000000, -1.000000000000000000 ) ) ;
#8729 = MECHANICAL_DESIGN_GEOMETRIC_PRESENTATION_REPRESENTATION (  '', ( #8281 ), #180 ) ;
#8730 = SURFACE_STYLE_USAGE ( .BOTH. , #5098 ) ;
#8731 = CARTESIAN_POINT ( 'NONE',  ( -6.749999999999999112, -5.400000000000000355, 0.8000000000000000444 ) ) ;
#8732 = CARTESIAN_POINT ( 'NONE',  ( 0.2851320488404331943, 2.019732541087730038, 0.8000999999999999224 ) ) ;
#8733 = LINE ( 'NONE', #9561, #8985 ) ;
#8734 =( NAMED_UNIT ( * ) PLANE_ANGLE_UNIT ( ) SI_UNIT ( $, .RADIAN. ) );
#8735 = CARTESIAN_POINT ( 'NONE',  ( -0.1494025513351472378, 2.012142382683570929, 0.8001000000000000334 ) ) ;
#8736 = FILL_AREA_STYLE ('',( #4095 ) ) ;
#8737 = CARTESIAN_POINT ( 'NONE',  ( 0.5624724658933674126, -0.3992834978924404421, 0.8001000000000001444 ) ) ;
#8738 = CARTESIAN_POINT ( 'NONE',  ( 0.000000000000000000, 1.200000000000004396, 2.900000000000000355 ) ) ;
#8739 = ORIENTED_EDGE ( 'NONE', *, *, #702, .F. ) ;
#8740 =( GEOMETRIC_REPRESENTATION_CONTEXT ( 3 ) GLOBAL_UNCERTAINTY_ASSIGNED_CONTEXT ( ( #4782 ) ) GLOBAL_UNIT_ASSIGNED_CONTEXT ( ( #7171, #8734, #6437 ) ) REPRESENTATION_CONTEXT ( 'NONE', 'WORKASPACE' ) );
#8741 = VERTEX_POINT ( 'NONE', #5183 ) ;
#8742 = EDGE_CURVE ( 'NONE', #5976, #2321, #121, .T. ) ;
#8743 = FILL_AREA_STYLE_COLOUR ( '', #5905 ) ;
#8744 = CARTESIAN_POINT ( 'NONE',  ( 0.4153918337325244181, -0.6424500482594579509, 0.7999999999999999334 ) ) ;
#8745 = COLOUR_RGB ( '',1.000000000000000000, 1.000000000000000000, 1.000000000000000000 ) ;
#8746 = CARTESIAN_POINT ( 'NONE',  ( 0.2178059871815752613, 0.2436206782573457907, 0.8000000000000000444 ) ) ;
#8747 = DIRECTION ( 'NONE',  ( -0.000000000000000000, -0.000000000000000000, 1.000000000000000000 ) ) ;
#8748 = FILL_AREA_STYLE ('',( #8079 ) ) ;
#8749 = ORIENTED_EDGE ( 'NONE', *, *, #3956, .F. ) ;
#8750 = ORIENTED_EDGE ( 'NONE', *, *, #8295, .F. ) ;
#8751 = EDGE_CURVE ( 'NONE', #1255, #1461, #7080, .T. ) ;
#8752 = VECTOR ( 'NONE', #8685, 1000.000000000000000 ) ;
#8753 = SURFACE_STYLE_USAGE ( .BOTH. , #1989 ) ;
#8754 = CARTESIAN_POINT ( 'NONE',  ( -3.950000000000000178, -2.500000000000000444, 0.8001000000000000334 ) ) ;
#8755 = CARTESIAN_POINT ( 'NONE',  ( 6.049999999999993605, 0.8000000000000041522, -8.599999999999997868 ) ) ;
#8756 = CARTESIAN_POINT ( 'NONE',  ( 0.2350111450110713152, 0.2569356215019398260, 0.8000000000000000444 ) ) ;
#8757 = CARTESIAN_POINT ( 'NONE',  ( 0.2469737362473935494, -0.6820221139012839773, 0.8000000000000001554 ) ) ;
#8758 = ORIENTED_EDGE ( 'NONE', *, *, #9772, .T. ) ;
#8759 = ORIENTED_EDGE ( 'NONE', *, *, #8262, .F. ) ;
#8760 = ADVANCED_FACE ( 'NONE', ( #1839 ), #5567, .F. ) ;
#8761 = CARTESIAN_POINT ( 'NONE',  ( 0.7717100164208547941, -0.8462998081221534408, 0.8001000000000000334 ) ) ;
#8762 = CARTESIAN_POINT ( 'NONE',  ( -0.3500000000000002554, -2.094230769232960032, 0.8001000000000000334 ) ) ;
#8763 = FILL_AREA_STYLE ('',( #1866 ) ) ;
#8764 = FACE_OUTER_BOUND ( 'NONE', #5396, .T. ) ;
#8765 = SURFACE_SIDE_STYLE ('',( #5874 ) ) ;
#8766 = DIRECTION ( 'NONE',  ( -1.000000000000000000, 0.000000000000000000, 0.000000000000000000 ) ) ;
#8767 =( GEOMETRIC_REPRESENTATION_CONTEXT ( 3 ) GLOBAL_UNCERTAINTY_ASSIGNED_CONTEXT ( ( #5171 ) ) GLOBAL_UNIT_ASSIGNED_CONTEXT ( ( #8413, #4655, #8552 ) ) REPRESENTATION_CONTEXT ( 'NONE', 'WORKASPACE' ) );
#8768 = CARTESIAN_POINT ( 'NONE',  ( 0.6123584451790893279, -0.6058227587577498241, 0.8000000000000000444 ) ) ;
#8769 = CARTESIAN_POINT ( 'NONE',  ( 6.099999999999997868, 5.250000000000000000, -3.100000000000000089 ) ) ;
#8770 = DIRECTION ( 'NONE',  ( 1.000000000000000000, 0.000000000000000000, -0.000000000000000000 ) ) ;
#8771 = CARTESIAN_POINT ( 'NONE',  ( -4.250000000000000000, 4.399999999999999467, 2.000000000000000000 ) ) ;
#8772 = ORIENTED_EDGE ( 'NONE', *, *, #753, .T. ) ;
#8773 = LINE ( 'NONE', #1969, #6987 ) ;
#8774 = VECTOR ( 'NONE', #2618, 1000.000000000000000 ) ;
#8775 = VECTOR ( 'NONE', #4606, 1000.000000000000227 ) ;
#8776 = CARTESIAN_POINT ( 'NONE',  ( 0.1219012299351759643, 2.117379841872306212, 0.8000000000000002665 ) ) ;
#8777 =( NAMED_UNIT ( * ) SI_UNIT ( $, .STERADIAN. ) SOLID_ANGLE_UNIT ( ) );
#8778 = LINE ( 'NONE', #2786, #4551 ) ;
#8779 = CARTESIAN_POINT ( 'NONE',  ( -5.250000000000000000, 4.099999999999999645, 0.8001000000000000334 ) ) ;
#8780 = CARTESIAN_POINT ( 'NONE',  ( 4.849999999999996980, -1.699999999999999734, 2.900000000000000355 ) ) ;
#8781 = CARTESIAN_POINT ( 'NONE',  ( -0.2083987231861753886, 1.959542515960167597, 0.8000000000000003775 ) ) ;
#8782 = ADVANCED_FACE ( 'NONE', ( #1001 ), #770, .F. ) ;
#8783 =( GEOMETRIC_REPRESENTATION_CONTEXT ( 3 ) GLOBAL_UNCERTAINTY_ASSIGNED_CONTEXT ( ( #5576 ) ) GLOBAL_UNIT_ASSIGNED_CONTEXT ( ( #7981, #4110, #2954 ) ) REPRESENTATION_CONTEXT ( 'NONE', 'WORKASPACE' ) );
#8784 = CARTESIAN_POINT ( 'NONE',  ( 0.7669293820356067881, -0.1645840421855066793, 0.8001000000000000334 ) ) ;
#8785 = COLOUR_RGB ( '',1.000000000000000000, 1.000000000000000000, 1.000000000000000000 ) ;
#8786 = LINE ( 'NONE', #3507, #9324 ) ;
#8787 = ORIENTED_EDGE ( 'NONE', *, *, #8834, .T. ) ;
#8788 = DIRECTION ( 'NONE',  ( 0.000000000000000000, -1.000000000000000000, 0.000000000000000000 ) ) ;
#8789 = EDGE_LOOP ( 'NONE', ( #7212, #7189, #5716, #7418, #1812, #7586 ) ) ;
#8790 = CARTESIAN_POINT ( 'NONE',  ( 0.3864182692307689959, -0.6416666666459438506, 0.8000000000000000444 ) ) ;
#8791 = FILL_AREA_STYLE ('',( #6402 ) ) ;
#8792 = DIRECTION ( 'NONE',  ( 1.000000000000000000, 0.000000000000000000, 0.000000000000000000 ) ) ;
#8793 = CARTESIAN_POINT ( 'NONE',  ( 0.2258624142429669357, 2.023513275508832976, 0.8000999999999999224 ) ) ;
#8794 = ORIENTED_EDGE ( 'NONE', *, *, #9451, .T. ) ;
#8795 = VECTOR ( 'NONE', #2094, 1000.000000000000000 ) ;
#8796 = ORIENTED_EDGE ( 'NONE', *, *, #3937, .T. ) ;
#8797 = UNCERTAINTY_MEASURE_WITH_UNIT (LENGTH_MEASURE( 1.000000000000000082E-05 ), #2892, 'distance_accuracy_value', 'NONE');
#8798 = FACE_OUTER_BOUND ( 'NONE', #961, .T. ) ;
#8799 = CARTESIAN_POINT ( 'NONE',  ( 0.4232171474358971675, 0.3173076922936488020, 0.8001000000000000334 ) ) ;
#8800 = VECTOR ( 'NONE', #8285, 1000.000000000000000 ) ;
#8801 = EDGE_CURVE ( 'NONE', #66, #9491, #9104, .T. ) ;
#8802 = CARTESIAN_POINT ( 'NONE',  ( 4.849999999999992539, -6.009577756062504657E-15, -3.100000000000000089 ) ) ;
#8803 = CARTESIAN_POINT ( 'NONE',  ( 0.3704622056597310920, 0.3134792868669835642, 0.8000000000000001554 ) ) ;
#8804 = CARTESIAN_POINT ( 'NONE',  ( 0.7782051282051279939, -0.9265825320305592916, 0.8001000000000000334 ) ) ;
#8805 = ORIENTED_EDGE ( 'NONE', *, *, #3798, .F. ) ;
#8806 = UNCERTAINTY_MEASURE_WITH_UNIT (LENGTH_MEASURE( 1.000000000000000082E-05 ), #4609, 'distance_accuracy_value', 'NONE');
#8807 = ORIENTED_EDGE ( 'NONE', *, *, #9291, .T. ) ;
#8808 = CARTESIAN_POINT ( 'NONE',  ( 0.4438221788518598165, -0.5456823219957279703, 0.8001000000000001444 ) ) ;
#8809 = CARTESIAN_POINT ( 'NONE',  ( 6.949999999999989519, 2.600000000000009415, -7.699999999999996625 ) ) ;
#8810 = DIRECTION ( 'NONE',  ( 1.000000000000000000, 0.000000000000000000, 0.000000000000000000 ) ) ;
#8811 = LINE ( 'NONE', #2820, #3957 ) ;
#8812 = FACE_OUTER_BOUND ( 'NONE', #4817, .T. ) ;
#8813 = EDGE_CURVE ( 'NONE', #4627, #7089, #6861, .T. ) ;
#8814 = EDGE_CURVE ( 'NONE', #8240, #4187, #9331, .T. ) ;
#8815 = CARTESIAN_POINT ( 'NONE',  ( 0.7779570854721578055, -0.8992052339264180461, 0.8000000000000000444 ) ) ;
#8816 = PLANE ( 'NONE',  #5340 ) ;
#8817 = ORIENTED_EDGE ( 'NONE', *, *, #5826, .F. ) ;
#8818 = CARTESIAN_POINT ( 'NONE',  ( 0.2007970508808455679, 2.023556629817103936, 0.8000000000000001554 ) ) ;
#8819 = EDGE_LOOP ( 'NONE', ( #4064, #5321, #8893, #2298, #189, #8608, #3749, #5158, #484, #2300, #7577, #6045, #7845, #1977, #864, #5343, #7832 ) ) ;
#8820 = AXIS2_PLACEMENT_3D ( 'NONE', #9407, #6337, #4036 ) ;
#8821 = CARTESIAN_POINT ( 'NONE',  ( -0.3054883983736566000, 1.803753705285750186, 0.7999999999999999334 ) ) ;
#8822 = CARTESIAN_POINT ( 'NONE',  ( -1.599999999999999645, -0.3500000000000004774, 0.8001000000000000334 ) ) ;
#8823 = LINE ( 'NONE', #8162, #2971 ) ;
#8824 = DIRECTION ( 'NONE',  ( 0.000000000000000000, 0.7071067811865505703, -0.7071067811865444641 ) ) ;
#8825 = DIRECTION ( 'NONE',  ( 0.7071067811865504593, 0.000000000000000000, 0.7071067811865445751 ) ) ;
#8826 = DIRECTION ( 'NONE',  ( -1.239088197126291458E-15, -1.000000000000000000, 0.000000000000000000 ) ) ;
#8827 = CARTESIAN_POINT ( 'NONE',  ( 0.6106357986275502414, -0.2390927919020442993, 0.8000000000000002665 ) ) ;
#8828 = CARTESIAN_POINT ( 'NONE',  ( -0.2161280063622495473, -0.3428679255736969966, 0.7999999999999999334 ) ) ;
#8829 = DIRECTION ( 'NONE',  ( 0.000000000000000000, 0.000000000000000000, -1.000000000000000000 ) ) ;
#8830 = VERTEX_POINT ( 'NONE', #1048 ) ;
#8831 = ORIENTED_EDGE ( 'NONE', *, *, #6646, .T. ) ;
#8832 = CARTESIAN_POINT ( 'NONE',  ( 0.2803050189644828438, -0.5558752351196167840, 0.8000999999999998114 ) ) ;
#8833 = MECHANICAL_DESIGN_GEOMETRIC_PRESENTATION_REPRESENTATION (  '', ( #4437 ), #126 ) ;
#8834 = EDGE_CURVE ( 'NONE', #5124, #5208, #7128, .T. ) ;
#8835 = PRESENTATION_LAYER_ASSIGNMENT (  '', '', ( #287 ) ) ;
#8836 = PLANE ( 'NONE',  #4628 ) ;
#8837 = CARTESIAN_POINT ( 'NONE',  ( 6.249999999999996447, -2.099999999999999201, 0.8000000000000000444 ) ) ;
#8838 = CARTESIAN_POINT ( 'NONE',  ( 0.4435313997832112110, -0.6462224378047928264, 0.8000000000000001554 ) ) ;
#8839 = AXIS2_PLACEMENT_3D ( 'NONE', #3971, #1901, #1163 ) ;
#8840 = CARTESIAN_POINT ( 'NONE',  ( 0.4153918337325244181, -0.6424500482594579509, 0.7999999999999999334 ) ) ;
#8841 = LINE ( 'NONE', #4446, #7384 ) ;
#8842 = AXIS2_PLACEMENT_3D ( 'NONE', #7857, #6340, #348 ) ;
#8843 = VERTEX_POINT ( 'NONE', #8128 ) ;
#8844 = ORIENTED_EDGE ( 'NONE', *, *, #1796, .T. ) ;
#8845 = VECTOR ( 'NONE', #733, 1000.000000000000000 ) ;
#8846 = CARTESIAN_POINT ( 'NONE',  ( -0.3500000000000002554, 0.5147435897445178377, 0.8001000000000000334 ) ) ;
#8847 = MECHANICAL_DESIGN_GEOMETRIC_PRESENTATION_REPRESENTATION (  '', ( #2025 ), #319 ) ;
#8848 = DIRECTION ( 'NONE',  ( -1.239088197126291458E-15, -1.000000000000000000, 0.000000000000000000 ) ) ;
#8849 = CARTESIAN_POINT ( 'NONE',  ( 5.849999999999997868, 1.000000000000000444, 1.200000000000002620 ) ) ;
#8850 =( NAMED_UNIT ( * ) PLANE_ANGLE_UNIT ( ) SI_UNIT ( $, .RADIAN. ) );
#8851 = ORIENTED_EDGE ( 'NONE', *, *, #1165, .F. ) ;
#8852 = COLOUR_RGB ( '',0.2509803921568627416, 0.2509803921568627416, 0.2509803921568627416 ) ;
#8853 = B_SPLINE_CURVE_WITH_KNOTS ( 'NONE', 3,
 ( #3765, #2355, #7120, #4507, #6065, #30, #9325, #1562, #2309, #8598, #309 ),
 .UNSPECIFIED., .F., .F.,
 ( 4, 1, 1, 1, 1, 1, 1, 1, 4 ),
 ( 0.000000000000000000, 0.1280675485958907289, 0.2506083188676687667, 0.3706301659145030958, 0.4900722467299489793, 0.6103747641546199976, 0.7343130699115256732, 0.8632165042449895243, 1.000000000000000000 ),
 .UNSPECIFIED. ) ;
#8854 = ORIENTED_EDGE ( 'NONE', *, *, #1796, .F. ) ;
#8855 = CARTESIAN_POINT ( 'NONE',  ( 0.4778833076949843828, 0.2140559398384532241, 0.8001000000000001444 ) ) ;
#8856 = EDGE_CURVE ( 'NONE', #1022, #5481, #9620, .T. ) ;
#8857 = CARTESIAN_POINT ( 'NONE',  ( -0.3404837440989537667, 1.648176152264742678, 0.8000000000000000444 ) ) ;
#8858 = CARTESIAN_POINT ( 'NONE',  ( -0.1734300130465734335, 0.1378317718315006102, 0.8000000000000001554 ) ) ;
#8859 = DIRECTION ( 'NONE',  ( 1.000000000000000000, 0.000000000000000000, 0.000000000000000000 ) ) ;
#8860 = AXIS2_PLACEMENT_3D ( 'NONE', #8423, #3643, #4155 ) ;
#8861 = CARTESIAN_POINT ( 'NONE',  ( 0.7779298812095691851, -0.07500079716130232665, 0.8001000000000001444 ) ) ;
#8862 = CARTESIAN_POINT ( 'NONE',  ( 0.5147611124290797369, 0.3055609289359788594, 0.7999999999999999334 ) ) ;
#8863 = LINE ( 'NONE', #5291, #7057 ) ;
#8864 = VERTEX_POINT ( 'NONE', #5754 ) ;
#8865 = VECTOR ( 'NONE', #9546, 1000.000000000000227 ) ;
#8866 = AXIS2_PLACEMENT_3D ( 'NONE', #6029, #9020, #5399 ) ;
#8867 = DIRECTION ( 'NONE',  ( 0.000000000000000000, 0.000000000000000000, 1.000000000000000000 ) ) ;
#8868 = ORIENTED_EDGE ( 'NONE', *, *, #5278, .F. ) ;
#8869 = ADVANCED_FACE ( 'NONE', ( #4963 ), #8836, .F. ) ;
#8870 = PLANE ( 'NONE',  #2372 ) ;
#8871 = MECHANICAL_DESIGN_GEOMETRIC_PRESENTATION_REPRESENTATION (  '', ( #9031 ), #3990 ) ;
#8872 = CARTESIAN_POINT ( 'NONE',  ( 5.049999999999998046, 1.200000000000002620, -9.000000000000001776 ) ) ;
#8873 = DIRECTION ( 'NONE',  ( -0.000000000000000000, -0.000000000000000000, -1.000000000000000000 ) ) ;
#8874 = FILL_AREA_STYLE_COLOUR ( '', #8896 ) ;
#8875 = DIRECTION ( 'NONE',  ( -1.000000000000000000, 8.673617379884027583E-16, 0.000000000000000000 ) ) ;
#8876 = CARTESIAN_POINT ( 'NONE',  ( 0.2162436337936217978, 0.01977600939684957468, 0.8000000000000002665 ) ) ;
#8877 = CARTESIAN_POINT ( 'NONE',  ( -0.3682476114188789063, -0.1458605569835083327, 0.8000999999999997003 ) ) ;
#8878 = PLANE ( 'NONE',  #302 ) ;
#8879 = ORIENTED_EDGE ( 'NONE', *, *, #5535, .T. ) ;
#8880 = VECTOR ( 'NONE', #2179, 1000.000000000000000 ) ;
#8881 = DIRECTION ( 'NONE',  ( -0.000000000000000000, -0.000000000000000000, 1.000000000000000000 ) ) ;
#8882 = ORIENTED_EDGE ( 'NONE', *, *, #33, .T. ) ;
#8883 = ADVANCED_FACE ( 'NONE', ( #1337 ), #5796, .T. ) ;
#8884 = EDGE_CURVE ( 'NONE', #3390, #7985, #606, .T. ) ;
#8885 = VECTOR ( 'NONE', #1013, 1000.000000000000000 ) ;
#8886 = CARTESIAN_POINT ( 'NONE',  ( 0.08725903329726257540, -0.6925631263524052450, 0.8001000000000002554 ) ) ;
#8887 = DIRECTION ( 'NONE',  ( 1.239088197126291458E-15, 1.000000000000000000, 0.000000000000000000 ) ) ;
#8888 = LINE ( 'NONE', #8129, #7266 ) ;
#8889 = DIRECTION ( 'NONE',  ( 1.000000000000000000, 0.000000000000000000, 0.000000000000000000 ) ) ;
#8890 = CARTESIAN_POINT ( 'NONE',  ( 0.5204222729604633946, -0.6735113747457213140, 0.8001000000000002554 ) ) ;
#8891 = FILL_AREA_STYLE ('',( #9037 ) ) ;
#8892 = LINE ( 'NONE', #2086, #7242 ) ;
#8893 = ORIENTED_EDGE ( 'NONE', *, *, #275, .F. ) ;
#8894 = CARTESIAN_POINT ( 'NONE',  ( -0.2063301282051284991, 1.733954326908059951, 0.8001000000000000334 ) ) ;
#8895 = ORIENTED_EDGE ( 'NONE', *, *, #1348, .T. ) ;
#8896 = COLOUR_RGB ( '',0.2509803921568627416, 0.2509803921568627416, 0.2509803921568627416 ) ;
#8897 = CARTESIAN_POINT ( 'NONE',  ( 5.849999999999997868, -4.400000000000000355, -8.799999999999997158 ) ) ;
#8898 = FACE_OUTER_BOUND ( 'NONE', #9430, .T. ) ;
#8899 = LINE ( 'NONE', #1117, #5773 ) ;
#8900 = CARTESIAN_POINT ( 'NONE',  ( 0.5441557345149643510, -0.2952115718175047920, 0.8000000000000000444 ) ) ;
#8901 = FACE_OUTER_BOUND ( 'NONE', #3007, .T. ) ;
#8902 = ADVANCED_FACE ( 'NONE', ( #5900 ), #2799, .T. ) ;
#8903 = ORIENTED_EDGE ( 'NONE', *, *, #9028, .T. ) ;
#8904 = UNCERTAINTY_MEASURE_WITH_UNIT (LENGTH_MEASURE( 1.000000000000000082E-05 ), #4675, 'distance_accuracy_value', 'NONE');
#8905 = AXIS2_PLACEMENT_3D ( 'NONE', #3670, #6853, #811 ) ;
#8906 = ORIENTED_EDGE ( 'NONE', *, *, #648, .T. ) ;
#8907 = CARTESIAN_POINT ( 'NONE',  ( -0.2584462284522496267, 0.007975776819264385892, 0.8000000000000001554 ) ) ;
#8908 = CARTESIAN_POINT ( 'NONE',  ( 0.7781218833679839353, -0.9173945235981745272, 0.8001000000000001444 ) ) ;
#8909 = LINE ( 'NONE', #8003, #6339 ) ;
#8910 = CARTESIAN_POINT ( 'NONE',  ( 0.4386201239261651175, 0.3167436210501978766, 0.7999999999999997113 ) ) ;
#8911 = ORIENTED_EDGE ( 'NONE', *, *, #4934, .F. ) ;
#8912 = LINE ( 'NONE', #5933, #1244 ) ;
#8913 = ORIENTED_EDGE ( 'NONE', *, *, #8742, .F. ) ;
#8914 = FACE_OUTER_BOUND ( 'NONE', #4959, .T. ) ;
#8915 = CARTESIAN_POINT ( 'NONE',  ( -3.950000000000000178, -2.500000000000000444, -0.8000000000000000444 ) ) ;
#8916 =( NAMED_UNIT ( * ) PLANE_ANGLE_UNIT ( ) SI_UNIT ( $, .RADIAN. ) );
#8917 = AXIS2_PLACEMENT_3D ( 'NONE', #9333, #2802, #7928 ) ;
#8918 = CARTESIAN_POINT ( 'NONE',  ( -0.2640932104815100212, -0.09604316400162961342, 0.7999999999999997113 ) ) ;
#8919 =( NAMED_UNIT ( * ) SI_UNIT ( $, .STERADIAN. ) SOLID_ANGLE_UNIT ( ) );
#8920 = SURFACE_STYLE_FILL_AREA ( #2890 ) ;
#8921 = CARTESIAN_POINT ( 'NONE',  ( 5.050000000000000711, 4.199999999999998401, -9.000000000000001776 ) ) ;
#8922 = CARTESIAN_POINT ( 'NONE',  ( 0.6371794871794869142, 1.318589743574726469, 0.8000000000000000444 ) ) ;
#8923 = EDGE_CURVE ( 'NONE', #7944, #8431, #5160, .T. ) ;
#8924 = SURFACE_STYLE_USAGE ( .BOTH. , #2692 ) ;
#8925 = ORIENTED_EDGE ( 'NONE', *, *, #3329, .F. ) ;
#8926 = AXIS2_PLACEMENT_3D ( 'NONE', #5149, #9713, #3741 ) ;
#8927 = CARTESIAN_POINT ( 'NONE',  ( 5.849999999999997868, -0.6000000000000007550, 0.8000000000000000444 ) ) ;
#8928 = VERTEX_POINT ( 'NONE', #9675 ) ;
#8929 = CARTESIAN_POINT ( 'NONE',  ( 0.1855636206405941457, -0.5976768009406708826, 0.8001000000000002554 ) ) ;
#8930 = PLANE ( 'NONE',  #5272 ) ;
#8931 = CARTESIAN_POINT ( 'NONE',  ( -0.1954854003615344726, 1.767045992971785884, 0.8000999999999999224 ) ) ;
#8932 = PRESENTATION_LAYER_ASSIGNMENT (  '', '', ( #5179 ) ) ;
#8933 =( GEOMETRIC_REPRESENTATION_CONTEXT ( 3 ) GLOBAL_UNCERTAINTY_ASSIGNED_CONTEXT ( ( #8334 ) ) GLOBAL_UNIT_ASSIGNED_CONTEXT ( ( #605, #8023, #7421 ) ) REPRESENTATION_CONTEXT ( 'NONE', 'WORKASPACE' ) );
#8934 = PLANE ( 'NONE',  #8622 ) ;
#8935 = CARTESIAN_POINT ( 'NONE',  ( -0.2368364470761873120, 0.06618746306658544742, 0.8001000000000000334 ) ) ;
#8936 = DIRECTION ( 'NONE',  ( 1.000000000000000000, 0.000000000000000000, 0.000000000000000000 ) ) ;
#8937 = ADVANCED_FACE ( 'NONE', ( #1153 ), #1594, .T. ) ;
#8938 = ADVANCED_FACE ( 'NONE', ( #5951, #2901 ), #3050, .T. ) ;
#8939 = VERTEX_POINT ( 'NONE', #2949 ) ;
#8940 = CARTESIAN_POINT ( 'NONE',  ( 6.249999999999996447, 3.700000000000000622, 0.8000000000000000444 ) ) ;
#8941 = VERTEX_POINT ( 'NONE', #704 ) ;
#8942 = AXIS2_PLACEMENT_3D ( 'NONE', #1559, #6895, #2353 ) ;
#8943 = CARTESIAN_POINT ( 'NONE',  ( 0.1752625089553526971, -1.081403257267133933, 0.8001000000000000334 ) ) ;
#8944 =( NAMED_UNIT ( * ) PLANE_ANGLE_UNIT ( ) SI_UNIT ( $, .RADIAN. ) );
#8945 = DIRECTION ( 'NONE',  ( 0.000000000000000000, 0.000000000000000000, -1.000000000000000000 ) ) ;
#8946 = PRESENTATION_LAYER_ASSIGNMENT (  '', '', ( #3911 ) ) ;
#8947 = PLANE ( 'NONE',  #5203 ) ;
#8948 = CARTESIAN_POINT ( 'NONE',  ( -3.950000000000000178, -2.500000000000000444, 0.8001000000000000334 ) ) ;
#8949 = VERTEX_POINT ( 'NONE', #9721 ) ;
#8950 = ORIENTED_EDGE ( 'NONE', *, *, #2232, .T. ) ;
#8951 = AXIS2_PLACEMENT_3D ( 'NONE', #9478, #5800, #6497 ) ;
#8952 = CARTESIAN_POINT ( 'NONE',  ( -0.09615384615384639511, -0.3878205128345563746, 0.8001000000000000334 ) ) ;
#8953 = ADVANCED_FACE ( 'NONE', ( #5366 ), #8930, .T. ) ;
#8954 = PLANE ( 'NONE',  #4305 ) ;
#8955 = LINE ( 'NONE', #4413, #4422 ) ;
#8956 = CARTESIAN_POINT ( 'NONE',  ( 0.7415460952829747709, -0.7505848321735010265, 0.8001000000000001444 ) ) ;
#8957 = B_SPLINE_CURVE_WITH_KNOTS ( 'NONE', 3,
 ( #4017, #8427, #7037, #3325, #1653, #908, #221, #3962, #72, #3171, #4768, #3276, #6359, #9336, #6315, #3226, #2505, #5572, #9198 ),
 .UNSPECIFIED., .F., .F.,
 ( 4, 1, 1, 1, 1, 1, 1, 1, 1, 1, 1, 1, 1, 1, 1, 1, 4 ),
 ( 0.000000000000000000, 0.06535769722435472162, 0.1273889086071897658, 0.1883681164511442907, 0.2472296756523008898, 0.3056493723966349219, 0.3633319549722096586, 0.4226570474974937763, 0.4826892282940057899, 0.5433080127427423189, 0.6041316239172709324, 0.6649844397723432277, 0.7272324816792614666, 0.7914474737288118567, 0.8580417259885739778, 0.9270297638544174879, 1.000000000000000000 ),
 .UNSPECIFIED. ) ;
#8958 = CARTESIAN_POINT ( 'NONE',  ( 0.7272605088443694354, 1.775711626326549553, 0.7999999999999999334 ) ) ;
#8959 = CARTESIAN_POINT ( 'NONE',  ( -0.3690839149426322630, 0.02410804884069379928, 0.8001000000000001444 ) ) ;
#8960 = DIRECTION ( 'NONE',  ( 0.5773502691896226224, -0.5773502691896250649, 0.5773502691896298389 ) ) ;
#8961 = ORIENTED_EDGE ( 'NONE', *, *, #7897, .T. ) ;
#8962 = VECTOR ( 'NONE', #8945, 1000.000000000000000 ) ;
#8963 = LINE ( 'NONE', #2158, #3946 ) ;
#8964 = ORIENTED_EDGE ( 'NONE', *, *, #1124, .F. ) ;
#8965 = CARTESIAN_POINT ( 'NONE',  ( -0.3372684973484332827, -0.2228298193098869340, 0.8000000000000002665 ) ) ;
#8966 = CARTESIAN_POINT ( 'NONE',  ( 0.2258624142429669357, 2.023513275508832976, 0.7999999999999999334 ) ) ;
#8967 = VECTOR ( 'NONE', #7594, 1000.000000000000000 ) ;
#8968 = SURFACE_SIDE_STYLE ('',( #9380 ) ) ;
#8969 = CARTESIAN_POINT ( 'NONE',  ( -0.1575802338243592060, -0.2577974077628308880, 0.8001000000000002554 ) ) ;
#8970 = FILL_AREA_STYLE ('',( #3886 ) ) ;
#8971 = CARTESIAN_POINT ( 'NONE',  ( 0.2151866819356807736, -0.5803776430937327424, 0.8000999999999999224 ) ) ;
#8972 = CARTESIAN_POINT ( 'NONE',  ( 4.099999999999997868, 5.249999999999999112, -3.100000000000000089 ) ) ;
#8973 = CARTESIAN_POINT ( 'NONE',  ( -0.2653846153846156630, -0.05905448719353069420, 0.7999999999999999334 ) ) ;
#8974 = CARTESIAN_POINT ( 'NONE',  ( 0.4326923076923074873, 0.2185897435757000740, 0.7999999999999998224 ) ) ;
#8975 = CARTESIAN_POINT ( 'NONE',  ( 0.7499999999999997780, -1.882692307684061150, 0.8001000000000000334 ) ) ;
#8976 = ORIENTED_EDGE ( 'NONE', *, *, #7454, .F. ) ;
#8977 = AXIS2_PLACEMENT_3D ( 'NONE', #3335, #8438, #2419 ) ;
#8978 = DIRECTION ( 'NONE',  ( 0.000000000000000000, -0.7071067811865444641, -0.7071067811865505703 ) ) ;
#8979 = ORIENTED_EDGE ( 'NONE', *, *, #3125, .T. ) ;
#8980 = PLANE ( 'NONE',  #707 ) ;
#8981 = EDGE_CURVE ( 'NONE', #6679, #6617, #2292, .T. ) ;
#8982 = LINE ( 'NONE', #7621, #8880 ) ;
#8983 = CARTESIAN_POINT ( 'NONE',  ( -0.2026759000865076266, 1.745104859993453106, 0.8000000000000000444 ) ) ;
#8984 = SURFACE_STYLE_USAGE ( .BOTH. , #3607 ) ;
#8985 = VECTOR ( 'NONE', #1924, 1000.000000000000114 ) ;
#8986 =( NAMED_UNIT ( * ) PLANE_ANGLE_UNIT ( ) SI_UNIT ( $, .RADIAN. ) );
#8987 = CARTESIAN_POINT ( 'NONE',  ( -0.1430145574905218597, 0.1537111208954990427, 0.8000999999999998114 ) ) ;
#8988 =( LENGTH_UNIT ( ) NAMED_UNIT ( * ) SI_UNIT ( .MILLI., .METRE. ) );
#8989 = VERTEX_POINT ( 'NONE', #2129 ) ;
#8990 = VECTOR ( 'NONE', #6641, 1000.000000000000000 ) ;
#8991 = CARTESIAN_POINT ( 'NONE',  ( -0.1430145574905218597, 0.1537111208954990427, 0.8000999999999998114 ) ) ;
#8992 = ORIENTED_EDGE ( 'NONE', *, *, #5111, .T. ) ;
#8993 = ADVANCED_FACE ( 'NONE', ( #5415 ), #5260, .T. ) ;
#8994 = EDGE_CURVE ( 'NONE', #417, #426, #6786, .T. ) ;
#8995 = SURFACE_STYLE_FILL_AREA ( #2195 ) ;
#8996 = DIRECTION ( 'NONE',  ( 0.000000000000000000, -1.000000000000000000, 0.000000000000000000 ) ) ;
#8997 = FILL_AREA_STYLE ('',( #6010 ) ) ;
#8998 = DIRECTION ( 'NONE',  ( -0.000000000000000000, -0.000000000000000000, -1.000000000000000000 ) ) ;
#8999 = DIRECTION ( 'NONE',  ( 1.000000000000000000, 0.000000000000000000, -0.000000000000000000 ) ) ;
#9000 = DIRECTION ( 'NONE',  ( -1.000000000000000000, 0.000000000000000000, -0.000000000000000000 ) ) ;
#9001 = ORIENTED_EDGE ( 'NONE', *, *, #1710, .T. ) ;
#9002 = PRESENTATION_LAYER_ASSIGNMENT (  '', '', ( #2182 ) ) ;
#9003 = VERTEX_POINT ( 'NONE', #9033 ) ;
#9004 = VECTOR ( 'NONE', #2585, 1000.000000000000000 ) ;
#9005 = VECTOR ( 'NONE', #443, 1000.000000000000000 ) ;
#9006 = EDGE_CURVE ( 'NONE', #7236, #8251, #4595, .T. ) ;
#9007 = DIRECTION ( 'NONE',  ( 1.000000000000000000, 0.000000000000000000, 0.000000000000000000 ) ) ;
#9008 = DIRECTION ( 'NONE',  ( 0.3896399908366982023, 0.9209672510685588120, -0.000000000000000000 ) ) ;
#9009 = CARTESIAN_POINT ( 'NONE',  ( -4.400000000000000355, -0.3500000000000004774, 0.8001000000000000334 ) ) ;
#9010 = DIRECTION ( 'NONE',  ( 0.000000000000000000, 1.000000000000000000, 0.000000000000000000 ) ) ;
#9011 = CARTESIAN_POINT ( 'NONE',  ( 0.06960951846891966222, -0.7211104303841500140, 0.8000000000000000444 ) ) ;
#9012 = VECTOR ( 'NONE', #8010, 1000.000000000000114 ) ;
#9013 = CARTESIAN_POINT ( 'NONE',  ( -0.3566931590598857449, 0.06434504912993063708, 0.8001000000000001444 ) ) ;
#9014 = ORIENTED_EDGE ( 'NONE', *, *, #4985, .F. ) ;
#9015 =( NAMED_UNIT ( * ) SI_UNIT ( $, .STERADIAN. ) SOLID_ANGLE_UNIT ( ) );
#9016 = CARTESIAN_POINT ( 'NONE',  ( 0.3153600298255169188, 0.1810505439143727247, 0.8000999999999997003 ) ) ;
#9017 = ORIENTED_EDGE ( 'NONE', *, *, #6554, .F. ) ;
#9018 = COLOUR_RGB ( '',0.9254901960784314152, 0.9254901960784314152, 0.9254901960784314152 ) ;
#9019 = DIRECTION ( 'NONE',  ( 0.000000000000000000, 0.000000000000000000, 1.000000000000000000 ) ) ;
#9020 = DIRECTION ( 'NONE',  ( -1.000000000000000000, 0.000000000000000000, 0.000000000000000000 ) ) ;
#9021 = CARTESIAN_POINT ( 'NONE',  ( 4.849999999999997868, 1.700000000000000178, 2.699999999999997957 ) ) ;
#9022 = DIRECTION ( 'NONE',  ( -0.000000000000000000, -0.000000000000000000, -1.000000000000000000 ) ) ;
#9023 = CARTESIAN_POINT ( 'NONE',  ( 0.2277644230769228784, 0.2516426281910846829, 0.8000000000000000444 ) ) ;
#9024 = STYLED_ITEM ( 'NONE', ( #9743 ), #8715 ) ;
#9025 = PRESENTATION_STYLE_ASSIGNMENT (( #6778 ) ) ;
#9026 =( GEOMETRIC_REPRESENTATION_CONTEXT ( 3 ) GLOBAL_UNCERTAINTY_ASSIGNED_CONTEXT ( ( #2765 ) ) GLOBAL_UNIT_ASSIGNED_CONTEXT ( ( #2115, #6491, #5938 ) ) REPRESENTATION_CONTEXT ( 'NONE', 'WORKASPACE' ) );
#9027 = SURFACE_STYLE_USAGE ( .BOTH. , #3843 ) ;
#9028 = EDGE_CURVE ( 'NONE', #1834, #9570, #8982, .T. ) ;
#9029 = ORIENTED_EDGE ( 'NONE', *, *, #3176, .T. ) ;
#9030 = VERTEX_POINT ( 'NONE', #4652 ) ;
#9031 = STYLED_ITEM ( 'NONE', ( #6017 ), #8727 ) ;
#9032 = EDGE_LOOP ( 'NONE', ( #3003, #2331, #5966, #8913, #5293, #9765 ) ) ;
#9033 = CARTESIAN_POINT ( 'NONE',  ( 4.449999999999997513, -4.799999999999998934, 0.8000000000000000444 ) ) ;
#9034 = CARTESIAN_POINT ( 'NONE',  ( 0.7498648883245576657, 1.576995078705806019, 0.8001000000000000334 ) ) ;
#9035 = DIRECTION ( 'NONE',  ( 1.000000000000000000, 0.000000000000000000, -0.000000000000000000 ) ) ;
#9036 = CARTESIAN_POINT ( 'NONE',  ( -0.2648496603684025175, -0.03593415531122109985, 0.8001000000000003665 ) ) ;
#9037 = FILL_AREA_STYLE_COLOUR ( '', #232 ) ;
#9038 = VECTOR ( 'NONE', #2277, 1000.000000000000000 ) ;
#9039 = ORIENTED_EDGE ( 'NONE', *, *, #9116, .T. ) ;
#9040 = ADVANCED_FACE ( 'NONE', ( #1391 ), #3899, .F. ) ;
#9041 = ORIENTED_EDGE ( 'NONE', *, *, #8503, .F. ) ;
#9042 = VECTOR ( 'NONE', #3813, 1000.000000000000000 ) ;
#9043 = CARTESIAN_POINT ( 'NONE',  ( 5.849999999999997868, 3.700000000000000622, 2.900000000000000355 ) ) ;
#9044 = ORIENTED_EDGE ( 'NONE', *, *, #5801, .F. ) ;
#9045 = CARTESIAN_POINT ( 'NONE',  ( 0.7121981416758953465, -1.129289421793883141, 0.8000000000000001554 ) ) ;
#9046 = SURFACE_SIDE_STYLE ('',( #8995 ) ) ;
#9047 = CARTESIAN_POINT ( 'NONE',  ( 5.849999999999997868, 1.000000000000000444, -8.799999999999997158 ) ) ;
#9048 = PRESENTATION_LAYER_ASSIGNMENT (  '', '', ( #810 ) ) ;
#9049 = CARTESIAN_POINT ( 'NONE',  ( -0.08077714565663135504, 0.2605317358400293104, 0.8000000000000002665 ) ) ;
#9050 = CARTESIAN_POINT ( 'NONE',  ( 4.849999999999996980, -1.699999999999999734, 2.900000000000000355 ) ) ;
#9051 = LINE ( 'NONE', #6700, #7078 ) ;
#9052 = CARTESIAN_POINT ( 'NONE',  ( -0.3500000000000002554, 0.5147435897445178377, 0.8000000000000000444 ) ) ;
#9053 = EDGE_CURVE ( 'NONE', #6754, #3228, #251, .T. ) ;
#9054 = VERTEX_POINT ( 'NONE', #4897 ) ;
#9055 = VERTEX_POINT ( 'NONE', #4843 ) ;
#9056 = CARTESIAN_POINT ( 'NONE',  ( 0.2274786006530231386, 2.122238221774366274, 0.8000000000000003775 ) ) ;
#9057 = CARTESIAN_POINT ( 'NONE',  ( 6.750000000000000000, 5.400000000000000355, 0.8000000000000000444 ) ) ;
#9058 = DIRECTION ( 'NONE',  ( -0.000000000000000000, 0.7071067811865504593, 0.7071067811865445751 ) ) ;
#9059 = PLANE ( 'NONE',  #3801 ) ;
#9060 = CARTESIAN_POINT ( 'NONE',  ( 0.7779570854721578055, -0.8992052339264180461, 0.8000000000000002665 ) ) ;
#9061 = DIRECTION ( 'NONE',  ( 0.7071067811865474617, -0.7071067811865474617, -0.000000000000000000 ) ) ;
#9062 = MECHANICAL_DESIGN_GEOMETRIC_PRESENTATION_REPRESENTATION (  '', ( #6260 ), #3862 ) ;
#9063 = CARTESIAN_POINT ( 'NONE',  ( -0.2933250576561002854, 0.1698959788086973066, 0.8001000000000000334 ) ) ;
#9064 = CARTESIAN_POINT ( 'NONE',  ( 0.6018064471472734933, -0.2499098413536274266, 0.8001000000000001444 ) ) ;
#9065 = EDGE_CURVE ( 'NONE', #1085, #2619, #6202, .T. ) ;
#9066 = VERTEX_POINT ( 'NONE', #3254 ) ;
#9067 = CARTESIAN_POINT ( 'NONE',  ( 0.04892820120395531547, -1.007043771879420957, 0.8001000000000001444 ) ) ;
#9068 =( NAMED_UNIT ( * ) PLANE_ANGLE_UNIT ( ) SI_UNIT ( $, .RADIAN. ) );
#9069 = VERTEX_POINT ( 'NONE', #2443 ) ;
#9070 = AXIS2_PLACEMENT_3D ( 'NONE', #6102, #2851, #4547 ) ;
#9071 = CARTESIAN_POINT ( 'NONE',  ( 0.5859238605605034955, 1.817740400956211033, 0.7999999999999997113 ) ) ;
#9072 = LINE ( 'NONE', #6719, #1423 ) ;
#9073 = CARTESIAN_POINT ( 'NONE',  ( 4.849999999999996980, -4.399999999999999467, 2.900000000000000355 ) ) ;
#9074 = CARTESIAN_POINT ( 'NONE',  ( 0.7499999999999997780, -1.360897435889189655, 0.8000000000000000444 ) ) ;
#9075 =( NAMED_UNIT ( * ) SI_UNIT ( $, .STERADIAN. ) SOLID_ANGLE_UNIT ( ) );
#9076 = DIRECTION ( 'NONE',  ( -0.000000000000000000, -0.000000000000000000, -1.000000000000000000 ) ) ;
#9077 = PLANE ( 'NONE',  #1087 ) ;
#9078 = EDGE_LOOP ( 'NONE', ( #6209, #1205, #7526, #9803 ) ) ;
#9079 = FACE_OUTER_BOUND ( 'NONE', #4281, .T. ) ;
#9080 = ORIENTED_EDGE ( 'NONE', *, *, #9152, .F. ) ;
#9081 = ORIENTED_EDGE ( 'NONE', *, *, #556, .F. ) ;
#9082 = DIRECTION ( 'NONE',  ( -8.241516450449084024E-14, 5.933801757046785586E-16, 1.000000000000000000 ) ) ;
#9083 = ADVANCED_FACE ( 'NONE', ( #6299 ), #305, .T. ) ;
#9084 = CARTESIAN_POINT ( 'NONE',  ( 0.2542717055064735443, 2.121848681266265135, 0.8000999999999998114 ) ) ;
#9085 = CARTESIAN_POINT ( 'NONE',  ( -0.3603824468381034984, -0.1726144966581374396, 0.8001000000000002554 ) ) ;
#9086 = CARTESIAN_POINT ( 'NONE',  ( -0.1878016509375189658, 0.1270215782754064437, 0.8000999999999999224 ) ) ;
#9087 = VECTOR ( 'NONE', #5250, 1000.000000000000000 ) ;
#9088 = ORIENTED_EDGE ( 'NONE', *, *, #4502, .T. ) ;
#9089 = CARTESIAN_POINT ( 'NONE',  ( -0.2653846153846156630, -0.05905448719353069420, 0.8000000000000003775 ) ) ;
#9090 = ORIENTED_EDGE ( 'NONE', *, *, #1721, .T. ) ;
#9091 = CARTESIAN_POINT ( 'NONE',  ( 0.4326923076923074873, 0.2185897435757000740, 0.8001000000000000334 ) ) ;
#9092 = PRESENTATION_STYLE_ASSIGNMENT (( #3958 ) ) ;
#9093 = CIRCLE ( 'NONE', #2609, 0.6499999999999995781 ) ;
#9094 = ADVANCED_FACE ( 'NONE', ( #8548 ), #1730, .T. ) ;
#9095 =( LENGTH_UNIT ( ) NAMED_UNIT ( * ) SI_UNIT ( .MILLI., .METRE. ) );
#9096 = LINE ( 'NONE', #2199, #8962 ) ;
#9097 = DIRECTION ( 'NONE',  ( 0.000000000000000000, 1.000000000000000000, 0.000000000000000000 ) ) ;
#9098 = CARTESIAN_POINT ( 'NONE',  ( -0.1044937830290530723, 0.2603745927192699372, 0.8000000000000000444 ) ) ;
#9099 = ORIENTED_EDGE ( 'NONE', *, *, #5166, .T. ) ;
#9100 = VECTOR ( 'NONE', #8429, 1000.000000000000000 ) ;
#9101 = ORIENTED_EDGE ( 'NONE', *, *, #2811, .T. ) ;
#9102 = B_SPLINE_CURVE_WITH_KNOTS ( 'NONE', 3,
 ( #561, #9382, #7331, #7979, #1201, #8746, #6590 ),
 .UNSPECIFIED., .F., .F.,
 ( 4, 1, 1, 1, 4 ),
 ( 0.000000000000000000, 0.2539158886230786782, 0.5038961297186511645, 0.7502553885301005421, 1.000000000000000000 ),
 .UNSPECIFIED. ) ;
#9103 = SURFACE_STYLE_USAGE ( .BOTH. , #2148 ) ;
#9104 = LINE ( 'NONE', #3823, #3832 ) ;
#9105 = EDGE_CURVE ( 'NONE', #6795, #1443, #353, .T. ) ;
#9106 = DIRECTION ( 'NONE',  ( 1.000000000000000000, 0.000000000000000000, 0.000000000000000000 ) ) ;
#9107 = VECTOR ( 'NONE', #9275, 1000.000000000000000 ) ;
#9108 = CARTESIAN_POINT ( 'NONE',  ( -0.2371226063914762816, 1.414885078223534265, 0.8000999999999999224 ) ) ;
#9109 = CARTESIAN_POINT ( 'NONE',  ( 0.7717100164208547941, -0.8462998081221534408, 0.8001000000000000334 ) ) ;
#9110 = CARTESIAN_POINT ( 'NONE',  ( -0.3500000000000002554, -1.036538461517738874, 0.8000000000000000444 ) ) ;
#9111 = CARTESIAN_POINT ( 'NONE',  ( -0.2330036141170959973, 0.2201134580402644148, 0.8001000000000002554 ) ) ;
#9112 = SURFACE_SIDE_STYLE ('',( #89 ) ) ;
#9113 = ORIENTED_EDGE ( 'NONE', *, *, #8612, .T. ) ;
#9114 = CARTESIAN_POINT ( 'NONE',  ( 0.03076923076923048297, -0.8891225961331233885, 0.8001000000000000334 ) ) ;
#9115 = ORIENTED_EDGE ( 'NONE', *, *, #1300, .T. ) ;
#9116 = EDGE_CURVE ( 'NONE', #1858, #1968, #4191, .T. ) ;
#9117 = LINE ( 'NONE', #2934, #9654 ) ;
#9118 = ADVANCED_FACE ( 'NONE', ( #5743 ), #500, .F. ) ;
#9119 = CARTESIAN_POINT ( 'NONE',  ( -0.1904310001143936781, -0.2338740880839119685, 0.8001000000000000334 ) ) ;
#9120 = PRESENTATION_STYLE_ASSIGNMENT (( #4639 ) ) ;
#9121 = CARTESIAN_POINT ( 'NONE',  ( 0.6371794871794869142, 1.444851762805495765, 0.8001000000000000334 ) ) ;
#9122 = AXIS2_PLACEMENT_3D ( 'NONE', #4505, #7487, #3717 ) ;
#9123 = PRESENTATION_STYLE_ASSIGNMENT (( #6142 ) ) ;
#9124 = SURFACE_SIDE_STYLE ('',( #7613 ) ) ;
#9125 = CARTESIAN_POINT ( 'NONE',  ( 0.6649713021914215316, -0.08843474809638107725, 0.8000000000000000444 ) ) ;
#9126 = ORIENTED_EDGE ( 'NONE', *, *, #7140, .F. ) ;
#9127 = FACE_BOUND ( 'NONE', #3556, .T. ) ;
#9128 = ORIENTED_EDGE ( 'NONE', *, *, #125, .T. ) ;
#9129 = PRESENTATION_LAYER_ASSIGNMENT (  '', '', ( #7738 ) ) ;
#9130 = ORIENTED_EDGE ( 'NONE', *, *, #298, .T. ) ;
#9131 = DIRECTION ( 'NONE',  ( -0.7071067811865526798, 8.761676666762200900E-16, -0.7071067811865424657 ) ) ;
#9132 = CARTESIAN_POINT ( 'NONE',  ( 0.5047864864561167897, 2.053212189813712119, 0.8000999999999999224 ) ) ;
#9133 = DIRECTION ( 'NONE',  ( 0.000000000000000000, 0.000000000000000000, 1.000000000000000000 ) ) ;
#9134 = SURFACE_STYLE_FILL_AREA ( #898 ) ;
#9135 = DIRECTION ( 'NONE',  ( -1.239088197126291458E-15, -1.000000000000000000, 0.000000000000000000 ) ) ;
#9136 = COLOUR_RGB ( '',0.9254901960784314152, 0.9254901960784314152, 0.9254901960784314152 ) ;
#9137 = ORIENTED_EDGE ( 'NONE', *, *, #1016, .T. ) ;
#9138 = FACE_OUTER_BOUND ( 'NONE', #9791, .T. ) ;
#9139 = ORIENTED_EDGE ( 'NONE', *, *, #772, .F. ) ;
#9140 = EDGE_CURVE ( 'NONE', #8126, #3602, #3524, .T. ) ;
#9141 =( NAMED_UNIT ( * ) SI_UNIT ( $, .STERADIAN. ) SOLID_ANGLE_UNIT ( ) );
#9142 =( GEOMETRIC_REPRESENTATION_CONTEXT ( 3 ) GLOBAL_UNCERTAINTY_ASSIGNED_CONTEXT ( ( #9584 ) ) GLOBAL_UNIT_ASSIGNED_CONTEXT ( ( #1818, #884, #3989 ) ) REPRESENTATION_CONTEXT ( 'NONE', 'WORKASPACE' ) );
#9143 = FILL_AREA_STYLE ('',( #7081 ) ) ;
#9144 =( NAMED_UNIT ( * ) PLANE_ANGLE_UNIT ( ) SI_UNIT ( $, .RADIAN. ) );
#9145 =( NAMED_UNIT ( * ) SI_UNIT ( $, .STERADIAN. ) SOLID_ANGLE_UNIT ( ) );
#9146 = CARTESIAN_POINT ( 'NONE',  ( 0.6371794871794869142, -1.360897435889189655, 0.8001000000000000334 ) ) ;
#9147 = CARTESIAN_POINT ( 'NONE',  ( 5.649999999999995026, 0.000000000000000000, -9.000000000000001776 ) ) ;
#9148 = CARTESIAN_POINT ( 'NONE',  ( 0.6091947115384613864, 1.759294871779854663, 0.8000000000000000444 ) ) ;
#9149 = DIRECTION ( 'NONE',  ( -0.000000000000000000, -0.000000000000000000, -1.000000000000000000 ) ) ;
#9150 = ORIENTED_EDGE ( 'NONE', *, *, #6422, .F. ) ;
#9151 = VERTEX_POINT ( 'NONE', #8680 ) ;
#9152 = EDGE_CURVE ( 'NONE', #2716, #6923, #2634, .T. ) ;
#9153 = VECTOR ( 'NONE', #8788, 1000.000000000000000 ) ;
#9154 = CARTESIAN_POINT ( 'NONE',  ( 0.03276328678314199827, 0.09042622568653789494, 0.8001000000000000334 ) ) ;
#9155 = CARTESIAN_POINT ( 'NONE',  ( 0.7779874237834077944, -0.9375427093404321566, 0.8000000000000003775 ) ) ;
#9156 = CARTESIAN_POINT ( 'NONE',  ( 0.05214342948717926723, -1.018689903825431120, 0.8001000000000000334 ) ) ;
#9157 = CARTESIAN_POINT ( 'NONE',  ( 0.5349687724716238879, 2.035234542977546468, 0.8000000000000001554 ) ) ;
#9158 = CARTESIAN_POINT ( 'NONE',  ( 0.7766185679194891334, -0.01150152501561852759, 0.8001000000000002554 ) ) ;
#9159 = DIRECTION ( 'NONE',  ( -1.239088197126291458E-15, -1.000000000000000000, 0.000000000000000000 ) ) ;
#9160 = ORIENTED_EDGE ( 'NONE', *, *, #9580, .F. ) ;
#9161 =( GEOMETRIC_REPRESENTATION_CONTEXT ( 3 ) GLOBAL_UNCERTAINTY_ASSIGNED_CONTEXT ( ( #9301 ) ) GLOBAL_UNIT_ASSIGNED_CONTEXT ( ( #2373, #9068, #3084 ) ) REPRESENTATION_CONTEXT ( 'NONE', 'WORKASPACE' ) );
#9162 =( NAMED_UNIT ( * ) PLANE_ANGLE_UNIT ( ) SI_UNIT ( $, .RADIAN. ) );
#9163 = EDGE_CURVE ( 'NONE', #1059, #9066, #3548, .T. ) ;
#9164 = SURFACE_STYLE_FILL_AREA ( #779 ) ;
#9165 = DIRECTION ( 'NONE',  ( -1.000000000000000000, 0.000000000000000000, 0.000000000000000000 ) ) ;
#9166 = SURFACE_STYLE_FILL_AREA ( #4691 ) ;
#9167 = CARTESIAN_POINT ( 'NONE',  ( 0.7782051282051279939, -0.9265825320305592916, 0.8001000000000000334 ) ) ;
#9168 = VECTOR ( 'NONE', #9, 1000.000000000000000 ) ;
#9169 = STYLED_ITEM ( 'NONE', ( #191 ), #4407 ) ;
#9170 = CARTESIAN_POINT ( 'NONE',  ( 0.6369515431177424913, 1.497890987396387263, 0.7999999999999997113 ) ) ;
#9171 = CARTESIAN_POINT ( 'NONE',  ( 0.2277644230769228784, 0.2516426281910846829, 0.8001000000000000334 ) ) ;
#9172 = CARTESIAN_POINT ( 'NONE',  ( 0.000000000000000000, -3.699999999999999289, -3.100000000000000089 ) ) ;
#9173 = DIRECTION ( 'NONE',  ( 0.000000000000000000, 0.000000000000000000, 1.000000000000000000 ) ) ;
#9174 = EDGE_CURVE ( 'NONE', #9054, #5425, #1186, .T. ) ;
#9175 = PRESENTATION_LAYER_ASSIGNMENT (  '', '', ( #1725 ) ) ;
#9176 = EDGE_LOOP ( 'NONE', ( #8711, #4715, #8513, #3412 ) ) ;
#9177 = CARTESIAN_POINT ( 'NONE',  ( -0.3500000000000002554, 0.6134615384624666490, 0.8001000000000000334 ) ) ;
#9178 = ORIENTED_EDGE ( 'NONE', *, *, #5397, .T. ) ;
#9179 = CARTESIAN_POINT ( 'NONE',  ( 0.6564816219111325735, 1.925473682858351854, 0.8000999999999999224 ) ) ;
#9180 = STYLED_ITEM ( 'NONE', ( #880 ), #8535 ) ;
#9181 = CARTESIAN_POINT ( 'NONE',  ( -0.1180971242735293081, -0.2793901732365403068, 0.8000000000000000444 ) ) ;
#9182 =( NAMED_UNIT ( * ) SI_UNIT ( $, .STERADIAN. ) SOLID_ANGLE_UNIT ( ) );
#9183 = CARTESIAN_POINT ( 'NONE',  ( 0.3864182692307689959, -0.6416666666459438506, 0.8000000000000000444 ) ) ;
#9184 = AXIS2_PLACEMENT_3D ( 'NONE', #5473, #171, #217 ) ;
#9185 = PRESENTATION_STYLE_ASSIGNMENT (( #3258 ) ) ;
#9186 = CARTESIAN_POINT ( 'NONE',  ( 0.1437722150964120538, -0.9154973885931644295, 0.8000000000000001554 ) ) ;
#9187 = DIRECTION ( 'NONE',  ( 0.000000000000000000, -0.7071067811865504593, 0.7071067811865445751 ) ) ;
#9188 = ADVANCED_FACE ( 'NONE', ( #1322 ), #1922, .F. ) ;
#9189 = ORIENTED_EDGE ( 'NONE', *, *, #2899, .F. ) ;
#9190 = AXIS2_PLACEMENT_3D ( 'NONE', #7824, #5616, #4105 ) ;
#9191 = SURFACE_STYLE_FILL_AREA ( #4660 ) ;
#9192 = ORIENTED_EDGE ( 'NONE', *, *, #5265, .F. ) ;
#9193 = VECTOR ( 'NONE', #6084, 1000.000000000000000 ) ;
#9194 = CARTESIAN_POINT ( 'NONE',  ( 0.7730987728120066738, -0.9907017256134654781, 0.8000000000000002665 ) ) ;
#9195 = FACE_BOUND ( 'NONE', #6307, .T. ) ;
#9196 = FACE_BOUND ( 'NONE', #2447, .T. ) ;
#9197 = CYLINDRICAL_SURFACE ( 'NONE', #3061, 0.4999999999999995559 ) ;
#9198 = CARTESIAN_POINT ( 'NONE',  ( 0.1435897435897433294, -0.9069711538254310312, 0.8000000000000000444 ) ) ;
#9199 =( GEOMETRIC_REPRESENTATION_CONTEXT ( 3 ) GLOBAL_UNCERTAINTY_ASSIGNED_CONTEXT ( ( #8806 ) ) GLOBAL_UNIT_ASSIGNED_CONTEXT ( ( #4609, #8944, #9634 ) ) REPRESENTATION_CONTEXT ( 'NONE', 'WORKASPACE' ) );
#9200 = CARTESIAN_POINT ( 'NONE',  ( 0.4911733234257726344, 1.934977365502690283, 0.8001000000000002554 ) ) ;
#9201 = ORIENTED_EDGE ( 'NONE', *, *, #2710, .F. ) ;
#9202 = VERTEX_POINT ( 'NONE', #9559 ) ;
#9203 = VECTOR ( 'NONE', #2723, 1000.000000000000000 ) ;
#9204 =( GEOMETRIC_REPRESENTATION_CONTEXT ( 3 ) GLOBAL_UNCERTAINTY_ASSIGNED_CONTEXT ( ( #6284 ) ) GLOBAL_UNIT_ASSIGNED_CONTEXT ( ( #3658, #3753, #706 ) ) REPRESENTATION_CONTEXT ( 'NONE', 'WORKASPACE' ) );
#9205 = CARTESIAN_POINT ( 'NONE',  ( 0.08717948717948691140, -0.1198717948858383786, 0.8001000000000000334 ) ) ;
#9206 = CARTESIAN_POINT ( 'NONE',  ( 0.6455934806781598034, -1.194058115792377306, 0.8000000000000002665 ) ) ;
#9207 = CARTESIAN_POINT ( 'NONE',  ( -0.2371794871794874193, 1.395933493574726514, 0.8000000000000000444 ) ) ;
#9208 = LINE ( 'NONE', #1015, #3776 ) ;
#9209 = EDGE_CURVE ( 'NONE', #8240, #3414, #6528, .T. ) ;
#9210 = FILL_AREA_STYLE_COLOUR ( '', #2963 ) ;
#9211 =( LENGTH_UNIT ( ) NAMED_UNIT ( * ) SI_UNIT ( .MILLI., .METRE. ) );
#9212 = DIRECTION ( 'NONE',  ( 0.000000000000000000, -0.7071067811865505703, -0.7071067811865444641 ) ) ;
#9213 = EDGE_LOOP ( 'NONE', ( #4246, #7810, #8620, #1097 ) ) ;
#9214 = LINE ( 'NONE', #5497, #1720 ) ;
#9215 = DIRECTION ( 'NONE',  ( 1.000000000000000000, 0.000000000000000000, 0.000000000000000000 ) ) ;
#9216 = DIRECTION ( 'NONE',  ( -0.000000000000000000, -0.000000000000000000, -1.000000000000000000 ) ) ;
#9217 =( LENGTH_UNIT ( ) NAMED_UNIT ( * ) SI_UNIT ( .MILLI., .METRE. ) );
#9218 = CARTESIAN_POINT ( 'NONE',  ( -0.2646624200457903253, 0.1972037964899414630, 0.8000999999999999224 ) ) ;
#9219 = VECTOR ( 'NONE', #2761, 1000.000000000000000 ) ;
#9220 = CARTESIAN_POINT ( 'NONE',  ( 0.7779874237834077944, -0.9375427093404321566, 0.8001000000000001444 ) ) ;
#9221 = CARTESIAN_POINT ( 'NONE',  ( 0.4143209350623764942, 0.3170809046340740123, 0.7999999999999999334 ) ) ;
#9222 = CARTESIAN_POINT ( 'NONE',  ( 0.1395240299561291697, 0.1441482145963499661, 0.8000000000000000444 ) ) ;
#9223 = CARTESIAN_POINT ( 'NONE',  ( 0.6645040255077026004, -0.9496659634272131001, 0.8000000000000001554 ) ) ;
#9224 = AXIS2_PLACEMENT_3D ( 'NONE', #3905, #1783, #6978 ) ;
#9225 = LINE ( 'NONE', #7063, #2521 ) ;
#9226 = EDGE_LOOP ( 'NONE', ( #5110, #4328, #2695, #9543, #5803, #1592, #67, #3204 ) ) ;
#9227 = CARTESIAN_POINT ( 'NONE',  ( -0.1385899339112699746, -0.2687485556718182678, 0.8000999999999998114 ) ) ;
#9228 = EDGE_CURVE ( 'NONE', #5425, #4291, #2390, .T. ) ;
#9229 = CARTESIAN_POINT ( 'NONE',  ( 0.7782051282051279939, -0.06324118591147942503, 0.8001000000000000334 ) ) ;
#9230 = CARTESIAN_POINT ( 'NONE',  ( -0.3776598147862345045, -0.08963700390379444882, 0.8000999999999999224 ) ) ;
#9231 =( LENGTH_UNIT ( ) NAMED_UNIT ( * ) SI_UNIT ( .MILLI., .METRE. ) );
#9232 =( LENGTH_UNIT ( ) NAMED_UNIT ( * ) SI_UNIT ( .MILLI., .METRE. ) );
#9233 = CARTESIAN_POINT ( 'NONE',  ( 4.849999999999996980, 1.000000000000000444, 2.900000000000000355 ) ) ;
#9234 = ORIENTED_EDGE ( 'NONE', *, *, #5265, .T. ) ;
#9235 = VERTEX_POINT ( 'NONE', #8822 ) ;
#9236 = FILL_AREA_STYLE_COLOUR ( '', #3178 ) ;
#9237 = ORIENTED_EDGE ( 'NONE', *, *, #4724, .T. ) ;
#9238 = B_SPLINE_SURFACE_WITH_KNOTS ( 'NONE', 3, 1, ( 
 ( #6951, #8527 ),
 ( #2512, #9155 ),
 ( #1062, #4729 ),
 ( #7888, #328 ),
 ( #3970, #129 ),
 ( #6170, #229 ),
 ( #6322, #2418 ),
 ( #2363, #1755 ),
 ( #5438, #3925 ),
 ( #8613, #6997 ),
 ( #3180, #8573 ),
 ( #8436, #9206 ),
 ( #2467, #1617 ),
 ( #4821, #3232 ),
 ( #1663, #7835 ),
 ( #4067, #1708 ),
 ( #278, #4676 ),
 ( #5539, #6227 ),
 ( #5488, #7093 ) ),
 .UNSPECIFIED., .F., .F., .F.,
 ( 4, 1, 1, 1, 1, 1, 1, 1, 1, 1, 1, 1, 1, 1, 1, 1, 4 ),
 ( 2, 2 ),
 ( 0.000000000000000000, 0.06542953217144087397, 0.1287248750926145435, 0.1902605342716787162, 0.2507565503513353167, 0.3108550608925595427, 0.3707755203927198262, 0.4318826388436725616, 0.4937988059782172923, 0.5561672837585600604, 0.6172933022929950608, 0.6786268373557865496, 0.7406781131058424172, 0.8029601009541356138, 0.8667855014612820819, 0.9323384967828300951, 1.000000000000000000 ),
 ( 0.000000000000000000, 1.000000000000000000 ),
 .UNSPECIFIED. ) ;
#9239 = FACE_OUTER_BOUND ( 'NONE', #6066, .T. ) ;
#9240 = EDGE_CURVE ( 'NONE', #8346, #1683, #9513, .T. ) ;
#9241 =( LENGTH_UNIT ( ) NAMED_UNIT ( * ) SI_UNIT ( .MILLI., .METRE. ) );
#9242 = ADVANCED_FACE ( 'NONE', ( #8061 ), #6809, .T. ) ;
#9243 = VECTOR ( 'NONE', #5306, 1000.000000000000000 ) ;
#9244 = CARTESIAN_POINT ( 'NONE',  ( 0.6653846153846152411, -0.9208533653638926175, 0.8000000000000000444 ) ) ;
#9245 = CARTESIAN_POINT ( 'NONE',  ( 0.5986705636016331766, 1.789177789249735362, 0.7999999999999999334 ) ) ;
#9246 = VERTEX_POINT ( 'NONE', #2166 ) ;
#9247 = ORIENTED_EDGE ( 'NONE', *, *, #3217, .F. ) ;
#9248 = CARTESIAN_POINT ( 'NONE',  ( 0.5521547480668523855, -1.133668446085291048, 0.8001000000000001444 ) ) ;
#9249 = CARTESIAN_POINT ( 'NONE',  ( 0.7499999999999997780, 2.348076923060551824, 0.8001000000000000334 ) ) ;
#9250 =( NAMED_UNIT ( * ) SI_UNIT ( $, .STERADIAN. ) SOLID_ANGLE_UNIT ( ) );
#9251 = SURFACE_SIDE_STYLE ('',( #3972 ) ) ;
#9252 = COLOUR_RGB ( '',0.9254901960784314152, 0.9254901960784314152, 0.9254901960784314152 ) ;
#9253 = CARTESIAN_POINT ( 'NONE',  ( 0.6613315988708172721, -0.001683934030887383792, 0.8000000000000002665 ) ) ;
#9254 = CARTESIAN_POINT ( 'NONE',  ( 0.5024999365940923113, -0.3153204614681240359, 0.8000999999999999224 ) ) ;
#9255 = VERTEX_POINT ( 'NONE', #7557 ) ;
#9256 = FILL_AREA_STYLE_COLOUR ( '', #5557 ) ;
#9257 = FILL_AREA_STYLE_COLOUR ( '', #5870 ) ;
#9258 = EDGE_CURVE ( 'NONE', #6730, #1704, #5244, .T. ) ;
#9259 = VECTOR ( 'NONE', #3015, 1000.000000000000000 ) ;
#9260 = CARTESIAN_POINT ( 'NONE',  ( -0.3404837440989537667, 1.648176152264742678, 0.8001000000000000334 ) ) ;
#9261 = CARTESIAN_POINT ( 'NONE',  ( -2.299999999999999822, -2.500000000000000444, 0.8001000000000000334 ) ) ;
#9262 = CARTESIAN_POINT ( 'NONE',  ( 0.5332214843649253355, -1.248961033454746739, 0.8000999999999999224 ) ) ;
#9263 = AXIS2_PLACEMENT_3D ( 'NONE', #6325, #969, #9296 ) ;
#9264 = DIRECTION ( 'NONE',  ( 1.000000000000000000, 0.000000000000000000, 0.000000000000000000 ) ) ;
#9265 = CARTESIAN_POINT ( 'NONE',  ( 0.2488109141680288905, 0.1087017602033265723, 0.8000000000000005995 ) ) ;
#9266 = EDGE_LOOP ( 'NONE', ( #9234, #4971 ) ) ;
#9267 = EDGE_CURVE ( 'NONE', #3069, #6769, #1480, .T. ) ;
#9268 = DIRECTION ( 'NONE',  ( 0.000000000000000000, 0.000000000000000000, -1.000000000000000000 ) ) ;
#9269 = CARTESIAN_POINT ( 'NONE',  ( 0.6362197766345875083, 1.950086255832611748, 0.8000000000000001554 ) ) ;
#9270 = DIRECTION ( 'NONE',  ( 0.000000000000000000, 1.000000000000000000, -0.000000000000000000 ) ) ;
#9271 =( NAMED_UNIT ( * ) PLANE_ANGLE_UNIT ( ) SI_UNIT ( $, .RADIAN. ) );
#9272 = CARTESIAN_POINT ( 'NONE',  ( 0.6369515431177424913, 1.497890987396387263, 0.8000999999999997003 ) ) ;
#9273 = DIRECTION ( 'NONE',  ( 1.000000000000000000, 0.000000000000000000, 0.000000000000000000 ) ) ;
#9274 = SURFACE_STYLE_FILL_AREA ( #3949 ) ;
#9275 = DIRECTION ( 'NONE',  ( 0.000000000000000000, 0.000000000000000000, -1.000000000000000000 ) ) ;
#9276 = ORIENTED_EDGE ( 'NONE', *, *, #1627, .T. ) ;
#9277 = ORIENTED_EDGE ( 'NONE', *, *, #2685, .T. ) ;
#9278 = VECTOR ( 'NONE', #4082, 1000.000000000000000 ) ;
#9279 = VERTEX_POINT ( 'NONE', #9021 ) ;
#9280 = EDGE_CURVE ( 'NONE', #6617, #6985, #6720, .T. ) ;
#9281 = CARTESIAN_POINT ( 'NONE',  ( 0.07336615579364504092, -0.003468244684499425991, 0.8001000000000000334 ) ) ;
#9282 = DIRECTION ( 'NONE',  ( 0.000000000000000000, 1.000000000000000000, 0.000000000000000000 ) ) ;
#9283 = SURFACE_SIDE_STYLE ('',( #4718 ) ) ;
#9284 = MECHANICAL_DESIGN_GEOMETRIC_PRESENTATION_REPRESENTATION (  '', ( #7738 ), #103 ) ;
#9285 = CARTESIAN_POINT ( 'NONE',  ( 0.4679487179487177295, -1.262179487158764601, 0.8001000000000000334 ) ) ;
#9286 = CARTESIAN_POINT ( 'NONE',  ( 0.2493859187901470709, 0.2674349316933752885, 0.8001000000000001444 ) ) ;
#9287 = LINE ( 'NONE', #6943, #3430 ) ;
#9288 = DIRECTION ( 'NONE',  ( 1.000000000000000000, 0.000000000000000000, 0.000000000000000000 ) ) ;
#9289 = ORIENTED_EDGE ( 'NONE', *, *, #9357, .T. ) ;
#9290 = ORIENTED_EDGE ( 'NONE', *, *, #1230, .F. ) ;
#9291 = EDGE_CURVE ( 'NONE', #1059, #8136, #4480, .T. ) ;
#9292 = AXIS2_PLACEMENT_3D ( 'NONE', #2131, #1115, #7475 ) ;
#9293 = EDGE_CURVE ( 'NONE', #9151, #417, #9662, .T. ) ;
#9294 = CARTESIAN_POINT ( 'NONE',  ( 0.4986035184450753333, -1.156368378385575157, 0.8001000000000001444 ) ) ;
#9295 = CARTESIAN_POINT ( 'NONE',  ( -6.399999999999999467, 1.499999999999999112, 0.8001000000000000334 ) ) ;
#9296 = DIRECTION ( 'NONE',  ( 0.000000000000000000, -0.000000000000000000, 1.000000000000000000 ) ) ;
#9297 = VECTOR ( 'NONE', #5339, 1000.000000000000000 ) ;
#9298 = CARTESIAN_POINT ( 'NONE',  ( 0.4326923076923074873, 0.2185897435757000740, 0.8001000000000000334 ) ) ;
#9299 = CARTESIAN_POINT ( 'NONE',  ( 0.3864182692307689959, -0.6416666666459438506, 0.8001000000000000334 ) ) ;
#9300 = EDGE_LOOP ( 'NONE', ( #5216, #734, #6817, #7041 ) ) ;
#9301 = UNCERTAINTY_MEASURE_WITH_UNIT (LENGTH_MEASURE( 1.000000000000000082E-05 ), #2373, 'distance_accuracy_value', 'NONE');
#9302 = ORIENTED_EDGE ( 'NONE', *, *, #6961, .T. ) ;
#9303 = EDGE_CURVE ( 'NONE', #1968, #8830, #3785, .T. ) ;
#9304 = EDGE_CURVE ( 'NONE', #5329, #1886, #4425, .T. ) ;
#9305 = STYLED_ITEM ( 'NONE', ( #5157 ), #4696 ) ;
#9306 = LINE ( 'NONE', #3192, #5405 ) ;
#9307 = DIRECTION ( 'NONE',  ( -0.000000000000000000, -0.000000000000000000, -1.000000000000000000 ) ) ;
#9308 = CARTESIAN_POINT ( 'NONE',  ( -0.3103365384615386358, 1.791025641010623781, 0.8000000000000000444 ) ) ;
#9309 = DIRECTION ( 'NONE',  ( 0.5773502691896232886, -0.5773502691896246208, 0.5773502691896295058 ) ) ;
#9310 = DIRECTION ( 'NONE',  ( 1.000000000000000000, 0.000000000000000000, 0.000000000000000000 ) ) ;
#9311 = PLANE ( 'NONE',  #6483 ) ;
#9312 = COLOUR_RGB ( '',0.2509803921568627416, 0.2509803921568627416, 0.2509803921568627416 ) ;
#9313 = CARTESIAN_POINT ( 'NONE',  ( 0.1442304179179751955, -0.8779567028946866358, 0.8000999999999999224 ) ) ;
#9314 = VECTOR ( 'NONE', #5286, 1000.000000000000000 ) ;
#9315 = CARTESIAN_POINT ( 'NONE',  ( 0.2076844891353802625, -0.02975841627026418884, 0.8000999999999999224 ) ) ;
#9316 = ORIENTED_EDGE ( 'NONE', *, *, #3774, .T. ) ;
#9317 = DIRECTION ( 'NONE',  ( -0.000000000000000000, -0.000000000000000000, -1.000000000000000000 ) ) ;
#9318 = CARTESIAN_POINT ( 'NONE',  ( 0.6905539622604964789, 1.872033328284488540, 0.8001000000000000334 ) ) ;
#9319 = CARTESIAN_POINT ( 'NONE',  ( 0.6770911083194574021, 0.2088833512726212538, 0.8001000000000000334 ) ) ;
#9320 = DIRECTION ( 'NONE',  ( -1.000000000000000000, -0.000000000000000000, 0.000000000000000000 ) ) ;
#9321 = FACE_OUTER_BOUND ( 'NONE', #2833, .T. ) ;
#9322 = EDGE_CURVE ( 'NONE', #3758, #9003, #9757, .T. ) ;
#9323 = CARTESIAN_POINT ( 'NONE',  ( 0.5438939018841619788, -0.5708211684189560264, 0.7999999999999999334 ) ) ;
#9324 = VECTOR ( 'NONE', #8069, 1000.000000000000000 ) ;
#9325 = CARTESIAN_POINT ( 'NONE',  ( 0.06363263126138941905, 0.2110134292101416842, 0.8000000000000004885 ) ) ;
#9326 = ORIENTED_EDGE ( 'NONE', *, *, #2972, .T. ) ;
#9327 = ORIENTED_EDGE ( 'NONE', *, *, #1952, .T. ) ;
#9328 = FACE_OUTER_BOUND ( 'NONE', #9176, .T. ) ;
#9329 = ORIENTED_EDGE ( 'NONE', *, *, #809, .T. ) ;
#9330 = PRESENTATION_STYLE_ASSIGNMENT (( #1887 ) ) ;
#9331 = LINE ( 'NONE', #4859, #8418 ) ;
#9332 = PRESENTATION_LAYER_ASSIGNMENT (  '', '', ( #7934 ) ) ;
#9333 = CARTESIAN_POINT ( 'NONE',  ( -5.750000000000000000, 4.099999999999999645, 0.8001000000000000334 ) ) ;
#9334 = CARTESIAN_POINT ( 'NONE',  ( 0.5437162966514504925, -0.6875840499520594618, 0.7999999999999998224 ) ) ;
#9335 = EDGE_CURVE ( 'NONE', #9279, #3390, #9810, .T. ) ;
#9336 = CARTESIAN_POINT ( 'NONE',  ( 0.1601056824251780031, -0.7984601857976221240, 0.8000000000000002665 ) ) ;
#9337 = AXIS2_PLACEMENT_3D ( 'NONE', #5776, #6421, #4987 ) ;
#9338 = DIRECTION ( 'NONE',  ( -0.000000000000000000, -0.000000000000000000, 1.000000000000000000 ) ) ;
#9339 = ORIENTED_EDGE ( 'NONE', *, *, #5292, .F. ) ;
#9340 = VECTOR ( 'NONE', #3761, 999.9999999999998863 ) ;
#9341 = ORIENTED_EDGE ( 'NONE', *, *, #7267, .F. ) ;
#9342 = CARTESIAN_POINT ( 'NONE',  ( -0.08502919972484614120, 0.1617837862799661186, 0.8000999999999998114 ) ) ;
#9343 = CARTESIAN_POINT ( 'NONE',  ( -0.3500000000000002554, -2.094230769232960032, 0.8000000000000000444 ) ) ;
#9344 = CARTESIAN_POINT ( 'NONE',  ( 0.000000000000000000, 0.000000000000000000, 0.000000000000000000 ) ) ;
#9345 = SURFACE_STYLE_USAGE ( .BOTH. , #9251 ) ;
#9346 = COLOUR_RGB ( '',0.9254901960784314152, 0.9254901960784314152, 0.9254901960784314152 ) ;
#9347 = CARTESIAN_POINT ( 'NONE',  ( -1.599999999999999645, 4.549999999999998934, 0.8000000000000000444 ) ) ;
#9348 = EDGE_CURVE ( 'NONE', #2283, #5575, #3036, .T. ) ;
#9349 = PLANE ( 'NONE',  #6302 ) ;
#9350 = ORIENTED_EDGE ( 'NONE', *, *, #8801, .T. ) ;
#9351 = ORIENTED_EDGE ( 'NONE', *, *, #6912, .F. ) ;
#9352 = CARTESIAN_POINT ( 'NONE',  ( -6.399999999999999467, 1.499999999999999112, -0.8001000000000000334 ) ) ;
#9353 =( GEOMETRIC_REPRESENTATION_CONTEXT ( 3 ) GLOBAL_UNCERTAINTY_ASSIGNED_CONTEXT ( ( #483 ) ) GLOBAL_UNIT_ASSIGNED_CONTEXT ( ( #3012, #673, #8187 ) ) REPRESENTATION_CONTEXT ( 'NONE', 'WORKASPACE' ) );
#9354 = PRESENTATION_STYLE_ASSIGNMENT (( #2578 ) ) ;
#9355 = CARTESIAN_POINT ( 'NONE',  ( 4.849999999999997868, 4.400000000000000355, 1.200000000000002620 ) ) ;
#9356 =( LENGTH_UNIT ( ) NAMED_UNIT ( * ) SI_UNIT ( .MILLI., .METRE. ) );
#9357 = EDGE_CURVE ( 'NONE', #6178, #261, #5353, .T. ) ;
#9358 = ADVANCED_FACE ( 'NONE', ( #3839 ), #5400, .T. ) ;
#9359 = AXIS2_PLACEMENT_3D ( 'NONE', #8467, #8412, #8509 ) ;
#9360 = SURFACE_STYLE_USAGE ( .BOTH. , #3349 ) ;
#9361 = CARTESIAN_POINT ( 'NONE',  ( 0.5521547480668523855, -1.133668446085291048, 0.8000000000000001554 ) ) ;
#9362 = CARTESIAN_POINT ( 'NONE',  ( 3.750000000000011990, -2.600000000000006306, -7.699999999999993960 ) ) ;
#9363 = ORIENTED_EDGE ( 'NONE', *, *, #6298, .T. ) ;
#9364 = CARTESIAN_POINT ( 'NONE',  ( 4.099999999999997868, 4.749999999999995559, -0.8000000000000000444 ) ) ;
#9365 = VECTOR ( 'NONE', #8064, 1000.000000000000000 ) ;
#9366 = CARTESIAN_POINT ( 'NONE',  ( 0.7498648883245576657, 1.576995078705806019, 0.8000000000000003775 ) ) ;
#9367 = CARTESIAN_POINT ( 'NONE',  ( 0.05214342948717926723, -1.018689903825431120, 0.8001000000000000334 ) ) ;
#9368 = CARTESIAN_POINT ( 'NONE',  ( 0.6165244843032147148, 1.734053738603140049, 0.8000999999999999224 ) ) ;
#9369 = CARTESIAN_POINT ( 'NONE',  ( -0.1803662148770542872, 1.987102716712559669, 0.8000999999999998114 ) ) ;
#9370 =( NAMED_UNIT ( * ) PLANE_ANGLE_UNIT ( ) SI_UNIT ( $, .RADIAN. ) );
#9371 = AXIS2_PLACEMENT_3D ( 'NONE', #6600, #6556, #423 ) ;
#9372 = CARTESIAN_POINT ( 'NONE',  ( 5.616666666666665364, -1.466666666666667673, 1.433333333333336679 ) ) ;
#9373 = VERTEX_POINT ( 'NONE', #8539 ) ;
#9374 = ORIENTED_EDGE ( 'NONE', *, *, #2825, .T. ) ;
#9375 = ORIENTED_EDGE ( 'NONE', *, *, #568, .F. ) ;
#9376 = CARTESIAN_POINT ( 'NONE',  ( 0.08717948717948691140, -0.1198717948858383786, 0.8001000000000000334 ) ) ;
#9377 = EDGE_CURVE ( 'NONE', #1255, #1930, #2431, .T. ) ;
#9378 = CARTESIAN_POINT ( 'NONE',  ( 4.849999999999997868, -1.000000000000000000, -8.799999999999997158 ) ) ;
#9379 =( GEOMETRIC_REPRESENTATION_CONTEXT ( 3 ) GLOBAL_UNCERTAINTY_ASSIGNED_CONTEXT ( ( #5385 ) ) GLOBAL_UNIT_ASSIGNED_CONTEXT ( ( #2702, #467, #9577 ) ) REPRESENTATION_CONTEXT ( 'NONE', 'WORKASPACE' ) );
#9380 = SURFACE_STYLE_FILL_AREA ( #6398 ) ;
#9381 =( LENGTH_UNIT ( ) NAMED_UNIT ( * ) SI_UNIT ( .MILLI., .METRE. ) );
#9382 = CARTESIAN_POINT ( 'NONE',  ( 0.1395240299561291697, 0.1441482145963499661, 0.7999999999999999334 ) ) ;
#9383 = CARTESIAN_POINT ( 'NONE',  ( 0.7499999999999997780, 2.956911057675936316, 0.8000000000000000444 ) ) ;
#9384 = DIRECTION ( 'NONE',  ( 0.7071067811865505703, 0.000000000000000000, -0.7071067811865444641 ) ) ;
#9385 = EDGE_LOOP ( 'NONE', ( #3721, #5195, #9750, #2050 ) ) ;
#9386 = UNCERTAINTY_MEASURE_WITH_UNIT (LENGTH_MEASURE( 1.000000000000000082E-05 ), #4331, 'distance_accuracy_value', 'NONE');
#9387 = ORIENTED_EDGE ( 'NONE', *, *, #8994, .F. ) ;
#9388 = CARTESIAN_POINT ( 'NONE',  ( 4.849999999999996980, -4.399999999999999467, -8.799999999999997158 ) ) ;
#9389 = CARTESIAN_POINT ( 'NONE',  ( -0.3500000000000002554, 3.046153846137475085, 0.8000000000000000444 ) ) ;
#9390 = CARTESIAN_POINT ( 'NONE',  ( 0.2138822115384613198, 2.122435897420880568, 0.8001000000000000334 ) ) ;
#9391 = CARTESIAN_POINT ( 'NONE',  ( 0.5598829675598563371, 0.1755113142408572247, 0.8000000000000007105 ) ) ;
#9392 =( LENGTH_UNIT ( ) NAMED_UNIT ( * ) SI_UNIT ( .MILLI., .METRE. ) );
#9393 = EDGE_LOOP ( 'NONE', ( #6509, #383, #5468, #1068, #2547, #2961 ) ) ;
#9394 = UNCERTAINTY_MEASURE_WITH_UNIT (LENGTH_MEASURE( 1.000000000000000082E-05 ), #5942, 'distance_accuracy_value', 'NONE');
#9395 = STYLED_ITEM ( 'NONE', ( #9185 ), #983 ) ;
#9396 = ORIENTED_EDGE ( 'NONE', *, *, #4855, .T. ) ;
#9397 = CARTESIAN_POINT ( 'NONE',  ( -0.2145494073147232450, 0.09953295520226643212, 0.8001000000000000334 ) ) ;
#9398 = DIRECTION ( 'NONE',  ( 0.7071067811865474617, -0.7071067811865474617, -0.000000000000000000 ) ) ;
#9399 = EDGE_CURVE ( 'NONE', #5976, #1789, #1719, .T. ) ;
#9400 = SURFACE_SIDE_STYLE ('',( #7948 ) ) ;
#9401 = CARTESIAN_POINT ( 'NONE',  ( -0.3103365384615386358, 1.791025641010623781, 0.8001000000000000334 ) ) ;
#9402 = AXIS2_PLACEMENT_3D ( 'NONE', #4993, #5690, #4276 ) ;
#9403 = DIRECTION ( 'NONE',  ( 0.000000000000000000, -0.000000000000000000, 1.000000000000000000 ) ) ;
#9404 = CARTESIAN_POINT ( 'NONE',  ( 0.4697045857708389005, -0.5497581024278143103, 0.8001000000000000334 ) ) ;
#9405 = CARTESIAN_POINT ( 'NONE',  ( 0.2958649778423612653, 0.2921518210830507112, 0.8000000000000002665 ) ) ;
#9406 = CARTESIAN_POINT ( 'NONE',  ( -5.600000000000000533, -2.500000000000000444, 0.8001000000000000334 ) ) ;
#9407 = CARTESIAN_POINT ( 'NONE',  ( 6.599999999999997868, 4.750000000000000000, -3.100000000000000089 ) ) ;
#9408 = FACE_OUTER_BOUND ( 'NONE', #1885, .T. ) ;
#9409 = AXIS2_PLACEMENT_3D ( 'NONE', #8041, #1355, #6559 ) ;
#9410 = ORIENTED_EDGE ( 'NONE', *, *, #5060, .F. ) ;
#9411 = EDGE_CURVE ( 'NONE', #3892, #1317, #7114, .T. ) ;
#9412 = CARTESIAN_POINT ( 'NONE',  ( -0.3103365384615386358, 1.791025641010623781, 0.8001000000000000334 ) ) ;
#9413 = EDGE_CURVE ( 'NONE', #1096, #9789, #194, .T. ) ;
#9414 = PRESENTATION_STYLE_ASSIGNMENT (( #8730 ) ) ;
#9415 = PRESENTATION_STYLE_ASSIGNMENT (( #2835 ) ) ;
#9416 = CARTESIAN_POINT ( 'NONE',  ( 0.6413096428413780359, 0.2407517430984549844, 0.8001000000000000334 ) ) ;
#9417 = VECTOR ( 'NONE', #7400, 1000.000000000000000 ) ;
#9418 = CARTESIAN_POINT ( 'NONE',  ( 0.6371794871794869142, 1.036538461539389555, 0.8001000000000000334 ) ) ;
#9419 = CARTESIAN_POINT ( 'NONE',  ( 0.5786562198429896497, -0.2720507980246312796, 0.8000000000000000444 ) ) ;
#9420 = CARTESIAN_POINT ( 'NONE',  ( 0.4668227291610491103, -0.4275416139553404604, 0.8001000000000000334 ) ) ;
#9421 = ORIENTED_EDGE ( 'NONE', *, *, #3497, .F. ) ;
#9422 = ORIENTED_EDGE ( 'NONE', *, *, #5184, .F. ) ;
#9423 = ORIENTED_EDGE ( 'NONE', *, *, #4059, .T. ) ;
#9424 = VECTOR ( 'NONE', #5276, 1000.000000000000000 ) ;
#9425 = CARTESIAN_POINT ( 'NONE',  ( 0.04837859165305017500, 0.06289110920249479930, 0.8001000000000000334 ) ) ;
#9426 = CARTESIAN_POINT ( 'NONE',  ( 0.6206974910219560382, -0.7667504593260512369, 0.8000000000000001554 ) ) ;
#9427 = DIRECTION ( 'NONE',  ( 0.000000000000000000, -1.000000000000000000, 0.000000000000000000 ) ) ;
#9428 = SURFACE_SIDE_STYLE ('',( #1938 ) ) ;
#9429 = ADVANCED_FACE ( 'NONE', ( #7665 ), #8497, .T. ) ;
#9430 = EDGE_LOOP ( 'NONE', ( #9237, #6857, #6991, #8169 ) ) ;
#9431 = ORIENTED_EDGE ( 'NONE', *, *, #6338, .T. ) ;
#9432 =( NAMED_UNIT ( * ) PLANE_ANGLE_UNIT ( ) SI_UNIT ( $, .RADIAN. ) );
#9433 = AXIS2_PLACEMENT_3D ( 'NONE', #8395, #6721, #1531 ) ;
#9434 = FILL_AREA_STYLE ('',( #7142 ) ) ;
#9435 = SURFACE_STYLE_USAGE ( .BOTH. , #477 ) ;
#9436 = FACE_OUTER_BOUND ( 'NONE', #5258, .T. ) ;
#9437 = SURFACE_STYLE_FILL_AREA ( #5079 ) ;
#9438 = CARTESIAN_POINT ( 'NONE',  ( 4.849999999999997868, 1.700000000000000178, 2.699999999999997957 ) ) ;
#9439 = EDGE_CURVE ( 'NONE', #5178, #5363, #832, .T. ) ;
#9440 = ORIENTED_EDGE ( 'NONE', *, *, #8450, .F. ) ;
#9441 = VECTOR ( 'NONE', #7750, 1000.000000000000000 ) ;
#9442 = ORIENTED_EDGE ( 'NONE', *, *, #4408, .F. ) ;
#9443 = CARTESIAN_POINT ( 'NONE',  ( -0.3500000000000002554, -1.783974358966112561, 0.8001000000000000334 ) ) ;
#9444 = DIRECTION ( 'NONE',  ( -0.000000000000000000, -0.000000000000000000, -1.000000000000000000 ) ) ;
#9445 = CARTESIAN_POINT ( 'NONE',  ( -0.3500000000000002554, -0.5852564102356874187, 0.8001000000000000334 ) ) ;
#9446 = VECTOR ( 'NONE', #9712, 1000.000000000000000 ) ;
#9447 = CARTESIAN_POINT ( 'NONE',  ( -0.3448741665984041971, 1.602468682267524702, 0.7999999999999998224 ) ) ;
#9448 = CARTESIAN_POINT ( 'NONE',  ( 0.5903225225291075517, -0.5929436368808471691, 0.8001000000000001444 ) ) ;
#9449 = CARTESIAN_POINT ( 'NONE',  ( 0.7782051282051279939, -0.06324118591147942503, 0.8001000000000000334 ) ) ;
#9450 = LINE ( 'NONE', #2727, #6440 ) ;
#9451 = EDGE_CURVE ( 'NONE', #261, #8371, #3885, .T. ) ;
#9452 = MECHANICAL_DESIGN_GEOMETRIC_PRESENTATION_REPRESENTATION (  '', ( #933 ), #6042 ) ;
#9453 = CARTESIAN_POINT ( 'NONE',  ( -0.02479090086765797438, 0.2537398101426576735, 0.8000999999999995893 ) ) ;
#9454 = DIRECTION ( 'NONE',  ( -0.000000000000000000, 0.000000000000000000, -1.000000000000000000 ) ) ;
#9455 = ORIENTED_EDGE ( 'NONE', *, *, #9399, .T. ) ;
#9456 = DIRECTION ( 'NONE',  ( -0.5773502691896268413, -0.5773502691896227335, 0.5773502691896277295 ) ) ;
#9457 = FACE_OUTER_BOUND ( 'NONE', #5372, .T. ) ;
#9458 = CARTESIAN_POINT ( 'NONE',  ( 4.849999999999996980, 3.700000000000001066, -8.799999999999997158 ) ) ;
#9459 = CARTESIAN_POINT ( 'NONE',  ( 0.03076923076923048297, -0.8891225961331233885, 0.8001000000000000334 ) ) ;
#9460 = CARTESIAN_POINT ( 'NONE',  ( 0.6334852417748181308, 1.593917025435199752, 0.8000999999999998114 ) ) ;
#9461 = CARTESIAN_POINT ( 'NONE',  ( -0.3054883983736566000, 1.803753705285750186, 0.8000999999999999224 ) ) ;
#9462 = CARTESIAN_POINT ( 'NONE',  ( 0.6619611817675564724, -0.1145744929566331477, 0.8000000000000000444 ) ) ;
#9463 = EDGE_CURVE ( 'NONE', #8864, #7661, #1675, .T. ) ;
#9464 = VECTOR ( 'NONE', #8658, 1000.000000000000227 ) ;
#9465 = CARTESIAN_POINT ( 'NONE',  ( -0.1890692403436971258, -0.3571330727226228463, 0.8001000000000002554 ) ) ;
#9466 = LINE ( 'NONE', #100, #464 ) ;
#9467 = VERTEX_POINT ( 'NONE', #2480 ) ;
#9468 = VECTOR ( 'NONE', #2159, 1000.000000000000000 ) ;
#9469 = CARTESIAN_POINT ( 'NONE',  ( 0.7323435396971007538, -0.2530352611410817132, 0.8000000000000000444 ) ) ;
#9470 = AXIS2_PLACEMENT_3D ( 'NONE', #4431, #7464, #4485 ) ;
#9471 = VERTEX_POINT ( 'NONE', #3140 ) ;
#9472 = FILL_AREA_STYLE_COLOUR ( '', #6061 ) ;
#9473 = FACE_OUTER_BOUND ( 'NONE', #1511, .T. ) ;
#9474 = CARTESIAN_POINT ( 'NONE',  ( 0.5859727964720683469, -0.7235990560622387324, 0.8001000000000000334 ) ) ;
#9475 = VECTOR ( 'NONE', #6342, 1000.000000000000000 ) ;
#9476 = MECHANICAL_DESIGN_GEOMETRIC_PRESENTATION_REPRESENTATION (  '', ( #5228 ), #1089 ) ;
#9477 = ADVANCED_FACE ( 'NONE', ( #4834 ), #6183, .T. ) ;
#9478 = CARTESIAN_POINT ( 'NONE',  ( 4.849999999999997868, -1.000000000000000000, 1.200000000000002620 ) ) ;
#9479 = ORIENTED_EDGE ( 'NONE', *, *, #9348, .T. ) ;
#9480 = UNCERTAINTY_MEASURE_WITH_UNIT (LENGTH_MEASURE( 1.000000000000000082E-05 ), #3334, 'distance_accuracy_value', 'NONE');
#9481 = ORIENTED_EDGE ( 'NONE', *, *, #2755, .T. ) ;
#9482 = UNCERTAINTY_MEASURE_WITH_UNIT (LENGTH_MEASURE( 1.000000000000000082E-05 ), #6825, 'distance_accuracy_value', 'NONE');
#9483 = AXIS2_PLACEMENT_3D ( 'NONE', #4114, #9535, #325 ) ;
#9484 =( LENGTH_UNIT ( ) NAMED_UNIT ( * ) SI_UNIT ( .MILLI., .METRE. ) );
#9485 = DIRECTION ( 'NONE',  ( 1.734825361610271983E-14, 6.056885975236700112E-16, -1.000000000000000000 ) ) ;
#9486 = PRESENTATION_LAYER_ASSIGNMENT (  '', '', ( #7462 ) ) ;
#9487 = FILL_AREA_STYLE ('',( #1064 ) ) ;
#9488 = CARTESIAN_POINT ( 'NONE',  ( -1.750000000000000222, 4.399999999999999467, 2.000000000000000000 ) ) ;
#9489 = DIRECTION ( 'NONE',  ( -0.000000000000000000, 0.000000000000000000, 1.000000000000000000 ) ) ;
#9490 = FACE_OUTER_BOUND ( 'NONE', #9741, .T. ) ;
#9491 = VERTEX_POINT ( 'NONE', #4179 ) ;
#9492 = UNCERTAINTY_MEASURE_WITH_UNIT (LENGTH_MEASURE( 1.000000000000000082E-05 ), #3011, 'distance_accuracy_value', 'NONE');
#9493 = VERTEX_POINT ( 'NONE', #8098 ) ;
#9494 = AXIS2_PLACEMENT_3D ( 'NONE', #7569, #9082, #5312 ) ;
#9495 = CARTESIAN_POINT ( 'NONE',  ( 0.7030101774277566218, -0.6882059946261354089, 0.8001000000000001444 ) ) ;
#9496 = VECTOR ( 'NONE', #8810, 1000.000000000000000 ) ;
#9497 = CARTESIAN_POINT ( 'NONE',  ( 6.099999999999997868, 5.250000000000000000, -0.8000000000000000444 ) ) ;
#9498 = EDGE_CURVE ( 'NONE', #3059, #5979, #8673, .T. ) ;
#9499 = CARTESIAN_POINT ( 'NONE',  ( -4.249999999999999112, -0.2000000000000005107, 0.8001000000000000334 ) ) ;
#9500 = DIRECTION ( 'NONE',  ( -0.5773502691896240657, -0.5773502691896240657, -0.5773502691896290617 ) ) ;
#9501 =( LENGTH_UNIT ( ) NAMED_UNIT ( * ) SI_UNIT ( .MILLI., .METRE. ) );
#9502 = CARTESIAN_POINT ( 'NONE',  ( -0.2371794871794874193, -0.9594150640818412956, 0.8001000000000000334 ) ) ;
#9503 = VECTOR ( 'NONE', #6030, 1000.000000000000000 ) ;
#9504 = CARTESIAN_POINT ( 'NONE',  ( 0.5591416651705179985, 0.2899634424482114836, 0.8001000000000001444 ) ) ;
#9505 = CARTESIAN_POINT ( 'NONE',  ( 0.1438072585066305642, -0.8971204768049456657, 0.8001000000000000334 ) ) ;
#9506 = STYLED_ITEM ( 'NONE', ( #6502 ), #6555 ) ;
#9507 = PLANE ( 'NONE',  #2659 ) ;
#9508 = CARTESIAN_POINT ( 'NONE',  ( 0.06852559427658339031, 2.005017572536087034, 0.7999999999999999334 ) ) ;
#9509 = VERTEX_POINT ( 'NONE', #4989 ) ;
#9510 = CARTESIAN_POINT ( 'NONE',  ( 0.1656093801873188831, -1.049120331324276290, 0.8000999999999999224 ) ) ;
#9511 = VECTOR ( 'NONE', #5592, 1000.000000000000000 ) ;
#9512 = DIRECTION ( 'NONE',  ( 0.000000000000000000, 0.7071067811865505703, -0.7071067811865444641 ) ) ;
#9513 = LINE ( 'NONE', #2014, #7002 ) ;
#9514 = CIRCLE ( 'NONE', #5295, 0.4999999999999995559 ) ;
#9515 = DIRECTION ( 'NONE',  ( -0.6744544184908600748, 0.7383164886267647997, 0.000000000000000000 ) ) ;
#9516 = CARTESIAN_POINT ( 'NONE',  ( 0.04269920492653982158, -0.9844812331892454083, 0.7999999999999998224 ) ) ;
#9517 = LINE ( 'NONE', #8780, #2076 ) ;
#9518 = CARTESIAN_POINT ( 'NONE',  ( 0.03581515970552152928, 2.100965199849024856, 0.8001000000000002554 ) ) ;
#9519 = CARTESIAN_POINT ( 'NONE',  ( 0.1513982211442914672, -0.9884836158885251800, 0.8000000000000003775 ) ) ;
#9520 = CARTESIAN_POINT ( 'NONE',  ( 0.7323435396971007538, -0.2530352611410817132, 0.8000000000000003775 ) ) ;
#9521 = DIRECTION ( 'NONE',  ( 1.000000000000000000, 0.000000000000000000, 0.000000000000000000 ) ) ;
#9522 = ORIENTED_EDGE ( 'NONE', *, *, #2589, .T. ) ;
#9523 =( GEOMETRIC_REPRESENTATION_CONTEXT ( 3 ) GLOBAL_UNCERTAINTY_ASSIGNED_CONTEXT ( ( #2049 ) ) GLOBAL_UNIT_ASSIGNED_CONTEXT ( ( #650, #4336, #2891 ) ) REPRESENTATION_CONTEXT ( 'NONE', 'WORKASPACE' ) );
#9524 =( LENGTH_UNIT ( ) NAMED_UNIT ( * ) SI_UNIT ( .MILLI., .METRE. ) );
#9525 = ORIENTED_EDGE ( 'NONE', *, *, #4934, .T. ) ;
#9526 = PLANE ( 'NONE',  #5965 ) ;
#9527 = EDGE_CURVE ( 'NONE', #3149, #2413, #7160, .T. ) ;
#9528 = DIRECTION ( 'NONE',  ( 0.7071067811865466846, -8.761676666762131875E-16, -0.7071067811865483499 ) ) ;
#9529 = CARTESIAN_POINT ( 'NONE',  ( 0.6346543274364193632, -0.7898236306697429265, 0.8000000000000003775 ) ) ;
#9530 = PRESENTATION_LAYER_ASSIGNMENT (  '', '', ( #1296 ) ) ;
#9531 = PLANE ( 'NONE',  #6718 ) ;
#9532 =( NAMED_UNIT ( * ) SI_UNIT ( $, .STERADIAN. ) SOLID_ANGLE_UNIT ( ) );
#9533 = ORIENTED_EDGE ( 'NONE', *, *, #1775, .F. ) ;
#9534 = EDGE_LOOP ( 'NONE', ( #6523, #6406, #6888, #6148 ) ) ;
#9535 = DIRECTION ( 'NONE',  ( 0.000000000000000000, 0.7071067811865444641, -0.7071067811865505703 ) ) ;
#9536 = EDGE_CURVE ( 'NONE', #902, #6540, #344, .T. ) ;
#9537 = EDGE_CURVE ( 'NONE', #8269, #748, #4271, .T. ) ;
#9538 = CARTESIAN_POINT ( 'NONE',  ( 0.6650899806807312187, -0.9304937115921274593, 0.8001000000000001444 ) ) ;
#9539 = SURFACE_STYLE_FILL_AREA ( #9487 ) ;
#9540 = LINE ( 'NONE', #8802, #7561 ) ;
#9541 = DIRECTION ( 'NONE',  ( 0.000000000000000000, -1.000000000000000000, 0.000000000000000000 ) ) ;
#9542 = DIRECTION ( 'NONE',  ( -1.000000000000000000, 0.000000000000000000, 0.000000000000000000 ) ) ;
#9543 = ORIENTED_EDGE ( 'NONE', *, *, #9006, .T. ) ;
#9544 = ORIENTED_EDGE ( 'NONE', *, *, #5211, .T. ) ;
#9545 = CARTESIAN_POINT ( 'NONE',  ( -0.2371794871794874193, 1.395933493574726514, 0.8001000000000088042 ) ) ;
#9546 = DIRECTION ( 'NONE',  ( -0.5773502691896240657, 0.5773502691896240657, -0.5773502691896290617 ) ) ;
#9547 = CARTESIAN_POINT ( 'NONE',  ( -5.750000000000000000, 1.499999999999999112, -0.8001000000000000334 ) ) ;
#9548 = CARTESIAN_POINT ( 'NONE',  ( -5.600000000000000533, -2.500000000000000444, 0.8000000000000000444 ) ) ;
#9549 = SURFACE_SIDE_STYLE ('',( #5733 ) ) ;
#9550 = PRESENTATION_LAYER_ASSIGNMENT (  '', '', ( #9395 ) ) ;
#9551 = CARTESIAN_POINT ( 'NONE',  ( 0.6329930299627133383, -0.6203050452233622725, 0.7999999999999999334 ) ) ;
#9552 =( NAMED_UNIT ( * ) PLANE_ANGLE_UNIT ( ) SI_UNIT ( $, .RADIAN. ) );
#9553 = ORIENTED_EDGE ( 'NONE', *, *, #2411, .T. ) ;
#9554 = EDGE_CURVE ( 'NONE', #2619, #9255, #8626, .T. ) ;
#9555 = CARTESIAN_POINT ( 'NONE',  ( -0.1954854003615344726, 1.767045992971785884, 0.7999999999999999334 ) ) ;
#9556 = VERTEX_POINT ( 'NONE', #7204 ) ;
#9557 = LINE ( 'NONE', #590, #3185 ) ;
#9558 = AXIS2_PLACEMENT_3D ( 'NONE', #5092, #2156, #2879 ) ;
#9559 = CARTESIAN_POINT ( 'NONE',  ( 6.750000000000000000, 5.400000000000000355, -0.8000000000000000444 ) ) ;
#9560 = CARTESIAN_POINT ( 'NONE',  ( -0.3500000000000002554, -2.933333333335524706, 0.8001000000000000334 ) ) ;
#9561 = CARTESIAN_POINT ( 'NONE',  ( -0.3500000000000002554, -2.933333333335524706, 0.8000000000000000444 ) ) ;
#9562 = CARTESIAN_POINT ( 'NONE',  ( 0.1219012299351759643, 2.117379841872306212, 0.8001000000000002554 ) ) ;
#9563 = CARTESIAN_POINT ( 'NONE',  ( 0.1656093801873188831, -1.049120331324276290, 0.7999999999999999334 ) ) ;
#9564 = CARTESIAN_POINT ( 'NONE',  ( -0.2161280063622495473, -0.3428679255736969966, 0.8000999999999998114 ) ) ;
#9565 = VECTOR ( 'NONE', #9149, 1000.000000000000000 ) ;
#9566 = DIRECTION ( 'NONE',  ( 0.000000000000000000, -1.000000000000000000, 0.000000000000000000 ) ) ;
#9567 = ADVANCED_FACE ( 'NONE', ( #8764 ), #1129, .T. ) ;
#9568 = ORIENTED_EDGE ( 'NONE', *, *, #2013, .F. ) ;
#9569 = CARTESIAN_POINT ( 'NONE',  ( 0.03578310564869965904, -0.9511795626006473992, 0.8000000000000002665 ) ) ;
#9570 = VERTEX_POINT ( 'NONE', #3582 ) ;
#9571 = CARTESIAN_POINT ( 'NONE',  ( 0.1855636206405941457, -0.5976768009406708826, 0.8000000000000004885 ) ) ;
#9572 = VECTOR ( 'NONE', #5770, 1000.000000000000000 ) ;
#9573 = CARTESIAN_POINT ( 'NONE',  ( 4.849999999999996980, 3.700000000000000622, 2.900000000000000355 ) ) ;
#9574 = CARTESIAN_POINT ( 'NONE',  ( -0.1054425868264756705, 1.905361045579040624, 0.7999999999999999334 ) ) ;
#9575 = CARTESIAN_POINT ( 'NONE',  ( 0.7499999999999997780, 2.446794871778500635, 0.8001000000000000334 ) ) ;
#9576 = CARTESIAN_POINT ( 'NONE',  ( -0.2653846153846156630, -0.05905448719353069420, 0.8001000000000000334 ) ) ;
#9577 =( NAMED_UNIT ( * ) SI_UNIT ( $, .STERADIAN. ) SOLID_ANGLE_UNIT ( ) );
#9578 = FILL_AREA_STYLE ('',( #2604 ) ) ;
#9579 =( NAMED_UNIT ( * ) SI_UNIT ( $, .STERADIAN. ) SOLID_ANGLE_UNIT ( ) );
#9580 = EDGE_CURVE ( 'NONE', #8269, #1292, #4886, .T. ) ;
#9581 = ORIENTED_EDGE ( 'NONE', *, *, #3757, .T. ) ;
#9582 = VECTOR ( 'NONE', #6749, 1000.000000000000000 ) ;
#9583 = ORIENTED_EDGE ( 'NONE', *, *, #6606, .T. ) ;
#9584 = UNCERTAINTY_MEASURE_WITH_UNIT (LENGTH_MEASURE( 1.000000000000000082E-05 ), #1818, 'distance_accuracy_value', 'NONE');
#9585 = CARTESIAN_POINT ( 'NONE',  ( 0.6517922711908460398, -1.005932111120200423, 0.8001000000000000334 ) ) ;
#9586 =( NAMED_UNIT ( * ) PLANE_ANGLE_UNIT ( ) SI_UNIT ( $, .RADIAN. ) );
#9587 = VECTOR ( 'NONE', #3287, 1000.000000000000000 ) ;
#9588 = CARTESIAN_POINT ( 'NONE',  ( 0.7499999999999997780, 1.219871794856777880, 0.8001000000000000334 ) ) ;
#9589 = CARTESIAN_POINT ( 'NONE',  ( 0.7499999999999997780, 1.560757211523444488, 0.8001000000000000334 ) ) ;
#9590 = FILL_AREA_STYLE ('',( #5113 ) ) ;
#9591 = EDGE_CURVE ( 'NONE', #8192, #8556, #8719, .T. ) ;
#9592 = ORIENTED_EDGE ( 'NONE', *, *, #3056, .T. ) ;
#9593 = UNCERTAINTY_MEASURE_WITH_UNIT (LENGTH_MEASURE( 1.000000000000000082E-05 ), #6454, 'distance_accuracy_value', 'NONE');
#9594 = VERTEX_POINT ( 'NONE', #9548 ) ;
#9595 = COLOUR_RGB ( '',0.9254901960784314152, 0.9254901960784314152, 0.9254901960784314152 ) ;
#9596 = CARTESIAN_POINT ( 'NONE',  ( 0.5204734402829958029, 0.1997139038509029019, 0.8001000000000001444 ) ) ;
#9597 = CARTESIAN_POINT ( 'NONE',  ( 4.849999999999997868, 1.700000000000000178, -8.799999999999997158 ) ) ;
#9598 = LINE ( 'NONE', #4938, #6320 ) ;
#9599 = FILL_AREA_STYLE_COLOUR ( '', #8671 ) ;
#9600 = CARTESIAN_POINT ( 'NONE',  ( 0.7073652842379904992, 0.1717774135318110018, 0.8001000000000000334 ) ) ;
#9601 = CARTESIAN_POINT ( 'NONE',  ( 4.849999999999997868, 1.700000000000000178, 2.699999999999997957 ) ) ;
#9602 = EDGE_CURVE ( 'NONE', #8402, #6882, #1220, .T. ) ;
#9603 = EDGE_LOOP ( 'NONE', ( #102, #804, #3779, #4916 ) ) ;
#9604 =( NAMED_UNIT ( * ) SI_UNIT ( $, .STERADIAN. ) SOLID_ANGLE_UNIT ( ) );
#9605 = LINE ( 'NONE', #2832, #3002 ) ;
#9606 = ORIENTED_EDGE ( 'NONE', *, *, #4116, .T. ) ;
#9607 = MECHANICAL_DESIGN_GEOMETRIC_PRESENTATION_REPRESENTATION (  '', ( #2499 ), #5225 ) ;
#9608 = CARTESIAN_POINT ( 'NONE',  ( 0.5349815669169972754, 1.892916170717235058, 0.8000000000000001554 ) ) ;
#9609 = DIRECTION ( 'NONE',  ( 1.000000000000000000, 0.000000000000000000, 0.000000000000000000 ) ) ;
#9610 = CARTESIAN_POINT ( 'NONE',  ( 0.5708249594957610640, 1.844378372313366876, 0.8001000000000003665 ) ) ;
#9611 = FACE_OUTER_BOUND ( 'NONE', #1550, .T. ) ;
#9612 = SURFACE_STYLE_FILL_AREA ( #4534 ) ;
#9613 = CARTESIAN_POINT ( 'NONE',  ( -3.950000000000000178, -2.500000000000000444, -0.8001000000000000334 ) ) ;
#9614 = CARTESIAN_POINT ( 'NONE',  ( -0.3499418025344137040, -0.1982454812991235882, 0.8000000000000001554 ) ) ;
#9615 = DIRECTION ( 'NONE',  ( -0.000000000000000000, -0.000000000000000000, -1.000000000000000000 ) ) ;
#9616 = VERTEX_POINT ( 'NONE', #4225 ) ;
#9617 = ORIENTED_EDGE ( 'NONE', *, *, #514, .F. ) ;
#9618 = CARTESIAN_POINT ( 'NONE',  ( 0.3906049679487177406, -0.5429487179279950393, 0.8001000000000000334 ) ) ;
#9619 = MECHANICAL_DESIGN_GEOMETRIC_PRESENTATION_REPRESENTATION (  '', ( #1862 ), #6966 ) ;
#9620 = LINE ( 'NONE', #7375, #4452 ) ;
#9621 = EDGE_CURVE ( 'NONE', #3704, #2558, #7302, .T. ) ;
#9622 = CARTESIAN_POINT ( 'NONE',  ( -0.1482274366070797933, 1.855874595070033717, 0.8001000000000002554 ) ) ;
#9623 = CARTESIAN_POINT ( 'NONE',  ( 0.04837859165305017500, 0.06289110920249479930, 0.8000000000000000444 ) ) ;
#9624 = CARTESIAN_POINT ( 'NONE',  ( 0.6346543274364193632, -0.7898236306697429265, 0.8001000000000003665 ) ) ;
#9625 = CARTESIAN_POINT ( 'NONE',  ( 4.849999999999997868, 1.700000000000000178, 2.699999999999997957 ) ) ;
#9626 = DIRECTION ( 'NONE',  ( -1.000000000000000000, 1.239088197126291458E-15, 0.000000000000000000 ) ) ;
#9627 = MECHANICAL_DESIGN_GEOMETRIC_PRESENTATION_REPRESENTATION (  '', ( #2844 ), #8397 ) ;
#9628 = ORIENTED_EDGE ( 'NONE', *, *, #2205, .F. ) ;
#9629 = DIRECTION ( 'NONE',  ( -0.000000000000000000, -0.000000000000000000, -1.000000000000000000 ) ) ;
#9630 = ORIENTED_EDGE ( 'NONE', *, *, #9728, .F. ) ;
#9631 =( GEOMETRIC_REPRESENTATION_CONTEXT ( 3 ) GLOBAL_UNCERTAINTY_ASSIGNED_CONTEXT ( ( #6374 ) ) GLOBAL_UNIT_ASSIGNED_CONTEXT ( ( #1535, #2386, #4537 ) ) REPRESENTATION_CONTEXT ( 'NONE', 'WORKASPACE' ) );
#9632 = FILL_AREA_STYLE_COLOUR ( '', #8852 ) ;
#9633 = PRESENTATION_LAYER_ASSIGNMENT (  '', '', ( #3169 ) ) ;
#9634 =( NAMED_UNIT ( * ) SI_UNIT ( $, .STERADIAN. ) SOLID_ANGLE_UNIT ( ) );
#9635 = B_SPLINE_CURVE_WITH_KNOTS ( 'NONE', 3,
 ( #4571, #3129, #6814, #1571, #6762, #9748, #9011, #9701, #6174, #684, #7596, #7654, #5974, #2976, #5288, #6022, #6709, #1520, #3025 ),
 .UNSPECIFIED., .F., .F.,
 ( 4, 1, 1, 1, 1, 1, 1, 1, 1, 1, 1, 1, 1, 1, 1, 1, 4 ),
 ( 0.000000000000000000, 0.06580032658840936910, 0.1293798822483386013, 0.1907832967406566105, 0.2512930653898816091, 0.3108203394786836493, 0.3703697385539729825, 0.4307602962224809651, 0.4925975469737540191, 0.5548133240123882537, 0.6160904146906632795, 0.6769309484451130343, 0.7382889163250837550, 0.8007842939021113660, 0.8647926212089565023, 0.9310529642421994101, 1.000000000000000000 ),
 .UNSPECIFIED. ) ;
#9636 = SURFACE_STYLE_FILL_AREA ( #6458 ) ;
#9637 = CARTESIAN_POINT ( 'NONE',  ( -0.09240785256410283255, 0.2608974358833923701, 0.8000000000000001554 ) ) ;
#9638 = CARTESIAN_POINT ( 'NONE',  ( 0.2958649778423612653, 0.2921518210830507112, 0.8000000000000002665 ) ) ;
#9639 = DIRECTION ( 'NONE',  ( 1.239088197126291458E-15, 1.000000000000000000, 0.000000000000000000 ) ) ;
#9640 = ORIENTED_EDGE ( 'NONE', *, *, #7936, .T. ) ;
#9641 = ORIENTED_EDGE ( 'NONE', *, *, #6070, .F. ) ;
#9642 = VECTOR ( 'NONE', #5035, 1000.000000000000227 ) ;
#9643 = CARTESIAN_POINT ( 'NONE',  ( 0.3320745332614836731, 2.113266904162356852, 0.8001000000000000334 ) ) ;
#9644 = EDGE_CURVE ( 'NONE', #9202, #3108, #8811, .T. ) ;
#9645 = DIRECTION ( 'NONE',  ( 0.000000000000000000, 0.000000000000000000, -1.000000000000000000 ) ) ;
#9646 = CARTESIAN_POINT ( 'NONE',  ( -0.09859394772705777632, 0.1620520941108004043, 0.8000000000000001554 ) ) ;
#9647 = CARTESIAN_POINT ( 'NONE',  ( 0.7415460952829747709, -0.7505848321735010265, 0.8000000000000003775 ) ) ;
#9648 = CARTESIAN_POINT ( 'NONE',  ( 0.7737517642758151570, -0.1321697186193807605, 0.8001000000000001444 ) ) ;
#9649 = CARTESIAN_POINT ( 'NONE',  ( 0.7510763358942418311, -0.7734108613063067628, 0.7999999999999999334 ) ) ;
#9650 = CARTESIAN_POINT ( 'NONE',  ( 4.849999999999997868, 4.400000000000000355, 1.200000000000002620 ) ) ;
#9651 = ORIENTED_EDGE ( 'NONE', *, *, #9717, .F. ) ;
#9652 = MECHANICAL_DESIGN_GEOMETRIC_PRESENTATION_REPRESENTATION (  '', ( #326 ), #2382 ) ;
#9653 = PLANE ( 'NONE',  #1877 ) ;
#9654 = VECTOR ( 'NONE', #4529, 1000.000000000000000 ) ;
#9655 = PLANE ( 'NONE',  #4764 ) ;
#9656 = ORIENTED_EDGE ( 'NONE', *, *, #9537, .F. ) ;
#9657 = CARTESIAN_POINT ( 'NONE',  ( -0.2415219472210941021, -0.3273080313883471315, 0.8000000000000000444 ) ) ;
#9658 =( NAMED_UNIT ( * ) PLANE_ANGLE_UNIT ( ) SI_UNIT ( $, .RADIAN. ) );
#9659 = EDGE_CURVE ( 'NONE', #748, #8667, #4134, .T. ) ;
#9660 = STYLED_ITEM ( 'NONE', ( #3751 ), #8993 ) ;
#9661 = EDGE_CURVE ( 'NONE', #4126, #2006, #8955, .T. ) ;
#9662 = LINE ( 'NONE', #5199, #956 ) ;
#9663 = CARTESIAN_POINT ( 'NONE',  ( -5.100000000000000533, 4.099999999999999645, -0.8000000000000000444 ) ) ;
#9664 = CARTESIAN_POINT ( 'NONE',  ( 0.03104469706966149836, -0.8990497536664622258, 0.8000999999999999224 ) ) ;
#9665 = MECHANICAL_DESIGN_GEOMETRIC_PRESENTATION_REPRESENTATION (  '', ( #5127 ), #9353 ) ;
#9666 = CARTESIAN_POINT ( 'NONE',  ( 6.249999999999996447, -3.299999999999999822, 0.8000000000000000444 ) ) ;
#9667 = CARTESIAN_POINT ( 'NONE',  ( 0.2901463904483164158, 0.1602836069314855505, 0.8000000000000002665 ) ) ;
#9668 = ORIENTED_EDGE ( 'NONE', *, *, #152, .F. ) ;
#9669 = CARTESIAN_POINT ( 'NONE',  ( -6.750000000000000000, 5.400000000000000355, 0.8000000000000000444 ) ) ;
#9670 = ORIENTED_EDGE ( 'NONE', *, *, #4293, .T. ) ;
#9671 = VECTOR ( 'NONE', #3406, 1000.000000000000000 ) ;
#9672 = ORIENTED_EDGE ( 'NONE', *, *, #5151, .F. ) ;
#9673 = CARTESIAN_POINT ( 'NONE',  ( 0.2138822115384613198, 2.122435897420880568, 0.8001000000000000334 ) ) ;
#9674 = VECTOR ( 'NONE', #9774, 1000.000000000000000 ) ;
#9675 = CARTESIAN_POINT ( 'NONE',  ( 0.2277644230769228784, 0.2516426281910846829, 0.8000000000000001554 ) ) ;
#9676 = DIRECTION ( 'NONE',  ( 1.239088197126291458E-15, 1.000000000000000000, 0.000000000000000000 ) ) ;
#9677 = FILL_AREA_STYLE ('',( #7522 ) ) ;
#9678 = DIRECTION ( 'NONE',  ( 1.000000000000000000, -8.673617379884027583E-16, 0.000000000000000000 ) ) ;
#9679 = LINE ( 'NONE', #7524, #46 ) ;
#9680 = LINE ( 'NONE', #8227, #6446 ) ;
#9681 = AXIS2_PLACEMENT_3D ( 'NONE', #5454, #8456, #4693 ) ;
#9682 = VERTEX_POINT ( 'NONE', #7397 ) ;
#9683 = LINE ( 'NONE', #8940, #7452 ) ;
#9684 = ORIENTED_EDGE ( 'NONE', *, *, #4734, .T. ) ;
#9685 = UNCERTAINTY_MEASURE_WITH_UNIT (LENGTH_MEASURE( 1.000000000000000082E-05 ), #163, 'distance_accuracy_value', 'NONE');
#9686 = ADVANCED_FACE ( 'NONE', ( #6862 ), #9059, .T. ) ;
#9687 = MECHANICAL_DESIGN_GEOMETRIC_PRESENTATION_REPRESENTATION (  '', ( #1921 ), #4180 ) ;
#9688 = CARTESIAN_POINT ( 'NONE',  ( 5.849999999999997868, -1.699999999999999734, -8.799999999999997158 ) ) ;
#9689 = LINE ( 'NONE', #758, #7327 ) ;
#9690 = ADVANCED_BREP_SHAPE_REPRESENTATION ( 'GY-VL53LDK', ( #1380, #6821 ), #290 ) ;
#9691 = CARTESIAN_POINT ( 'NONE',  ( 0.6058894230769229505, -0.2452524038601973932, 0.8001000000000001444 ) ) ;
#9692 = LINE ( 'NONE', #1561, #8795 ) ;
#9693 = SURFACE_STYLE_USAGE ( .BOTH. , #2968 ) ;
#9694 = ORIENTED_EDGE ( 'NONE', *, *, #3623, .T. ) ;
#9695 = EDGE_LOOP ( 'NONE', ( #5704, #5857, #3487, #7539 ) ) ;
#9696 = EDGE_CURVE ( 'NONE', #4748, #1987, #37, .T. ) ;
#9697 = LINE ( 'NONE', #7445, #4275 ) ;
#9698 = FILL_AREA_STYLE_COLOUR ( '', #8421 ) ;
#9699 = PRESENTATION_STYLE_ASSIGNMENT (( #6707 ) ) ;
#9700 = DIRECTION ( 'NONE',  ( -1.239088197126291458E-15, -1.000000000000000000, 0.000000000000000000 ) ) ;
#9701 = CARTESIAN_POINT ( 'NONE',  ( 0.08725903329726257540, -0.6925631263524052450, 0.8000000000000002665 ) ) ;
#9702 = CARTESIAN_POINT ( 'NONE',  ( 0.6653846153846152411, -0.06147836539865887684, 0.8001000000000000334 ) ) ;
#9703 = FACE_OUTER_BOUND ( 'NONE', #7922, .T. ) ;
#9704 = ORIENTED_EDGE ( 'NONE', *, *, #1548, .F. ) ;
#9705 = DIRECTION ( 'NONE',  ( -0.7071067811865515695, 8.761676666762192025E-16, 0.7071067811865435759 ) ) ;
#9706 = EDGE_CURVE ( 'NONE', #6740, #9235, #2265, .T. ) ;
#9707 = LINE ( 'NONE', #2930, #3959 ) ;
#9708 = ORIENTED_EDGE ( 'NONE', *, *, #4898, .F. ) ;
#9709 = CARTESIAN_POINT ( 'NONE',  ( 0.2498687514600182735, 2.023110551730394668, 0.8000000000000001554 ) ) ;
#9710 = CARTESIAN_POINT ( 'NONE',  ( -0.3500000000000002554, 2.348076923060551824, 0.8000000000000000444 ) ) ;
#9711 = CARTESIAN_POINT ( 'NONE',  ( -0.1385899339112699746, -0.2687485556718182678, 0.7999999999999996003 ) ) ;
#9712 = DIRECTION ( 'NONE',  ( 1.239088197126290669E-15, 1.000000000000000000, 0.000000000000000000 ) ) ;
#9713 = DIRECTION ( 'NONE',  ( 0.000000000000000000, 0.000000000000000000, -1.000000000000000000 ) ) ;
#9714 = DIRECTION ( 'NONE',  ( -0.000000000000000000, -0.000000000000000000, -1.000000000000000000 ) ) ;
#9715 = EDGE_CURVE ( 'NONE', #2459, #137, #2109, .T. ) ;
#9716 = ORIENTED_EDGE ( 'NONE', *, *, #3010, .F. ) ;
#9717 = EDGE_CURVE ( 'NONE', #257, #1085, #1, .T. ) ;
#9718 = STYLED_ITEM ( 'NONE', ( #1712 ), #1476 ) ;
#9719 = CARTESIAN_POINT ( 'NONE',  ( 0.05214342948717932275, -1.018689903825431120, 0.8000000000000000444 ) ) ;
#9720 = EDGE_LOOP ( 'NONE', ( #1837, #1491, #2866, #4447 ) ) ;
#9721 = CARTESIAN_POINT ( 'NONE',  ( 5.649999999999995026, -1.499999999999997335, -9.000000000000001776 ) ) ;
#9722 = CARTESIAN_POINT ( 'NONE',  ( -0.05419892191655484998, 1.947410422711722378, 0.7999999999999998224 ) ) ;
#9723 = CARTESIAN_POINT ( 'NONE',  ( -0.2646751006253639238, -0.3094808903342153306, 0.8001000000000002554 ) ) ;
#9724 = MECHANICAL_DESIGN_GEOMETRIC_PRESENTATION_REPRESENTATION (  '', ( #4216 ), #8783 ) ;
#9725 = CARTESIAN_POINT ( 'NONE',  ( 0.6546037282070852337, -0.8393306637975868068, 0.8001000000000000334 ) ) ;
#9726 = SURFACE_STYLE_USAGE ( .BOTH. , #6638 ) ;
#9727 = ORIENTED_EDGE ( 'NONE', *, *, #1900, .T. ) ;
#9728 = EDGE_CURVE ( 'NONE', #7337, #7236, #3725, .T. ) ;
#9729 = EDGE_LOOP ( 'NONE', ( #540, #1591, #6867, #65 ) ) ;
#9730 = VERTEX_POINT ( 'NONE', #2054 ) ;
#9731 = MECHANICAL_DESIGN_GEOMETRIC_PRESENTATION_REPRESENTATION (  '', ( #1503 ), #5028 ) ;
#9732 = AXIS2_PLACEMENT_3D ( 'NONE', #8131, #5757, #7234 ) ;
#9733 = FACE_OUTER_BOUND ( 'NONE', #7369, .T. ) ;
#9734 = LINE ( 'NONE', #9047, #4630 ) ;
#9735 = DIRECTION ( 'NONE',  ( 0.000000000000000000, 1.000000000000000000, 0.000000000000000000 ) ) ;
#9736 = EDGE_CURVE ( 'NONE', #6537, #32, #5137, .T. ) ;
#9737 = AXIS2_PLACEMENT_3D ( 'NONE', #3975, #135, #7097 ) ;
#9738 = DIRECTION ( 'NONE',  ( -1.000000000000000000, 0.000000000000000000, -0.000000000000000000 ) ) ;
#9739 =( NAMED_UNIT ( * ) PLANE_ANGLE_UNIT ( ) SI_UNIT ( $, .RADIAN. ) );
#9740 = ORIENTED_EDGE ( 'NONE', *, *, #7101, .T. ) ;
#9741 = EDGE_LOOP ( 'NONE', ( #4540, #7263, #18, #1470 ) ) ;
#9742 = VECTOR ( 'NONE', #7791, 1000.000000000000000 ) ;
#9743 = PRESENTATION_STYLE_ASSIGNMENT (( #7541 ) ) ;
#9744 = CARTESIAN_POINT ( 'NONE',  ( -0.3500000000000002554, -2.094230769232960032, 0.8001000000000000334 ) ) ;
#9745 = CARTESIAN_POINT ( 'NONE',  ( 0.06889022435897415586, 2.446794871778500635, 0.8001000000000000334 ) ) ;
#9746 = CARTESIAN_POINT ( 'NONE',  ( 0.7779570854721578055, -0.8992052339264180461, 0.8001000000000000334 ) ) ;
#9747 = ADVANCED_FACE ( 'NONE', ( #1314 ), #8150, .F. ) ;
#9748 = CARTESIAN_POINT ( 'NONE',  ( 0.05559664922731202136, -0.7516085032273222000, 0.8000000000000000444 ) ) ;
#9749 = CARTESIAN_POINT ( 'NONE',  ( 0.7766185679194891334, -0.01150152501561852759, 0.8000000000000000444 ) ) ;
#9750 = ORIENTED_EDGE ( 'NONE', *, *, #7508, .T. ) ;
#9751 =( GEOMETRIC_REPRESENTATION_CONTEXT ( 3 ) GLOBAL_UNCERTAINTY_ASSIGNED_CONTEXT ( ( #4065 ) ) GLOBAL_UNIT_ASSIGNED_CONTEXT ( ( #3385, #2614, #4360 ) ) REPRESENTATION_CONTEXT ( 'NONE', 'WORKASPACE' ) );
#9752 = FACE_OUTER_BOUND ( 'NONE', #3615, .T. ) ;
#9753 = LINE ( 'NONE', #9805, #9468 ) ;
#9754 = ORIENTED_EDGE ( 'NONE', *, *, #5313, .T. ) ;
#9755 = CARTESIAN_POINT ( 'NONE',  ( 0.6056585081780424540, 1.769335786617845852, 0.8000000000000000444 ) ) ;
#9756 = CARTESIAN_POINT ( 'NONE',  ( -0.2371794871794874193, 1.395933493574726514, 0.8001000000000000334 ) ) ;
#9757 = LINE ( 'NONE', #2984, #7647 ) ;
#9758 = CARTESIAN_POINT ( 'NONE',  ( -3.950000000000000178, -2.500000000000000444, 0.8001000000000000334 ) ) ;
#9759 = ADVANCED_FACE ( 'NONE', ( #185 ), #7767, .T. ) ;
#9760 = CARTESIAN_POINT ( 'NONE',  ( 0.08725903329726257540, -0.6925631263524052450, 0.8001000000000002554 ) ) ;
#9761 = DIRECTION ( 'NONE',  ( 0.9796027006414900207, -0.2009441437213313475, 0.000000000000000000 ) ) ;
#9762 = PLANE ( 'NONE',  #3571 ) ;
#9763 = DIRECTION ( 'NONE',  ( 1.000000000000000000, 0.000000000000000000, 0.000000000000000000 ) ) ;
#9764 = FACE_OUTER_BOUND ( 'NONE', #2391, .T. ) ;
#9765 = ORIENTED_EDGE ( 'NONE', *, *, #2464, .F. ) ;
#9766 = CIRCLE ( 'NONE', #7893, 1.650000000000000355 ) ;
#9767 = SURFACE_STYLE_USAGE ( .BOTH. , #57 ) ;
#9768 = ORIENTED_EDGE ( 'NONE', *, *, #6684, .T. ) ;
#9769 = CARTESIAN_POINT ( 'NONE',  ( -0.3500000000000002554, 1.219871794856777880, 0.8000000000000000444 ) ) ;
#9770 = VERTEX_POINT ( 'NONE', #2315 ) ;
#9771 = FILL_AREA_STYLE_COLOUR ( '', #2056 ) ;
#9772 = EDGE_CURVE ( 'NONE', #8667, #3032, #3233, .T. ) ;
#9773 = DIRECTION ( 'NONE',  ( 0.000000000000000000, 0.000000000000000000, 1.000000000000000000 ) ) ;
#9774 = DIRECTION ( 'NONE',  ( 0.000000000000000000, 1.000000000000000000, 0.000000000000000000 ) ) ;
#9775 = CARTESIAN_POINT ( 'NONE',  ( 0.08717948717948691140, -0.1198717948858383786, 0.8000000000000000444 ) ) ;
#9776 = DIRECTION ( 'NONE',  ( 0.9209672510685588120, -0.3896399908366982578, 0.000000000000000000 ) ) ;
#9777 = DIRECTION ( 'NONE',  ( 1.000000000000000000, 0.000000000000000000, -0.000000000000000000 ) ) ;
#9778 = EDGE_LOOP ( 'NONE', ( #4578, #7429, #1247, #8322 ) ) ;
#9779 = ORIENTED_EDGE ( 'NONE', *, *, #3787, .T. ) ;
#9780 = VECTOR ( 'NONE', #877, 1000.000000000000114 ) ;
#9781 = CARTESIAN_POINT ( 'NONE',  ( 5.849999999999997868, 1.700000000000000178, 1.200000000000002620 ) ) ;
#9782 = ORIENTED_EDGE ( 'NONE', *, *, #8294, .F. ) ;
#9783 = CARTESIAN_POINT ( 'NONE',  ( -0.3500000000000002554, 2.905348557675937027, 0.8000000000000000444 ) ) ;
#9784 = LINE ( 'NONE', #7534, #6848 ) ;
#9785 = EDGE_CURVE ( 'NONE', #8939, #3317, #1709, .T. ) ;
#9786 = ADVANCED_FACE ( 'NONE', ( #4778 ), #1568, .T. ) ;
#9787 = PLANE ( 'NONE',  #4382 ) ;
#9788 = CARTESIAN_POINT ( 'NONE',  ( -0.3500000000000002554, 0.5147435897445178377, 0.8001000000000000334 ) ) ;
#9789 = VERTEX_POINT ( 'NONE', #5075 ) ;
#9790 = MECHANICAL_DESIGN_GEOMETRIC_PRESENTATION_REPRESENTATION (  '', ( #2182 ), #1239 ) ;
#9791 = EDGE_LOOP ( 'NONE', ( #866, #7029, #4375, #7358 ) ) ;
#9792 = AXIS2_PLACEMENT_3D ( 'NONE', #394, #3590, #9454 ) ;
#9793 = AXIS2_PLACEMENT_3D ( 'NONE', #7113, #8506, #3207 ) ;
#9794 = CARTESIAN_POINT ( 'NONE',  ( 0.2138822115384613198, 2.122435897420880568, 0.8000000000000003775 ) ) ;
#9795 = DIRECTION ( 'NONE',  ( -1.000000000000000000, 0.000000000000000000, 0.000000000000000000 ) ) ;
#9796 = SURFACE_STYLE_FILL_AREA ( #8244 ) ;
#9797 = CARTESIAN_POINT ( 'NONE',  ( -0.2014845853115945495, 0.1140553129402461091, 0.8000000000000000444 ) ) ;
#9798 = LINE ( 'NONE', #583, #4084 ) ;
#9799 = CARTESIAN_POINT ( 'NONE',  ( 6.599999999999997868, 4.750000000000000000, -3.100000000000000089 ) ) ;
#9800 = VECTOR ( 'NONE', #9521, 1000.000000000000000 ) ;
#9801 = CARTESIAN_POINT ( 'NONE',  ( -0.3769141664074866505, -0.01761748020088924060, 0.8000999999999999224 ) ) ;
#9802 = CARTESIAN_POINT ( 'NONE',  ( 0.5624573467179937447, -0.2842812030675017088, 0.8000999999999999224 ) ) ;
#9803 = ORIENTED_EDGE ( 'NONE', *, *, #996, .F. ) ;
#9804 = CARTESIAN_POINT ( 'NONE',  ( 4.849999999999997868, 1.700000000000000178, 2.900000000000000355 ) ) ;
#9805 = CARTESIAN_POINT ( 'NONE',  ( 4.849999999999996980, -1.699999999999999734, 1.200000000000002620 ) ) ;
#9806 = ORIENTED_EDGE ( 'NONE', *, *, #7565, .T. ) ;
#9807 = EDGE_CURVE ( 'NONE', #5124, #2496, #5674, .T. ) ;
#9808 =( GEOMETRIC_REPRESENTATION_CONTEXT ( 3 ) GLOBAL_UNCERTAINTY_ASSIGNED_CONTEXT ( ( #4073 ) ) GLOBAL_UNIT_ASSIGNED_CONTEXT ( ( #3330, #6203, #7126 ) ) REPRESENTATION_CONTEXT ( 'NONE', 'WORKASPACE' ) );
#9809 = DIRECTION ( 'NONE',  ( 0.000000000000000000, 1.000000000000000000, 0.000000000000000000 ) ) ;
#9810 = LINE ( 'NONE', #6824, #7800 ) ;
#9811 = CARTESIAN_POINT ( 'NONE',  ( 0.3155857425290003460, -0.5486148065938122320, 0.8001000000000001444 ) ) ;
#9812 = SURFACE_STYLE_FILL_AREA ( #3092 ) ;
#9813 = PRESENTATION_LAYER_ASSIGNMENT (  '', '', ( #2535 ) ) ;
ENDSEC;
END-ISO-10303-21;
