ISO-10303-21;
HEADER;
FILE_DESCRIPTION(('STEP AP242'),
    '1');
FILE_NAME('ƒеталь реплени€ћтора',
    '2026-07-04T22:09:19',
    ('User'),
    (''),
    'C3D Converter',
    'C3D Toolkit',
    '');
/**/
FILE_SCHEMA(('AP242_MANAGED_MODEL_BASED_3D_ENGINEERING_MIM_LF { 1 0 10303 442 1 1 4 }'));
ENDSEC;

DATA;
#1=PRODUCT_DEFINITION('','UNSPECIFIED',#28,#31);
#2=SHAPE_DEFINITION_REPRESENTATION(#26,#3);
#3=SHAPE_REPRESENTATION('NONE',(#4),#8);
#4=AXIS2_PLACEMENT_3D('',#5,#6,#7);
#5=CARTESIAN_POINT('',(0.,0.,0.));
#6=DIRECTION('',(0.,0.,1.));
#7=DIRECTION('',(1.,0.,0.));
#8=(GEOMETRIC_REPRESENTATION_CONTEXT(3)GLOBAL_UNCERTAINTY_ASSIGNED_CONTEXT((#10))
GLOBAL_UNIT_ASSIGNED_CONTEXT((#9,#11,#12))REPRESENTATION_CONTEXT('NONE','NONE'));
#9=(LENGTH_UNIT()NAMED_UNIT(*)SI_UNIT(.MILLI.,.METRE.));
#10=UNCERTAINTY_MEASURE_WITH_UNIT(LENGTH_MEASURE(1.E-5),#9,'NONE','NONE');
#11=(NAMED_UNIT(*)PLANE_ANGLE_UNIT()SI_UNIT($,.RADIAN.));
#12=(NAMED_UNIT(*)SI_UNIT($,.STERADIAN.)SOLID_ANGLE_UNIT());
#13=MANIFOLD_SOLID_BREP('',#14);
#14=CLOSED_SHELL('',(#53,#54,#55,#56,#57,#58,#59,#60,#61,#62,#63,#64,#65,#66,#67,
#68,#69,#70,#71,#72,#73,#74,#75,#76,#77,#78,#79,#80,#81,#82,#83,#84,#85,#86,#87,
#88,#89,#90,#91,#92,#93,#94,#95,#96,#97,#98,#99,#100,#101,#102,#103,#104,#105,#106,
#107,#108,#109,#110,#111,#112,#113,#114,#115,#116,#117,#118,#119,#120,#121,#122,
#123,#124,#125,#126,#127,#128,#129,#130,#131));
#15=COLOUR_RGB('',0.564705882352941,0.564705882352941,0.564705882352941);
#16=FILL_AREA_STYLE_COLOUR('',#15);
#17=FILL_AREA_STYLE($,(#16));
#18=SURFACE_STYLE_FILL_AREA(#17);
#19=SURFACE_SIDE_STYLE('',(#18));
#20=SURFACE_STYLE_USAGE(.BOTH.,#19);
#21=PRESENTATION_STYLE_ASSIGNMENT((#20));
#22=MECHANICAL_DESIGN_GEOMETRIC_PRESENTATION_REPRESENTATION('NONE',(#23),#8);
#23=STYLED_ITEM('',(#21),#13);
#24=ADVANCED_BREP_SHAPE_REPRESENTATION('NONE',(#13),#8);
#25=SHAPE_REPRESENTATION_RELATIONSHIP('','',#3,#24);
#26=PRODUCT_DEFINITION_SHAPE('NONE','NONE',#1);
#27=MECHANICAL_CONTEXT('NONE',#32,'mechanical');
#28=PRODUCT_DEFINITION_FORMATION_WITH_SPECIFIED_SOURCE('ANY','UNSPECIFIED',#29,.NOT_KNOWN.);
#29=PRODUCT('','\X2\0414043504420430043B044C041A04400435043F043B0435043D0438044F041C0442043E04400430\X0\',
'NONE',(#27));
#30=PRODUCT_RELATED_PRODUCT_CATEGORY('detail','',(#29));
#31=DESIGN_CONTEXT('detailed design',#32,'design');
#32=APPLICATION_CONTEXT('configuration controlled 3d designs of mechanical parts and assemblies');
#33=APPLICATION_PROTOCOL_DEFINITION('international standard','config_control_design',
1994,#32);
#34=CC_DESIGN_DATE_AND_TIME_ASSIGNMENT(#35,#39,(#1));
#35=DATE_AND_TIME(#36,#37);
#36=CALENDAR_DATE(0,1,1);
#37=LOCAL_TIME(0,0,0.,#38);
#38=COORDINATED_UNIVERSAL_TIME_OFFSET(0,0,.AHEAD.);
#39=DATE_TIME_ROLE('creation_date');
#40=CC_DESIGN_APPROVAL(#41,(#1));
#41=APPROVAL(#42,'UNSPECIFIED');
#42=APPROVAL_STATUS('not_yet_approved');
#43=APPROVAL_DATE_TIME(#44,#41);
#44=DATE_AND_TIME(#45,#46);
#45=CALENDAR_DATE(0,1,1);
#46=LOCAL_TIME(0,0,0.,#47);
#47=COORDINATED_UNIVERSAL_TIME_OFFSET(0,0,.AHEAD.);
#48=PERSON('UNSPECIFIED','User','UNSPECIFIED',('UNSPECIFIED'),('UNSPECIFIED'),('UNSPECIFIED'));
#49=ORGANIZATION('UNSPECIFIED','UNSPECIFIED','UNSPECIFIED');
#50=PERSON_AND_ORGANIZATION(#48,#49);
#51=PERSON_AND_ORGANIZATION_ROLE('creator');
#52=CC_DESIGN_PERSON_AND_ORGANIZATION_ASSIGNMENT(#50,#51,(#28,#1));
#53=ADVANCED_FACE('',(#132,#134,#136),#138,.T.);
#54=ADVANCED_FACE('',(#143,#145,#147),#149,.T.);
#55=ADVANCED_FACE('',(#154),#156,.F.);
#56=ADVANCED_FACE('',(#161),#163,.F.);
#57=ADVANCED_FACE('',(#168),#170,.F.);
#58=ADVANCED_FACE('',(#175),#177,.F.);
#59=ADVANCED_FACE('',(#182),#184,.F.);
#60=ADVANCED_FACE('',(#189),#191,.F.);
#61=ADVANCED_FACE('',(#196),#198,.F.);
#62=ADVANCED_FACE('',(#203,#205),#207,.F.);
#63=ADVANCED_FACE('',(#212,#214),#216,.F.);
#64=ADVANCED_FACE('',(#221,#223),#225,.F.);
#65=ADVANCED_FACE('',(#230,#232),#234,.F.);
#66=ADVANCED_FACE('',(#239),#241,.F.);
#67=ADVANCED_FACE('',(#246),#248,.F.);
#68=ADVANCED_FACE('',(#253),#255,.F.);
#69=ADVANCED_FACE('',(#260),#262,.F.);
#70=ADVANCED_FACE('',(#267),#269,.F.);
#71=ADVANCED_FACE('',(#274),#276,.F.);
#72=ADVANCED_FACE('',(#281),#283,.F.);
#73=ADVANCED_FACE('',(#288),#290,.F.);
#74=ADVANCED_FACE('',(#295),#297,.F.);
#75=ADVANCED_FACE('',(#302),#304,.F.);
#76=ADVANCED_FACE('',(#309),#311,.F.);
#77=ADVANCED_FACE('',(#316),#318,.F.);
#78=ADVANCED_FACE('',(#323),#325,.F.);
#79=ADVANCED_FACE('',(#330),#332,.F.);
#80=ADVANCED_FACE('',(#337),#339,.F.);
#81=ADVANCED_FACE('',(#344),#346,.F.);
#82=ADVANCED_FACE('',(#351),#353,.F.);
#83=ADVANCED_FACE('',(#358),#360,.F.);
#84=ADVANCED_FACE('',(#365),#367,.F.);
#85=ADVANCED_FACE('',(#372),#374,.F.);
#86=ADVANCED_FACE('',(#379),#381,.F.);
#87=ADVANCED_FACE('',(#386),#388,.F.);
#88=ADVANCED_FACE('',(#393),#395,.F.);
#89=ADVANCED_FACE('',(#400),#402,.T.);
#90=ADVANCED_FACE('',(#407),#409,.T.);
#91=ADVANCED_FACE('',(#414,#416),#418,.F.);
#92=ADVANCED_FACE('',(#423),#425,.F.);
#93=ADVANCED_FACE('',(#430),#432,.F.);
#94=ADVANCED_FACE('',(#437),#439,.F.);
#95=ADVANCED_FACE('',(#444),#446,.T.);
#96=ADVANCED_FACE('',(#451,#453,#455,#457),#459,.T.);
#97=ADVANCED_FACE('',(#464),#466,.T.);
#98=ADVANCED_FACE('',(#471),#473,.F.);
#99=ADVANCED_FACE('',(#478),#480,.F.);
#100=ADVANCED_FACE('',(#485),#487,.F.);
#101=ADVANCED_FACE('',(#492),#494,.T.);
#102=ADVANCED_FACE('',(#499,#501,#503,#505,#507,#509,#511,#513),#515,.T.);
#103=ADVANCED_FACE('',(#520,#522),#524,.F.);
#104=ADVANCED_FACE('',(#529),#531,.F.);
#105=ADVANCED_FACE('',(#536),#538,.T.);
#106=ADVANCED_FACE('',(#543),#545,.F.);
#107=ADVANCED_FACE('',(#550,#552),#554,.F.);
#108=ADVANCED_FACE('',(#559,#561),#563,.F.);
#109=ADVANCED_FACE('',(#568,#570),#572,.F.);
#110=ADVANCED_FACE('',(#577),#579,.F.);
#111=ADVANCED_FACE('',(#584),#586,.F.);
#112=ADVANCED_FACE('',(#591),#593,.F.);
#113=ADVANCED_FACE('',(#598),#600,.T.);
#114=ADVANCED_FACE('',(#605,#607),#609,.F.);
#115=ADVANCED_FACE('',(#614,#616),#618,.F.);
#116=ADVANCED_FACE('',(#623,#625,#627,#629),#631,.F.);
#117=ADVANCED_FACE('',(#636),#638,.T.);
#118=ADVANCED_FACE('',(#643),#645,.T.);
#119=ADVANCED_FACE('',(#650),#652,.F.);
#120=ADVANCED_FACE('',(#657),#659,.T.);
#121=ADVANCED_FACE('',(#664),#666,.F.);
#122=ADVANCED_FACE('',(#671),#673,.F.);
#123=ADVANCED_FACE('',(#678),#680,.T.);
#124=ADVANCED_FACE('',(#685),#687,.T.);
#125=ADVANCED_FACE('',(#692),#694,.F.);
#126=ADVANCED_FACE('',(#699),#701,.F.);
#127=ADVANCED_FACE('',(#706),#708,.F.);
#128=ADVANCED_FACE('',(#713),#715,.T.);
#129=ADVANCED_FACE('',(#720),#722,.F.);
#130=ADVANCED_FACE('',(#727),#729,.F.);
#131=ADVANCED_FACE('',(#734),#736,.F.);
#132=FACE_BOUND('',#133,.T.);
#133=EDGE_LOOP('',(#741,#742,#743,#744,#745,#746,#747,#748,#749,#750,#751,#752,#753,
#754,#755,#756,#757,#758,#759,#760));
#134=FACE_BOUND('',#135,.T.);
#135=EDGE_LOOP('',(#761));
#136=FACE_BOUND('',#137,.T.);
#137=EDGE_LOOP('',(#762));
#138=PLANE('',#139);
#139=AXIS2_PLACEMENT_3D('',#140,#141,#142);
#140=CARTESIAN_POINT('',(-111.734933930174,-7.43301270240771,2.49999999999998));
#141=DIRECTION('',(-8.88178419700125E-17,-6.00120553851436E-17,1.));
#142=DIRECTION('',(1.,0.,8.88178419700125E-17));
#143=FACE_BOUND('',#144,.T.);
#144=EDGE_LOOP('',(#763,#764,#765,#766,#767,#768,#769,#770,#771,#772,#773,#774,#775,
#776,#777,#778,#779,#780));
#145=FACE_BOUND('',#146,.T.);
#146=EDGE_LOOP('',(#781));
#147=FACE_BOUND('',#148,.T.);
#148=EDGE_LOOP('',(#782));
#149=PLANE('',#150);
#150=AXIS2_PLACEMENT_3D('',#151,#152,#153);
#151=CARTESIAN_POINT('',(-47.1064811242266,-7.43301270240771,2.50000000000202));
#152=DIRECTION('',(4.05098177225227E-13,-6.00120553851436E-17,1.));
#153=DIRECTION('',(1.,0.,-4.05098177225227E-13));
#154=FACE_BOUND('',#155,.T.);
#155=EDGE_LOOP('',(#783,#784,#785,#786,#787,#788,#789,#790,#791,#792));
#156=CYLINDRICAL_SURFACE('',#157,40.);
#157=AXIS2_PLACEMENT_3D('',#158,#159,#160);
#158=CARTESIAN_POINT('',(-25.5983352557293,-7.43301270240771,36.2253563554107));
#159=DIRECTION('',(0.,-1.,-6.12323399573677E-17));
#160=DIRECTION('',(-0.949620195965925,1.91904032407584E-17,-0.313403068609161));
#161=FACE_BOUND('',#162,.T.);
#162=EDGE_LOOP('',(#793,#794,#795,#796,#797,#798));
#163=CYLINDRICAL_SURFACE('',#164,8.);
#164=AXIS2_PLACEMENT_3D('',#165,#166,#167);
#165=CARTESIAN_POINT('',(-44.630046697089,-23.4330127024077,10.500000000001));
#166=DIRECTION('',(2.05954416162348E-16,1.,2.57443020202935E-17));
#167=DIRECTION('',(-4.05897537802957E-13,2.57443020203771E-17,-1.));
#168=FACE_BOUND('',#169,.T.);
#169=EDGE_LOOP('',(#799,#800,#801,#802,#803,#804,#805,#806));
#170=CYLINDRICAL_SURFACE('',#171,8.);
#171=AXIS2_PLACEMENT_3D('',#172,#173,#174);
#172=CARTESIAN_POINT('',(-44.630046697089,-23.4330127024077,10.500000000001));
#173=DIRECTION('',(2.05954416162348E-16,1.,2.57443020202935E-17));
#174=DIRECTION('',(-4.05897537802957E-13,2.57443020203771E-17,-1.));
#175=FACE_BOUND('',#176,.T.);
#176=EDGE_LOOP('',(#807,#808,#809,#810,#811,#812));
#177=CYLINDRICAL_SURFACE('',#178,8.);
#178=AXIS2_PLACEMENT_3D('',#179,#180,#181);
#179=CARTESIAN_POINT('',(-44.630046697089,-23.4330127024077,10.500000000001));
#180=DIRECTION('',(2.05954416162348E-16,1.,2.57443020202935E-17));
#181=DIRECTION('',(-4.05897537802957E-13,2.57443020203771E-17,-1.));
#182=FACE_BOUND('',#183,.T.);
#183=EDGE_LOOP('',(#813,#814,#815,#816,#817,#818,#819));
#184=CYLINDRICAL_SURFACE('',#185,8.);
#185=AXIS2_PLACEMENT_3D('',#186,#187,#188);
#186=CARTESIAN_POINT('',(-109.211368357316,-23.4330127024077,10.5));
#187=DIRECTION('',(0.,1.,2.64338815386942E-17));
#188=DIRECTION('',(0.594740982542433,2.12506569512385E-17,-0.803917386106596));
#189=FACE_BOUND('',#190,.T.);
#190=EDGE_LOOP('',(#820,#821,#822,#823,#824,#825));
#191=CYLINDRICAL_SURFACE('',#192,8.);
#192=AXIS2_PLACEMENT_3D('',#193,#194,#195);
#193=CARTESIAN_POINT('',(-109.211368357316,-23.4330127024077,10.5));
#194=DIRECTION('',(0.,1.,2.64338815386942E-17));
#195=DIRECTION('',(0.594740982542433,2.12506569512385E-17,-0.803917386106596));
#196=FACE_BOUND('',#197,.T.);
#197=EDGE_LOOP('',(#826,#827,#828,#829,#830,#831,#832,#833,#834,#835,#836,#837));
#198=CYLINDRICAL_SURFACE('',#199,40.);
#199=AXIS2_PLACEMENT_3D('',#200,#201,#202);
#200=CARTESIAN_POINT('',(-128.243079798674,-7.43301270240771,36.2253563554111));
#201=DIRECTION('',(0.,-1.,-6.12323399573677E-17));
#202=DIRECTION('',(0.537703646712465,5.16270621384457E-17,-0.843133908885247));
#203=FACE_OUTER_BOUND('',#204,.T.);
#204=EDGE_LOOP('',(#838));
#205=FACE_OUTER_BOUND('',#206,.T.);
#206=EDGE_LOOP('',(#839));
#207=CYLINDRICAL_SURFACE('',#208,1.6);
#208=AXIS2_PLACEMENT_3D('',#209,#210,#211);
#209=CARTESIAN_POINT('',(-106.734933930174,-2.43301270240771,-7.42798208531616E-9));
#210=DIRECTION('',(-8.88178419700125E-17,-6.00120553851436E-17,1.));
#211=DIRECTION('',(6.12323399573677E-17,1.,6.00120553851436E-17));
#212=FACE_OUTER_BOUND('',#213,.T.);
#213=EDGE_LOOP('',(#840));
#214=FACE_OUTER_BOUND('',#215,.T.);
#215=EDGE_LOOP('',(#841));
#216=CYLINDRICAL_SURFACE('',#217,1.6);
#217=AXIS2_PLACEMENT_3D('',#218,#219,#220);
#218=CARTESIAN_POINT('',(-47.1064811242266,4.90032063092562,-7.42797634915725E-9));
#219=DIRECTION('',(-8.88178419700125E-17,-6.00120553851436E-17,1.));
#220=DIRECTION('',(6.12323399573677E-17,1.,6.00120553851436E-17));
#221=FACE_OUTER_BOUND('',#222,.T.);
#222=EDGE_LOOP('',(#842));
#223=FACE_OUTER_BOUND('',#224,.T.);
#224=EDGE_LOOP('',(#843));
#225=CYLINDRICAL_SURFACE('',#226,1.6);
#226=AXIS2_PLACEMENT_3D('',#227,#228,#229);
#227=CARTESIAN_POINT('',(-108.334933930174,23.2669872975923,-7.42798068511488E-9));
#228=DIRECTION('',(-8.88178419700125E-17,-6.00120553851436E-17,1.));
#229=DIRECTION('',(6.12323399573677E-17,1.,6.00120553851436E-17));
#230=FACE_OUTER_BOUND('',#231,.T.);
#231=EDGE_LOOP('',(#844));
#232=FACE_OUTER_BOUND('',#233,.T.);
#233=EDGE_LOOP('',(#845));
#234=CYLINDRICAL_SURFACE('',#235,1.6);
#235=AXIS2_PLACEMENT_3D('',#236,#237,#238);
#236=CARTESIAN_POINT('',(-47.1064811242266,23.4003206309256,-7.42797523893423E-9));
#237=DIRECTION('',(-8.88178419700125E-17,-6.00120553851436E-17,1.));
#238=DIRECTION('',(6.12323399573677E-17,1.,6.00120553851436E-17));
#239=FACE_BOUND('',#240,.T.);
#240=EDGE_LOOP('',(#846,#847,#848,#849,#850,#851,#852,#853,#854,#855,#856));
#241=CYLINDRICAL_SURFACE('',#242,8.);
#242=AXIS2_PLACEMENT_3D('',#243,#244,#245);
#243=CARTESIAN_POINT('',(-109.211368357316,-12.6330127024077,10.5));
#244=DIRECTION('',(0.,1.,3.13069429588759E-17));
#245=DIRECTION('',(0.594740982542434,2.51681957504877E-17,-0.803917386106595));
#246=FACE_BOUND('',#247,.T.);
#247=EDGE_LOOP('',(#857,#858,#859));
#248=PLANE('',#249);
#249=AXIS2_PLACEMENT_3D('',#250,#251,#252);
#250=CARTESIAN_POINT('',(-106.660618149524,26.1669872975923,2.49999999999999));
#251=DIRECTION('',(-1.06094493041852E-15,1.,1.19161663692218E-16));
#252=DIRECTION('',(-1.,-1.06094493041852E-15,-1.32618116302315E-16));
#253=FACE_BOUND('',#254,.T.);
#254=EDGE_LOOP('',(#860,#861,#862,#863));
#255=PLANE('',#256);
#256=AXIS2_PLACEMENT_3D('',#257,#258,#259);
#257=CARTESIAN_POINT('',(-104.986302368874,23.2669872975923,2.49999999999999));
#258=DIRECTION('',(0.86602540378444,0.499999999999997,5.95808318461089E-17));
#259=DIRECTION('',(-0.499999999999997,0.86602540378444,1.32618116302315E-16));
#260=FACE_BOUND('',#261,.T.);
#261=EDGE_LOOP('',(#864,#865,#866,#867));
#262=PLANE('',#263);
#263=AXIS2_PLACEMENT_3D('',#264,#265,#266);
#264=CARTESIAN_POINT('',(-106.660618149524,20.3669872975923,2.49999999999999));
#265=DIRECTION('',(0.86602540378444,-0.499999999999997,-5.95808318461089E-17));
#266=DIRECTION('',(0.499999999999997,0.86602540378444,0.));
#267=FACE_BOUND('',#268,.T.);
#268=EDGE_LOOP('',(#868,#869,#870));
#269=PLANE('',#270);
#270=AXIS2_PLACEMENT_3D('',#271,#272,#273);
#271=CARTESIAN_POINT('',(-110.009249710824,20.3669872975923,2.49999999999999));
#272=DIRECTION('',(-3.18283479125556E-15,-1.,-1.19161663692218E-16));
#273=DIRECTION('',(1.,-3.18283479125556E-15,1.32618116302315E-16));
#274=FACE_BOUND('',#275,.T.);
#275=EDGE_LOOP('',(#871,#872,#873,#874));
#276=PLANE('',#277);
#277=AXIS2_PLACEMENT_3D('',#278,#279,#280);
#278=CARTESIAN_POINT('',(-105.060618149524,0.466987297592291,2.49999999999999));
#279=DIRECTION('',(-4.641634070581E-16,1.,5.95808318461092E-17));
#280=DIRECTION('',(-1.,-4.641634070581E-16,-1.32618116302314E-16));
#281=FACE_BOUND('',#282,.T.);
#282=EDGE_LOOP('',(#875,#876,#877,#878,#879));
#283=PLANE('',#284);
#284=AXIS2_PLACEMENT_3D('',#285,#286,#287);
#285=CARTESIAN_POINT('',(-103.386302368874,-2.43301270240772,2.49999999999999));
#286=DIRECTION('',(0.866025403784441,0.499999999999997,2.97904159230544E-17));
#287=DIRECTION('',(-0.499999999999997,0.866025403784441,0.));
#288=FACE_BOUND('',#289,.T.);
#289=EDGE_LOOP('',(#880,#881,#882,#883,#884));
#290=PLANE('',#291);
#291=AXIS2_PLACEMENT_3D('',#292,#293,#294);
#292=CARTESIAN_POINT('',(-105.060618149524,-5.3330127024077,2.49999999999999));
#293=DIRECTION('',(0.866025403784439,-0.5,-2.97904159230546E-17));
#294=DIRECTION('',(0.5,0.866025403784439,1.32618116302316E-16));
#295=FACE_BOUND('',#296,.T.);
#296=EDGE_LOOP('',(#885,#886,#887,#888));
#297=PLANE('',#298);
#298=AXIS2_PLACEMENT_3D('',#299,#300,#301);
#299=CARTESIAN_POINT('',(-108.409249710824,-5.33301270240771,2.49999999999998));
#300=DIRECTION('',(3.97854348906945E-15,-1.,-5.95808318461092E-17));
#301=DIRECTION('',(1.,3.97854348906945E-15,1.32618116302315E-16));
#302=FACE_BOUND('',#303,.T.);
#303=EDGE_LOOP('',(#889,#890,#891));
#304=PLANE('',#305);
#305=AXIS2_PLACEMENT_3D('',#306,#307,#308);
#306=CARTESIAN_POINT('',(-110.083565491474,-2.43301270240771,2.49999999999999));
#307=DIRECTION('',(-0.866025403784438,-0.500000000000001,-2.97904159230546E-17));
#308=DIRECTION('',(0.500000000000001,-0.866025403784438,-1.32618116302315E-16));
#309=FACE_BOUND('',#310,.T.);
#310=EDGE_LOOP('',(#892,#893,#894));
#311=PLANE('',#312);
#312=AXIS2_PLACEMENT_3D('',#313,#314,#315);
#313=CARTESIAN_POINT('',(-108.409249710824,0.46698729759229,2.49999999999999));
#314=DIRECTION('',(-0.86602540378444,0.499999999999998,2.97904159230545E-17));
#315=DIRECTION('',(-0.499999999999998,-0.86602540378444,0.));
#316=FACE_BOUND('',#317,.T.);
#317=EDGE_LOOP('',(#895,#896,#897,#898));
#318=PLANE('',#319);
#319=AXIS2_PLACEMENT_3D('',#320,#321,#322);
#320=CARTESIAN_POINT('',(-45.4321653435767,26.3003206309256,2.49999999999999));
#321=DIRECTION('',(3.18283479125554E-15,1.,1.19161663692218E-16));
#322=DIRECTION('',(-1.,3.18283479125554E-15,-1.32618116302314E-16));
#323=FACE_BOUND('',#324,.T.);
#324=EDGE_LOOP('',(#899,#900,#901));
#325=PLANE('',#326);
#326=AXIS2_PLACEMENT_3D('',#327,#328,#329);
#327=CARTESIAN_POINT('',(-43.7578495629268,23.4003206309256,2.49999999999999));
#328=DIRECTION('',(0.866025403784441,0.499999999999996,5.95808318461087E-17));
#329=DIRECTION('',(-0.499999999999996,0.866025403784441,1.32618116302315E-16));
#330=FACE_BOUND('',#331,.T.);
#331=EDGE_LOOP('',(#902,#903,#904));
#332=PLANE('',#333);
#333=AXIS2_PLACEMENT_3D('',#334,#335,#336);
#334=CARTESIAN_POINT('',(-45.4321653435767,20.5003206309256,2.49999999999999));
#335=DIRECTION('',(0.866025403784439,-0.5,-5.95808318461092E-17));
#336=DIRECTION('',(0.5,0.866025403784439,0.));
#337=FACE_BOUND('',#338,.T.);
#338=EDGE_LOOP('',(#905,#906,#907,#908));
#339=PLANE('',#340);
#340=AXIS2_PLACEMENT_3D('',#341,#342,#343);
#341=CARTESIAN_POINT('',(-48.7807969048765,20.5003206309256,2.49999999999999));
#342=DIRECTION('',(-2.12188986083704E-15,-1.,-1.19161663692218E-16));
#343=DIRECTION('',(1.,-2.12188986083704E-15,1.32618116302315E-16));
#344=FACE_BOUND('',#345,.T.);
#345=EDGE_LOOP('',(#909,#910,#911,#912,#913));
#346=PLANE('',#347);
#347=AXIS2_PLACEMENT_3D('',#348,#349,#350);
#348=CARTESIAN_POINT('',(-50.4551126855264,23.4003206309256,2.49999999999999));
#349=DIRECTION('',(-0.866025403784438,-0.500000000000001,-5.95808318461093E-17));
#350=DIRECTION('',(0.500000000000001,-0.866025403784438,0.));
#351=FACE_BOUND('',#352,.T.);
#352=EDGE_LOOP('',(#914,#915,#916,#917,#918));
#353=PLANE('',#354);
#354=AXIS2_PLACEMENT_3D('',#355,#356,#357);
#355=CARTESIAN_POINT('',(-48.7807969048765,26.3003206309256,2.49999999999999));
#356=DIRECTION('',(-0.866025403784439,0.5,5.95808318461093E-17));
#357=DIRECTION('',(-0.5,-0.866025403784439,-1.32618116302314E-16));
#358=FACE_BOUND('',#359,.T.);
#359=EDGE_LOOP('',(#919,#920,#921,#922));
#360=PLANE('',#361);
#361=AXIS2_PLACEMENT_3D('',#362,#363,#364);
#362=CARTESIAN_POINT('',(-48.7807969048765,2.00032063092562,2.49999999999999));
#363=DIRECTION('',(6.63090581511573E-15,-1.,-5.95808318461092E-17));
#364=DIRECTION('',(1.,6.63090581511573E-15,1.32618116302315E-16));
#365=FACE_BOUND('',#366,.T.);
#366=EDGE_LOOP('',(#923,#924,#925,#926,#927));
#367=PLANE('',#368);
#368=AXIS2_PLACEMENT_3D('',#369,#370,#371);
#369=CARTESIAN_POINT('',(-50.4551126855264,4.90032063092563,2.49999999999999));
#370=DIRECTION('',(-0.866025403784441,-0.499999999999997,-2.97904159230544E-17));
#371=DIRECTION('',(0.499999999999997,-0.866025403784441,-1.32618116302315E-16));
#372=FACE_BOUND('',#373,.T.);
#373=EDGE_LOOP('',(#928,#929,#930,#931,#932));
#374=PLANE('',#375);
#375=AXIS2_PLACEMENT_3D('',#376,#377,#378);
#376=CARTESIAN_POINT('',(-48.7807969048765,7.80032063092563,2.49999999999999));
#377=DIRECTION('',(-0.86602540378444,0.499999999999998,2.97904159230545E-17));
#378=DIRECTION('',(-0.499999999999998,-0.86602540378444,0.));
#379=FACE_BOUND('',#380,.T.);
#380=EDGE_LOOP('',(#933,#934,#935,#936));
#381=PLANE('',#382);
#382=AXIS2_PLACEMENT_3D('',#383,#384,#385);
#383=CARTESIAN_POINT('',(-45.4321653435767,7.80032063092562,2.49999999999999));
#384=DIRECTION('',(1.59141739562777E-15,1.,5.95808318461092E-17));
#385=DIRECTION('',(-1.,1.59141739562777E-15,-1.32618116302314E-16));
#386=FACE_BOUND('',#387,.T.);
#387=EDGE_LOOP('',(#937,#938,#939));
#388=PLANE('',#389);
#389=AXIS2_PLACEMENT_3D('',#390,#391,#392);
#390=CARTESIAN_POINT('',(-43.7578495629268,4.90032063092561,2.49999999999999));
#391=DIRECTION('',(0.866025403784441,0.499999999999995,2.97904159230543E-17));
#392=DIRECTION('',(-0.499999999999995,0.866025403784441,0.));
#393=FACE_BOUND('',#394,.T.);
#394=EDGE_LOOP('',(#940,#941,#942));
#395=PLANE('',#396);
#396=AXIS2_PLACEMENT_3D('',#397,#398,#399);
#397=CARTESIAN_POINT('',(-45.4321653435767,2.00032063092564,2.49999999999999));
#398=DIRECTION('',(0.866025403784438,-0.500000000000001,-2.97904159230547E-17));
#399=DIRECTION('',(0.500000000000001,0.866025403784438,1.32618116302316E-16));
#400=FACE_BOUND('',#401,.T.);
#401=EDGE_LOOP('',(#943,#944,#945,#946,#947));
#402=PLANE('',#403);
#403=AXIS2_PLACEMENT_3D('',#404,#405,#406);
#404=CARTESIAN_POINT('',(0.,29.5669872975923,8.23772761718644E-16));
#405=DIRECTION('',(0.,1.,6.12323399573677E-17));
#406=DIRECTION('',(-1.,7.49879891330929E-33,-1.22464679914735E-16));
#407=FACE_BOUND('',#408,.T.);
#408=EDGE_LOOP('',(#948,#949,#950,#951,#952));
#409=PLANE('',#410);
#410=AXIS2_PLACEMENT_3D('',#411,#412,#413);
#411=CARTESIAN_POINT('',(-111.734933930174,-7.43301270240771,-1.49209370944204E-14));
#412=DIRECTION('',(-1.,0.,0.));
#413=DIRECTION('',(0.,0.,1.));
#414=FACE_BOUND('',#415,.T.);
#415=EDGE_LOOP('',(#953,#954,#955,#956,#957,#958,#959,#960,#961,#962));
#416=FACE_BOUND('',#417,.T.);
#417=EDGE_LOOP('',(#963));
#418=PLANE('',#419);
#419=AXIS2_PLACEMENT_3D('',#420,#421,#422);
#420=CARTESIAN_POINT('',(0.,-7.43301270240771,-9.48482288702611E-16));
#421=DIRECTION('',(0.,1.,6.12323399573677E-17));
#422=DIRECTION('',(-1.,7.49879891330929E-33,-1.22464679914735E-16));
#423=FACE_BOUND('',#424,.T.);
#424=EDGE_LOOP('',(#964,#965,#966,#967,#968));
#425=CYLINDRICAL_SURFACE('',#426,2.2);
#426=AXIS2_PLACEMENT_3D('',#427,#428,#429);
#427=CARTESIAN_POINT('',(-107.2349335272,13.9669872975923,-8.80000000000001));
#428=DIRECTION('',(0.,0.,1.));
#429=DIRECTION('',(-1.,1.61486985400024E-15,0.));
#430=FACE_BOUND('',#431,.T.);
#431=EDGE_LOOP('',(#969,#970,#971,#972));
#432=PLANE('',#433);
#433=AXIS2_PLACEMENT_3D('',#434,#435,#436);
#434=CARTESIAN_POINT('',(-109.4349335272,3.98184427976536E-15,17.6892336110443));
#435=DIRECTION('',(-1.,1.22464679914735E-16,3.83475850529284E-17));
#436=DIRECTION('',(-1.22464679914735E-16,-1.,-6.12323399573677E-17));
#437=FACE_BOUND('',#438,.T.);
#438=EDGE_LOOP('',(#973,#974,#975,#976,#977));
#439=CYLINDRICAL_SURFACE('',#440,2.2);
#440=AXIS2_PLACEMENT_3D('',#441,#442,#443);
#441=CARTESIAN_POINT('',(-107.2349335272,17.1669872975923,11.3));
#442=DIRECTION('',(0.,0.,-1.));
#443=DIRECTION('',(-1.,1.61486985400023E-15,0.));
#444=FACE_BOUND('',#445,.T.);
#445=EDGE_LOOP('',(#978,#979,#980,#981,#982,#983));
#446=PLANE('',#447);
#447=AXIS2_PLACEMENT_3D('',#448,#449,#450);
#448=CARTESIAN_POINT('',(-42.1064811242266,-7.43301270240771,2.5));
#449=DIRECTION('',(1.,0.,0.));
#450=DIRECTION('',(0.,0.,-1.));
#451=FACE_BOUND('',#452,.T.);
#452=EDGE_LOOP('',(#984,#985,#986,#987,#988,#989,#990,#991,#992,#993));
#453=FACE_BOUND('',#454,.T.);
#454=EDGE_LOOP('',(#994));
#455=FACE_BOUND('',#456,.T.);
#456=EDGE_LOOP('',(#995));
#457=FACE_BOUND('',#458,.T.);
#458=EDGE_LOOP('',(#996));
#459=PLANE('',#460);
#460=AXIS2_PLACEMENT_3D('',#461,#462,#463);
#461=CARTESIAN_POINT('',(-1.09476442525376E-47,29.5669872975923,1.81045581772134E-15));
#462=DIRECTION('',(0.,1.,6.12323399573677E-17));
#463=DIRECTION('',(-1.,7.49879891330929E-33,-1.22464679914735E-16));
#464=FACE_BOUND('',#465,.T.);
#465=EDGE_LOOP('',(#997,#998,#999,#1000));
#466=CYLINDRICAL_SURFACE('',#467,14.625);
#467=AXIS2_PLACEMENT_3D('',#468,#469,#470);
#468=CARTESIAN_POINT('',(-76.9207075272004,-7.43301270240771,17.6892336110443));
#469=DIRECTION('',(0.,1.,6.12323399573677E-17));
#470=DIRECTION('',(-1.,7.49879891330929E-33,-1.22464679914735E-16));
#471=FACE_BOUND('',#472,.T.);
#472=EDGE_LOOP('',(#1001,#1002,#1003,#1004,#1005,#1006,#1007));
#473=PLANE('',#474);
#474=AXIS2_PLACEMENT_3D('',#475,#476,#477);
#475=CARTESIAN_POINT('',(-66.9207075272004,11.7669872975923,-1.4210854715202E-14));
#476=DIRECTION('',(-1.25347936904714E-16,-1.,0.));
#477=DIRECTION('',(0.,0.,1.));
#478=FACE_BOUND('',#479,.T.);
#479=EDGE_LOOP('',(#1008,#1009,#1010,#1011,#1012,#1013));
#480=SPHERICAL_SURFACE('',#481,15.5);
#481=AXIS2_PLACEMENT_3D('',#482,#483,#484);
#482=CARTESIAN_POINT('',(-94.6492553794941,37.4844555428617,3.5527136788005E-15));
#483=DIRECTION('',(1.,-8.64407221119343E-16,0.));
#484=DIRECTION('',(8.64407221119343E-16,1.,0.));
#485=FACE_BOUND('',#486,.T.);
#486=EDGE_LOOP('',(#1014,#1015,#1016,#1017,#1018,#1019,#1020));
#487=PLANE('',#488);
#488=AXIS2_PLACEMENT_3D('',#489,#490,#491);
#489=CARTESIAN_POINT('',(-66.9207075272004,19.3669872975923,4.8));
#490=DIRECTION('',(8.35652912698093E-17,1.,0.));
#491=DIRECTION('',(0.,0.,-1.));
#492=FACE_BOUND('',#493,.T.);
#493=EDGE_LOOP('',(#1021,#1022,#1023,#1024));
#494=CYLINDRICAL_SURFACE('',#495,1.);
#495=AXIS2_PLACEMENT_3D('',#496,#497,#498);
#496=CARTESIAN_POINT('',(-100.760399968529,7.76698729759229,5.79999999999999));
#497=DIRECTION('',(0.,1.,1.13869028166683E-16));
#498=DIRECTION('',(0.,1.13869028166683E-16,-1.));
#499=FACE_BOUND('',#500,.T.);
#500=EDGE_LOOP('',(#1025,#1026,#1027,#1028,#1029,#1030,#1031,#1032));
#501=FACE_BOUND('',#502,.T.);
#502=EDGE_LOOP('',(#1033));
#503=FACE_BOUND('',#504,.T.);
#504=EDGE_LOOP('',(#1034));
#505=FACE_BOUND('',#506,.T.);
#506=EDGE_LOOP('',(#1035));
#507=FACE_BOUND('',#508,.T.);
#508=EDGE_LOOP('',(#1036));
#509=FACE_BOUND('',#510,.T.);
#510=EDGE_LOOP('',(#1037,#1038,#1039,#1040,#1041,#1042,#1043,#1044));
#511=FACE_BOUND('',#512,.T.);
#512=EDGE_LOOP('',(#1045));
#513=FACE_BOUND('',#514,.T.);
#514=EDGE_LOOP('',(#1046));
#515=PLANE('',#516);
#516=AXIS2_PLACEMENT_3D('',#517,#518,#519);
#517=CARTESIAN_POINT('',(-42.1064811242266,-7.43301270240771,-3.72139790103003E-15));
#518=DIRECTION('',(1.60847164371197E-16,6.12323399573677E-17,-1.));
#519=DIRECTION('',(-1.,0.,-1.60847164371197E-16));
#520=FACE_OUTER_BOUND('',#521,.T.);
#521=EDGE_LOOP('',(#1047));
#522=FACE_OUTER_BOUND('',#523,.T.);
#523=EDGE_LOOP('',(#1048));
#524=CYLINDRICAL_SURFACE('',#525,12.625);
#525=AXIS2_PLACEMENT_3D('',#526,#527,#528);
#526=CARTESIAN_POINT('',(-76.9207075272004,-7.43301270240771,17.6892336110443));
#527=DIRECTION('',(0.,1.,6.12323399573677E-17));
#528=DIRECTION('',(-1.,7.49879891330929E-33,-1.22464679914735E-16));
#529=FACE_BOUND('',#530,.T.);
#530=EDGE_LOOP('',(#1049,#1050,#1051,#1052,#1053));
#531=SPHERICAL_SURFACE('',#532,15.5);
#532=AXIS2_PLACEMENT_3D('',#533,#534,#535);
#533=CARTESIAN_POINT('',(-84.5492553794941,37.4844555428617,3.5527136788005E-15));
#534=DIRECTION('',(1.,-8.64407221119343E-16,0.));
#535=DIRECTION('',(8.64407221119343E-16,1.,0.));
#536=FACE_BOUND('',#537,.T.);
#537=EDGE_LOOP('',(#1054,#1055,#1056));
#538=CYLINDRICAL_SURFACE('',#539,14.625);
#539=AXIS2_PLACEMENT_3D('',#540,#541,#542);
#540=CARTESIAN_POINT('',(-76.9207075272004,-7.43301270240771,17.6892336110443));
#541=DIRECTION('',(0.,1.,6.12323399573677E-17));
#542=DIRECTION('',(-1.,7.49879891330929E-33,-1.22464679914735E-16));
#543=FACE_BOUND('',#544,.T.);
#544=EDGE_LOOP('',(#1057,#1058,#1059,#1060,#1061,#1062,#1063));
#545=CYLINDRICAL_SURFACE('',#546,15.5);
#546=AXIS2_PLACEMENT_3D('',#547,#548,#549);
#547=CARTESIAN_POINT('',(-94.6492553794941,37.4844555428617,3.5527136788005E-15));
#548=DIRECTION('',(1.,-8.64407221119343E-16,0.));
#549=DIRECTION('',(8.64407221119343E-16,1.,0.));
#550=FACE_OUTER_BOUND('',#551,.T.);
#551=EDGE_LOOP('',(#1064));
#552=FACE_OUTER_BOUND('',#553,.T.);
#553=EDGE_LOOP('',(#1065));
#554=CYLINDRICAL_SURFACE('',#555,4.);
#555=AXIS2_PLACEMENT_3D('',#556,#557,#558);
#556=CARTESIAN_POINT('',(-76.9207075272004,27.5669872975923,17.6892336110443));
#557=DIRECTION('',(0.,1.,6.12323399573676E-17));
#558=DIRECTION('',(-1.,7.49879891330928E-33,-1.22464679914735E-16));
#559=FACE_OUTER_BOUND('',#560,.T.);
#560=EDGE_LOOP('',(#1066));
#561=FACE_OUTER_BOUND('',#562,.T.);
#562=EDGE_LOOP('',(#1067));
#563=CYLINDRICAL_SURFACE('',#564,1.6);
#564=AXIS2_PLACEMENT_3D('',#565,#566,#567);
#565=CARTESIAN_POINT('',(-85.4207075272004,27.5669872975923,17.6892336110443));
#566=DIRECTION('',(0.,1.,6.12323399573676E-17));
#567=DIRECTION('',(-1.,7.49879891330928E-33,-1.22464679914735E-16));
#568=FACE_OUTER_BOUND('',#569,.T.);
#569=EDGE_LOOP('',(#1068));
#570=FACE_OUTER_BOUND('',#571,.T.);
#571=EDGE_LOOP('',(#1069));
#572=CYLINDRICAL_SURFACE('',#573,1.6);
#573=AXIS2_PLACEMENT_3D('',#574,#575,#576);
#574=CARTESIAN_POINT('',(-68.4207075272004,27.5669872975923,17.6892336110443));
#575=DIRECTION('',(0.,1.,6.12323399573676E-17));
#576=DIRECTION('',(-1.,7.49879891330928E-33,-1.22464679914735E-16));
#577=FACE_BOUND('',#578,.T.);
#578=EDGE_LOOP('',(#1070,#1071,#1072,#1073,#1074,#1075));
#579=PLANE('',#580);
#580=AXIS2_PLACEMENT_3D('',#581,#582,#583);
#581=CARTESIAN_POINT('',(-66.9207075272004,11.7669872975923,4.8));
#582=DIRECTION('',(0.,0.,1.));
#583=DIRECTION('',(0.,1.,0.));
#584=FACE_BOUND('',#585,.T.);
#585=EDGE_LOOP('',(#1076,#1077,#1078,#1079));
#586=CYLINDRICAL_SURFACE('',#587,2.2);
#587=AXIS2_PLACEMENT_3D('',#588,#589,#590);
#588=CARTESIAN_POINT('',(-69.1207075272004,13.9669872975923,-8.80000000000001));
#589=DIRECTION('',(0.,-1.58603289232165E-16,-1.));
#590=DIRECTION('',(1.,-1.61486985400024E-15,2.68929854052619E-31));
#591=FACE_BOUND('',#592,.T.);
#592=EDGE_LOOP('',(#1080,#1081,#1082,#1083));
#593=CYLINDRICAL_SURFACE('',#594,2.2);
#594=AXIS2_PLACEMENT_3D('',#595,#596,#597);
#595=CARTESIAN_POINT('',(-69.1207075272004,17.1669872975923,13.6));
#596=DIRECTION('',(0.,0.,1.));
#597=DIRECTION('',(1.,0.,0.));
#598=FACE_BOUND('',#599,.T.);
#599=EDGE_LOOP('',(#1084,#1085,#1086,#1087));
#600=PLANE('',#601);
#601=AXIS2_PLACEMENT_3D('',#602,#603,#604);
#602=CARTESIAN_POINT('',(-66.9207075272004,-1.22464679914735E-15,17.6892336110443));
#603=DIRECTION('',(-1.,1.22464679914735E-16,3.83475850529284E-17));
#604=DIRECTION('',(-1.22464679914735E-16,-1.,-6.12323399573677E-17));
#605=FACE_OUTER_BOUND('',#606,.T.);
#606=EDGE_LOOP('',(#1088));
#607=FACE_OUTER_BOUND('',#608,.T.);
#608=EDGE_LOOP('',(#1089));
#609=CYLINDRICAL_SURFACE('',#610,1.925);
#610=AXIS2_PLACEMENT_3D('',#611,#612,#613);
#611=CARTESIAN_POINT('',(-58.9207075272004,4.90032063092563,6.49999999999999));
#612=DIRECTION('',(1.60847164371197E-16,6.12323399573677E-17,-1.));
#613=DIRECTION('',(-6.12323399573677E-17,-1.,-6.12323399573677E-17));
#614=FACE_OUTER_BOUND('',#615,.T.);
#615=EDGE_LOOP('',(#1090));
#616=FACE_OUTER_BOUND('',#617,.T.);
#617=EDGE_LOOP('',(#1091));
#618=CYLINDRICAL_SURFACE('',#619,1.925);
#619=AXIS2_PLACEMENT_3D('',#620,#621,#622);
#620=CARTESIAN_POINT('',(-94.9207075272004,4.90032063092562,6.49999999999999));
#621=DIRECTION('',(1.60847164371197E-16,6.12323399573677E-17,-1.));
#622=DIRECTION('',(-6.12323399573677E-17,-1.,-6.12323399573677E-17));
#623=FACE_BOUND('',#624,.T.);
#624=EDGE_LOOP('',(#1092));
#625=FACE_BOUND('',#626,.T.);
#626=EDGE_LOOP('',(#1093));
#627=FACE_BOUND('',#628,.T.);
#628=EDGE_LOOP('',(#1094));
#629=FACE_BOUND('',#630,.T.);
#630=EDGE_LOOP('',(#1095));
#631=PLANE('',#632);
#632=AXIS2_PLACEMENT_3D('',#633,#634,#635);
#633=CARTESIAN_POINT('',(-1.09476442525376E-47,27.5669872975923,1.68799113780661E-15));
#634=DIRECTION('',(0.,1.,6.12323399573677E-17));
#635=DIRECTION('',(-1.,7.49879891330929E-33,-1.22464679914735E-16));
#636=FACE_BOUND('',#637,.T.);
#637=EDGE_LOOP('',(#1096));
#638=PLANE('',#639);
#639=AXIS2_PLACEMENT_3D('',#640,#641,#642);
#640=CARTESIAN_POINT('',(-1.04550656841278E-15,-3.9801020972289E-16,6.5));
#641=DIRECTION('',(1.60847164371197E-16,6.12323399573677E-17,-1.));
#642=DIRECTION('',(-6.12323399573677E-17,-1.,-6.12323399573677E-17));
#643=FACE_BOUND('',#644,.T.);
#644=EDGE_LOOP('',(#1097));
#645=PLANE('',#646);
#646=AXIS2_PLACEMENT_3D('',#647,#648,#649);
#647=CARTESIAN_POINT('',(-1.04550656841278E-15,-3.9801020972289E-16,6.5));
#648=DIRECTION('',(1.60847164371197E-16,6.12323399573677E-17,-1.));
#649=DIRECTION('',(-6.12323399573677E-17,-1.,-6.12323399573677E-17));
#650=FACE_BOUND('',#651,.T.);
#651=EDGE_LOOP('',(#1098,#1099,#1100,#1101,#1102));
#652=CONICAL_SURFACE('',#653,40.5,0.785398163397444);
#653=AXIS2_PLACEMENT_3D('',#654,#655,#656);
#654=CARTESIAN_POINT('',(-128.243079798674,29.0669872975923,36.2253563554111));
#655=DIRECTION('',(0.,1.,6.12323399573677E-17));
#656=DIRECTION('',(-0.790546811384995,-3.74987839278354E-17,0.612401615779235));
#657=FACE_BOUND('',#658,.T.);
#658=EDGE_LOOP('',(#1103,#1104,#1105,#1106));
#659=CONICAL_SURFACE('',#660,14.125,0.785398163397439);
#660=AXIS2_PLACEMENT_3D('',#661,#662,#663);
#661=CARTESIAN_POINT('',(-76.9207075272004,29.0669872975923,17.6892336110443));
#662=DIRECTION('',(-1.54074395550979E-33,-1.,-6.12323399573677E-17));
#663=DIRECTION('',(0.992364029867878,7.55261440799492E-18,-0.123343553639357));
#664=FACE_BOUND('',#665,.T.);
#665=EDGE_LOOP('',(#1107,#1108,#1109,#1110));
#666=CONICAL_SURFACE('',#667,40.5,0.785398163397447);
#667=AXIS2_PLACEMENT_3D('',#668,#669,#670);
#668=CARTESIAN_POINT('',(-25.5983352557293,29.0669872975923,36.2253563554107));
#669=DIRECTION('',(0.,1.,6.12323399573677E-17));
#670=DIRECTION('',(0.947450128955408,-1.95884402321121E-17,0.319903505986384));
#671=FACE_BOUND('',#672,.T.);
#672=EDGE_LOOP('',(#1111,#1112,#1113,#1114));
#673=CONICAL_SURFACE('',#674,8.49999999999999,0.785398163397447);
#674=AXIS2_PLACEMENT_3D('',#675,#676,#677);
#675=CARTESIAN_POINT('',(-44.630046697089,29.0669872975923,10.500000000001));
#676=DIRECTION('',(6.16297582203915E-33,1.,6.12323399573677E-17));
#677=DIRECTION('',(0.757297930389403,-3.99889770525734E-17,0.653069555735013));
#678=FACE_BOUND('',#679,.T.);
#679=EDGE_LOOP('',(#1115,#1116,#1117,#1118));
#680=PLANE('',#681);
#681=AXIS2_PLACEMENT_3D('',#682,#683,#684);
#682=CARTESIAN_POINT('',(-48.6300466970923,28.5669872975923,2.50000000000264));
#683=DIRECTION('',(2.86937140803919E-13,0.70710678118655,0.707106781186545));
#684=DIRECTION('',(1.,-6.75192006777781E-16,-4.05115204066685E-13));
#685=FACE_BOUND('',#686,.T.);
#686=EDGE_LOOP('',(#1119,#1120,#1121,#1122));
#687=CONICAL_SURFACE('',#688,14.125,0.785398163397447);
#688=AXIS2_PLACEMENT_3D('',#689,#690,#691);
#689=CARTESIAN_POINT('',(-76.9207075272004,29.0669872975923,17.6892336110443));
#690=DIRECTION('',(6.16297582203915E-33,-1.,-6.12323399573677E-17));
#691=DIRECTION('',(-0.604376257037471,-4.87837456767515E-17,0.796699027192438));
#692=FACE_BOUND('',#693,.T.);
#693=EDGE_LOOP('',(#1123,#1124,#1125,#1126));
#694=PLANE('',#695);
#695=AXIS2_PLACEMENT_3D('',#696,#697,#698);
#696=CARTESIAN_POINT('',(-115.734933930174,-6.43301270240771,2.49999999999998));
#697=DIRECTION('',(5.96791058244833E-17,0.707106781186548,-0.707106781186547));
#698=DIRECTION('',(1.,0.,8.43990008472836E-17));
#699=FACE_BOUND('',#700,.T.);
#700=EDGE_LOOP('',(#1127,#1128,#1129,#1130));
#701=CONICAL_SURFACE('',#702,8.49999999999999,0.785398163397444);
#702=AXIS2_PLACEMENT_3D('',#703,#704,#705);
#703=CARTESIAN_POINT('',(-109.211368357316,-6.93301270240771,10.5));
#704=DIRECTION('',(6.16297582203915E-33,-1.,-6.12323399573677E-17));
#705=DIRECTION('',(-0.757297930389357,-3.99889770525766E-17,0.653069555735066));
#706=FACE_BOUND('',#707,.T.);
#707=EDGE_LOOP('',(#1131,#1132,#1133,#1134));
#708=CONICAL_SURFACE('',#709,40.5,0.78539816339745);
#709=AXIS2_PLACEMENT_3D('',#710,#711,#712);
#710=CARTESIAN_POINT('',(-128.243079798674,-6.93301270240771,36.2253563554111));
#711=DIRECTION('',(0.,-1.,-6.12323399573677E-17));
#712=DIRECTION('',(0.554833587401396,5.09429403028176E-17,-0.831961351440858));
#713=FACE_BOUND('',#714,.T.);
#714=EDGE_LOOP('',(#1135,#1136,#1137,#1138));
#715=CONICAL_SURFACE('',#716,14.125,0.785398163397439);
#716=AXIS2_PLACEMENT_3D('',#717,#718,#719);
#717=CARTESIAN_POINT('',(-76.9207075272004,-6.93301270240771,17.6892336110443));
#718=DIRECTION('',(1.54074395550979E-33,1.,6.12323399573677E-17));
#719=DIRECTION('',(-0.992364029867878,-7.55261440799493E-18,0.123343553639357));
#720=FACE_BOUND('',#721,.T.);
#721=EDGE_LOOP('',(#1139,#1140,#1141,#1142));
#722=CONICAL_SURFACE('',#723,40.5,0.785398163397447);
#723=AXIS2_PLACEMENT_3D('',#724,#725,#726);
#724=CARTESIAN_POINT('',(-25.5983352557293,-6.93301270240771,36.2253563554107));
#725=DIRECTION('',(0.,-1.,-6.12323399573677E-17));
#726=DIRECTION('',(-0.947450128955408,1.95884402321122E-17,-0.319903505986386));
#727=FACE_BOUND('',#728,.T.);
#728=EDGE_LOOP('',(#1143,#1144,#1145,#1146));
#729=CONICAL_SURFACE('',#730,8.5,0.785398163397446);
#730=AXIS2_PLACEMENT_3D('',#731,#732,#733);
#731=CARTESIAN_POINT('',(-44.630046697089,-6.93301270240771,10.500000000001));
#732=DIRECTION('',(0.,-1.,-6.12323399573677E-17));
#733=DIRECTION('',(-0.220397743455727,-5.97266419464171E-17,0.975410085389537));
#734=FACE_BOUND('',#735,.T.);
#735=EDGE_LOOP('',(#1147,#1148,#1149,#1150));
#736=PLANE('',#737);
#737=AXIS2_PLACEMENT_3D('',#738,#739,#740);
#738=CARTESIAN_POINT('',(-48.6300466970923,-6.43301270240771,2.50000000000264));
#739=DIRECTION('',(-2.86459707957324E-13,0.707106781186548,-0.707106781186548));
#740=DIRECTION('',(1.,2.71389152769382E-29,-4.05115204066684E-13));
#741=ORIENTED_EDGE('',*,*,#1151,.T.);
#742=ORIENTED_EDGE('',*,*,#1152,.T.);
#743=ORIENTED_EDGE('',*,*,#1153,.T.);
#744=ORIENTED_EDGE('',*,*,#1154,.T.);
#745=ORIENTED_EDGE('',*,*,#1155,.T.);
#746=ORIENTED_EDGE('',*,*,#1156,.T.);
#747=ORIENTED_EDGE('',*,*,#1157,.T.);
#748=ORIENTED_EDGE('',*,*,#1158,.T.);
#749=ORIENTED_EDGE('',*,*,#1159,.T.);
#750=ORIENTED_EDGE('',*,*,#1160,.F.);
#751=ORIENTED_EDGE('',*,*,#1161,.T.);
#752=ORIENTED_EDGE('',*,*,#1162,.F.);
#753=ORIENTED_EDGE('',*,*,#1163,.T.);
#754=ORIENTED_EDGE('',*,*,#1164,.T.);
#755=ORIENTED_EDGE('',*,*,#1165,.T.);
#756=ORIENTED_EDGE('',*,*,#1166,.T.);
#757=ORIENTED_EDGE('',*,*,#1167,.T.);
#758=ORIENTED_EDGE('',*,*,#1168,.T.);
#759=ORIENTED_EDGE('',*,*,#1169,.F.);
#760=ORIENTED_EDGE('',*,*,#1170,.F.);
#761=ORIENTED_EDGE('',*,*,#1171,.F.);
#762=ORIENTED_EDGE('',*,*,#1172,.F.);
#763=ORIENTED_EDGE('',*,*,#1173,.T.);
#764=ORIENTED_EDGE('',*,*,#1174,.T.);
#765=ORIENTED_EDGE('',*,*,#1175,.F.);
#766=ORIENTED_EDGE('',*,*,#1176,.F.);
#767=ORIENTED_EDGE('',*,*,#1177,.T.);
#768=ORIENTED_EDGE('',*,*,#1178,.T.);
#769=ORIENTED_EDGE('',*,*,#1179,.T.);
#770=ORIENTED_EDGE('',*,*,#1180,.T.);
#771=ORIENTED_EDGE('',*,*,#1181,.T.);
#772=ORIENTED_EDGE('',*,*,#1182,.T.);
#773=ORIENTED_EDGE('',*,*,#1183,.F.);
#774=ORIENTED_EDGE('',*,*,#1184,.T.);
#775=ORIENTED_EDGE('',*,*,#1185,.T.);
#776=ORIENTED_EDGE('',*,*,#1186,.T.);
#777=ORIENTED_EDGE('',*,*,#1187,.T.);
#778=ORIENTED_EDGE('',*,*,#1188,.T.);
#779=ORIENTED_EDGE('',*,*,#1189,.T.);
#780=ORIENTED_EDGE('',*,*,#1190,.F.);
#781=ORIENTED_EDGE('',*,*,#1191,.F.);
#782=ORIENTED_EDGE('',*,*,#1192,.F.);
#783=ORIENTED_EDGE('',*,*,#1193,.T.);
#784=ORIENTED_EDGE('',*,*,#1194,.T.);
#785=ORIENTED_EDGE('',*,*,#1195,.T.);
#786=ORIENTED_EDGE('',*,*,#1196,.T.);
#787=ORIENTED_EDGE('',*,*,#1197,.T.);
#788=ORIENTED_EDGE('',*,*,#1198,.T.);
#789=ORIENTED_EDGE('',*,*,#1199,.T.);
#790=ORIENTED_EDGE('',*,*,#1200,.T.);
#791=ORIENTED_EDGE('',*,*,#1201,.F.);
#792=ORIENTED_EDGE('',*,*,#1202,.T.);
#793=ORIENTED_EDGE('',*,*,#1203,.T.);
#794=ORIENTED_EDGE('',*,*,#1190,.T.);
#795=ORIENTED_EDGE('',*,*,#1204,.T.);
#796=ORIENTED_EDGE('',*,*,#1205,.T.);
#797=ORIENTED_EDGE('',*,*,#1206,.T.);
#798=ORIENTED_EDGE('',*,*,#1194,.F.);
#799=ORIENTED_EDGE('',*,*,#1207,.T.);
#800=ORIENTED_EDGE('',*,*,#1183,.T.);
#801=ORIENTED_EDGE('',*,*,#1208,.T.);
#802=ORIENTED_EDGE('',*,*,#1209,.T.);
#803=ORIENTED_EDGE('',*,*,#1210,.T.);
#804=ORIENTED_EDGE('',*,*,#1197,.F.);
#805=ORIENTED_EDGE('',*,*,#1211,.T.);
#806=ORIENTED_EDGE('',*,*,#1212,.T.);
#807=ORIENTED_EDGE('',*,*,#1213,.T.);
#808=ORIENTED_EDGE('',*,*,#1200,.F.);
#809=ORIENTED_EDGE('',*,*,#1214,.T.);
#810=ORIENTED_EDGE('',*,*,#1215,.T.);
#811=ORIENTED_EDGE('',*,*,#1216,.T.);
#812=ORIENTED_EDGE('',*,*,#1176,.T.);
#813=ORIENTED_EDGE('',*,*,#1217,.T.);
#814=ORIENTED_EDGE('',*,*,#1218,.T.);
#815=ORIENTED_EDGE('',*,*,#1219,.T.);
#816=ORIENTED_EDGE('',*,*,#1220,.T.);
#817=ORIENTED_EDGE('',*,*,#1221,.T.);
#818=ORIENTED_EDGE('',*,*,#1222,.T.);
#819=ORIENTED_EDGE('',*,*,#1159,.F.);
#820=ORIENTED_EDGE('',*,*,#1223,.T.);
#821=ORIENTED_EDGE('',*,*,#1224,.T.);
#822=ORIENTED_EDGE('',*,*,#1225,.T.);
#823=ORIENTED_EDGE('',*,*,#1226,.T.);
#824=ORIENTED_EDGE('',*,*,#1227,.T.);
#825=ORIENTED_EDGE('',*,*,#1152,.F.);
#826=ORIENTED_EDGE('',*,*,#1228,.T.);
#827=ORIENTED_EDGE('',*,*,#1229,.T.);
#828=ORIENTED_EDGE('',*,*,#1230,.F.);
#829=ORIENTED_EDGE('',*,*,#1231,.T.);
#830=ORIENTED_EDGE('',*,*,#1232,.F.);
#831=ORIENTED_EDGE('',*,*,#1233,.T.);
#832=ORIENTED_EDGE('',*,*,#1234,.T.);
#833=ORIENTED_EDGE('',*,*,#1235,.T.);
#834=ORIENTED_EDGE('',*,*,#1220,.F.);
#835=ORIENTED_EDGE('',*,*,#1236,.T.);
#836=ORIENTED_EDGE('',*,*,#1237,.T.);
#837=ORIENTED_EDGE('',*,*,#1224,.F.);
#838=ORIENTED_EDGE('',*,*,#1171,.T.);
#839=ORIENTED_EDGE('',*,*,#1238,.F.);
#840=ORIENTED_EDGE('',*,*,#1191,.T.);
#841=ORIENTED_EDGE('',*,*,#1239,.F.);
#842=ORIENTED_EDGE('',*,*,#1172,.T.);
#843=ORIENTED_EDGE('',*,*,#1240,.F.);
#844=ORIENTED_EDGE('',*,*,#1192,.T.);
#845=ORIENTED_EDGE('',*,*,#1241,.F.);
#846=ORIENTED_EDGE('',*,*,#1242,.T.);
#847=ORIENTED_EDGE('',*,*,#1163,.F.);
#848=ORIENTED_EDGE('',*,*,#1243,.T.);
#849=ORIENTED_EDGE('',*,*,#1244,.T.);
#850=ORIENTED_EDGE('',*,*,#1232,.T.);
#851=ORIENTED_EDGE('',*,*,#1245,.T.);
#852=ORIENTED_EDGE('',*,*,#1246,.T.);
#853=ORIENTED_EDGE('',*,*,#1168,.F.);
#854=ORIENTED_EDGE('',*,*,#1247,.T.);
#855=ORIENTED_EDGE('',*,*,#1248,.T.);
#856=ORIENTED_EDGE('',*,*,#1249,.T.);
#857=ORIENTED_EDGE('',*,*,#1247,.F.);
#858=ORIENTED_EDGE('',*,*,#1167,.F.);
#859=ORIENTED_EDGE('',*,*,#1250,.T.);
#860=ORIENTED_EDGE('',*,*,#1248,.F.);
#861=ORIENTED_EDGE('',*,*,#1250,.F.);
#862=ORIENTED_EDGE('',*,*,#1166,.F.);
#863=ORIENTED_EDGE('',*,*,#1251,.T.);
#864=ORIENTED_EDGE('',*,*,#1249,.F.);
#865=ORIENTED_EDGE('',*,*,#1251,.F.);
#866=ORIENTED_EDGE('',*,*,#1165,.F.);
#867=ORIENTED_EDGE('',*,*,#1252,.T.);
#868=ORIENTED_EDGE('',*,*,#1242,.F.);
#869=ORIENTED_EDGE('',*,*,#1252,.F.);
#870=ORIENTED_EDGE('',*,*,#1164,.F.);
#871=ORIENTED_EDGE('',*,*,#1218,.F.);
#872=ORIENTED_EDGE('',*,*,#1253,.F.);
#873=ORIENTED_EDGE('',*,*,#1157,.F.);
#874=ORIENTED_EDGE('',*,*,#1254,.T.);
#875=ORIENTED_EDGE('',*,*,#1236,.F.);
#876=ORIENTED_EDGE('',*,*,#1219,.F.);
#877=ORIENTED_EDGE('',*,*,#1254,.F.);
#878=ORIENTED_EDGE('',*,*,#1156,.F.);
#879=ORIENTED_EDGE('',*,*,#1255,.T.);
#880=ORIENTED_EDGE('',*,*,#1237,.F.);
#881=ORIENTED_EDGE('',*,*,#1255,.F.);
#882=ORIENTED_EDGE('',*,*,#1155,.F.);
#883=ORIENTED_EDGE('',*,*,#1256,.T.);
#884=ORIENTED_EDGE('',*,*,#1225,.F.);
#885=ORIENTED_EDGE('',*,*,#1226,.F.);
#886=ORIENTED_EDGE('',*,*,#1256,.F.);
#887=ORIENTED_EDGE('',*,*,#1154,.F.);
#888=ORIENTED_EDGE('',*,*,#1257,.T.);
#889=ORIENTED_EDGE('',*,*,#1227,.F.);
#890=ORIENTED_EDGE('',*,*,#1257,.F.);
#891=ORIENTED_EDGE('',*,*,#1153,.F.);
#892=ORIENTED_EDGE('',*,*,#1217,.F.);
#893=ORIENTED_EDGE('',*,*,#1158,.F.);
#894=ORIENTED_EDGE('',*,*,#1253,.T.);
#895=ORIENTED_EDGE('',*,*,#1215,.F.);
#896=ORIENTED_EDGE('',*,*,#1258,.F.);
#897=ORIENTED_EDGE('',*,*,#1178,.F.);
#898=ORIENTED_EDGE('',*,*,#1259,.T.);
#899=ORIENTED_EDGE('',*,*,#1216,.F.);
#900=ORIENTED_EDGE('',*,*,#1259,.F.);
#901=ORIENTED_EDGE('',*,*,#1177,.F.);
#902=ORIENTED_EDGE('',*,*,#1208,.F.);
#903=ORIENTED_EDGE('',*,*,#1182,.F.);
#904=ORIENTED_EDGE('',*,*,#1260,.T.);
#905=ORIENTED_EDGE('',*,*,#1209,.F.);
#906=ORIENTED_EDGE('',*,*,#1260,.F.);
#907=ORIENTED_EDGE('',*,*,#1181,.F.);
#908=ORIENTED_EDGE('',*,*,#1261,.T.);
#909=ORIENTED_EDGE('',*,*,#1210,.F.);
#910=ORIENTED_EDGE('',*,*,#1261,.F.);
#911=ORIENTED_EDGE('',*,*,#1180,.F.);
#912=ORIENTED_EDGE('',*,*,#1262,.T.);
#913=ORIENTED_EDGE('',*,*,#1198,.F.);
#914=ORIENTED_EDGE('',*,*,#1214,.F.);
#915=ORIENTED_EDGE('',*,*,#1199,.F.);
#916=ORIENTED_EDGE('',*,*,#1262,.F.);
#917=ORIENTED_EDGE('',*,*,#1179,.F.);
#918=ORIENTED_EDGE('',*,*,#1258,.T.);
#919=ORIENTED_EDGE('',*,*,#1205,.F.);
#920=ORIENTED_EDGE('',*,*,#1263,.F.);
#921=ORIENTED_EDGE('',*,*,#1188,.F.);
#922=ORIENTED_EDGE('',*,*,#1264,.T.);
#923=ORIENTED_EDGE('',*,*,#1206,.F.);
#924=ORIENTED_EDGE('',*,*,#1264,.F.);
#925=ORIENTED_EDGE('',*,*,#1187,.F.);
#926=ORIENTED_EDGE('',*,*,#1265,.T.);
#927=ORIENTED_EDGE('',*,*,#1195,.F.);
#928=ORIENTED_EDGE('',*,*,#1211,.F.);
#929=ORIENTED_EDGE('',*,*,#1196,.F.);
#930=ORIENTED_EDGE('',*,*,#1265,.F.);
#931=ORIENTED_EDGE('',*,*,#1186,.F.);
#932=ORIENTED_EDGE('',*,*,#1266,.T.);
#933=ORIENTED_EDGE('',*,*,#1212,.F.);
#934=ORIENTED_EDGE('',*,*,#1266,.F.);
#935=ORIENTED_EDGE('',*,*,#1185,.F.);
#936=ORIENTED_EDGE('',*,*,#1267,.T.);
#937=ORIENTED_EDGE('',*,*,#1207,.F.);
#938=ORIENTED_EDGE('',*,*,#1267,.F.);
#939=ORIENTED_EDGE('',*,*,#1184,.F.);
#940=ORIENTED_EDGE('',*,*,#1204,.F.);
#941=ORIENTED_EDGE('',*,*,#1189,.F.);
#942=ORIENTED_EDGE('',*,*,#1263,.T.);
#943=ORIENTED_EDGE('',*,*,#1246,.F.);
#944=ORIENTED_EDGE('',*,*,#1268,.T.);
#945=ORIENTED_EDGE('',*,*,#1269,.T.);
#946=ORIENTED_EDGE('',*,*,#1270,.T.);
#947=ORIENTED_EDGE('',*,*,#1169,.T.);
#948=ORIENTED_EDGE('',*,*,#1271,.F.);
#949=ORIENTED_EDGE('',*,*,#1170,.T.);
#950=ORIENTED_EDGE('',*,*,#1270,.F.);
#951=ORIENTED_EDGE('',*,*,#1272,.F.);
#952=ORIENTED_EDGE('',*,*,#1273,.T.);
#953=ORIENTED_EDGE('',*,*,#1274,.F.);
#954=ORIENTED_EDGE('',*,*,#1273,.F.);
#955=ORIENTED_EDGE('',*,*,#1275,.F.);
#956=ORIENTED_EDGE('',*,*,#1276,.F.);
#957=ORIENTED_EDGE('',*,*,#1277,.F.);
#958=ORIENTED_EDGE('',*,*,#1278,.F.);
#959=ORIENTED_EDGE('',*,*,#1279,.F.);
#960=ORIENTED_EDGE('',*,*,#1280,.F.);
#961=ORIENTED_EDGE('',*,*,#1281,.F.);
#962=ORIENTED_EDGE('',*,*,#1282,.F.);
#963=ORIENTED_EDGE('',*,*,#1283,.T.);
#964=ORIENTED_EDGE('',*,*,#1222,.F.);
#965=ORIENTED_EDGE('',*,*,#1284,.F.);
#966=ORIENTED_EDGE('',*,*,#1285,.T.);
#967=ORIENTED_EDGE('',*,*,#1286,.T.);
#968=ORIENTED_EDGE('',*,*,#1160,.T.);
#969=ORIENTED_EDGE('',*,*,#1287,.F.);
#970=ORIENTED_EDGE('',*,*,#1161,.F.);
#971=ORIENTED_EDGE('',*,*,#1286,.F.);
#972=ORIENTED_EDGE('',*,*,#1288,.F.);
#973=ORIENTED_EDGE('',*,*,#1243,.F.);
#974=ORIENTED_EDGE('',*,*,#1162,.T.);
#975=ORIENTED_EDGE('',*,*,#1287,.T.);
#976=ORIENTED_EDGE('',*,*,#1289,.T.);
#977=ORIENTED_EDGE('',*,*,#1290,.F.);
#978=ORIENTED_EDGE('',*,*,#1291,.F.);
#979=ORIENTED_EDGE('',*,*,#1276,.T.);
#980=ORIENTED_EDGE('',*,*,#1292,.T.);
#981=ORIENTED_EDGE('',*,*,#1293,.F.);
#982=ORIENTED_EDGE('',*,*,#1294,.F.);
#983=ORIENTED_EDGE('',*,*,#1174,.F.);
#984=ORIENTED_EDGE('',*,*,#1295,.T.);
#985=ORIENTED_EDGE('',*,*,#1296,.T.);
#986=ORIENTED_EDGE('',*,*,#1297,.T.);
#987=ORIENTED_EDGE('',*,*,#1298,.T.);
#988=ORIENTED_EDGE('',*,*,#1299,.T.);
#989=ORIENTED_EDGE('',*,*,#1300,.F.);
#990=ORIENTED_EDGE('',*,*,#1301,.T.);
#991=ORIENTED_EDGE('',*,*,#1293,.T.);
#992=ORIENTED_EDGE('',*,*,#1302,.T.);
#993=ORIENTED_EDGE('',*,*,#1303,.T.);
#994=ORIENTED_EDGE('',*,*,#1304,.T.);
#995=ORIENTED_EDGE('',*,*,#1305,.T.);
#996=ORIENTED_EDGE('',*,*,#1306,.T.);
#997=ORIENTED_EDGE('',*,*,#1307,.T.);
#998=ORIENTED_EDGE('',*,*,#1202,.F.);
#999=ORIENTED_EDGE('',*,*,#1308,.F.);
#1000=ORIENTED_EDGE('',*,*,#1229,.F.);
#1001=ORIENTED_EDGE('',*,*,#1221,.F.);
#1002=ORIENTED_EDGE('',*,*,#1235,.F.);
#1003=ORIENTED_EDGE('',*,*,#1309,.F.);
#1004=ORIENTED_EDGE('',*,*,#1310,.F.);
#1005=ORIENTED_EDGE('',*,*,#1311,.F.);
#1006=ORIENTED_EDGE('',*,*,#1312,.F.);
#1007=ORIENTED_EDGE('',*,*,#1284,.T.);
#1008=ORIENTED_EDGE('',*,*,#1313,.F.);
#1009=ORIENTED_EDGE('',*,*,#1314,.T.);
#1010=ORIENTED_EDGE('',*,*,#1315,.F.);
#1011=ORIENTED_EDGE('',*,*,#1268,.F.);
#1012=ORIENTED_EDGE('',*,*,#1245,.F.);
#1013=ORIENTED_EDGE('',*,*,#1231,.F.);
#1014=ORIENTED_EDGE('',*,*,#1244,.F.);
#1015=ORIENTED_EDGE('',*,*,#1290,.T.);
#1016=ORIENTED_EDGE('',*,*,#1316,.F.);
#1017=ORIENTED_EDGE('',*,*,#1317,.F.);
#1018=ORIENTED_EDGE('',*,*,#1318,.T.);
#1019=ORIENTED_EDGE('',*,*,#1319,.F.);
#1020=ORIENTED_EDGE('',*,*,#1233,.F.);
#1021=ORIENTED_EDGE('',*,*,#1234,.F.);
#1022=ORIENTED_EDGE('',*,*,#1319,.T.);
#1023=ORIENTED_EDGE('',*,*,#1320,.T.);
#1024=ORIENTED_EDGE('',*,*,#1309,.T.);
#1025=ORIENTED_EDGE('',*,*,#1321,.T.);
#1026=ORIENTED_EDGE('',*,*,#1302,.F.);
#1027=ORIENTED_EDGE('',*,*,#1292,.F.);
#1028=ORIENTED_EDGE('',*,*,#1275,.T.);
#1029=ORIENTED_EDGE('',*,*,#1272,.T.);
#1030=ORIENTED_EDGE('',*,*,#1269,.F.);
#1031=ORIENTED_EDGE('',*,*,#1315,.T.);
#1032=ORIENTED_EDGE('',*,*,#1322,.T.);
#1033=ORIENTED_EDGE('',*,*,#1238,.T.);
#1034=ORIENTED_EDGE('',*,*,#1239,.T.);
#1035=ORIENTED_EDGE('',*,*,#1240,.T.);
#1036=ORIENTED_EDGE('',*,*,#1241,.T.);
#1037=ORIENTED_EDGE('',*,*,#1289,.F.);
#1038=ORIENTED_EDGE('',*,*,#1288,.T.);
#1039=ORIENTED_EDGE('',*,*,#1285,.F.);
#1040=ORIENTED_EDGE('',*,*,#1312,.T.);
#1041=ORIENTED_EDGE('',*,*,#1323,.F.);
#1042=ORIENTED_EDGE('',*,*,#1324,.T.);
#1043=ORIENTED_EDGE('',*,*,#1325,.F.);
#1044=ORIENTED_EDGE('',*,*,#1316,.T.);
#1045=ORIENTED_EDGE('',*,*,#1326,.T.);
#1046=ORIENTED_EDGE('',*,*,#1327,.T.);
#1047=ORIENTED_EDGE('',*,*,#1328,.F.);
#1048=ORIENTED_EDGE('',*,*,#1283,.F.);
#1049=ORIENTED_EDGE('',*,*,#1329,.F.);
#1050=ORIENTED_EDGE('',*,*,#1303,.F.);
#1051=ORIENTED_EDGE('',*,*,#1321,.F.);
#1052=ORIENTED_EDGE('',*,*,#1330,.F.);
#1053=ORIENTED_EDGE('',*,*,#1331,.T.);
#1054=ORIENTED_EDGE('',*,*,#1332,.F.);
#1055=ORIENTED_EDGE('',*,*,#1331,.F.);
#1056=ORIENTED_EDGE('',*,*,#1333,.F.);
#1057=ORIENTED_EDGE('',*,*,#1334,.F.);
#1058=ORIENTED_EDGE('',*,*,#1333,.T.);
#1059=ORIENTED_EDGE('',*,*,#1330,.T.);
#1060=ORIENTED_EDGE('',*,*,#1322,.F.);
#1061=ORIENTED_EDGE('',*,*,#1314,.F.);
#1062=ORIENTED_EDGE('',*,*,#1335,.F.);
#1063=ORIENTED_EDGE('',*,*,#1296,.F.);
#1064=ORIENTED_EDGE('',*,*,#1304,.F.);
#1065=ORIENTED_EDGE('',*,*,#1336,.F.);
#1066=ORIENTED_EDGE('',*,*,#1305,.F.);
#1067=ORIENTED_EDGE('',*,*,#1337,.F.);
#1068=ORIENTED_EDGE('',*,*,#1306,.F.);
#1069=ORIENTED_EDGE('',*,*,#1338,.F.);
#1070=ORIENTED_EDGE('',*,*,#1320,.F.);
#1071=ORIENTED_EDGE('',*,*,#1318,.F.);
#1072=ORIENTED_EDGE('',*,*,#1339,.F.);
#1073=ORIENTED_EDGE('',*,*,#1340,.F.);
#1074=ORIENTED_EDGE('',*,*,#1341,.F.);
#1075=ORIENTED_EDGE('',*,*,#1310,.T.);
#1076=ORIENTED_EDGE('',*,*,#1311,.T.);
#1077=ORIENTED_EDGE('',*,*,#1341,.T.);
#1078=ORIENTED_EDGE('',*,*,#1342,.F.);
#1079=ORIENTED_EDGE('',*,*,#1323,.T.);
#1080=ORIENTED_EDGE('',*,*,#1317,.T.);
#1081=ORIENTED_EDGE('',*,*,#1325,.T.);
#1082=ORIENTED_EDGE('',*,*,#1343,.F.);
#1083=ORIENTED_EDGE('',*,*,#1339,.T.);
#1084=ORIENTED_EDGE('',*,*,#1343,.T.);
#1085=ORIENTED_EDGE('',*,*,#1324,.F.);
#1086=ORIENTED_EDGE('',*,*,#1342,.T.);
#1087=ORIENTED_EDGE('',*,*,#1340,.T.);
#1088=ORIENTED_EDGE('',*,*,#1344,.F.);
#1089=ORIENTED_EDGE('',*,*,#1326,.F.);
#1090=ORIENTED_EDGE('',*,*,#1345,.F.);
#1091=ORIENTED_EDGE('',*,*,#1327,.F.);
#1092=ORIENTED_EDGE('',*,*,#1328,.T.);
#1093=ORIENTED_EDGE('',*,*,#1336,.T.);
#1094=ORIENTED_EDGE('',*,*,#1337,.T.);
#1095=ORIENTED_EDGE('',*,*,#1338,.T.);
#1096=ORIENTED_EDGE('',*,*,#1344,.T.);
#1097=ORIENTED_EDGE('',*,*,#1345,.T.);
#1098=ORIENTED_EDGE('',*,*,#1230,.T.);
#1099=ORIENTED_EDGE('',*,*,#1346,.T.);
#1100=ORIENTED_EDGE('',*,*,#1297,.F.);
#1101=ORIENTED_EDGE('',*,*,#1335,.T.);
#1102=ORIENTED_EDGE('',*,*,#1313,.T.);
#1103=ORIENTED_EDGE('',*,*,#1308,.T.);
#1104=ORIENTED_EDGE('',*,*,#1347,.T.);
#1105=ORIENTED_EDGE('',*,*,#1298,.F.);
#1106=ORIENTED_EDGE('',*,*,#1346,.F.);
#1107=ORIENTED_EDGE('',*,*,#1201,.T.);
#1108=ORIENTED_EDGE('',*,*,#1348,.T.);
#1109=ORIENTED_EDGE('',*,*,#1299,.F.);
#1110=ORIENTED_EDGE('',*,*,#1347,.F.);
#1111=ORIENTED_EDGE('',*,*,#1300,.T.);
#1112=ORIENTED_EDGE('',*,*,#1348,.F.);
#1113=ORIENTED_EDGE('',*,*,#1213,.F.);
#1114=ORIENTED_EDGE('',*,*,#1349,.T.);
#1115=ORIENTED_EDGE('',*,*,#1175,.T.);
#1116=ORIENTED_EDGE('',*,*,#1294,.T.);
#1117=ORIENTED_EDGE('',*,*,#1301,.F.);
#1118=ORIENTED_EDGE('',*,*,#1349,.F.);
#1119=ORIENTED_EDGE('',*,*,#1332,.T.);
#1120=ORIENTED_EDGE('',*,*,#1334,.T.);
#1121=ORIENTED_EDGE('',*,*,#1295,.F.);
#1122=ORIENTED_EDGE('',*,*,#1329,.T.);
#1123=ORIENTED_EDGE('',*,*,#1151,.F.);
#1124=ORIENTED_EDGE('',*,*,#1271,.T.);
#1125=ORIENTED_EDGE('',*,*,#1274,.T.);
#1126=ORIENTED_EDGE('',*,*,#1350,.T.);
#1127=ORIENTED_EDGE('',*,*,#1282,.T.);
#1128=ORIENTED_EDGE('',*,*,#1351,.T.);
#1129=ORIENTED_EDGE('',*,*,#1223,.F.);
#1130=ORIENTED_EDGE('',*,*,#1350,.F.);
#1131=ORIENTED_EDGE('',*,*,#1228,.F.);
#1132=ORIENTED_EDGE('',*,*,#1351,.F.);
#1133=ORIENTED_EDGE('',*,*,#1281,.T.);
#1134=ORIENTED_EDGE('',*,*,#1352,.T.);
#1135=ORIENTED_EDGE('',*,*,#1307,.F.);
#1136=ORIENTED_EDGE('',*,*,#1352,.F.);
#1137=ORIENTED_EDGE('',*,*,#1280,.T.);
#1138=ORIENTED_EDGE('',*,*,#1353,.T.);
#1139=ORIENTED_EDGE('',*,*,#1193,.F.);
#1140=ORIENTED_EDGE('',*,*,#1353,.F.);
#1141=ORIENTED_EDGE('',*,*,#1279,.T.);
#1142=ORIENTED_EDGE('',*,*,#1354,.T.);
#1143=ORIENTED_EDGE('',*,*,#1278,.T.);
#1144=ORIENTED_EDGE('',*,*,#1355,.T.);
#1145=ORIENTED_EDGE('',*,*,#1203,.F.);
#1146=ORIENTED_EDGE('',*,*,#1354,.F.);
#1147=ORIENTED_EDGE('',*,*,#1173,.F.);
#1148=ORIENTED_EDGE('',*,*,#1355,.F.);
#1149=ORIENTED_EDGE('',*,*,#1277,.T.);
#1150=ORIENTED_EDGE('',*,*,#1291,.T.);
#1151=EDGE_CURVE('',#1356,#1357,#1358,.T.);
#1152=EDGE_CURVE('',#1357,#1359,#1360,.T.);
#1153=EDGE_CURVE('',#1359,#1361,#1362,.T.);
#1154=EDGE_CURVE('',#1361,#1363,#1364,.T.);
#1155=EDGE_CURVE('',#1363,#1365,#1366,.T.);
#1156=EDGE_CURVE('',#1365,#1367,#1368,.T.);
#1157=EDGE_CURVE('',#1367,#1369,#1370,.T.);
#1158=EDGE_CURVE('',#1369,#1371,#1372,.T.);
#1159=EDGE_CURVE('',#1371,#1373,#1374,.T.);
#1160=EDGE_CURVE('',#1375,#1373,#1376,.F.);
#1161=EDGE_CURVE('',#1375,#1377,#1378,.F.);
#1162=EDGE_CURVE('',#1379,#1377,#1380,.F.);
#1163=EDGE_CURVE('',#1379,#1381,#1382,.T.);
#1164=EDGE_CURVE('',#1381,#1383,#1384,.T.);
#1165=EDGE_CURVE('',#1383,#1385,#1386,.T.);
#1166=EDGE_CURVE('',#1385,#1387,#1388,.T.);
#1167=EDGE_CURVE('',#1387,#1389,#1390,.T.);
#1168=EDGE_CURVE('',#1389,#1391,#1392,.T.);
#1169=EDGE_CURVE('',#1393,#1391,#1394,.T.);
#1170=EDGE_CURVE('',#1356,#1393,#1395,.T.);
#1171=EDGE_CURVE('',#1396,#1396,#1397,.T.);
#1172=EDGE_CURVE('',#1398,#1398,#1399,.T.);
#1173=EDGE_CURVE('',#1400,#1401,#1402,.T.);
#1174=EDGE_CURVE('',#1401,#1403,#1404,.T.);
#1175=EDGE_CURVE('',#1405,#1403,#1406,.T.);
#1176=EDGE_CURVE('',#1407,#1405,#1408,.T.);
#1177=EDGE_CURVE('',#1407,#1409,#1410,.T.);
#1178=EDGE_CURVE('',#1409,#1411,#1412,.T.);
#1179=EDGE_CURVE('',#1411,#1413,#1414,.T.);
#1180=EDGE_CURVE('',#1413,#1415,#1416,.T.);
#1181=EDGE_CURVE('',#1415,#1417,#1418,.T.);
#1182=EDGE_CURVE('',#1417,#1419,#1420,.T.);
#1183=EDGE_CURVE('',#1421,#1419,#1422,.T.);
#1184=EDGE_CURVE('',#1421,#1423,#1424,.T.);
#1185=EDGE_CURVE('',#1423,#1425,#1426,.T.);
#1186=EDGE_CURVE('',#1425,#1427,#1428,.T.);
#1187=EDGE_CURVE('',#1427,#1429,#1430,.T.);
#1188=EDGE_CURVE('',#1429,#1431,#1432,.T.);
#1189=EDGE_CURVE('',#1431,#1433,#1434,.T.);
#1190=EDGE_CURVE('',#1400,#1433,#1435,.T.);
#1191=EDGE_CURVE('',#1436,#1436,#1437,.T.);
#1192=EDGE_CURVE('',#1438,#1438,#1439,.T.);
#1193=EDGE_CURVE('',#1440,#1441,#1442,.T.);
#1194=EDGE_CURVE('',#1441,#1443,#1444,.T.);
#1195=EDGE_CURVE('',#1443,#1445,#1446,.F.);
#1196=EDGE_CURVE('',#1445,#1447,#1448,.T.);
#1197=EDGE_CURVE('',#1447,#1449,#1450,.T.);
#1198=EDGE_CURVE('',#1449,#1451,#1452,.F.);
#1199=EDGE_CURVE('',#1451,#1453,#1454,.T.);
#1200=EDGE_CURVE('',#1453,#1455,#1456,.T.);
#1201=EDGE_CURVE('',#1457,#1455,#1458,.T.);
#1202=EDGE_CURVE('',#1457,#1440,#1459,.F.);
#1203=EDGE_CURVE('',#1441,#1400,#1460,.F.);
#1204=EDGE_CURVE('',#1433,#1461,#1462,.T.);
#1205=EDGE_CURVE('',#1461,#1463,#1464,.T.);
#1206=EDGE_CURVE('',#1463,#1443,#1465,.T.);
#1207=EDGE_CURVE('',#1466,#1421,#1467,.F.);
#1208=EDGE_CURVE('',#1419,#1468,#1469,.T.);
#1209=EDGE_CURVE('',#1468,#1470,#1471,.T.);
#1210=EDGE_CURVE('',#1470,#1449,#1472,.T.);
#1211=EDGE_CURVE('',#1447,#1473,#1474,.F.);
#1212=EDGE_CURVE('',#1473,#1466,#1475,.F.);
#1213=EDGE_CURVE('',#1405,#1455,#1476,.F.);
#1214=EDGE_CURVE('',#1453,#1477,#1478,.F.);
#1215=EDGE_CURVE('',#1477,#1479,#1480,.F.);
#1216=EDGE_CURVE('',#1479,#1407,#1481,.F.);
#1217=EDGE_CURVE('',#1371,#1482,#1483,.F.);
#1218=EDGE_CURVE('',#1482,#1484,#1485,.F.);
#1219=EDGE_CURVE('',#1484,#1486,#1487,.F.);
#1220=EDGE_CURVE('',#1486,#1488,#1489,.T.);
#1221=EDGE_CURVE('',#1488,#1490,#1491,.F.);
#1222=EDGE_CURVE('',#1490,#1373,#1492,.F.);
#1223=EDGE_CURVE('',#1357,#1493,#1494,.F.);
#1224=EDGE_CURVE('',#1493,#1495,#1496,.T.);
#1225=EDGE_CURVE('',#1495,#1497,#1498,.T.);
#1226=EDGE_CURVE('',#1497,#1499,#1500,.T.);
#1227=EDGE_CURVE('',#1499,#1359,#1501,.T.);
#1228=EDGE_CURVE('',#1493,#1502,#1503,.T.);
#1229=EDGE_CURVE('',#1502,#1504,#1505,.T.);
#1230=EDGE_CURVE('',#1506,#1504,#1507,.T.);
#1231=EDGE_CURVE('',#1506,#1508,#1509,.F.);
#1232=EDGE_CURVE('',#1510,#1508,#1511,.T.);
#1233=EDGE_CURVE('',#1510,#1512,#1513,.T.);
#1234=EDGE_CURVE('',#1512,#1514,#1515,.F.);
#1235=EDGE_CURVE('',#1514,#1488,#1516,.F.);
#1236=EDGE_CURVE('',#1486,#1517,#1518,.T.);
#1237=EDGE_CURVE('',#1517,#1495,#1519,.F.);
#1238=EDGE_CURVE('',#1520,#1520,#1521,.T.);
#1239=EDGE_CURVE('',#1522,#1522,#1523,.T.);
#1240=EDGE_CURVE('',#1524,#1524,#1525,.T.);
#1241=EDGE_CURVE('',#1526,#1526,#1527,.T.);
#1242=EDGE_CURVE('',#1528,#1381,#1529,.T.);
#1243=EDGE_CURVE('',#1379,#1530,#1531,.T.);
#1244=EDGE_CURVE('',#1530,#1510,#1532,.F.);
#1245=EDGE_CURVE('',#1508,#1533,#1534,.F.);
#1246=EDGE_CURVE('',#1533,#1391,#1535,.F.);
#1247=EDGE_CURVE('',#1389,#1536,#1537,.F.);
#1248=EDGE_CURVE('',#1536,#1538,#1539,.F.);
#1249=EDGE_CURVE('',#1538,#1528,#1540,.T.);
#1250=EDGE_CURVE('',#1387,#1536,#1541,.T.);
#1251=EDGE_CURVE('',#1385,#1538,#1542,.T.);
#1252=EDGE_CURVE('',#1383,#1528,#1543,.T.);
#1253=EDGE_CURVE('',#1369,#1482,#1544,.T.);
#1254=EDGE_CURVE('',#1367,#1484,#1545,.T.);
#1255=EDGE_CURVE('',#1365,#1517,#1546,.T.);
#1256=EDGE_CURVE('',#1363,#1497,#1547,.T.);
#1257=EDGE_CURVE('',#1361,#1499,#1548,.T.);
#1258=EDGE_CURVE('',#1411,#1477,#1549,.T.);
#1259=EDGE_CURVE('',#1409,#1479,#1550,.T.);
#1260=EDGE_CURVE('',#1417,#1468,#1551,.T.);
#1261=EDGE_CURVE('',#1415,#1470,#1552,.T.);
#1262=EDGE_CURVE('',#1413,#1451,#1553,.T.);
#1263=EDGE_CURVE('',#1431,#1461,#1554,.T.);
#1264=EDGE_CURVE('',#1429,#1463,#1555,.T.);
#1265=EDGE_CURVE('',#1427,#1445,#1556,.T.);
#1266=EDGE_CURVE('',#1425,#1473,#1557,.T.);
#1267=EDGE_CURVE('',#1423,#1466,#1558,.T.);
#1268=EDGE_CURVE('',#1533,#1559,#1560,.F.);
#1269=EDGE_CURVE('',#1559,#1561,#1562,.T.);
#1270=EDGE_CURVE('',#1561,#1393,#1563,.T.);
#1271=EDGE_CURVE('',#1356,#1564,#1565,.F.);
#1272=EDGE_CURVE('',#1566,#1561,#1567,.T.);
#1273=EDGE_CURVE('',#1566,#1564,#1568,.T.);
#1274=EDGE_CURVE('',#1564,#1569,#1570,.T.);
#1275=EDGE_CURVE('',#1571,#1566,#1572,.T.);
#1276=EDGE_CURVE('',#1573,#1571,#1574,.T.);
#1277=EDGE_CURVE('',#1575,#1573,#1576,.T.);
#1278=EDGE_CURVE('',#1577,#1575,#1578,.F.);
#1279=EDGE_CURVE('',#1579,#1577,#1580,.T.);
#1280=EDGE_CURVE('',#1581,#1579,#1582,.T.);
#1281=EDGE_CURVE('',#1583,#1581,#1584,.T.);
#1282=EDGE_CURVE('',#1569,#1583,#1585,.F.);
#1283=EDGE_CURVE('',#1586,#1586,#1587,.T.);
#1284=EDGE_CURVE('',#1588,#1490,#1589,.T.);
#1285=EDGE_CURVE('',#1588,#1590,#1591,.F.);
#1286=EDGE_CURVE('',#1590,#1375,#1592,.T.);
#1287=EDGE_CURVE('',#1377,#1593,#1594,.T.);
#1288=EDGE_CURVE('',#1593,#1590,#1595,.F.);
#1289=EDGE_CURVE('',#1593,#1596,#1597,.F.);
#1290=EDGE_CURVE('',#1530,#1596,#1598,.T.);
#1291=EDGE_CURVE('',#1573,#1401,#1599,.F.);
#1292=EDGE_CURVE('',#1571,#1600,#1601,.T.);
#1293=EDGE_CURVE('',#1602,#1600,#1603,.T.);
#1294=EDGE_CURVE('',#1403,#1602,#1604,.F.);
#1295=EDGE_CURVE('',#1605,#1606,#1607,.T.);
#1296=EDGE_CURVE('',#1606,#1608,#1609,.F.);
#1297=EDGE_CURVE('',#1608,#1610,#1611,.T.);
#1298=EDGE_CURVE('',#1610,#1612,#1613,.T.);
#1299=EDGE_CURVE('',#1612,#1614,#1615,.T.);
#1300=EDGE_CURVE('',#1616,#1614,#1617,.F.);
#1301=EDGE_CURVE('',#1616,#1602,#1618,.T.);
#1302=EDGE_CURVE('',#1600,#1619,#1620,.T.);
#1303=EDGE_CURVE('',#1619,#1605,#1621,.F.);
#1304=EDGE_CURVE('',#1622,#1622,#1623,.F.);
#1305=EDGE_CURVE('',#1624,#1624,#1625,.F.);
#1306=EDGE_CURVE('',#1626,#1626,#1627,.F.);
#1307=EDGE_CURVE('',#1502,#1440,#1628,.T.);
#1308=EDGE_CURVE('',#1504,#1457,#1629,.T.);
#1309=EDGE_CURVE('',#1630,#1514,#1631,.F.);
#1310=EDGE_CURVE('',#1632,#1630,#1633,.T.);
#1311=EDGE_CURVE('',#1634,#1632,#1635,.T.);
#1312=EDGE_CURVE('',#1588,#1634,#1636,.F.);
#1313=EDGE_CURVE('',#1637,#1506,#1638,.T.);
#1314=EDGE_CURVE('',#1637,#1639,#1640,.T.);
#1315=EDGE_CURVE('',#1559,#1639,#1641,.T.);
#1316=EDGE_CURVE('',#1642,#1596,#1643,.F.);
#1317=EDGE_CURVE('',#1644,#1642,#1645,.T.);
#1318=EDGE_CURVE('',#1644,#1646,#1647,.T.);
#1319=EDGE_CURVE('',#1512,#1646,#1648,.F.);
#1320=EDGE_CURVE('',#1646,#1630,#1649,.F.);
#1321=EDGE_CURVE('',#1650,#1619,#1651,.T.);
#1322=EDGE_CURVE('',#1639,#1650,#1652,.T.);
#1323=EDGE_CURVE('',#1653,#1634,#1654,.F.);
#1324=EDGE_CURVE('',#1653,#1655,#1656,.T.);
#1325=EDGE_CURVE('',#1642,#1655,#1657,.F.);
#1326=EDGE_CURVE('',#1658,#1658,#1659,.F.);
#1327=EDGE_CURVE('',#1660,#1660,#1661,.F.);
#1328=EDGE_CURVE('',#1662,#1662,#1663,.F.);
#1329=EDGE_CURVE('',#1605,#1664,#1665,.T.);
#1330=EDGE_CURVE('',#1666,#1650,#1667,.T.);
#1331=EDGE_CURVE('',#1666,#1664,#1668,.F.);
#1332=EDGE_CURVE('',#1664,#1669,#1670,.T.);
#1333=EDGE_CURVE('',#1669,#1666,#1671,.F.);
#1334=EDGE_CURVE('',#1669,#1606,#1672,.F.);
#1335=EDGE_CURVE('',#1608,#1637,#1673,.F.);
#1336=EDGE_CURVE('',#1674,#1674,#1675,.T.);
#1337=EDGE_CURVE('',#1676,#1676,#1677,.T.);
#1338=EDGE_CURVE('',#1678,#1678,#1679,.T.);
#1339=EDGE_CURVE('',#1680,#1644,#1681,.F.);
#1340=EDGE_CURVE('',#1682,#1680,#1683,.T.);
#1341=EDGE_CURVE('',#1632,#1682,#1684,.F.);
#1342=EDGE_CURVE('',#1653,#1682,#1685,.T.);
#1343=EDGE_CURVE('',#1680,#1655,#1686,.T.);
#1344=EDGE_CURVE('',#1687,#1687,#1688,.T.);
#1345=EDGE_CURVE('',#1689,#1689,#1690,.T.);
#1346=EDGE_CURVE('',#1504,#1610,#1691,.T.);
#1347=EDGE_CURVE('',#1457,#1612,#1692,.T.);
#1348=EDGE_CURVE('',#1455,#1614,#1693,.T.);
#1349=EDGE_CURVE('',#1405,#1616,#1694,.F.);
#1350=EDGE_CURVE('',#1569,#1357,#1695,.F.);
#1351=EDGE_CURVE('',#1583,#1493,#1696,.T.);
#1352=EDGE_CURVE('',#1581,#1502,#1697,.F.);
#1353=EDGE_CURVE('',#1579,#1440,#1698,.F.);
#1354=EDGE_CURVE('',#1577,#1441,#1699,.F.);
#1355=EDGE_CURVE('',#1575,#1400,#1700,.T.);
#1356=VERTEX_POINT('',#1701);
#1357=VERTEX_POINT('',#1702);
#1358=LINE('',#1703,#1704);
#1359=VERTEX_POINT('',#1706);
#1360=LINE('',#1707,#1708);
#1361=VERTEX_POINT('',#1710);
#1362=LINE('',#1711,#1712);
#1363=VERTEX_POINT('',#1714);
#1364=LINE('',#1715,#1716);
#1365=VERTEX_POINT('',#1718);
#1366=LINE('',#1719,#1720);
#1367=VERTEX_POINT('',#1722);
#1368=LINE('',#1723,#1724);
#1369=VERTEX_POINT('',#1726);
#1370=LINE('',#1727,#1728);
#1371=VERTEX_POINT('',#1730);
#1372=LINE('',#1731,#1732);
#1373=VERTEX_POINT('',#1734);
#1374=LINE('',#1735,#1736);
#1375=VERTEX_POINT('',#1738);
#1376=CIRCLE('',#1739,2.2);
#1377=VERTEX_POINT('',#1743);
#1378=LINE('',#1744,#1745);
#1379=VERTEX_POINT('',#1747);
#1380=CIRCLE('',#1748,2.2);
#1381=VERTEX_POINT('',#1752);
#1382=LINE('',#1753,#1754);
#1383=VERTEX_POINT('',#1756);
#1384=LINE('',#1757,#1758);
#1385=VERTEX_POINT('',#1760);
#1386=LINE('',#1761,#1762);
#1387=VERTEX_POINT('',#1764);
#1388=LINE('',#1765,#1766);
#1389=VERTEX_POINT('',#1768);
#1390=LINE('',#1769,#1770);
#1391=VERTEX_POINT('',#1772);
#1392=LINE('',#1773,#1774);
#1393=VERTEX_POINT('',#1776);
#1394=LINE('',#1777,#1778);
#1395=LINE('',#1780,#1781);
#1396=VERTEX_POINT('',#1783);
#1397=CIRCLE('',#1784,1.6);
#1398=VERTEX_POINT('',#1788);
#1399=CIRCLE('',#1789,1.6);
#1400=VERTEX_POINT('',#1793);
#1401=VERTEX_POINT('',#1794);
#1402=LINE('',#1795,#1796);
#1403=VERTEX_POINT('',#1798);
#1404=LINE('',#1799,#1800);
#1405=VERTEX_POINT('',#1802);
#1406=LINE('',#1803,#1804);
#1407=VERTEX_POINT('',#1806);
#1408=LINE('',#1807,#1808);
#1409=VERTEX_POINT('',#1810);
#1410=LINE('',#1811,#1812);
#1411=VERTEX_POINT('',#1814);
#1412=LINE('',#1815,#1816);
#1413=VERTEX_POINT('',#1818);
#1414=LINE('',#1819,#1820);
#1415=VERTEX_POINT('',#1822);
#1416=LINE('',#1823,#1824);
#1417=VERTEX_POINT('',#1826);
#1418=LINE('',#1827,#1828);
#1419=VERTEX_POINT('',#1830);
#1420=LINE('',#1831,#1832);
#1421=VERTEX_POINT('',#1834);
#1422=LINE('',#1835,#1836);
#1423=VERTEX_POINT('',#1838);
#1424=LINE('',#1839,#1840);
#1425=VERTEX_POINT('',#1842);
#1426=LINE('',#1843,#1844);
#1427=VERTEX_POINT('',#1846);
#1428=LINE('',#1847,#1848);
#1429=VERTEX_POINT('',#1850);
#1430=LINE('',#1851,#1852);
#1431=VERTEX_POINT('',#1854);
#1432=LINE('',#1855,#1856);
#1433=VERTEX_POINT('',#1858);
#1434=LINE('',#1859,#1860);
#1435=LINE('',#1862,#1863);
#1436=VERTEX_POINT('',#1865);
#1437=CIRCLE('',#1866,1.6);
#1438=VERTEX_POINT('',#1870);
#1439=CIRCLE('',#1871,1.6);
#1440=VERTEX_POINT('',#1875);
#1441=VERTEX_POINT('',#1876);
#1442=CIRCLE('',#1877,40.);
#1443=VERTEX_POINT('',#1881);
#1444=LINE('',#1882,#1883);
#1445=VERTEX_POINT('',#1885);
#1446=(BOUNDED_CURVE()B_SPLINE_CURVE(3,
(#1886,#1887,#1888,#1889),
.UNSPECIFIED.,.F.,.F.)B_SPLINE_CURVE_WITH_KNOTS((4,4),
(0.,1.),
.UNSPECIFIED.)CURVE()GEOMETRIC_REPRESENTATION_ITEM()RATIONAL_B_SPLINE_CURVE((1.,
0.999905867892535,0.999905867892535,1.))REPRESENTATION_ITEM(''));
#1447=VERTEX_POINT('',#1890);
#1448=(BOUNDED_CURVE()B_SPLINE_CURVE(3,
(#1891,#1892,#1893,#1894),
.UNSPECIFIED.,.F.,.F.)B_SPLINE_CURVE_WITH_KNOTS((4,4),
(0.,1.),
.UNSPECIFIED.)CURVE()GEOMETRIC_REPRESENTATION_ITEM()RATIONAL_B_SPLINE_CURVE((1.,
0.999905867892535,0.999905867892535,1.))REPRESENTATION_ITEM(''));
#1449=VERTEX_POINT('',#1895);
#1450=LINE('',#1896,#1897);
#1451=VERTEX_POINT('',#1899);
#1452=(BOUNDED_CURVE()B_SPLINE_CURVE(3,
(#1900,#1901,#1902,#1903),
.UNSPECIFIED.,.F.,.F.)B_SPLINE_CURVE_WITH_KNOTS((4,4),
(0.,1.),
.UNSPECIFIED.)CURVE()GEOMETRIC_REPRESENTATION_ITEM()RATIONAL_B_SPLINE_CURVE((1.,
0.999905867892535,0.999905867892535,1.))REPRESENTATION_ITEM(''));
#1453=VERTEX_POINT('',#1904);
#1454=(BOUNDED_CURVE()B_SPLINE_CURVE(3,
(#1905,#1906,#1907,#1908),
.UNSPECIFIED.,.F.,.F.)B_SPLINE_CURVE_WITH_KNOTS((4,4),
(0.,1.),
.UNSPECIFIED.)CURVE()GEOMETRIC_REPRESENTATION_ITEM()RATIONAL_B_SPLINE_CURVE((1.,
0.999905867892535,0.999905867892535,1.))REPRESENTATION_ITEM(''));
#1455=VERTEX_POINT('',#1909);
#1456=LINE('',#1910,#1911);
#1457=VERTEX_POINT('',#1913);
#1458=CIRCLE('',#1914,40.);
#1459=LINE('',#1918,#1919);
#1460=CIRCLE('',#1921,8.);
#1461=VERTEX_POINT('',#1925);
#1462=(BOUNDED_CURVE()B_SPLINE_CURVE(3,
(#1926,#1927,#1928,#1929),
.UNSPECIFIED.,.F.,.F.)B_SPLINE_CURVE_WITH_KNOTS((4,4),
(0.,1.),
.UNSPECIFIED.)CURVE()GEOMETRIC_REPRESENTATION_ITEM()RATIONAL_B_SPLINE_CURVE((1.,
0.999159601131872,0.999159601131872,1.))REPRESENTATION_ITEM(''));
#1463=VERTEX_POINT('',#1930);
#1464=CIRCLE('',#1931,8.);
#1465=(BOUNDED_CURVE()B_SPLINE_CURVE(3,
(#1935,#1936,#1937,#1938),
.UNSPECIFIED.,.F.,.F.)B_SPLINE_CURVE_WITH_KNOTS((4,4),
(0.,1.),
.UNSPECIFIED.)CURVE()GEOMETRIC_REPRESENTATION_ITEM()RATIONAL_B_SPLINE_CURVE((1.,
0.999303264201894,0.999303264201894,1.))REPRESENTATION_ITEM(''));
#1466=VERTEX_POINT('',#1939);
#1467=(BOUNDED_CURVE()B_SPLINE_CURVE(3,
(#1940,#1941,#1942,#1943),
.UNSPECIFIED.,.F.,.F.)B_SPLINE_CURVE_WITH_KNOTS((4,4),
(0.,1.),
.UNSPECIFIED.)CURVE()GEOMETRIC_REPRESENTATION_ITEM()RATIONAL_B_SPLINE_CURVE((1.,
0.999159601131872,0.999159601131872,1.))REPRESENTATION_ITEM(''));
#1468=VERTEX_POINT('',#1944);
#1469=(BOUNDED_CURVE()B_SPLINE_CURVE(3,
(#1945,#1946,#1947,#1948),
.UNSPECIFIED.,.F.,.F.)B_SPLINE_CURVE_WITH_KNOTS((4,4),
(0.,1.),
.UNSPECIFIED.)CURVE()GEOMETRIC_REPRESENTATION_ITEM()RATIONAL_B_SPLINE_CURVE((1.,
0.999159601131872,0.999159601131872,1.))REPRESENTATION_ITEM(''));
#1470=VERTEX_POINT('',#1949);
#1471=CIRCLE('',#1950,8.);
#1472=(BOUNDED_CURVE()B_SPLINE_CURVE(3,
(#1954,#1955,#1956,#1957),
.UNSPECIFIED.,.F.,.F.)B_SPLINE_CURVE_WITH_KNOTS((4,4),
(0.,1.),
.UNSPECIFIED.)CURVE()GEOMETRIC_REPRESENTATION_ITEM()RATIONAL_B_SPLINE_CURVE((1.,
0.999303264201894,0.999303264201894,1.))REPRESENTATION_ITEM(''));
#1473=VERTEX_POINT('',#1958);
#1474=(BOUNDED_CURVE()B_SPLINE_CURVE(3,
(#1959,#1960,#1961,#1962),
.UNSPECIFIED.,.F.,.F.)B_SPLINE_CURVE_WITH_KNOTS((4,4),
(0.,1.),
.UNSPECIFIED.)CURVE()GEOMETRIC_REPRESENTATION_ITEM()RATIONAL_B_SPLINE_CURVE((1.,
0.999303264201894,0.999303264201894,1.))REPRESENTATION_ITEM(''));
#1475=CIRCLE('',#1963,8.);
#1476=CIRCLE('',#1967,8.);
#1477=VERTEX_POINT('',#1971);
#1478=(BOUNDED_CURVE()B_SPLINE_CURVE(3,
(#1972,#1973,#1974,#1975),
.UNSPECIFIED.,.F.,.F.)B_SPLINE_CURVE_WITH_KNOTS((4,4),
(0.,1.),
.UNSPECIFIED.)CURVE()GEOMETRIC_REPRESENTATION_ITEM()RATIONAL_B_SPLINE_CURVE((1.,
0.999303264201894,0.999303264201894,1.))REPRESENTATION_ITEM(''));
#1479=VERTEX_POINT('',#1976);
#1480=CIRCLE('',#1977,8.);
#1481=(BOUNDED_CURVE()B_SPLINE_CURVE(3,
(#1981,#1982,#1983,#1984),
.UNSPECIFIED.,.F.,.F.)B_SPLINE_CURVE_WITH_KNOTS((4,4),
(0.,1.),
.UNSPECIFIED.)CURVE()GEOMETRIC_REPRESENTATION_ITEM()RATIONAL_B_SPLINE_CURVE((1.,
0.999159601131872,0.999159601131872,1.))REPRESENTATION_ITEM(''));
#1482=VERTEX_POINT('',#1985);
#1483=(BOUNDED_CURVE()B_SPLINE_CURVE(3,
(#1986,#1987,#1988,#1989),
.UNSPECIFIED.,.F.,.F.)B_SPLINE_CURVE_WITH_KNOTS((4,4),
(0.,1.),
.UNSPECIFIED.)CURVE()GEOMETRIC_REPRESENTATION_ITEM()RATIONAL_B_SPLINE_CURVE((1.,
0.999159601131857,0.999159601131857,1.))REPRESENTATION_ITEM(''));
#1484=VERTEX_POINT('',#1990);
#1485=CIRCLE('',#1991,8.);
#1486=VERTEX_POINT('',#1995);
#1487=(BOUNDED_CURVE()B_SPLINE_CURVE(3,
(#1996,#1997,#1998,#1999),
.UNSPECIFIED.,.F.,.F.)B_SPLINE_CURVE_WITH_KNOTS((4,4),
(0.,1.),
.UNSPECIFIED.)CURVE()GEOMETRIC_REPRESENTATION_ITEM()RATIONAL_B_SPLINE_CURVE((1.,
0.999303264201904,0.999303264201904,1.))REPRESENTATION_ITEM(''));
#1488=VERTEX_POINT('',#2000);
#1489=LINE('',#2001,#2002);
#1490=VERTEX_POINT('',#2004);
#1491=CIRCLE('',#2005,8.00000000019025);
#1492=B_SPLINE_CURVE_WITH_KNOTS('',3,
(#2009,#2010,#2011,#2012,#2013,#2014,#2015,#2016,#2017,#2018,#2019,#2020,#2021,#2022,
#2023,#2024,#2025,#2026,#2027,#2028,#2029,#2030,#2031,#2032,#2033,#2034,#2035,#2036,
#2037,#2038,#2039,#2040,#2041,#2042,#2043,#2044,#2045,#2046,#2047,#2048,#2049,#2050,
#2051,#2052,#2053,#2054,#2055,#2056,#2057,#2058,#2059,#2060,#2061,#2062,#2063,#2064),
.UNSPECIFIED.,.F.,.F.,
(4,1,1,1,1,1,1,1,1,1,1,1,1,1,1,1,1,1,1,1,1,1,1,1,1,1,1,1,1,1,1,1,1,1,1,1,1,1,1,1,
1,1,1,1,1,1,1,1,1,1,1,1,1,4),
(0.,0.0106112724108682,0.0211986769381398,0.0317947617755289,0.0424470990435653,
0.0531319442141732,0.0640110741866817,0.0750120650310358,0.0862419859560324,0.0975717213444393,
0.109317717879729,0.121402118298108,0.134021134456898,0.146867663249341,0.160213387309523,
0.173842915153499,0.187819612135601,0.201850872481648,0.216140101918656,0.230610138953879,
0.245430144093568,0.260394781689973,0.275687666842427,0.291167872152906,0.306878308712539,
0.322631676660168,0.338482244587353,0.354404007214451,0.370415936059508,0.386451858932358,
0.402467473996272,0.418441612436359,0.439574928855588,0.466678112678263,0.494577823704319,
0.518040160570354,0.546974996581911,0.586072222536715,0.627002944088432,0.65897955089109,
0.681198237843041,0.702117907670698,0.727386930041549,0.757408633441408,0.793090598599784,
0.829284748118002,0.867336548837513,0.898284508866352,0.921660263971968,0.937101620110434,
0.952628354986864,0.968326539183374,0.984116420860082,1.),
.UNSPECIFIED.);
#1493=VERTEX_POINT('',#2065);
#1494=CIRCLE('',#2066,8.);
#1495=VERTEX_POINT('',#2070);
#1496=LINE('',#2071,#2072);
#1497=VERTEX_POINT('',#2074);
#1498=(BOUNDED_CURVE()B_SPLINE_CURVE(3,
(#2075,#2076,#2077,#2078),
.UNSPECIFIED.,.F.,.F.)B_SPLINE_CURVE_WITH_KNOTS((4,4),
(0.,1.),
.UNSPECIFIED.)CURVE()GEOMETRIC_REPRESENTATION_ITEM()RATIONAL_B_SPLINE_CURVE((1.,
0.999303264201904,0.999303264201904,1.))REPRESENTATION_ITEM(''));
#1499=VERTEX_POINT('',#2079);
#1500=CIRCLE('',#2080,8.);
#1501=(BOUNDED_CURVE()B_SPLINE_CURVE(3,
(#2084,#2085,#2086,#2087),
.UNSPECIFIED.,.F.,.F.)B_SPLINE_CURVE_WITH_KNOTS((4,4),
(0.,1.),
.UNSPECIFIED.)CURVE()GEOMETRIC_REPRESENTATION_ITEM()RATIONAL_B_SPLINE_CURVE((1.,
0.999159601131857,0.999159601131857,1.))REPRESENTATION_ITEM(''));
#1502=VERTEX_POINT('',#2088);
#1503=CIRCLE('',#2089,40.);
#1504=VERTEX_POINT('',#2093);
#1505=LINE('',#2094,#2095);
#1506=VERTEX_POINT('',#2097);
#1507=CIRCLE('',#2098,40.);
#1508=VERTEX_POINT('',#2102);
#1509=B_SPLINE_CURVE_WITH_KNOTS('',3,
(#2103,#2104,#2105,#2106,#2107,#2108,#2109,#2110,#2111,#2112,#2113,#2114,#2115,#2116,
#2117,#2118,#2119,#2120,#2121,#2122,#2123,#2124,#2125,#2126,#2127,#2128,#2129,#2130,
#2131,#2132,#2133,#2134,#2135,#2136,#2137,#2138,#2139,#2140,#2141,#2142,#2143,#2144,
#2145,#2146),
.UNSPECIFIED.,.F.,.F.,
(4,1,1,1,1,1,1,1,1,1,1,1,1,1,1,1,1,1,1,1,1,1,1,1,1,1,1,1,1,1,1,1,1,1,1,1,1,1,1,1,
1,4),
(0.,0.0225591546890834,0.0450081708124779,0.0673437828527264,0.0894581506424869,
0.111459610332281,0.135422385686212,0.161450009214337,0.198359385346872,0.243529347358442,
0.285610572281229,0.315789021983869,0.334561847361982,0.347375684437442,0.353265911793611,
0.373680835703181,0.39587303283788,0.431389700035342,0.482167008936583,0.54446758826336,
0.60313692672606,0.644608681310048,0.672622044077291,0.690764877457183,0.70888671848175,
0.732804637904544,0.756523291330003,0.780043565602688,0.802742791175625,0.824911769630703,
0.846536953469751,0.862049969543003,0.877212674749814,0.89188462725938,0.906416887776636,
0.920537298552392,0.934392291006077,0.947851477673614,0.961179888356244,0.974244816379646,
0.987183349806742,1.),
.UNSPECIFIED.);
#1510=VERTEX_POINT('',#2147);
#1511=LINE('',#2148,#2149);
#1512=VERTEX_POINT('',#2151);
#1513=CIRCLE('',#2152,40.);
#1514=VERTEX_POINT('',#2156);
#1515=LINE('',#2157,#2158);
#1516=CIRCLE('',#2160,40.);
#1517=VERTEX_POINT('',#2164);
#1518=(BOUNDED_CURVE()B_SPLINE_CURVE(3,
(#2165,#2166,#2167,#2168),
.UNSPECIFIED.,.F.,.F.)B_SPLINE_CURVE_WITH_KNOTS((4,4),
(0.,1.),
.UNSPECIFIED.)CURVE()GEOMETRIC_REPRESENTATION_ITEM()RATIONAL_B_SPLINE_CURVE((1.,
0.999905867892534,0.999905867892534,1.))REPRESENTATION_ITEM(''));
#1519=(BOUNDED_CURVE()B_SPLINE_CURVE(3,
(#2169,#2170,#2171,#2172),
.UNSPECIFIED.,.F.,.F.)B_SPLINE_CURVE_WITH_KNOTS((4,4),
(0.,1.),
.UNSPECIFIED.)CURVE()GEOMETRIC_REPRESENTATION_ITEM()RATIONAL_B_SPLINE_CURVE((1.,
0.999905867892534,0.999905867892534,1.))REPRESENTATION_ITEM(''));
#1520=VERTEX_POINT('',#2173);
#1521=CIRCLE('',#2174,1.6);
#1522=VERTEX_POINT('',#2178);
#1523=CIRCLE('',#2179,1.6);
#1524=VERTEX_POINT('',#2183);
#1525=CIRCLE('',#2184,1.6);
#1526=VERTEX_POINT('',#2188);
#1527=CIRCLE('',#2189,1.6);
#1528=VERTEX_POINT('',#2193);
#1529=CIRCLE('',#2194,8.);
#1530=VERTEX_POINT('',#2198);
#1531=B_SPLINE_CURVE_WITH_KNOTS('',3,
(#2199,#2200,#2201,#2202,#2203,#2204,#2205,#2206,#2207,#2208,#2209,#2210,#2211,#2212,
#2213,#2214,#2215,#2216,#2217,#2218,#2219,#2220,#2221,#2222,#2223,#2224,#2225,#2226,
#2227,#2228,#2229,#2230,#2231,#2232,#2233,#2234,#2235,#2236,#2237,#2238,#2239,#2240,
#2241,#2242,#2243,#2244,#2245,#2246,#2247,#2248,#2249,#2250,#2251,#2252,#2253,#2254,
#2255,#2256,#2257,#2258,#2259),
.UNSPECIFIED.,.F.,.F.,
(4,1,1,1,1,1,1,1,1,1,1,1,1,1,1,1,1,1,1,1,1,1,1,1,1,1,1,1,1,1,1,1,1,1,1,1,1,1,1,1,
1,1,1,1,1,1,1,1,1,1,1,1,1,1,1,1,1,1,4),
(0.,0.0106076985134763,0.0211944776721598,0.0317918695180309,0.0424483533459727,
0.0531385555836947,0.0640243723334314,0.0750331288141316,0.0862713968869562,0.0976091124365325,
0.109361416151865,0.121450303417616,0.134071665614795,0.146919460220146,0.160264985277935,
0.173893696657411,0.187869282741339,0.201899883123676,0.216189045744635,0.230659615251034,
0.245480439166139,0.260445926261905,0.27573933064008,0.291219712316171,0.306929680058914,
0.322682159110241,0.33853113871345,0.354450931227167,0.370460252559604,0.386493289284635,
0.40250558270041,0.418476203939027,0.43960464666302,0.466702105537218,0.494596337912016,
0.518054479685801,0.546985239520431,0.577945817417571,0.611007504197351,0.635142147257565,
0.658980479475125,0.681195814935082,0.702108319004564,0.727353275361487,0.757327369133385,
0.785324623283067,0.805736355279691,0.819717705182568,0.833939949361553,0.856072063034805,
0.884855736467984,0.919245022529969,0.94426876809779,0.960948955440283,0.969868604434294,
0.978361799086775,0.986002693860665,0.993214591289619,1.),
.UNSPECIFIED.);
#1532=CIRCLE('',#2260,8.00000000000001);
#1533=VERTEX_POINT('',#2264);
#1534=B_SPLINE_CURVE_WITH_KNOTS('',3,
(#2265,#2266,#2267,#2268,#2269,#2270,#2271,#2272,#2273,#2274,#2275,#2276,#2277,#2278,
#2279,#2280,#2281,#2282,#2283,#2284,#2285,#2286,#2287,#2288,#2289,#2290,#2291,#2292,
#2293,#2294,#2295,#2296,#2297,#2298,#2299,#2300,#2301,#2302,#2303),
.UNSPECIFIED.,.F.,.F.,
(4,1,1,1,1,1,1,1,1,1,1,1,1,1,1,1,1,1,1,1,1,1,1,1,1,1,1,1,1,1,1,1,1,1,1,1,4),
(0.,0.0318540768152398,0.0633173347730955,0.0944666776308419,0.125136425294532,0.155576793039148,
0.185506302925793,0.215183530163371,0.244427627533977,0.273531274403424,0.302070126236797,
0.330196414012252,0.357667964532118,0.384896271586882,0.411538231081727,0.437835654587219,
0.472246154622948,0.508917634681269,0.547856422055036,0.590994483575383,0.633584023711727,
0.675607694830127,0.703802574396385,0.729097998262423,0.751329803335567,0.773400038733504,
0.795049230805394,0.816449003344201,0.837514889278042,0.858508428525728,0.879249827417247,
0.899811434130781,0.920113084102709,0.940355437711342,0.960398848375634,0.980291185896959,
1.),
.UNSPECIFIED.);
#1535=CIRCLE('',#2304,8.00000000000001);
#1536=VERTEX_POINT('',#2308);
#1537=CIRCLE('',#2309,8.);
#1538=VERTEX_POINT('',#2313);
#1539=(BOUNDED_CURVE()B_SPLINE_CURVE(3,
(#2314,#2315,#2316,#2317),
.UNSPECIFIED.,.F.,.F.)B_SPLINE_CURVE_WITH_KNOTS((4,4),
(0.,1.),
.UNSPECIFIED.)CURVE()GEOMETRIC_REPRESENTATION_ITEM()RATIONAL_B_SPLINE_CURVE((1.,
0.995523883976438,0.995523883976438,1.))REPRESENTATION_ITEM(''));
#1540=(BOUNDED_CURVE()B_SPLINE_CURVE(3,
(#2318,#2319,#2320,#2321),
.UNSPECIFIED.,.F.,.F.)B_SPLINE_CURVE_WITH_KNOTS((4,4),
(0.,1.),
.UNSPECIFIED.)CURVE()GEOMETRIC_REPRESENTATION_ITEM()RATIONAL_B_SPLINE_CURVE((1.,
0.995523883976438,0.995523883976438,1.))REPRESENTATION_ITEM(''));
#1541=LINE('',#2322,#2323);
#1542=LINE('',#2325,#2326);
#1543=LINE('',#2328,#2329);
#1544=LINE('',#2331,#2332);
#1545=LINE('',#2334,#2335);
#1546=LINE('',#2337,#2338);
#1547=LINE('',#2340,#2341);
#1548=LINE('',#2343,#2344);
#1549=LINE('',#2346,#2347);
#1550=LINE('',#2349,#2350);
#1551=LINE('',#2352,#2353);
#1552=LINE('',#2355,#2356);
#1553=LINE('',#2358,#2359);
#1554=LINE('',#2361,#2362);
#1555=LINE('',#2364,#2365);
#1556=LINE('',#2367,#2368);
#1557=LINE('',#2370,#2371);
#1558=LINE('',#2373,#2374);
#1559=VERTEX_POINT('',#2376);
#1560=CIRCLE('',#2377,13.3253028706696);
#1561=VERTEX_POINT('',#2381);
#1562=LINE('',#2382,#2383);
#1563=LINE('',#2385,#2386);
#1564=VERTEX_POINT('',#2388);
#1565=LINE('',#2389,#2390);
#1566=VERTEX_POINT('',#2392);
#1567=LINE('',#2393,#2394);
#1568=LINE('',#2396,#2397);
#1569=VERTEX_POINT('',#2399);
#1570=LINE('',#2400,#2401);
#1571=VERTEX_POINT('',#2403);
#1572=LINE('',#2404,#2405);
#1573=VERTEX_POINT('',#2407);
#1574=LINE('',#2408,#2409);
#1575=VERTEX_POINT('',#2411);
#1576=LINE('',#2412,#2413);
#1577=VERTEX_POINT('',#2415);
#1578=CIRCLE('',#2416,9.);
#1579=VERTEX_POINT('',#2420);
#1580=CIRCLE('',#2421,41.);
#1581=VERTEX_POINT('',#2425);
#1582=CIRCLE('',#2426,13.625);
#1583=VERTEX_POINT('',#2430);
#1584=CIRCLE('',#2431,41.);
#1585=CIRCLE('',#2435,8.99999999999999);
#1586=VERTEX_POINT('',#2439);
#1587=CIRCLE('',#2440,12.625);
#1588=VERTEX_POINT('',#2444);
#1589=LINE('',#2445,#2446);
#1590=VERTEX_POINT('',#2448);
#1591=CIRCLE('',#2449,2.19999999999999);
#1592=LINE('',#2453,#2454);
#1593=VERTEX_POINT('',#2456);
#1594=LINE('',#2457,#2458);
#1595=LINE('',#2460,#2461);
#1596=VERTEX_POINT('',#2463);
#1597=CIRCLE('',#2464,2.2);
#1598=LINE('',#2468,#2469);
#1599=LINE('',#2471,#2472);
#1600=VERTEX_POINT('',#2474);
#1601=LINE('',#2475,#2476);
#1602=VERTEX_POINT('',#2478);
#1603=LINE('',#2479,#2480);
#1604=LINE('',#2482,#2483);
#1605=VERTEX_POINT('',#2485);
#1606=VERTEX_POINT('',#2486);
#1607=CIRCLE('',#2487,13.625);
#1608=VERTEX_POINT('',#2491);
#1609=LINE('',#2492,#2493);
#1610=VERTEX_POINT('',#2495);
#1611=CIRCLE('',#2496,41.);
#1612=VERTEX_POINT('',#2500);
#1613=CIRCLE('',#2501,13.625);
#1614=VERTEX_POINT('',#2505);
#1615=CIRCLE('',#2506,41.);
#1616=VERTEX_POINT('',#2510);
#1617=CIRCLE('',#2511,8.99999999999999);
#1618=LINE('',#2515,#2516);
#1619=VERTEX_POINT('',#2518);
#1620=LINE('',#2519,#2520);
#1621=CIRCLE('',#2522,13.3253028702835);
#1622=VERTEX_POINT('',#2526);
#1623=CIRCLE('',#2527,4.);
#1624=VERTEX_POINT('',#2531);
#1625=CIRCLE('',#2532,1.6);
#1626=VERTEX_POINT('',#2536);
#1627=CIRCLE('',#2537,1.6);
#1628=CIRCLE('',#2541,14.625);
#1629=CIRCLE('',#2545,14.625);
#1630=VERTEX_POINT('',#2549);
#1631=CIRCLE('',#2550,0.999999999999991);
#1632=VERTEX_POINT('',#2554);
#1633=LINE('',#2555,#2556);
#1634=VERTEX_POINT('',#2558);
#1635=LINE('',#2559,#2560);
#1636=LINE('',#2562,#2563);
#1637=VERTEX_POINT('',#2565);
#1638=B_SPLINE_CURVE_WITH_KNOTS('',3,
(#2566,#2567,#2568,#2569,#2570,#2571,#2572,#2573,#2574,#2575,#2576,#2577,#2578,#2579,
#2580,#2581,#2582,#2583,#2584),
.UNSPECIFIED.,.F.,.F.,
(4,1,1,1,1,1,1,1,1,1,1,1,1,1,1,1,4),
(0.,0.0592665410855749,0.118966222406077,0.179020069903549,0.239616296042331,0.300544750298734,
0.362128542993776,0.424026151333657,0.486263309972922,0.548485825852107,0.611234155464808,
0.674488716727955,0.738608827233024,0.803042250592331,0.868169264810314,0.93379224038419,
1.),
.UNSPECIFIED.);
#1639=VERTEX_POINT('',#2585);
#1640=CIRCLE('',#2586,15.5);
#1641=CIRCLE('',#2590,15.5);
#1642=VERTEX_POINT('',#2594);
#1643=LINE('',#2595,#2596);
#1644=VERTEX_POINT('',#2598);
#1645=LINE('',#2599,#2600);
#1646=VERTEX_POINT('',#2602);
#1647=LINE('',#2603,#2604);
#1648=CIRCLE('',#2606,0.999999999999997);
#1649=LINE('',#2610,#2611);
#1650=VERTEX_POINT('',#2613);
#1651=CIRCLE('',#2614,15.5);
#1652=LINE('',#2618,#2619);
#1653=VERTEX_POINT('',#2621);
#1654=CIRCLE('',#2622,2.2);
#1655=VERTEX_POINT('',#2626);
#1656=LINE('',#2627,#2628);
#1657=CIRCLE('',#2630,2.19999999999999);
#1658=VERTEX_POINT('',#2634);
#1659=CIRCLE('',#2635,1.925);
#1660=VERTEX_POINT('',#2639);
#1661=CIRCLE('',#2640,1.925);
#1662=VERTEX_POINT('',#2644);
#1663=CIRCLE('',#2645,12.625);
#1664=VERTEX_POINT('',#2649);
#1665=B_SPLINE_CURVE_WITH_KNOTS('',3,
(#2650,#2651,#2652,#2653,#2654,#2655,#2656,#2657,#2658,#2659,#2660,#2661,#2662,#2663,
#2664,#2665,#2666,#2667,#2668),
.UNSPECIFIED.,.F.,.F.,
(4,1,1,1,1,1,1,1,1,1,1,1,1,1,1,1,4),
(0.,0.0590885240519784,0.118571568013508,0.178394511916123,0.238781814599205,0.299501820157624,
0.360976621895582,0.422881842193619,0.48540205733491,0.548117227115078,0.611469812912646,
0.675260367337381,0.739712616655938,0.804368900874012,0.869403844509699,0.934571408960473,
1.),
.UNSPECIFIED.);
#1666=VERTEX_POINT('',#2669);
#1667=CIRCLE('',#2670,15.5);
#1668=B_SPLINE_CURVE_WITH_KNOTS('',3,
(#2674,#2675,#2676,#2677,#2678,#2679,#2680,#2681,#2682,#2683,#2684,#2685,#2686,#2687,
#2688,#2689,#2690,#2691,#2692,#2693,#2694,#2695,#2696,#2697,#2698,#2699,#2700,#2701,
#2702,#2703,#2704,#2705,#2706,#2707,#2708,#2709,#2710,#2711,#2712,#2713,#2714,#2715,
#2716,#2717,#2718,#2719,#2720,#2721,#2722,#2723,#2724,#2725,#2726,#2727,#2728,#2729,
#2730,#2731,#2732,#2733,#2734,#2735,#2736),
.UNSPECIFIED.,.F.,.F.,
(4,1,1,1,1,1,1,1,1,1,1,1,1,1,1,1,1,1,1,1,1,1,1,1,1,1,1,1,1,1,1,1,1,1,1,1,1,1,1,1,
1,1,1,1,1,1,1,1,1,1,1,1,1,1,1,1,1,1,1,1,4),
(0.,0.0194005770896764,0.0387891058980173,0.0581600646272979,0.0775358950216405,
0.096924467049469,0.116351102238627,0.135801152715347,0.155298992844649,0.174822831820881,
0.194409497367151,0.214030617118835,0.233698792549424,0.253384999681212,0.273101291484474,
0.292836879009209,0.31913608941617,0.345295462390848,0.371308358422808,0.390533815885612,
0.409662381878397,0.428444597029192,0.428980193038,0.446979870001873,0.465135622625689,
0.483147498707545,0.502552568769658,0.523478049231147,0.552914572672992,0.588848680928372,
0.622342501198346,0.646417148863098,0.661429237639931,0.676335910754517,0.695769264386951,
0.715011236180249,0.734088574670311,0.748202009177774,0.762156857629741,0.775834429809385,
0.789406996164531,0.802700899990851,0.815815031752853,0.828674266632342,0.84145848777719,
0.853964042675,0.857285790826988,0.866253998895367,0.878156470000134,0.889894944027716,
0.901184151447376,0.912189629969114,0.922795129036564,0.9332810828964,0.943424012267663,
0.953336755769195,0.962923620208212,0.972411886842268,0.98170118544725,0.990896822126532,
1.),
.UNSPECIFIED.);
#1669=VERTEX_POINT('',#2737);
#1670=CIRCLE('',#2738,14.625);
#1671=B_SPLINE_CURVE_WITH_KNOTS('',3,
(#2742,#2743,#2744,#2745,#2746,#2747,#2748,#2749,#2750,#2751,#2752,#2753,#2754,#2755,
#2756,#2757,#2758,#2759,#2760,#2761,#2762,#2763,#2764,#2765,#2766,#2767,#2768,#2769,
#2770,#2771,#2772,#2773,#2774,#2775,#2776,#2777,#2778,#2779,#2780,#2781,#2782,#2783,
#2784,#2785,#2786,#2787,#2788,#2789,#2790,#2791,#2792),
.UNSPECIFIED.,.F.,.F.,
(4,1,1,1,1,1,1,1,1,1,1,1,1,1,1,1,1,1,1,1,1,1,1,1,1,1,1,1,1,1,1,1,1,1,1,1,1,1,1,1,
1,1,1,1,1,1,1,1,4),
(0.,0.0210338895581641,0.042125649972955,0.0632650444236864,0.0844657523012591,0.105681750141268,
0.12697018997702,0.148299805362097,0.169690452263103,0.19110503105753,0.212670157095863,
0.23436683712284,0.256305337164632,0.27835175643182,0.300694640175519,0.323224126079804,
0.346016919971691,0.368888731524824,0.39205421969799,0.415448531821897,0.439205144780138,
0.463094613283455,0.487350438239096,0.511819801472589,0.536548199793215,0.561352160268414,
0.586133997636399,0.610808299786281,0.635241396797355,0.659521840952011,0.683279735335801,
0.706683329171617,0.729516499036171,0.752128998837389,0.773855275156909,0.794903782197901,
0.814785993991445,0.834184469943339,0.852386148276291,0.869864767315016,0.886358051390914,
0.902596093091124,0.918047239320428,0.932970259412672,0.947097650132058,0.960958582796286,
0.974280618108896,0.987327038056205,1.),
.UNSPECIFIED.);
#1672=B_SPLINE_CURVE_WITH_KNOTS('',3,
(#2793,#2794,#2795,#2796,#2797,#2798,#2799,#2800,#2801),
.UNSPECIFIED.,.F.,.F.,
(4,1,1,1,1,1,4),
(0.,0.201550317223605,0.391582597059162,0.56989027315656,0.724917302795453,0.868264600168943,
1.),
.UNSPECIFIED.);
#1673=B_SPLINE_CURVE_WITH_KNOTS('',3,
(#2802,#2803,#2804,#2805,#2806,#2807,#2808,#2809,#2810,#2811,#2812),
.UNSPECIFIED.,.F.,.F.,
(4,1,1,1,1,1,1,1,4),
(0.,0.126068557203939,0.25186789824743,0.377399313384649,0.502525335681288,0.627387739086261,
0.751850775760851,0.876054447790831,1.),
.UNSPECIFIED.);
#1674=VERTEX_POINT('',#2813);
#1675=CIRCLE('',#2814,4.);
#1676=VERTEX_POINT('',#2818);
#1677=CIRCLE('',#2819,1.6);
#1678=VERTEX_POINT('',#2823);
#1679=CIRCLE('',#2824,1.6);
#1680=VERTEX_POINT('',#2828);
#1681=CIRCLE('',#2829,2.2);
#1682=VERTEX_POINT('',#2833);
#1683=LINE('',#2834,#2835);
#1684=CIRCLE('',#2837,2.19999999999999);
#1685=LINE('',#2841,#2842);
#1686=LINE('',#2844,#2845);
#1687=VERTEX_POINT('',#2847);
#1688=CIRCLE('',#2848,1.925);
#1689=VERTEX_POINT('',#2852);
#1690=CIRCLE('',#2853,1.925);
#1691=B_SPLINE_CURVE_WITH_KNOTS('',3,
(#2857,#2858,#2859,#2860,#2861,#2862),
.UNSPECIFIED.,.F.,.F.,
(4,1,1,4),
(0.,0.495688578256346,0.829021903139416,1.),
.UNSPECIFIED.);
#1692=B_SPLINE_CURVE_WITH_KNOTS('',3,
(#2863,#2864,#2865,#2866,#2867,#2868),
.UNSPECIFIED.,.F.,.F.,
(4,1,1,4),
(0.,0.495688578256269,0.829021903139418,1.),
.UNSPECIFIED.);
#1693=LINE('',#2869,#2870);
#1694=LINE('',#2872,#2873);
#1695=LINE('',#2875,#2876);
#1696=LINE('',#2878,#2879);
#1697=B_SPLINE_CURVE_WITH_KNOTS('',3,
(#2881,#2882,#2883,#2884,#2885,#2886),
.UNSPECIFIED.,.F.,.F.,
(4,1,1,4),
(0.,0.495688578256352,0.829021903139529,1.),
.UNSPECIFIED.);
#1698=B_SPLINE_CURVE_WITH_KNOTS('',3,
(#2887,#2888,#2889,#2890,#2891,#2892),
.UNSPECIFIED.,.F.,.F.,
(4,1,1,4),
(0.,0.495688578256272,0.829021903139429,1.),
.UNSPECIFIED.);
#1699=LINE('',#2893,#2894);
#1700=LINE('',#2896,#2897);
#1701=CARTESIAN_POINT('',(-111.734933930174,-6.43301270240771,2.49999999999998));
#1702=CARTESIAN_POINT('',(-109.211368357316,-6.43301270240771,2.49999999999999));
#1703=CARTESIAN_POINT('',(-111.734933930174,-6.43301270240771,2.49999999999998));
#1704=VECTOR('',#1705,1.);
#1705=DIRECTION('',(1.,0.,0.));
#1706=CARTESIAN_POINT('',(-109.211368357316,-3.94370245298587,2.49999999999998));
#1707=CARTESIAN_POINT('',(-109.211368357316,-6.43301270240771,2.49999999999999));
#1708=VECTOR('',#1709,1.);
#1709=DIRECTION('',(0.,1.,0.));
#1710=CARTESIAN_POINT('',(-108.409249710824,-5.33301270240771,2.49999999999998));
#1711=CARTESIAN_POINT('',(-109.211368357316,-3.94370245298592,2.49999999999998));
#1712=VECTOR('',#1713,1.);
#1713=DIRECTION('',(0.499999999999999,-0.866025403784439,0.));
#1714=CARTESIAN_POINT('',(-105.060618149524,-5.3330127024077,2.49999999999999));
#1715=CARTESIAN_POINT('',(-108.409249710824,-5.33301270240771,2.49999999999998));
#1716=VECTOR('',#1717,1.);
#1717=DIRECTION('',(1.,3.97854348906945E-15,1.32618116302315E-16));
#1718=CARTESIAN_POINT('',(-103.386302368874,-2.43301270240772,2.49999999999999));
#1719=CARTESIAN_POINT('',(-105.060618149524,-5.3330127024077,2.49999999999999));
#1720=VECTOR('',#1721,1.);
#1721=DIRECTION('',(0.5,0.866025403784439,1.32618116302316E-16));
#1722=CARTESIAN_POINT('',(-105.060618149524,0.466987297592291,2.49999999999999));
#1723=CARTESIAN_POINT('',(-103.386302368874,-2.43301270240772,2.49999999999999));
#1724=VECTOR('',#1725,1.);
#1725=DIRECTION('',(-0.499999999999997,0.866025403784441,0.));
#1726=CARTESIAN_POINT('',(-108.409249710824,0.46698729759229,2.49999999999999));
#1727=CARTESIAN_POINT('',(-105.060618149524,0.466987297592291,2.49999999999999));
#1728=VECTOR('',#1729,1.);
#1729=DIRECTION('',(-1.,-3.64699819831364E-16,0.));
#1730=CARTESIAN_POINT('',(-109.211368357316,-0.922322951829537,2.49999999999999));
#1731=CARTESIAN_POINT('',(-108.409249710824,0.46698729759229,2.49999999999999));
#1732=VECTOR('',#1733,1.);
#1733=DIRECTION('',(-0.499999999999993,-0.866025403784443,0.));
#1734=CARTESIAN_POINT('',(-109.211368357316,13.0007029904098,2.49999999999999));
#1735=CARTESIAN_POINT('',(-109.211368357316,-0.922322951829568,2.49999999999999));
#1736=VECTOR('',#1737,1.);
#1737=DIRECTION('',(0.,1.,3.18960268904474E-17));
#1738=CARTESIAN_POINT('',(-109.4349335272,13.9669872975923,2.49999999999999));
#1739=AXIS2_PLACEMENT_3D('',#1740,#1741,#1742);
#1740=CARTESIAN_POINT('',(-107.2349335272,13.9669872975923,2.49999999999999));
#1741=DIRECTION('',(8.88178419700125E-17,6.00120553851436E-17,-1.));
#1742=DIRECTION('',(-0.898379468234223,-0.439220139628405,-1.06150628984381E-16));
#1743=CARTESIAN_POINT('',(-109.4349335272,17.1669872975923,2.49999999999999));
#1744=CARTESIAN_POINT('',(-109.4349335272,17.1669872975923,2.49999999999998));
#1745=VECTOR('',#1746,1.);
#1746=DIRECTION('',(0.,-1.,2.77555756156289E-16));
#1747=CARTESIAN_POINT('',(-109.211368357316,18.1332716047748,2.49999999999999));
#1748=AXIS2_PLACEMENT_3D('',#1749,#1750,#1751);
#1749=CARTESIAN_POINT('',(-107.2349335272,17.1669872975923,2.49999999999999));
#1750=DIRECTION('',(8.88178419700125E-17,6.00120553851436E-17,-1.));
#1751=DIRECTION('',(-1.,3.22973970800045E-15,-8.88178419700123E-17));
#1752=CARTESIAN_POINT('',(-109.211368357316,20.3669872975923,2.49999999999999));
#1753=CARTESIAN_POINT('',(-109.211368357316,18.1332716047748,2.49999999999999));
#1754=VECTOR('',#1755,1.);
#1755=DIRECTION('',(0.,1.,0.));
#1756=CARTESIAN_POINT('',(-106.660618149524,20.3669872975923,2.49999999999999));
#1757=CARTESIAN_POINT('',(-109.211368357316,20.3669872975923,2.49999999999999));
#1758=VECTOR('',#1759,1.);
#1759=DIRECTION('',(1.,-2.78562257327156E-15,1.74101410829473E-16));
#1760=CARTESIAN_POINT('',(-104.986302368874,23.2669872975923,2.49999999999999));
#1761=CARTESIAN_POINT('',(-106.660618149524,20.3669872975923,2.49999999999999));
#1762=VECTOR('',#1763,1.);
#1763=DIRECTION('',(0.499999999999997,0.86602540378444,0.));
#1764=CARTESIAN_POINT('',(-106.660618149524,26.1669872975923,2.49999999999999));
#1765=CARTESIAN_POINT('',(-104.986302368874,23.2669872975923,2.49999999999999));
#1766=VECTOR('',#1767,1.);
#1767=DIRECTION('',(-0.499999999999998,0.86602540378444,1.32618116302315E-16));
#1768=CARTESIAN_POINT('',(-109.211368357316,26.1669872975923,2.49999999999999));
#1769=CARTESIAN_POINT('',(-106.660618149524,26.1669872975923,2.49999999999999));
#1770=VECTOR('',#1771,1.);
#1771=DIRECTION('',(-1.,0.,0.));
#1772=CARTESIAN_POINT('',(-109.211368357316,29.5669872975923,2.49999999999999));
#1773=CARTESIAN_POINT('',(-109.211368357316,26.1669872975923,2.49999999999999));
#1774=VECTOR('',#1775,1.);
#1775=DIRECTION('',(0.,1.,0.));
#1776=CARTESIAN_POINT('',(-111.734933930174,29.5669872975923,2.49999999999999));
#1777=CARTESIAN_POINT('',(-111.734933930174,29.5669872975923,2.49999999999999));
#1778=VECTOR('',#1779,1.);
#1779=DIRECTION('',(1.,0.,1.75976885493424E-16));
#1780=CARTESIAN_POINT('',(-111.734933930174,-6.43301270240771,2.49999999999998));
#1781=VECTOR('',#1782,1.);
#1782=DIRECTION('',(0.,1.,6.16790569236198E-17));
#1783=CARTESIAN_POINT('',(-106.734933930174,-0.83301270240771,2.49999999999999));
#1784=AXIS2_PLACEMENT_3D('',#1785,#1786,#1787);
#1785=CARTESIAN_POINT('',(-106.734933930174,-2.43301270240771,2.49999999999999));
#1786=DIRECTION('',(-8.88178419700125E-17,-6.00120553851436E-17,1.));
#1787=DIRECTION('',(6.12323399573677E-17,1.,6.00120553851436E-17));
#1788=CARTESIAN_POINT('',(-108.334933930174,24.8669872975923,2.49999999999999));
#1789=AXIS2_PLACEMENT_3D('',#1790,#1791,#1792);
#1790=CARTESIAN_POINT('',(-108.334933930174,23.2669872975923,2.49999999999999));
#1791=DIRECTION('',(-8.88178419700125E-17,-6.00120553851436E-17,1.));
#1792=DIRECTION('',(6.12323399573677E-17,1.,6.00120553851436E-17));
#1793=CARTESIAN_POINT('',(-44.6300466970923,-6.43301270240771,2.50000000000102));
#1794=CARTESIAN_POINT('',(-42.1064811242266,-6.43301270240771,2.5));
#1795=CARTESIAN_POINT('',(-44.6300466970923,-6.43301270240771,2.50000000000102));
#1796=VECTOR('',#1797,1.);
#1797=DIRECTION('',(1.,0.,-4.05098790404707E-13));
#1798=CARTESIAN_POINT('',(-42.1064811242266,28.5669872975923,2.5));
#1799=CARTESIAN_POINT('',(-42.1064811242266,-6.43301270240771,2.5));
#1800=VECTOR('',#1801,1.);
#1801=DIRECTION('',(0.,1.,6.34413156928661E-17));
#1802=CARTESIAN_POINT('',(-44.6300466970923,28.5669872975923,2.50000000000102));
#1803=CARTESIAN_POINT('',(-44.6300466970923,28.5669872975923,2.50000000000102));
#1804=VECTOR('',#1805,1.);
#1805=DIRECTION('',(1.,-2.81563016788677E-15,-4.05098790404709E-13));
#1806=CARTESIAN_POINT('',(-44.6300466970923,24.9110103815162,2.50000000000085));
#1807=CARTESIAN_POINT('',(-44.6300466970923,24.9110103815162,2.50000000000102));
#1808=VECTOR('',#1809,1.);
#1809=DIRECTION('',(1.94350990739492E-15,1.,1.21469369212183E-16));
#1810=CARTESIAN_POINT('',(-45.4321653435767,26.3003206309256,2.49999999999999));
#1811=CARTESIAN_POINT('',(-44.6300466970923,24.9110103815162,2.50000000000051));
#1812=VECTOR('',#1813,1.);
#1813=DIRECTION('',(-0.499999999999995,0.866025403784441,1.01593910532622E-13));
#1814=CARTESIAN_POINT('',(-48.7807969048765,26.3003206309256,2.49999999999999));
#1815=CARTESIAN_POINT('',(-45.4321653435767,26.3003206309256,2.50000000000067));
#1816=VECTOR('',#1817,1.);
#1817=DIRECTION('',(-1.,2.12188986083703E-15,2.02507863593634E-13));
#1818=CARTESIAN_POINT('',(-50.4551126855264,23.4003206309256,2.49999999999999));
#1819=CARTESIAN_POINT('',(-48.7807969048765,26.3003206309256,2.50000000000135));
#1820=VECTOR('',#1821,1.);
#1821=DIRECTION('',(-0.5,-0.866025403784439,1.01055004622364E-13));
#1822=CARTESIAN_POINT('',(-48.7807969048765,20.5003206309256,2.49999999999999));
#1823=CARTESIAN_POINT('',(-50.4551126855264,23.4003206309256,2.50000000000169));
#1824=VECTOR('',#1825,1.);
#1825=DIRECTION('',(0.500000000000001,-0.866025403784438,-1.01320240854968E-13));
#1826=CARTESIAN_POINT('',(-45.4321653435767,20.5003206309256,2.49999999999999));
#1827=CARTESIAN_POINT('',(-48.7807969048765,20.5003206309256,2.50000000000135));
#1828=VECTOR('',#1829,1.);
#1829=DIRECTION('',(1.,-2.12188986083704E-15,-2.02375245477333E-13));
#1830=CARTESIAN_POINT('',(-44.6300466970923,21.889630880335,2.50000000000085));
#1831=CARTESIAN_POINT('',(-45.4321653435767,20.5003206309256,2.50000000000067));
#1832=VECTOR('',#1833,1.);
#1833=DIRECTION('',(0.500000000000003,0.866025403784437,-1.01317087888119E-13));
#1834=CARTESIAN_POINT('',(-44.6300466970923,6.41101038151622,2.50000000000085));
#1835=CARTESIAN_POINT('',(-44.6300466970923,6.41101038151621,2.50000000000102));
#1836=VECTOR('',#1837,1.);
#1837=DIRECTION('',(0.,1.,5.73809804153995E-17));
#1838=CARTESIAN_POINT('',(-45.4321653435767,7.80032063092562,2.49999999999999));
#1839=CARTESIAN_POINT('',(-44.6300466970923,6.41101038151622,2.50000000000051));
#1840=VECTOR('',#1841,1.);
#1841=DIRECTION('',(-0.499999999999997,0.86602540378444,1.01317087888119E-13));
#1842=CARTESIAN_POINT('',(-48.7807969048765,7.80032063092563,2.49999999999999));
#1843=CARTESIAN_POINT('',(-45.4321653435767,7.80032063092562,2.50000000000067));
#1844=VECTOR('',#1845,1.);
#1845=DIRECTION('',(-1.,2.12188986083703E-15,2.02375245477332E-13));
#1846=CARTESIAN_POINT('',(-50.4551126855264,4.90032063092563,2.49999999999999));
#1847=CARTESIAN_POINT('',(-48.7807969048765,7.80032063092563,2.50000000000135));
#1848=VECTOR('',#1849,1.);
#1849=DIRECTION('',(-0.499999999999998,-0.86602540378444,1.01320240854969E-13));
#1850=CARTESIAN_POINT('',(-48.7807969048765,2.00032063092562,2.49999999999999));
#1851=CARTESIAN_POINT('',(-50.4551126855264,4.90032063092563,2.50000000000168));
#1852=VECTOR('',#1853,1.);
#1853=DIRECTION('',(0.499999999999997,-0.866025403784441,-1.01320240854968E-13));
#1854=CARTESIAN_POINT('',(-45.4321653435767,2.00032063092564,2.49999999999999));
#1855=CARTESIAN_POINT('',(-48.7807969048765,2.00032063092562,2.50000000000135));
#1856=VECTOR('',#1857,1.);
#1857=DIRECTION('',(1.,6.76352393141805E-15,-2.02507863593634E-13));
#1858=CARTESIAN_POINT('',(-44.6300466970923,3.38963088033503,2.50000000000085));
#1859=CARTESIAN_POINT('',(-45.4321653435767,2.00032063092564,2.50000000000067));
#1860=VECTOR('',#1861,1.);
#1861=DIRECTION('',(0.500000000000002,0.866025403784437,-1.0131708788812E-13));
#1862=CARTESIAN_POINT('',(-44.6300466970923,-6.43301270240771,2.50000000000102));
#1863=VECTOR('',#1864,1.);
#1864=DIRECTION('',(7.23372206040788E-16,1.,9.04215257550985E-17));
#1865=CARTESIAN_POINT('',(-47.1064811242266,6.50032063092562,2.49999999999999));
#1866=AXIS2_PLACEMENT_3D('',#1867,#1868,#1869);
#1867=CARTESIAN_POINT('',(-47.1064811242266,4.90032063092562,2.50000000000202));
#1868=DIRECTION('',(4.05098177225227E-13,-6.00120553851436E-17,1.));
#1869=DIRECTION('',(6.12323399573677E-17,1.,6.00120553851188E-17));
#1870=CARTESIAN_POINT('',(-47.1064811242266,25.0003206309256,2.49999999999999));
#1871=AXIS2_PLACEMENT_3D('',#1872,#1873,#1874);
#1872=CARTESIAN_POINT('',(-47.1064811242266,23.4003206309256,2.50000000000202));
#1873=DIRECTION('',(4.05098177225227E-13,-6.00120553851436E-17,1.));
#1874=DIRECTION('',(6.12323399573677E-17,1.,6.00120553851188E-17));
#1875=CARTESIAN_POINT('',(-62.8273050801771,-6.43301270240771,21.5964874377411));
#1876=CARTESIAN_POINT('',(-49.3879745574289,-6.43301270240771,4.06866091114859));
#1877=AXIS2_PLACEMENT_3D('',#1878,#1879,#1880);
#1878=CARTESIAN_POINT('',(-25.5983352557293,-6.43301270240771,36.2253563554107));
#1879=DIRECTION('',(0.,-1.,-6.12323399573677E-17));
#1880=DIRECTION('',(-0.930724245611193,2.23939968689629E-17,-0.365721722941741));
#1881=CARTESIAN_POINT('',(-49.3879745574289,3.05198317436682,4.06866091114859));
#1882=CARTESIAN_POINT('',(-49.3879745574289,-6.43301270240771,4.06866091114858));
#1883=VECTOR('',#1884,1.);
#1884=DIRECTION('',(0.,1.,0.));
#1885=CARTESIAN_POINT('',(-50.4551126855264,4.90032063092563,4.88623358840385));
#1886=CARTESIAN_POINT('',(-50.4551126855264,4.90032063092562,4.88623358840383));
#1887=CARTESIAN_POINT('',(-50.1039966639098,4.29216984213415,4.60774421056621));
#1888=CARTESIAN_POINT('',(-49.7482504674048,3.67599935518805,4.33519432911973));
#1889=CARTESIAN_POINT('',(-49.3879745574289,3.05198317436681,4.06866091114858));
#1890=CARTESIAN_POINT('',(-49.3879745574289,6.74865808748443,4.06866091114859));
#1891=CARTESIAN_POINT('',(-50.4551126855265,4.90032063092558,4.88623358840385));
#1892=CARTESIAN_POINT('',(-50.1039966639098,5.50847141971706,4.60774421056622));
#1893=CARTESIAN_POINT('',(-49.7482504674048,6.12464190666316,4.33519432911974));
#1894=CARTESIAN_POINT('',(-49.387974557429,6.7486580874844,4.0686609111486));
#1895=CARTESIAN_POINT('',(-49.3879745574289,21.5519831743668,4.06866091114859));
#1896=CARTESIAN_POINT('',(-49.3879745574289,6.74865808748444,4.06866091114858));
#1897=VECTOR('',#1898,1.);
#1898=DIRECTION('',(0.,1.,0.));
#1899=CARTESIAN_POINT('',(-50.4551126855264,23.4003206309256,4.88623358840386));
#1900=CARTESIAN_POINT('',(-50.4551126855265,23.4003206309256,4.88623358840385));
#1901=CARTESIAN_POINT('',(-50.1039966639098,22.7921698421342,4.60774421056622));
#1902=CARTESIAN_POINT('',(-49.7482504674048,22.1759993551881,4.33519432911973));
#1903=CARTESIAN_POINT('',(-49.3879745574289,21.5519831743668,4.06866091114858));
#1904=CARTESIAN_POINT('',(-49.3879745574289,25.2486580874845,4.06866091114859));
#1905=CARTESIAN_POINT('',(-50.4551126855265,23.4003206309256,4.88623358840388));
#1906=CARTESIAN_POINT('',(-50.1039966639098,24.0084714197171,4.60774421056624));
#1907=CARTESIAN_POINT('',(-49.7482504674048,24.6246419066632,4.33519432911975));
#1908=CARTESIAN_POINT('',(-49.3879745574289,25.2486580874845,4.06866091114859));
#1909=CARTESIAN_POINT('',(-49.3879745574289,28.5669872975923,4.06866091114859));
#1910=CARTESIAN_POINT('',(-49.3879745574289,25.2486580874845,4.06866091114858));
#1911=VECTOR('',#1912,1.);
#1912=DIRECTION('',(0.,1.,0.));
#1913=CARTESIAN_POINT('',(-62.8273050801771,28.5669872975923,21.5964874377411));
#1914=AXIS2_PLACEMENT_3D('',#1915,#1916,#1917);
#1915=CARTESIAN_POINT('',(-25.5983352557293,28.5669872975923,36.2253563554107));
#1916=DIRECTION('',(0.,-1.,-6.12323399573677E-17));
#1917=DIRECTION('',(-0.930724245611193,2.23939968689629E-17,-0.365721722941741));
#1918=CARTESIAN_POINT('',(-62.8273050801771,-6.43301270240771,21.5964874377411));
#1919=VECTOR('',#1920,1.);
#1920=DIRECTION('',(0.,1.,1.01506105108586E-16));
#1921=AXIS2_PLACEMENT_3D('',#1922,#1923,#1924);
#1922=CARTESIAN_POINT('',(-44.630046697089,-6.43301270240771,10.500000000001));
#1923=DIRECTION('',(2.05954416162348E-16,1.,2.57443020202935E-17));
#1924=DIRECTION('',(-4.05897537802957E-13,2.57443020203771E-17,-1.));
#1925=CARTESIAN_POINT('',(-45.4321653435767,2.00032063092564,2.54031371994219));
#1926=CARTESIAN_POINT('',(-44.6300466970923,3.38963088033504,2.50000000000102));
#1927=CARTESIAN_POINT('',(-44.897982227192,2.92555292904945,2.50000000000113));
#1928=CARTESIAN_POINT('',(-45.1655799982173,2.46205999364135,2.51344920934849));
#1929=CARTESIAN_POINT('',(-45.4321653435767,2.00032063092564,2.54031371994219));
#1930=CARTESIAN_POINT('',(-48.7807969048765,2.00032063092562,3.66104739652788));
#1931=AXIS2_PLACEMENT_3D('',#1932,#1933,#1934);
#1932=CARTESIAN_POINT('',(-44.630046697089,2.00032063092564,10.500000000001));
#1933=DIRECTION('',(-6.63090581511573E-15,1.,5.95808318461092E-17));
#1934=DIRECTION('',(-0.100264830810959,-6.05566058450986E-16,-0.994960785007354));
#1935=CARTESIAN_POINT('',(-48.7807969048765,2.00032063092561,3.66104739652788));
#1936=CARTESIAN_POINT('',(-48.989333471209,2.3615165590494,3.78761402832413));
#1937=CARTESIAN_POINT('',(-49.1918671345133,2.71231515413559,3.9235799321769));
#1938=CARTESIAN_POINT('',(-49.3879745574289,3.05198317436681,4.06866091114859));
#1939=CARTESIAN_POINT('',(-45.4321653435767,7.80032063092562,2.54031371994218));
#1940=CARTESIAN_POINT('',(-44.6300466970923,6.41101038151621,2.50000000000102));
#1941=CARTESIAN_POINT('',(-44.897982227192,6.8750883328018,2.50000000000113));
#1942=CARTESIAN_POINT('',(-45.1655799982173,7.33858126820991,2.51344920934849));
#1943=CARTESIAN_POINT('',(-45.4321653435767,7.80032063092562,2.54031371994218));
#1944=CARTESIAN_POINT('',(-45.4321653435767,20.5003206309256,2.54031371994219));
#1945=CARTESIAN_POINT('',(-44.6300466970923,21.889630880335,2.50000000000102));
#1946=CARTESIAN_POINT('',(-44.897982227192,21.4255529290494,2.50000000000113));
#1947=CARTESIAN_POINT('',(-45.1655799982173,20.9620599936413,2.51344920934849));
#1948=CARTESIAN_POINT('',(-45.4321653435767,20.5003206309256,2.54031371994219));
#1949=CARTESIAN_POINT('',(-48.7807969048765,20.5003206309256,3.66104739652788));
#1950=AXIS2_PLACEMENT_3D('',#1951,#1952,#1953);
#1951=CARTESIAN_POINT('',(-44.630046697089,20.5003206309256,10.500000000001));
#1952=DIRECTION('',(2.12188986083704E-15,1.,1.19161663692218E-16));
#1953=DIRECTION('',(-0.10026483081096,3.31312110346309E-16,-0.994960785007354));
#1954=CARTESIAN_POINT('',(-48.7807969048765,20.5003206309256,3.66104739652788));
#1955=CARTESIAN_POINT('',(-48.989333471209,20.8615165590494,3.78761402832413));
#1956=CARTESIAN_POINT('',(-49.1918671345133,21.2123151541356,3.9235799321769));
#1957=CARTESIAN_POINT('',(-49.3879745574289,21.5519831743668,4.06866091114859));
#1958=CARTESIAN_POINT('',(-48.7807969048765,7.80032063092563,3.66104739652788));
#1959=CARTESIAN_POINT('',(-48.7807969048765,7.80032063092562,3.66104739652788));
#1960=CARTESIAN_POINT('',(-48.989333471209,7.43912470280184,3.78761402832413));
#1961=CARTESIAN_POINT('',(-49.1918671345133,7.08832610771565,3.9235799321769));
#1962=CARTESIAN_POINT('',(-49.3879745574289,6.74865808748443,4.06866091114859));
#1963=AXIS2_PLACEMENT_3D('',#1964,#1965,#1966);
#1964=CARTESIAN_POINT('',(-44.630046697089,7.80032063092562,10.500000000001));
#1965=DIRECTION('',(1.59141739562777E-15,1.,5.95808318461092E-17));
#1966=DIRECTION('',(-0.100264830810959,2.18843787147231E-16,-0.994960785007354));
#1967=AXIS2_PLACEMENT_3D('',#1968,#1969,#1970);
#1968=CARTESIAN_POINT('',(-44.630046697089,28.5669872975923,10.500000000001));
#1969=DIRECTION('',(-2.05954416162348E-16,-1.,-2.57443020202935E-17));
#1970=DIRECTION('',(-0.59474098254249,1.43185823814652E-16,-0.803917386106553));
#1971=CARTESIAN_POINT('',(-48.7807969048765,26.3003206309256,3.66104739652788));
#1972=CARTESIAN_POINT('',(-48.7807969048765,26.3003206309256,3.66104739652788));
#1973=CARTESIAN_POINT('',(-48.989333471209,25.9391247028018,3.78761402832413));
#1974=CARTESIAN_POINT('',(-49.1918671345133,25.5883261077157,3.9235799321769));
#1975=CARTESIAN_POINT('',(-49.3879745574289,25.2486580874845,4.06866091114859));
#1976=CARTESIAN_POINT('',(-45.4321653435767,26.3003206309256,2.54031371994218));
#1977=AXIS2_PLACEMENT_3D('',#1978,#1979,#1980);
#1978=CARTESIAN_POINT('',(-44.630046697089,26.3003206309256,10.500000000001));
#1979=DIRECTION('',(3.18283479125554E-15,1.,1.19161663692218E-16));
#1980=DIRECTION('',(-0.100264830810959,4.37687574294463E-16,-0.994960785007354));
#1981=CARTESIAN_POINT('',(-44.6300466970923,24.9110103815162,2.50000000000102));
#1982=CARTESIAN_POINT('',(-44.897982227192,25.3750883328018,2.50000000000113));
#1983=CARTESIAN_POINT('',(-45.1655799982173,25.8385812682099,2.51344920934849));
#1984=CARTESIAN_POINT('',(-45.4321653435767,26.3003206309256,2.54031371994218));
#1985=CARTESIAN_POINT('',(-108.409249710824,0.46698729759229,2.54031371994155));
#1986=CARTESIAN_POINT('',(-108.409249710824,0.466987297592288,2.54031371994155));
#1987=CARTESIAN_POINT('',(-108.675835056186,0.00524793487245423,2.51344920934749));
#1988=CARTESIAN_POINT('',(-108.943432827214,-0.458245000539808,2.49999999999999));
#1989=CARTESIAN_POINT('',(-109.211368357316,-0.922322951829561,2.49999999999999));
#1990=CARTESIAN_POINT('',(-105.060618149524,0.466987297592291,3.66104739652924));
#1991=AXIS2_PLACEMENT_3D('',#1992,#1993,#1994);
#1992=CARTESIAN_POINT('',(-109.211368357316,0.466987297592289,10.5));
#1993=DIRECTION('',(-4.641634070581E-16,1.,5.95808318461092E-17));
#1994=DIRECTION('',(0.518843775973929,2.91762105420811E-16,-0.854869075433844));
#1995=CARTESIAN_POINT('',(-104.453440496976,-0.584675245841274,4.06866091114722));
#1996=CARTESIAN_POINT('',(-104.453440496976,-0.584675245841289,4.06866091114722));
#1997=CARTESIAN_POINT('',(-104.649547919891,-0.245007225612456,3.92357993217657));
#1998=CARTESIAN_POINT('',(-104.852081583193,0.105791369471185,3.78761402832471));
#1999=CARTESIAN_POINT('',(-105.060618149524,0.466987297592286,3.66104739652924));
#2000=CARTESIAN_POINT('',(-104.453440496957,11.7669872975923,4.06866091112173));
#2001=CARTESIAN_POINT('',(-104.453440496976,-0.584675245841276,4.06866091114722));
#2002=VECTOR('',#2003,1.);
#2003=DIRECTION('',(0.,1.,0.));
#2004=CARTESIAN_POINT('',(-107.234933527216,11.7669872975923,2.74798701211108));
#2005=AXIS2_PLACEMENT_3D('',#2006,#2007,#2008);
#2006=CARTESIAN_POINT('',(-109.211368357316,11.7669872975923,10.5));
#2007=DIRECTION('',(-1.25347936904714E-16,-1.,0.));
#2008=DIRECTION('',(0.247054353758538,-3.09677535469601E-17,-0.969001623470751));
#2009=CARTESIAN_POINT('',(-109.211368355304,13.0007029862949,2.49999999999999));
#2010=CARTESIAN_POINT('',(-109.207491737563,12.9927737829092,2.50000000133053));
#2011=CARTESIAN_POINT('',(-109.19965833892,12.9769929251196,2.50000562812956));
#2012=CARTESIAN_POINT('',(-109.18764475575,12.9535030805086,2.50003210677188));
#2013=CARTESIAN_POINT('',(-109.175352500122,12.9301621456023,2.5000778491343));
#2014=CARTESIAN_POINT('',(-109.162759335321,12.9069301342931,2.50014429017854));
#2015=CARTESIAN_POINT('',(-109.149789247831,12.8836749944573,2.50023339760971));
#2016=CARTESIAN_POINT('',(-109.136409589934,12.8603558151024,2.50034731865887));
#2017=CARTESIAN_POINT('',(-109.122530136428,12.8368408989371,2.50048912722958));
#2018=CARTESIAN_POINT('',(-109.108179518585,12.8132072997034,2.50066107446773));
#2019=CARTESIAN_POINT('',(-109.093219403112,12.7892589814696,2.50086765554336));
#2020=CARTESIAN_POINT('',(-109.077581471919,12.7649321637487,2.50111338916083));
#2021=CARTESIAN_POINT('',(-109.061042910831,12.7399445974371,2.50140647323345));
#2022=CARTESIAN_POINT('',(-109.043654816582,12.714447552236,2.50175152605283));
#2023=CARTESIAN_POINT('',(-109.025308382973,12.688353053343,2.50215659829137));
#2024=CARTESIAN_POINT('',(-109.006088346336,12.6618514346157,2.5026260559611));
#2025=CARTESIAN_POINT('',(-108.985902105434,12.6348851857241,2.50316894787385));
#2026=CARTESIAN_POINT('',(-108.964938453391,12.6077661580619,2.50378684778758));
#2027=CARTESIAN_POINT('',(-108.94318751872,12.5805251485754,2.50448615924828));
#2028=CARTESIAN_POINT('',(-108.920726572408,12.5532955968577,2.50527036462077));
#2029=CARTESIAN_POINT('',(-108.897389929071,12.52591915652,2.50615199362965));
#2030=CARTESIAN_POINT('',(-108.873225132337,12.4985001393663,2.50713682693412));
#2031=CARTESIAN_POINT('',(-108.848140111549,12.4709815826949,2.50823659931876));
#2032=CARTESIAN_POINT('',(-108.822214845618,12.4434970249441,2.50945606316278));
#2033=CARTESIAN_POINT('',(-108.795391912949,12.4160304420981,2.51080658296733));
#2034=CARTESIAN_POINT('',(-108.767831997513,12.3887832606013,2.51228840634036));
#2035=CARTESIAN_POINT('',(-108.739591487933,12.3618349773909,2.51390591521903));
#2036=CARTESIAN_POINT('',(-108.710765222773,12.3352902539101,2.51566029327052));
#2037=CARTESIAN_POINT('',(-108.681325347262,12.3091363156884,2.51755986712062));
#2038=CARTESIAN_POINT('',(-108.651318400301,12.2834266788524,2.51960831283629));
#2039=CARTESIAN_POINT('',(-108.620805478049,12.2582213195492,2.52180770840392));
#2040=CARTESIAN_POINT('',(-108.589877847182,12.2335958745203,2.52415683069517));
#2041=CARTESIAN_POINT('',(-108.555192533565,12.2069816185206,2.52692752205945));
#2042=CARTESIAN_POINT('',(-108.512614078295,12.1756973025737,2.53052500441304));
#2043=CARTESIAN_POINT('',(-108.461149053794,12.1399867720339,2.53518748487516));
#2044=CARTESIAN_POINT('',(-108.407020944562,12.1048509494596,2.54047749498953));
#2045=CARTESIAN_POINT('',(-108.350649181316,12.0705237421628,2.54637143117535));
#2046=CARTESIAN_POINT('',(-108.285337225917,12.033335309658,2.55366121236453));
#2047=CARTESIAN_POINT('',(-108.206002217671,11.992080710971,2.56325759569131));
#2048=CARTESIAN_POINT('',(-108.122764592384,11.9534231131851,2.57426701983034));
#2049=CARTESIAN_POINT('',(-108.050907892199,11.923540805406,2.58453106404764));
#2050=CARTESIAN_POINT('',(-107.993554269775,11.901696633619,2.59318211075482));
#2051=CARTESIAN_POINT('',(-107.940913846594,11.883082350945,2.60146048446052));
#2052=CARTESIAN_POINT('',(-107.88182260734,11.8638800039231,2.61116364108334));
#2053=CARTESIAN_POINT('',(-107.810718552455,11.8431654874331,2.62343729108596));
#2054=CARTESIAN_POINT('',(-107.730435120459,11.8229186243187,2.63810800107214));
#2055=CARTESIAN_POINT('',(-107.643220705298,11.8045782048958,2.65502485163464));
#2056=CARTESIAN_POINT('',(-107.559315834288,11.7904963059783,2.67228546598254));
#2057=CARTESIAN_POINT('',(-107.485404477463,11.7809611314778,2.68830696509535));
#2058=CARTESIAN_POINT('',(-107.429509462164,11.7754395878581,2.70091327970529));
#2059=CARTESIAN_POINT('',(-107.385954406042,11.7720711443046,2.7110108913927));
#2060=CARTESIAN_POINT('',(-107.34855401247,11.769816116599,2.71987023251943));
#2061=CARTESIAN_POINT('',(-107.310887634136,11.7681902261277,2.72898471159479));
#2062=CARTESIAN_POINT('',(-107.272961241,11.7672064409093,2.73835780229493));
#2063=CARTESIAN_POINT('',(-107.247628711284,11.7669872762072,2.74475025855064));
#2064=CARTESIAN_POINT('',(-107.23493353257,11.7669872975923,2.74798701077887));
#2065=CARTESIAN_POINT('',(-104.453440496976,-6.43301270240771,4.06866091114722));
#2066=AXIS2_PLACEMENT_3D('',#2067,#2068,#2069);
#2067=CARTESIAN_POINT('',(-109.211368357316,-6.43301270240771,10.5));
#2068=DIRECTION('',(-1.07852076885685E-32,1.,2.64338815386942E-17));
#2069=DIRECTION('',(0.594740982542433,2.12506569512385E-17,-0.803917386106596));
#2070=CARTESIAN_POINT('',(-104.453440496976,-4.28135015897413,4.06866091114722));
#2071=CARTESIAN_POINT('',(-104.453440496976,-6.43301270240771,4.06866091114722));
#2072=VECTOR('',#2073,1.);
#2073=DIRECTION('',(0.,1.,0.));
#2074=CARTESIAN_POINT('',(-105.060618149524,-5.3330127024077,3.66104739652925));
#2075=CARTESIAN_POINT('',(-104.453440496976,-4.28135015897413,4.06866091114722));
#2076=CARTESIAN_POINT('',(-104.649547919891,-4.62101817920296,3.92357993217657));
#2077=CARTESIAN_POINT('',(-104.852081583193,-4.9718167742866,3.78761402832471));
#2078=CARTESIAN_POINT('',(-105.060618149524,-5.3330127024077,3.66104739652924));
#2079=CARTESIAN_POINT('',(-108.409249710824,-5.33301270240771,2.54031371994155));
#2080=AXIS2_PLACEMENT_3D('',#2081,#2082,#2083);
#2081=CARTESIAN_POINT('',(-109.211368357316,-5.33301270240772,10.5));
#2082=DIRECTION('',(-3.97854348906945E-15,1.,5.95808318461092E-17));
#2083=DIRECTION('',(0.518843775973932,2.11517633737916E-15,-0.854869075433842));
#2084=CARTESIAN_POINT('',(-108.409249710824,-5.33301270240772,2.54031371994155));
#2085=CARTESIAN_POINT('',(-108.675835056186,-4.87127333968788,2.51344920934749));
#2086=CARTESIAN_POINT('',(-108.943432827214,-4.40778040427561,2.49999999999998));
#2087=CARTESIAN_POINT('',(-109.211368357316,-3.94370245298585,2.49999999999998));
#2088=CARTESIAN_POINT('',(-91.0141099742183,-6.43301270240771,21.5964874377607));
#2089=AXIS2_PLACEMENT_3D('',#2090,#2091,#2092);
#2090=CARTESIAN_POINT('',(-128.243079798674,-6.43301270240771,36.2253563554111));
#2091=DIRECTION('',(-6.16297582203915E-33,-1.,-6.12323399573677E-17));
#2092=DIRECTION('',(0.594740982542433,4.92257426837175E-17,-0.803917386106596));
#2093=CARTESIAN_POINT('',(-91.0141099742183,28.5669872975923,21.5964874377607));
#2094=CARTESIAN_POINT('',(-91.0141099742183,-6.43301270240771,21.5964874377607));
#2095=VECTOR('',#2096,1.);
#2096=DIRECTION('',(0.,1.,1.01506105108586E-16));
#2097=CARTESIAN_POINT('',(-95.958070856167,28.5669872975908,12.6101452070375));
#2098=AXIS2_PLACEMENT_3D('',#2099,#2100,#2101);
#2099=CARTESIAN_POINT('',(-128.243079798674,28.5669872975923,36.2253563554111));
#2100=DIRECTION('',(-6.16297582203915E-33,-1.,-6.12323399573677E-17));
#2101=DIRECTION('',(0.807125223562672,3.61503659300552E-17,-0.590380278709331));
#2102=CARTESIAN_POINT('',(-104.453440496976,26.189591551992,4.06866091114725));
#2103=CARTESIAN_POINT('',(-104.453440496976,26.189591551992,4.06866091114726));
#2104=CARTESIAN_POINT('',(-104.381623628434,26.1463908125139,4.1217907898582));
#2105=CARTESIAN_POINT('',(-104.237699340656,26.0626945024496,4.22901010173605));
#2106=CARTESIAN_POINT('',(-104.020660207904,25.945066227287,4.39299485287059));
#2107=CARTESIAN_POINT('',(-103.803600917081,25.8358877453927,4.55933492676731));
#2108=CARTESIAN_POINT('',(-103.586777466942,25.7351461212912,4.72786532587753));
#2109=CARTESIAN_POINT('',(-103.36362526898,25.6399065118501,4.90378843047623));
#2110=CARTESIAN_POINT('',(-103.126758512038,25.5481064096049,5.09331493366814));
#2111=CARTESIAN_POINT('',(-102.840014100673,25.4491753418432,5.32650597852321));
#2112=CARTESIAN_POINT('',(-102.482563022666,25.3449765050277,5.62322664152945));
#2113=CARTESIAN_POINT('',(-102.072174186755,25.2540890112259,5.97320753826321));
#2114=CARTESIAN_POINT('',(-101.685819180346,25.197566830137,6.3123481178404));
#2115=CARTESIAN_POINT('',(-101.38833254987,25.1728229057342,6.57981772552582));
#2116=CARTESIAN_POINT('',(-101.18769202569,25.1648327283,6.7631659495195));
#2117=CARTESIAN_POINT('',(-101.066485643058,25.1634332717785,6.87509149797921));
#2118=CARTESIAN_POINT('',(-100.940327476525,25.1641047295093,6.99231347848818));
#2119=CARTESIAN_POINT('',(-100.784572730186,25.1686550166682,7.13830134968423));
#2120=CARTESIAN_POINT('',(-100.53556081695,25.1856780980971,7.37500970131466));
#2121=CARTESIAN_POINT('',(-100.193726551477,25.2275095967319,7.70620425729467));
#2122=CARTESIAN_POINT('',(-99.7348840498622,25.3218369059953,8.16356741490161));
#2123=CARTESIAN_POINT('',(-99.221335529201,25.4860595681288,8.69469073869882));
#2124=CARTESIAN_POINT('',(-98.7551941297714,25.6956690326918,9.19582093160573));
#2125=CARTESIAN_POINT('',(-98.4016436651943,25.8951846653136,9.58798592373979));
#2126=CARTESIAN_POINT('',(-98.1669947044379,26.0473152315562,9.85387144140485));
#2127=CARTESIAN_POINT('',(-97.9984321352867,26.1663896863498,10.0475630928159));
#2128=CARTESIAN_POINT('',(-97.8432725832225,26.2832951435025,10.2278113499468));
#2129=CARTESIAN_POINT('',(-97.6771670656107,26.4177790134425,10.4232157139962));
#2130=CARTESIAN_POINT('',(-97.5017126839901,26.5713818876926,10.6325332103758));
#2131=CARTESIAN_POINT('',(-97.3335184291334,26.7300256276971,10.8359601755252));
#2132=CARTESIAN_POINT('',(-97.1731642977699,26.8923158398969,11.0324852962418));
#2133=CARTESIAN_POINT('',(-97.0211641358918,27.0567084915457,11.2211420768222));
#2134=CARTESIAN_POINT('',(-96.8890178200074,27.2089390549161,11.3871621921273));
#2135=CARTESIAN_POINT('',(-96.7750599632138,27.3472704308948,11.5317872769849));
#2136=CARTESIAN_POINT('',(-96.6781051254159,27.4700799768604,11.6558567609066));
#2137=CARTESIAN_POINT('',(-96.585015734358,27.5929099830534,11.7759314820842));
#2138=CARTESIAN_POINT('',(-96.495808334854,27.7153624810687,11.8918881304397));
#2139=CARTESIAN_POINT('',(-96.4099190046102,27.8378707106924,12.0043677845876));
#2140=CARTESIAN_POINT('',(-96.3277581184018,27.9594902236,12.1127417493502));
#2141=CARTESIAN_POINT('',(-96.2486646496315,28.0808508482425,12.2177960418457));
#2142=CARTESIAN_POINT('',(-96.172550316895,28.2017962181819,12.3195751671945));
#2143=CARTESIAN_POINT('',(-96.0988334270248,28.3230104620225,12.418795075671));
#2144=CARTESIAN_POINT('',(-96.0274408326227,28.4444055049927,12.5154996665201));
#2145=CARTESIAN_POINT('',(-95.9809727040976,28.5260735408879,12.5788354544786));
#2146=CARTESIAN_POINT('',(-95.9580708561671,28.5669872975901,12.6101452070373));
#2147=CARTESIAN_POINT('',(-104.453440496976,19.3669872975923,4.06866091114723));
#2148=CARTESIAN_POINT('',(-104.453440496976,19.3669872975923,4.06866091114723));
#2149=VECTOR('',#2150,1.);
#2150=DIRECTION('',(0.,1.,0.));
#2151=CARTESIAN_POINT('',(-101.430709232679,19.3669872975923,6.54208186232709));
#2152=AXIS2_PLACEMENT_3D('',#2153,#2154,#2155);
#2153=CARTESIAN_POINT('',(-128.243079798674,19.3669872975923,36.2253563554111));
#2154=DIRECTION('',(-8.35652912698093E-17,-1.,-6.16297582203915E-33));
#2155=DIRECTION('',(0.594740982542433,-4.9699703436251E-17,-0.803917386106596));
#2156=CARTESIAN_POINT('',(-101.430709232679,11.7669872975923,6.54208186232709));
#2157=CARTESIAN_POINT('',(-101.430709232679,11.7669872975923,6.54208186232709));
#2158=VECTOR('',#2159,1.);
#2159=DIRECTION('',(0.,1.,0.));
#2160=AXIS2_PLACEMENT_3D('',#2161,#2162,#2163);
#2161=CARTESIAN_POINT('',(-128.243079798674,11.7669872975923,36.2253563554111));
#2162=DIRECTION('',(-1.25347936904714E-16,-1.,1.23259516440783E-32));
#2163=DIRECTION('',(0.594740982542433,-7.45495551543765E-17,-0.803917386106596));
#2164=CARTESIAN_POINT('',(-103.386302368874,-2.43301270240772,4.88623358840584));
#2165=CARTESIAN_POINT('',(-104.453440496976,-0.584675245841282,4.06866091114722));
#2166=CARTESIAN_POINT('',(-104.093164586999,-1.20869142666512,4.33519432911944));
#2167=CARTESIAN_POINT('',(-103.737418390492,-1.82486191361376,4.60774421056704));
#2168=CARTESIAN_POINT('',(-103.386302368874,-2.43301270240772,4.88623358840584));
#2169=CARTESIAN_POINT('',(-104.453440496976,-4.28135015897413,4.06866091114722));
#2170=CARTESIAN_POINT('',(-104.093164586999,-3.6573339781503,4.33519432911944));
#2171=CARTESIAN_POINT('',(-103.737418390492,-3.04116349120168,4.60774421056703));
#2172=CARTESIAN_POINT('',(-103.386302368874,-2.43301270240777,4.88623358840582));
#2173=CARTESIAN_POINT('',(-106.734933930174,-0.833012702407709,-7.42798198929687E-9));
#2174=AXIS2_PLACEMENT_3D('',#2175,#2176,#2177);
#2175=CARTESIAN_POINT('',(-106.734933930174,-2.43301270240771,-1.38105395727776E-14));
#2176=DIRECTION('',(-1.60847164371197E-16,-6.12323399573677E-17,1.));
#2177=DIRECTION('',(6.12323399573677E-17,1.,6.12323399573677E-17));
#2178=CARTESIAN_POINT('',(-47.1064811242266,6.50032063092562,-7.42797625313796E-9));
#2179=AXIS2_PLACEMENT_3D('',#2180,#2181,#2182);
#2180=CARTESIAN_POINT('',(-47.1064811242266,4.90032063092562,-3.77043486341181E-15));
#2181=DIRECTION('',(-1.60847164371197E-16,-6.12323399573677E-17,1.));
#2182=DIRECTION('',(6.12323399573677E-17,1.,6.12323399573677E-17));
#2183=CARTESIAN_POINT('',(-108.334933930174,24.8669872975923,-7.42798058909559E-9));
#2184=AXIS2_PLACEMENT_3D('',#2185,#2186,#2187);
#2185=CARTESIAN_POINT('',(-108.334933930174,23.2669872975923,-1.24942238988672E-14));
#2186=DIRECTION('',(-1.60847164371197E-16,-6.12323399573677E-17,1.));
#2187=DIRECTION('',(6.12323399573677E-17,1.,6.12323399573677E-17));
#2188=CARTESIAN_POINT('',(-47.1064811242266,25.0003206309256,-7.42797514291494E-9));
#2189=AXIS2_PLACEMENT_3D('',#2190,#2191,#2192);
#2190=CARTESIAN_POINT('',(-47.1064811242266,23.4003206309256,-2.63763657420051E-15));
#2191=DIRECTION('',(-1.60847164371197E-16,-6.12323399573677E-17,1.));
#2192=DIRECTION('',(6.12323399573677E-17,1.,6.12323399573677E-17));
#2193=CARTESIAN_POINT('',(-106.660618149524,20.3669872975923,2.91754173256114));
#2194=AXIS2_PLACEMENT_3D('',#2195,#2196,#2197);
#2195=CARTESIAN_POINT('',(-109.211368357316,20.3669872975923,10.5));
#2196=DIRECTION('',(3.18283479125556E-15,1.,1.19161663692219E-16));
#2197=DIRECTION('',(0.318843775973931,-9.01884770392018E-16,-0.947807283429857));
#2198=CARTESIAN_POINT('',(-107.234933527224,19.3669872975923,2.74798701214181));
#2199=CARTESIAN_POINT('',(-109.211368355129,18.1332716092478,2.49999999999999));
#2200=CARTESIAN_POINT('',(-109.20749377949,18.1411966364018,2.5000000013338));
#2201=CARTESIAN_POINT('',(-109.199663316169,18.1569717099833,2.50000562297853));
#2202=CARTESIAN_POINT('',(-109.187652602929,18.1804563760967,2.50003208412662));
#2203=CARTESIAN_POINT('',(-109.175359904855,18.203798630262,2.50007781479269));
#2204=CARTESIAN_POINT('',(-109.162763490322,18.2270369907547,2.50014426233981));
#2205=CARTESIAN_POINT('',(-109.149787449724,18.2503028958218,2.50023340760801));
#2206=CARTESIAN_POINT('',(-109.136399730419,18.2736358667428,2.50034740584457));
#2207=CARTESIAN_POINT('',(-109.122510266319,18.2971670496882,2.50048934147388));
#2208=CARTESIAN_POINT('',(-109.108148333447,18.320818097829,2.50066146956897));
#2209=CARTESIAN_POINT('',(-109.093176752933,18.3447830637197,2.50086827842694));
#2210=CARTESIAN_POINT('',(-109.077528350737,18.3691239850354,2.50111427137056));
#2211=CARTESIAN_POINT('',(-109.06098124468,18.3941218572057,2.50140762713008));
#2212=CARTESIAN_POINT('',(-109.043586488634,18.4196257666046,2.50175295494312));
#2213=CARTESIAN_POINT('',(-109.025235334135,18.4457238550897,2.50215829494906));
#2214=CARTESIAN_POINT('',(-109.006012044762,18.4722267116012,2.50262801292427));
#2215=CARTESIAN_POINT('',(-108.985823866889,18.4991922404144,2.50317115292921));
#2216=CARTESIAN_POINT('',(-108.96485890152,18.5263096757217,2.50378929894924));
#2217=CARTESIAN_POINT('',(-108.943106863256,18.5535488110393,2.50448886383128));
#2218=CARTESIAN_POINT('',(-108.920644467519,18.5807769023143,2.50527334826008));
#2219=CARTESIAN_POINT('',(-108.89730597985,18.6081522854022,2.50615528930858));
#2220=CARTESIAN_POINT('',(-108.873139127957,18.635570405812,2.50714046367549));
#2221=CARTESIAN_POINT('',(-108.848052229764,18.66308777515,2.50824059218125));
#2222=CARTESIAN_POINT('',(-108.822125525218,18.690570619556,2.50946041243607));
#2223=CARTESIAN_POINT('',(-108.795301880594,18.7180347173202,2.51081127078121));
#2224=CARTESIAN_POINT('',(-108.767741932701,18.7452787872268,2.51229340828391));
#2225=CARTESIAN_POINT('',(-108.739502162298,18.7722233176282,2.51391119388474));
#2226=CARTESIAN_POINT('',(-108.710677345864,18.7987637833995,2.51566580579393));
#2227=CARTESIAN_POINT('',(-108.681239855668,18.8249128192504,2.51756554776544));
#2228=CARTESIAN_POINT('',(-108.65123606977,18.850617127543,2.51961409570308));
#2229=CARTESIAN_POINT('',(-108.620727216946,18.8758166897696,2.52181350754718));
#2230=CARTESIAN_POINT('',(-108.589804378474,18.9004360862199,2.52416256265465));
#2231=CARTESIAN_POINT('',(-108.555125224845,18.927043379811,2.5269330722703));
#2232=CARTESIAN_POINT('',(-108.512554656953,18.9583195325671,2.53053023344895));
#2233=CARTESIAN_POINT('',(-108.461099393355,18.9940209798786,2.53519218751764));
#2234=CARTESIAN_POINT('',(-108.406981245087,19.029148493107,2.54048152947688));
#2235=CARTESIAN_POINT('',(-108.350618696757,19.0634686749664,2.54637474762669));
#2236=CARTESIAN_POINT('',(-108.29112045869,19.0973456855726,2.55301584423933));
#2237=CARTESIAN_POINT('',(-108.223599765627,19.1328479075392,2.56110913453878));
#2238=CARTESIAN_POINT('',(-108.158475026007,19.1641679324963,2.5695010400896));
#2239=CARTESIAN_POINT('',(-108.097798276718,19.1909982032067,2.57781853238307));
#2240=CARTESIAN_POINT('',(-108.044693935326,19.2128004318849,2.58546837331985));
#2241=CARTESIAN_POINT('',(-107.993563821777,19.2322743307833,2.59318066791125));
#2242=CARTESIAN_POINT('',(-107.940951657316,19.2508790700846,2.60145449199785));
#2243=CARTESIAN_POINT('',(-107.881922835753,19.2700628126666,2.61114698731708));
#2244=CARTESIAN_POINT('',(-107.816880313363,19.2890160909853,2.62237315700843));
#2245=CARTESIAN_POINT('',(-107.755174101472,19.3048642975229,2.63357501889532));
#2246=CARTESIAN_POINT('',(-107.70581383334,19.3161410647206,2.64290826533703));
#2247=CARTESIAN_POINT('',(-107.667236680159,19.3241858512389,2.65041094003929));
#2248=CARTESIAN_POINT('',(-107.627208470444,19.3318845457539,2.65837383213627));
#2249=CARTESIAN_POINT('',(-107.575285788575,19.3407944319588,2.66900179395539));
#2250=CARTESIAN_POINT('',(-107.507116385612,19.3505320254672,2.68350872219253));
#2251=CARTESIAN_POINT('',(-107.436504906089,19.3581273894208,2.69925241344751));
#2252=CARTESIAN_POINT('',(-107.375530809345,19.3626840596763,2.71343483075442));
#2253=CARTESIAN_POINT('',(-107.334963466095,19.36478614625,2.72314658572085));
#2254=CARTESIAN_POINT('',(-107.307648509264,19.3658185001267,2.72980016494132));
#2255=CARTESIAN_POINT('',(-107.287580344595,19.3663857887319,2.73474580413214));
#2256=CARTESIAN_POINT('',(-107.268885403083,19.3667494179574,2.73940255413895));
#2257=CARTESIAN_POINT('',(-107.251563559107,19.3669458443726,2.74375958822383));
#2258=CARTESIAN_POINT('',(-107.24036239556,19.3669872979043,2.74660288024218));
#2259=CARTESIAN_POINT('',(-107.234933527224,19.3669872975923,2.74798701214182));
#2260=AXIS2_PLACEMENT_3D('',#2261,#2262,#2263);
#2261=CARTESIAN_POINT('',(-109.211368357316,19.3669872975923,10.5));
#2262=DIRECTION('',(8.35652912698093E-17,1.,0.));
#2263=DIRECTION('',(0.594740982542435,-4.96997034362511E-17,-0.803917386106595));
#2264=CARTESIAN_POINT('',(-107.709988810482,29.5669872975923,2.64214663492817));
#2265=CARTESIAN_POINT('',(-107.709988810059,29.5669872975923,2.64214663500914));
#2266=CARTESIAN_POINT('',(-107.681951520594,29.5225242100709,2.64750372791969));
#2267=CARTESIAN_POINT('',(-107.62569608341,29.4344664661771,2.65856133186553));
#2268=CARTESIAN_POINT('',(-107.540232819507,29.304107637309,2.67632652187916));
#2269=CARTESIAN_POINT('',(-107.45436717756,29.1764384980288,2.69515907348078));
#2270=CARTESIAN_POINT('',(-107.368026999642,29.0512566851229,2.71509634796666));
#2271=CARTESIAN_POINT('',(-107.28146998095,28.9288447817975,2.73609913863615));
#2272=CARTESIAN_POINT('',(-107.194553392928,28.8089101529525,2.7582206487617));
#2273=CARTESIAN_POINT('',(-107.107545671475,28.6917329256171,2.78140877796153));
#2274=CARTESIAN_POINT('',(-107.020150462219,28.576833814344,2.80576049167458));
#2275=CARTESIAN_POINT('',(-106.93273979228,28.4646296469031,2.83119093484124));
#2276=CARTESIAN_POINT('',(-106.845355988411,28.3550885793609,2.85769938625362));
#2277=CARTESIAN_POINT('',(-106.758595234127,28.2488463917135,2.88510292939802));
#2278=CARTESIAN_POINT('',(-106.672199629705,28.1454685898703,2.91347460212445));
#2279=CARTESIAN_POINT('',(-106.586416558429,28.0451467032614,2.9427273282504));
#2280=CARTESIAN_POINT('',(-106.500979785805,27.9474739880763,2.97294756922913));
#2281=CARTESIAN_POINT('',(-106.406951244338,27.8423722843934,3.00740730611745));
#2282=CARTESIAN_POINT('',(-106.300948081375,27.7269352028268,3.04783984641419));
#2283=CARTESIAN_POINT('',(-106.179669440062,27.5988898914779,3.09628755439792));
#2284=CARTESIAN_POINT('',(-106.047117878924,27.4635550722149,3.15186624639193));
#2285=CARTESIAN_POINT('',(-105.906181582899,27.3249078588855,3.21409981973142));
#2286=CARTESIAN_POINT('',(-105.759980714786,27.1866983376065,3.2821981161356));
#2287=CARTESIAN_POINT('',(-105.62942561348,27.068180194981,3.34625608571137));
#2288=CARTESIAN_POINT('',(-105.517966104001,26.9704498065143,3.40334420377267));
#2289=CARTESIAN_POINT('',(-105.42909547597,26.8946131083083,3.45035892397526));
#2290=CARTESIAN_POINT('',(-105.347037392048,26.8262987494538,3.49502848946899));
#2291=CARTESIAN_POINT('',(-105.268977677044,26.7628265600989,3.53866264018932));
#2292=CARTESIAN_POINT('',(-105.19163900525,26.7014202662685,3.58303485713835));
#2293=CARTESIAN_POINT('',(-105.115265454132,26.6422199427912,3.62798797864697));
#2294=CARTESIAN_POINT('',(-105.039478157403,26.5848854118559,3.67373183032503));
#2295=CARTESIAN_POINT('',(-104.964312945906,26.5294110156125,3.72024105838143));
#2296=CARTESIAN_POINT('',(-104.889612346385,26.475654098029,3.76761356880754));
#2297=CARTESIAN_POINT('',(-104.815627344268,26.4237648787287,3.81568612681957));
#2298=CARTESIAN_POINT('',(-104.742151044293,26.3735680852011,3.86458815040819));
#2299=CARTESIAN_POINT('',(-104.669229377797,26.3250730057929,3.9142899058323));
#2300=CARTESIAN_POINT('',(-104.596754083476,26.2781898930372,3.96486907434082));
#2301=CARTESIAN_POINT('',(-104.524896615972,26.2330088259652,4.01620618560241));
#2302=CARTESIAN_POINT('',(-104.477183779563,26.2038738205712,4.05109556460962));
#2303=CARTESIAN_POINT('',(-104.453440496976,26.189591551992,4.06866091114726));
#2304=AXIS2_PLACEMENT_3D('',#2305,#2306,#2307);
#2305=CARTESIAN_POINT('',(-109.211368357316,29.5669872975923,10.5));
#2306=DIRECTION('',(0.,-1.,-6.12323399573677E-17));
#2307=DIRECTION('',(1.77635683940025E-15,6.12323399573677E-17,-1.));
#2308=CARTESIAN_POINT('',(-106.660618149524,26.1669872975923,2.91754173256113));
#2309=AXIS2_PLACEMENT_3D('',#2310,#2311,#2312);
#2310=CARTESIAN_POINT('',(-109.211368357316,26.1669872975923,10.5));
#2311=DIRECTION('',(-1.06094493041852E-15,1.,1.19161663692218E-16));
#2312=DIRECTION('',(0.318843775973932,4.51217980468144E-16,-0.947807283429857));
#2313=CARTESIAN_POINT('',(-104.986302368874,23.2669872975923,3.70670791196815));
#2314=CARTESIAN_POINT('',(-104.986302368874,23.2669872975923,3.70670791196815));
#2315=CARTESIAN_POINT('',(-105.51258426615,24.1785342827782,3.37938859230706));
#2316=CARTESIAN_POINT('',(-106.073198902524,25.149547316444,3.11515043853727));
#2317=CARTESIAN_POINT('',(-106.660618149524,26.1669872975923,2.91754173256113));
#2318=CARTESIAN_POINT('',(-104.986302368874,23.2669872975923,3.70670791196815));
#2319=CARTESIAN_POINT('',(-105.51258426615,22.3554403124063,3.37938859230706));
#2320=CARTESIAN_POINT('',(-106.073198902524,21.3844272787406,3.11515043853727));
#2321=CARTESIAN_POINT('',(-106.660618149524,20.3669872975923,2.91754173256113));
#2322=CARTESIAN_POINT('',(-106.660618149524,26.1669872975923,2.49999999999999));
#2323=VECTOR('',#2324,1.);
#2324=DIRECTION('',(0.,0.,1.));
#2325=CARTESIAN_POINT('',(-104.986302368874,23.2669872975923,2.49999999999999));
#2326=VECTOR('',#2327,1.);
#2327=DIRECTION('',(0.,0.,1.));
#2328=CARTESIAN_POINT('',(-106.660618149524,20.3669872975923,2.49999999999999));
#2329=VECTOR('',#2330,1.);
#2330=DIRECTION('',(0.,0.,1.));
#2331=CARTESIAN_POINT('',(-108.409249710824,0.46698729759229,2.49999999999999));
#2332=VECTOR('',#2333,1.);
#2333=DIRECTION('',(0.,0.,1.));
#2334=CARTESIAN_POINT('',(-105.060618149524,0.466987297592291,2.49999999999999));
#2335=VECTOR('',#2336,1.);
#2336=DIRECTION('',(0.,0.,1.));
#2337=CARTESIAN_POINT('',(-103.386302368874,-2.43301270240772,2.49999999999999));
#2338=VECTOR('',#2339,1.);
#2339=DIRECTION('',(0.,0.,1.));
#2340=CARTESIAN_POINT('',(-105.060618149524,-5.3330127024077,2.49999999999999));
#2341=VECTOR('',#2342,1.);
#2342=DIRECTION('',(0.,0.,1.));
#2343=CARTESIAN_POINT('',(-108.409249710824,-5.33301270240771,2.49999999999998));
#2344=VECTOR('',#2345,1.);
#2345=DIRECTION('',(0.,0.,1.));
#2346=CARTESIAN_POINT('',(-48.7807969048765,26.3003206309256,2.49999999999999));
#2347=VECTOR('',#2348,1.);
#2348=DIRECTION('',(0.,0.,1.));
#2349=CARTESIAN_POINT('',(-45.4321653435767,26.3003206309256,2.49999999999999));
#2350=VECTOR('',#2351,1.);
#2351=DIRECTION('',(0.,0.,1.));
#2352=CARTESIAN_POINT('',(-45.4321653435767,20.5003206309256,2.49999999999999));
#2353=VECTOR('',#2354,1.);
#2354=DIRECTION('',(0.,0.,1.));
#2355=CARTESIAN_POINT('',(-48.7807969048765,20.5003206309256,2.49999999999999));
#2356=VECTOR('',#2357,1.);
#2357=DIRECTION('',(0.,0.,1.));
#2358=CARTESIAN_POINT('',(-50.4551126855264,23.4003206309256,2.49999999999999));
#2359=VECTOR('',#2360,1.);
#2360=DIRECTION('',(0.,0.,1.));
#2361=CARTESIAN_POINT('',(-45.4321653435767,2.00032063092564,2.49999999999999));
#2362=VECTOR('',#2363,1.);
#2363=DIRECTION('',(0.,0.,1.));
#2364=CARTESIAN_POINT('',(-48.7807969048765,2.00032063092562,2.49999999999999));
#2365=VECTOR('',#2366,1.);
#2366=DIRECTION('',(0.,0.,1.));
#2367=CARTESIAN_POINT('',(-50.4551126855264,4.90032063092563,2.49999999999999));
#2368=VECTOR('',#2369,1.);
#2369=DIRECTION('',(0.,0.,1.));
#2370=CARTESIAN_POINT('',(-48.7807969048765,7.80032063092563,2.49999999999999));
#2371=VECTOR('',#2372,1.);
#2372=DIRECTION('',(0.,0.,1.));
#2373=CARTESIAN_POINT('',(-45.4321653435767,7.80032063092562,2.49999999999999));
#2374=VECTOR('',#2375,1.);
#2375=DIRECTION('',(0.,0.,1.));
#2376=CARTESIAN_POINT('',(-107.974558249791,29.5669872975923,-1.20504947508378E-14));
#2377=AXIS2_PLACEMENT_3D('',#2378,#2379,#2380);
#2378=CARTESIAN_POINT('',(-94.6492553794941,29.5669872975923,3.0679085716045E-15));
#2379=DIRECTION('',(4.70317943128235E-11,1.,2.32488886480601E-10));
#2380=DIRECTION('',(-1.,4.70317943147533E-11,-8.30086957211658E-12));
#2381=CARTESIAN_POINT('',(-111.734933930174,29.5669872975923,-1.26553405159978E-14));
#2382=CARTESIAN_POINT('',(-107.974558249791,29.5669872975923,-1.20504947508378E-14));
#2383=VECTOR('',#2384,1.);
#2384=DIRECTION('',(-1.,0.,-1.60847164371197E-16));
#2385=CARTESIAN_POINT('',(-111.734933930174,29.5669872975923,-1.26553405159978E-14));
#2386=VECTOR('',#2387,1.);
#2387=DIRECTION('',(0.,0.,1.));
#2388=CARTESIAN_POINT('',(-111.734933930174,-7.43301270240771,1.49999999999999));
#2389=CARTESIAN_POINT('',(-111.734933930174,-7.43301270240771,1.49999999999999));
#2390=VECTOR('',#2391,1.);
#2391=DIRECTION('',(0.,0.707106781186548,0.707106781186547));
#2392=CARTESIAN_POINT('',(-111.734933930174,-7.43301270240771,-1.49209370944204E-14));
#2393=CARTESIAN_POINT('',(-111.734933930174,-7.43301270240771,-1.49209370944204E-14));
#2394=VECTOR('',#2395,1.);
#2395=DIRECTION('',(0.,1.,6.12323399573677E-17));
#2396=CARTESIAN_POINT('',(-111.734933930174,-7.43301270240771,-1.49209370944204E-14));
#2397=VECTOR('',#2398,1.);
#2398=DIRECTION('',(0.,0.,1.));
#2399=CARTESIAN_POINT('',(-109.211368357316,-7.43301270240771,1.49999999999999));
#2400=CARTESIAN_POINT('',(-111.734933930174,-7.43301270240771,1.49999999999999));
#2401=VECTOR('',#2402,1.);
#2402=DIRECTION('',(1.,0.,8.7988442746712E-17));
#2403=CARTESIAN_POINT('',(-42.1064811242266,-7.43301270240771,-3.72139790103003E-15));
#2404=CARTESIAN_POINT('',(-42.1064811242266,-7.43301270240771,-3.72139790103003E-15));
#2405=VECTOR('',#2406,1.);
#2406=DIRECTION('',(-1.,0.,-1.60847164371197E-16));
#2407=CARTESIAN_POINT('',(-42.1064811242268,-7.43301270240771,1.5));
#2408=CARTESIAN_POINT('',(-42.1064811242266,-7.43301270240771,1.5));
#2409=VECTOR('',#2410,1.);
#2410=DIRECTION('',(0.,0.,-1.));
#2411=CARTESIAN_POINT('',(-44.6300466970927,-7.43301270240771,1.50000000000102));
#2412=CARTESIAN_POINT('',(-44.6300466970927,-7.43301270240771,1.50000000000102));
#2413=VECTOR('',#2414,1.);
#2414=DIRECTION('',(1.,0.,-4.05098790404708E-13));
#2415=CARTESIAN_POINT('',(-49.9827155399714,-7.43301270240771,3.26474352504204));
#2416=AXIS2_PLACEMENT_3D('',#2417,#2418,#2419);
#2417=CARTESIAN_POINT('',(-44.630046697089,-7.43301270240771,10.500000000001));
#2418=DIRECTION('',(0.,1.,6.12323399573677E-17));
#2419=DIRECTION('',(-4.05009359383257E-13,6.12323399573677E-17,-1.));
#2420=CARTESIAN_POINT('',(-63.7774794769806,-7.43301270240771,21.2803589806067));
#2421=AXIS2_PLACEMENT_3D('',#2422,#2423,#2424);
#2422=CARTESIAN_POINT('',(-25.5983352557293,-7.43301270240771,36.2253563554107));
#2423=DIRECTION('',(3.08148791101958E-33,-1.,-6.12323399573677E-17));
#2424=DIRECTION('',(-0.931198639542713,2.23199307296577E-17,-0.364512131092781));
#2425=CARTESIAN_POINT('',(-90.063935577415,-7.43301270240771,21.2803589806259));
#2426=AXIS2_PLACEMENT_3D('',#2427,#2428,#2429);
#2427=CARTESIAN_POINT('',(-76.9207075272004,-7.43301270240771,17.6892336110443));
#2428=DIRECTION('',(0.,1.,6.12323399573677E-17));
#2429=DIRECTION('',(-0.964640590841437,-1.61389364741099E-17,0.263568834464704));
#2430=CARTESIAN_POINT('',(-103.858699514434,-7.43301270240771,3.26474352504063));
#2431=AXIS2_PLACEMENT_3D('',#2432,#2433,#2434);
#2432=CARTESIAN_POINT('',(-128.243079798674,-7.43301270240771,36.2253563554111));
#2433=DIRECTION('',(0.,-1.,-6.12323399573677E-17));
#2434=DIRECTION('',(0.594740982542433,4.92257426837175E-17,-0.803917386106596));
#2435=AXIS2_PLACEMENT_3D('',#2436,#2437,#2438);
#2436=CARTESIAN_POINT('',(-109.211368357316,-7.43301270240771,10.5));
#2437=DIRECTION('',(0.,1.,6.12323399573677E-17));
#2438=DIRECTION('',(0.594740982542434,4.92257426837174E-17,-0.803917386106595));
#2439=CARTESIAN_POINT('',(-89.5457075272004,-7.43301270240771,17.6892336110443));
#2440=AXIS2_PLACEMENT_3D('',#2441,#2442,#2443);
#2441=CARTESIAN_POINT('',(-76.9207075272004,-7.43301270240771,17.6892336110443));
#2442=DIRECTION('',(0.,1.,6.12323399573677E-17));
#2443=DIRECTION('',(-1.,7.49879891330929E-33,-1.22464679914735E-16));
#2444=CARTESIAN_POINT('',(-107.2349335272,11.7669872975923,-1.36161592889767E-14));
#2445=CARTESIAN_POINT('',(-107.2349335272,11.7669872975923,-1.4210854715202E-14));
#2446=VECTOR('',#2447,1.);
#2447=DIRECTION('',(0.,0.,1.));
#2448=CARTESIAN_POINT('',(-109.4349335272,13.9669872975923,-1.38874419689553E-14));
#2449=AXIS2_PLACEMENT_3D('',#2450,#2451,#2452);
#2450=CARTESIAN_POINT('',(-107.2349335272,13.9669872975923,-1.28867527148452E-14));
#2451=DIRECTION('',(-1.60847164371197E-16,-6.12323399573677E-17,1.));
#2452=DIRECTION('',(-1.,1.92117382893745E-47,-1.60847164371197E-16));
#2453=CARTESIAN_POINT('',(-109.4349335272,13.9669872975923,-1.4210854715202E-14));
#2454=VECTOR('',#2455,1.);
#2455=DIRECTION('',(0.,0.,1.));
#2456=CARTESIAN_POINT('',(-109.4349335272,17.1669872975923,-1.3230008526534E-14));
#2457=CARTESIAN_POINT('',(-109.4349335272,17.1669872975923,2.49999999999999));
#2458=VECTOR('',#2459,1.);
#2459=DIRECTION('',(0.,0.,-1.));
#2460=CARTESIAN_POINT('',(-109.4349335272,13.9669872975923,-1.37257355958319E-14));
#2461=VECTOR('',#2462,1.);
#2462=DIRECTION('',(0.,1.,3.06161699786844E-17));
#2463=CARTESIAN_POINT('',(-107.2349335272,19.3669872975923,-1.36592691698265E-14));
#2464=AXIS2_PLACEMENT_3D('',#2465,#2466,#2467);
#2465=CARTESIAN_POINT('',(-107.2349335272,17.1669872975923,-1.26908092269816E-14));
#2466=DIRECTION('',(-1.60847164371197E-16,-6.12323399573677E-17,1.));
#2467=DIRECTION('',(4.68613214757172E-47,1.,6.12323399573677E-17));
#2468=CARTESIAN_POINT('',(-107.2349335272,19.3669872975923,2.74798701204964));
#2469=VECTOR('',#2470,1.);
#2470=DIRECTION('',(0.,0.,-1.));
#2471=CARTESIAN_POINT('',(-42.1064811242266,-6.43301270240771,2.5));
#2472=VECTOR('',#2473,1.);
#2473=DIRECTION('',(-1.45704580165854E-13,-0.707106781186547,-0.707106781186547));
#2474=CARTESIAN_POINT('',(-42.1064811242266,29.5669872975923,-1.45580132260743E-15));
#2475=CARTESIAN_POINT('',(-42.1064811242266,-7.43301270240771,-3.63705578991526E-15));
#2476=VECTOR('',#2477,1.);
#2477=DIRECTION('',(0.,1.,6.06221976712556E-17));
#2478=CARTESIAN_POINT('',(-42.1064811242268,29.5669872975923,1.5));
#2479=CARTESIAN_POINT('',(-42.1064811242266,29.5669872975923,1.5));
#2480=VECTOR('',#2481,1.);
#2481=DIRECTION('',(0.,0.,-1.));
#2482=CARTESIAN_POINT('',(-42.1064811242268,29.5669872975923,1.5));
#2483=VECTOR('',#2484,1.);
#2484=DIRECTION('',(1.45704580165854E-13,-0.707106781186547,0.707106781186548));
#2485=CARTESIAN_POINT('',(-72.1658383189211,29.5669872975923,4.92084123789548));
#2486=CARTESIAN_POINT('',(-89.8279432300913,29.5669872975923,13.3253028702974));
#2487=AXIS2_PLACEMENT_3D('',#2488,#2489,#2490);
#2488=CARTESIAN_POINT('',(-76.9207075272004,29.5669872975923,17.6892336110443));
#2489=DIRECTION('',(0.,1.,6.12323399573677E-17));
#2490=DIRECTION('',(0.348981226312482,5.73826453239192E-17,-0.937129715504442));
#2491=CARTESIAN_POINT('',(-94.2344404495475,29.5669872975923,13.3253028702972));
#2492=CARTESIAN_POINT('',(-94.2344404495475,29.5669872975923,13.3253028702972));
#2493=VECTOR('',#2494,1.);
#2494=DIRECTION('',(1.,0.,0.));
#2495=CARTESIAN_POINT('',(-90.0639355774151,29.5669872975923,21.2803589806257));
#2496=AXIS2_PLACEMENT_3D('',#2497,#2498,#2499);
#2497=CARTESIAN_POINT('',(-128.243079798674,29.5669872975923,36.2253563554111));
#2498=DIRECTION('',(6.16297582203915E-33,-1.,-6.12323399573677E-17));
#2499=DIRECTION('',(0.82947900851527,3.42005819522535E-17,-0.558537889880825));
#2500=CARTESIAN_POINT('',(-63.7774794769806,29.5669872975923,21.2803589806067));
#2501=AXIS2_PLACEMENT_3D('',#2502,#2503,#2504);
#2502=CARTESIAN_POINT('',(-76.9207075272004,29.5669872975923,17.6892336110443));
#2503=DIRECTION('',(-3.08148791101958E-33,1.,6.12323399573677E-17));
#2504=DIRECTION('',(-0.964640590841441,-1.6138936474109E-17,0.263568834464689));
#2505=CARTESIAN_POINT('',(-49.9827155399714,29.5669872975923,3.26474352504204));
#2506=AXIS2_PLACEMENT_3D('',#2507,#2508,#2509);
#2507=CARTESIAN_POINT('',(-25.5983352557293,29.5669872975923,36.2253563554107));
#2508=DIRECTION('',(0.,-1.,-6.12323399573677E-17));
#2509=DIRECTION('',(-0.931198639542713,2.23199307296578E-17,-0.364512131092782));
#2510=CARTESIAN_POINT('',(-44.6300466970927,29.5669872975923,1.50000000000102));
#2511=AXIS2_PLACEMENT_3D('',#2512,#2513,#2514);
#2512=CARTESIAN_POINT('',(-44.630046697089,29.5669872975923,10.500000000001));
#2513=DIRECTION('',(-6.16297582203915E-33,-1.,-6.12323399573677E-17));
#2514=DIRECTION('',(-0.59474098254249,4.92257426837149E-17,-0.803917386106553));
#2515=CARTESIAN_POINT('',(-44.6300466970927,29.5669872975923,1.50000000000102));
#2516=VECTOR('',#2517,1.);
#2517=DIRECTION('',(1.,0.,-4.05098790404709E-13));
#2518=CARTESIAN_POINT('',(-71.2239525091969,29.5669872975923,-6.13926402853937E-15));
#2519=CARTESIAN_POINT('',(-42.1064811242266,29.5669872975923,-1.45580132260743E-15));
#2520=VECTOR('',#2521,1.);
#2521=DIRECTION('',(-1.,0.,-1.60847164371197E-16));
#2522=AXIS2_PLACEMENT_3D('',#2523,#2524,#2525);
#2523=CARTESIAN_POINT('',(-84.5492553794941,29.5669872975923,3.0679085716045E-15));
#2524=DIRECTION('',(-7.08111061557259E-11,1.,1.78197876662327E-10));
#2525=DIRECTION('',(0.92931599236479,-1.29246970711411E-26,0.369285507886575));
#2526=CARTESIAN_POINT('',(-80.9207075272004,29.5669872975923,17.6892336110443));
#2527=AXIS2_PLACEMENT_3D('',#2528,#2529,#2530);
#2528=CARTESIAN_POINT('',(-76.9207075272004,29.5669872975923,17.6892336110443));
#2529=DIRECTION('',(0.,1.,6.12323399573677E-17));
#2530=DIRECTION('',(-1.,7.49879891330929E-33,-1.22464679914735E-16));
#2531=CARTESIAN_POINT('',(-87.0207075272004,29.5669872975923,17.6892336110443));
#2532=AXIS2_PLACEMENT_3D('',#2533,#2534,#2535);
#2533=CARTESIAN_POINT('',(-85.4207075272004,29.5669872975923,17.6892336110443));
#2534=DIRECTION('',(0.,1.,6.12323399573677E-17));
#2535=DIRECTION('',(-1.,7.49879891330929E-33,-1.22464679914735E-16));
#2536=CARTESIAN_POINT('',(-70.0207075272004,29.5669872975923,17.6892336110443));
#2537=AXIS2_PLACEMENT_3D('',#2538,#2539,#2540);
#2538=CARTESIAN_POINT('',(-68.4207075272004,29.5669872975923,17.6892336110443));
#2539=DIRECTION('',(0.,1.,6.12323399573677E-17));
#2540=DIRECTION('',(-1.,7.49879891330929E-33,-1.22464679914735E-16));
#2541=AXIS2_PLACEMENT_3D('',#2542,#2543,#2544);
#2542=CARTESIAN_POINT('',(-76.9207075272004,-6.43301270240771,17.6892336110443));
#2543=DIRECTION('',(1.3684555315672E-48,1.,6.12323399573677E-17));
#2544=DIRECTION('',(-0.963651449368747,-1.63589945037415E-17,0.267162654818211));
#2545=AXIS2_PLACEMENT_3D('',#2546,#2547,#2548);
#2546=CARTESIAN_POINT('',(-76.9207075272004,28.5669872975923,17.6892336110443));
#2547=DIRECTION('',(1.3684555315672E-48,1.,6.12323399573677E-17));
#2548=DIRECTION('',(-0.963651449368746,-1.63589945037416E-17,0.267162654818211));
#2549=CARTESIAN_POINT('',(-100.760399968529,11.7669872975923,4.8));
#2550=AXIS2_PLACEMENT_3D('',#2551,#2552,#2553);
#2551=CARTESIAN_POINT('',(-100.760399968529,11.7669872975923,5.79999999999999));
#2552=DIRECTION('',(-1.25347936904714E-16,-1.,0.));
#2553=DIRECTION('',(-0.67030926414987,8.40218833493031E-17,0.742081862327102));
#2554=CARTESIAN_POINT('',(-69.1207075272004,11.7669872975923,4.8));
#2555=CARTESIAN_POINT('',(-69.1207075272004,11.7669872975923,4.8));
#2556=VECTOR('',#2557,1.);
#2557=DIRECTION('',(-1.,1.12286605989882E-16,0.));
#2558=CARTESIAN_POINT('',(-69.1207075272004,11.7669872975923,-1.09949659116753E-14));
#2559=CARTESIAN_POINT('',(-69.1207075272004,11.7669872975923,-1.55431223447522E-14));
#2560=VECTOR('',#2561,1.);
#2561=DIRECTION('',(0.,3.70074341541718E-16,1.));
#2562=CARTESIAN_POINT('',(-69.1207075272004,11.7669872975923,-6.89089868844844E-15));
#2563=VECTOR('',#2564,1.);
#2564=DIRECTION('',(-1.,1.39818411062598E-16,-1.60847164371197E-16));
#2565=CARTESIAN_POINT('',(-94.6492553794941,29.3112489392978,13.1699921721868));
#2566=CARTESIAN_POINT('',(-94.6492553794942,29.3112489392978,13.1699921721868));
#2567=CARTESIAN_POINT('',(-94.6750580261478,29.295503730098,13.1602207971713));
#2568=CARTESIAN_POINT('',(-94.726856392567,29.2640201807613,13.1404516155713));
#2569=CARTESIAN_POINT('',(-94.804817033826,29.2170131094696,13.1102358199835));
#2570=CARTESIAN_POINT('',(-94.8833725534503,29.170032355544,13.0793229380602));
#2571=CARTESIAN_POINT('',(-94.9624803878742,29.1231134112394,13.0477210552967));
#2572=CARTESIAN_POINT('',(-95.0422732076529,29.076188166933,13.0153680215706));
#2573=CARTESIAN_POINT('',(-95.1226529762098,29.0293255705007,12.9822937358341));
#2574=CARTESIAN_POINT('',(-95.2036244849953,28.9825337798262,12.9484869611259));
#2575=CARTESIAN_POINT('',(-95.2848971371622,28.9359892980726,12.9140626912684));
#2576=CARTESIAN_POINT('',(-95.36656481885,28.8896449129502,12.8789772872322));
#2577=CARTESIAN_POINT('',(-95.4487017387447,28.8434666766375,12.8431932103996));
#2578=CARTESIAN_POINT('',(-95.5316937876749,28.7972501978411,12.8065317873693));
#2579=CARTESIAN_POINT('',(-95.6154502525138,28.7510615641869,12.7690193019758));
#2580=CARTESIAN_POINT('',(-95.7000550323344,28.7048696650247,12.7306051075283));
#2581=CARTESIAN_POINT('',(-95.7853487668353,28.6587758875386,12.6913495587376));
#2582=CARTESIAN_POINT('',(-95.8714522855183,28.6127300397365,12.6511844612405));
#2583=CARTESIAN_POINT('',(-95.9291085327486,28.5822265087633,12.6239278705599));
#2584=CARTESIAN_POINT('',(-95.9580708561671,28.5669872975901,12.6101452070373));
#2585=CARTESIAN_POINT('',(-94.6492553794941,21.9844555428617,-8.31584928787304E-15));
#2586=AXIS2_PLACEMENT_3D('',#2587,#2588,#2589);
#2587=CARTESIAN_POINT('',(-94.6492553794941,37.4844555428617,3.5527136788005E-15));
#2588=DIRECTION('',(1.,-8.64407221119343E-16,0.));
#2589=DIRECTION('',(-4.55805084375542E-16,-0.52730365184283,0.849676914334628));
#2590=AXIS2_PLACEMENT_3D('',#2591,#2592,#2593);
#2591=CARTESIAN_POINT('',(-94.6492553794941,37.4844555428617,-9.42235246256715E-15));
#2592=DIRECTION('',(-1.60847164371197E-16,-6.12323399573677E-17,1.));
#2593=DIRECTION('',(-0.859696959374013,-0.510804402920607,-1.69557566985205E-16));
#2594=CARTESIAN_POINT('',(-69.1207075272004,19.3669872975923,-1.02834798155086E-14));
#2595=CARTESIAN_POINT('',(-107.2349335272,19.3669872975923,-1.24952979774386E-14));
#2596=VECTOR('',#2597,1.);
#2597=DIRECTION('',(1.,-9.32122740417319E-17,1.61984321972114E-16));
#2598=CARTESIAN_POINT('',(-69.1207075272004,19.3669872975923,4.8));
#2599=CARTESIAN_POINT('',(-69.1207075272004,19.3669872975923,4.8));
#2600=VECTOR('',#2601,1.);
#2601=DIRECTION('',(0.,0.,-1.));
#2602=CARTESIAN_POINT('',(-100.760399968529,19.3669872975923,4.8));
#2603=CARTESIAN_POINT('',(-69.1207075272004,19.3669872975923,4.8));
#2604=VECTOR('',#2605,1.);
#2605=DIRECTION('',(-1.,1.12286605989882E-16,0.));
#2606=AXIS2_PLACEMENT_3D('',#2607,#2608,#2609);
#2607=CARTESIAN_POINT('',(-100.760399968529,19.3669872975923,5.79999999999999));
#2608=DIRECTION('',(8.35652912698093E-17,1.,0.));
#2609=DIRECTION('',(0.,0.,-1.));
#2610=CARTESIAN_POINT('',(-100.760399968529,11.7669872975923,4.8));
#2611=VECTOR('',#2612,1.);
#2612=DIRECTION('',(0.,1.,0.));
#2613=CARTESIAN_POINT('',(-84.5492553794941,21.9844555428617,5.4509162174789E-15));
#2614=AXIS2_PLACEMENT_3D('',#2615,#2616,#2617);
#2615=CARTESIAN_POINT('',(-84.5492553794941,37.4844555428617,-7.79779610241806E-15));
#2616=DIRECTION('',(-1.60847164371197E-16,-6.12323399573677E-17,1.));
#2617=DIRECTION('',(-9.16829336464645E-16,-1.,-6.12323399573678E-17));
#2618=CARTESIAN_POINT('',(-94.6492553794941,21.9844555428617,-5.90196013355171E-15));
#2619=VECTOR('',#2620,1.);
#2620=DIRECTION('',(1.,-7.03507659168416E-16,8.04235821855985E-17));
#2621=CARTESIAN_POINT('',(-66.9207075272004,13.9669872975923,-1.0423773176843E-14));
#2622=AXIS2_PLACEMENT_3D('',#2623,#2624,#2625);
#2623=CARTESIAN_POINT('',(-69.1207075272004,13.9669872975923,-6.75618754054222E-15));
#2624=DIRECTION('',(-1.60847164371197E-16,-6.12323399573677E-17,1.));
#2625=DIRECTION('',(-6.45947941600091E-15,-1.,-6.12323399573687E-17));
#2626=CARTESIAN_POINT('',(-66.9207075272004,17.1669872975923,-9.76633973442176E-15));
#2627=CARTESIAN_POINT('',(-66.9207075272004,13.9669872975923,-6.7538755682633E-15));
#2628=VECTOR('',#2629,1.);
#2629=DIRECTION('',(0.,1.,3.06161699786839E-17));
#2630=AXIS2_PLACEMENT_3D('',#2631,#2632,#2633);
#2631=CARTESIAN_POINT('',(-69.1207075272004,17.1669872975923,-6.56024405267865E-15));
#2632=DIRECTION('',(-1.60847164371197E-16,-6.12323399573677E-17,1.));
#2633=DIRECTION('',(1.,-1.92117382893745E-47,1.60847164371197E-16));
#2634=CARTESIAN_POINT('',(-58.9207075272004,2.97532063092563,-5.78859193398741E-15));
#2635=AXIS2_PLACEMENT_3D('',#2636,#2637,#2638);
#2636=CARTESIAN_POINT('',(-58.9207075272004,4.90032063092563,-5.67071967956948E-15));
#2637=DIRECTION('',(1.60847164371197E-16,6.12323399573677E-17,-1.));
#2638=DIRECTION('',(-6.12323399573677E-17,-1.,-6.12323399573677E-17));
#2639=CARTESIAN_POINT('',(-94.9207075272004,2.97532063092562,-1.15790898513505E-14));
#2640=AXIS2_PLACEMENT_3D('',#2641,#2642,#2643);
#2641=CARTESIAN_POINT('',(-94.9207075272004,4.90032063092562,-1.14612175969326E-14));
#2642=DIRECTION('',(1.60847164371197E-16,6.12323399573677E-17,-1.));
#2643=DIRECTION('',(-6.12323399573677E-17,-1.,-6.12323399573677E-17));
#2644=CARTESIAN_POINT('',(-89.5457075272004,27.5669872975923,17.6892336110443));
#2645=AXIS2_PLACEMENT_3D('',#2646,#2647,#2648);
#2646=CARTESIAN_POINT('',(-76.9207075272004,27.5669872975923,17.6892336110443));
#2647=DIRECTION('',(0.,1.,6.12323399573677E-17));
#2648=DIRECTION('',(-1.,7.49879891330929E-33,-1.22464679914735E-16));
#2649=CARTESIAN_POINT('',(-72.4437379656608,28.5669872975938,3.76632556189569));
#2650=CARTESIAN_POINT('',(-72.1658383190352,29.5669872975923,4.92084123819508));
#2651=CARTESIAN_POINT('',(-72.1696037657494,29.5469125916653,4.89801753039283));
#2652=CARTESIAN_POINT('',(-72.1773602555089,29.506676729113,4.85222498916032));
#2653=CARTESIAN_POINT('',(-72.1896361817149,29.4462828333036,4.78335207709275));
#2654=CARTESIAN_POINT('',(-72.2026165707636,29.3855918271234,4.71400285980117));
#2655=CARTESIAN_POINT('',(-72.2163113159298,29.3246261678271,4.64420324133831));
#2656=CARTESIAN_POINT('',(-72.2307676044146,29.2632478688401,4.57379534574868));
#2657=CARTESIAN_POINT('',(-72.2459928869514,29.2015041251079,4.50283310901571));
#2658=CARTESIAN_POINT('',(-72.2620299480644,29.1393026172459,4.43121016245878));
#2659=CARTESIAN_POINT('',(-72.2788485193441,29.0768326165046,4.35914466740833));
#2660=CARTESIAN_POINT('',(-72.2964830018219,29.0140263819727,4.28655934718685));
#2661=CARTESIAN_POINT('',(-72.314933094341,28.9509444348321,4.21352508489806));
#2662=CARTESIAN_POINT('',(-72.3342631379824,28.8874337348495,4.13986534063696));
#2663=CARTESIAN_POINT('',(-72.3544490078042,28.8236399908535,4.06574985747343));
#2664=CARTESIAN_POINT('',(-72.375501285022,28.759584180133,3.99120448129741));
#2665=CARTESIAN_POINT('',(-72.3973758388001,28.6954413977724,3.9164352265228));
#2666=CARTESIAN_POINT('',(-72.4200903354259,28.6311929468652,3.84142302374972));
#2667=CARTESIAN_POINT('',(-72.4357599559164,28.5884014128085,3.79138489625188));
#2668=CARTESIAN_POINT('',(-72.4437379656619,28.5669872975945,3.76632556189533));
#2669=CARTESIAN_POINT('',(-84.5492553794941,22.8868145508953,5.21141799030383));
#2670=AXIS2_PLACEMENT_3D('',#2671,#2672,#2673);
#2671=CARTESIAN_POINT('',(-84.5492553794941,37.4844555428617,3.5527136788005E-15));
#2672=DIRECTION('',(1.,-8.64407221119343E-16,0.));
#2673=DIRECTION('',(-8.14084276436354E-16,-0.941783289804284,0.336220515503473));
#2674=CARTESIAN_POINT('',(-72.4437379656619,28.5669872975945,3.76632556189533));
#2675=CARTESIAN_POINT('',(-72.4952610808329,28.4900462794781,3.74975814677118));
#2676=CARTESIAN_POINT('',(-72.5998421532319,28.3371176093247,3.71676050276533));
#2677=CARTESIAN_POINT('',(-72.7613105098706,28.1106642645573,3.66782988156443));
#2678=CARTESIAN_POINT('',(-72.9273294630641,27.8872833901085,3.6196296829804));
#2679=CARTESIAN_POINT('',(-73.0979260388933,27.6670051221295,3.57230539937307));
#2680=CARTESIAN_POINT('',(-73.2732265048588,27.4497478538144,3.52598101159732));
#2681=CARTESIAN_POINT('',(-73.4532518345046,27.2355802377538,3.48081611709373));
#2682=CARTESIAN_POINT('',(-73.6380765570367,27.0245132737273,3.43696159292788));
#2683=CARTESIAN_POINT('',(-73.8276285116322,26.8167295791858,3.39460727601547));
#2684=CARTESIAN_POINT('',(-74.0219998070303,26.6122284525042,3.35390847951765));
#2685=CARTESIAN_POINT('',(-74.2211188796954,26.4111889625319,3.31506013263131));
#2686=CARTESIAN_POINT('',(-74.4250283230195,26.2136725045858,3.27823734212237));
#2687=CARTESIAN_POINT('',(-74.6335376975966,26.0199593456352,3.24365766782406));
#2688=CARTESIAN_POINT('',(-74.8465883426361,25.8301882210349,3.21151226621962));
#2689=CARTESIAN_POINT('',(-75.0640354432991,25.6445640506939,3.18200305929609));
#2690=CARTESIAN_POINT('',(-75.310350328673,25.4431510447439,3.15236697025086));
#2691=CARTESIAN_POINT('',(-75.5865518537437,25.2284997849312,3.12414408851844));
#2692=CARTESIAN_POINT('',(-75.8937097451534,25.0034885696649,3.09923628890181));
#2693=CARTESIAN_POINT('',(-76.1791705742422,24.8065841770072,3.08217821921806));
#2694=CARTESIAN_POINT('',(-76.4409847913778,24.635404731338,3.07146968567025));
#2695=CARTESIAN_POINT('',(-76.6766197461036,24.488341759292,3.06563520082933));
#2696=CARTESIAN_POINT('',(-76.8372416929139,24.392710579199,3.06425237322445));
#2697=CARTESIAN_POINT('',(-76.9941276477357,24.3015682245699,3.06421612902077));
#2698=CARTESIAN_POINT('',(-77.1493035855401,24.2135425305381,3.06541381274775));
#2699=CARTESIAN_POINT('',(-77.3809429485942,24.0882492541999,3.07085610678252));
#2700=CARTESIAN_POINT('',(-77.6210984220407,23.9645800530539,3.08033460669006));
#2701=CARTESIAN_POINT('',(-77.8757704621295,23.8401651979346,3.09464365702882));
#2702=CARTESIAN_POINT('',(-78.1833495951904,23.6985339651227,3.11753992945806));
#2703=CARTESIAN_POINT('',(-78.5680687189811,23.5346487461923,3.15505953352733));
#2704=CARTESIAN_POINT('',(-79.0142810755088,23.3642117623923,3.21222767926783));
#2705=CARTESIAN_POINT('',(-79.4407065315693,23.2209863478461,3.28109281997019));
#2706=CARTESIAN_POINT('',(-79.7737617622288,23.1217340268865,3.34432543584811));
#2707=CARTESIAN_POINT('',(-80.022253960319,23.0540422841653,3.39636997921636));
#2708=CARTESIAN_POINT('',(-80.2497577331217,22.9965166536412,3.44746446691224));
#2709=CARTESIAN_POINT('',(-80.4970587910575,22.9395337361782,3.50735183702717));
#2710=CARTESIAN_POINT('',(-80.7637084529793,22.8848402993684,3.57728196758927));
#2711=CARTESIAN_POINT('',(-81.0056525501689,22.8412987966959,3.64562047042234));
#2712=CARTESIAN_POINT('',(-81.2229007816378,22.8069551573595,3.71084057083956));
#2713=CARTESIAN_POINT('',(-81.4149375919726,22.7801672260165,3.77140776093214));
#2714=CARTESIAN_POINT('',(-81.604066716047,22.7572652299622,3.83391649905827));
#2715=CARTESIAN_POINT('',(-81.7896607339452,22.7381803417522,3.8980538300934));
#2716=CARTESIAN_POINT('',(-81.9720985622744,22.7227276205216,3.96384117595096));
#2717=CARTESIAN_POINT('',(-82.1506405540762,22.7108113722067,4.0308891363065));
#2718=CARTESIAN_POINT('',(-82.3261638200315,22.7022232641225,4.09940899812972));
#2719=CARTESIAN_POINT('',(-82.4981749649204,22.6968599005211,4.16910634699387));
#2720=CARTESIAN_POINT('',(-82.6265624288707,22.6951260012608,4.22302423328314));
#2721=CARTESIAN_POINT('',(-82.737458555393,22.6948653427284,4.27063067234594));
#2722=CARTESIAN_POINT('',(-82.8453724157233,22.6955519817284,4.31774301596851));
#2723=CARTESIAN_POINT('',(-82.9901390890868,22.6986311309382,4.38274838269959));
#2724=CARTESIAN_POINT('',(-83.1443094564138,22.704540612277,4.45417374875349));
#2725=CARTESIAN_POINT('',(-83.2936069695693,22.7127728453906,4.52543556677993));
#2726=CARTESIAN_POINT('',(-83.437026456422,22.7230421905187,4.59585873893998));
#2727=CARTESIAN_POINT('',(-83.5760380133422,22.7352405551592,4.66598356507326));
#2728=CARTESIAN_POINT('',(-83.7104100721235,22.7491746504337,4.73554518354033));
#2729=CARTESIAN_POINT('',(-83.8409027487369,22.7647664387315,4.80480229256005));
#2730=CARTESIAN_POINT('',(-83.9666744786131,22.781748112234,4.87316501054553));
#2731=CARTESIAN_POINT('',(-84.0888038324581,22.800105503896,4.94108273215148));
#2732=CARTESIAN_POINT('',(-84.2074530509443,22.8197366521246,5.00853664833591));
#2733=CARTESIAN_POINT('',(-84.3236121434544,22.8407092030083,5.07600540166455));
#2734=CARTESIAN_POINT('',(-84.4373200161792,22.8629503407057,5.1434408997021));
#2735=CARTESIAN_POINT('',(-84.512166778117,22.8787194940923,5.18874310170519));
#2736=CARTESIAN_POINT('',(-84.5492553794941,22.8868145508948,5.21141799030243));
#2737=CARTESIAN_POINT('',(-90.6603220408172,28.5669872993897,12.6778846891263));
#2738=AXIS2_PLACEMENT_3D('',#2739,#2740,#2741);
#2739=CARTESIAN_POINT('',(-76.9207075272004,28.5669872975923,17.6892336110443));
#2740=DIRECTION('',(1.3684555315672E-48,1.,6.12323399573677E-17));
#2741=DIRECTION('',(0.30611757685756,5.82928026571348E-17,-0.951993712762251));
#2742=CARTESIAN_POINT('',(-84.5492553794681,22.8868145494276,5.21141799028651));
#2743=CARTESIAN_POINT('',(-84.6176519186309,22.9017428052671,5.25323306946674));
#2744=CARTESIAN_POINT('',(-84.7538395447255,22.9324254510803,5.33804197755946));
#2745=CARTESIAN_POINT('',(-84.9558929171463,22.9809427020704,5.46852502149988));
#2746=CARTESIAN_POINT('',(-85.1559006774909,23.0321148977827,5.60240058212074));
#2747=CARTESIAN_POINT('',(-85.353622596207,23.0860028054302,5.73951138208231));
#2748=CARTESIAN_POINT('',(-85.5490342197776,23.1427205175656,5.87983585826581));
#2749=CARTESIAN_POINT('',(-85.7419729009063,23.2023440602225,6.02325032854934));
#2750=CARTESIAN_POINT('',(-85.9324748731226,23.2650131054847,6.16977576084169));
#2751=CARTESIAN_POINT('',(-86.1202979419932,23.3307764447959,6.3192142105669));
#2752=CARTESIAN_POINT('',(-86.3056650241244,23.3998439810035,6.47172980020847));
#2753=CARTESIAN_POINT('',(-86.4886619293935,23.4724011158367,6.62739999020817));
#2754=CARTESIAN_POINT('',(-86.6697666008663,23.5488242826878,6.78666859174845));
#2755=CARTESIAN_POINT('',(-86.8487067067016,23.6292118389911,6.94935313801252));
#2756=CARTESIAN_POINT('',(-87.0257733188948,23.7139196101853,7.11577615771819));
#2757=CARTESIAN_POINT('',(-87.2006576235015,23.8030450733245,7.28571540711314));
#2758=CARTESIAN_POINT('',(-87.3735920436415,23.8969772116923,7.4594765054375));
#2759=CARTESIAN_POINT('',(-87.5438546283192,23.9955910225462,7.63639743937469));
#2760=CARTESIAN_POINT('',(-87.7115640186516,24.0992031604,7.8166333109311));
#2761=CARTESIAN_POINT('',(-87.8764641827879,24.2079166348087,7.99994212666924));
#2762=CARTESIAN_POINT('',(-88.039030124215,24.322355644533,8.18691494037251));
#2763=CARTESIAN_POINT('',(-88.1986819008551,24.4424499876231,8.37695584677089));
#2764=CARTESIAN_POINT('',(-88.3555352329684,24.5686091671584,8.57024361069976));
#2765=CARTESIAN_POINT('',(-88.5090787642351,24.7007433633185,8.76617437220607));
#2766=CARTESIAN_POINT('',(-88.6593920554743,24.8392533385073,8.96486745902533));
#2767=CARTESIAN_POINT('',(-88.8057227544435,24.9837324059825,9.16529759160616));
#2768=CARTESIAN_POINT('',(-88.9475075683302,25.1338033281357,9.36657231605319));
#2769=CARTESIAN_POINT('',(-89.0840436232878,25.2887433496045,9.56745756319454));
#2770=CARTESIAN_POINT('',(-89.2148199578857,25.4478356650801,9.76686011805274));
#2771=CARTESIAN_POINT('',(-89.3397376404329,25.6106829318232,9.96420393505136));
#2772=CARTESIAN_POINT('',(-89.4582692614889,25.7762007328266,10.1581683703167));
#2773=CARTESIAN_POINT('',(-89.5704750536683,25.9439009334741,10.3482738920665));
#2774=CARTESIAN_POINT('',(-89.675996362053,26.1125198508042,10.5332681331986));
#2775=CARTESIAN_POINT('',(-89.7755937503059,26.2824918640121,10.7138340835421));
#2776=CARTESIAN_POINT('',(-89.8687985264219,26.4522135547346,10.8884866714563));
#2777=CARTESIAN_POINT('',(-89.9558175229328,26.6210600426649,11.0568980770773));
#2778=CARTESIAN_POINT('',(-90.0358289936421,26.7861561341371,11.216655987498));
#2779=CARTESIAN_POINT('',(-90.1098120193105,26.9481011359873,11.368861407388));
#2780=CARTESIAN_POINT('',(-90.1775578028356,27.105077814374,11.5123016926516));
#2781=CARTESIAN_POINT('',(-90.2399959175402,27.2578879282933,11.6481982667535));
#2782=CARTESIAN_POINT('',(-90.2969547423618,27.4047438062118,11.7754599826403));
#2783=CARTESIAN_POINT('',(-90.3498022275848,27.5479563615625,11.8965213489152));
#2784=CARTESIAN_POINT('',(-90.3987284450308,27.6870858939766,12.0113334096552));
#2785=CARTESIAN_POINT('',(-90.4444182772294,27.8232385912059,12.1210827416944));
#2786=CARTESIAN_POINT('',(-90.486565199934,27.9546200791651,12.2246143666535));
#2787=CARTESIAN_POINT('',(-90.5258723843347,28.0825636405069,12.3232612973827));
#2788=CARTESIAN_POINT('',(-90.5624989764798,28.2068735603886,12.417099568255));
#2789=CARTESIAN_POINT('',(-90.5970401072069,28.3289831718037,12.5073884452641));
#2790=CARTESIAN_POINT('',(-90.6295196397457,28.4484540408531,12.5939576133229));
#2791=CARTESIAN_POINT('',(-90.650259342676,28.5277643338003,12.650295810626));
#2792=CARTESIAN_POINT('',(-90.6603220408173,28.5669873002884,12.6778846891262));
#2793=CARTESIAN_POINT('',(-89.8279432300913,29.5669872975923,13.3253028702974));
#2794=CARTESIAN_POINT('',(-89.8857690627823,29.4993323341777,13.2851042684983));
#2795=CARTESIAN_POINT('',(-89.9974387246214,29.3680458209797,13.2057439140999));
#2796=CARTESIAN_POINT('',(-90.1579262940659,29.1774693360487,13.0866311106484));
#2797=CARTESIAN_POINT('',(-90.3034645014322,29.002914017955,12.9740773760403));
#2798=CARTESIAN_POINT('',(-90.4344225384441,28.8443402514628,12.8689203543692));
#2799=CARTESIAN_POINT('',(-90.5512414727734,28.701611426128,12.7718770174757));
#2800=CARTESIAN_POINT('',(-90.6251316066208,28.6105457033967,12.708523068802));
#2801=CARTESIAN_POINT('',(-90.6603220408173,28.5669873002884,12.6778846891263));
#2802=CARTESIAN_POINT('',(-94.6492553794941,29.3112489392978,13.1699921721868));
#2803=CARTESIAN_POINT('',(-94.6317975373861,29.3219020107679,13.1766033951211));
#2804=CARTESIAN_POINT('',(-94.5969258422085,29.3432090829064,13.1897906480055));
#2805=CARTESIAN_POINT('',(-94.5446939707278,29.375206457439,13.2094870906068));
#2806=CARTESIAN_POINT('',(-94.4926122515591,29.4071943471597,13.2290710051249));
#2807=CARTESIAN_POINT('',(-94.4406796187166,29.4391726240423,13.2485429013243));
#2808=CARTESIAN_POINT('',(-94.3889139549132,29.4711294716564,13.2678962055355));
#2809=CARTESIAN_POINT('',(-94.3372947832497,29.5030767351131,13.2871387054368));
#2810=CARTESIAN_POINT('',(-94.2858210651849,29.5350142991337,13.306270901095));
#2811=CARTESIAN_POINT('',(-94.2515533971059,29.5563294401854,13.3189703127361));
#2812=CARTESIAN_POINT('',(-94.2344404495475,29.5669872975923,13.3253028702972));
#2813=CARTESIAN_POINT('',(-80.9207075272004,27.5669872975923,17.6892336110443));
#2814=AXIS2_PLACEMENT_3D('',#2815,#2816,#2817);
#2815=CARTESIAN_POINT('',(-76.9207075272004,27.5669872975923,17.6892336110443));
#2816=DIRECTION('',(0.,1.,6.12323399573677E-17));
#2817=DIRECTION('',(-1.,7.49879891330929E-33,-1.22464679914735E-16));
#2818=CARTESIAN_POINT('',(-87.0207075272004,27.5669872975923,17.6892336110443));
#2819=AXIS2_PLACEMENT_3D('',#2820,#2821,#2822);
#2820=CARTESIAN_POINT('',(-85.4207075272004,27.5669872975923,17.6892336110443));
#2821=DIRECTION('',(0.,1.,6.12323399573677E-17));
#2822=DIRECTION('',(-1.,7.49879891330929E-33,-1.22464679914735E-16));
#2823=CARTESIAN_POINT('',(-70.0207075272004,27.5669872975923,17.6892336110443));
#2824=AXIS2_PLACEMENT_3D('',#2825,#2826,#2827);
#2825=CARTESIAN_POINT('',(-68.4207075272004,27.5669872975923,17.6892336110443));
#2826=DIRECTION('',(0.,1.,6.12323399573677E-17));
#2827=DIRECTION('',(-1.,7.49879891330929E-33,-1.22464679914735E-16));
#2828=CARTESIAN_POINT('',(-66.9207075272004,17.1669872975923,4.8));
#2829=AXIS2_PLACEMENT_3D('',#2830,#2831,#2832);
#2830=CARTESIAN_POINT('',(-69.1207075272004,17.1669872975923,4.8));
#2831=DIRECTION('',(0.,0.,-1.));
#2832=DIRECTION('',(0.,1.,0.));
#2833=CARTESIAN_POINT('',(-66.9207075272004,13.9669872975923,4.8));
#2834=CARTESIAN_POINT('',(-66.9207075272004,13.9669872975923,4.8));
#2835=VECTOR('',#2836,1.);
#2836=DIRECTION('',(0.,1.,0.));
#2837=AXIS2_PLACEMENT_3D('',#2838,#2839,#2840);
#2838=CARTESIAN_POINT('',(-69.1207075272004,13.9669872975923,4.8));
#2839=DIRECTION('',(0.,0.,-1.));
#2840=DIRECTION('',(1.,0.,0.));
#2841=CARTESIAN_POINT('',(-66.9207075272004,13.9669872975923,-1.4210854715202E-14));
#2842=VECTOR('',#2843,1.);
#2843=DIRECTION('',(0.,0.,1.));
#2844=CARTESIAN_POINT('',(-66.9207075272004,17.1669872975923,4.8));
#2845=VECTOR('',#2846,1.);
#2846=DIRECTION('',(0.,0.,-1.));
#2847=CARTESIAN_POINT('',(-58.9207075272004,2.97532063092562,6.49999999999999));
#2848=AXIS2_PLACEMENT_3D('',#2849,#2850,#2851);
#2849=CARTESIAN_POINT('',(-58.9207075272004,4.90032063092563,6.49999999999999));
#2850=DIRECTION('',(1.60847164371197E-16,6.12323399573677E-17,-1.));
#2851=DIRECTION('',(-6.12323399573677E-17,-1.,-6.12323399573677E-17));
#2852=CARTESIAN_POINT('',(-94.9207075272004,2.97532063092562,6.49999999999999));
#2853=AXIS2_PLACEMENT_3D('',#2854,#2855,#2856);
#2854=CARTESIAN_POINT('',(-94.9207075272004,4.90032063092562,6.49999999999999));
#2855=DIRECTION('',(1.60847164371197E-16,6.12323399573677E-17,-1.));
#2856=DIRECTION('',(-6.12323399573677E-17,-1.,-6.12323399573677E-17));
#2857=CARTESIAN_POINT('',(-91.0141099742183,28.5669872975923,21.5964874377607));
#2858=CARTESIAN_POINT('',(-90.8571804838881,28.7322193836655,21.5440595922985));
#2859=CARTESIAN_POINT('',(-90.5946667606093,29.008562312076,21.4565329043088));
#2860=CARTESIAN_POINT('',(-90.2778981049037,29.3418939985917,21.3512830345979));
#2861=CARTESIAN_POINT('',(-90.1181123385935,29.5099955377542,21.298307446987));
#2862=CARTESIAN_POINT('',(-90.0639355774161,29.566987297593,21.280358980625));
#2863=CARTESIAN_POINT('',(-62.8273050801771,28.5669872975923,21.5964874377411));
#2864=CARTESIAN_POINT('',(-62.9842345705076,28.7322193836656,21.5440595922795));
#2865=CARTESIAN_POINT('',(-63.2467482937866,29.008562312076,21.4565329042906));
#2866=CARTESIAN_POINT('',(-63.5635169494924,29.3418939985916,21.3512830345806));
#2867=CARTESIAN_POINT('',(-63.7233027158029,29.5099955377542,21.2983074469702));
#2868=CARTESIAN_POINT('',(-63.7774794769803,29.566987297593,21.2803589806084));
#2869=CARTESIAN_POINT('',(-49.3879745574289,28.5669872975923,4.06866091114858));
#2870=VECTOR('',#2871,1.);
#2871=DIRECTION('',(-0.420545381805346,0.707106781186549,-0.568455435229705));
#2872=CARTESIAN_POINT('',(-44.6300466970927,29.5669872975923,1.50000000000102));
#2873=VECTOR('',#2874,1.);
#2874=DIRECTION('',(2.81360568596132E-13,-0.707106781186547,0.707106781186547));
#2875=CARTESIAN_POINT('',(-109.211368357316,-6.43301270240771,2.49999999999999));
#2876=VECTOR('',#2877,1.);
#2877=DIRECTION('',(0.,-0.707106781186549,-0.707106781186546));
#2878=CARTESIAN_POINT('',(-103.858699514434,-7.43301270240771,3.26474352504064));
#2879=VECTOR('',#2880,1.);
#2880=DIRECTION('',(-0.420545381805307,0.707106781186549,0.568455435229734));
#2881=CARTESIAN_POINT('',(-91.0141099742183,-6.43301270240771,21.5964874377607));
#2882=CARTESIAN_POINT('',(-90.8571804838876,-6.59824478848105,21.5440595922993));
#2883=CARTESIAN_POINT('',(-90.5946667606087,-6.87458771689149,21.45653290431));
#2884=CARTESIAN_POINT('',(-90.2778981049032,-7.20791940340708,21.3512830345997));
#2885=CARTESIAN_POINT('',(-90.1181123385926,-7.3760209425696,21.2983074469894));
#2886=CARTESIAN_POINT('',(-90.0639355774152,-7.43301270240845,21.2803589806277));
#2887=CARTESIAN_POINT('',(-62.8273050801771,-6.43301270240771,21.5964874377411));
#2888=CARTESIAN_POINT('',(-62.9842345705077,-6.59824478848098,21.5440595922796));
#2889=CARTESIAN_POINT('',(-63.2467482937865,-6.87458771689144,21.4565329042902));
#2890=CARTESIAN_POINT('',(-63.563516949492,-7.20791940340707,21.3512830345794));
#2891=CARTESIAN_POINT('',(-63.7233027158024,-7.37602094256959,21.2983074469688));
#2892=CARTESIAN_POINT('',(-63.7774794769798,-7.43301270240846,21.2803589806069));
#2893=CARTESIAN_POINT('',(-49.3879745574289,-6.43301270240771,4.06866091114858));
#2894=VECTOR('',#2895,1.);
#2895=DIRECTION('',(-0.420545381805341,-0.707106781186551,-0.568455435229706));
#2896=CARTESIAN_POINT('',(-44.6300466970927,-7.43301270240771,1.50000000000102));
#2897=VECTOR('',#2898,1.);
#2898=DIRECTION('',(2.8638486446392E-13,0.707106781186548,0.707106781186547));
ENDSEC;
END-ISO-10303-21;
