ISO-10303-21;
HEADER;
FILE_DESCRIPTION(('STEP AP203'),
    '1');
FILE_NAME('ƒеталь реплени€ћтора',
    '',
    ('UNSPECIFIED'),
    ('UNSPECIFIED'),
    'C3D Converter',
    'C3D Toolkit',
    '');
FILE_SCHEMA(('CONFIG_CONTROL_DESIGN'));
ENDSEC;

DATA;
#1=PRODUCT_DEFINITION('','UNSPECIFIED',#28,#31);
#2=SHAPE_DEFINITION_REPRESENTATION(#26,#3);
#3=SHAPE_REPRESENTATION('NONE',(#4),#8);
#4=AXIS2_PLACEMENT_3D('',#5,#6,#7);
#5=CARTESIAN_POINT('',(0.,0.,0.));
#6=DIRECTION('',(0.,0.,1.));
#7=DIRECTION('',(1.,0.,0.));
#8=(GEOMETRIC_REPRESENTATION_CONTEXT(3)GLOBAL_UNCERTAINTY_ASSIGNED_CONTEXT((#10))
GLOBAL_UNIT_ASSIGNED_CONTEXT((#9,#11,#12))REPRESENTATION_CONTEXT('NONE','NONE'));
#9=(LENGTH_UNIT()NAMED_UNIT(*)SI_UNIT(.MILLI.,.METRE.));
#10=UNCERTAINTY_MEASURE_WITH_UNIT(LENGTH_MEASURE(1.E-5),#9,'NONE','NONE');
#11=(NAMED_UNIT(*)PLANE_ANGLE_UNIT()SI_UNIT($,.RADIAN.));
#12=(NAMED_UNIT(*)SI_UNIT($,.STERADIAN.)SOLID_ANGLE_UNIT());
#13=MANIFOLD_SOLID_BREP('',#14);
#14=CLOSED_SHELL('',(#53,#54,#55,#56,#57,#58,#59,#60,#61,#62,#63,#64,#65,#66,#67,
#68,#69,#70,#71,#72,#73,#74,#75,#76,#77,#78,#79,#80,#81,#82,#83,#84,#85,#86,#87,
#88,#89,#90,#91,#92,#93,#94,#95,#96,#97,#98,#99,#100,#101,#102,#103,#104,#105,#106,
#107,#108,#109,#110,#111,#112,#113,#114,#115,#116,#117,#118,#119,#120,#121,#122,
#123,#124,#125,#126,#127,#128,#129,#130));
#15=COLOUR_RGB('',0.564705882352941,0.564705882352941,0.564705882352941);
#16=FILL_AREA_STYLE_COLOUR('',#15);
#17=FILL_AREA_STYLE($,(#16));
#18=SURFACE_STYLE_FILL_AREA(#17);
#19=SURFACE_SIDE_STYLE('',(#18));
#20=SURFACE_STYLE_USAGE(.BOTH.,#19);
#21=PRESENTATION_STYLE_ASSIGNMENT((#20));
#22=MECHANICAL_DESIGN_GEOMETRIC_PRESENTATION_REPRESENTATION('NONE',(#23),#8);
#23=STYLED_ITEM('',(#21),#13);
#24=ADVANCED_BREP_SHAPE_REPRESENTATION('NONE',(#13),#8);
#25=SHAPE_REPRESENTATION_RELATIONSHIP('','',#3,#24);
#26=PRODUCT_DEFINITION_SHAPE('NONE','NONE',#1);
#27=MECHANICAL_CONTEXT('NONE',#32,'mechanical');
#28=PRODUCT_DEFINITION_FORMATION_WITH_SPECIFIED_SOURCE('ANY','UNSPECIFIED',#29,.NOT_KNOWN.);
#29=PRODUCT('','\X2\0414043504420430043B044C041A04400435043F043B0435043D0438044F041C0442043E04400430\X0\',
'NONE',(#27));
#30=PRODUCT_RELATED_PRODUCT_CATEGORY('detail','',(#29));
#31=DESIGN_CONTEXT('detailed design',#32,'design');
#32=APPLICATION_CONTEXT('configuration controlled 3d designs of mechanical parts and assemblies');
#33=APPLICATION_PROTOCOL_DEFINITION('international standard','config_control_design',
1994,#32);
#34=CC_DESIGN_DATE_AND_TIME_ASSIGNMENT(#35,#39,(#1));
#35=DATE_AND_TIME(#36,#37);
#36=CALENDAR_DATE(0,1,1);
#37=LOCAL_TIME(0,0,0.,#38);
#38=COORDINATED_UNIVERSAL_TIME_OFFSET(0,0,.AHEAD.);
#39=DATE_TIME_ROLE('creation_date');
#40=CC_DESIGN_APPROVAL(#41,(#1));
#41=APPROVAL(#42,'UNSPECIFIED');
#42=APPROVAL_STATUS('not_yet_approved');
#43=APPROVAL_DATE_TIME(#44,#41);
#44=DATE_AND_TIME(#45,#46);
#45=CALENDAR_DATE(0,1,1);
#46=LOCAL_TIME(0,0,0.,#47);
#47=COORDINATED_UNIVERSAL_TIME_OFFSET(0,0,.AHEAD.);
#48=PERSON('UNSPECIFIED','User','UNSPECIFIED',('UNSPECIFIED'),('UNSPECIFIED'),('UNSPECIFIED'));
#49=ORGANIZATION('UNSPECIFIED','UNSPECIFIED','UNSPECIFIED');
#50=PERSON_AND_ORGANIZATION(#48,#49);
#51=PERSON_AND_ORGANIZATION_ROLE('creator');
#52=CC_DESIGN_PERSON_AND_ORGANIZATION_ASSIGNMENT(#50,#51,(#28,#1));
#53=ADVANCED_FACE('',(#131,#133,#135),#137,.T.);
#54=ADVANCED_FACE('',(#142,#144,#146),#148,.T.);
#55=ADVANCED_FACE('',(#153),#155,.F.);
#56=ADVANCED_FACE('',(#160),#162,.F.);
#57=ADVANCED_FACE('',(#167),#169,.F.);
#58=ADVANCED_FACE('',(#174),#176,.F.);
#59=ADVANCED_FACE('',(#181),#183,.F.);
#60=ADVANCED_FACE('',(#188,#190),#192,.F.);
#61=ADVANCED_FACE('',(#197,#199),#201,.F.);
#62=ADVANCED_FACE('',(#206,#208),#210,.F.);
#63=ADVANCED_FACE('',(#215,#217),#219,.F.);
#64=ADVANCED_FACE('',(#224),#226,.F.);
#65=ADVANCED_FACE('',(#231),#233,.F.);
#66=ADVANCED_FACE('',(#238),#240,.F.);
#67=ADVANCED_FACE('',(#245),#247,.F.);
#68=ADVANCED_FACE('',(#252),#254,.F.);
#69=ADVANCED_FACE('',(#259),#261,.F.);
#70=ADVANCED_FACE('',(#266),#268,.F.);
#71=ADVANCED_FACE('',(#273),#275,.F.);
#72=ADVANCED_FACE('',(#280),#282,.F.);
#73=ADVANCED_FACE('',(#287),#289,.F.);
#74=ADVANCED_FACE('',(#294),#296,.F.);
#75=ADVANCED_FACE('',(#301),#303,.F.);
#76=ADVANCED_FACE('',(#308),#310,.F.);
#77=ADVANCED_FACE('',(#315),#317,.F.);
#78=ADVANCED_FACE('',(#322),#324,.F.);
#79=ADVANCED_FACE('',(#329),#331,.F.);
#80=ADVANCED_FACE('',(#336),#338,.F.);
#81=ADVANCED_FACE('',(#343),#345,.F.);
#82=ADVANCED_FACE('',(#350),#352,.F.);
#83=ADVANCED_FACE('',(#357),#359,.F.);
#84=ADVANCED_FACE('',(#364),#366,.F.);
#85=ADVANCED_FACE('',(#371),#373,.F.);
#86=ADVANCED_FACE('',(#378),#380,.F.);
#87=ADVANCED_FACE('',(#385),#387,.F.);
#88=ADVANCED_FACE('',(#392),#394,.F.);
#89=ADVANCED_FACE('',(#399),#401,.T.);
#90=ADVANCED_FACE('',(#406),#408,.T.);
#91=ADVANCED_FACE('',(#413,#415),#417,.F.);
#92=ADVANCED_FACE('',(#422),#424,.F.);
#93=ADVANCED_FACE('',(#429),#431,.F.);
#94=ADVANCED_FACE('',(#436),#438,.F.);
#95=ADVANCED_FACE('',(#443),#445,.T.);
#96=ADVANCED_FACE('',(#450,#452,#454,#456),#458,.T.);
#97=ADVANCED_FACE('',(#463),#465,.T.);
#98=ADVANCED_FACE('',(#470),#472,.F.);
#99=ADVANCED_FACE('',(#477,#479,#481,#483,#485,#487,#489,#491),#493,.T.);
#100=ADVANCED_FACE('',(#498),#500,.F.);
#101=ADVANCED_FACE('',(#505),#507,.F.);
#102=ADVANCED_FACE('',(#512),#514,.F.);
#103=ADVANCED_FACE('',(#519,#521),#523,.F.);
#104=ADVANCED_FACE('',(#528),#530,.F.);
#105=ADVANCED_FACE('',(#535),#537,.T.);
#106=ADVANCED_FACE('',(#542),#544,.F.);
#107=ADVANCED_FACE('',(#549,#551),#553,.F.);
#108=ADVANCED_FACE('',(#558,#560),#562,.F.);
#109=ADVANCED_FACE('',(#567,#569),#571,.F.);
#110=ADVANCED_FACE('',(#576),#578,.F.);
#111=ADVANCED_FACE('',(#583),#585,.T.);
#112=ADVANCED_FACE('',(#590),#592,.F.);
#113=ADVANCED_FACE('',(#597,#599),#601,.F.);
#114=ADVANCED_FACE('',(#606,#608),#610,.F.);
#115=ADVANCED_FACE('',(#615,#617,#619,#621),#623,.F.);
#116=ADVANCED_FACE('',(#628),#630,.T.);
#117=ADVANCED_FACE('',(#635),#637,.T.);
#118=ADVANCED_FACE('',(#642),#644,.F.);
#119=ADVANCED_FACE('',(#649),#651,.T.);
#120=ADVANCED_FACE('',(#656),#658,.F.);
#121=ADVANCED_FACE('',(#663),#665,.F.);
#122=ADVANCED_FACE('',(#670),#672,.T.);
#123=ADVANCED_FACE('',(#677),#679,.T.);
#124=ADVANCED_FACE('',(#684),#686,.F.);
#125=ADVANCED_FACE('',(#691),#693,.F.);
#126=ADVANCED_FACE('',(#698),#700,.F.);
#127=ADVANCED_FACE('',(#705),#707,.T.);
#128=ADVANCED_FACE('',(#712),#714,.F.);
#129=ADVANCED_FACE('',(#719),#721,.F.);
#130=ADVANCED_FACE('',(#726),#728,.F.);
#131=FACE_BOUND('',#132,.T.);
#132=EDGE_LOOP('',(#733,#734,#735,#736,#737,#738,#739,#740,#741,#742,#743,#744,#745,
#746,#747,#748,#749,#750,#751,#752));
#133=FACE_BOUND('',#134,.T.);
#134=EDGE_LOOP('',(#753));
#135=FACE_BOUND('',#136,.T.);
#136=EDGE_LOOP('',(#754));
#137=PLANE('',#138);
#138=AXIS2_PLACEMENT_3D('',#139,#140,#141);
#139=CARTESIAN_POINT('',(-111.734794022317,-7.43301270240767,2.56423361106173));
#140=DIRECTION('',(-8.88178419700125E-17,-6.00120553851436E-17,1.));
#141=DIRECTION('',(1.,0.,8.88178419700125E-17));
#142=FACE_BOUND('',#143,.T.);
#143=EDGE_LOOP('',(#755,#756,#757,#758,#759,#760,#761,#762,#763,#764,#765,#766,#767,
#768,#769,#770,#771,#772));
#144=FACE_BOUND('',#145,.T.);
#145=EDGE_LOOP('',(#773));
#146=FACE_BOUND('',#147,.T.);
#147=EDGE_LOOP('',(#774));
#148=PLANE('',#149);
#149=AXIS2_PLACEMENT_3D('',#150,#151,#152);
#150=CARTESIAN_POINT('',(-47.1066210320871,-7.43301270240767,2.56423361106178));
#151=DIRECTION('',(0.,-6.00120553851436E-17,1.));
#152=DIRECTION('',(1.,0.,0.));
#153=FACE_BOUND('',#154,.T.);
#154=EDGE_LOOP('',(#775,#776,#777,#778,#779,#780,#781,#782,#783,#784,#785,#786,#787,
#788));
#155=CYLINDRICAL_SURFACE('',#156,59.6328957552948);
#156=AXIS2_PLACEMENT_3D('',#157,#158,#159);
#157=CARTESIAN_POINT('',(-11.1767931222882,-7.43301270240768,50.1576125889675));
#158=DIRECTION('',(0.,-1.,-6.12323399573677E-17));
#159=DIRECTION('',(-0.879465437729613,2.91443132013849E-17,-0.475962754676309));
#160=FACE_BOUND('',#161,.T.);
#161=EDGE_LOOP('',(#789,#790,#791,#792,#793));
#162=CYLINDRICAL_SURFACE('',#163,5.);
#163=AXIS2_PLACEMENT_3D('',#164,#165,#166);
#164=CARTESIAN_POINT('',(-45.3902022750371,-17.4330127024077,7.56423361106178));
#165=DIRECTION('',(3.73969860926369E-16,1.,-3.11641550771974E-17));
#166=DIRECTION('',(-1.16544547401073E-32,-3.11641550771974E-17,-1.));
#167=FACE_BOUND('',#168,.T.);
#168=EDGE_LOOP('',(#794,#795,#796,#797,#798,#799));
#169=CYLINDRICAL_SURFACE('',#170,5.);
#170=AXIS2_PLACEMENT_3D('',#171,#172,#173);
#171=CARTESIAN_POINT('',(-45.3902022750371,-17.4330127024077,7.56423361106178));
#172=DIRECTION('',(3.73969860926369E-16,1.,-3.11641550771974E-17));
#173=DIRECTION('',(-1.16544547401073E-32,-3.11641550771974E-17,-1.));
#174=FACE_BOUND('',#175,.T.);
#175=EDGE_LOOP('',(#800,#801,#802,#803,#804));
#176=CYLINDRICAL_SURFACE('',#177,5.);
#177=AXIS2_PLACEMENT_3D('',#178,#179,#180);
#178=CARTESIAN_POINT('',(-45.3902022750371,-17.4330127024077,7.56423361106178));
#179=DIRECTION('',(3.73969860926369E-16,1.,-3.11641550771974E-17));
#180=DIRECTION('',(-1.16544547401073E-32,-3.11641550771974E-17,-1.));
#181=FACE_BOUND('',#182,.T.);
#182=EDGE_LOOP('',(#805,#806,#807,#808,#809,#810,#811,#812,#813,#814,#815,#816,#817));
#183=CYLINDRICAL_SURFACE('',#184,59.6328957552948);
#184=AXIS2_PLACEMENT_3D('',#185,#186,#187);
#185=CARTESIAN_POINT('',(-142.664621932125,-7.43301270240768,50.157612588956));
#186=DIRECTION('',(0.,-1.,-6.12323399573677E-17));
#187=DIRECTION('',(0.602516907064963,4.88699051820823E-17,-0.798106118696549));
#188=FACE_OUTER_BOUND('',#189,.T.);
#189=EDGE_LOOP('',(#818));
#190=FACE_OUTER_BOUND('',#191,.T.);
#191=EDGE_LOOP('',(#819));
#192=CYLINDRICAL_SURFACE('',#193,1.6);
#193=AXIS2_PLACEMENT_3D('',#194,#195,#196);
#194=CARTESIAN_POINT('',(-106.734933930174,-2.43301270240769,0.0642336056163658));
#195=DIRECTION('',(-8.88178419700125E-17,-6.00120553851436E-17,1.));
#196=DIRECTION('',(6.12323399573677E-17,1.,6.00120553851436E-17));
#197=FACE_OUTER_BOUND('',#198,.T.);
#198=EDGE_LOOP('',(#820));
#199=FACE_OUTER_BOUND('',#200,.T.);
#200=EDGE_LOOP('',(#821));
#201=CYLINDRICAL_SURFACE('',#202,1.6);
#202=AXIS2_PLACEMENT_3D('',#203,#204,#205);
#203=CARTESIAN_POINT('',(-47.1064811242266,4.90032063092565,0.0642336056163716));
#204=DIRECTION('',(-8.88178419700125E-17,-6.00120553851436E-17,1.));
#205=DIRECTION('',(6.12323399573677E-17,1.,6.00120553851436E-17));
#206=FACE_OUTER_BOUND('',#207,.T.);
#207=EDGE_LOOP('',(#822));
#208=FACE_OUTER_BOUND('',#209,.T.);
#209=EDGE_LOOP('',(#823));
#210=CYLINDRICAL_SURFACE('',#211,1.6);
#211=AXIS2_PLACEMENT_3D('',#212,#213,#214);
#212=CARTESIAN_POINT('',(-108.334794022317,23.2669872975923,0.0642336056163673));
#213=DIRECTION('',(-8.88178419700125E-17,-6.00120553851436E-17,1.));
#214=DIRECTION('',(6.12323399573677E-17,1.,6.00120553851436E-17));
#215=FACE_OUTER_BOUND('',#216,.T.);
#216=EDGE_LOOP('',(#824));
#217=FACE_OUTER_BOUND('',#218,.T.);
#218=EDGE_LOOP('',(#825));
#219=CYLINDRICAL_SURFACE('',#220,1.6);
#220=AXIS2_PLACEMENT_3D('',#221,#222,#223);
#221=CARTESIAN_POINT('',(-47.1064811242266,23.4003206309257,0.0642336056163727));
#222=DIRECTION('',(-8.88178419700125E-17,-6.00120553851436E-17,1.));
#223=DIRECTION('',(6.12323399573677E-17,1.,6.00120553851436E-17));
#224=FACE_BOUND('',#225,.T.);
#225=EDGE_LOOP('',(#826,#827,#828,#829,#830,#831,#832,#833,#834,#835,#836,#837));
#226=CYLINDRICAL_SURFACE('',#227,5.);
#227=AXIS2_PLACEMENT_3D('',#228,#229,#230);
#228=CARTESIAN_POINT('',(-108.451212779362,-17.4330127024077,7.56423361106173));
#229=DIRECTION('',(5.77677020943171E-16,1.,1.62471662140267E-16));
#230=DIRECTION('',(0.626241913040962,-2.35097975668341E-16,-0.779628800360015));
#231=FACE_BOUND('',#232,.T.);
#232=EDGE_LOOP('',(#838,#839,#840,#841,#842));
#233=CYLINDRICAL_SURFACE('',#234,5.);
#234=AXIS2_PLACEMENT_3D('',#235,#236,#237);
#235=CARTESIAN_POINT('',(-108.451212779362,-17.4330127024077,7.56423361106173));
#236=DIRECTION('',(5.77677020943171E-16,1.,1.62471662140267E-16));
#237=DIRECTION('',(0.626241913040962,-2.35097975668341E-16,-0.779628800360015));
#238=FACE_BOUND('',#239,.T.);
#239=EDGE_LOOP('',(#843,#844,#845,#846,#847,#848));
#240=CYLINDRICAL_SURFACE('',#241,5.);
#241=AXIS2_PLACEMENT_3D('',#242,#243,#244);
#242=CARTESIAN_POINT('',(-108.451212779362,-17.4330127024077,7.56423361106173));
#243=DIRECTION('',(5.77677020943171E-16,1.,1.62471662140267E-16));
#244=DIRECTION('',(0.626241913040962,-2.35097975668341E-16,-0.779628800360015));
#245=FACE_BOUND('',#246,.T.);
#246=EDGE_LOOP('',(#849,#850,#851));
#247=PLANE('',#248);
#248=AXIS2_PLACEMENT_3D('',#249,#250,#251);
#249=CARTESIAN_POINT('',(-106.660478241668,26.1669872975923,2.56423361106173));
#250=DIRECTION('',(-1.06094493041852E-15,1.,0.));
#251=DIRECTION('',(-1.,-1.06094493041852E-15,-1.32618116302315E-16));
#252=FACE_BOUND('',#253,.T.);
#253=EDGE_LOOP('',(#852,#853,#854,#855,#856));
#254=PLANE('',#255);
#255=AXIS2_PLACEMENT_3D('',#256,#257,#258);
#256=CARTESIAN_POINT('',(-104.986162461018,23.2669872975923,2.56423361106173));
#257=DIRECTION('',(0.866025403784438,0.500000000000001,0.));
#258=DIRECTION('',(-0.500000000000001,0.866025403784438,1.32618116302315E-16));
#259=FACE_BOUND('',#260,.T.);
#260=EDGE_LOOP('',(#857,#858,#859,#860,#861));
#261=PLANE('',#262);
#262=AXIS2_PLACEMENT_3D('',#263,#264,#265);
#263=CARTESIAN_POINT('',(-106.660478241668,20.3669872975923,2.56423361106173));
#264=DIRECTION('',(0.86602540378444,-0.499999999999998,0.));
#265=DIRECTION('',(0.499999999999998,0.86602540378444,0.));
#266=FACE_BOUND('',#267,.T.);
#267=EDGE_LOOP('',(#862,#863,#864));
#268=PLANE('',#269);
#269=AXIS2_PLACEMENT_3D('',#270,#271,#272);
#270=CARTESIAN_POINT('',(-110.009109802967,20.3669872975923,2.56423361106173));
#271=DIRECTION('',(1.06094493041852E-15,-1.,0.));
#272=DIRECTION('',(1.,1.06094493041852E-15,1.32618116302315E-16));
#273=FACE_BOUND('',#274,.T.);
#274=EDGE_LOOP('',(#865,#866,#867,#868,#869));
#275=PLANE('',#276);
#276=AXIS2_PLACEMENT_3D('',#277,#278,#279);
#277=CARTESIAN_POINT('',(-105.060618149524,0.466987297592312,2.56423361106173));
#278=DIRECTION('',(6.63090581511574E-17,1.,6.00120553851435E-17));
#279=DIRECTION('',(-1.,6.63090581511574E-17,-1.32618116302315E-16));
#280=FACE_BOUND('',#281,.T.);
#281=EDGE_LOOP('',(#870,#871,#872,#873));
#282=PLANE('',#283);
#283=AXIS2_PLACEMENT_3D('',#284,#285,#286);
#284=CARTESIAN_POINT('',(-103.386302368874,-2.4330127024077,2.56423361106173));
#285=DIRECTION('',(0.866025403784437,0.500000000000003,3.20064295387434E-17));
#286=DIRECTION('',(-0.500000000000003,0.866025403784437,0.));
#287=FACE_BOUND('',#288,.T.);
#288=EDGE_LOOP('',(#874,#875,#876,#877));
#289=PLANE('',#290);
#290=AXIS2_PLACEMENT_3D('',#291,#292,#293);
#291=CARTESIAN_POINT('',(-105.060618149524,-5.33301270240768,2.56423361106173));
#292=DIRECTION('',(0.866025403784439,-0.5,-3.20064295387432E-17));
#293=DIRECTION('',(0.5,0.866025403784439,1.32618116302316E-16));
#294=FACE_BOUND('',#295,.T.);
#295=EDGE_LOOP('',(#878,#879,#880,#881,#882));
#296=PLANE('',#297);
#297=AXIS2_PLACEMENT_3D('',#298,#299,#300);
#298=CARTESIAN_POINT('',(-108.409249710824,-5.33301270240768,2.56423361106173));
#299=DIRECTION('',(2.65236232604629E-16,-1.,-6.40128590774864E-17));
#300=DIRECTION('',(1.,2.65236232604629E-16,1.32618116302314E-16));
#301=FACE_BOUND('',#302,.T.);
#302=EDGE_LOOP('',(#883,#884,#885));
#303=PLANE('',#304);
#304=AXIS2_PLACEMENT_3D('',#305,#306,#307);
#305=CARTESIAN_POINT('',(-110.083565491474,-2.43301270240771,2.56423361106173));
#306=DIRECTION('',(-0.866025403784434,-0.500000000000008,-3.20064295387437E-17));
#307=DIRECTION('',(0.500000000000008,-0.866025403784434,-1.32618116302315E-16));
#308=FACE_BOUND('',#309,.T.);
#309=EDGE_LOOP('',(#886,#887,#888));
#310=PLANE('',#311);
#311=AXIS2_PLACEMENT_3D('',#312,#313,#314);
#312=CARTESIAN_POINT('',(-108.409249710824,0.466987297592313,2.56423361106173));
#313=DIRECTION('',(-0.86602540378444,0.499999999999998,3.00060276925716E-17));
#314=DIRECTION('',(-0.499999999999998,-0.86602540378444,0.));
#315=FACE_BOUND('',#316,.T.);
#316=EDGE_LOOP('',(#889,#890,#891,#892,#893));
#317=PLANE('',#318);
#318=AXIS2_PLACEMENT_3D('',#319,#320,#321);
#319=CARTESIAN_POINT('',(-45.4321653435767,26.3003206309257,2.56423361106174));
#320=DIRECTION('',(-1.06094493041852E-15,1.,0.));
#321=DIRECTION('',(-1.,-1.06094493041852E-15,-1.32618116302315E-16));
#322=FACE_BOUND('',#323,.T.);
#323=EDGE_LOOP('',(#894,#895,#896));
#324=PLANE('',#325);
#325=AXIS2_PLACEMENT_3D('',#326,#327,#328);
#326=CARTESIAN_POINT('',(-43.7578495629268,23.4003206309256,2.56423361106174));
#327=DIRECTION('',(0.866025403784439,0.499999999999999,0.));
#328=DIRECTION('',(-0.499999999999999,0.866025403784439,1.32618116302314E-16));
#329=FACE_BOUND('',#330,.T.);
#330=EDGE_LOOP('',(#897,#898,#899));
#331=PLANE('',#332);
#332=AXIS2_PLACEMENT_3D('',#333,#334,#335);
#333=CARTESIAN_POINT('',(-45.4321653435767,20.5003206309257,2.56423361106174));
#334=DIRECTION('',(0.866025403784436,-0.500000000000005,0.));
#335=DIRECTION('',(0.500000000000005,0.866025403784436,0.));
#336=FACE_BOUND('',#337,.T.);
#337=EDGE_LOOP('',(#900,#901,#902,#903,#904));
#338=PLANE('',#339);
#339=AXIS2_PLACEMENT_3D('',#340,#341,#342);
#340=CARTESIAN_POINT('',(-48.7807969048766,20.5003206309257,2.56423361106174));
#341=DIRECTION('',(-5.30472465209255E-15,-1.,0.));
#342=DIRECTION('',(1.,-5.30472465209255E-15,1.32618116302314E-16));
#343=FACE_BOUND('',#344,.T.);
#344=EDGE_LOOP('',(#905,#906,#907,#908));
#345=PLANE('',#346);
#346=AXIS2_PLACEMENT_3D('',#347,#348,#349);
#347=CARTESIAN_POINT('',(-50.4551126855265,23.4003206309257,2.56423361106174));
#348=DIRECTION('',(-0.866025403784443,-0.499999999999993,0.));
#349=DIRECTION('',(0.499999999999993,-0.866025403784443,0.));
#350=FACE_BOUND('',#351,.T.);
#351=EDGE_LOOP('',(#909,#910,#911,#912));
#352=PLANE('',#353);
#353=AXIS2_PLACEMENT_3D('',#354,#355,#356);
#354=CARTESIAN_POINT('',(-48.7807969048765,26.3003206309257,2.56423361106174));
#355=DIRECTION('',(-0.866025403784434,0.500000000000008,0.));
#356=DIRECTION('',(-0.500000000000008,-0.866025403784434,-1.32618116302316E-16));
#357=FACE_BOUND('',#358,.T.);
#358=EDGE_LOOP('',(#913,#914,#915,#916,#917));
#359=PLANE('',#360);
#360=AXIS2_PLACEMENT_3D('',#361,#362,#363);
#361=CARTESIAN_POINT('',(-48.7807969048765,2.00032063092564,2.56423361106174));
#362=DIRECTION('',(8.88541379225506E-15,-1.,-6.40128590774864E-17));
#363=DIRECTION('',(1.,8.88541379225506E-15,1.32618116302314E-16));
#364=FACE_BOUND('',#365,.T.);
#365=EDGE_LOOP('',(#918,#919,#920,#921));
#366=PLANE('',#367);
#367=AXIS2_PLACEMENT_3D('',#368,#369,#370);
#368=CARTESIAN_POINT('',(-50.4551126855265,4.90032063092566,2.56423361106174));
#369=DIRECTION('',(-0.866025403784439,-0.499999999999999,-3.20064295387431E-17));
#370=DIRECTION('',(0.499999999999999,-0.866025403784439,-1.32618116302314E-16));
#371=FACE_BOUND('',#372,.T.);
#372=EDGE_LOOP('',(#922,#923,#924,#925));
#373=PLANE('',#374);
#374=AXIS2_PLACEMENT_3D('',#375,#376,#377);
#375=CARTESIAN_POINT('',(-48.7807969048765,7.80032063092566,2.56423361106174));
#376=DIRECTION('',(-0.866025403784435,0.500000000000006,3.20064295387436E-17));
#377=DIRECTION('',(-0.500000000000006,-0.866025403784435,0.));
#378=FACE_BOUND('',#379,.T.);
#379=EDGE_LOOP('',(#926,#927,#928,#929,#930));
#380=PLANE('',#381);
#381=AXIS2_PLACEMENT_3D('',#382,#383,#384);
#382=CARTESIAN_POINT('',(-45.4321653435767,7.80032063092565,2.56423361106174));
#383=DIRECTION('',(2.12188986083703E-15,1.,6.40128590774864E-17));
#384=DIRECTION('',(-1.,2.12188986083703E-15,-1.32618116302314E-16));
#385=FACE_BOUND('',#386,.T.);
#386=EDGE_LOOP('',(#931,#932,#933));
#387=PLANE('',#388);
#388=AXIS2_PLACEMENT_3D('',#389,#390,#391);
#389=CARTESIAN_POINT('',(-43.7578495629268,4.90032063092564,2.56423361106174));
#390=DIRECTION('',(0.866025403784444,0.499999999999991,3.20064295387426E-17));
#391=DIRECTION('',(-0.499999999999991,0.866025403784444,0.));
#392=FACE_BOUND('',#393,.T.);
#393=EDGE_LOOP('',(#934,#935,#936));
#394=PLANE('',#395);
#395=AXIS2_PLACEMENT_3D('',#396,#397,#398);
#396=CARTESIAN_POINT('',(-45.4321653435767,2.00032063092567,2.56423361106174));
#397=DIRECTION('',(0.866025403784437,-0.500000000000003,-3.20064295387434E-17));
#398=DIRECTION('',(0.500000000000003,0.866025403784437,1.32618116302316E-16));
#399=FACE_BOUND('',#400,.T.);
#400=EDGE_LOOP('',(#937,#938,#939,#940,#941));
#401=PLANE('',#402);
#402=AXIS2_PLACEMENT_3D('',#403,#404,#405);
#403=CARTESIAN_POINT('',(0.,29.5669872975923,1.31711428972E-15));
#404=DIRECTION('',(0.,1.,6.12323399573677E-17));
#405=DIRECTION('',(-1.,7.49879891330929E-33,-1.22464679914735E-16));
#406=FACE_BOUND('',#407,.T.);
#407=EDGE_LOOP('',(#942,#943,#944,#945,#946));
#408=PLANE('',#409);
#409=AXIS2_PLACEMENT_3D('',#410,#411,#412);
#410=CARTESIAN_POINT('',(-111.734794022317,-7.43301270240767,0.0642336110617761));
#411=DIRECTION('',(-1.,0.,0.));
#412=DIRECTION('',(0.,0.,1.));
#413=FACE_BOUND('',#414,.T.);
#414=EDGE_LOOP('',(#947,#948,#949,#950,#951,#952,#953,#954,#955,#956));
#415=FACE_BOUND('',#416,.T.);
#416=EDGE_LOOP('',(#957));
#417=PLANE('',#418);
#418=AXIS2_PLACEMENT_3D('',#419,#420,#421);
#419=CARTESIAN_POINT('',(0.,-7.43301270240767,-4.55140760701259E-16));
#420=DIRECTION('',(0.,1.,6.12323399573677E-17));
#421=DIRECTION('',(-1.,7.49879891330929E-33,-1.22464679914735E-16));
#422=FACE_BOUND('',#423,.T.);
#423=EDGE_LOOP('',(#958,#959,#960,#961,#962));
#424=CYLINDRICAL_SURFACE('',#425,2.2);
#425=AXIS2_PLACEMENT_3D('',#426,#427,#428);
#426=CARTESIAN_POINT('',(-107.234933527192,13.9669872975923,-8.73576638893823));
#427=DIRECTION('',(0.,-8.83759621592166E-16,1.));
#428=DIRECTION('',(-1.,3.22973970800047E-15,2.8685851098946E-30));
#429=FACE_BOUND('',#430,.T.);
#430=EDGE_LOOP('',(#963,#964,#965,#966));
#431=PLANE('',#432);
#432=AXIS2_PLACEMENT_3D('',#433,#434,#435);
#433=CARTESIAN_POINT('',(-109.434933527192,3.98184427976536E-15,15.6892336110618));
#434=DIRECTION('',(-1.,1.22464679914735E-16,3.83475850529284E-17));
#435=DIRECTION('',(-1.22464679914735E-16,-1.,-6.12323399573677E-17));
#436=FACE_BOUND('',#437,.T.);
#437=EDGE_LOOP('',(#967,#968,#969,#970,#971));
#438=CYLINDRICAL_SURFACE('',#439,2.2);
#439=AXIS2_PLACEMENT_3D('',#440,#441,#442);
#440=CARTESIAN_POINT('',(-107.234933527192,17.1669872975923,11.3642336110617));
#441=DIRECTION('',(0.,0.,-1.));
#442=DIRECTION('',(-1.,1.61486985400024E-15,-1.4342925549473E-30));
#443=FACE_BOUND('',#444,.T.);
#444=EDGE_LOOP('',(#972,#973,#974,#975,#976,#977));
#445=PLANE('',#446);
#446=AXIS2_PLACEMENT_3D('',#447,#448,#449);
#447=CARTESIAN_POINT('',(-42.1066210320871,-7.43301270240767,2.56423361106178));
#448=DIRECTION('',(1.,0.,0.));
#449=DIRECTION('',(0.,0.,-1.));
#450=FACE_BOUND('',#451,.T.);
#451=EDGE_LOOP('',(#978,#979,#980,#981,#982,#983,#984,#985,#986,#987));
#452=FACE_BOUND('',#453,.T.);
#453=EDGE_LOOP('',(#988));
#454=FACE_BOUND('',#455,.T.);
#455=EDGE_LOOP('',(#989));
#456=FACE_BOUND('',#457,.T.);
#457=EDGE_LOOP('',(#990));
#458=PLANE('',#459);
#459=AXIS2_PLACEMENT_3D('',#460,#461,#462);
#460=CARTESIAN_POINT('',(-1.09476442525376E-47,29.5669872975923,1.81045581772134E-15));
#461=DIRECTION('',(0.,1.,6.12323399573677E-17));
#462=DIRECTION('',(-1.,7.49879891330929E-33,-1.22464679914735E-16));
#463=FACE_BOUND('',#464,.T.);
#464=EDGE_LOOP('',(#991,#992,#993,#994));
#465=CYLINDRICAL_SURFACE('',#466,14.625);
#466=AXIS2_PLACEMENT_3D('',#467,#468,#469);
#467=CARTESIAN_POINT('',(-76.9207075271923,-7.43301270240767,15.6892336110618));
#468=DIRECTION('',(0.,1.,6.12323399573677E-17));
#469=DIRECTION('',(-1.,7.49879891330929E-33,-1.22464679914735E-16));
#470=FACE_BOUND('',#471,.T.);
#471=EDGE_LOOP('',(#995,#996,#997,#998,#999,#1000));
#472=SPHERICAL_SURFACE('',#473,15.5);
#473=AXIS2_PLACEMENT_3D('',#474,#475,#476);
#474=CARTESIAN_POINT('',(-94.6492553794952,37.4844555428617,8.88178419700125E-15));
#475=DIRECTION('',(1.,-1.72881444223869E-16,0.));
#476=DIRECTION('',(1.72881444223869E-16,1.,0.));
#477=FACE_BOUND('',#478,.T.);
#478=EDGE_LOOP('',(#1001,#1002,#1003,#1004,#1005,#1006,#1007,#1008));
#479=FACE_BOUND('',#480,.T.);
#480=EDGE_LOOP('',(#1009));
#481=FACE_BOUND('',#482,.T.);
#482=EDGE_LOOP('',(#1010));
#483=FACE_BOUND('',#484,.T.);
#484=EDGE_LOOP('',(#1011));
#485=FACE_BOUND('',#486,.T.);
#486=EDGE_LOOP('',(#1012));
#487=FACE_BOUND('',#488,.T.);
#488=EDGE_LOOP('',(#1013,#1014,#1015,#1016,#1017,#1018,#1019,#1020));
#489=FACE_BOUND('',#490,.T.);
#490=EDGE_LOOP('',(#1021));
#491=FACE_BOUND('',#492,.T.);
#492=EDGE_LOOP('',(#1022));
#493=PLANE('',#494);
#494=AXIS2_PLACEMENT_3D('',#495,#496,#497);
#495=CARTESIAN_POINT('',(-42.1066210320871,-7.43301270240767,0.0642336110617813));
#496=DIRECTION('',(7.45429962789755E-17,6.1137281423615E-17,-1.));
#497=DIRECTION('',(-1.,0.,-7.45429962789755E-17));
#498=FACE_BOUND('',#499,.T.);
#499=EDGE_LOOP('',(#1023,#1024,#1025,#1026,#1027));
#500=PLANE('',#501);
#501=AXIS2_PLACEMENT_3D('',#502,#503,#504);
#502=CARTESIAN_POINT('',(-66.9207075271923,19.3669872975923,2.80000000001745));
#503=DIRECTION('',(8.35652912698093E-17,1.,0.));
#504=DIRECTION('',(0.,0.,-1.));
#505=FACE_BOUND('',#506,.T.);
#506=EDGE_LOOP('',(#1028,#1029,#1030,#1031,#1032,#1033,#1034));
#507=PLANE('',#508);
#508=AXIS2_PLACEMENT_3D('',#509,#510,#511);
#509=CARTESIAN_POINT('',(-66.9207075271923,11.7669872975923,2.80000000001745));
#510=DIRECTION('',(4.17826456349046E-17,-2.3373116307898E-16,1.));
#511=DIRECTION('',(0.,1.,2.3373116307898E-16));
#512=FACE_BOUND('',#513,.T.);
#513=EDGE_LOOP('',(#1035,#1036,#1037,#1038,#1039));
#514=PLANE('',#515);
#515=AXIS2_PLACEMENT_3D('',#516,#517,#518);
#516=CARTESIAN_POINT('',(-66.9207075271923,11.7669872975923,0.0642336110617752));
#517=DIRECTION('',(-1.25347936904714E-16,-1.,-6.49308671446301E-16));
#518=DIRECTION('',(0.,-6.49308671446301E-16,1.));
#519=FACE_OUTER_BOUND('',#520,.T.);
#520=EDGE_LOOP('',(#1040));
#521=FACE_OUTER_BOUND('',#522,.T.);
#522=EDGE_LOOP('',(#1041));
#523=CYLINDRICAL_SURFACE('',#524,12.625);
#524=AXIS2_PLACEMENT_3D('',#525,#526,#527);
#525=CARTESIAN_POINT('',(-76.9207075271923,-7.43301270240767,15.6892336110618));
#526=DIRECTION('',(0.,1.,6.12323399573677E-17));
#527=DIRECTION('',(-1.,7.49879891330929E-33,-1.22464679914735E-16));
#528=FACE_BOUND('',#529,.T.);
#529=EDGE_LOOP('',(#1042,#1043,#1044,#1045,#1046));
#530=SPHERICAL_SURFACE('',#531,15.5);
#531=AXIS2_PLACEMENT_3D('',#532,#533,#534);
#532=CARTESIAN_POINT('',(-84.5492553794952,37.4844555428617,8.88178419700125E-15));
#533=DIRECTION('',(1.,-1.72881444223869E-16,0.));
#534=DIRECTION('',(1.72881444223869E-16,1.,0.));
#535=FACE_BOUND('',#536,.T.);
#536=EDGE_LOOP('',(#1047,#1048,#1049));
#537=CYLINDRICAL_SURFACE('',#538,14.625);
#538=AXIS2_PLACEMENT_3D('',#539,#540,#541);
#539=CARTESIAN_POINT('',(-76.9207075271923,-7.43301270240767,15.6892336110618));
#540=DIRECTION('',(0.,1.,6.12323399573677E-17));
#541=DIRECTION('',(-1.,7.49879891330929E-33,-1.22464679914735E-16));
#542=FACE_BOUND('',#543,.T.);
#543=EDGE_LOOP('',(#1050,#1051,#1052,#1053,#1054,#1055,#1056));
#544=CYLINDRICAL_SURFACE('',#545,15.5);
#545=AXIS2_PLACEMENT_3D('',#546,#547,#548);
#546=CARTESIAN_POINT('',(-94.6492553794952,37.4844555428617,8.88178419700125E-15));
#547=DIRECTION('',(1.,-1.72881444223869E-16,0.));
#548=DIRECTION('',(1.72881444223869E-16,1.,0.));
#549=FACE_OUTER_BOUND('',#550,.T.);
#550=EDGE_LOOP('',(#1057));
#551=FACE_OUTER_BOUND('',#552,.T.);
#552=EDGE_LOOP('',(#1058));
#553=CYLINDRICAL_SURFACE('',#554,4.);
#554=AXIS2_PLACEMENT_3D('',#555,#556,#557);
#555=CARTESIAN_POINT('',(-76.9207075272004,27.5669872975923,15.6892336110618));
#556=DIRECTION('',(0.,1.,6.12323399573677E-17));
#557=DIRECTION('',(-1.,7.49879891330929E-33,-1.22464679914735E-16));
#558=FACE_OUTER_BOUND('',#559,.T.);
#559=EDGE_LOOP('',(#1059));
#560=FACE_OUTER_BOUND('',#561,.T.);
#561=EDGE_LOOP('',(#1060));
#562=CYLINDRICAL_SURFACE('',#563,1.6);
#563=AXIS2_PLACEMENT_3D('',#564,#565,#566);
#564=CARTESIAN_POINT('',(-85.4207075272004,27.5669872975923,15.6892336110618));
#565=DIRECTION('',(0.,1.,6.12323399573677E-17));
#566=DIRECTION('',(-1.,7.49879891330929E-33,-1.22464679914735E-16));
#567=FACE_OUTER_BOUND('',#568,.T.);
#568=EDGE_LOOP('',(#1061));
#569=FACE_OUTER_BOUND('',#570,.T.);
#570=EDGE_LOOP('',(#1062));
#571=CYLINDRICAL_SURFACE('',#572,1.6);
#572=AXIS2_PLACEMENT_3D('',#573,#574,#575);
#573=CARTESIAN_POINT('',(-68.4207075272004,27.5669872975923,15.6892336110618));
#574=DIRECTION('',(0.,1.,6.12323399573677E-17));
#575=DIRECTION('',(-1.,7.49879891330929E-33,-1.22464679914735E-16));
#576=FACE_BOUND('',#577,.T.);
#577=EDGE_LOOP('',(#1063,#1064,#1065,#1066));
#578=CYLINDRICAL_SURFACE('',#579,2.2);
#579=AXIS2_PLACEMENT_3D('',#580,#581,#582);
#580=CARTESIAN_POINT('',(-69.1207075271923,13.9669872975923,-8.73576638893823));
#581=DIRECTION('',(0.,1.74702718886954E-16,-1.));
#582=DIRECTION('',(1.,-2.42230478100034E-15,-7.17146277473646E-31));
#583=FACE_BOUND('',#584,.T.);
#584=EDGE_LOOP('',(#1067,#1068,#1069,#1070));
#585=PLANE('',#586);
#586=AXIS2_PLACEMENT_3D('',#587,#588,#589);
#587=CARTESIAN_POINT('',(-66.9207075271923,-1.22464679914735E-15,15.6892336110618));
#588=DIRECTION('',(-1.,1.22464679914735E-16,3.83475850529284E-17));
#589=DIRECTION('',(-1.22464679914735E-16,-1.,-6.12323399573677E-17));
#590=FACE_BOUND('',#591,.T.);
#591=EDGE_LOOP('',(#1071,#1072,#1073,#1074));
#592=CYLINDRICAL_SURFACE('',#593,2.2);
#593=AXIS2_PLACEMENT_3D('',#594,#595,#596);
#594=CARTESIAN_POINT('',(-69.1207075271923,17.1669872975923,11.6000000000174));
#595=DIRECTION('',(0.,0.,1.));
#596=DIRECTION('',(1.,1.61486985400023E-15,0.));
#597=FACE_OUTER_BOUND('',#598,.T.);
#598=EDGE_LOOP('',(#1075));
#599=FACE_OUTER_BOUND('',#600,.T.);
#600=EDGE_LOOP('',(#1076));
#601=CYLINDRICAL_SURFACE('',#602,1.925);
#602=AXIS2_PLACEMENT_3D('',#603,#604,#605);
#603=CARTESIAN_POINT('',(-58.9207075272004,4.90032063092563,6.56423361106178));
#604=DIRECTION('',(7.45429962789755E-17,6.1137281423615E-17,-1.));
#605=DIRECTION('',(-6.12323399573677E-17,-1.,-6.1137281423615E-17));
#606=FACE_OUTER_BOUND('',#607,.T.);
#607=EDGE_LOOP('',(#1077));
#608=FACE_OUTER_BOUND('',#609,.T.);
#609=EDGE_LOOP('',(#1078));
#610=CYLINDRICAL_SURFACE('',#611,1.925);
#611=AXIS2_PLACEMENT_3D('',#612,#613,#614);
#612=CARTESIAN_POINT('',(-94.9207075272004,4.90032063092565,6.56423361106178));
#613=DIRECTION('',(7.45429962789755E-17,6.1137281423615E-17,-1.));
#614=DIRECTION('',(-6.12323399573677E-17,-1.,-6.1137281423615E-17));
#615=FACE_BOUND('',#616,.T.);
#616=EDGE_LOOP('',(#1079));
#617=FACE_BOUND('',#618,.T.);
#618=EDGE_LOOP('',(#1080));
#619=FACE_BOUND('',#620,.T.);
#620=EDGE_LOOP('',(#1081));
#621=FACE_BOUND('',#622,.T.);
#622=EDGE_LOOP('',(#1082));
#623=PLANE('',#624);
#624=AXIS2_PLACEMENT_3D('',#625,#626,#627);
#625=CARTESIAN_POINT('',(-1.09476442525376E-47,27.5669872975923,1.68799113780661E-15));
#626=DIRECTION('',(0.,1.,6.12323399573677E-17));
#627=DIRECTION('',(-1.,7.49879891330929E-33,-1.22464679914735E-16));
#628=FACE_BOUND('',#629,.T.);
#629=EDGE_LOOP('',(#1083));
#630=PLANE('',#631);
#631=AXIS2_PLACEMENT_3D('',#632,#633,#634);
#632=CARTESIAN_POINT('',(-4.89317641643704E-16,-4.01319397609837E-16,6.56423361106178));
#633=DIRECTION('',(7.45429962789755E-17,6.1137281423615E-17,-1.));
#634=DIRECTION('',(-6.12323399573677E-17,-1.,-6.1137281423615E-17));
#635=FACE_BOUND('',#636,.T.);
#636=EDGE_LOOP('',(#1084));
#637=PLANE('',#638);
#638=AXIS2_PLACEMENT_3D('',#639,#640,#641);
#639=CARTESIAN_POINT('',(-4.89317641643704E-16,-4.01319397609837E-16,6.56423361106178));
#640=DIRECTION('',(7.45429962789755E-17,6.1137281423615E-17,-1.));
#641=DIRECTION('',(-6.12323399573677E-17,-1.,-6.1137281423615E-17));
#642=FACE_BOUND('',#643,.T.);
#643=EDGE_LOOP('',(#1085,#1086,#1087,#1088,#1089));
#644=CONICAL_SURFACE('',#645,60.1328957552948,0.785398163397461);
#645=AXIS2_PLACEMENT_3D('',#646,#647,#648);
#646=CARTESIAN_POINT('',(-142.664621932125,29.0669872975923,50.157612588956));
#647=DIRECTION('',(0.,1.,6.12323399573677E-17));
#648=DIRECTION('',(-0.764964518541838,-3.94380615291676E-17,0.644072422458883));
#649=FACE_BOUND('',#650,.T.);
#650=EDGE_LOOP('',(#1090,#1091,#1092,#1093));
#651=CONICAL_SURFACE('',#652,14.125,0.785398163397449);
#652=AXIS2_PLACEMENT_3D('',#653,#654,#655);
#653=CARTESIAN_POINT('',(-76.9207075271923,29.0669872975923,15.6892336110618));
#654=DIRECTION('',(0.,-1.,-6.12323399573677E-17));
#655=DIRECTION('',(0.960402210761559,1.70603885398731E-17,-0.278617288703179));
#656=FACE_BOUND('',#657,.T.);
#657=EDGE_LOOP('',(#1094,#1095,#1096,#1097));
#658=CONICAL_SURFACE('',#659,60.1328957552948,0.785398163397443);
#659=AXIS2_PLACEMENT_3D('',#660,#661,#662);
#660=CARTESIAN_POINT('',(-11.1767931222882,29.0669872975923,50.1576125889675));
#661=DIRECTION('',(0.,1.,6.12323399573677E-17));
#662=DIRECTION('',(0.89468400846163,-2.73524612425819E-17,0.446699591451605));
#663=FACE_BOUND('',#664,.T.);
#664=EDGE_LOOP('',(#1098,#1099,#1100,#1101));
#665=CONICAL_SURFACE('',#666,5.49999999999999,0.785398163397456);
#666=AXIS2_PLACEMENT_3D('',#667,#668,#669);
#667=CARTESIAN_POINT('',(-45.3902022750371,29.0669872975923,7.56423361106179));
#668=DIRECTION('',(0.,1.,6.12323399573677E-17));
#669=DIRECTION('',(0.84686205474865,-3.2564130993829E-17,0.531812617589029));
#670=FACE_BOUND('',#671,.T.);
#671=EDGE_LOOP('',(#1102,#1103,#1104,#1105));
#672=PLANE('',#673);
#673=AXIS2_PLACEMENT_3D('',#674,#675,#676);
#674=CARTESIAN_POINT('',(-49.3902022750371,28.5669872975923,2.56423361106178));
#675=DIRECTION('',(0.,0.70710678118655,0.707106781186545));
#676=DIRECTION('',(1.,0.,0.));
#677=FACE_BOUND('',#678,.T.);
#678=EDGE_LOOP('',(#1106,#1107,#1108,#1109));
#679=CONICAL_SURFACE('',#680,14.125,0.78539816339744);
#680=AXIS2_PLACEMENT_3D('',#681,#682,#683);
#681=CARTESIAN_POINT('',(-76.9207075271923,29.0669872975923,15.6892336110618));
#682=DIRECTION('',(6.16297582203915E-33,-1.,-6.12323399573677E-17));
#683=DIRECTION('',(-0.629414283497677,-4.75818094790007E-17,0.777069919459701));
#684=FACE_BOUND('',#685,.T.);
#685=EDGE_LOOP('',(#1110,#1111,#1112,#1113));
#686=PLANE('',#687);
#687=AXIS2_PLACEMENT_3D('',#688,#689,#690);
#688=CARTESIAN_POINT('',(-115.734794022317,-6.43301270240767,2.56423361106173));
#689=DIRECTION('',(5.56593664680346E-17,0.707106781186548,-0.707106781186547));
#690=DIRECTION('',(1.,0.,7.87142309321888E-17));
#691=FACE_BOUND('',#692,.T.);
#692=EDGE_LOOP('',(#1114,#1115,#1116,#1117));
#693=CONICAL_SURFACE('',#694,5.5,0.785398163397447);
#694=AXIS2_PLACEMENT_3D('',#695,#696,#697);
#695=CARTESIAN_POINT('',(-108.451212779362,-6.93301270240767,7.56423361106173));
#696=DIRECTION('',(3.08148791101958E-33,-1.,-6.12323399573677E-17));
#697=DIRECTION('',(-0.846862054748831,-3.25641309938114E-17,0.531812617588742));
#698=FACE_BOUND('',#699,.T.);
#699=EDGE_LOOP('',(#1118,#1119,#1120,#1121));
#700=CONICAL_SURFACE('',#701,60.1328957552948,0.785398163397448);
#701=AXIS2_PLACEMENT_3D('',#702,#703,#704);
#702=CARTESIAN_POINT('',(-142.664621932125,-6.93301270240768,50.157612588956));
#703=DIRECTION('',(0.,-1.,-6.12323399573677E-17));
#704=DIRECTION('',(0.600189556388059,4.89771645810054E-17,-0.799857797613241));
#705=FACE_BOUND('',#706,.T.);
#706=EDGE_LOOP('',(#1122,#1123,#1124,#1125));
#707=CONICAL_SURFACE('',#708,14.125,0.785398163397454);
#708=AXIS2_PLACEMENT_3D('',#709,#710,#711);
#709=CARTESIAN_POINT('',(-76.9207075271923,-6.93301270240767,15.6892336110618));
#710=DIRECTION('',(-3.08148791101958E-33,1.,6.12323399573677E-17));
#711=DIRECTION('',(-0.960402210761559,-1.7060388539873E-17,0.278617288703178));
#712=FACE_BOUND('',#713,.T.);
#713=EDGE_LOOP('',(#1126,#1127,#1128,#1129));
#714=CONICAL_SURFACE('',#715,60.1328957552948,0.785398163397446);
#715=AXIS2_PLACEMENT_3D('',#716,#717,#718);
#716=CARTESIAN_POINT('',(-11.1767931222882,-6.93301270240768,50.1576125889675));
#717=DIRECTION('',(0.,-1.,-6.12323399573676E-17));
#718=DIRECTION('',(-0.894684008461629,2.73524612425819E-17,-0.446699591451605));
#719=FACE_BOUND('',#720,.T.);
#720=EDGE_LOOP('',(#1130,#1131,#1132,#1133));
#721=CONICAL_SURFACE('',#722,5.5,0.785398163397447);
#722=AXIS2_PLACEMENT_3D('',#723,#724,#725);
#723=CARTESIAN_POINT('',(-45.3902022750371,-6.93301270240767,7.56423361106179));
#724=DIRECTION('',(0.,-1.,-6.12323399573677E-17));
#725=DIRECTION('',(-0.327194696796153,-5.786192498182E-17,0.944956946314738));
#726=FACE_BOUND('',#727,.T.);
#727=EDGE_LOOP('',(#1134,#1135,#1136,#1137));
#728=PLANE('',#729);
#729=AXIS2_PLACEMENT_3D('',#730,#731,#732);
#730=CARTESIAN_POINT('',(-49.3902022750371,-6.43301270240767,2.56423361106178));
#731=DIRECTION('',(0.,0.707106781186548,-0.707106781186548));
#732=DIRECTION('',(1.,0.,0.));
#733=ORIENTED_EDGE('',*,*,#1138,.T.);
#734=ORIENTED_EDGE('',*,*,#1139,.T.);
#735=ORIENTED_EDGE('',*,*,#1140,.T.);
#736=ORIENTED_EDGE('',*,*,#1141,.T.);
#737=ORIENTED_EDGE('',*,*,#1142,.T.);
#738=ORIENTED_EDGE('',*,*,#1143,.T.);
#739=ORIENTED_EDGE('',*,*,#1144,.T.);
#740=ORIENTED_EDGE('',*,*,#1145,.T.);
#741=ORIENTED_EDGE('',*,*,#1146,.T.);
#742=ORIENTED_EDGE('',*,*,#1147,.F.);
#743=ORIENTED_EDGE('',*,*,#1148,.T.);
#744=ORIENTED_EDGE('',*,*,#1149,.F.);
#745=ORIENTED_EDGE('',*,*,#1150,.T.);
#746=ORIENTED_EDGE('',*,*,#1151,.T.);
#747=ORIENTED_EDGE('',*,*,#1152,.T.);
#748=ORIENTED_EDGE('',*,*,#1153,.T.);
#749=ORIENTED_EDGE('',*,*,#1154,.T.);
#750=ORIENTED_EDGE('',*,*,#1155,.T.);
#751=ORIENTED_EDGE('',*,*,#1156,.F.);
#752=ORIENTED_EDGE('',*,*,#1157,.F.);
#753=ORIENTED_EDGE('',*,*,#1158,.F.);
#754=ORIENTED_EDGE('',*,*,#1159,.F.);
#755=ORIENTED_EDGE('',*,*,#1160,.T.);
#756=ORIENTED_EDGE('',*,*,#1161,.T.);
#757=ORIENTED_EDGE('',*,*,#1162,.F.);
#758=ORIENTED_EDGE('',*,*,#1163,.F.);
#759=ORIENTED_EDGE('',*,*,#1164,.T.);
#760=ORIENTED_EDGE('',*,*,#1165,.T.);
#761=ORIENTED_EDGE('',*,*,#1166,.T.);
#762=ORIENTED_EDGE('',*,*,#1167,.T.);
#763=ORIENTED_EDGE('',*,*,#1168,.T.);
#764=ORIENTED_EDGE('',*,*,#1169,.T.);
#765=ORIENTED_EDGE('',*,*,#1170,.F.);
#766=ORIENTED_EDGE('',*,*,#1171,.T.);
#767=ORIENTED_EDGE('',*,*,#1172,.T.);
#768=ORIENTED_EDGE('',*,*,#1173,.T.);
#769=ORIENTED_EDGE('',*,*,#1174,.T.);
#770=ORIENTED_EDGE('',*,*,#1175,.T.);
#771=ORIENTED_EDGE('',*,*,#1176,.T.);
#772=ORIENTED_EDGE('',*,*,#1177,.F.);
#773=ORIENTED_EDGE('',*,*,#1178,.F.);
#774=ORIENTED_EDGE('',*,*,#1179,.F.);
#775=ORIENTED_EDGE('',*,*,#1180,.T.);
#776=ORIENTED_EDGE('',*,*,#1181,.T.);
#777=ORIENTED_EDGE('',*,*,#1182,.T.);
#778=ORIENTED_EDGE('',*,*,#1183,.T.);
#779=ORIENTED_EDGE('',*,*,#1184,.T.);
#780=ORIENTED_EDGE('',*,*,#1185,.T.);
#781=ORIENTED_EDGE('',*,*,#1186,.T.);
#782=ORIENTED_EDGE('',*,*,#1187,.T.);
#783=ORIENTED_EDGE('',*,*,#1188,.T.);
#784=ORIENTED_EDGE('',*,*,#1189,.T.);
#785=ORIENTED_EDGE('',*,*,#1190,.T.);
#786=ORIENTED_EDGE('',*,*,#1191,.T.);
#787=ORIENTED_EDGE('',*,*,#1192,.F.);
#788=ORIENTED_EDGE('',*,*,#1193,.T.);
#789=ORIENTED_EDGE('',*,*,#1194,.T.);
#790=ORIENTED_EDGE('',*,*,#1177,.T.);
#791=ORIENTED_EDGE('',*,*,#1195,.T.);
#792=ORIENTED_EDGE('',*,*,#1196,.T.);
#793=ORIENTED_EDGE('',*,*,#1181,.F.);
#794=ORIENTED_EDGE('',*,*,#1197,.T.);
#795=ORIENTED_EDGE('',*,*,#1170,.T.);
#796=ORIENTED_EDGE('',*,*,#1198,.T.);
#797=ORIENTED_EDGE('',*,*,#1199,.T.);
#798=ORIENTED_EDGE('',*,*,#1186,.F.);
#799=ORIENTED_EDGE('',*,*,#1200,.T.);
#800=ORIENTED_EDGE('',*,*,#1201,.T.);
#801=ORIENTED_EDGE('',*,*,#1191,.F.);
#802=ORIENTED_EDGE('',*,*,#1202,.T.);
#803=ORIENTED_EDGE('',*,*,#1203,.T.);
#804=ORIENTED_EDGE('',*,*,#1163,.T.);
#805=ORIENTED_EDGE('',*,*,#1204,.T.);
#806=ORIENTED_EDGE('',*,*,#1205,.T.);
#807=ORIENTED_EDGE('',*,*,#1206,.F.);
#808=ORIENTED_EDGE('',*,*,#1207,.T.);
#809=ORIENTED_EDGE('',*,*,#1208,.F.);
#810=ORIENTED_EDGE('',*,*,#1209,.T.);
#811=ORIENTED_EDGE('',*,*,#1210,.T.);
#812=ORIENTED_EDGE('',*,*,#1211,.F.);
#813=ORIENTED_EDGE('',*,*,#1212,.T.);
#814=ORIENTED_EDGE('',*,*,#1213,.T.);
#815=ORIENTED_EDGE('',*,*,#1214,.T.);
#816=ORIENTED_EDGE('',*,*,#1215,.T.);
#817=ORIENTED_EDGE('',*,*,#1216,.F.);
#818=ORIENTED_EDGE('',*,*,#1158,.T.);
#819=ORIENTED_EDGE('',*,*,#1217,.F.);
#820=ORIENTED_EDGE('',*,*,#1178,.T.);
#821=ORIENTED_EDGE('',*,*,#1218,.F.);
#822=ORIENTED_EDGE('',*,*,#1159,.T.);
#823=ORIENTED_EDGE('',*,*,#1219,.F.);
#824=ORIENTED_EDGE('',*,*,#1179,.T.);
#825=ORIENTED_EDGE('',*,*,#1220,.F.);
#826=ORIENTED_EDGE('',*,*,#1221,.T.);
#827=ORIENTED_EDGE('',*,*,#1222,.T.);
#828=ORIENTED_EDGE('',*,*,#1211,.T.);
#829=ORIENTED_EDGE('',*,*,#1223,.T.);
#830=ORIENTED_EDGE('',*,*,#1224,.T.);
#831=ORIENTED_EDGE('',*,*,#1150,.F.);
#832=ORIENTED_EDGE('',*,*,#1225,.T.);
#833=ORIENTED_EDGE('',*,*,#1226,.T.);
#834=ORIENTED_EDGE('',*,*,#1227,.T.);
#835=ORIENTED_EDGE('',*,*,#1228,.T.);
#836=ORIENTED_EDGE('',*,*,#1229,.T.);
#837=ORIENTED_EDGE('',*,*,#1146,.F.);
#838=ORIENTED_EDGE('',*,*,#1230,.T.);
#839=ORIENTED_EDGE('',*,*,#1216,.T.);
#840=ORIENTED_EDGE('',*,*,#1231,.T.);
#841=ORIENTED_EDGE('',*,*,#1232,.T.);
#842=ORIENTED_EDGE('',*,*,#1139,.F.);
#843=ORIENTED_EDGE('',*,*,#1233,.T.);
#844=ORIENTED_EDGE('',*,*,#1208,.T.);
#845=ORIENTED_EDGE('',*,*,#1234,.T.);
#846=ORIENTED_EDGE('',*,*,#1235,.T.);
#847=ORIENTED_EDGE('',*,*,#1155,.F.);
#848=ORIENTED_EDGE('',*,*,#1236,.T.);
#849=ORIENTED_EDGE('',*,*,#1236,.F.);
#850=ORIENTED_EDGE('',*,*,#1154,.F.);
#851=ORIENTED_EDGE('',*,*,#1237,.T.);
#852=ORIENTED_EDGE('',*,*,#1233,.F.);
#853=ORIENTED_EDGE('',*,*,#1237,.F.);
#854=ORIENTED_EDGE('',*,*,#1153,.F.);
#855=ORIENTED_EDGE('',*,*,#1238,.T.);
#856=ORIENTED_EDGE('',*,*,#1209,.F.);
#857=ORIENTED_EDGE('',*,*,#1223,.F.);
#858=ORIENTED_EDGE('',*,*,#1210,.F.);
#859=ORIENTED_EDGE('',*,*,#1238,.F.);
#860=ORIENTED_EDGE('',*,*,#1152,.F.);
#861=ORIENTED_EDGE('',*,*,#1239,.T.);
#862=ORIENTED_EDGE('',*,*,#1224,.F.);
#863=ORIENTED_EDGE('',*,*,#1239,.F.);
#864=ORIENTED_EDGE('',*,*,#1151,.F.);
#865=ORIENTED_EDGE('',*,*,#1222,.F.);
#866=ORIENTED_EDGE('',*,*,#1240,.F.);
#867=ORIENTED_EDGE('',*,*,#1144,.F.);
#868=ORIENTED_EDGE('',*,*,#1241,.T.);
#869=ORIENTED_EDGE('',*,*,#1212,.F.);
#870=ORIENTED_EDGE('',*,*,#1213,.F.);
#871=ORIENTED_EDGE('',*,*,#1241,.F.);
#872=ORIENTED_EDGE('',*,*,#1143,.F.);
#873=ORIENTED_EDGE('',*,*,#1242,.T.);
#874=ORIENTED_EDGE('',*,*,#1214,.F.);
#875=ORIENTED_EDGE('',*,*,#1242,.F.);
#876=ORIENTED_EDGE('',*,*,#1142,.F.);
#877=ORIENTED_EDGE('',*,*,#1243,.T.);
#878=ORIENTED_EDGE('',*,*,#1231,.F.);
#879=ORIENTED_EDGE('',*,*,#1215,.F.);
#880=ORIENTED_EDGE('',*,*,#1243,.F.);
#881=ORIENTED_EDGE('',*,*,#1141,.F.);
#882=ORIENTED_EDGE('',*,*,#1244,.T.);
#883=ORIENTED_EDGE('',*,*,#1232,.F.);
#884=ORIENTED_EDGE('',*,*,#1244,.F.);
#885=ORIENTED_EDGE('',*,*,#1140,.F.);
#886=ORIENTED_EDGE('',*,*,#1221,.F.);
#887=ORIENTED_EDGE('',*,*,#1145,.F.);
#888=ORIENTED_EDGE('',*,*,#1240,.T.);
#889=ORIENTED_EDGE('',*,*,#1202,.F.);
#890=ORIENTED_EDGE('',*,*,#1190,.F.);
#891=ORIENTED_EDGE('',*,*,#1245,.F.);
#892=ORIENTED_EDGE('',*,*,#1165,.F.);
#893=ORIENTED_EDGE('',*,*,#1246,.T.);
#894=ORIENTED_EDGE('',*,*,#1203,.F.);
#895=ORIENTED_EDGE('',*,*,#1246,.F.);
#896=ORIENTED_EDGE('',*,*,#1164,.F.);
#897=ORIENTED_EDGE('',*,*,#1198,.F.);
#898=ORIENTED_EDGE('',*,*,#1169,.F.);
#899=ORIENTED_EDGE('',*,*,#1247,.T.);
#900=ORIENTED_EDGE('',*,*,#1199,.F.);
#901=ORIENTED_EDGE('',*,*,#1247,.F.);
#902=ORIENTED_EDGE('',*,*,#1168,.F.);
#903=ORIENTED_EDGE('',*,*,#1248,.T.);
#904=ORIENTED_EDGE('',*,*,#1187,.F.);
#905=ORIENTED_EDGE('',*,*,#1188,.F.);
#906=ORIENTED_EDGE('',*,*,#1248,.F.);
#907=ORIENTED_EDGE('',*,*,#1167,.F.);
#908=ORIENTED_EDGE('',*,*,#1249,.T.);
#909=ORIENTED_EDGE('',*,*,#1189,.F.);
#910=ORIENTED_EDGE('',*,*,#1249,.F.);
#911=ORIENTED_EDGE('',*,*,#1166,.F.);
#912=ORIENTED_EDGE('',*,*,#1245,.T.);
#913=ORIENTED_EDGE('',*,*,#1196,.F.);
#914=ORIENTED_EDGE('',*,*,#1250,.F.);
#915=ORIENTED_EDGE('',*,*,#1175,.F.);
#916=ORIENTED_EDGE('',*,*,#1251,.T.);
#917=ORIENTED_EDGE('',*,*,#1182,.F.);
#918=ORIENTED_EDGE('',*,*,#1183,.F.);
#919=ORIENTED_EDGE('',*,*,#1251,.F.);
#920=ORIENTED_EDGE('',*,*,#1174,.F.);
#921=ORIENTED_EDGE('',*,*,#1252,.T.);
#922=ORIENTED_EDGE('',*,*,#1184,.F.);
#923=ORIENTED_EDGE('',*,*,#1252,.F.);
#924=ORIENTED_EDGE('',*,*,#1173,.F.);
#925=ORIENTED_EDGE('',*,*,#1253,.T.);
#926=ORIENTED_EDGE('',*,*,#1200,.F.);
#927=ORIENTED_EDGE('',*,*,#1185,.F.);
#928=ORIENTED_EDGE('',*,*,#1253,.F.);
#929=ORIENTED_EDGE('',*,*,#1172,.F.);
#930=ORIENTED_EDGE('',*,*,#1254,.T.);
#931=ORIENTED_EDGE('',*,*,#1197,.F.);
#932=ORIENTED_EDGE('',*,*,#1254,.F.);
#933=ORIENTED_EDGE('',*,*,#1171,.F.);
#934=ORIENTED_EDGE('',*,*,#1195,.F.);
#935=ORIENTED_EDGE('',*,*,#1176,.F.);
#936=ORIENTED_EDGE('',*,*,#1250,.T.);
#937=ORIENTED_EDGE('',*,*,#1235,.F.);
#938=ORIENTED_EDGE('',*,*,#1255,.T.);
#939=ORIENTED_EDGE('',*,*,#1256,.T.);
#940=ORIENTED_EDGE('',*,*,#1257,.T.);
#941=ORIENTED_EDGE('',*,*,#1156,.T.);
#942=ORIENTED_EDGE('',*,*,#1258,.F.);
#943=ORIENTED_EDGE('',*,*,#1157,.T.);
#944=ORIENTED_EDGE('',*,*,#1257,.F.);
#945=ORIENTED_EDGE('',*,*,#1259,.F.);
#946=ORIENTED_EDGE('',*,*,#1260,.T.);
#947=ORIENTED_EDGE('',*,*,#1261,.F.);
#948=ORIENTED_EDGE('',*,*,#1260,.F.);
#949=ORIENTED_EDGE('',*,*,#1262,.F.);
#950=ORIENTED_EDGE('',*,*,#1263,.F.);
#951=ORIENTED_EDGE('',*,*,#1264,.F.);
#952=ORIENTED_EDGE('',*,*,#1265,.F.);
#953=ORIENTED_EDGE('',*,*,#1266,.F.);
#954=ORIENTED_EDGE('',*,*,#1267,.F.);
#955=ORIENTED_EDGE('',*,*,#1268,.F.);
#956=ORIENTED_EDGE('',*,*,#1269,.F.);
#957=ORIENTED_EDGE('',*,*,#1270,.T.);
#958=ORIENTED_EDGE('',*,*,#1229,.F.);
#959=ORIENTED_EDGE('',*,*,#1271,.F.);
#960=ORIENTED_EDGE('',*,*,#1272,.T.);
#961=ORIENTED_EDGE('',*,*,#1273,.T.);
#962=ORIENTED_EDGE('',*,*,#1147,.T.);
#963=ORIENTED_EDGE('',*,*,#1274,.F.);
#964=ORIENTED_EDGE('',*,*,#1148,.F.);
#965=ORIENTED_EDGE('',*,*,#1273,.F.);
#966=ORIENTED_EDGE('',*,*,#1275,.F.);
#967=ORIENTED_EDGE('',*,*,#1225,.F.);
#968=ORIENTED_EDGE('',*,*,#1149,.T.);
#969=ORIENTED_EDGE('',*,*,#1274,.T.);
#970=ORIENTED_EDGE('',*,*,#1276,.T.);
#971=ORIENTED_EDGE('',*,*,#1277,.F.);
#972=ORIENTED_EDGE('',*,*,#1278,.F.);
#973=ORIENTED_EDGE('',*,*,#1263,.T.);
#974=ORIENTED_EDGE('',*,*,#1279,.T.);
#975=ORIENTED_EDGE('',*,*,#1280,.F.);
#976=ORIENTED_EDGE('',*,*,#1281,.F.);
#977=ORIENTED_EDGE('',*,*,#1161,.F.);
#978=ORIENTED_EDGE('',*,*,#1282,.T.);
#979=ORIENTED_EDGE('',*,*,#1283,.T.);
#980=ORIENTED_EDGE('',*,*,#1284,.T.);
#981=ORIENTED_EDGE('',*,*,#1285,.T.);
#982=ORIENTED_EDGE('',*,*,#1286,.T.);
#983=ORIENTED_EDGE('',*,*,#1287,.F.);
#984=ORIENTED_EDGE('',*,*,#1288,.T.);
#985=ORIENTED_EDGE('',*,*,#1280,.T.);
#986=ORIENTED_EDGE('',*,*,#1289,.T.);
#987=ORIENTED_EDGE('',*,*,#1290,.T.);
#988=ORIENTED_EDGE('',*,*,#1291,.T.);
#989=ORIENTED_EDGE('',*,*,#1292,.T.);
#990=ORIENTED_EDGE('',*,*,#1293,.T.);
#991=ORIENTED_EDGE('',*,*,#1294,.T.);
#992=ORIENTED_EDGE('',*,*,#1193,.F.);
#993=ORIENTED_EDGE('',*,*,#1295,.F.);
#994=ORIENTED_EDGE('',*,*,#1205,.F.);
#995=ORIENTED_EDGE('',*,*,#1296,.F.);
#996=ORIENTED_EDGE('',*,*,#1297,.T.);
#997=ORIENTED_EDGE('',*,*,#1298,.F.);
#998=ORIENTED_EDGE('',*,*,#1255,.F.);
#999=ORIENTED_EDGE('',*,*,#1234,.F.);
#1000=ORIENTED_EDGE('',*,*,#1207,.F.);
#1001=ORIENTED_EDGE('',*,*,#1299,.T.);
#1002=ORIENTED_EDGE('',*,*,#1289,.F.);
#1003=ORIENTED_EDGE('',*,*,#1279,.F.);
#1004=ORIENTED_EDGE('',*,*,#1262,.T.);
#1005=ORIENTED_EDGE('',*,*,#1259,.T.);
#1006=ORIENTED_EDGE('',*,*,#1256,.F.);
#1007=ORIENTED_EDGE('',*,*,#1298,.T.);
#1008=ORIENTED_EDGE('',*,*,#1300,.T.);
#1009=ORIENTED_EDGE('',*,*,#1217,.T.);
#1010=ORIENTED_EDGE('',*,*,#1218,.T.);
#1011=ORIENTED_EDGE('',*,*,#1219,.T.);
#1012=ORIENTED_EDGE('',*,*,#1220,.T.);
#1013=ORIENTED_EDGE('',*,*,#1276,.F.);
#1014=ORIENTED_EDGE('',*,*,#1275,.T.);
#1015=ORIENTED_EDGE('',*,*,#1272,.F.);
#1016=ORIENTED_EDGE('',*,*,#1301,.T.);
#1017=ORIENTED_EDGE('',*,*,#1302,.F.);
#1018=ORIENTED_EDGE('',*,*,#1303,.T.);
#1019=ORIENTED_EDGE('',*,*,#1304,.F.);
#1020=ORIENTED_EDGE('',*,*,#1305,.T.);
#1021=ORIENTED_EDGE('',*,*,#1306,.T.);
#1022=ORIENTED_EDGE('',*,*,#1307,.T.);
#1023=ORIENTED_EDGE('',*,*,#1226,.F.);
#1024=ORIENTED_EDGE('',*,*,#1277,.T.);
#1025=ORIENTED_EDGE('',*,*,#1305,.F.);
#1026=ORIENTED_EDGE('',*,*,#1308,.F.);
#1027=ORIENTED_EDGE('',*,*,#1309,.T.);
#1028=ORIENTED_EDGE('',*,*,#1227,.F.);
#1029=ORIENTED_EDGE('',*,*,#1310,.F.);
#1030=ORIENTED_EDGE('',*,*,#1309,.F.);
#1031=ORIENTED_EDGE('',*,*,#1311,.F.);
#1032=ORIENTED_EDGE('',*,*,#1312,.F.);
#1033=ORIENTED_EDGE('',*,*,#1313,.F.);
#1034=ORIENTED_EDGE('',*,*,#1314,.T.);
#1035=ORIENTED_EDGE('',*,*,#1228,.F.);
#1036=ORIENTED_EDGE('',*,*,#1314,.F.);
#1037=ORIENTED_EDGE('',*,*,#1315,.F.);
#1038=ORIENTED_EDGE('',*,*,#1301,.F.);
#1039=ORIENTED_EDGE('',*,*,#1271,.T.);
#1040=ORIENTED_EDGE('',*,*,#1316,.F.);
#1041=ORIENTED_EDGE('',*,*,#1270,.F.);
#1042=ORIENTED_EDGE('',*,*,#1317,.F.);
#1043=ORIENTED_EDGE('',*,*,#1290,.F.);
#1044=ORIENTED_EDGE('',*,*,#1299,.F.);
#1045=ORIENTED_EDGE('',*,*,#1318,.F.);
#1046=ORIENTED_EDGE('',*,*,#1319,.T.);
#1047=ORIENTED_EDGE('',*,*,#1320,.F.);
#1048=ORIENTED_EDGE('',*,*,#1319,.F.);
#1049=ORIENTED_EDGE('',*,*,#1321,.F.);
#1050=ORIENTED_EDGE('',*,*,#1322,.F.);
#1051=ORIENTED_EDGE('',*,*,#1321,.T.);
#1052=ORIENTED_EDGE('',*,*,#1318,.T.);
#1053=ORIENTED_EDGE('',*,*,#1300,.F.);
#1054=ORIENTED_EDGE('',*,*,#1297,.F.);
#1055=ORIENTED_EDGE('',*,*,#1323,.F.);
#1056=ORIENTED_EDGE('',*,*,#1283,.F.);
#1057=ORIENTED_EDGE('',*,*,#1291,.F.);
#1058=ORIENTED_EDGE('',*,*,#1324,.F.);
#1059=ORIENTED_EDGE('',*,*,#1292,.F.);
#1060=ORIENTED_EDGE('',*,*,#1325,.F.);
#1061=ORIENTED_EDGE('',*,*,#1293,.F.);
#1062=ORIENTED_EDGE('',*,*,#1326,.F.);
#1063=ORIENTED_EDGE('',*,*,#1315,.T.);
#1064=ORIENTED_EDGE('',*,*,#1313,.T.);
#1065=ORIENTED_EDGE('',*,*,#1327,.F.);
#1066=ORIENTED_EDGE('',*,*,#1302,.T.);
#1067=ORIENTED_EDGE('',*,*,#1328,.T.);
#1068=ORIENTED_EDGE('',*,*,#1303,.F.);
#1069=ORIENTED_EDGE('',*,*,#1327,.T.);
#1070=ORIENTED_EDGE('',*,*,#1312,.T.);
#1071=ORIENTED_EDGE('',*,*,#1308,.T.);
#1072=ORIENTED_EDGE('',*,*,#1304,.T.);
#1073=ORIENTED_EDGE('',*,*,#1328,.F.);
#1074=ORIENTED_EDGE('',*,*,#1311,.T.);
#1075=ORIENTED_EDGE('',*,*,#1329,.F.);
#1076=ORIENTED_EDGE('',*,*,#1306,.F.);
#1077=ORIENTED_EDGE('',*,*,#1330,.F.);
#1078=ORIENTED_EDGE('',*,*,#1307,.F.);
#1079=ORIENTED_EDGE('',*,*,#1316,.T.);
#1080=ORIENTED_EDGE('',*,*,#1324,.T.);
#1081=ORIENTED_EDGE('',*,*,#1325,.T.);
#1082=ORIENTED_EDGE('',*,*,#1326,.T.);
#1083=ORIENTED_EDGE('',*,*,#1329,.T.);
#1084=ORIENTED_EDGE('',*,*,#1330,.T.);
#1085=ORIENTED_EDGE('',*,*,#1206,.T.);
#1086=ORIENTED_EDGE('',*,*,#1331,.T.);
#1087=ORIENTED_EDGE('',*,*,#1284,.F.);
#1088=ORIENTED_EDGE('',*,*,#1323,.T.);
#1089=ORIENTED_EDGE('',*,*,#1296,.T.);
#1090=ORIENTED_EDGE('',*,*,#1295,.T.);
#1091=ORIENTED_EDGE('',*,*,#1332,.T.);
#1092=ORIENTED_EDGE('',*,*,#1285,.F.);
#1093=ORIENTED_EDGE('',*,*,#1331,.F.);
#1094=ORIENTED_EDGE('',*,*,#1192,.T.);
#1095=ORIENTED_EDGE('',*,*,#1333,.T.);
#1096=ORIENTED_EDGE('',*,*,#1286,.F.);
#1097=ORIENTED_EDGE('',*,*,#1332,.F.);
#1098=ORIENTED_EDGE('',*,*,#1287,.T.);
#1099=ORIENTED_EDGE('',*,*,#1333,.F.);
#1100=ORIENTED_EDGE('',*,*,#1201,.F.);
#1101=ORIENTED_EDGE('',*,*,#1334,.T.);
#1102=ORIENTED_EDGE('',*,*,#1162,.T.);
#1103=ORIENTED_EDGE('',*,*,#1281,.T.);
#1104=ORIENTED_EDGE('',*,*,#1288,.F.);
#1105=ORIENTED_EDGE('',*,*,#1334,.F.);
#1106=ORIENTED_EDGE('',*,*,#1320,.T.);
#1107=ORIENTED_EDGE('',*,*,#1322,.T.);
#1108=ORIENTED_EDGE('',*,*,#1282,.F.);
#1109=ORIENTED_EDGE('',*,*,#1317,.T.);
#1110=ORIENTED_EDGE('',*,*,#1138,.F.);
#1111=ORIENTED_EDGE('',*,*,#1258,.T.);
#1112=ORIENTED_EDGE('',*,*,#1261,.T.);
#1113=ORIENTED_EDGE('',*,*,#1335,.T.);
#1114=ORIENTED_EDGE('',*,*,#1269,.T.);
#1115=ORIENTED_EDGE('',*,*,#1336,.T.);
#1116=ORIENTED_EDGE('',*,*,#1230,.F.);
#1117=ORIENTED_EDGE('',*,*,#1335,.F.);
#1118=ORIENTED_EDGE('',*,*,#1204,.F.);
#1119=ORIENTED_EDGE('',*,*,#1336,.F.);
#1120=ORIENTED_EDGE('',*,*,#1268,.T.);
#1121=ORIENTED_EDGE('',*,*,#1337,.T.);
#1122=ORIENTED_EDGE('',*,*,#1294,.F.);
#1123=ORIENTED_EDGE('',*,*,#1337,.F.);
#1124=ORIENTED_EDGE('',*,*,#1267,.T.);
#1125=ORIENTED_EDGE('',*,*,#1338,.T.);
#1126=ORIENTED_EDGE('',*,*,#1180,.F.);
#1127=ORIENTED_EDGE('',*,*,#1338,.F.);
#1128=ORIENTED_EDGE('',*,*,#1266,.T.);
#1129=ORIENTED_EDGE('',*,*,#1339,.T.);
#1130=ORIENTED_EDGE('',*,*,#1265,.T.);
#1131=ORIENTED_EDGE('',*,*,#1340,.T.);
#1132=ORIENTED_EDGE('',*,*,#1194,.F.);
#1133=ORIENTED_EDGE('',*,*,#1339,.F.);
#1134=ORIENTED_EDGE('',*,*,#1160,.F.);
#1135=ORIENTED_EDGE('',*,*,#1340,.F.);
#1136=ORIENTED_EDGE('',*,*,#1264,.T.);
#1137=ORIENTED_EDGE('',*,*,#1278,.T.);
#1138=EDGE_CURVE('',#1341,#1342,#1343,.T.);
#1139=EDGE_CURVE('',#1342,#1344,#1345,.T.);
#1140=EDGE_CURVE('',#1344,#1346,#1347,.T.);
#1141=EDGE_CURVE('',#1346,#1348,#1349,.T.);
#1142=EDGE_CURVE('',#1348,#1350,#1351,.T.);
#1143=EDGE_CURVE('',#1350,#1352,#1353,.T.);
#1144=EDGE_CURVE('',#1352,#1354,#1355,.T.);
#1145=EDGE_CURVE('',#1354,#1356,#1357,.T.);
#1146=EDGE_CURVE('',#1356,#1358,#1359,.T.);
#1147=EDGE_CURVE('',#1360,#1358,#1361,.F.);
#1148=EDGE_CURVE('',#1360,#1362,#1363,.F.);
#1149=EDGE_CURVE('',#1364,#1362,#1365,.F.);
#1150=EDGE_CURVE('',#1364,#1366,#1367,.T.);
#1151=EDGE_CURVE('',#1366,#1368,#1369,.T.);
#1152=EDGE_CURVE('',#1368,#1370,#1371,.T.);
#1153=EDGE_CURVE('',#1370,#1372,#1373,.T.);
#1154=EDGE_CURVE('',#1372,#1374,#1375,.T.);
#1155=EDGE_CURVE('',#1374,#1376,#1377,.T.);
#1156=EDGE_CURVE('',#1378,#1376,#1379,.T.);
#1157=EDGE_CURVE('',#1341,#1378,#1380,.T.);
#1158=EDGE_CURVE('',#1381,#1381,#1382,.T.);
#1159=EDGE_CURVE('',#1383,#1383,#1384,.T.);
#1160=EDGE_CURVE('',#1385,#1386,#1387,.T.);
#1161=EDGE_CURVE('',#1386,#1388,#1389,.T.);
#1162=EDGE_CURVE('',#1390,#1388,#1391,.T.);
#1163=EDGE_CURVE('',#1392,#1390,#1393,.T.);
#1164=EDGE_CURVE('',#1392,#1394,#1395,.T.);
#1165=EDGE_CURVE('',#1394,#1396,#1397,.T.);
#1166=EDGE_CURVE('',#1396,#1398,#1399,.T.);
#1167=EDGE_CURVE('',#1398,#1400,#1401,.T.);
#1168=EDGE_CURVE('',#1400,#1402,#1403,.T.);
#1169=EDGE_CURVE('',#1402,#1404,#1405,.T.);
#1170=EDGE_CURVE('',#1406,#1404,#1407,.T.);
#1171=EDGE_CURVE('',#1406,#1408,#1409,.T.);
#1172=EDGE_CURVE('',#1408,#1410,#1411,.T.);
#1173=EDGE_CURVE('',#1410,#1412,#1413,.T.);
#1174=EDGE_CURVE('',#1412,#1414,#1415,.T.);
#1175=EDGE_CURVE('',#1414,#1416,#1417,.T.);
#1176=EDGE_CURVE('',#1416,#1418,#1419,.T.);
#1177=EDGE_CURVE('',#1385,#1418,#1420,.T.);
#1178=EDGE_CURVE('',#1421,#1421,#1422,.T.);
#1179=EDGE_CURVE('',#1423,#1423,#1424,.T.);
#1180=EDGE_CURVE('',#1425,#1426,#1427,.T.);
#1181=EDGE_CURVE('',#1426,#1428,#1429,.T.);
#1182=EDGE_CURVE('',#1428,#1430,#1431,.F.);
#1183=EDGE_CURVE('',#1430,#1432,#1433,.F.);
#1184=EDGE_CURVE('',#1432,#1434,#1435,.T.);
#1185=EDGE_CURVE('',#1434,#1436,#1437,.T.);
#1186=EDGE_CURVE('',#1436,#1438,#1439,.T.);
#1187=EDGE_CURVE('',#1438,#1440,#1441,.F.);
#1188=EDGE_CURVE('',#1440,#1442,#1443,.F.);
#1189=EDGE_CURVE('',#1442,#1444,#1445,.T.);
#1190=EDGE_CURVE('',#1444,#1446,#1447,.T.);
#1191=EDGE_CURVE('',#1446,#1448,#1449,.T.);
#1192=EDGE_CURVE('',#1450,#1448,#1451,.T.);
#1193=EDGE_CURVE('',#1450,#1425,#1452,.F.);
#1194=EDGE_CURVE('',#1426,#1385,#1453,.F.);
#1195=EDGE_CURVE('',#1418,#1454,#1455,.T.);
#1196=EDGE_CURVE('',#1454,#1428,#1456,.T.);
#1197=EDGE_CURVE('',#1457,#1406,#1458,.F.);
#1198=EDGE_CURVE('',#1404,#1459,#1460,.T.);
#1199=EDGE_CURVE('',#1459,#1438,#1461,.T.);
#1200=EDGE_CURVE('',#1436,#1457,#1462,.F.);
#1201=EDGE_CURVE('',#1390,#1448,#1463,.F.);
#1202=EDGE_CURVE('',#1446,#1464,#1465,.F.);
#1203=EDGE_CURVE('',#1464,#1392,#1466,.F.);
#1204=EDGE_CURVE('',#1467,#1468,#1469,.T.);
#1205=EDGE_CURVE('',#1468,#1470,#1471,.T.);
#1206=EDGE_CURVE('',#1472,#1470,#1473,.T.);
#1207=EDGE_CURVE('',#1472,#1474,#1475,.F.);
#1208=EDGE_CURVE('',#1476,#1474,#1477,.T.);
#1209=EDGE_CURVE('',#1476,#1478,#1479,.T.);
#1210=EDGE_CURVE('',#1478,#1480,#1481,.F.);
#1211=EDGE_CURVE('',#1482,#1480,#1483,.T.);
#1212=EDGE_CURVE('',#1482,#1484,#1485,.T.);
#1213=EDGE_CURVE('',#1484,#1486,#1487,.T.);
#1214=EDGE_CURVE('',#1486,#1488,#1489,.F.);
#1215=EDGE_CURVE('',#1488,#1490,#1491,.F.);
#1216=EDGE_CURVE('',#1467,#1490,#1492,.T.);
#1217=EDGE_CURVE('',#1493,#1493,#1494,.T.);
#1218=EDGE_CURVE('',#1495,#1495,#1496,.T.);
#1219=EDGE_CURVE('',#1497,#1497,#1498,.T.);
#1220=EDGE_CURVE('',#1499,#1499,#1500,.T.);
#1221=EDGE_CURVE('',#1356,#1501,#1502,.F.);
#1222=EDGE_CURVE('',#1501,#1482,#1503,.F.);
#1223=EDGE_CURVE('',#1480,#1504,#1505,.T.);
#1224=EDGE_CURVE('',#1504,#1366,#1506,.T.);
#1225=EDGE_CURVE('',#1364,#1507,#1508,.T.);
#1226=EDGE_CURVE('',#1507,#1509,#1510,.F.);
#1227=EDGE_CURVE('',#1509,#1511,#1512,.F.);
#1228=EDGE_CURVE('',#1511,#1513,#1514,.F.);
#1229=EDGE_CURVE('',#1513,#1358,#1515,.F.);
#1230=EDGE_CURVE('',#1342,#1467,#1516,.F.);
#1231=EDGE_CURVE('',#1490,#1517,#1518,.T.);
#1232=EDGE_CURVE('',#1517,#1344,#1519,.T.);
#1233=EDGE_CURVE('',#1520,#1476,#1521,.F.);
#1234=EDGE_CURVE('',#1474,#1522,#1523,.F.);
#1235=EDGE_CURVE('',#1522,#1376,#1524,.F.);
#1236=EDGE_CURVE('',#1374,#1520,#1525,.F.);
#1237=EDGE_CURVE('',#1372,#1520,#1526,.T.);
#1238=EDGE_CURVE('',#1370,#1478,#1527,.T.);
#1239=EDGE_CURVE('',#1368,#1504,#1528,.T.);
#1240=EDGE_CURVE('',#1354,#1501,#1529,.T.);
#1241=EDGE_CURVE('',#1352,#1484,#1530,.T.);
#1242=EDGE_CURVE('',#1350,#1486,#1531,.T.);
#1243=EDGE_CURVE('',#1348,#1488,#1532,.T.);
#1244=EDGE_CURVE('',#1346,#1517,#1533,.T.);
#1245=EDGE_CURVE('',#1396,#1444,#1534,.T.);
#1246=EDGE_CURVE('',#1394,#1464,#1535,.T.);
#1247=EDGE_CURVE('',#1402,#1459,#1536,.T.);
#1248=EDGE_CURVE('',#1400,#1440,#1537,.T.);
#1249=EDGE_CURVE('',#1398,#1442,#1538,.T.);
#1250=EDGE_CURVE('',#1416,#1454,#1539,.T.);
#1251=EDGE_CURVE('',#1414,#1430,#1540,.T.);
#1252=EDGE_CURVE('',#1412,#1432,#1541,.T.);
#1253=EDGE_CURVE('',#1410,#1434,#1542,.T.);
#1254=EDGE_CURVE('',#1408,#1457,#1543,.T.);
#1255=EDGE_CURVE('',#1522,#1544,#1545,.F.);
#1256=EDGE_CURVE('',#1544,#1546,#1547,.T.);
#1257=EDGE_CURVE('',#1546,#1378,#1548,.T.);
#1258=EDGE_CURVE('',#1341,#1549,#1550,.F.);
#1259=EDGE_CURVE('',#1551,#1546,#1552,.T.);
#1260=EDGE_CURVE('',#1551,#1549,#1553,.T.);
#1261=EDGE_CURVE('',#1549,#1554,#1555,.T.);
#1262=EDGE_CURVE('',#1556,#1551,#1557,.T.);
#1263=EDGE_CURVE('',#1558,#1556,#1559,.T.);
#1264=EDGE_CURVE('',#1560,#1558,#1561,.T.);
#1265=EDGE_CURVE('',#1562,#1560,#1563,.F.);
#1266=EDGE_CURVE('',#1564,#1562,#1565,.T.);
#1267=EDGE_CURVE('',#1566,#1564,#1567,.T.);
#1268=EDGE_CURVE('',#1568,#1566,#1569,.T.);
#1269=EDGE_CURVE('',#1554,#1568,#1570,.F.);
#1270=EDGE_CURVE('',#1571,#1571,#1572,.T.);
#1271=EDGE_CURVE('',#1573,#1513,#1574,.T.);
#1272=EDGE_CURVE('',#1573,#1575,#1576,.F.);
#1273=EDGE_CURVE('',#1575,#1360,#1577,.T.);
#1274=EDGE_CURVE('',#1362,#1578,#1579,.T.);
#1275=EDGE_CURVE('',#1578,#1575,#1580,.F.);
#1276=EDGE_CURVE('',#1578,#1581,#1582,.F.);
#1277=EDGE_CURVE('',#1507,#1581,#1583,.T.);
#1278=EDGE_CURVE('',#1558,#1386,#1584,.F.);
#1279=EDGE_CURVE('',#1556,#1585,#1586,.T.);
#1280=EDGE_CURVE('',#1587,#1585,#1588,.T.);
#1281=EDGE_CURVE('',#1388,#1587,#1589,.F.);
#1282=EDGE_CURVE('',#1590,#1591,#1592,.T.);
#1283=EDGE_CURVE('',#1591,#1593,#1594,.F.);
#1284=EDGE_CURVE('',#1593,#1595,#1596,.T.);
#1285=EDGE_CURVE('',#1595,#1597,#1598,.T.);
#1286=EDGE_CURVE('',#1597,#1599,#1600,.T.);
#1287=EDGE_CURVE('',#1601,#1599,#1602,.F.);
#1288=EDGE_CURVE('',#1601,#1587,#1603,.T.);
#1289=EDGE_CURVE('',#1585,#1604,#1605,.T.);
#1290=EDGE_CURVE('',#1604,#1590,#1606,.F.);
#1291=EDGE_CURVE('',#1607,#1607,#1608,.F.);
#1292=EDGE_CURVE('',#1609,#1609,#1610,.F.);
#1293=EDGE_CURVE('',#1611,#1611,#1612,.F.);
#1294=EDGE_CURVE('',#1468,#1425,#1613,.T.);
#1295=EDGE_CURVE('',#1470,#1450,#1614,.T.);
#1296=EDGE_CURVE('',#1615,#1472,#1616,.T.);
#1297=EDGE_CURVE('',#1615,#1617,#1618,.T.);
#1298=EDGE_CURVE('',#1544,#1617,#1619,.T.);
#1299=EDGE_CURVE('',#1620,#1604,#1621,.T.);
#1300=EDGE_CURVE('',#1617,#1620,#1622,.T.);
#1301=EDGE_CURVE('',#1573,#1623,#1624,.F.);
#1302=EDGE_CURVE('',#1625,#1623,#1626,.F.);
#1303=EDGE_CURVE('',#1625,#1627,#1628,.T.);
#1304=EDGE_CURVE('',#1629,#1627,#1630,.F.);
#1305=EDGE_CURVE('',#1629,#1581,#1631,.F.);
#1306=EDGE_CURVE('',#1632,#1632,#1633,.F.);
#1307=EDGE_CURVE('',#1634,#1634,#1635,.F.);
#1308=EDGE_CURVE('',#1636,#1629,#1637,.T.);
#1309=EDGE_CURVE('',#1636,#1509,#1638,.T.);
#1310=EDGE_CURVE('',#1509,#1509,#1639,.T.);
#1311=EDGE_CURVE('',#1640,#1636,#1641,.F.);
#1312=EDGE_CURVE('',#1642,#1640,#1643,.T.);
#1313=EDGE_CURVE('',#1644,#1642,#1645,.F.);
#1314=EDGE_CURVE('',#1644,#1511,#1646,.T.);
#1315=EDGE_CURVE('',#1623,#1644,#1647,.T.);
#1316=EDGE_CURVE('',#1648,#1648,#1649,.F.);
#1317=EDGE_CURVE('',#1590,#1650,#1651,.T.);
#1318=EDGE_CURVE('',#1652,#1620,#1653,.T.);
#1319=EDGE_CURVE('',#1652,#1650,#1654,.F.);
#1320=EDGE_CURVE('',#1650,#1655,#1656,.T.);
#1321=EDGE_CURVE('',#1655,#1652,#1657,.F.);
#1322=EDGE_CURVE('',#1655,#1591,#1658,.F.);
#1323=EDGE_CURVE('',#1593,#1615,#1659,.F.);
#1324=EDGE_CURVE('',#1660,#1660,#1661,.T.);
#1325=EDGE_CURVE('',#1662,#1662,#1663,.T.);
#1326=EDGE_CURVE('',#1664,#1664,#1665,.T.);
#1327=EDGE_CURVE('',#1625,#1642,#1666,.T.);
#1328=EDGE_CURVE('',#1640,#1627,#1667,.T.);
#1329=EDGE_CURVE('',#1668,#1668,#1669,.T.);
#1330=EDGE_CURVE('',#1670,#1670,#1671,.T.);
#1331=EDGE_CURVE('',#1470,#1595,#1672,.T.);
#1332=EDGE_CURVE('',#1450,#1597,#1673,.T.);
#1333=EDGE_CURVE('',#1448,#1599,#1674,.T.);
#1334=EDGE_CURVE('',#1390,#1601,#1675,.F.);
#1335=EDGE_CURVE('',#1554,#1342,#1676,.F.);
#1336=EDGE_CURVE('',#1568,#1467,#1677,.T.);
#1337=EDGE_CURVE('',#1566,#1468,#1678,.F.);
#1338=EDGE_CURVE('',#1564,#1425,#1679,.F.);
#1339=EDGE_CURVE('',#1562,#1426,#1680,.F.);
#1340=EDGE_CURVE('',#1560,#1385,#1681,.T.);
#1341=VERTEX_POINT('',#1682);
#1342=VERTEX_POINT('',#1683);
#1343=LINE('',#1684,#1685);
#1344=VERTEX_POINT('',#1687);
#1345=LINE('',#1688,#1689);
#1346=VERTEX_POINT('',#1691);
#1347=LINE('',#1692,#1693);
#1348=VERTEX_POINT('',#1695);
#1349=LINE('',#1696,#1697);
#1350=VERTEX_POINT('',#1699);
#1351=LINE('',#1700,#1701);
#1352=VERTEX_POINT('',#1703);
#1353=LINE('',#1704,#1705);
#1354=VERTEX_POINT('',#1707);
#1355=LINE('',#1708,#1709);
#1356=VERTEX_POINT('',#1711);
#1357=LINE('',#1712,#1713);
#1358=VERTEX_POINT('',#1715);
#1359=LINE('',#1716,#1717);
#1360=VERTEX_POINT('',#1719);
#1361=CIRCLE('',#1720,2.20000000000001);
#1362=VERTEX_POINT('',#1724);
#1363=LINE('',#1725,#1726);
#1364=VERTEX_POINT('',#1728);
#1365=CIRCLE('',#1729,2.19999999999999);
#1366=VERTEX_POINT('',#1733);
#1367=LINE('',#1734,#1735);
#1368=VERTEX_POINT('',#1737);
#1369=LINE('',#1738,#1739);
#1370=VERTEX_POINT('',#1741);
#1371=LINE('',#1742,#1743);
#1372=VERTEX_POINT('',#1745);
#1373=LINE('',#1746,#1747);
#1374=VERTEX_POINT('',#1749);
#1375=LINE('',#1750,#1751);
#1376=VERTEX_POINT('',#1753);
#1377=LINE('',#1754,#1755);
#1378=VERTEX_POINT('',#1757);
#1379=LINE('',#1758,#1759);
#1380=LINE('',#1761,#1762);
#1381=VERTEX_POINT('',#1764);
#1382=CIRCLE('',#1765,1.6);
#1383=VERTEX_POINT('',#1769);
#1384=CIRCLE('',#1770,1.6);
#1385=VERTEX_POINT('',#1774);
#1386=VERTEX_POINT('',#1775);
#1387=LINE('',#1776,#1777);
#1388=VERTEX_POINT('',#1779);
#1389=LINE('',#1780,#1781);
#1390=VERTEX_POINT('',#1783);
#1391=LINE('',#1784,#1785);
#1392=VERTEX_POINT('',#1787);
#1393=LINE('',#1788,#1789);
#1394=VERTEX_POINT('',#1791);
#1395=LINE('',#1792,#1793);
#1396=VERTEX_POINT('',#1795);
#1397=LINE('',#1796,#1797);
#1398=VERTEX_POINT('',#1799);
#1399=LINE('',#1800,#1801);
#1400=VERTEX_POINT('',#1803);
#1401=LINE('',#1804,#1805);
#1402=VERTEX_POINT('',#1807);
#1403=LINE('',#1808,#1809);
#1404=VERTEX_POINT('',#1811);
#1405=LINE('',#1812,#1813);
#1406=VERTEX_POINT('',#1815);
#1407=LINE('',#1816,#1817);
#1408=VERTEX_POINT('',#1819);
#1409=LINE('',#1820,#1821);
#1410=VERTEX_POINT('',#1823);
#1411=LINE('',#1824,#1825);
#1412=VERTEX_POINT('',#1827);
#1413=LINE('',#1828,#1829);
#1414=VERTEX_POINT('',#1831);
#1415=LINE('',#1832,#1833);
#1416=VERTEX_POINT('',#1835);
#1417=LINE('',#1836,#1837);
#1418=VERTEX_POINT('',#1839);
#1419=LINE('',#1840,#1841);
#1420=LINE('',#1843,#1844);
#1421=VERTEX_POINT('',#1846);
#1422=CIRCLE('',#1847,1.6);
#1423=VERTEX_POINT('',#1851);
#1424=CIRCLE('',#1852,1.6);
#1425=VERTEX_POINT('',#1856);
#1426=VERTEX_POINT('',#1857);
#1427=CIRCLE('',#1858,59.6328957552948);
#1428=VERTEX_POINT('',#1862);
#1429=LINE('',#1863,#1864);
#1430=VERTEX_POINT('',#1866);
#1431=CIRCLE('',#1867,59.6328957552948);
#1432=VERTEX_POINT('',#1871);
#1433=(BOUNDED_CURVE()B_SPLINE_CURVE(3,
(#1872,#1873,#1874,#1875),
.UNSPECIFIED.,.F.,.F.)B_SPLINE_CURVE_WITH_KNOTS((4,4),
(0.,1.),
.UNSPECIFIED.)CURVE()GEOMETRIC_REPRESENTATION_ITEM()RATIONAL_B_SPLINE_CURVE((1.,
0.999887561853447,0.999887561853447,1.))REPRESENTATION_ITEM(''));
#1434=VERTEX_POINT('',#1876);
#1435=(BOUNDED_CURVE()B_SPLINE_CURVE(3,
(#1877,#1878,#1879,#1880),
.UNSPECIFIED.,.F.,.F.)B_SPLINE_CURVE_WITH_KNOTS((4,4),
(0.,1.),
.UNSPECIFIED.)CURVE()GEOMETRIC_REPRESENTATION_ITEM()RATIONAL_B_SPLINE_CURVE((1.,
0.999887561853447,0.999887561853447,1.))REPRESENTATION_ITEM(''));
#1436=VERTEX_POINT('',#1881);
#1437=CIRCLE('',#1882,59.6328957552948);
#1438=VERTEX_POINT('',#1886);
#1439=LINE('',#1887,#1888);
#1440=VERTEX_POINT('',#1890);
#1441=CIRCLE('',#1891,59.6328957552948);
#1442=VERTEX_POINT('',#1895);
#1443=(BOUNDED_CURVE()B_SPLINE_CURVE(3,
(#1896,#1897,#1898,#1899),
.UNSPECIFIED.,.F.,.F.)B_SPLINE_CURVE_WITH_KNOTS((4,4),
(0.,1.),
.UNSPECIFIED.)CURVE()GEOMETRIC_REPRESENTATION_ITEM()RATIONAL_B_SPLINE_CURVE((1.,
0.999887561853447,0.999887561853447,1.))REPRESENTATION_ITEM(''));
#1444=VERTEX_POINT('',#1900);
#1445=(BOUNDED_CURVE()B_SPLINE_CURVE(3,
(#1901,#1902,#1903,#1904),
.UNSPECIFIED.,.F.,.F.)B_SPLINE_CURVE_WITH_KNOTS((4,4),
(0.,1.),
.UNSPECIFIED.)CURVE()GEOMETRIC_REPRESENTATION_ITEM()RATIONAL_B_SPLINE_CURVE((1.,
0.999887561853447,0.999887561853447,1.))REPRESENTATION_ITEM(''));
#1446=VERTEX_POINT('',#1905);
#1447=CIRCLE('',#1906,59.6328957552948);
#1448=VERTEX_POINT('',#1910);
#1449=LINE('',#1911,#1912);
#1450=VERTEX_POINT('',#1914);
#1451=CIRCLE('',#1915,59.6328957552948);
#1452=LINE('',#1919,#1920);
#1453=CIRCLE('',#1922,5.);
#1454=VERTEX_POINT('',#1926);
#1455=(BOUNDED_CURVE()B_SPLINE_CURVE(3,
(#1927,#1928,#1929,#1930),
.UNSPECIFIED.,.F.,.F.)B_SPLINE_CURVE_WITH_KNOTS((4,4),
(0.,1.),
.UNSPECIFIED.)CURVE()GEOMETRIC_REPRESENTATION_ITEM()RATIONAL_B_SPLINE_CURVE((1.,
0.999994130207059,0.999994130207059,1.))REPRESENTATION_ITEM(''));
#1456=CIRCLE('',#1931,5.);
#1457=VERTEX_POINT('',#1935);
#1458=(BOUNDED_CURVE()B_SPLINE_CURVE(3,
(#1936,#1937,#1938,#1939),
.UNSPECIFIED.,.F.,.F.)B_SPLINE_CURVE_WITH_KNOTS((4,4),
(0.,1.),
.UNSPECIFIED.)CURVE()GEOMETRIC_REPRESENTATION_ITEM()RATIONAL_B_SPLINE_CURVE((1.,
0.999994130207059,0.999994130207059,1.))REPRESENTATION_ITEM(''));
#1459=VERTEX_POINT('',#1940);
#1460=(BOUNDED_CURVE()B_SPLINE_CURVE(3,
(#1941,#1942,#1943,#1944),
.UNSPECIFIED.,.F.,.F.)B_SPLINE_CURVE_WITH_KNOTS((4,4),
(0.,1.),
.UNSPECIFIED.)CURVE()GEOMETRIC_REPRESENTATION_ITEM()RATIONAL_B_SPLINE_CURVE((1.,
0.999994130207059,0.999994130207059,1.))REPRESENTATION_ITEM(''));
#1461=CIRCLE('',#1945,5.);
#1462=CIRCLE('',#1949,5.);
#1463=CIRCLE('',#1953,5.);
#1464=VERTEX_POINT('',#1957);
#1465=CIRCLE('',#1958,5.);
#1466=(BOUNDED_CURVE()B_SPLINE_CURVE(3,
(#1962,#1963,#1964,#1965),
.UNSPECIFIED.,.F.,.F.)B_SPLINE_CURVE_WITH_KNOTS((4,4),
(0.,1.),
.UNSPECIFIED.)CURVE()GEOMETRIC_REPRESENTATION_ITEM()RATIONAL_B_SPLINE_CURVE((1.,
0.999994130207059,0.999994130207059,1.))REPRESENTATION_ITEM(''));
#1467=VERTEX_POINT('',#1966);
#1468=VERTEX_POINT('',#1967);
#1469=CIRCLE('',#1968,59.6328957552948);
#1470=VERTEX_POINT('',#1972);
#1471=LINE('',#1973,#1974);
#1472=VERTEX_POINT('',#1976);
#1473=CIRCLE('',#1977,59.6328957552948);
#1474=VERTEX_POINT('',#1981);
#1475=B_SPLINE_CURVE_WITH_KNOTS('',3,
(#1982,#1983,#1984,#1985,#1986,#1987,#1988,#1989,#1990,#1991,#1992,#1993,#1994,#1995,
#1996,#1997,#1998,#1999,#2000,#2001,#2002,#2003,#2004,#2005,#2006,#2007,#2008,#2009,
#2010,#2011,#2012,#2013,#2014,#2015,#2016,#2017,#2018,#2019,#2020,#2021,#2022,#2023,
#2024,#2025,#2026,#2027,#2028,#2029),
.UNSPECIFIED.,.F.,.F.,
(4,1,1,1,1,1,1,1,1,1,1,1,1,1,1,1,1,1,1,1,1,1,1,1,1,1,1,1,1,1,1,1,1,1,1,1,1,1,1,1,
1,1,1,1,1,4),
(0.,0.0131117777774184,0.0278343584259279,0.0441943875520291,0.0685050963146513,
0.0994851184575342,0.134658084982129,0.162816163862841,0.183625245703322,0.199906834981096,
0.216543952259156,0.233666471069277,0.250931557955183,0.268653753816551,0.286687884106187,
0.305232419147143,0.32395757287656,0.343111883170883,0.362508678282678,0.382195717594895,
0.395828460460416,0.401945091860718,0.433294727251836,0.476507857947528,0.531892609578903,
0.576178880823845,0.609071916339441,0.637198940196201,0.665127111633499,0.692841465638591,
0.713305240225183,0.733659079611499,0.753604196727699,0.773246608448413,0.792368790035359,
0.811293478075225,0.829707018586229,0.84780074288077,0.871315598563806,0.894525816887327,
0.917420701130107,0.934193338622249,0.950865924805874,0.967344912216093,0.983743026772588,
1.),
.UNSPECIFIED.);
#1476=VERTEX_POINT('',#2030);
#1477=LINE('',#2031,#2032);
#1478=VERTEX_POINT('',#2034);
#1479=(BOUNDED_CURVE()B_SPLINE_CURVE(3,
(#2035,#2036,#2037,#2038),
.UNSPECIFIED.,.F.,.F.)B_SPLINE_CURVE_WITH_KNOTS((4,4),
(0.,1.),
.UNSPECIFIED.)CURVE()GEOMETRIC_REPRESENTATION_ITEM()RATIONAL_B_SPLINE_CURVE((1.,
0.999995678118372,0.999995678118372,1.))REPRESENTATION_ITEM(''));
#1480=VERTEX_POINT('',#2039);
#1481=(BOUNDED_CURVE()B_SPLINE_CURVE(3,
(#2040,#2041,#2042,#2043),
.UNSPECIFIED.,.F.,.F.)B_SPLINE_CURVE_WITH_KNOTS((4,4),
(0.,1.),
.UNSPECIFIED.)CURVE()GEOMETRIC_REPRESENTATION_ITEM()RATIONAL_B_SPLINE_CURVE((1.,
0.999995678118372,0.999995678118372,1.))REPRESENTATION_ITEM(''));
#1482=VERTEX_POINT('',#2044);
#1483=LINE('',#2045,#2046);
#1484=VERTEX_POINT('',#2048);
#1485=CIRCLE('',#2049,59.6328957552948);
#1486=VERTEX_POINT('',#2053);
#1487=(BOUNDED_CURVE()B_SPLINE_CURVE(3,
(#2054,#2055,#2056,#2057),
.UNSPECIFIED.,.F.,.F.)B_SPLINE_CURVE_WITH_KNOTS((4,4),
(0.,1.),
.UNSPECIFIED.)CURVE()GEOMETRIC_REPRESENTATION_ITEM()RATIONAL_B_SPLINE_CURVE((1.,
0.999887561853447,0.999887561853447,1.))REPRESENTATION_ITEM(''));
#1488=VERTEX_POINT('',#2058);
#1489=(BOUNDED_CURVE()B_SPLINE_CURVE(3,
(#2059,#2060,#2061,#2062),
.UNSPECIFIED.,.F.,.F.)B_SPLINE_CURVE_WITH_KNOTS((4,4),
(0.,1.),
.UNSPECIFIED.)CURVE()GEOMETRIC_REPRESENTATION_ITEM()RATIONAL_B_SPLINE_CURVE((1.,
0.999887561853447,0.999887561853447,1.))REPRESENTATION_ITEM(''));
#1490=VERTEX_POINT('',#2063);
#1491=CIRCLE('',#2064,59.6328957552948);
#1492=LINE('',#2068,#2069);
#1493=VERTEX_POINT('',#2071);
#1494=CIRCLE('',#2072,1.6);
#1495=VERTEX_POINT('',#2076);
#1496=CIRCLE('',#2077,1.6);
#1497=VERTEX_POINT('',#2081);
#1498=CIRCLE('',#2082,1.6);
#1499=VERTEX_POINT('',#2086);
#1500=CIRCLE('',#2087,1.6);
#1501=VERTEX_POINT('',#2091);
#1502=(BOUNDED_CURVE()B_SPLINE_CURVE(3,
(#2092,#2093,#2094,#2095),
.UNSPECIFIED.,.F.,.F.)B_SPLINE_CURVE_WITH_KNOTS((4,4),
(0.,1.),
.UNSPECIFIED.)CURVE()GEOMETRIC_REPRESENTATION_ITEM()RATIONAL_B_SPLINE_CURVE((1.,
0.99999413020706,0.99999413020706,1.))REPRESENTATION_ITEM(''));
#1503=CIRCLE('',#2096,5.);
#1504=VERTEX_POINT('',#2100);
#1505=(BOUNDED_CURVE()B_SPLINE_CURVE(3,
(#2101,#2102,#2103,#2104),
.UNSPECIFIED.,.F.,.F.)B_SPLINE_CURVE_WITH_KNOTS((4,4),
(0.,1.),
.UNSPECIFIED.)CURVE()GEOMETRIC_REPRESENTATION_ITEM()RATIONAL_B_SPLINE_CURVE((1.,
0.991984972945077,0.991984972945077,1.))REPRESENTATION_ITEM(''));
#1506=CIRCLE('',#2105,5.);
#1507=VERTEX_POINT('',#2109);
#1508=B_SPLINE_CURVE_WITH_KNOTS('',3,
(#2110,#2111,#2112,#2113,#2114,#2115,#2116,#2117,#2118,#2119,#2120,#2121,#2122,#2123,
#2124,#2125,#2126,#2127,#2128,#2129,#2130,#2131,#2132,#2133,#2134,#2135,#2136,#2137,
#2138,#2139,#2140,#2141,#2142,#2143,#2144,#2145,#2146),
.UNSPECIFIED.,.F.,.F.,
(4,1,1,1,1,1,1,1,1,1,1,1,1,1,1,1,1,1,1,1,1,1,1,1,1,1,1,1,1,1,1,1,1,1,4),
(0.,0.022319857695521,0.0447033099525015,0.0671709905228925,0.0898565632778761,0.112656296146181,
0.13587928492281,0.159394617932626,0.183398859443022,0.207595630010434,0.232540105581967,
0.258056895713776,0.284496243468584,0.311311869614075,0.355153821101285,0.415884180669705,
0.480639091810644,0.532839179595895,0.568721611002565,0.601133268583236,0.629879587739686,
0.658438769371975,0.686205560791094,0.71335342877854,0.739431826326421,0.765066461630286,
0.797248095369645,0.835854552261595,0.872912918034127,0.901476288780423,0.921843718795216,
0.94195883366833,0.961562641531571,0.980911423123656,1.),
.UNSPECIFIED.);
#1509=VERTEX_POINT('',#2147);
#1510=CIRCLE('',#2148,5.0000000000059);
#1511=VERTEX_POINT('',#2152);
#1512=LINE('',#2153,#2154);
#1513=VERTEX_POINT('',#2156);
#1514=CIRCLE('',#2157,5.00000000009583);
#1515=B_SPLINE_CURVE_WITH_KNOTS('',3,
(#2161,#2162,#2163,#2164,#2165,#2166,#2167,#2168,#2169,#2170,#2171,#2172,#2173,#2174,
#2175,#2176,#2177,#2178,#2179,#2180,#2181,#2182,#2183,#2184,#2185,#2186,#2187,#2188,
#2189,#2190,#2191,#2192,#2193,#2194,#2195,#2196,#2197,#2198,#2199,#2200,#2201),
.UNSPECIFIED.,.F.,.F.,
(4,1,1,1,1,1,1,1,1,1,1,1,1,1,1,1,1,1,1,1,1,1,1,1,1,1,1,1,1,1,1,1,1,1,1,1,1,1,4),
(0.,0.0154973465026615,0.0311248210249941,0.0468910018879991,0.0629533736481857,
0.0791549270877991,0.0958217569155107,0.112809397515494,0.130268432232472,0.147881353583039,
0.166227706591476,0.185153889775685,0.205088598293097,0.225464375033734,0.24694768092317,
0.26910906744536,0.292180589893402,0.3154881454995,0.339659197184847,0.364448801254052,
0.390235261641926,0.416381803801563,0.443455910425785,0.471108644728933,0.499497295545288,
0.528048516197747,0.557169142902361,0.586710579460776,0.616897066574115,0.647311245885349,
0.688826682579379,0.730743149323901,0.773050624200904,0.805063652431381,0.837218776332647,
0.8803964906619,0.923721176753867,0.967219858511961,1.),
.UNSPECIFIED.);
#1516=CIRCLE('',#2202,5.);
#1517=VERTEX_POINT('',#2206);
#1518=CIRCLE('',#2207,5.);
#1519=(BOUNDED_CURVE()B_SPLINE_CURVE(3,
(#2211,#2212,#2213,#2214),
.UNSPECIFIED.,.F.,.F.)B_SPLINE_CURVE_WITH_KNOTS((4,4),
(0.,1.),
.UNSPECIFIED.)CURVE()GEOMETRIC_REPRESENTATION_ITEM()RATIONAL_B_SPLINE_CURVE((1.,
0.99999413020706,0.99999413020706,1.))REPRESENTATION_ITEM(''));
#1520=VERTEX_POINT('',#2215);
#1521=(BOUNDED_CURVE()B_SPLINE_CURVE(3,
(#2216,#2217,#2218,#2219),
.UNSPECIFIED.,.F.,.F.)B_SPLINE_CURVE_WITH_KNOTS((4,4),
(0.,1.),
.UNSPECIFIED.)CURVE()GEOMETRIC_REPRESENTATION_ITEM()RATIONAL_B_SPLINE_CURVE((1.,
0.991984972945077,0.991984972945077,1.))REPRESENTATION_ITEM(''));
#1522=VERTEX_POINT('',#2220);
#1523=B_SPLINE_CURVE_WITH_KNOTS('',3,
(#2221,#2222,#2223,#2224,#2225,#2226,#2227,#2228,#2229,#2230,#2231,#2232,#2233,#2234,
#2235,#2236,#2237,#2238,#2239,#2240,#2241,#2242,#2243,#2244,#2245,#2246,#2247,#2248,
#2249,#2250,#2251,#2252,#2253,#2254,#2255,#2256,#2257),
.UNSPECIFIED.,.F.,.F.,
(4,1,1,1,1,1,1,1,1,1,1,1,1,1,1,1,1,1,1,1,1,1,1,1,1,1,1,1,1,1,1,1,1,1,4),
(0.,0.0301160506735325,0.0600363303305374,0.0898206191684456,0.119387778973658,0.148872976933682,
0.17821616961613,0.207472186176571,0.236575887374098,0.265627223978051,0.295487465071611,
0.32621047490665,0.358702676136226,0.392104461497131,0.42707675017045,0.462712234816855,
0.498763465224643,0.534562203282959,0.580971140313991,0.626641634446994,0.671571241032759,
0.703301389791578,0.733439617224595,0.760642803205538,0.786509740123209,0.816224495560862,
0.844304058889061,0.870759908389996,0.890127561400712,0.909241122916096,0.927914876054369,
0.946387365464753,0.964481819142459,0.982365429188439,1.),
.UNSPECIFIED.);
#1524=CIRCLE('',#2258,5.);
#1525=CIRCLE('',#2262,5.);
#1526=LINE('',#2266,#2267);
#1527=LINE('',#2269,#2270);
#1528=LINE('',#2272,#2273);
#1529=LINE('',#2275,#2276);
#1530=LINE('',#2278,#2279);
#1531=LINE('',#2281,#2282);
#1532=LINE('',#2284,#2285);
#1533=LINE('',#2287,#2288);
#1534=LINE('',#2290,#2291);
#1535=LINE('',#2293,#2294);
#1536=LINE('',#2296,#2297);
#1537=LINE('',#2299,#2300);
#1538=LINE('',#2302,#2303);
#1539=LINE('',#2305,#2306);
#1540=LINE('',#2308,#2309);
#1541=LINE('',#2311,#2312);
#1542=LINE('',#2314,#2315);
#1543=LINE('',#2317,#2318);
#1544=VERTEX_POINT('',#2320);
#1545=CIRCLE('',#2321,13.3253028710606);
#1546=VERTEX_POINT('',#2325);
#1547=LINE('',#2326,#2327);
#1548=LINE('',#2329,#2330);
#1549=VERTEX_POINT('',#2332);
#1550=LINE('',#2333,#2334);
#1551=VERTEX_POINT('',#2336);
#1552=LINE('',#2337,#2338);
#1553=LINE('',#2340,#2341);
#1554=VERTEX_POINT('',#2343);
#1555=LINE('',#2344,#2345);
#1556=VERTEX_POINT('',#2347);
#1557=LINE('',#2348,#2349);
#1558=VERTEX_POINT('',#2351);
#1559=LINE('',#2352,#2353);
#1560=VERTEX_POINT('',#2355);
#1561=LINE('',#2356,#2357);
#1562=VERTEX_POINT('',#2359);
#1563=CIRCLE('',#2360,6.);
#1564=VERTEX_POINT('',#2364);
#1565=CIRCLE('',#2365,60.6328957552948);
#1566=VERTEX_POINT('',#2369);
#1567=CIRCLE('',#2370,13.625);
#1568=VERTEX_POINT('',#2374);
#1569=CIRCLE('',#2375,60.6328957552948);
#1570=CIRCLE('',#2379,6.);
#1571=VERTEX_POINT('',#2383);
#1572=CIRCLE('',#2384,12.625);
#1573=VERTEX_POINT('',#2388);
#1574=LINE('',#2389,#2390);
#1575=VERTEX_POINT('',#2392);
#1576=CIRCLE('',#2393,2.19999999999999);
#1577=LINE('',#2397,#2398);
#1578=VERTEX_POINT('',#2400);
#1579=LINE('',#2401,#2402);
#1580=LINE('',#2404,#2405);
#1581=VERTEX_POINT('',#2407);
#1582=CIRCLE('',#2408,2.2);
#1583=LINE('',#2412,#2413);
#1584=LINE('',#2415,#2416);
#1585=VERTEX_POINT('',#2418);
#1586=LINE('',#2419,#2420);
#1587=VERTEX_POINT('',#2422);
#1588=LINE('',#2423,#2424);
#1589=LINE('',#2426,#2427);
#1590=VERTEX_POINT('',#2429);
#1591=VERTEX_POINT('',#2430);
#1592=CIRCLE('',#2431,13.625);
#1593=VERTEX_POINT('',#2435);
#1594=LINE('',#2436,#2437);
#1595=VERTEX_POINT('',#2439);
#1596=CIRCLE('',#2440,60.6328957552948);
#1597=VERTEX_POINT('',#2444);
#1598=CIRCLE('',#2445,13.625);
#1599=VERTEX_POINT('',#2449);
#1600=CIRCLE('',#2450,60.6328957552948);
#1601=VERTEX_POINT('',#2454);
#1602=CIRCLE('',#2455,5.99999999999999);
#1603=LINE('',#2459,#2460);
#1604=VERTEX_POINT('',#2462);
#1605=LINE('',#2463,#2464);
#1606=CIRCLE('',#2466,13.3253028702582);
#1607=VERTEX_POINT('',#2470);
#1608=CIRCLE('',#2471,4.);
#1609=VERTEX_POINT('',#2475);
#1610=CIRCLE('',#2476,1.6);
#1611=VERTEX_POINT('',#2480);
#1612=CIRCLE('',#2481,1.6);
#1613=CIRCLE('',#2485,14.625);
#1614=CIRCLE('',#2489,14.625);
#1615=VERTEX_POINT('',#2493);
#1616=B_SPLINE_CURVE_WITH_KNOTS('',3,
(#2494,#2495,#2496,#2497,#2498,#2499,#2500,#2501,#2502,#2503,#2504,#2505,#2506,#2507,
#2508,#2509,#2510,#2511,#2512),
.UNSPECIFIED.,.F.,.F.,
(4,1,1,1,1,1,1,1,1,1,1,1,1,1,1,1,4),
(0.,0.0620672307282046,0.124291184622011,0.186725842742396,0.249452106465161,0.312265682520781,
0.375011991959518,0.437677035080792,0.500296806260429,0.56293817467128,0.625505579282365,
0.68793791635413,0.750166578887355,0.812378061886733,0.874782929278126,0.937351770269341,
1.),
.UNSPECIFIED.);
#1617=VERTEX_POINT('',#2513);
#1618=CIRCLE('',#2514,15.5);
#1619=CIRCLE('',#2518,15.4998669042729);
#1620=VERTEX_POINT('',#2522);
#1621=CIRCLE('',#2523,15.4998669040512);
#1622=LINE('',#2527,#2528);
#1623=VERTEX_POINT('',#2530);
#1624=LINE('',#2531,#2532);
#1625=VERTEX_POINT('',#2534);
#1626=CIRCLE('',#2535,2.2);
#1627=VERTEX_POINT('',#2539);
#1628=LINE('',#2540,#2541);
#1629=VERTEX_POINT('',#2543);
#1630=CIRCLE('',#2544,2.20000000000001);
#1631=LINE('',#2548,#2549);
#1632=VERTEX_POINT('',#2551);
#1633=CIRCLE('',#2552,1.925);
#1634=VERTEX_POINT('',#2556);
#1635=CIRCLE('',#2557,1.925);
#1636=VERTEX_POINT('',#2561);
#1637=LINE('',#2562,#2563);
#1638=LINE('',#2565,#2566);
#1639=LINE('',#2568,#2569);
#1640=VERTEX_POINT('',#2571);
#1641=CIRCLE('',#2572,2.2);
#1642=VERTEX_POINT('',#2576);
#1643=LINE('',#2577,#2578);
#1644=VERTEX_POINT('',#2580);
#1645=CIRCLE('',#2581,2.2);
#1646=LINE('',#2585,#2586);
#1647=LINE('',#2588,#2589);
#1648=VERTEX_POINT('',#2591);
#1649=CIRCLE('',#2592,12.625);
#1650=VERTEX_POINT('',#2596);
#1651=B_SPLINE_CURVE_WITH_KNOTS('',3,
(#2597,#2598,#2599,#2600,#2601,#2602,#2603,#2604,#2605,#2606,#2607,#2608,#2609,#2610,
#2611,#2612,#2613,#2614),
.UNSPECIFIED.,.F.,.F.,
(4,1,1,1,1,1,1,1,1,1,1,1,1,1,1,4),
(0.,0.0587639983016033,0.11804461848954,0.177756826687657,0.238137336977752,0.298935919761278,
0.360554847315337,0.422591427067617,0.485187579793754,0.547938092856767,0.611303867837703,
0.675117764375539,0.739592886593851,0.804272005353725,0.891136362685647,1.),
.UNSPECIFIED.);
#1652=VERTEX_POINT('',#2615);
#1653=CIRCLE('',#2616,15.5);
#1654=B_SPLINE_CURVE_WITH_KNOTS('',3,
(#2620,#2621,#2622,#2623,#2624,#2625,#2626,#2627,#2628,#2629,#2630,#2631,#2632,#2633,
#2634,#2635,#2636,#2637,#2638,#2639,#2640,#2641,#2642,#2643,#2644,#2645,#2646,#2647,
#2648,#2649,#2650,#2651,#2652,#2653,#2654,#2655,#2656,#2657,#2658,#2659,#2660,#2661,
#2662,#2663,#2664,#2665,#2666,#2667,#2668,#2669,#2670,#2671,#2672,#2673,#2674,#2675,
#2676,#2677,#2678,#2679,#2680,#2681,#2682,#2683,#2684,#2685),
.UNSPECIFIED.,.F.,.F.,
(4,1,1,1,1,1,1,1,1,1,1,1,1,1,1,1,1,1,1,1,1,1,1,1,1,1,1,1,1,1,1,1,1,1,1,1,1,1,1,1,
1,1,1,1,1,1,1,1,1,1,1,1,1,1,1,1,1,1,1,1,1,1,1,4),
(0.,0.0166629054802312,0.0333497721366972,0.0500603788342124,0.0668378913315496,
0.0836506422446321,0.10056966643994,0.117558236998006,0.134659943374901,0.151806081286593,
0.169154879365402,0.186660940427095,0.20444490607284,0.222350381211447,0.240580587102846,
0.259016445898716,0.277726716596461,0.296511373232049,0.315372818438976,0.334234728484371,
0.353021459976494,0.371723153369999,0.390092440498907,0.408217049936569,0.425921301924287,
0.443460083507406,0.449345757500254,0.460441491411048,0.477025273782971,0.492964714479491,
0.508658615901085,0.523784132140873,0.538582810233327,0.552996966485094,0.567346508817587,
0.581432271545855,0.595319875475143,0.608903858729291,0.622376192693995,0.639903819083647,
0.657259252822302,0.674447121101558,0.68729932039072,0.700163622513908,0.713078979908971,
0.726034768899815,0.739152195911121,0.752387365278839,0.765819691985597,0.7793240872988,
0.797797942624837,0.816553447139741,0.835577028583742,0.850129700878814,0.864820512788854,
0.884605375873962,0.904432042494773,0.906986872811361,0.924327974606479,0.939363637683444,
0.954436593142117,0.969581656309367,0.984768946230986,1.),
.UNSPECIFIED.);
#1655=VERTEX_POINT('',#2686);
#1656=CIRCLE('',#2687,14.625);
#1657=B_SPLINE_CURVE_WITH_KNOTS('',3,
(#2691,#2692,#2693,#2694,#2695,#2696,#2697,#2698,#2699,#2700,#2701,#2702,#2703,#2704,
#2705,#2706,#2707,#2708,#2709,#2710,#2711,#2712,#2713,#2714,#2715,#2716,#2717,#2718,
#2719,#2720,#2721,#2722,#2723,#2724,#2725,#2726,#2727,#2728,#2729,#2730,#2731,#2732,
#2733,#2734,#2735,#2736,#2737,#2738,#2739,#2740),
.UNSPECIFIED.,.F.,.F.,
(4,1,1,1,1,1,1,1,1,1,1,1,1,1,1,1,1,1,1,1,1,1,1,1,1,1,1,1,1,1,1,1,1,1,1,1,1,1,1,1,
1,1,1,1,1,1,1,4),
(0.,0.0217976680430712,0.0508363603945196,0.0798052107810473,0.108709758702,0.130261853642206,
0.151740513739398,0.173116267589423,0.194461668307286,0.215737421454911,0.236977975549415,
0.258193415242477,0.279426902309034,0.300693116236469,0.321984531805112,0.343348062095493,
0.3647339317203,0.386221399861617,0.407805156011717,0.429524154493956,0.451288932353622,
0.47319725237279,0.495176335160306,0.517238994123353,0.539333211903408,0.561432849313756,
0.583515010612232,0.605559778834336,0.627563359993885,0.649420320664119,0.671189370539079,
0.692795878828349,0.714336592749614,0.735572134795763,0.756549103220005,0.777084545999302,
0.797446171674155,0.817305506111463,0.836840844720148,0.855904128175933,0.87481313006463,
0.893280813928844,0.911402191299561,0.929123734953356,0.94677671814853,0.964391784541191,
0.982115148044296,1.),
.UNSPECIFIED.);
#1658=B_SPLINE_CURVE_WITH_KNOTS('',3,
(#2741,#2742,#2743,#2744,#2745,#2746,#2747,#2748,#2749,#2750,#2751,#2752,#2753,#2754,
#2755,#2756,#2757,#2758,#2759,#2760),
.UNSPECIFIED.,.F.,.F.,
(4,1,1,1,1,1,1,1,1,1,1,1,1,1,1,1,1,4),
(0.,0.0468896589784721,0.0936632202187792,0.140311185883144,0.186645669429868,0.232823290136403,
0.278438461137454,0.323661101512789,0.382994445108942,0.445897091378536,0.512368142790386,
0.593666001466728,0.699098917816806,0.802507624785966,0.878119846619157,0.923161146802386,
0.963787648014657,1.),
.UNSPECIFIED.);
#1659=B_SPLINE_CURVE_WITH_KNOTS('',3,
(#2761,#2762,#2763,#2764,#2765),
.UNSPECIFIED.,.F.,.F.,
(4,1,4),
(0.,0.499929005796925,1.),
.UNSPECIFIED.);
#1660=VERTEX_POINT('',#2766);
#1661=CIRCLE('',#2767,4.);
#1662=VERTEX_POINT('',#2771);
#1663=CIRCLE('',#2772,1.6);
#1664=VERTEX_POINT('',#2776);
#1665=CIRCLE('',#2777,1.6);
#1666=LINE('',#2781,#2782);
#1667=LINE('',#2784,#2785);
#1668=VERTEX_POINT('',#2787);
#1669=CIRCLE('',#2788,1.925);
#1670=VERTEX_POINT('',#2792);
#1671=CIRCLE('',#2793,1.925);
#1672=B_SPLINE_CURVE_WITH_KNOTS('',3,
(#2797,#2798,#2799,#2800,#2801,#2802),
.UNSPECIFIED.,.F.,.F.,
(4,1,1,4),
(0.,0.49744875042946,0.830782083762793,1.),
.UNSPECIFIED.);
#1673=B_SPLINE_CURVE_WITH_KNOTS('',3,
(#2803,#2804,#2805,#2806,#2807,#2808),
.UNSPECIFIED.,.F.,.F.,
(4,1,1,4),
(0.,0.497448750433008,0.830782083766341,1.),
.UNSPECIFIED.);
#1674=LINE('',#2809,#2810);
#1675=LINE('',#2812,#2813);
#1676=LINE('',#2815,#2816);
#1677=LINE('',#2818,#2819);
#1678=B_SPLINE_CURVE_WITH_KNOTS('',3,
(#2821,#2822,#2823,#2824,#2825,#2826),
.UNSPECIFIED.,.F.,.F.,
(4,1,1,4),
(0.,0.497448750429486,0.830782083762819,1.),
.UNSPECIFIED.);
#1679=B_SPLINE_CURVE_WITH_KNOTS('',3,
(#2827,#2828,#2829,#2830,#2831,#2832),
.UNSPECIFIED.,.F.,.F.,
(4,1,1,4),
(0.,0.497448750433009,0.830782083766342,1.),
.UNSPECIFIED.);
#1680=LINE('',#2833,#2834);
#1681=LINE('',#2836,#2837);
#1682=CARTESIAN_POINT('',(-111.734794022317,-6.43301270240767,2.56423361106173));
#1683=CARTESIAN_POINT('',(-108.451212779362,-6.43301270240767,2.56423361106173));
#1684=CARTESIAN_POINT('',(-111.734794022317,-6.43301270240767,2.56423361106173));
#1685=VECTOR('',#1686,1.);
#1686=DIRECTION('',(1.,0.,1.3524538514245E-16));
#1687=CARTESIAN_POINT('',(-108.451212779362,-5.2603305356589,2.56423361106173));
#1688=CARTESIAN_POINT('',(-108.451212779362,-6.43301270240767,2.56423361106173));
#1689=VECTOR('',#1690,1.);
#1690=DIRECTION('',(0.,1.,0.));
#1691=CARTESIAN_POINT('',(-108.409249710824,-5.33301270240768,2.56423361106173));
#1692=CARTESIAN_POINT('',(-108.451212779362,-5.2603305356589,2.56423361106173));
#1693=VECTOR('',#1694,1.);
#1694=DIRECTION('',(0.500000000000005,-0.866025403784436,0.));
#1695=CARTESIAN_POINT('',(-105.060618149524,-5.33301270240768,2.56423361106173));
#1696=CARTESIAN_POINT('',(-108.409249710824,-5.33301270240768,2.56423361106173));
#1697=VECTOR('',#1698,1.);
#1698=DIRECTION('',(1.,2.65236232604629E-16,0.));
#1699=CARTESIAN_POINT('',(-103.386302368874,-2.4330127024077,2.56423361106173));
#1700=CARTESIAN_POINT('',(-105.060618149524,-5.33301270240768,2.56423361106173));
#1701=VECTOR('',#1702,1.);
#1702=DIRECTION('',(0.5,0.866025403784439,2.65236232604631E-16));
#1703=CARTESIAN_POINT('',(-105.060618149524,0.466987297592312,2.56423361106173));
#1704=CARTESIAN_POINT('',(-103.386302368874,-2.4330127024077,2.56423361106173));
#1705=VECTOR('',#1706,1.);
#1706=DIRECTION('',(-0.500000000000003,0.866025403784437,-1.32618116302314E-16));
#1707=CARTESIAN_POINT('',(-108.409249710824,0.466987297592313,2.56423361106173));
#1708=CARTESIAN_POINT('',(-105.060618149524,0.466987297592312,2.56423361106173));
#1709=VECTOR('',#1710,1.);
#1710=DIRECTION('',(-1.,1.65772645377894E-16,-1.32618116302315E-16));
#1711=CARTESIAN_POINT('',(-108.451212779362,0.394305130843576,2.56423361106173));
#1712=CARTESIAN_POINT('',(-108.409249710824,0.466987297592313,2.56423361106173));
#1713=VECTOR('',#1714,1.);
#1714=DIRECTION('',(-0.5,-0.866025403784439,0.));
#1715=CARTESIAN_POINT('',(-108.451212779361,12.1337756947635,2.56423361106173));
#1716=CARTESIAN_POINT('',(-108.451212779362,0.394305130843577,2.56423361106173));
#1717=VECTOR('',#1718,1.);
#1718=DIRECTION('',(0.,1.,7.56574510634153E-17));
#1719=CARTESIAN_POINT('',(-109.434933527192,13.9669872975923,2.56423361106173));
#1720=AXIS2_PLACEMENT_3D('',#1721,#1722,#1723);
#1721=CARTESIAN_POINT('',(-107.234933527192,13.9669872975923,2.56423361106173));
#1722=DIRECTION('',(8.88178419700125E-17,6.00120553851436E-17,-1.));
#1723=DIRECTION('',(-0.552854205531221,-0.833278001285551,-9.91100430236991E-17));
#1724=CARTESIAN_POINT('',(-109.434933527192,17.1669872975923,2.56423361106173));
#1725=CARTESIAN_POINT('',(-109.434933527192,17.1669872975923,2.56423361106173));
#1726=VECTOR('',#1727,1.);
#1727=DIRECTION('',(0.,-1.,-2.7755575615629E-16));
#1728=CARTESIAN_POINT('',(-108.451212779361,19.0001989004211,2.56423361106173));
#1729=AXIS2_PLACEMENT_3D('',#1730,#1731,#1732);
#1730=CARTESIAN_POINT('',(-107.234933527192,17.1669872975923,2.56423361106173));
#1731=DIRECTION('',(8.88178419700125E-17,6.00120553851436E-17,-1.));
#1732=DIRECTION('',(-1.,3.22973970800047E-15,-8.88178419700123E-17));
#1733=CARTESIAN_POINT('',(-108.451212779362,20.3669872975923,2.56423361106173));
#1734=CARTESIAN_POINT('',(-108.451212779362,19.0001989004218,2.56423361106173));
#1735=VECTOR('',#1736,1.);
#1736=DIRECTION('',(0.,1.,0.));
#1737=CARTESIAN_POINT('',(-106.660478241668,20.3669872975923,2.56423361106173));
#1738=CARTESIAN_POINT('',(-108.451212779362,20.3669872975923,2.56423361106173));
#1739=VECTOR('',#1740,1.);
#1740=DIRECTION('',(1.,1.98394212208303E-15,0.));
#1741=CARTESIAN_POINT('',(-104.986162461018,23.2669872975923,2.56423361106173));
#1742=CARTESIAN_POINT('',(-106.660478241668,20.3669872975923,2.56423361106173));
#1743=VECTOR('',#1744,1.);
#1744=DIRECTION('',(0.499999999999998,0.86602540378444,0.));
#1745=CARTESIAN_POINT('',(-106.660478241668,26.1669872975923,2.56423361106173));
#1746=CARTESIAN_POINT('',(-104.986162461018,23.2669872975923,2.56423361106173));
#1747=VECTOR('',#1748,1.);
#1748=DIRECTION('',(-0.500000000000001,0.866025403784438,1.32618116302315E-16));
#1749=CARTESIAN_POINT('',(-108.451212779362,26.1669872975923,2.56423361106173));
#1750=CARTESIAN_POINT('',(-106.660478241668,26.1669872975923,2.56423361106173));
#1751=VECTOR('',#1752,1.);
#1752=DIRECTION('',(-1.,0.,-2.47992765260381E-16));
#1753=CARTESIAN_POINT('',(-108.451212779362,29.5669872975923,2.56423361106173));
#1754=CARTESIAN_POINT('',(-108.451212779362,26.1669872975923,2.56423361106173));
#1755=VECTOR('',#1756,1.);
#1756=DIRECTION('',(0.,1.,0.));
#1757=CARTESIAN_POINT('',(-111.734794022317,29.5669872975923,2.56423361106173));
#1758=CARTESIAN_POINT('',(-111.734794022317,29.5669872975923,2.56423361106173));
#1759=VECTOR('',#1760,1.);
#1760=DIRECTION('',(1.,0.,1.3524538514245E-16));
#1761=CARTESIAN_POINT('',(-111.734794022317,-6.43301270240767,2.56423361106173));
#1762=VECTOR('',#1763,1.);
#1763=DIRECTION('',(0.,1.,6.16790569236198E-17));
#1764=CARTESIAN_POINT('',(-106.734933930174,-0.833012702407695,2.56423361106173));
#1765=AXIS2_PLACEMENT_3D('',#1766,#1767,#1768);
#1766=CARTESIAN_POINT('',(-106.734933930174,-2.43301270240769,2.56423361106173));
#1767=DIRECTION('',(-8.88178419700125E-17,-6.00120553851436E-17,1.));
#1768=DIRECTION('',(6.12323399573677E-17,1.,6.00120553851436E-17));
#1769=CARTESIAN_POINT('',(-108.334794022317,24.8669872975923,2.56423361106173));
#1770=AXIS2_PLACEMENT_3D('',#1771,#1772,#1773);
#1771=CARTESIAN_POINT('',(-108.334794022317,23.2669872975923,2.56423361106173));
#1772=DIRECTION('',(-8.88178419700125E-17,-6.00120553851436E-17,1.));
#1773=DIRECTION('',(6.12323399573677E-17,1.,6.00120553851436E-17));
#1774=CARTESIAN_POINT('',(-45.3902022750371,-6.43301270240767,2.56423361106178));
#1775=CARTESIAN_POINT('',(-42.1066210320871,-6.43301270240767,2.56423361106178));
#1776=CARTESIAN_POINT('',(-45.3902022750371,-6.43301270240767,2.56423361106178));
#1777=VECTOR('',#1778,1.);
#1778=DIRECTION('',(1.,0.,0.));
#1779=CARTESIAN_POINT('',(-42.1066210320871,28.5669872975923,2.56423361106178));
#1780=CARTESIAN_POINT('',(-42.1066210320871,-6.43301270240767,2.56423361106178));
#1781=VECTOR('',#1782,1.);
#1782=DIRECTION('',(0.,1.,6.34413156928661E-17));
#1783=CARTESIAN_POINT('',(-45.3902022750371,28.5669872975923,2.56423361106179));
#1784=CARTESIAN_POINT('',(-45.3902022750371,28.5669872975923,2.56423361106178));
#1785=VECTOR('',#1786,1.);
#1786=DIRECTION('',(1.,0.,0.));
#1787=CARTESIAN_POINT('',(-45.3902022750371,26.2276384641736,2.56423361106178));
#1788=CARTESIAN_POINT('',(-45.3902022750371,26.2276384641736,2.56423361106178));
#1789=VECTOR('',#1790,1.);
#1790=DIRECTION('',(0.,1.,0.));
#1791=CARTESIAN_POINT('',(-45.4321653435767,26.3003206309257,2.56423361106174));
#1792=CARTESIAN_POINT('',(-45.3902022750371,26.2276384641736,2.56423361106176));
#1793=VECTOR('',#1794,1.);
#1794=DIRECTION('',(-0.499999999999977,0.866025403784452,0.));
#1795=CARTESIAN_POINT('',(-48.7807969048765,26.3003206309257,2.56423361106174));
#1796=CARTESIAN_POINT('',(-45.4321653435767,26.3003206309257,2.56423361106176));
#1797=VECTOR('',#1798,1.);
#1798=DIRECTION('',(-1.,-2.12188986083703E-15,-1.32618116302315E-16));
#1799=CARTESIAN_POINT('',(-50.4551126855265,23.4003206309257,2.56423361106174));
#1800=CARTESIAN_POINT('',(-48.7807969048765,26.3003206309256,2.56423361106176));
#1801=VECTOR('',#1802,1.);
#1802=DIRECTION('',(-0.500000000000009,-0.866025403784434,-1.32618116302316E-16));
#1803=CARTESIAN_POINT('',(-48.7807969048766,20.5003206309257,2.56423361106174));
#1804=CARTESIAN_POINT('',(-50.4551126855265,23.4003206309257,2.56423361106176));
#1805=VECTOR('',#1806,1.);
#1806=DIRECTION('',(0.499999999999993,-0.866025403784443,0.));
#1807=CARTESIAN_POINT('',(-45.4321653435767,20.5003206309257,2.56423361106174));
#1808=CARTESIAN_POINT('',(-48.7807969048766,20.5003206309257,2.56423361106176));
#1809=VECTOR('',#1810,1.);
#1810=DIRECTION('',(1.,-5.30472465209255E-15,0.));
#1811=CARTESIAN_POINT('',(-45.3902022750371,20.5730027976777,2.56423361106178));
#1812=CARTESIAN_POINT('',(-45.4321653435767,20.5003206309257,2.56423361106176));
#1813=VECTOR('',#1814,1.);
#1814=DIRECTION('',(0.499999999999967,0.866025403784458,0.));
#1815=CARTESIAN_POINT('',(-45.3902022750371,7.72763846417361,2.56423361106178));
#1816=CARTESIAN_POINT('',(-45.3902022750371,7.72763846417361,2.56423361106178));
#1817=VECTOR('',#1818,1.);
#1818=DIRECTION('',(5.53151095844604E-16,1.,0.));
#1819=CARTESIAN_POINT('',(-45.4321653435767,7.80032063092565,2.56423361106174));
#1820=CARTESIAN_POINT('',(-45.3902022750371,7.72763846417361,2.56423361106176));
#1821=VECTOR('',#1822,1.);
#1822=DIRECTION('',(-0.499999999999987,0.866025403784446,0.));
#1823=CARTESIAN_POINT('',(-48.7807969048765,7.80032063092566,2.56423361106174));
#1824=CARTESIAN_POINT('',(-45.4321653435767,7.80032063092565,2.56423361106176));
#1825=VECTOR('',#1826,1.);
#1826=DIRECTION('',(-1.,2.12188986083703E-15,0.));
#1827=CARTESIAN_POINT('',(-50.4551126855265,4.90032063092566,2.56423361106174));
#1828=CARTESIAN_POINT('',(-48.7807969048765,7.80032063092566,2.56423361106176));
#1829=VECTOR('',#1830,1.);
#1830=DIRECTION('',(-0.500000000000006,-0.866025403784436,0.));
#1831=CARTESIAN_POINT('',(-48.7807969048765,2.00032063092564,2.56423361106174));
#1832=CARTESIAN_POINT('',(-50.4551126855265,4.90032063092566,2.56423361106176));
#1833=VECTOR('',#1834,1.);
#1834=DIRECTION('',(0.499999999999999,-0.866025403784439,-1.32618116302314E-16));
#1835=CARTESIAN_POINT('',(-45.4321653435767,2.00032063092567,2.56423361106174));
#1836=CARTESIAN_POINT('',(-48.7807969048765,2.00032063092564,2.56423361106176));
#1837=VECTOR('',#1838,1.);
#1838=DIRECTION('',(1.,8.62017755965043E-15,1.32618116302314E-16));
#1839=CARTESIAN_POINT('',(-45.3902022750371,2.07300279767775,2.56423361106178));
#1840=CARTESIAN_POINT('',(-45.4321653435767,2.00032063092567,2.56423361106176));
#1841=VECTOR('',#1842,1.);
#1842=DIRECTION('',(0.499999999999996,0.866025403784441,0.));
#1843=CARTESIAN_POINT('',(-45.3902022750371,-6.43301270240767,2.56423361106178));
#1844=VECTOR('',#1845,1.);
#1845=DIRECTION('',(0.,1.,-5.22088408897918E-17));
#1846=CARTESIAN_POINT('',(-47.1064811242266,6.50032063092565,2.56423361106174));
#1847=AXIS2_PLACEMENT_3D('',#1848,#1849,#1850);
#1848=CARTESIAN_POINT('',(-47.1064811242266,4.90032063092565,2.56423361106178));
#1849=DIRECTION('',(0.,-6.00120553851436E-17,1.));
#1850=DIRECTION('',(6.12323399573677E-17,1.,6.00120553851436E-17));
#1851=CARTESIAN_POINT('',(-47.1064811242266,25.0003206309257,2.56423361106174));
#1852=AXIS2_PLACEMENT_3D('',#1853,#1854,#1855);
#1853=CARTESIAN_POINT('',(-47.1064811242266,23.4003206309257,2.56423361106178));
#1854=DIRECTION('',(0.,-6.00120553851436E-17,1.));
#1855=DIRECTION('',(6.12323399573677E-17,1.,6.00120553851436E-17));
#1856=CARTESIAN_POINT('',(-63.6218638908239,-6.43301270240767,21.774575255991));
#1857=CARTESIAN_POINT('',(-48.5214118402406,-6.43301270240767,3.66608960926065));
#1858=AXIS2_PLACEMENT_3D('',#1859,#1860,#1861);
#1859=CARTESIAN_POINT('',(-11.1767931222882,-6.43301270240768,50.1576125889675));
#1860=DIRECTION('',(-3.08148791101958E-33,-1.,-6.12323399573677E-17));
#1861=DIRECTION('',(-0.879465437729613,2.91443132013849E-17,-0.475962754676309));
#1862=CARTESIAN_POINT('',(-48.5214118402406,2.00032063092564,3.66608960926066));
#1863=CARTESIAN_POINT('',(-48.5214118402406,-6.43301270240767,3.66608960926066));
#1864=VECTOR('',#1865,1.);
#1865=DIRECTION('',(0.,1.,0.));
#1866=CARTESIAN_POINT('',(-48.7807969048765,2.00032063092564,3.87563817472136));
#1867=AXIS2_PLACEMENT_3D('',#1868,#1869,#1870);
#1868=CARTESIAN_POINT('',(-11.1767931222882,2.00032063092597,50.1576125889675));
#1869=DIRECTION('',(8.88541379225506E-15,-1.,-6.40128590774851E-17));
#1870=DIRECTION('',(-0.630591610658945,-5.55338606575064E-15,-0.776114824344025));
#1871=CARTESIAN_POINT('',(-50.4551126855265,4.90032063092566,5.28784695051129));
#1872=CARTESIAN_POINT('',(-50.4551126855265,4.90032063092568,5.28784695051127));
#1873=CARTESIAN_POINT('',(-49.9056850122039,3.94868398564668,4.80688620951839));
#1874=CARTESIAN_POINT('',(-49.3475169926097,2.98190861654939,4.33609701625744));
#1875=CARTESIAN_POINT('',(-48.7807969048765,2.00032063092564,3.87563817472136));
#1876=CARTESIAN_POINT('',(-48.7807969048765,7.80032063092566,3.87563817472135));
#1877=CARTESIAN_POINT('',(-50.4551126855265,4.90032063092565,5.28784695051129));
#1878=CARTESIAN_POINT('',(-49.905685012204,5.85195727620459,4.80688620951842));
#1879=CARTESIAN_POINT('',(-49.3475169926097,6.81873264530186,4.33609701625748));
#1880=CARTESIAN_POINT('',(-48.7807969048766,7.8003206309256,3.87563817472138));
#1881=CARTESIAN_POINT('',(-48.5214118402406,7.80032063092565,3.66608960926066));
#1882=AXIS2_PLACEMENT_3D('',#1883,#1884,#1885);
#1883=CARTESIAN_POINT('',(-11.1767931222882,7.80032063092558,50.1576125889675));
#1884=DIRECTION('',(-2.12188986083703E-15,-1.,-6.40128590774864E-17));
#1885=DIRECTION('',(-0.630591610658945,1.38772727386479E-15,-0.776114824344025));
#1886=CARTESIAN_POINT('',(-48.5214118402406,20.5003206309257,3.66608960926065));
#1887=CARTESIAN_POINT('',(-48.5214118402406,7.80032063092565,3.66608960926066));
#1888=VECTOR('',#1889,1.);
#1889=DIRECTION('',(0.,1.,0.));
#1890=CARTESIAN_POINT('',(-48.7807969048766,20.5003206309257,3.87563817472138));
#1891=AXIS2_PLACEMENT_3D('',#1892,#1893,#1894);
#1892=CARTESIAN_POINT('',(-11.1767931222882,20.5003206309255,50.1576125889675));
#1893=DIRECTION('',(-5.30472465209255E-15,-1.,0.));
#1894=DIRECTION('',(-0.630591610658945,3.34511486246526E-15,-0.776114824344025));
#1895=CARTESIAN_POINT('',(-50.4551126855265,23.4003206309257,5.28784695051127));
#1896=CARTESIAN_POINT('',(-50.4551126855265,23.4003206309257,5.28784695051127));
#1897=CARTESIAN_POINT('',(-49.9056850122039,22.4486839856467,4.80688620951839));
#1898=CARTESIAN_POINT('',(-49.3475169926097,21.4819086165494,4.33609701625745));
#1899=CARTESIAN_POINT('',(-48.7807969048766,20.5003206309257,3.87563817472137));
#1900=CARTESIAN_POINT('',(-48.7807969048765,26.3003206309257,3.87563817472135));
#1901=CARTESIAN_POINT('',(-50.4551126855265,23.4003206309256,5.28784695051129));
#1902=CARTESIAN_POINT('',(-49.905685012204,24.3519572762046,4.80688620951842));
#1903=CARTESIAN_POINT('',(-49.3475169926097,25.3187326453018,4.33609701625749));
#1904=CARTESIAN_POINT('',(-48.7807969048766,26.3003206309256,3.87563817472139));
#1905=CARTESIAN_POINT('',(-48.5214118402406,26.3003206309257,3.66608960926065));
#1906=AXIS2_PLACEMENT_3D('',#1907,#1908,#1909);
#1907=CARTESIAN_POINT('',(-11.1767931222882,26.3003206309257,50.1576125889675));
#1908=DIRECTION('',(1.06094493041852E-15,-1.,1.97215226305253E-31));
#1909=DIRECTION('',(-0.630591610658945,-6.69022972493056E-16,-0.776114824344025));
#1910=CARTESIAN_POINT('',(-48.5214118402406,28.5669872975923,3.66608960926065));
#1911=CARTESIAN_POINT('',(-48.5214118402406,26.3003206309257,3.66608960926065));
#1912=VECTOR('',#1913,1.);
#1913=DIRECTION('',(0.,1.,0.));
#1914=CARTESIAN_POINT('',(-63.6218638908239,28.5669872975923,21.774575255991));
#1915=AXIS2_PLACEMENT_3D('',#1916,#1917,#1918);
#1916=CARTESIAN_POINT('',(-11.1767931222882,28.5669872975923,50.1576125889675));
#1917=DIRECTION('',(-3.08148791101958E-33,-1.,-6.12323399573677E-17));
#1918=DIRECTION('',(-0.879465437729613,2.91443132013849E-17,-0.475962754676309));
#1919=CARTESIAN_POINT('',(-63.6218638908449,-6.43301270240767,21.7745752560298));
#1920=VECTOR('',#1921,1.);
#1921=DIRECTION('',(0.,1.,0.));
#1922=AXIS2_PLACEMENT_3D('',#1923,#1924,#1925);
#1923=CARTESIAN_POINT('',(-45.3902022750371,-6.43301270240767,7.56423361106178));
#1924=DIRECTION('',(3.73969860926369E-16,1.,-3.11641550771974E-17));
#1925=DIRECTION('',(-1.16544547401073E-32,-3.11641550771974E-17,-1.));
#1926=CARTESIAN_POINT('',(-45.4321653435767,2.00032063092567,2.56440970407479));
#1927=CARTESIAN_POINT('',(-45.3902022750371,2.07300279767774,2.56423361106178));
#1928=CARTESIAN_POINT('',(-45.4041901698147,2.04877505323203,2.56423361106178));
#1929=CARTESIAN_POINT('',(-45.4181779414332,2.02454752210408,2.56429230907733));
#1930=CARTESIAN_POINT('',(-45.4321653435767,2.00032063092567,2.56440970407478));
#1931=AXIS2_PLACEMENT_3D('',#1932,#1933,#1934);
#1932=CARTESIAN_POINT('',(-45.3902022750371,2.00032063092567,7.56423361106178));
#1933=DIRECTION('',(-8.88541379225506E-15,1.,6.40128590774864E-17));
#1934=DIRECTION('',(-0.00839261370791888,-1.05612409593701E-17,-0.9999647813974));
#1935=CARTESIAN_POINT('',(-45.4321653435767,7.80032063092565,2.56440970407478));
#1936=CARTESIAN_POINT('',(-45.3902022750371,7.72763846417361,2.56423361106178));
#1937=CARTESIAN_POINT('',(-45.4041901698147,7.75186620861931,2.56423361106178));
#1938=CARTESIAN_POINT('',(-45.4181779414332,7.77609373974725,2.56429230907733));
#1939=CARTESIAN_POINT('',(-45.4321653435767,7.80032063092565,2.56440970407478));
#1940=CARTESIAN_POINT('',(-45.4321653435767,20.5003206309257,2.56440970407478));
#1941=CARTESIAN_POINT('',(-45.3902022750371,20.5730027976777,2.56423361106178));
#1942=CARTESIAN_POINT('',(-45.4041901698147,20.548775053232,2.56423361106178));
#1943=CARTESIAN_POINT('',(-45.4181779414332,20.5245475221041,2.56429230907733));
#1944=CARTESIAN_POINT('',(-45.4321653435767,20.5003206309257,2.56440970407478));
#1945=AXIS2_PLACEMENT_3D('',#1946,#1947,#1948);
#1946=CARTESIAN_POINT('',(-45.3902022750371,20.5003206309257,7.56423361106178));
#1947=DIRECTION('',(5.30472465209255E-15,1.,-3.6010316205944E-48));
#1948=DIRECTION('',(-0.0083926137079203,4.45205048318947E-17,-0.9999647813974));
#1949=AXIS2_PLACEMENT_3D('',#1950,#1951,#1952);
#1950=CARTESIAN_POINT('',(-45.3902022750371,7.80032063092565,7.56423361106178));
#1951=DIRECTION('',(2.12188986083703E-15,1.,6.40128590774864E-17));
#1952=DIRECTION('',(-0.00839261370791462,8.18188065667872E-17,-0.9999647813974));
#1953=AXIS2_PLACEMENT_3D('',#1954,#1955,#1956);
#1954=CARTESIAN_POINT('',(-45.3902022750371,28.5669872975923,7.56423361106178));
#1955=DIRECTION('',(-3.73969860926369E-16,-1.,3.11641550771974E-17));
#1956=DIRECTION('',(-0.626241913040699,2.09899128289018E-16,-0.779628800360226));
#1957=CARTESIAN_POINT('',(-45.4321653435767,26.3003206309257,2.56440970407479));
#1958=AXIS2_PLACEMENT_3D('',#1959,#1960,#1961);
#1959=CARTESIAN_POINT('',(-45.3902022750371,26.3003206309257,7.56423361106178));
#1960=DIRECTION('',(-1.06094493041852E-15,1.,1.27770699409862E-47));
#1961=DIRECTION('',(-0.00839261370791888,-8.90410096637749E-18,-0.9999647813974));
#1962=CARTESIAN_POINT('',(-45.3902022750371,26.2276384641736,2.56423361106178));
#1963=CARTESIAN_POINT('',(-45.4041901698147,26.2518662086193,2.56423361106178));
#1964=CARTESIAN_POINT('',(-45.4181779414332,26.2760937397472,2.56429230907733));
#1965=CARTESIAN_POINT('',(-45.4321653435767,26.3003206309257,2.56440970407478));
#1966=CARTESIAN_POINT('',(-105.320003214157,-6.43301270240767,3.66608960926165));
#1967=CARTESIAN_POINT('',(-90.2195511635112,-6.43301270240767,21.7745752561239));
#1968=AXIS2_PLACEMENT_3D('',#1969,#1970,#1971);
#1969=CARTESIAN_POINT('',(-142.664621932125,-6.43301270240768,50.157612588956));
#1970=DIRECTION('',(-6.16297582203916E-33,-1.,-6.12323399573677E-17));
#1971=DIRECTION('',(0.626241913040961,4.77384957441992E-17,-0.779628800360016));
#1972=CARTESIAN_POINT('',(-90.2195511635112,28.5669872975923,21.7745752561239));
#1973=CARTESIAN_POINT('',(-90.2195511634168,-6.43301270240767,21.7745752562983));
#1974=VECTOR('',#1975,1.);
#1975=DIRECTION('',(0.,1.,1.01506105108586E-16));
#1976=CARTESIAN_POINT('',(-96.3778746460097,28.5669872975977,12.5594838877407));
#1977=AXIS2_PLACEMENT_3D('',#1978,#1979,#1980);
#1978=CARTESIAN_POINT('',(-142.664621932125,28.5669872975923,50.157612588956));
#1979=DIRECTION('',(-6.16297582203916E-33,-1.,-6.12323399573677E-17));
#1980=DIRECTION('',(0.776194861910713,3.86065672182143E-17,-0.630493089845884));
#1981=CARTESIAN_POINT('',(-105.320003214141,26.8569004323631,3.66608960927486));
#1982=CARTESIAN_POINT('',(-105.320003214132,26.8569004323631,3.66608960928146));
#1983=CARTESIAN_POINT('',(-105.279424399058,26.8274006431723,3.69868476491221));
#1984=CARTESIAN_POINT('',(-105.192965841609,26.7656843457709,3.76831878928478));
#1985=CARTESIAN_POINT('',(-105.054674005745,26.6707915088157,3.88034011445521));
#1986=CARTESIAN_POINT('',(-104.879992112917,26.5562520619017,4.02275601882678));
#1987=CARTESIAN_POINT('',(-104.651907257366,26.4156560646276,4.21030107516012));
#1988=CARTESIAN_POINT('',(-104.360638084481,26.2513954346831,4.45262736960295));
#1989=CARTESIAN_POINT('',(-104.053455883517,26.0970820864289,4.71186505943441));
#1990=CARTESIAN_POINT('',(-103.776972945819,25.974232067601,4.9484615104206));
#1991=CARTESIAN_POINT('',(-103.561392740332,25.8880060101428,5.13495515369544));
#1992=CARTESIAN_POINT('',(-103.383271836218,25.8227077644597,5.29032371152766));
#1993=CARTESIAN_POINT('',(-103.216952923392,25.766642274341,5.43647115186616));
#1994=CARTESIAN_POINT('',(-103.047012571075,25.7144826340761,5.58693920967944));
#1995=CARTESIAN_POINT('',(-102.873183456184,25.666461210127,5.74205093568346));
#1996=CARTESIAN_POINT('',(-102.696135399281,25.6230711986434,5.90129368299989));
#1997=CARTESIAN_POINT('',(-102.514742446507,25.5843979164575,6.06577756832328));
#1998=CARTESIAN_POINT('',(-102.330042716858,25.5510495335997,6.23466438903095));
#1999=CARTESIAN_POINT('',(-102.141773565728,25.5233341967694,6.40828978855685));
#2000=CARTESIAN_POINT('',(-101.950967109048,25.5017345175419,6.58579040533292));
#2001=CARTESIAN_POINT('',(-101.757408640265,25.4865547623043,6.76745250487106));
#2002=CARTESIAN_POINT('',(-101.582740558185,25.4790520005933,6.93286480347116));
#2003=CARTESIAN_POINT('',(-101.452497046154,25.4774221465788,7.05715541188156));
#2004=CARTESIAN_POINT('',(-101.284102377378,25.4783696227284,7.21858468665904));
#2005=CARTESIAN_POINT('',(-101.019378467042,25.4890300736109,7.47455443595556));
#2006=CARTESIAN_POINT('',(-100.59757617328,25.535529352096,7.88945414081877));
#2007=CARTESIAN_POINT('',(-100.142153548505,25.6290410552538,8.34765021469597));
#2008=CARTESIAN_POINT('',(-99.7294227078761,25.7549418927394,8.77235632237074));
#2009=CARTESIAN_POINT('',(-99.4084347913262,25.878607331187,9.10839399201529));
#2010=CARTESIAN_POINT('',(-99.1422959264855,25.9986048852667,9.39079115746596));
#2011=CARTESIAN_POINT('',(-98.8962437583551,26.1248495937813,9.65509509903002));
#2012=CARTESIAN_POINT('',(-98.6770807823261,26.2512662132589,9.89336387000638));
#2013=CARTESIAN_POINT('',(-98.4833201317968,26.3740568637437,10.1061879629854));
#2014=CARTESIAN_POINT('',(-98.314315349709,26.4895438521318,10.2934269509275));
#2015=CARTESIAN_POINT('',(-98.1503799463607,26.6098147357584,10.4765839407358));
#2016=CARTESIAN_POINT('',(-97.9925538301405,26.7336219820013,10.6543617715015));
#2017=CARTESIAN_POINT('',(-97.8401637382996,26.8609622313093,10.8273785015281));
#2018=CARTESIAN_POINT('',(-97.6936564059949,26.9909581164274,10.9949959051285));
#2019=CARTESIAN_POINT('',(-97.5524068509285,27.1236639296007,11.1578022712527));
#2020=CARTESIAN_POINT('',(-97.40224966489,27.2726338966826,11.3321203497444));
#2021=CARTESIAN_POINT('',(-97.2435807049361,27.4398753263685,11.5178137512545));
#2022=CARTESIAN_POINT('',(-97.0774468823604,27.6269790256709,11.7139784260941));
#2023=CARTESIAN_POINT('',(-96.9312859121038,27.8024411749427,11.888050150866));
#2024=CARTESIAN_POINT('',(-96.8033613761777,27.9645083176845,12.0415082555814));
#2025=CARTESIAN_POINT('',(-96.6922987722044,28.1116595866431,12.1755430418896));
#2026=CARTESIAN_POINT('',(-96.5843473006192,28.2611076044754,12.306590194354));
#2027=CARTESIAN_POINT('',(-96.4795608105763,28.4125647055522,12.4345257750701));
#2028=CARTESIAN_POINT('',(-96.4114215688406,28.5153233929035,12.5181845248589));
#2029=CARTESIAN_POINT('',(-96.3778746460105,28.5669872976003,12.5594838877398));
#2030=CARTESIAN_POINT('',(-105.320003214157,23.8452164436667,3.66608960926166));
#2031=CARTESIAN_POINT('',(-105.320003214157,23.8452164436667,3.66608960926165));
#2032=VECTOR('',#2033,1.);
#2033=DIRECTION('',(0.,1.,0.));
#2034=CARTESIAN_POINT('',(-104.986162461018,23.2669872975923,3.93623281675564));
#2035=CARTESIAN_POINT('',(-105.320003214157,23.8452164436667,3.66608960926163));
#2036=CARTESIAN_POINT('',(-105.208398960266,23.6519122055867,3.75573645328268));
#2037=CARTESIAN_POINT('',(-105.097118228277,23.459168323879,3.84578457829134));
#2038=CARTESIAN_POINT('',(-104.986162461018,23.2669872975923,3.9362328167556));
#2039=CARTESIAN_POINT('',(-105.320003214157,22.6887581515179,3.66608960926166));
#2040=CARTESIAN_POINT('',(-105.320003214157,22.6887581515179,3.66608960926163));
#2041=CARTESIAN_POINT('',(-105.208398960266,22.8820623895978,3.75573645328267));
#2042=CARTESIAN_POINT('',(-105.097118228277,23.0748062713055,3.84578457829134));
#2043=CARTESIAN_POINT('',(-104.986162461018,23.2669872975923,3.9362328167556));
#2044=CARTESIAN_POINT('',(-105.320003214157,0.466987297592315,3.66608960926165));
#2045=CARTESIAN_POINT('',(-105.320003214157,0.466987297592316,3.66608960926165));
#2046=VECTOR('',#2047,1.);
#2047=DIRECTION('',(0.,1.,0.));
#2048=CARTESIAN_POINT('',(-105.060618149524,0.466987297592312,3.8756381747199));
#2049=AXIS2_PLACEMENT_3D('',#2050,#2051,#2052);
#2050=CARTESIAN_POINT('',(-142.664621932125,0.466987297592312,50.157612588956));
#2051=DIRECTION('',(-6.63090581511574E-17,-1.,-6.00120553851435E-17));
#2052=DIRECTION('',(0.626241913040961,5.26161531853308E-18,-0.779628800360016));
#2053=CARTESIAN_POINT('',(-103.386302368874,-2.4330127024077,5.28784695051059));
#2054=CARTESIAN_POINT('',(-105.060618149524,0.46698729759234,3.87563817471987));
#2055=CARTESIAN_POINT('',(-104.493898061791,-0.514600688031393,4.33609701625622));
#2056=CARTESIAN_POINT('',(-103.935730042197,-1.48137605712871,4.80688620951742));
#2057=CARTESIAN_POINT('',(-103.386302368874,-2.43301270240769,5.28784695051058));
#2058=CARTESIAN_POINT('',(-105.060618149524,-5.33301270240768,3.87563817471991));
#2059=CARTESIAN_POINT('',(-105.060618149524,-5.33301270240771,3.87563817471987));
#2060=CARTESIAN_POINT('',(-104.493898061791,-4.35142471678395,4.33609701625624));
#2061=CARTESIAN_POINT('',(-103.935730042197,-3.38464934768665,4.80688620951744));
#2062=CARTESIAN_POINT('',(-103.386302368874,-2.43301270240768,5.28784695051058));
#2063=CARTESIAN_POINT('',(-105.320003214157,-5.33301270240768,3.66608960926165));
#2064=AXIS2_PLACEMENT_3D('',#2065,#2066,#2067);
#2065=CARTESIAN_POINT('',(-142.664621932125,-5.3330127024077,50.157612588956));
#2066=DIRECTION('',(2.65236232604629E-16,-1.,-6.40128590774864E-17));
#2067=DIRECTION('',(0.626241913040961,2.16008314244296E-16,-0.779628800360016));
#2068=CARTESIAN_POINT('',(-105.320003214157,-6.43301270240767,3.66608960926165));
#2069=VECTOR('',#2070,1.);
#2070=DIRECTION('',(0.,1.,0.));
#2071=CARTESIAN_POINT('',(-106.734933930174,-0.833012702407695,0.0642336056163659));
#2072=AXIS2_PLACEMENT_3D('',#2073,#2074,#2075);
#2073=CARTESIAN_POINT('',(-106.734933930174,-2.43301270240769,0.0642336110617768));
#2074=DIRECTION('',(-7.45429962789755E-17,-6.1137281423615E-17,1.));
#2075=DIRECTION('',(6.12323399573677E-17,1.,6.1137281423615E-17));
#2076=CARTESIAN_POINT('',(-47.1064811242266,6.50032063092565,0.0642336056163717));
#2077=AXIS2_PLACEMENT_3D('',#2078,#2079,#2080);
#2078=CARTESIAN_POINT('',(-47.1064811242266,4.90032063092565,0.0642336110617816));
#2079=DIRECTION('',(-7.45429962789755E-17,-6.1137281423615E-17,1.));
#2080=DIRECTION('',(6.12323399573677E-17,1.,6.1137281423615E-17));
#2081=CARTESIAN_POINT('',(-108.334794022317,24.8669872975923,0.0642336056163674));
#2082=AXIS2_PLACEMENT_3D('',#2083,#2084,#2085);
#2083=CARTESIAN_POINT('',(-108.334794022317,23.2669872975923,0.0642336110617782));
#2084=DIRECTION('',(-7.45429962789755E-17,-6.1137281423615E-17,1.));
#2085=DIRECTION('',(6.12323399573677E-17,1.,6.1137281423615E-17));
#2086=CARTESIAN_POINT('',(-47.1064811242266,25.0003206309257,0.0642336056163728));
#2087=AXIS2_PLACEMENT_3D('',#2088,#2089,#2090);
#2088=CARTESIAN_POINT('',(-47.1064811242266,23.4003206309257,0.0642336110617828));
#2089=DIRECTION('',(-7.45429962789755E-17,-6.1137281423615E-17,1.));
#2090=DIRECTION('',(6.12323399573677E-17,1.,6.1137281423615E-17));
#2091=CARTESIAN_POINT('',(-108.409249710824,0.466987297592313,2.56440970407472));
#2092=CARTESIAN_POINT('',(-108.409249710824,0.466987297592313,2.56440970407472));
#2093=CARTESIAN_POINT('',(-108.423237112967,0.442760406415014,2.56429230907727));
#2094=CARTESIAN_POINT('',(-108.437224884585,0.418532875288177,2.56423361106173));
#2095=CARTESIAN_POINT('',(-108.451212779362,0.394305130843576,2.56423361106173));
#2096=AXIS2_PLACEMENT_3D('',#2097,#2098,#2099);
#2097=CARTESIAN_POINT('',(-108.451212779362,0.466987297592312,7.56423361106173));
#2098=DIRECTION('',(6.63090581511574E-17,1.,6.00120553851435E-17));
#2099=DIRECTION('',(0.626241913040962,5.26161531853296E-18,-0.779628800360015));
#2100=CARTESIAN_POINT('',(-106.660478241668,20.3669872975923,2.89590737829811));
#2101=CARTESIAN_POINT('',(-105.320003214157,22.6887581515179,3.66608960926166));
#2102=CARTESIAN_POINT('',(-105.725012872303,21.9872608460526,3.34076296278528));
#2103=CARTESIAN_POINT('',(-106.175448132268,21.2070840902722,3.08196124973211));
#2104=CARTESIAN_POINT('',(-106.660478241668,20.3669872975923,2.89590737829812));
#2105=AXIS2_PLACEMENT_3D('',#2106,#2107,#2108);
#2106=CARTESIAN_POINT('',(-108.451212779362,20.3669872975923,7.56423361106173));
#2107=DIRECTION('',(-1.06094493041852E-15,1.,-9.86076131526265E-32));
#2108=DIRECTION('',(0.35814690753885,3.79974145898413E-16,-0.933665246552724));
#2109=CARTESIAN_POINT('',(-107.234933527204,19.3669872975923,2.71442281256056));
#2110=CARTESIAN_POINT('',(-108.451212779361,19.0001989004211,2.56423361106173));
#2111=CARTESIAN_POINT('',(-108.443134865733,19.0055583537646,2.56423360650352));
#2112=CARTESIAN_POINT('',(-108.426887269916,19.0161841095044,2.56427282211782));
#2113=CARTESIAN_POINT('',(-108.402271408743,19.0318214918181,2.56445271340816));
#2114=CARTESIAN_POINT('',(-108.377322111549,19.0472097043324,2.56475858536534));
#2115=CARTESIAN_POINT('',(-108.352021805773,19.0623515982357,2.56519590462338));
#2116=CARTESIAN_POINT('',(-108.326244334529,19.0773117579967,2.5657730183827));
#2117=CARTESIAN_POINT('',(-108.29996014953,19.0920915227913,2.566498258902));
#2118=CARTESIAN_POINT('',(-108.27302436171,19.1067516078267,2.56738495477779));
#2119=CARTESIAN_POINT('',(-108.245521280382,19.1212235935371,2.56844042844721));
#2120=CARTESIAN_POINT('',(-108.217273021982,19.1355778818149,2.56968210332755));
#2121=CARTESIAN_POINT('',(-108.188241719069,19.149803850316,2.57112458346737));
#2122=CARTESIAN_POINT('',(-108.158134789188,19.1640047436367,2.57279907121991));
#2123=CARTESIAN_POINT('',(-108.127088038145,19.1780711888587,2.57471688535436));
#2124=CARTESIAN_POINT('',(-108.088566716633,19.1947999610661,2.57734131899041));
#2125=CARTESIAN_POINT('',(-108.036005607111,19.2163356872286,2.5813682436441));
#2126=CARTESIAN_POINT('',(-107.967492672957,19.2419716096715,2.58748863753191));
#2127=CARTESIAN_POINT('',(-107.894728464936,19.2661741509172,2.5951195402301));
#2128=CARTESIAN_POINT('',(-107.831556372297,19.2848003393184,2.60267582195441));
#2129=CARTESIAN_POINT('',(-107.781459831243,19.2981739350806,2.60923108417564));
#2130=CARTESIAN_POINT('',(-107.740954416654,19.3081227580399,2.61488675569531));
#2131=CARTESIAN_POINT('',(-107.70339071115,19.3166387301771,2.62042890761988));
#2132=CARTESIAN_POINT('',(-107.667683282873,19.3241068280623,2.62596343969539));
#2133=CARTESIAN_POINT('',(-107.632573484013,19.3308488542328,2.63166413536348));
#2134=CARTESIAN_POINT('',(-107.598448880954,19.3368363548974,2.63745140923905));
#2135=CARTESIAN_POINT('',(-107.565177882054,19.3421434502085,2.64332808837092));
#2136=CARTESIAN_POINT('',(-107.529747086816,19.3472493937751,2.64982967602745));
#2137=CARTESIAN_POINT('',(-107.488992128263,19.3524248367137,2.65762268809396));
#2138=CARTESIAN_POINT('',(-107.443385683592,19.3572664104656,2.66677659798955));
#2139=CARTESIAN_POINT('',(-107.399313443959,19.3609705705844,2.67607288436157));
#2140=CARTESIAN_POINT('',(-107.362975004244,19.3633319384606,2.68406166926999));
#2141=CARTESIAN_POINT('',(-107.333818141215,19.364813790415,2.69066615376184));
#2142=CARTESIAN_POINT('',(-107.308464597369,19.3658060467164,2.69654949240499));
#2143=CARTESIAN_POINT('',(-107.283564183997,19.366495692613,2.70246331168218));
#2144=CARTESIAN_POINT('',(-107.259122876551,19.3668989201532,2.70839900386748));
#2145=CARTESIAN_POINT('',(-107.242956515017,19.3669873027334,2.71241072990692));
#2146=CARTESIAN_POINT('',(-107.234933527204,19.3669872975923,2.71442281256151));
#2147=CARTESIAN_POINT('',(-106.424605568472,19.3669872975923,2.80000000001745));
#2148=AXIS2_PLACEMENT_3D('',#2149,#2150,#2151);
#2149=CARTESIAN_POINT('',(-108.451212779362,19.3669872975923,7.56423361106173));
#2150=DIRECTION('',(8.35652912698093E-17,1.,0.));
#2151=DIRECTION('',(0.303452012644473,-2.53580558230453E-17,-0.952846722207732));
#2152=CARTESIAN_POINT('',(-106.933952716134,11.7669872975923,2.80000000000504));
#2153=CARTESIAN_POINT('',(-106.933952716139,11.7669872975923,2.80000000002026));
#2154=VECTOR('',#2155,1.);
#2155=DIRECTION('',(1.86984930463184E-15,1.,2.92163953848726E-16));
#2156=CARTESIAN_POINT('',(-107.2349335272,11.7669872975923,2.71442281254602));
#2157=AXIS2_PLACEMENT_3D('',#2158,#2159,#2160);
#2158=CARTESIAN_POINT('',(-108.451212779362,11.7669872975923,7.56423361106175));
#2159=DIRECTION('',(-1.25347936904714E-16,-1.,-6.49308671446301E-16));
#2160=DIRECTION('',(0.243255850429249,5.99313222270677E-16,-0.969962159690749));
#2161=CARTESIAN_POINT('',(-108.451212779361,12.1337756947635,2.56423361106173));
#2162=CARTESIAN_POINT('',(-108.445578502823,12.130037529055,2.56423361070329));
#2163=CARTESIAN_POINT('',(-108.434234358516,12.1225861668743,2.56425273835233));
#2164=CARTESIAN_POINT('',(-108.417059088226,12.1115306774851,2.56434029356572));
#2165=CARTESIAN_POINT('',(-108.399591156427,12.1005156674803,2.56448975105653));
#2166=CARTESIAN_POINT('',(-108.381824706443,12.0895454106852,2.56470436662006));
#2167=CARTESIAN_POINT('',(-108.363635810635,12.07855305677,2.564989386242));
#2168=CARTESIAN_POINT('',(-108.345011518711,12.0675435153161,2.56534968842792));
#2169=CARTESIAN_POINT('',(-108.325822804844,12.056456547654,2.56579350662157));
#2170=CARTESIAN_POINT('',(-108.306181562226,12.0453732280704,2.56632424579901));
#2171=CARTESIAN_POINT('',(-108.285927414379,12.0342189591696,2.56695224746489));
#2172=CARTESIAN_POINT('',(-108.265010802173,12.0229873841289,2.56768668856707));
#2173=CARTESIAN_POINT('',(-108.243094007347,12.0115272258375,2.56855007233236));
#2174=CARTESIAN_POINT('',(-108.220274486699,11.9999258512076,2.56955146200829));
#2175=CARTESIAN_POINT('',(-108.196333531741,11.9881100001907,2.57071426066295));
#2176=CARTESIAN_POINT('',(-108.171383000794,11.9761761454733,2.57204828907958));
#2177=CARTESIAN_POINT('',(-108.145221971464,11.9640740505066,2.57358155586741));
#2178=CARTESIAN_POINT('',(-108.118175147373,11.9519970552639,2.57531189354637));
#2179=CARTESIAN_POINT('',(-108.090155107899,11.939942099015,2.57725986757917));
#2180=CARTESIAN_POINT('',(-108.061274471729,11.9279931868761,2.57943283920022));
#2181=CARTESIAN_POINT('',(-108.031224990245,11.9160658366453,2.58187229179354));
#2182=CARTESIAN_POINT('',(-108.00020513282,11.9042857623105,2.58458228809196));
#2183=CARTESIAN_POINT('',(-107.968089488283,11.8926490176741,2.58759337639918));
#2184=CARTESIAN_POINT('',(-107.935048682936,11.8812600880646,2.59090922811899));
#2185=CARTESIAN_POINT('',(-107.900931391715,11.8701120602071,2.59456622486875));
#2186=CARTESIAN_POINT('',(-107.866057165534,11.8593499757005,2.59855001335639));
#2187=CARTESIAN_POINT('',(-107.830439904544,11.8490083267867,2.60287527066202));
#2188=CARTESIAN_POINT('',(-107.794215095494,11.8391522948529,2.607540290076));
#2189=CARTESIAN_POINT('',(-107.757187642595,11.8297590339722,2.61258697501713));
#2190=CARTESIAN_POINT('',(-107.719506094424,11.8208985996462,2.61801297792589));
#2191=CARTESIAN_POINT('',(-107.676701621713,11.8116312771316,2.62451318680745));
#2192=CARTESIAN_POINT('',(-107.628845769767,11.8023190151883,2.63222963331479));
#2193=CARTESIAN_POINT('',(-107.575855045972,11.7933399824,2.64135583017262));
#2194=CARTESIAN_POINT('',(-107.526776883189,11.7862570438062,2.65035639472787));
#2195=CARTESIAN_POINT('',(-107.481775078574,11.7807512138868,2.65905634225795));
#2196=CARTESIAN_POINT('',(-107.436385719828,11.7760536059022,2.66822247439282));
#2197=CARTESIAN_POINT('',(-107.386213459428,11.7719652325899,2.67886495749877));
#2198=CARTESIAN_POINT('',(-107.331287553124,11.7688686171386,2.69116181182779));
#2199=CARTESIAN_POINT('',(-107.280832393558,11.767288856517,2.70305731029687));
#2200=CARTESIAN_POINT('',(-107.248718972349,11.7669872412811,2.71096551148186));
#2201=CARTESIAN_POINT('',(-107.234933527204,11.7669872975923,2.71442281256151));
#2202=AXIS2_PLACEMENT_3D('',#2203,#2204,#2205);
#2203=CARTESIAN_POINT('',(-108.451212779362,-6.43301270240767,7.56423361106173));
#2204=DIRECTION('',(5.77677020943171E-16,1.,1.62471662140267E-16));
#2205=DIRECTION('',(0.626241913040962,-2.35097975668342E-16,-0.779628800360015));
#2206=CARTESIAN_POINT('',(-108.409249710824,-5.33301270240768,2.56440970407471));
#2207=AXIS2_PLACEMENT_3D('',#2208,#2209,#2210);
#2208=CARTESIAN_POINT('',(-108.451212779362,-5.33301270240768,7.56423361106173));
#2209=DIRECTION('',(-2.65236232604629E-16,1.,6.40128590774864E-17));
#2210=DIRECTION('',(0.626241913040962,2.16008314244296E-16,-0.779628800360015));
#2211=CARTESIAN_POINT('',(-108.409249710824,-5.33301270240769,2.56440970407471));
#2212=CARTESIAN_POINT('',(-108.423237112967,-5.30878581123037,2.56429230907727));
#2213=CARTESIAN_POINT('',(-108.437224884585,-5.28455828010352,2.56423361106173));
#2214=CARTESIAN_POINT('',(-108.451212779362,-5.2603305356589,2.56423361106173));
#2215=CARTESIAN_POINT('',(-106.660478241668,26.1669872975923,2.89590737829811));
#2216=CARTESIAN_POINT('',(-105.320003214157,23.8452164436667,3.66608960926166));
#2217=CARTESIAN_POINT('',(-105.725012872303,24.546713749132,3.34076296278527));
#2218=CARTESIAN_POINT('',(-106.175448132268,25.3268905049124,3.0819612497321));
#2219=CARTESIAN_POINT('',(-106.660478241668,26.1669872975923,2.89590737829811));
#2220=CARTESIAN_POINT('',(-107.714694660021,29.5669872975923,2.6187770031598));
#2221=CARTESIAN_POINT('',(-107.714694660012,29.5669872975923,2.61877700316114));
#2222=CARTESIAN_POINT('',(-107.694462332659,29.5345963746323,2.62179021690329));
#2223=CARTESIAN_POINT('',(-107.653837513233,29.470196396888,2.62809331201532));
#2224=CARTESIAN_POINT('',(-107.592201726225,29.3743940232925,2.63844282062116));
#2225=CARTESIAN_POINT('',(-107.530108554071,29.2797528383996,2.64967283419103));
#2226=CARTESIAN_POINT('',(-107.467505826587,29.1861763949035,2.66181696765688));
#2227=CARTESIAN_POINT('',(-107.404422892269,29.0936952585584,2.67489515940802));
#2228=CARTESIAN_POINT('',(-107.34079142108,29.0022004294362,2.68894952667263));
#2229=CARTESIAN_POINT('',(-107.276686185435,28.9117912818686,2.70399202124501));
#2230=CARTESIAN_POINT('',(-107.212065643522,28.8224009351441,2.720061068819));
#2231=CARTESIAN_POINT('',(-107.146282835492,28.7331464758552,2.73735733363788));
#2232=CARTESIAN_POINT('',(-107.078561739074,28.6430538473245,2.75616264118463));
#2233=CARTESIAN_POINT('',(-107.007474812653,28.5503904064535,2.77700601702539));
#2234=CARTESIAN_POINT('',(-106.932866162546,28.4551959967979,2.80011922437192));
#2235=CARTESIAN_POINT('',(-106.854102373584,28.3569367993984,2.82591696515517));
#2236=CARTESIAN_POINT('',(-106.771973627309,28.2568695001814,2.85437034063889));
#2237=CARTESIAN_POINT('',(-106.686815910393,28.1556407014991,2.88558639459769));
#2238=CARTESIAN_POINT('',(-106.600067572722,28.0551092823547,2.91921319192026));
#2239=CARTESIAN_POINT('',(-106.503628894594,27.9462060962548,2.95870018196938));
#2240=CARTESIAN_POINT('',(-106.398180317198,27.8306731327286,3.00459335546549));
#2241=CARTESIAN_POINT('',(-106.283910399032,27.709753788447,3.05777942718168));
#2242=CARTESIAN_POINT('',(-106.18083501495,27.604463370449,3.10896485021133));
#2243=CARTESIAN_POINT('',(-106.090168550582,27.5146658895106,3.15649612413863));
#2244=CARTESIAN_POINT('',(-106.014146180342,27.4412791442857,3.19810511955788));
#2245=CARTESIAN_POINT('',(-105.942818525348,27.3740877101961,3.23872305746943));
#2246=CARTESIAN_POINT('',(-105.871603363314,27.3085454341792,3.280781881692));
#2247=CARTESIAN_POINT('',(-105.799412047376,27.2437512504309,3.32506419487813));
#2248=CARTESIAN_POINT('',(-105.72653241251,27.1800813493725,3.37156174376507));
#2249=CARTESIAN_POINT('',(-105.662498398479,27.1255963849691,3.41395541933368));
#2250=CARTESIAN_POINT('',(-105.606180825232,27.0787648540339,3.45241780243079));
#2251=CARTESIAN_POINT('',(-105.556586438677,27.0383351568218,3.48718176802885));
#2252=CARTESIAN_POINT('',(-105.507756119701,26.9993198595682,3.52229644351875));
#2253=CARTESIAN_POINT('',(-105.459809746081,26.9617825847625,3.55765345984608));
#2254=CARTESIAN_POINT('',(-105.41256087233,26.9255483062115,3.59337058676236));
#2255=CARTESIAN_POINT('',(-105.366062085997,26.8906307786468,3.62939004154852));
#2256=CARTESIAN_POINT('',(-105.335279313323,26.8680057572611,3.6538190240873));
#2257=CARTESIAN_POINT('',(-105.320003214132,26.8569004323631,3.66608960928146));
#2258=AXIS2_PLACEMENT_3D('',#2259,#2260,#2261);
#2259=CARTESIAN_POINT('',(-108.451212779362,29.5669872975923,7.56423361106173));
#2260=DIRECTION('',(0.,-1.,-6.12323399573677E-17));
#2261=DIRECTION('',(0.,6.12323399573677E-17,-1.));
#2262=AXIS2_PLACEMENT_3D('',#2263,#2264,#2265);
#2263=CARTESIAN_POINT('',(-108.451212779362,26.1669872975923,7.56423361106173));
#2264=DIRECTION('',(-1.06094493041852E-15,1.,-9.86076131526265E-32));
#2265=DIRECTION('',(0.358146907538847,3.7997414589841E-16,-0.933665246552725));
#2266=CARTESIAN_POINT('',(-106.660478241668,26.1669872975923,2.56423361106173));
#2267=VECTOR('',#2268,1.);
#2268=DIRECTION('',(0.,0.,1.));
#2269=CARTESIAN_POINT('',(-104.986162461018,23.2669872975923,2.56423361106173));
#2270=VECTOR('',#2271,1.);
#2271=DIRECTION('',(0.,0.,1.));
#2272=CARTESIAN_POINT('',(-106.660478241668,20.3669872975923,2.56423361106173));
#2273=VECTOR('',#2274,1.);
#2274=DIRECTION('',(0.,0.,1.));
#2275=CARTESIAN_POINT('',(-108.409249710824,0.466987297592313,2.56423361106173));
#2276=VECTOR('',#2277,1.);
#2277=DIRECTION('',(0.,0.,1.));
#2278=CARTESIAN_POINT('',(-105.060618149524,0.466987297592312,2.56423361106173));
#2279=VECTOR('',#2280,1.);
#2280=DIRECTION('',(0.,0.,1.));
#2281=CARTESIAN_POINT('',(-103.386302368874,-2.4330127024077,2.56423361106173));
#2282=VECTOR('',#2283,1.);
#2283=DIRECTION('',(0.,0.,1.));
#2284=CARTESIAN_POINT('',(-105.060618149524,-5.33301270240768,2.56423361106173));
#2285=VECTOR('',#2286,1.);
#2286=DIRECTION('',(0.,0.,1.));
#2287=CARTESIAN_POINT('',(-108.409249710824,-5.33301270240768,2.56423361106173));
#2288=VECTOR('',#2289,1.);
#2289=DIRECTION('',(0.,0.,1.));
#2290=CARTESIAN_POINT('',(-48.7807969048765,26.3003206309257,2.56423361106174));
#2291=VECTOR('',#2292,1.);
#2292=DIRECTION('',(0.,0.,1.));
#2293=CARTESIAN_POINT('',(-45.4321653435767,26.3003206309257,2.56423361106174));
#2294=VECTOR('',#2295,1.);
#2295=DIRECTION('',(0.,0.,1.));
#2296=CARTESIAN_POINT('',(-45.4321653435767,20.5003206309257,2.56423361106174));
#2297=VECTOR('',#2298,1.);
#2298=DIRECTION('',(0.,0.,1.));
#2299=CARTESIAN_POINT('',(-48.7807969048766,20.5003206309257,2.56423361106174));
#2300=VECTOR('',#2301,1.);
#2301=DIRECTION('',(0.,0.,1.));
#2302=CARTESIAN_POINT('',(-50.4551126855265,23.4003206309257,2.56423361106174));
#2303=VECTOR('',#2304,1.);
#2304=DIRECTION('',(0.,0.,1.));
#2305=CARTESIAN_POINT('',(-45.4321653435767,2.00032063092567,2.56423361106174));
#2306=VECTOR('',#2307,1.);
#2307=DIRECTION('',(0.,0.,1.));
#2308=CARTESIAN_POINT('',(-48.7807969048765,2.00032063092564,2.56423361106174));
#2309=VECTOR('',#2310,1.);
#2310=DIRECTION('',(0.,0.,1.));
#2311=CARTESIAN_POINT('',(-50.4551126855265,4.90032063092566,2.56423361106174));
#2312=VECTOR('',#2313,1.);
#2313=DIRECTION('',(0.,-3.26102977553939E-16,1.));
#2314=CARTESIAN_POINT('',(-48.7807969048765,7.80032063092566,2.56423361106174));
#2315=VECTOR('',#2316,1.);
#2316=DIRECTION('',(0.,0.,1.));
#2317=CARTESIAN_POINT('',(-45.4321653435767,7.80032063092565,2.56423361106174));
#2318=VECTOR('',#2319,1.);
#2319=DIRECTION('',(0.,0.,1.));
#2320=CARTESIAN_POINT('',(-107.974403432793,29.5669872975923,0.0642336110617786));
#2321=AXIS2_PLACEMENT_3D('',#2322,#2323,#2324);
#2322=CARTESIAN_POINT('',(-94.6492553794952,29.5669872975923,8.39697908980525E-15));
#2323=DIRECTION('',(6.49461989497849E-11,1.,3.24025534774867E-10));
#2324=DIRECTION('',(-0.999988381688363,6.33835038949787E-11,0.00482042407772715));
#2325=CARTESIAN_POINT('',(-111.734794022317,29.5669872975923,0.0642336110617783));
#2326=CARTESIAN_POINT('',(-107.974403432793,29.5669872975923,0.0642336110617786));
#2327=VECTOR('',#2328,1.);
#2328=DIRECTION('',(-1.,0.,-7.38103528206547E-17));
#2329=CARTESIAN_POINT('',(-111.734794022317,29.5669872975923,0.0642336110617783));
#2330=VECTOR('',#2331,1.);
#2331=DIRECTION('',(0.,0.,1.));
#2332=CARTESIAN_POINT('',(-111.734794022317,-7.43301270240767,1.56423361106173));
#2333=CARTESIAN_POINT('',(-111.734794022317,-7.43301270240767,1.56423361106173));
#2334=VECTOR('',#2335,1.);
#2335=DIRECTION('',(0.,0.707106781186547,0.707106781186547));
#2336=CARTESIAN_POINT('',(-111.734794022317,-7.43301270240767,0.0642336110617761));
#2337=CARTESIAN_POINT('',(-111.734794022317,-7.43301270240767,0.0642336110617761));
#2338=VECTOR('',#2339,1.);
#2339=DIRECTION('',(0.,1.,6.1137281423615E-17));
#2340=CARTESIAN_POINT('',(-111.734794022317,-7.43301270240767,0.0642336110617761));
#2341=VECTOR('',#2342,1.);
#2342=DIRECTION('',(0.,0.,1.));
#2343=CARTESIAN_POINT('',(-108.451212779362,-7.43301270240767,1.56423361106173));
#2344=CARTESIAN_POINT('',(-111.734794022317,-7.43301270240767,1.56423361106173));
#2345=VECTOR('',#2346,1.);
#2346=DIRECTION('',(1.,0.,6.76226925712246E-17));
#2347=CARTESIAN_POINT('',(-42.1066210320871,-7.43301270240767,0.0642336110617813));
#2348=CARTESIAN_POINT('',(-42.1066210320871,-7.43301270240767,0.0642336110617813));
#2349=VECTOR('',#2350,1.);
#2350=DIRECTION('',(-1.,0.,-7.45429962789755E-17));
#2351=CARTESIAN_POINT('',(-42.1066210320871,-7.43301270240767,1.56423361106178));
#2352=CARTESIAN_POINT('',(-42.1066210320871,-7.43301270240767,1.56423361106178));
#2353=VECTOR('',#2354,1.);
#2354=DIRECTION('',(0.,0.,-1.));
#2355=CARTESIAN_POINT('',(-45.3902022750371,-7.43301270240767,1.56423361106178));
#2356=CARTESIAN_POINT('',(-45.3902022750371,-7.43301270240767,1.56423361106178));
#2357=VECTOR('',#2358,1.);
#2358=DIRECTION('',(1.,0.,0.));
#2359=CARTESIAN_POINT('',(-49.1476537532813,-7.43301270240767,2.88646080890042));
#2360=AXIS2_PLACEMENT_3D('',#2361,#2362,#2363);
#2361=CARTESIAN_POINT('',(-45.3902022750371,-7.43301270240767,7.56423361106179));
#2362=DIRECTION('',(2.73691106313441E-48,1.,6.12323399573677E-17));
#2363=DIRECTION('',(1.67587468650927E-64,6.12323399573677E-17,-1.));
#2364=CARTESIAN_POINT('',(-64.5175998911175,-7.43301270240767,21.3286968805533));
#2365=AXIS2_PLACEMENT_3D('',#2366,#2367,#2368);
#2366=CARTESIAN_POINT('',(-11.1767931222882,-7.43301270240768,50.1576125889675));
#2367=DIRECTION('',(0.,-1.,-6.12323399573677E-17));
#2368=DIRECTION('',(-0.879733783194271,2.91139313943416E-17,-0.475466582113502));
#2369=CARTESIAN_POINT('',(-89.3238151631482,-7.43301270240767,21.3286968808147));
#2370=AXIS2_PLACEMENT_3D('',#2371,#2372,#2373);
#2371=CARTESIAN_POINT('',(-76.9207075271923,-7.43301270240767,15.6892336110618));
#2372=DIRECTION('',(-3.08148791101958E-33,1.,6.12323399573677E-17));
#2373=DIRECTION('',(-0.910319826492176,-2.53444060264661E-17,0.413905561082785));
#2374=CARTESIAN_POINT('',(-104.693761301116,-7.43301270240767,2.88646080890164));
#2375=AXIS2_PLACEMENT_3D('',#2376,#2377,#2378);
#2376=CARTESIAN_POINT('',(-142.664621932125,-7.43301270240768,50.157612588956));
#2377=DIRECTION('',(0.,-1.,-6.12323399573677E-17));
#2378=DIRECTION('',(0.626241913040962,4.77384957441992E-17,-0.779628800360015));
#2379=AXIS2_PLACEMENT_3D('',#2380,#2381,#2382);
#2380=CARTESIAN_POINT('',(-108.451212779362,-7.43301270240767,7.56423361106173));
#2381=DIRECTION('',(0.,1.,6.12323399573677E-17));
#2382=DIRECTION('',(0.626241913040966,4.7738495744199E-17,-0.779628800360012));
#2383=CARTESIAN_POINT('',(-89.5457075271923,-7.43301270240767,15.6892336110618));
#2384=AXIS2_PLACEMENT_3D('',#2385,#2386,#2387);
#2385=CARTESIAN_POINT('',(-76.9207075271923,-7.43301270240767,15.6892336110618));
#2386=DIRECTION('',(0.,1.,6.12323399573677E-17));
#2387=DIRECTION('',(-1.,7.49879891330929E-33,-1.22464679914735E-16));
#2388=CARTESIAN_POINT('',(-107.234933527192,11.7669872975923,0.064233611061778));
#2389=CARTESIAN_POINT('',(-107.234933527192,11.7669872975923,0.0642336110617792));
#2390=VECTOR('',#2391,1.);
#2391=DIRECTION('',(0.,-1.34055096023043E-15,1.));
#2392=CARTESIAN_POINT('',(-109.434933527192,13.9669872975923,0.0642336110617777));
#2393=AXIS2_PLACEMENT_3D('',#2394,#2395,#2396);
#2394=CARTESIAN_POINT('',(-107.234933527192,13.9669872975923,0.0642336110617777));
#2395=DIRECTION('',(-7.45429962789755E-17,-6.1137281423615E-17,1.));
#2396=DIRECTION('',(-1.,-7.05541423886261E-35,-7.45429962789755E-17));
#2397=CARTESIAN_POINT('',(-109.434933527192,13.9669872975923,0.0642336110617778));
#2398=VECTOR('',#2399,1.);
#2399=DIRECTION('',(0.,-1.42108547152023E-15,1.));
#2400=CARTESIAN_POINT('',(-109.434933527192,17.1669872975923,0.0642336110617802));
#2401=CARTESIAN_POINT('',(-109.434933527192,17.1669872975923,2.56423361106173));
#2402=VECTOR('',#2403,1.);
#2403=DIRECTION('',(0.,0.,-1.));
#2404=CARTESIAN_POINT('',(-109.434933527192,13.9669872975923,0.0642336110617772));
#2405=VECTOR('',#2406,1.);
#2406=DIRECTION('',(0.,1.,3.07913416985884E-16));
#2407=CARTESIAN_POINT('',(-107.234933527192,19.3669872975923,0.0642336110617793));
#2408=AXIS2_PLACEMENT_3D('',#2409,#2410,#2411);
#2409=CARTESIAN_POINT('',(-107.234933527192,17.1669872975923,0.0642336110617779));
#2410=DIRECTION('',(-7.45429962789755E-17,-6.1137281423615E-17,1.));
#2411=DIRECTION('',(6.45947941600091E-15,1.,6.11372814236155E-17));
#2412=CARTESIAN_POINT('',(-107.234933527192,19.3669872975923,2.71442281251504));
#2413=VECTOR('',#2414,1.);
#2414=DIRECTION('',(0.,0.,-1.));
#2415=CARTESIAN_POINT('',(-42.1066210320871,-6.43301270240767,2.56423361106178));
#2416=VECTOR('',#2417,1.);
#2417=DIRECTION('',(0.,-0.707106781186547,-0.707106781186548));
#2418=CARTESIAN_POINT('',(-42.1066210320871,29.5669872975923,0.0642336110617835));
#2419=CARTESIAN_POINT('',(-42.1066210320871,-7.43301270240767,0.0642336110617813));
#2420=VECTOR('',#2421,1.);
#2421=DIRECTION('',(0.,1.,6.07622060774579E-17));
#2422=CARTESIAN_POINT('',(-42.1066210320871,29.5669872975923,1.56423361106178));
#2423=CARTESIAN_POINT('',(-42.1066210320871,29.5669872975923,1.56423361106178));
#2424=VECTOR('',#2425,1.);
#2425=DIRECTION('',(0.,0.,-1.));
#2426=CARTESIAN_POINT('',(-42.1066210320871,29.5669872975923,1.56423361106178));
#2427=VECTOR('',#2428,1.);
#2428=DIRECTION('',(0.,-0.707106781186545,0.70710678118655));
#2429=CARTESIAN_POINT('',(-71.6006069723692,29.5669872975923,3.14582278782487));
#2430=CARTESIAN_POINT('',(-90.3390701863571,29.5669872975923,13.3253028702972));
#2431=AXIS2_PLACEMENT_3D('',#2432,#2433,#2434);
#2432=CARTESIAN_POINT('',(-76.9207075271923,29.5669872975923,15.6892336110618));
#2433=DIRECTION('',(0.,1.,6.12323399573677E-17));
#2434=DIRECTION('',(0.390466095768967,5.63715519829312E-17,-0.920617308144345));
#2435=CARTESIAN_POINT('',(-94.5010567769038,29.5669872975923,13.3253028702972));
#2436=CARTESIAN_POINT('',(-94.5010567769038,29.5669872975923,13.3253028702972));
#2437=VECTOR('',#2438,1.);
#2438=DIRECTION('',(1.,0.,0.));
#2439=CARTESIAN_POINT('',(-89.3238151631483,29.5669872975923,21.3286968808144));
#2440=AXIS2_PLACEMENT_3D('',#2441,#2442,#2443);
#2441=CARTESIAN_POINT('',(-142.664621932125,29.5669872975923,50.157612588956));
#2442=DIRECTION('',(6.16297582203915E-33,-1.,-6.12323399573677E-17));
#2443=DIRECTION('',(0.794347104080301,3.71964505737964E-17,-0.60746413740997));
#2444=CARTESIAN_POINT('',(-64.5175998911175,29.5669872975923,21.3286968805533));
#2445=AXIS2_PLACEMENT_3D('',#2446,#2447,#2448);
#2446=CARTESIAN_POINT('',(-76.9207075271923,29.5669872975923,15.6892336110618));
#2447=DIRECTION('',(0.,1.,6.12323399573677E-17));
#2448=DIRECTION('',(-0.910319826492187,-2.53444060264646E-17,0.41390556108276));
#2449=CARTESIAN_POINT('',(-49.1476537532813,29.5669872975923,2.88646080890043));
#2450=AXIS2_PLACEMENT_3D('',#2451,#2452,#2453);
#2451=CARTESIAN_POINT('',(-11.1767931222882,29.5669872975923,50.1576125889676));
#2452=DIRECTION('',(0.,-1.,-6.12323399573677E-17));
#2453=DIRECTION('',(-0.879733783194271,2.91139313943416E-17,-0.475466582113501));
#2454=CARTESIAN_POINT('',(-45.3902022750371,29.5669872975923,1.56423361106179));
#2455=AXIS2_PLACEMENT_3D('',#2456,#2457,#2458);
#2456=CARTESIAN_POINT('',(-45.3902022750371,29.5669872975923,7.56423361106179));
#2457=DIRECTION('',(0.,-1.,-6.12323399573677E-17));
#2458=DIRECTION('',(-0.626241913040698,4.77384957442122E-17,-0.779628800360227));
#2459=CARTESIAN_POINT('',(-45.3902022750371,29.5669872975923,1.56423361106178));
#2460=VECTOR('',#2461,1.);
#2461=DIRECTION('',(1.,0.,0.));
#2462=CARTESIAN_POINT('',(-71.2241073267206,29.5669872975923,0.0642336110617813));
#2463=CARTESIAN_POINT('',(-42.1066210320871,29.5669872975923,0.0642336110617835));
#2464=VECTOR('',#2465,1.);
#2465=DIRECTION('',(-1.,0.,-7.48283235640582E-17));
#2466=AXIS2_PLACEMENT_3D('',#2467,#2468,#2469);
#2467=CARTESIAN_POINT('',(-84.5492553794952,29.5669872975923,8.39697908980525E-15));
#2468=DIRECTION('',(-5.75860030758936E-11,1.,2.37032076269283E-10));
#2469=DIRECTION('',(0.971733891018161,1.8500069775659E-33,0.236078895809653));
#2470=CARTESIAN_POINT('',(-80.9207075272004,29.5669872975923,15.6892336110618));
#2471=AXIS2_PLACEMENT_3D('',#2472,#2473,#2474);
#2472=CARTESIAN_POINT('',(-76.9207075272004,29.5669872975923,15.6892336110618));
#2473=DIRECTION('',(0.,1.,6.12323399573677E-17));
#2474=DIRECTION('',(-1.,7.49879891330929E-33,-1.22464679914735E-16));
#2475=CARTESIAN_POINT('',(-87.0207075272004,29.5669872975923,15.6892336110618));
#2476=AXIS2_PLACEMENT_3D('',#2477,#2478,#2479);
#2477=CARTESIAN_POINT('',(-85.4207075272004,29.5669872975923,15.6892336110618));
#2478=DIRECTION('',(0.,1.,6.12323399573677E-17));
#2479=DIRECTION('',(-1.,7.49879891330929E-33,-1.22464679914735E-16));
#2480=CARTESIAN_POINT('',(-70.0207075272004,29.5669872975923,15.6892336110618));
#2481=AXIS2_PLACEMENT_3D('',#2482,#2483,#2484);
#2482=CARTESIAN_POINT('',(-68.4207075272004,29.5669872975923,15.6892336110618));
#2483=DIRECTION('',(0.,1.,6.12323399573677E-17));
#2484=DIRECTION('',(-1.,7.49879891330929E-33,-1.22464679914735E-16));
#2485=AXIS2_PLACEMENT_3D('',#2486,#2487,#2488);
#2486=CARTESIAN_POINT('',(-76.9207075271923,-6.43301270240767,15.6892336110618));
#2487=DIRECTION('',(1.3684555315672E-48,1.,6.12323399573677E-17));
#2488=DIRECTION('',(-0.909322641793132,-2.54782706583144E-17,0.416091736426427));
#2489=AXIS2_PLACEMENT_3D('',#2490,#2491,#2492);
#2490=CARTESIAN_POINT('',(-76.9207075271923,28.5669872975923,15.6892336110618));
#2491=DIRECTION('',(1.3684555315672E-48,1.,6.12323399573677E-17));
#2492=DIRECTION('',(-0.909322641793132,-2.54782706583144E-17,0.416091736426426));
#2493=CARTESIAN_POINT('',(-94.6492553794952,29.4807604687382,13.2736907136053));
#2494=CARTESIAN_POINT('',(-94.6492553794952,29.4807604687417,13.2736907136074));
#2495=CARTESIAN_POINT('',(-94.6849957460018,29.460031471053,13.2611916380149));
#2496=CARTESIAN_POINT('',(-94.7565668960684,29.4187452785175,13.235875505769));
#2497=CARTESIAN_POINT('',(-94.8640920874746,29.3573953701629,13.1969831386595));
#2498=CARTESIAN_POINT('',(-94.9720003161967,29.296509756939,13.1570911068284));
#2499=CARTESIAN_POINT('',(-95.0802531814255,29.2361195151842,13.1162071948746));
#2500=CARTESIAN_POINT('',(-95.1886921912368,29.17632069833,13.0743871667509));
#2501=CARTESIAN_POINT('',(-95.2971042295142,29.1172342428512,13.0317144123562));
#2502=CARTESIAN_POINT('',(-95.4054145302077,29.0589016319019,12.9882228537124));
#2503=CARTESIAN_POINT('',(-95.5136758402121,29.0012952744762,12.9438956597586));
#2504=CARTESIAN_POINT('',(-95.6218939344294,28.944413972036,12.8987334885887));
#2505=CARTESIAN_POINT('',(-95.7300185663684,28.8882856683819,12.8527607210201));
#2506=CARTESIAN_POINT('',(-95.8379213623578,28.8329765906254,12.8060376508551));
#2507=CARTESIAN_POINT('',(-95.9456364623465,28.7784675694348,12.7585566421267));
#2508=CARTESIAN_POINT('',(-96.0533546296647,28.7246626200565,12.7102380320127));
#2509=CARTESIAN_POINT('',(-96.1612893512012,28.6714606771167,12.6609845177054));
#2510=CARTESIAN_POINT('',(-96.2694979400102,28.6188420256241,12.6107649601269));
#2511=CARTESIAN_POINT('',(-96.3417310241306,28.5841999167961,12.5766797573997));
#2512=CARTESIAN_POINT('',(-96.3778746460105,28.5669872976003,12.5594838877398));
#2513=CARTESIAN_POINT('',(-94.6492553794952,21.9845886388135,0.0642336110617845));
#2514=AXIS2_PLACEMENT_3D('',#2515,#2516,#2517);
#2515=CARTESIAN_POINT('',(-94.6492553794952,37.4844555428617,8.88178419700125E-15));
#2516=DIRECTION('',(1.,-1.72881444223869E-16,0.));
#2517=DIRECTION('',(-8.92703460350438E-17,-0.516367424137465,0.856367142812964));
#2518=AXIS2_PLACEMENT_3D('',#2519,#2520,#2521);
#2519=CARTESIAN_POINT('',(-94.6492553794952,37.4844555428617,0.0642336110617801));
#2520=DIRECTION('',(2.90618286819546E-12,1.10127906963856E-16,1.));
#2521=DIRECTION('',(-0.859694353209745,-0.510808789136677,2.49848525548534E-12));
#2522=CARTESIAN_POINT('',(-84.5492553794952,21.9845886388135,0.0642336110617638));
#2523=AXIS2_PLACEMENT_3D('',#2524,#2525,#2526);
#2524=CARTESIAN_POINT('',(-84.5492553794952,37.4844555428617,0.0642336110617808));
#2525=DIRECTION('',(2.04327774372556E-10,-5.80186046443621E-16,1.));
#2526=DIRECTION('',(-7.58768522162597E-48,-1.,-5.80186046443621E-16));
#2527=CARTESIAN_POINT('',(-94.6492553794952,21.9845886388135,0.0642336110617818));
#2528=VECTOR('',#2529,1.);
#2529=DIRECTION('',(1.,0.,3.70990367139595E-17));
#2530=CARTESIAN_POINT('',(-69.1207075271923,11.7669872975923,0.0642336110617784));
#2531=CARTESIAN_POINT('',(-69.1207075271923,11.7669872975923,0.0642336110617804));
#2532=VECTOR('',#2533,1.);
#2533=DIRECTION('',(-1.,1.39818411062598E-16,-7.46426413224806E-17));
#2534=CARTESIAN_POINT('',(-66.9207075271923,13.9669872975923,0.064233611061777));
#2535=AXIS2_PLACEMENT_3D('',#2536,#2537,#2538);
#2536=CARTESIAN_POINT('',(-69.1207075271923,13.9669872975923,0.0642336110617806));
#2537=DIRECTION('',(-7.45429962789755E-17,-6.1137281423615E-17,1.));
#2538=DIRECTION('',(-1.44879698870627E-34,-1.,-6.1137281423615E-17));
#2539=CARTESIAN_POINT('',(-66.9207075271923,17.1669872975923,0.0642336110617786));
#2540=CARTESIAN_POINT('',(-66.9207075271923,13.9669872975923,0.0642336110617806));
#2541=VECTOR('',#2542,1.);
#2542=DIRECTION('',(0.,1.,3.46944695195361E-17));
#2543=CARTESIAN_POINT('',(-69.1207075271923,19.3669872975923,0.0642336110617791));
#2544=AXIS2_PLACEMENT_3D('',#2545,#2546,#2547);
#2545=CARTESIAN_POINT('',(-69.1207075271923,17.1669872975923,0.0642336110617808));
#2546=DIRECTION('',(-7.45429962789755E-17,-6.1137281423615E-17,1.));
#2547=DIRECTION('',(1.,1.61486985400023E-15,7.45429962789756E-17));
#2548=CARTESIAN_POINT('',(-107.234933527192,19.3669872975923,0.0642336110617779));
#2549=VECTOR('',#2550,1.);
#2550=DIRECTION('',(1.,-9.32122740417319E-17,7.79196353317603E-17));
#2551=CARTESIAN_POINT('',(-58.9207075272004,2.97532063092563,0.0642336110617807));
#2552=AXIS2_PLACEMENT_3D('',#2553,#2554,#2555);
#2553=CARTESIAN_POINT('',(-58.9207075272004,4.90032063092563,0.0642336110617808));
#2554=DIRECTION('',(7.45429962789755E-17,6.1137281423615E-17,-1.));
#2555=DIRECTION('',(-6.12323399573677E-17,-1.,-6.1137281423615E-17));
#2556=CARTESIAN_POINT('',(-94.9207075272004,2.97532063092565,0.064233611061778));
#2557=AXIS2_PLACEMENT_3D('',#2558,#2559,#2560);
#2558=CARTESIAN_POINT('',(-94.9207075272004,4.90032063092565,0.0642336110617781));
#2559=DIRECTION('',(7.45429962789755E-17,6.1137281423615E-17,-1.));
#2560=DIRECTION('',(-6.12323399573677E-17,-1.,-6.1137281423615E-17));
#2561=CARTESIAN_POINT('',(-69.1207075271923,19.3669872975923,2.80000000001745));
#2562=CARTESIAN_POINT('',(-69.1207075271923,19.3669872975923,2.80000000001745));
#2563=VECTOR('',#2564,1.);
#2564=DIRECTION('',(0.,0.,-1.));
#2565=CARTESIAN_POINT('',(-69.1207075271923,19.3669872975923,2.80000000001745));
#2566=VECTOR('',#2567,1.);
#2567=DIRECTION('',(-1.,9.39542126323273E-17,4.69771063161636E-17));
#2568=CARTESIAN_POINT('',(-106.424605568472,19.3669872975923,2.80000000001745));
#2569=VECTOR('',#2570,1.);
#2570=DIRECTION('',(-1.,0.,0.));
#2571=CARTESIAN_POINT('',(-66.9207075271923,17.1669872975923,2.80000000001745));
#2572=AXIS2_PLACEMENT_3D('',#2573,#2574,#2575);
#2573=CARTESIAN_POINT('',(-69.1207075271923,17.1669872975923,2.80000000001745));
#2574=DIRECTION('',(-4.17826456349046E-17,2.3373116307898E-16,-1.));
#2575=DIRECTION('',(1.33171450374042E-33,1.,2.3373116307898E-16));
#2576=CARTESIAN_POINT('',(-66.9207075271923,13.9669872975923,2.80000000001745));
#2577=CARTESIAN_POINT('',(-66.9207075271923,13.9669872975923,2.80000000001745));
#2578=VECTOR('',#2579,1.);
#2579=DIRECTION('',(0.,1.,5.55111512312578E-16));
#2580=CARTESIAN_POINT('',(-69.1207075271923,11.7669872975923,2.80000000001745));
#2581=AXIS2_PLACEMENT_3D('',#2582,#2583,#2584);
#2582=CARTESIAN_POINT('',(-69.1207075271923,13.9669872975923,2.80000000001745));
#2583=DIRECTION('',(-4.17826456349046E-17,2.3373116307898E-16,-1.));
#2584=DIRECTION('',(1.,9.76590636076315E-33,-4.17826456349046E-17));
#2585=CARTESIAN_POINT('',(-69.1207075271923,11.7669872975923,2.80000000001745));
#2586=VECTOR('',#2587,1.);
#2587=DIRECTION('',(-1.,1.40931318948491E-16,4.69771063161636E-17));
#2588=CARTESIAN_POINT('',(-69.1207075271923,11.7669872975923,0.0642336110617769));
#2589=VECTOR('',#2590,1.);
#2590=DIRECTION('',(0.,-6.49308671446301E-16,1.));
#2591=CARTESIAN_POINT('',(-89.5457075271923,27.5669872975923,15.6892336110618));
#2592=AXIS2_PLACEMENT_3D('',#2593,#2594,#2595);
#2593=CARTESIAN_POINT('',(-76.9207075271923,27.5669872975923,15.6892336110618));
#2594=DIRECTION('',(0.,1.,6.12323399573677E-17));
#2595=DIRECTION('',(-1.,7.49879891330929E-33,-1.22464679914735E-16));
#2596=CARTESIAN_POINT('',(-72.0162414147298,28.5669872976002,1.91110466872322));
#2597=CARTESIAN_POINT('',(-71.6006069723837,29.5669872975923,3.14582278793976));
#2598=CARTESIAN_POINT('',(-71.6069202829212,29.5469507421315,3.12138083214816));
#2599=CARTESIAN_POINT('',(-71.6198162618248,29.5067577385511,3.07230908328334));
#2600=CARTESIAN_POINT('',(-71.639883259423,29.4464016802834,2.99849814238308));
#2601=CARTESIAN_POINT('',(-71.660792298001,29.3856661094624,2.9241025907162));
#2602=CARTESIAN_POINT('',(-71.6825504675271,29.3245870428948,2.84916740239269));
#2603=CARTESIAN_POINT('',(-71.7052244254428,29.2630360763768,2.77353590788729));
#2604=CARTESIAN_POINT('',(-71.7288047303141,29.201100712511,2.69731642951048));
#2605=CARTESIAN_POINT('',(-71.753331101572,29.1387363901501,2.62045521727594));
#2606=CARTESIAN_POINT('',(-71.7787342935604,29.0761681774055,2.54323148163788));
#2607=CARTESIAN_POINT('',(-71.8050565075636,29.0133313159985,2.46556780625777));
#2608=CARTESIAN_POINT('',(-71.8322984654259,28.95026446013,2.38751451094216));
#2609=CARTESIAN_POINT('',(-71.8605527717659,28.8868015838911,2.30886839049591));
#2610=CARTESIAN_POINT('',(-71.889779728604,28.8230812573955,2.22980354711432));
#2611=CARTESIAN_POINT('',(-71.9233784271689,28.7519471710594,2.14143258182277));
#2612=CARTESIAN_POINT('',(-71.9651303966722,28.6664727092684,2.03510245415881));
#2613=CARTESIAN_POINT('',(-71.9977303801486,28.6024926454195,1.95538157072191));
#2614=CARTESIAN_POINT('',(-72.0162414147373,28.5669872976041,1.91110466872057));
#2615=CARTESIAN_POINT('',(-84.5492553794952,22.3207886218488,3.21141799032444));
#2616=AXIS2_PLACEMENT_3D('',#2617,#2618,#2619);
#2617=CARTESIAN_POINT('',(-84.5492553794952,37.4844555428617,8.88178419700125E-15));
#2618=DIRECTION('',(1.,-1.72881444223869E-16,0.));
#2619=DIRECTION('',(-1.69130105615123E-16,-0.978301091678251,0.207188257440286));
#2620=CARTESIAN_POINT('',(-72.0162414147373,28.5669872976041,1.91110466872057));
#2621=CARTESIAN_POINT('',(-72.0623100860616,28.498725556696,1.89470605432795));
#2622=CARTESIAN_POINT('',(-72.1557023493088,28.3628293835255,1.86198315313552));
#2623=CARTESIAN_POINT('',(-72.2994343404708,28.1610864347534,1.81327205762424));
#2624=CARTESIAN_POINT('',(-72.4470250082137,27.9612051641937,1.76497383624592));
#2625=CARTESIAN_POINT('',(-72.5985044184648,27.7632243776649,1.71719763264772));
#2626=CARTESIAN_POINT('',(-72.7541237370771,27.5669081169618,1.6699890080705));
#2627=CARTESIAN_POINT('',(-72.9138994602355,27.3723443030005,1.62347490080423));
#2628=CARTESIAN_POINT('',(-73.0780916635566,27.1793395714366,1.57771932845244));
#2629=CARTESIAN_POINT('',(-73.2465155072299,26.9882347508106,1.53291720034206));
#2630=CARTESIAN_POINT('',(-73.419622163333,26.7986428570625,1.48909641461041));
#2631=CARTESIAN_POINT('',(-73.5975965928158,26.6105243251128,1.44637454200923));
#2632=CARTESIAN_POINT('',(-73.781302207828,26.4231855150845,1.40473450936166));
#2633=CARTESIAN_POINT('',(-73.9705350989759,26.2370856419652,1.36443176300637));
#2634=CARTESIAN_POINT('',(-74.1659693203659,26.0518161044107,1.32554231495098));
#2635=CARTESIAN_POINT('',(-74.3674308188455,25.8678161909396,1.28833660643381));
#2636=CARTESIAN_POINT('',(-74.57558250539,25.6847811038714,1.25294987798968));
#2637=CARTESIAN_POINT('',(-74.7895670040967,25.5037435927613,1.21978615876714));
#2638=CARTESIAN_POINT('',(-75.0089332478843,25.3252922311922,1.18915067952534));
#2639=CARTESIAN_POINT('',(-75.2325689744145,25.150449612139,1.16139723992432));
#2640=CARTESIAN_POINT('',(-75.4597968807811,24.9797937653358,1.13677693326845));
#2641=CARTESIAN_POINT('',(-75.6898447233009,24.8138855974912,1.11550537777158));
#2642=CARTESIAN_POINT('',(-75.9211939988859,24.6537258548922,1.09781108845592));
#2643=CARTESIAN_POINT('',(-76.1529371608597,24.4997457042743,1.0837879563094));
#2644=CARTESIAN_POINT('',(-76.3834273239576,24.3527620032984,1.0735020702216));
#2645=CARTESIAN_POINT('',(-76.6131302620711,24.2121744941343,1.06687105086355));
#2646=CARTESIAN_POINT('',(-76.7921668297492,24.1070208605698,1.06450632410967));
#2647=CARTESIAN_POINT('',(-76.9435035255414,24.0205814212243,1.06410442994605));
#2648=CARTESIAN_POINT('',(-77.0913928133937,23.9378234757146,1.06484114639673));
#2649=CARTESIAN_POINT('',(-77.2850925913999,23.8330436884992,1.06823338996851));
#2650=CARTESIAN_POINT('',(-77.5010729717639,23.7208755700881,1.07523325652268));
#2651=CARTESIAN_POINT('',(-77.7121816101798,23.6156052671028,1.08516330833241));
#2652=CARTESIAN_POINT('',(-77.9196263872889,23.5162865455063,1.09790624431339));
#2653=CARTESIAN_POINT('',(-78.12257049436,23.4229922757646,1.1132350093186));
#2654=CARTESIAN_POINT('',(-78.3231485909349,23.33447798405,1.13117277858785));
#2655=CARTESIAN_POINT('',(-78.5215175923343,23.250498328918,1.15165285431699));
#2656=CARTESIAN_POINT('',(-78.7184112977462,23.1706050192904,1.17469463137886));
#2657=CARTESIAN_POINT('',(-78.9125912889691,23.0951446051706,1.20007671822811));
#2658=CARTESIAN_POINT('',(-79.1046468979031,23.0237232250482,1.22778716631042));
#2659=CARTESIAN_POINT('',(-79.3144899374174,22.9491240207752,1.26089460998075));
#2660=CARTESIAN_POINT('',(-79.5428676899887,22.8721972699211,1.30048781151456));
#2661=CARTESIAN_POINT('',(-79.7895801672457,22.7942488006936,1.34764561639857));
#2662=CARTESIAN_POINT('',(-80.0147076404603,22.7277586993754,1.39469153253392));
#2663=CARTESIAN_POINT('',(-80.2188194169178,22.6711240274342,1.44055219921098));
#2664=CARTESIAN_POINT('',(-80.4027712682301,22.6228942850549,1.48438075981089));
#2665=CARTESIAN_POINT('',(-80.5873057726183,22.5773378683982,1.53088480036543));
#2666=CARTESIAN_POINT('',(-80.773057806813,22.5343369743696,1.58028416379722));
#2667=CARTESIAN_POINT('',(-80.9602664726478,22.4939034608966,1.63272732671735));
#2668=CARTESIAN_POINT('',(-81.149594769574,22.455987283329,1.68850851870394));
#2669=CARTESIAN_POINT('',(-81.3405279707866,22.4207948922546,1.74759384677901));
#2670=CARTESIAN_POINT('',(-81.5559939370926,22.3845653009099,1.81753480019941));
#2671=CARTESIAN_POINT('',(-81.7960940147042,22.3488275027212,1.89984180204646));
#2672=CARTESIAN_POINT('',(-82.0612679292626,22.3153612959453,1.99645173402481));
#2673=CARTESIAN_POINT('',(-82.3067437880447,22.290076417422,2.09133694842633));
#2674=CARTESIAN_POINT('',(-82.53196402355,22.2715729815021,2.18291220894508));
#2675=CARTESIAN_POINT('',(-82.7595536369956,22.2570518305833,2.27948520679849));
#2676=CARTESIAN_POINT('',(-83.0099099063134,22.2465616269198,2.39102929732836));
#2677=CARTESIAN_POINT('',(-83.2025898059519,22.24341396932,2.48165770048686));
#2678=CARTESIAN_POINT('',(-83.3830949373346,22.2431101817645,2.56912927476465));
#2679=CARTESIAN_POINT('',(-83.5410318890889,22.2449235659873,2.64768442739488));
#2680=CARTESIAN_POINT('',(-83.7536683047153,22.2519837491011,2.75793102184424));
#2681=CARTESIAN_POINT('',(-83.9546766469129,22.2627902594526,2.86615607516119));
#2682=CARTESIAN_POINT('',(-84.1544570594905,22.2777282503343,2.97778192666221));
#2683=CARTESIAN_POINT('',(-84.3529164841843,22.2968347577525,3.09278761115269));
#2684=CARTESIAN_POINT('',(-84.4839937818786,22.3123384604505,3.17151861131509));
#2685=CARTESIAN_POINT('',(-84.5492553794952,22.3207886218271,3.21141799032427));
#2686=CARTESIAN_POINT('',(-91.2323252781243,28.5669872976532,12.6778846855455));
#2687=AXIS2_PLACEMENT_3D('',#2688,#2689,#2690);
#2688=CARTESIAN_POINT('',(-76.9207075271923,28.5669872975923,15.6892336110618));
#2689=DIRECTION('',(1.3684555315672E-48,1.,6.12323399573677E-17));
#2690=DIRECTION('',(0.335348110254862,5.7686637632369E-17,-0.942094286655265));
#2691=CARTESIAN_POINT('',(-84.54925537945,22.320788621014,3.21141799029668));
#2692=CARTESIAN_POINT('',(-84.6347278507551,22.331855467607,3.26367194725084));
#2693=CARTESIAN_POINT('',(-84.8327683349387,22.3587513493694,3.38756374018212));
#2694=CARTESIAN_POINT('',(-85.1386741575724,22.4051730597612,3.58928367545287));
#2695=CARTESIAN_POINT('',(-85.465228952168,22.4613170195582,3.81765048124662));
#2696=CARTESIAN_POINT('',(-85.7573013536377,22.5180583918696,4.03396035467893));
#2697=CARTESIAN_POINT('',(-86.0165562851853,22.5740054783021,4.2356292530891));
#2698=CARTESIAN_POINT('',(-86.2445106708141,22.627726972627,4.42043389881334));
#2699=CARTESIAN_POINT('',(-86.4674668211148,22.6850277257051,4.60870030605061));
#2700=CARTESIAN_POINT('',(-86.6853553561138,22.7460206727895,4.80023953295812));
#2701=CARTESIAN_POINT('',(-86.898308966506,22.8108783539942,4.99504394281669));
#2702=CARTESIAN_POINT('',(-87.1062521856084,22.8797124291327,5.19291866031663));
#2703=CARTESIAN_POINT('',(-87.3093751933959,22.952728621988,5.39392858544346));
#2704=CARTESIAN_POINT('',(-87.5077899607133,23.0301259880733,5.59808718734481));
#2705=CARTESIAN_POINT('',(-87.7015523886793,23.1121008945468,5.80537023196493));
#2706=CARTESIAN_POINT('',(-87.8907237238224,23.1988625177493,6.01576643952302));
#2707=CARTESIAN_POINT('',(-88.0751693561285,23.2905400112111,6.22905220177852));
#2708=CARTESIAN_POINT('',(-88.2550072247455,23.3873870157807,6.44528732365942));
#2709=CARTESIAN_POINT('',(-88.4301733802061,23.4895757891728,6.6643242406395));
#2710=CARTESIAN_POINT('',(-88.6008324746375,23.5974331588391,6.88631449893922));
#2711=CARTESIAN_POINT('',(-88.7666964309766,23.7110152397182,7.11082661584077));
#2712=CARTESIAN_POINT('',(-88.9277621234044,23.8305384636207,7.33776936678807));
#2713=CARTESIAN_POINT('',(-89.0837585828983,23.9560086802471,7.56665433380657));
#2714=CARTESIAN_POINT('',(-89.2346742656467,24.0876125235394,7.79733797420245));
#2715=CARTESIAN_POINT('',(-89.3801785314416,24.2252157193422,8.02914297538114));
#2716=CARTESIAN_POINT('',(-89.5200871697547,24.3687390907043,8.26154639353995));
#2717=CARTESIAN_POINT('',(-89.6541850779017,24.5179834241999,8.49389644584054));
#2718=CARTESIAN_POINT('',(-89.7823657782553,24.6727788308221,8.72565454588004));
#2719=CARTESIAN_POINT('',(-89.9046007151209,24.8329729397209,8.95636466734394));
#2720=CARTESIAN_POINT('',(-90.0207432982412,24.9981783553013,9.18529098125189));
#2721=CARTESIAN_POINT('',(-90.1308370211616,25.1681522227842,9.41198564998185));
#2722=CARTESIAN_POINT('',(-90.2348404513121,25.342432792265,9.63577409406983));
#2723=CARTESIAN_POINT('',(-90.333057603895,25.5210725499354,9.85669173374802));
#2724=CARTESIAN_POINT('',(-90.4253498118986,25.7032926339833,10.0737750673489));
#2725=CARTESIAN_POINT('',(-90.5118321588883,25.8886274538298,10.2865487494166));
#2726=CARTESIAN_POINT('',(-90.5923008632228,26.0757315260622,10.4936508684241));
#2727=CARTESIAN_POINT('',(-90.6672556134121,26.2647109955385,10.6954421717118));
#2728=CARTESIAN_POINT('',(-90.7367200645137,26.4545413498115,10.8910749180496));
#2729=CARTESIAN_POINT('',(-90.8011497945437,26.6452908417012,11.0808932497076));
#2730=CARTESIAN_POINT('',(-90.8605570601615,26.835689241216,11.2639539279372));
#2731=CARTESIAN_POINT('',(-90.9156100956955,27.0265663599725,11.441364390262));
#2732=CARTESIAN_POINT('',(-90.9664690492825,27.2172682534771,11.6127750296212));
#2733=CARTESIAN_POINT('',(-91.0135079244364,27.4079701328584,11.7785952003196));
#2734=CARTESIAN_POINT('',(-91.056787596311,27.5975643450315,11.9381522042802));
#2735=CARTESIAN_POINT('',(-91.096851425377,27.7871067338451,12.0926035823164));
#2736=CARTESIAN_POINT('',(-91.1341133664164,27.9775092247596,12.2428567767212));
#2737=CARTESIAN_POINT('',(-91.1690476213249,28.1704871876521,12.3903062544654));
#2738=CARTESIAN_POINT('',(-91.2018781501572,28.3668147397581,12.5354958253207));
#2739=CARTESIAN_POINT('',(-91.2223810326592,28.499797039345,12.6306243019171));
#2740=CARTESIAN_POINT('',(-91.2323252781199,28.5669872976837,12.6778846855246));
#2741=CARTESIAN_POINT('',(-90.3390701863571,29.5669872975923,13.3253028702972));
#2742=CARTESIAN_POINT('',(-90.3534437118131,29.5512047734674,13.3159253955722));
#2743=CARTESIAN_POINT('',(-90.3821143924143,29.5196977866999,13.2971291783608));
#2744=CARTESIAN_POINT('',(-90.4249432001785,29.4725538959172,13.2687768549506));
#2745=CARTESIAN_POINT('',(-90.4674833711134,29.4256490198145,13.2403412844617));
#2746=CARTESIAN_POINT('',(-90.5097250237745,29.3789942137707,13.2118313884772));
#2747=CARTESIAN_POINT('',(-90.55153845532,29.3327331945416,13.1833380321023));
#2748=CARTESIAN_POINT('',(-90.5929033018405,29.2868894678311,13.1548801363925));
#2749=CARTESIAN_POINT('',(-90.6381192957527,29.2366907208297,13.1234774091791));
#2750=CARTESIAN_POINT('',(-90.6883869012405,29.1807706234603,13.0881842755169));
#2751=CARTESIAN_POINT('',(-90.7448324177514,29.1178263006812,13.048045217899));
#2752=CARTESIAN_POINT('',(-90.8076133970603,29.0476344156919,13.0027934196618));
#2753=CARTESIAN_POINT('',(-90.8827498258509,28.9633725551107,12.9477916452928));
#2754=CARTESIAN_POINT('',(-90.9683910311175,28.8669497660402,12.8838587539677));
#2755=CARTESIAN_POINT('',(-91.0518603825997,28.7725409513746,12.8201578119763));
#2756=CARTESIAN_POINT('',(-91.1172790750565,28.6982470536217,12.769273601243));
#2757=CARTESIAN_POINT('',(-91.1642087621273,28.6448003517,12.7322972227849));
#2758=CARTESIAN_POINT('',(-91.1995889506055,28.6044250940388,12.7041640162759));
#2759=CARTESIAN_POINT('',(-91.221846435304,28.5789782565531,12.6863189760929));
#2760=CARTESIAN_POINT('',(-91.2323252781199,28.5669872976837,12.6778846855246));
#2761=CARTESIAN_POINT('',(-94.6492553794952,29.4807604687417,13.2736907136074));
#2762=CARTESIAN_POINT('',(-94.6245495567576,29.4950895846596,13.2823308562093));
#2763=CARTESIAN_POINT('',(-94.5751404571249,29.5237918678988,13.2995742574868));
#2764=CARTESIAN_POINT('',(-94.5257504856474,29.5525741258712,13.3167389718418));
#2765=CARTESIAN_POINT('',(-94.5010567769038,29.5669872975923,13.3253028702972));
#2766=CARTESIAN_POINT('',(-80.9207075272004,27.5669872975923,15.6892336110618));
#2767=AXIS2_PLACEMENT_3D('',#2768,#2769,#2770);
#2768=CARTESIAN_POINT('',(-76.9207075272004,27.5669872975923,15.6892336110618));
#2769=DIRECTION('',(0.,1.,6.12323399573677E-17));
#2770=DIRECTION('',(-1.,7.49879891330929E-33,-1.22464679914735E-16));
#2771=CARTESIAN_POINT('',(-87.0207075272004,27.5669872975923,15.6892336110618));
#2772=AXIS2_PLACEMENT_3D('',#2773,#2774,#2775);
#2773=CARTESIAN_POINT('',(-85.4207075272004,27.5669872975923,15.6892336110618));
#2774=DIRECTION('',(0.,1.,6.12323399573677E-17));
#2775=DIRECTION('',(-1.,7.49879891330929E-33,-1.22464679914735E-16));
#2776=CARTESIAN_POINT('',(-70.0207075272004,27.5669872975923,15.6892336110618));
#2777=AXIS2_PLACEMENT_3D('',#2778,#2779,#2780);
#2778=CARTESIAN_POINT('',(-68.4207075272004,27.5669872975923,15.6892336110618));
#2779=DIRECTION('',(0.,1.,6.12323399573677E-17));
#2780=DIRECTION('',(-1.,7.49879891330929E-33,-1.22464679914735E-16));
#2781=CARTESIAN_POINT('',(-66.9207075271923,13.9669872975923,0.0642336110617725));
#2782=VECTOR('',#2783,1.);
#2783=DIRECTION('',(0.,0.,1.));
#2784=CARTESIAN_POINT('',(-66.9207075271923,17.1669872975923,2.80000000001745));
#2785=VECTOR('',#2786,1.);
#2786=DIRECTION('',(0.,0.,-1.));
#2787=CARTESIAN_POINT('',(-58.9207075272004,2.97532063092563,6.56423361106178));
#2788=AXIS2_PLACEMENT_3D('',#2789,#2790,#2791);
#2789=CARTESIAN_POINT('',(-58.9207075272004,4.90032063092563,6.56423361106178));
#2790=DIRECTION('',(7.45429962789755E-17,6.1137281423615E-17,-1.));
#2791=DIRECTION('',(-6.12323399573677E-17,-1.,-6.1137281423615E-17));
#2792=CARTESIAN_POINT('',(-94.9207075272004,2.97532063092565,6.56423361106178));
#2793=AXIS2_PLACEMENT_3D('',#2794,#2795,#2796);
#2794=CARTESIAN_POINT('',(-94.9207075272004,4.90032063092565,6.56423361106178));
#2795=DIRECTION('',(7.45429962789755E-17,6.1137281423615E-17,-1.));
#2796=DIRECTION('',(-6.12323399573677E-17,-1.,-6.1137281423615E-17));
#2797=CARTESIAN_POINT('',(-90.2195511635112,28.5669872975923,21.7745752561239));
#2798=CARTESIAN_POINT('',(-90.0710788003733,28.7328048096083,21.7005333294702));
#2799=CARTESIAN_POINT('',(-89.8230726007794,29.009733281527,21.5769642099518));
#2800=CARTESIAN_POINT('',(-89.5244577667405,29.3430657932738,21.4284088391485));
#2801=CARTESIAN_POINT('',(-89.3743593235785,29.5105817758825,21.3538093003667));
#2802=CARTESIAN_POINT('',(-89.3238151631486,29.5669872975926,21.3286968808144));
#2803=CARTESIAN_POINT('',(-63.6218638908239,28.5669872975923,21.774575255991));
#2804=CARTESIAN_POINT('',(-63.7703362539137,28.7328048096108,21.7005333292425));
#2805=CARTESIAN_POINT('',(-64.0183424534811,29.0097332815311,21.5769642096725));
#2806=CARTESIAN_POINT('',(-64.3169572875269,29.3430657932768,21.4284088388844));
#2807=CARTESIAN_POINT('',(-64.4670557306892,29.5105817758837,21.3538093001062));
#2808=CARTESIAN_POINT('',(-64.5175998911175,29.5669872975924,21.3286968805534));
#2809=CARTESIAN_POINT('',(-48.5214118402406,28.5669872975923,3.66608960926063));
#2810=VECTOR('',#2811,1.);
#2811=DIRECTION('',(-0.44281990337431,0.707106781186553,-0.551280811543045));
#2812=CARTESIAN_POINT('',(-45.3902022750371,29.5669872975923,1.56423361106179));
#2813=VECTOR('',#2814,1.);
#2814=DIRECTION('',(0.,-0.707106781186543,0.707106781186552));
#2815=CARTESIAN_POINT('',(-108.451212779362,-6.43301270240767,2.56423361106173));
#2816=VECTOR('',#2817,1.);
#2817=DIRECTION('',(0.,-0.707106781186548,-0.707106781186547));
#2818=CARTESIAN_POINT('',(-104.693761301116,-7.43301270240767,2.88646080890164));
#2819=VECTOR('',#2820,1.);
#2820=DIRECTION('',(-0.442819903374497,0.70710678118655,0.5512808115429));
#2821=CARTESIAN_POINT('',(-90.2195511635112,-6.43301270240767,21.7745752561239));
#2822=CARTESIAN_POINT('',(-90.0710788003734,-6.59883021442374,21.7005333294699));
#2823=CARTESIAN_POINT('',(-89.8230726007794,-6.87575868634237,21.5769642099519));
#2824=CARTESIAN_POINT('',(-89.5244577667402,-7.20909119808913,21.4284088391492));
#2825=CARTESIAN_POINT('',(-89.3743593235781,-7.37660718069783,21.3538093003675));
#2826=CARTESIAN_POINT('',(-89.3238151631482,-7.43301270240793,21.3286968808152));
#2827=CARTESIAN_POINT('',(-63.6218638908239,-6.43301270240767,21.774575255991));
#2828=CARTESIAN_POINT('',(-63.7703362539136,-6.59883021442625,21.700533329242));
#2829=CARTESIAN_POINT('',(-64.0183424534808,-6.87575868634643,21.5769642096718));
#2830=CARTESIAN_POINT('',(-64.3169572875264,-7.20909119809208,21.4284088388837));
#2831=CARTESIAN_POINT('',(-64.4670557306887,-7.37660718069899,21.3538093001052));
#2832=CARTESIAN_POINT('',(-64.517599891117,-7.43301270240773,21.3286968805523));
#2833=CARTESIAN_POINT('',(-48.5214118402406,-6.43301270240767,3.66608960926063));
#2834=VECTOR('',#2835,1.);
#2835=DIRECTION('',(-0.442819903374316,-0.707106781186549,-0.551280811543046));
#2836=CARTESIAN_POINT('',(-45.3902022750371,-7.43301270240767,1.56423361106178));
#2837=VECTOR('',#2838,1.);
#2838=DIRECTION('',(0.,0.707106781186548,0.707106781186547));
ENDSEC;
END-ISO-10303-21;
