ISO-10303-21;
HEADER;
FILE_DESCRIPTION(('STEP AP203'),
    '1');
FILE_NAME('Крепление Sharp',
    '',
    ('UNSPECIFIED'),
    ('UNSPECIFIED'),
    'C3D Converter',
    'C3D Toolkit',
    '');
FILE_SCHEMA(('CONFIG_CONTROL_DESIGN'));
ENDSEC;

DATA;
#1=PRODUCT_DEFINITION('','UNSPECIFIED',#28,#31);
#2=SHAPE_DEFINITION_REPRESENTATION(#26,#3);
#3=SHAPE_REPRESENTATION('NONE',(#4),#8);
#4=AXIS2_PLACEMENT_3D('',#5,#6,#7);
#5=CARTESIAN_POINT('',(0.,0.,0.));
#6=DIRECTION('',(0.,0.,1.));
#7=DIRECTION('',(1.,0.,0.));
#8=(GEOMETRIC_REPRESENTATION_CONTEXT(3)GLOBAL_UNCERTAINTY_ASSIGNED_CONTEXT((#10))
GLOBAL_UNIT_ASSIGNED_CONTEXT((#9,#11,#12))REPRESENTATION_CONTEXT('NONE','NONE'));
#9=(LENGTH_UNIT()NAMED_UNIT(*)SI_UNIT(.MILLI.,.METRE.));
#10=UNCERTAINTY_MEASURE_WITH_UNIT(LENGTH_MEASURE(1.E-5),#9,'NONE','NONE');
#11=(NAMED_UNIT(*)PLANE_ANGLE_UNIT()SI_UNIT($,.RADIAN.));
#12=(NAMED_UNIT(*)SI_UNIT($,.STERADIAN.)SOLID_ANGLE_UNIT());
#13=MANIFOLD_SOLID_BREP('',#14);
#14=CLOSED_SHELL('',(#53,#54,#55,#56,#57,#58,#59,#60,#61,#62,#63,#64,#65,#66,#67,
#68,#69,#70,#71,#72,#73,#74,#75,#76,#77,#78,#79,#80,#81,#82,#83,#84,#85,#86,#87,
#88,#89,#90,#91,#92,#93,#94,#95,#96,#97,#98,#99,#100,#101,#102,#103,#104,#105,#106,
#107,#108,#109,#110,#111,#112,#113,#114,#115,#116,#117,#118,#119,#120,#121,#122,
#123));
#15=COLOUR_RGB('',0.564705882352941,0.564705882352941,0.564705882352941);
#16=FILL_AREA_STYLE_COLOUR('',#15);
#17=FILL_AREA_STYLE($,(#16));
#18=SURFACE_STYLE_FILL_AREA(#17);
#19=SURFACE_SIDE_STYLE('',(#18));
#20=SURFACE_STYLE_USAGE(.BOTH.,#19);
#21=PRESENTATION_STYLE_ASSIGNMENT((#20));
#22=MECHANICAL_DESIGN_GEOMETRIC_PRESENTATION_REPRESENTATION('NONE',(#23),#8);
#23=STYLED_ITEM('',(#21),#13);
#24=ADVANCED_BREP_SHAPE_REPRESENTATION('NONE',(#13),#8);
#25=SHAPE_REPRESENTATION_RELATIONSHIP('','',#3,#24);
#26=PRODUCT_DEFINITION_SHAPE('NONE','NONE',#1);
#27=MECHANICAL_CONTEXT('NONE',#32,'mechanical');
#28=PRODUCT_DEFINITION_FORMATION_WITH_SPECIFIED_SOURCE('ANY','UNSPECIFIED',#29,.NOT_KNOWN.);
#29=PRODUCT('','\X2\041A04400435043F043B0435043D04380435\X0\ Sharp','NONE',(#27));
#30=PRODUCT_RELATED_PRODUCT_CATEGORY('detail','',(#29));
#31=DESIGN_CONTEXT('detailed design',#32,'design');
#32=APPLICATION_CONTEXT('configuration controlled 3d designs of mechanical parts and assemblies');
#33=APPLICATION_PROTOCOL_DEFINITION('international standard','config_control_design',
1994,#32);
#34=CC_DESIGN_DATE_AND_TIME_ASSIGNMENT(#35,#39,(#1));
#35=DATE_AND_TIME(#36,#37);
#36=CALENDAR_DATE(0,1,1);
#37=LOCAL_TIME(0,0,0.,#38);
#38=COORDINATED_UNIVERSAL_TIME_OFFSET(0,0,.AHEAD.);
#39=DATE_TIME_ROLE('creation_date');
#40=CC_DESIGN_APPROVAL(#41,(#1));
#41=APPROVAL(#42,'UNSPECIFIED');
#42=APPROVAL_STATUS('not_yet_approved');
#43=APPROVAL_DATE_TIME(#44,#41);
#44=DATE_AND_TIME(#45,#46);
#45=CALENDAR_DATE(0,1,1);
#46=LOCAL_TIME(0,0,0.,#47);
#47=COORDINATED_UNIVERSAL_TIME_OFFSET(0,0,.AHEAD.);
#48=PERSON('UNSPECIFIED','User','UNSPECIFIED',('UNSPECIFIED'),('UNSPECIFIED'),('UNSPECIFIED'));
#49=ORGANIZATION('UNSPECIFIED','UNSPECIFIED','UNSPECIFIED');
#50=PERSON_AND_ORGANIZATION(#48,#49);
#51=PERSON_AND_ORGANIZATION_ROLE('creator');
#52=CC_DESIGN_PERSON_AND_ORGANIZATION_ASSIGNMENT(#50,#51,(#28,#1));
#53=ADVANCED_FACE('',(#124,#126),#128,.F.);
#54=ADVANCED_FACE('',(#133,#135),#137,.T.);
#55=ADVANCED_FACE('',(#142),#144,.T.);
#56=ADVANCED_FACE('',(#149,#151,#153,#155,#157),#159,.F.);
#57=ADVANCED_FACE('',(#164),#166,.F.);
#58=ADVANCED_FACE('',(#171),#173,.F.);
#59=ADVANCED_FACE('',(#178),#180,.F.);
#60=ADVANCED_FACE('',(#185),#187,.F.);
#61=ADVANCED_FACE('',(#192),#194,.T.);
#62=ADVANCED_FACE('',(#199),#201,.T.);
#63=ADVANCED_FACE('',(#206),#208,.F.);
#64=ADVANCED_FACE('',(#213),#215,.T.);
#65=ADVANCED_FACE('',(#220),#222,.F.);
#66=ADVANCED_FACE('',(#227),#229,.T.);
#67=ADVANCED_FACE('',(#234),#236,.T.);
#68=ADVANCED_FACE('',(#241),#243,.T.);
#69=ADVANCED_FACE('',(#248),#250,.T.);
#70=ADVANCED_FACE('',(#255,#257,#259),#261,.F.);
#71=ADVANCED_FACE('',(#266),#268,.T.);
#72=ADVANCED_FACE('',(#273),#275,.T.);
#73=ADVANCED_FACE('',(#280),#282,.T.);
#74=ADVANCED_FACE('',(#287),#289,.T.);
#75=ADVANCED_FACE('',(#294),#296,.F.);
#76=ADVANCED_FACE('',(#301),#303,.T.);
#77=ADVANCED_FACE('',(#308),#310,.F.);
#78=ADVANCED_FACE('',(#315),#317,.T.);
#79=ADVANCED_FACE('',(#322),#324,.T.);
#80=ADVANCED_FACE('',(#329),#331,.T.);
#81=ADVANCED_FACE('',(#336),#338,.F.);
#82=ADVANCED_FACE('',(#343),#345,.F.);
#83=ADVANCED_FACE('',(#350),#352,.F.);
#84=ADVANCED_FACE('',(#357),#359,.F.);
#85=ADVANCED_FACE('',(#364),#366,.F.);
#86=ADVANCED_FACE('',(#371),#373,.F.);
#87=ADVANCED_FACE('',(#378),#380,.F.);
#88=ADVANCED_FACE('',(#385),#387,.F.);
#89=ADVANCED_FACE('',(#392),#394,.F.);
#90=ADVANCED_FACE('',(#399),#401,.F.);
#91=ADVANCED_FACE('',(#406),#408,.F.);
#92=ADVANCED_FACE('',(#413),#415,.F.);
#93=ADVANCED_FACE('',(#420),#422,.F.);
#94=ADVANCED_FACE('',(#427,#429),#431,.F.);
#95=ADVANCED_FACE('',(#436),#438,.F.);
#96=ADVANCED_FACE('',(#443,#445),#447,.T.);
#97=ADVANCED_FACE('',(#452,#454),#456,.F.);
#98=ADVANCED_FACE('',(#461,#463,#465),#467,.T.);
#99=ADVANCED_FACE('',(#472),#474,.T.);
#100=ADVANCED_FACE('',(#479),#481,.T.);
#101=ADVANCED_FACE('',(#486),#488,.T.);
#102=ADVANCED_FACE('',(#501),#503,.T.);
#103=ADVANCED_FACE('',(#508),#510,.T.);
#104=ADVANCED_FACE('',(#515),#517,.F.);
#105=ADVANCED_FACE('',(#522),#524,.T.);
#106=ADVANCED_FACE('',(#529,#531),#533,.F.);
#107=ADVANCED_FACE('',(#538,#540),#542,.F.);
#108=ADVANCED_FACE('',(#547),#549,.F.);
#109=ADVANCED_FACE('',(#554),#556,.F.);
#110=ADVANCED_FACE('',(#569),#571,.T.);
#111=ADVANCED_FACE('',(#576),#578,.T.);
#112=ADVANCED_FACE('',(#583),#585,.T.);
#113=ADVANCED_FACE('',(#590),#592,.T.);
#114=ADVANCED_FACE('',(#597,#599),#601,.F.);
#115=ADVANCED_FACE('',(#606,#608),#610,.F.);
#116=ADVANCED_FACE('',(#615),#617,.F.);
#117=ADVANCED_FACE('',(#622),#624,.F.);
#118=ADVANCED_FACE('',(#629,#631),#633,.F.);
#119=ADVANCED_FACE('',(#638),#640,.F.);
#120=ADVANCED_FACE('',(#677),#679,.F.);
#121=ADVANCED_FACE('',(#722,#724),#726,.F.);
#122=ADVANCED_FACE('',(#731,#733),#735,.F.);
#123=ADVANCED_FACE('',(#740),#742,.T.);
#124=FACE_OUTER_BOUND('',#125,.T.);
#125=EDGE_LOOP('',(#747));
#126=FACE_OUTER_BOUND('',#127,.T.);
#127=EDGE_LOOP('',(#748));
#128=CYLINDRICAL_SURFACE('',#129,1.6);
#129=AXIS2_PLACEMENT_3D('',#130,#131,#132);
#130=CARTESIAN_POINT('',(7.25,3.26845831518296,3.14148500082854E-15));
#131=DIRECTION('',(-2.495472236246E-16,3.92877344745694E-17,1.));
#132=DIRECTION('',(1.,6.12323399573677E-17,2.495472236246E-16));
#133=FACE_BOUND('',#134,.T.);
#134=EDGE_LOOP('',(#749,#750,#751,#752,#753));
#135=FACE_BOUND('',#136,.T.);
#136=EDGE_LOOP('',(#754));
#137=PLANE('',#138);
#138=AXIS2_PLACEMENT_3D('',#139,#140,#141);
#139=CARTESIAN_POINT('',(-1.54719278647252E-15,2.43583953742331E-16,6.2));
#140=DIRECTION('',(2.495472236246E-16,-3.92877344745694E-17,-1.));
#141=DIRECTION('',(-6.12323399573677E-17,1.,-3.92877344745694E-17));
#142=FACE_BOUND('',#143,.T.);
#143=EDGE_LOOP('',(#755));
#144=PLANE('',#145);
#145=AXIS2_PLACEMENT_3D('',#146,#147,#148);
#146=CARTESIAN_POINT('',(16.35,-73.9241111595121,17.0070167452298));
#147=DIRECTION('',(1.0864567825078E-16,6.44853644506386E-17,-1.));
#148=DIRECTION('',(-1.,0.,-1.0864567825078E-16));
#149=FACE_BOUND('',#150,.T.);
#150=EDGE_LOOP('',(#756,#757,#758,#759,#760,#761,#762,#763,#764,#765,#766,#767,#768,
#769,#770,#771,#772,#773,#774,#775,#776,#777,#778,#779,#780,#781));
#151=FACE_BOUND('',#152,.T.);
#152=EDGE_LOOP('',(#782,#783,#784,#785,#786,#787));
#153=FACE_BOUND('',#154,.T.);
#154=EDGE_LOOP('',(#788,#789,#790,#791,#792,#793));
#155=FACE_BOUND('',#156,.T.);
#156=EDGE_LOOP('',(#794,#795,#796,#797));
#157=FACE_BOUND('',#158,.T.);
#158=EDGE_LOOP('',(#798,#799,#800,#801));
#159=CYLINDRICAL_SURFACE('',#160,70.7451389493906);
#160=AXIS2_PLACEMENT_3D('',#161,#162,#163);
#161=CARTESIAN_POINT('',(5.01010727232471E-16,-72.9241111595121,4.32570106800719E-15));
#162=DIRECTION('',(2.495472236246E-16,-3.92877344745694E-17,-1.));
#163=DIRECTION('',(-0.190712284740275,0.98164597714713,-8.61583676662255E-17));
#164=FACE_BOUND('',#165,.T.);
#165=EDGE_LOOP('',(#802,#803,#804,#805));
#166=PLANE('',#167);
#167=AXIS2_PLACEMENT_3D('',#168,#169,#170);
#168=CARTESIAN_POINT('',(4.35,-2.91088251685768,6.2));
#169=DIRECTION('',(-1.,0.,-2.77555756156289E-16));
#170=DIRECTION('',(0.,1.,0.));
#171=FACE_BOUND('',#172,.T.);
#172=EDGE_LOOP('',(#806,#807,#808,#809));
#173=PLANE('',#174);
#174=AXIS2_PLACEMENT_3D('',#175,#176,#177);
#175=CARTESIAN_POINT('',(4.35,4.94277409583287,6.2));
#176=DIRECTION('',(-0.5,0.866025403784439,-1.38777878078145E-16));
#177=DIRECTION('',(0.866025403784439,0.5,2.6523623260463E-16));
#178=FACE_BOUND('',#179,.T.);
#179=EDGE_LOOP('',(#810,#811,#812,#813));
#180=PLANE('',#181);
#181=AXIS2_PLACEMENT_3D('',#182,#183,#184);
#182=CARTESIAN_POINT('',(7.25,6.61708987648279,6.2));
#183=DIRECTION('',(0.5,0.866025403784439,1.38777878078145E-16));
#184=DIRECTION('',(0.866025403784439,-0.5,2.6523623260463E-16));
#185=FACE_BOUND('',#186,.T.);
#186=EDGE_LOOP('',(#814,#815,#816,#817));
#187=PLANE('',#188);
#188=AXIS2_PLACEMENT_3D('',#189,#190,#191);
#189=CARTESIAN_POINT('',(10.15,4.94277409583287,6.2));
#190=DIRECTION('',(1.,0.,0.));
#191=DIRECTION('',(0.,-1.,0.));
#192=FACE_BOUND('',#193,.T.);
#193=EDGE_LOOP('',(#818,#819,#820,#821));
#194=CYLINDRICAL_SURFACE('',#195,1.);
#195=AXIS2_PLACEMENT_3D('',#196,#197,#198);
#196=CARTESIAN_POINT('',(-15.35,-8.09423258219237,22.0070167452298));
#197=DIRECTION('',(0.,-1.,0.));
#198=DIRECTION('',(0.,0.,1.));
#199=FACE_BOUND('',#200,.T.);
#200=EDGE_LOOP('',(#822,#823,#824,#825));
#201=PLANE('',#202);
#202=AXIS2_PLACEMENT_3D('',#203,#204,#205);
#203=CARTESIAN_POINT('',(-16.35,-73.9241111595121,18.7070167452298));
#204=DIRECTION('',(-1.,0.,0.));
#205=DIRECTION('',(0.,0.,1.));
#206=FACE_BOUND('',#207,.T.);
#207=EDGE_LOOP('',(#826,#827,#828,#829));
#208=PLANE('',#209);
#209=AXIS2_PLACEMENT_3D('',#210,#211,#212);
#210=CARTESIAN_POINT('',(-17.85,-10.0942325821924,18.7070167452298));
#211=DIRECTION('',(0.707106781186548,0.,-0.707106781186548));
#212=DIRECTION('',(0.,1.,0.));
#213=FACE_BOUND('',#214,.T.);
#214=EDGE_LOOP('',(#830,#831,#832,#833));
#215=CYLINDRICAL_SURFACE('',#216,3.7);
#216=AXIS2_PLACEMENT_3D('',#217,#218,#219);
#217=CARTESIAN_POINT('',(-18.5,-73.9241111595121,15.0070167452298));
#218=DIRECTION('',(0.,1.,6.12323399573677E-17));
#219=DIRECTION('',(1.22464679914735E-16,6.12323399573677E-17,-1.));
#220=FACE_BOUND('',#221,.T.);
#221=EDGE_LOOP('',(#834,#835,#836,#837));
#222=PLANE('',#223);
#223=AXIS2_PLACEMENT_3D('',#224,#225,#226);
#224=CARTESIAN_POINT('',(-16.35,-10.0942325821924,9.80701674522982));
#225=DIRECTION('',(0.707106781186547,5.06274816454061E-17,0.707106781186548));
#226=DIRECTION('',(5.62077958015172E-33,1.,-7.15980711717282E-17));
#227=FACE_BOUND('',#228,.T.);
#228=EDGE_LOOP('',(#838,#839,#840,#841));
#229=PLANE('',#230);
#230=AXIS2_PLACEMENT_3D('',#231,#232,#233);
#231=CARTESIAN_POINT('',(-16.35,-73.9241111595121,7.00701674522981));
#232=DIRECTION('',(-1.,0.,0.));
#233=DIRECTION('',(0.,0.,1.));
#234=FACE_BOUND('',#235,.T.);
#235=EDGE_LOOP('',(#842,#843,#844,#845,#846,#847,#848));
#236=CYLINDRICAL_SURFACE('',#237,1.);
#237=AXIS2_PLACEMENT_3D('',#238,#239,#240);
#238=CARTESIAN_POINT('',(-15.35,-8.09423258219238,8.00701674522982));
#239=DIRECTION('',(0.,-1.,-8.53602342494885E-17));
#240=DIRECTION('',(-1.,0.,0.));
#241=FACE_BOUND('',#242,.T.);
#242=EDGE_LOOP('',(#849,#850,#851,#852,#853,#854,#855));
#243=PLANE('',#244);
#244=AXIS2_PLACEMENT_3D('',#245,#246,#247);
#245=CARTESIAN_POINT('',(-14.761536286192,-9.53037930888776,7.00701674522982));
#246=DIRECTION('',(-0.706590066647615,-0.0270273512375892,-0.707106781186547));
#247=DIRECTION('',(-0.0382224466752199,0.999269255291165,3.63631253203095E-17));
#248=FACE_BOUND('',#249,.T.);
#249=EDGE_LOOP('',(#856,#857,#858,#859));
#250=PLANE('',#251);
#251=AXIS2_PLACEMENT_3D('',#252,#253,#254);
#252=CARTESIAN_POINT('',(-13.9126877558306,7.52168872717947,-2.30670476015899E-15));
#253=DIRECTION('',(-0.999269255291165,-0.0382224466752197,-3.55011755207771E-16));
#254=DIRECTION('',(0.0382224466752197,-0.999269255291165,4.87973306184205E-17));
#255=FACE_BOUND('',#256,.T.);
#256=EDGE_LOOP('',(#860,#861,#862,#863));
#257=FACE_BOUND('',#258,.T.);
#258=EDGE_LOOP('',(#864));
#259=FACE_BOUND('',#260,.T.);
#260=EDGE_LOOP('',(#865));
#261=PLANE('',#262);
#262=AXIS2_PLACEMENT_3D('',#263,#264,#265);
#263=CARTESIAN_POINT('',(0.,0.,1.46067795197829E-15));
#264=DIRECTION('',(-2.495472236246E-16,3.92877344745694E-17,1.));
#265=DIRECTION('',(6.12323399573677E-17,-1.,3.92877344745694E-17));
#266=FACE_BOUND('',#267,.T.);
#267=EDGE_LOOP('',(#866,#867,#868,#869));
#268=PLANE('',#269);
#269=AXIS2_PLACEMENT_3D('',#270,#271,#272);
#270=CARTESIAN_POINT('',(13.491967083312,-3.477430107129,4.96418122955604E-15));
#271=DIRECTION('',(0.999269255291147,-0.0382224466757047,3.55011755207765E-16));
#272=DIRECTION('',(0.0382224466757047,0.999269255291147,-2.97207197224179E-17));
#273=FACE_BOUND('',#274,.T.);
#274=EDGE_LOOP('',(#870,#871,#872,#873,#874,#875,#876));
#275=PLANE('',#276);
#276=AXIS2_PLACEMENT_3D('',#277,#278,#279);
#277=CARTESIAN_POINT('',(15.6409263188321,13.4599705889052,7.00701674522982));
#278=DIRECTION('',(0.706590066647601,-0.027027351237932,-0.707106781186548));
#279=DIRECTION('',(-0.0382224466757047,-0.999269255291147,-3.63631253203196E-17));
#280=FACE_BOUND('',#281,.T.);
#281=EDGE_LOOP('',(#877,#878,#879,#880,#881,#882,#883));
#282=CYLINDRICAL_SURFACE('',#283,1.);
#283=AXIS2_PLACEMENT_3D('',#284,#285,#286);
#284=CARTESIAN_POINT('',(15.35,-8.09423258219237,8.00701674522982));
#285=DIRECTION('',(0.,-1.,-8.53602342494885E-17));
#286=DIRECTION('',(0.,8.53602342494882E-17,-1.));
#287=FACE_BOUND('',#288,.T.);
#288=EDGE_LOOP('',(#884,#885,#886,#887));
#289=PLANE('',#290);
#290=AXIS2_PLACEMENT_3D('',#291,#292,#293);
#291=CARTESIAN_POINT('',(16.35,-73.9241111595121,11.3070167452298));
#292=DIRECTION('',(1.,0.,0.));
#293=DIRECTION('',(0.,0.,-1.));
#294=FACE_BOUND('',#295,.T.);
#295=EDGE_LOOP('',(#888,#889,#890,#891));
#296=PLANE('',#297);
#297=AXIS2_PLACEMENT_3D('',#298,#299,#300);
#298=CARTESIAN_POINT('',(17.85,-10.0942325821924,11.3070167452298));
#299=DIRECTION('',(-0.707106781186547,-5.06274816454061E-17,0.707106781186548));
#300=DIRECTION('',(5.62077958015172E-33,1.,7.15980711717281E-17));
#301=FACE_BOUND('',#302,.T.);
#302=EDGE_LOOP('',(#892,#893,#894,#895));
#303=CYLINDRICAL_SURFACE('',#304,3.7);
#304=AXIS2_PLACEMENT_3D('',#305,#306,#307);
#305=CARTESIAN_POINT('',(18.5,-73.9241111595121,15.0070167452298));
#306=DIRECTION('',(0.,1.,6.12323399573677E-17));
#307=DIRECTION('',(-1.22464679914735E-16,-6.12323399573677E-17,1.));
#308=FACE_BOUND('',#309,.T.);
#309=EDGE_LOOP('',(#896,#897,#898,#899));
#310=PLANE('',#311);
#311=AXIS2_PLACEMENT_3D('',#312,#313,#314);
#312=CARTESIAN_POINT('',(16.35,-10.0942325821924,20.2070167452298));
#313=DIRECTION('',(-0.707106781186548,0.,-0.707106781186548));
#314=DIRECTION('',(0.,1.,0.));
#315=FACE_BOUND('',#316,.T.);
#316=EDGE_LOOP('',(#900,#901,#902,#903));
#317=PLANE('',#318);
#318=AXIS2_PLACEMENT_3D('',#319,#320,#321);
#319=CARTESIAN_POINT('',(16.35,-73.9241111595121,23.0070167452298));
#320=DIRECTION('',(1.,0.,0.));
#321=DIRECTION('',(0.,0.,-1.));
#322=FACE_BOUND('',#323,.T.);
#323=EDGE_LOOP('',(#904,#905,#906,#907));
#324=CYLINDRICAL_SURFACE('',#325,1.);
#325=AXIS2_PLACEMENT_3D('',#326,#327,#328);
#326=CARTESIAN_POINT('',(15.35,-8.09423258219239,22.0070167452298));
#327=DIRECTION('',(0.,-1.,0.));
#328=DIRECTION('',(1.,0.,0.));
#329=FACE_BOUND('',#330,.T.);
#330=EDGE_LOOP('',(#908,#909,#910,#911));
#331=PLANE('',#332);
#332=AXIS2_PLACEMENT_3D('',#333,#334,#335);
#333=CARTESIAN_POINT('',(-16.35,-73.9241111595121,23.0070167452298));
#334=DIRECTION('',(-1.0864567825078E-16,-8.59804859341848E-17,1.));
#335=DIRECTION('',(1.,0.,1.0864567825078E-16));
#336=FACE_BOUND('',#337,.T.);
#337=EDGE_LOOP('',(#912,#913,#914,#915));
#338=PLANE('',#339);
#339=AXIS2_PLACEMENT_3D('',#340,#341,#342);
#340=CARTESIAN_POINT('',(-21.4112147890464,-12.1674656194505,13.3327009645799));
#341=DIRECTION('',(-0.999999855815285,0.000537000380627006,1.06094477744648E-15));
#342=DIRECTION('',(1.06094493041852E-15,0.,1.));
#343=FACE_BOUND('',#344,.T.);
#344=EDGE_LOOP('',(#916,#917,#918,#919));
#345=PLANE('',#346);
#346=AXIS2_PLACEMENT_3D('',#347,#348,#349);
#347=CARTESIAN_POINT('',(-21.4112147890464,-12.1674656194505,16.6813325258797));
#348=DIRECTION('',(-0.499999927907644,0.000268500190313504,0.866025403784438));
#349=DIRECTION('',(0.866025278916812,-0.000465055971465175,0.500000000000002));
#350=FACE_BOUND('',#351,.T.);
#351=EDGE_LOOP('',(#920,#921,#922,#923));
#352=PLANE('',#353);
#353=AXIS2_PLACEMENT_3D('',#354,#355,#356);
#354=CARTESIAN_POINT('',(-18.5112152071821,-12.1690229205543,18.3556483065297));
#355=DIRECTION('',(0.499999927907647,-0.000268500190313506,0.866025403784436));
#356=DIRECTION('',(0.86602527891681,-0.000465055971464645,-0.500000000000005));
#357=FACE_BOUND('',#358,.T.);
#358=EDGE_LOOP('',(#924,#925,#926,#927));
#359=PLANE('',#360);
#360=AXIS2_PLACEMENT_3D('',#361,#362,#363);
#361=CARTESIAN_POINT('',(-15.6112156253178,-12.1705802216582,16.6813325258797));
#362=DIRECTION('',(0.999999855815285,-0.000537000380627006,0.));
#363=DIRECTION('',(0.,0.,-1.));
#364=FACE_BOUND('',#365,.T.);
#365=EDGE_LOOP('',(#928,#929,#930,#931));
#366=PLANE('',#367);
#367=AXIS2_PLACEMENT_3D('',#368,#369,#370);
#368=CARTESIAN_POINT('',(-15.6112156253178,-12.1705802216582,13.3327009645799));
#369=DIRECTION('',(0.499999927907638,-0.0002685001903135,-0.866025403784441));
#370=DIRECTION('',(-0.866025278916816,0.000465055971464646,-0.499999999999995));
#371=FACE_BOUND('',#372,.T.);
#372=EDGE_LOOP('',(#932,#933,#934,#935));
#373=PLANE('',#374);
#374=AXIS2_PLACEMENT_3D('',#375,#376,#377);
#375=CARTESIAN_POINT('',(-18.5112152071821,-12.1690229205543,11.65838518393));
#376=DIRECTION('',(-0.499999927907646,0.000268500190313505,-0.866025403784437));
#377=DIRECTION('',(-0.866025278916811,0.000465055971465177,0.500000000000003));
#378=FACE_BOUND('',#379,.T.);
#379=EDGE_LOOP('',(#936,#937,#938,#939));
#380=PLANE('',#381);
#381=AXIS2_PLACEMENT_3D('',#382,#383,#384);
#382=CARTESIAN_POINT('',(15.5887745412854,-12.1873346306689,13.3327009645799));
#383=DIRECTION('',(-0.999999855815285,0.000537000380627006,5.30472388723229E-16));
#384=DIRECTION('',(5.3047246520925E-16,0.,1.));
#385=FACE_BOUND('',#386,.T.);
#386=EDGE_LOOP('',(#940,#941,#942,#943));
#387=PLANE('',#388);
#388=AXIS2_PLACEMENT_3D('',#389,#390,#391);
#389=CARTESIAN_POINT('',(15.5887745412854,-12.1873346306689,16.6813325258798));
#390=DIRECTION('',(-0.499999927907643,0.000268500190313504,0.866025403784438));
#391=DIRECTION('',(0.866025278916812,-0.000465055971464639,0.500000000000001));
#392=FACE_BOUND('',#393,.T.);
#393=EDGE_LOOP('',(#944,#945,#946,#947));
#394=PLANE('',#395);
#395=AXIS2_PLACEMENT_3D('',#396,#397,#398);
#396=CARTESIAN_POINT('',(18.4887741231498,-12.1888919317727,18.3556483065297));
#397=DIRECTION('',(0.499999927907642,-0.000268500190313503,0.866025403784439));
#398=DIRECTION('',(0.866025278916813,-0.000465055971465169,-0.5));
#399=FACE_BOUND('',#400,.T.);
#400=EDGE_LOOP('',(#948,#949,#950,#951));
#401=PLANE('',#402);
#402=AXIS2_PLACEMENT_3D('',#403,#404,#405);
#403=CARTESIAN_POINT('',(21.3887737050141,-12.1904492328765,16.6813325258798));
#404=DIRECTION('',(0.999999855815285,-0.000537000380627006,4.24377910978585E-15));
#405=DIRECTION('',(4.24377972167402E-15,0.,-1.));
#406=FACE_BOUND('',#407,.T.);
#407=EDGE_LOOP('',(#952,#953,#954,#955));
#408=PLANE('',#409);
#409=AXIS2_PLACEMENT_3D('',#410,#411,#412);
#410=CARTESIAN_POINT('',(21.3887737050142,-12.1904492328765,13.3327009645799));
#411=DIRECTION('',(0.499999927907642,-0.000268500190313657,-0.866025403784439));
#412=DIRECTION('',(-0.866025278916813,0.000465055971465166,-0.499999999999999));
#413=FACE_BOUND('',#414,.T.);
#414=EDGE_LOOP('',(#956,#957,#958,#959));
#415=PLANE('',#416);
#416=AXIS2_PLACEMENT_3D('',#417,#418,#419);
#417=CARTESIAN_POINT('',(18.4887741231498,-12.1888919317727,11.6583851839299));
#418=DIRECTION('',(-0.499999927907642,0.000268500190313503,-0.866025403784439));
#419=DIRECTION('',(-0.866025278916813,0.000465055971464639,0.5));
#420=FACE_BOUND('',#421,.T.);
#421=EDGE_LOOP('',(#960,#961,#962,#963));
#422=PLANE('',#423);
#423=AXIS2_PLACEMENT_3D('',#424,#425,#426);
#424=CARTESIAN_POINT('',(-4.35,4.94277409583288,6.2));
#425=DIRECTION('',(1.,1.13091068721408E-16,2.77555756156289E-16));
#426=DIRECTION('',(1.13091068721408E-16,-1.,0.));
#427=FACE_BOUND('',#428,.T.);
#428=EDGE_LOOP('',(#964,#965,#966,#967,#968));
#429=FACE_BOUND('',#430,.T.);
#430=EDGE_LOOP('',(#969));
#431=PLANE('',#432);
#432=AXIS2_PLACEMENT_3D('',#433,#434,#435);
#433=CARTESIAN_POINT('',(-7.48641670873799E-16,1.17863203423708E-16,3.));
#434=DIRECTION('',(2.495472236246E-16,-3.92877344745694E-17,-1.));
#435=DIRECTION('',(-6.12323399573677E-17,1.,-3.92877344745694E-17));
#436=FACE_BOUND('',#437,.T.);
#437=EDGE_LOOP('',(#970,#971,#972,#973));
#438=PLANE('',#439);
#439=AXIS2_PLACEMENT_3D('',#440,#441,#442);
#440=CARTESIAN_POINT('',(-10.15,-2.91088251685768,6.2));
#441=DIRECTION('',(-1.,0.,-5.55111512312578E-16));
#442=DIRECTION('',(0.,1.,0.));
#443=FACE_BOUND('',#444,.T.);
#444=EDGE_LOOP('',(#974,#975,#976,#977,#978));
#445=FACE_BOUND('',#446,.T.);
#446=EDGE_LOOP('',(#979));
#447=PLANE('',#448);
#448=AXIS2_PLACEMENT_3D('',#449,#450,#451);
#449=CARTESIAN_POINT('',(-1.54719278647252E-15,2.43583953742331E-16,6.2));
#450=DIRECTION('',(2.495472236246E-16,-3.92877344745694E-17,-1.));
#451=DIRECTION('',(-6.12323399573677E-17,1.,-3.92877344745694E-17));
#452=FACE_BOUND('',#453,.T.);
#453=EDGE_LOOP('',(#980,#981,#982,#983,#984));
#454=FACE_BOUND('',#455,.T.);
#455=EDGE_LOOP('',(#985));
#456=PLANE('',#457);
#457=AXIS2_PLACEMENT_3D('',#458,#459,#460);
#458=CARTESIAN_POINT('',(-7.48641670873799E-16,1.17863203423708E-16,3.));
#459=DIRECTION('',(2.495472236246E-16,-3.92877344745694E-17,-1.));
#460=DIRECTION('',(-6.12323399573677E-17,1.,-3.92877344745694E-17));
#461=FACE_BOUND('',#462,.T.);
#462=EDGE_LOOP('',(#986,#987,#988,#989,#990,#991,#992,#993,#994,#995,#996,#997,#998,
#999,#1000,#1001,#1002,#1003,#1004,#1005,#1006,#1007,#1008));
#463=FACE_BOUND('',#464,.T.);
#464=EDGE_LOOP('',(#1009));
#465=FACE_BOUND('',#466,.T.);
#466=EDGE_LOOP('',(#1010));
#467=PLANE('',#468);
#468=AXIS2_PLACEMENT_3D('',#469,#470,#471);
#469=CARTESIAN_POINT('',(0.,8.71588884048748,5.33694268511356E-16));
#470=DIRECTION('',(0.,1.,6.12323399573677E-17));
#471=DIRECTION('',(-1.,7.49879891330929E-33,-1.22464679914735E-16));
#472=FACE_BOUND('',#473,.T.);
#473=EDGE_LOOP('',(#1011,#1012,#1013,#1014));
#474=PLANE('',#475);
#475=AXIS2_PLACEMENT_3D('',#476,#477,#478);
#476=CARTESIAN_POINT('',(-18.5,-73.9241111595121,18.7070167452298));
#477=DIRECTION('',(0.,-8.59804859341848E-17,1.));
#478=DIRECTION('',(1.,0.,0.));
#479=FACE_BOUND('',#480,.T.);
#480=EDGE_LOOP('',(#1015,#1016,#1017,#1018));
#481=PLANE('',#482);
#482=AXIS2_PLACEMENT_3D('',#483,#484,#485);
#483=CARTESIAN_POINT('',(-16.35,-73.9241111595121,11.3070167452298));
#484=DIRECTION('',(0.,6.44853644506386E-17,-1.));
#485=DIRECTION('',(-1.,0.,0.));
#486=FACE_BOUND('',#487,.T.);
#487=EDGE_LOOP('',(#1019,#1020,#1021));
#488=(BOUNDED_SURFACE()B_SPLINE_SURFACE(3,2,(
(#489,#490,#491),
(#492,#493,#494),
(#495,#496,#497),
(#498,#499,#500)),
.UNSPECIFIED.,.F.,.F.,.F.)B_SPLINE_SURFACE_WITH_KNOTS((4,4),
(3,3),
(3.05831435469272,7.96327140252135),
(0.,1.),
.UNSPECIFIED.)GEOMETRIC_REPRESENTATION_ITEM()RATIONAL_B_SPLINE_SURFACE((
(1.,0.707106775556377,1.),
(1.,0.709392782046575,1.),
(1.,0.711697566036132,1.),
(1.,0.71400857525828,1.)))REPRESENTATION_ITEM('')SURFACE());
#489=CARTESIAN_POINT('',(-15.1642548526456,7.29518187379718,6.00701674364025));
#490=CARTESIAN_POINT('',(-15.1642546677189,7.2951819085484,7.00701676470811));
#491=CARTESIAN_POINT('',(-15.349999917701,8.27777985940991,7.00701674522982));
#492=CARTESIAN_POINT('',(-15.233030166811,7.2821810025975,6.00701608739025));
#493=CARTESIAN_POINT('',(-15.1993085619961,7.28855550168738,7.00057144826393));
#494=CARTESIAN_POINT('',(-15.3848101529818,8.26461960273879,7.00701648319022));
#495=CARTESIAN_POINT('',(-15.301772962804,7.26909428147267,6.01065398588721));
#496=CARTESIAN_POINT('',(-15.2351404358863,7.28177993724091,6.99595390670917));
#497=CARTESIAN_POINT('',(-15.4196003054716,8.25137265767856,7.00883527304955));
#498=CARTESIAN_POINT('',(-15.370122621156,7.25599192479778,6.01790293578742));
#499=CARTESIAN_POINT('',(-15.2715545685972,7.27488692491457,6.99332548645429));
#500=CARTESIAN_POINT('',(-15.4541950399163,8.23810979970776,7.01245986216237));
#501=FACE_BOUND('',#502,.T.);
#502=EDGE_LOOP('',(#1022,#1023,#1024));
#503=PLANE('',#504);
#504=AXIS2_PLACEMENT_3D('',#505,#506,#507);
#505=CARTESIAN_POINT('',(16.35,-73.9241111595121,7.00701674522982));
#506=DIRECTION('',(1.0864567825078E-16,6.44853644506386E-17,-1.));
#507=DIRECTION('',(-1.,0.,-1.0864567825078E-16));
#508=FACE_BOUND('',#509,.T.);
#509=EDGE_LOOP('',(#1025,#1026,#1027));
#510=PLANE('',#511);
#511=AXIS2_PLACEMENT_3D('',#512,#513,#514);
#512=CARTESIAN_POINT('',(16.35,-73.9241111595121,7.00701674522982));
#513=DIRECTION('',(1.0864567825078E-16,6.44853644506386E-17,-1.));
#514=DIRECTION('',(-1.,0.,-1.0864567825078E-16));
#515=FACE_BOUND('',#516,.T.);
#516=EDGE_LOOP('',(#1028,#1029,#1030,#1031,#1032));
#517=TOROIDAL_SURFACE('',#518,82.6399999999996,1.);
#518=AXIS2_PLACEMENT_3D('',#519,#520,#521);
#519=CARTESIAN_POINT('',(-1.51625681316814E-16,-72.9241111595121,6.00701674522982));
#520=DIRECTION('',(-1.0864567825078E-16,-6.44853644506386E-17,1.));
#521=DIRECTION('',(0.0241989928668732,0.99970716149492,6.70955966459206E-17));
#522=FACE_BOUND('',#523,.T.);
#523=EDGE_LOOP('',(#1033,#1034,#1035,#1036,#1037,#1038,#1039,#1040,#1041));
#524=CYLINDRICAL_SURFACE('',#525,81.6399999999996);
#525=AXIS2_PLACEMENT_3D('',#526,#527,#528);
#526=CARTESIAN_POINT('',(5.01010727232471E-16,-72.9241111595121,4.32570106800719E-15));
#527=DIRECTION('',(-2.495472236246E-16,3.92877344745694E-17,1.));
#528=DIRECTION('',(0.170415087651166,0.985372365099025,3.81356414850242E-18));
#529=FACE_OUTER_BOUND('',#530,.T.);
#530=EDGE_LOOP('',(#1042));
#531=FACE_OUTER_BOUND('',#532,.T.);
#532=EDGE_LOOP('',(#1043));
#533=CYLINDRICAL_SURFACE('',#534,1.6);
#534=AXIS2_PLACEMENT_3D('',#535,#536,#537);
#535=CARTESIAN_POINT('',(-7.25,3.26845831518296,-4.7694974172816E-16));
#536=DIRECTION('',(-2.495472236246E-16,3.92877344745694E-17,1.));
#537=DIRECTION('',(1.,6.12323399573677E-17,2.495472236246E-16));
#538=FACE_OUTER_BOUND('',#539,.T.);
#539=EDGE_LOOP('',(#1044));
#540=FACE_OUTER_BOUND('',#541,.T.);
#541=EDGE_LOOP('',(#1045));
#542=CYLINDRICAL_SURFACE('',#543,1.6);
#543=AXIS2_PLACEMENT_3D('',#544,#545,#546);
#544=CARTESIAN_POINT('',(7.25,3.26845831518296,3.14148500082854E-15));
#545=DIRECTION('',(-2.495472236246E-16,3.92877344745694E-17,1.));
#546=DIRECTION('',(1.,6.12323399573677E-17,2.495472236246E-16));
#547=FACE_BOUND('',#548,.T.);
#548=EDGE_LOOP('',(#1046,#1047,#1048,#1049,#1050));
#549=TOROIDAL_SURFACE('',#550,82.6399999999996,1.);
#550=AXIS2_PLACEMENT_3D('',#551,#552,#553);
#551=CARTESIAN_POINT('',(-1.51625681316814E-16,-72.9241111595121,6.00701674522982));
#552=DIRECTION('',(-1.0864567825078E-16,-6.44853644506386E-17,1.));
#553=DIRECTION('',(0.211732924467497,0.977327564686703,8.60271913832695E-17));
#554=FACE_BOUND('',#555,.T.);
#555=EDGE_LOOP('',(#1051,#1052,#1053));
#556=(BOUNDED_SURFACE()B_SPLINE_SURFACE(3,2,(
(#557,#558,#559),
(#560,#561,#562),
(#563,#564,#565),
(#566,#567,#568)),
.UNSPECIFIED.,.F.,.F.,.F.)B_SPLINE_SURFACE_WITH_KNOTS((4,4),
(3,3),
(3.05831435558587,7.96327140330261),
(0.,1.),
.UNSPECIFIED.)GEOMETRIC_REPRESENTATION_ITEM()RATIONAL_B_SPLINE_SURFACE((
(1.,0.707106775556377,1.),
(1.,0.709392782046837,1.),
(1.,0.711697566036659,1.),
(1.,0.714008575259072,1.)))REPRESENTATION_ITEM('')SURFACE());
#557=CARTESIAN_POINT('',(15.1642548526456,7.2951818737972,6.00701674364026));
#558=CARTESIAN_POINT('',(15.1642546677189,7.29518190854839,7.00701676470812));
#559=CARTESIAN_POINT('',(15.349999917701,8.27777985940991,7.00701674522983));
#560=CARTESIAN_POINT('',(15.2330301668189,7.28218100259599,6.00701608739025));
#561=CARTESIAN_POINT('',(15.199308562,7.28855550168658,7.0005714482632));
#562=CARTESIAN_POINT('',(15.3848101529858,8.26461960273729,7.00701648319023));
#563=CARTESIAN_POINT('',(15.3017729628197,7.26909428146969,6.01065398588806));
#564=CARTESIAN_POINT('',(15.2351404358945,7.2817799372394,6.99595390670812));
#565=CARTESIAN_POINT('',(15.4196003054796,8.25137265767553,7.00883527304997));
#566=CARTESIAN_POINT('',(15.3701226211794,7.25599192479331,6.01790293578991));
#567=CARTESIAN_POINT('',(15.2715545686096,7.2748869249122,6.9933254864534));
#568=CARTESIAN_POINT('',(15.4541950399282,8.23810979970321,7.01245986216362));
#569=FACE_BOUND('',#570,.T.);
#570=EDGE_LOOP('',(#1054,#1055,#1056));
#571=PLANE('',#572);
#572=AXIS2_PLACEMENT_3D('',#573,#574,#575);
#573=CARTESIAN_POINT('',(16.35,-73.9241111595121,7.00701674522982));
#574=DIRECTION('',(1.0864567825078E-16,6.44853644506386E-17,-1.));
#575=DIRECTION('',(-1.,0.,-1.0864567825078E-16));
#576=FACE_BOUND('',#577,.T.);
#577=EDGE_LOOP('',(#1057,#1058,#1059));
#578=PLANE('',#579);
#579=AXIS2_PLACEMENT_3D('',#580,#581,#582);
#580=CARTESIAN_POINT('',(16.35,-73.9241111595121,7.00701674522982));
#581=DIRECTION('',(1.0864567825078E-16,6.44853644506386E-17,-1.));
#582=DIRECTION('',(-1.,0.,-1.0864567825078E-16));
#583=FACE_BOUND('',#584,.T.);
#584=EDGE_LOOP('',(#1060,#1061,#1062,#1063));
#585=PLANE('',#586);
#586=AXIS2_PLACEMENT_3D('',#587,#588,#589);
#587=CARTESIAN_POINT('',(18.5,-73.9241111595121,11.3070167452298));
#588=DIRECTION('',(0.,6.44853644506386E-17,-1.));
#589=DIRECTION('',(-1.,0.,0.));
#590=FACE_BOUND('',#591,.T.);
#591=EDGE_LOOP('',(#1064,#1065,#1066,#1067));
#592=PLANE('',#593);
#593=AXIS2_PLACEMENT_3D('',#594,#595,#596);
#594=CARTESIAN_POINT('',(16.35,-73.9241111595121,18.7070167452298));
#595=DIRECTION('',(0.,-8.59804859341848E-17,1.));
#596=DIRECTION('',(1.,0.,0.));
#597=FACE_BOUND('',#598,.T.);
#598=EDGE_LOOP('',(#1068,#1069,#1070,#1071,#1072,#1073));
#599=FACE_BOUND('',#600,.T.);
#600=EDGE_LOOP('',(#1074));
#601=PLANE('',#602);
#602=AXIS2_PLACEMENT_3D('',#603,#604,#605);
#603=CARTESIAN_POINT('',(0.0379901665433242,-2.17898241048921,0.189021237478757));
#604=DIRECTION('',(0.000537000380626996,0.999999855815285,-3.91537218558079E-17));
#605=DIRECTION('',(0.999999855815285,-0.000537000380626996,1.27103605257336E-16));
#606=FACE_BOUND('',#607,.T.);
#607=EDGE_LOOP('',(#1075,#1076,#1077,#1078,#1079,#1080));
#608=FACE_BOUND('',#609,.T.);
#609=EDGE_LOOP('',(#1081));
#610=PLANE('',#611);
#611=AXIS2_PLACEMENT_3D('',#612,#613,#614);
#612=CARTESIAN_POINT('',(0.0379901665433242,-2.17898241048921,0.189021237478757));
#613=DIRECTION('',(0.000537000380626996,0.999999855815285,-3.91537218558079E-17));
#614=DIRECTION('',(0.999999855815285,-0.000537000380626996,1.27103605257336E-16));
#615=FACE_BOUND('',#616,.T.);
#616=EDGE_LOOP('',(#1082,#1083,#1084,#1085));
#617=PLANE('',#618);
#618=AXIS2_PLACEMENT_3D('',#619,#620,#621);
#619=CARTESIAN_POINT('',(-7.25,6.61708987648279,6.2));
#620=DIRECTION('',(0.5,0.866025403784439,1.38777878078145E-16));
#621=DIRECTION('',(0.866025403784439,-0.5,2.6523623260463E-16));
#622=FACE_BOUND('',#623,.T.);
#623=EDGE_LOOP('',(#1086,#1087,#1088,#1089));
#624=PLANE('',#625);
#625=AXIS2_PLACEMENT_3D('',#626,#627,#628);
#626=CARTESIAN_POINT('',(-10.15,4.94277409583287,6.2));
#627=DIRECTION('',(-0.500000000000001,0.866025403784438,0.));
#628=DIRECTION('',(0.866025403784438,0.500000000000001,2.6523623260463E-16));
#629=FACE_OUTER_BOUND('',#630,.T.);
#630=EDGE_LOOP('',(#1090));
#631=FACE_OUTER_BOUND('',#632,.T.);
#632=EDGE_LOOP('',(#1091));
#633=CYLINDRICAL_SURFACE('',#634,1.6);
#634=AXIS2_PLACEMENT_3D('',#635,#636,#637);
#635=CARTESIAN_POINT('',(-7.25,3.26845831518296,-4.7694974172816E-16));
#636=DIRECTION('',(-2.495472236246E-16,3.92877344745694E-17,1.));
#637=DIRECTION('',(1.,6.12323399573677E-17,2.495472236246E-16));
#638=FACE_BOUND('',#639,.T.);
#639=EDGE_LOOP('',(#1092,#1093,#1094));
#640=(BOUNDED_SURFACE()B_SPLINE_SURFACE(3,2,(
(#641,#642,#643),
(#644,#645,#646),
(#647,#648,#649),
(#650,#651,#652),
(#653,#654,#655),
(#656,#657,#658),
(#659,#660,#661),
(#662,#663,#664),
(#665,#666,#667),
(#668,#669,#670),
(#671,#672,#673),
(#674,#675,#676)),
.UNSPECIFIED.,.F.,.F.,.F.)B_SPLINE_SURFACE_WITH_KNOTS((4,1,1,1,1,1,1,1,1,4),
(3,3),
(0.,0.394009078291187,0.535753046766186,0.653409073901967,0.758348725722649,0.833153439322536,
0.887605731737233,0.926012227460043,0.958484053478676,1.00000079401103),
(0.,1.),
.UNSPECIFIED.)GEOMETRIC_REPRESENTATION_ITEM()RATIONAL_B_SPLINE_SURFACE((
(1.,1.,1.),
(1.,0.999820246708764,1.),
(1.,0.982748896771839,1.),
(1.,0.929198991211387,1.),
(1.,0.88946444103323,1.),
(1.,0.849211734153296,1.),
(1.,0.811758634325047,1.),
(1.,0.781586745964481,1.),
(1.,0.757002401029535,1.),
(1.,0.733497987356599,1.),
(1.,0.716835776099984,1.),
(1.,0.70710622364302,1.)))REPRESENTATION_ITEM('')SURFACE());
#641=CARTESIAN_POINT('',(1.33527426523402E-14,8.71588884048748,7.00701674522982));
#642=CARTESIAN_POINT('',(1.40461916797559E-14,8.71588884048748,7.00701674522982));
#643=CARTESIAN_POINT('',(1.47396407071715E-14,8.71588884048748,7.00701674522982));
#644=CARTESIAN_POINT('',(-1.63581132853252,8.71588884048749,7.00701674522982));
#645=CARTESIAN_POINT('',(-1.68179855240049,8.71728770164476,6.91379909379076));
#646=CARTESIAN_POINT('',(-1.63583222626278,8.7159706147097,6.82614969738871));
#647=CARTESIAN_POINT('',(-3.89045397933384,8.71588884048747,7.00701674522981));
#648=CARTESIAN_POINT('',(-4.04613989180738,8.64005914671299,6.78341363167429));
#649=CARTESIAN_POINT('',(-3.89041928491498,8.64790501393253,6.57602785110507));
#650=CARTESIAN_POINT('',(-6.66396389415368,8.71588884048748,7.00701674522982));
#651=CARTESIAN_POINT('',(-6.76460727320624,8.44071795527084,6.7102178005889));
#652=CARTESIAN_POINT('',(-6.64332674805045,8.451044415627,6.31817828479545));
#653=CARTESIAN_POINT('',(-8.22519949896642,8.71588884048748,7.00701674522982));
#654=CARTESIAN_POINT('',(-8.30050955710032,8.29691580847696,6.7022254032099));
#655=CARTESIAN_POINT('',(-8.18499452377134,8.30858018924911,6.19373201835281));
#656=CARTESIAN_POINT('',(-9.50113042334013,8.71588884048748,7.00701674522982));
#657=CARTESIAN_POINT('',(-9.54470149538363,8.15866307021484,6.7282842210359));
#658=CARTESIAN_POINT('',(-9.43833072474852,8.17106574602006,6.11073655886765));
#659=CARTESIAN_POINT('',(-10.4969688177534,8.71588884048748,7.00701674522981));
#660=CARTESIAN_POINT('',(-10.5153816905955,8.03720848974597,6.77641829635426));
#661=CARTESIAN_POINT('',(-10.4118494629267,8.05071607826907,6.06027755454707));
#662=CARTESIAN_POINT('',(-11.247757364399,8.71588884048749,7.00701674522982));
#663=CARTESIAN_POINT('',(-11.2079928312392,7.94358232084381,6.82912992066758));
#664=CARTESIAN_POINT('',(-11.1428005594849,7.95267290859967,6.03249921484686));
#665=CARTESIAN_POINT('',(-11.8021321693286,8.71588884048748,7.00701674522982));
#666=CARTESIAN_POINT('',(-11.7251901004463,7.86990935008759,6.88029239431438));
#667=CARTESIAN_POINT('',(-11.6809426042691,7.87636663947175,6.01751002558787));
#668=CARTESIAN_POINT('',(-12.3051792444252,8.71588884048749,7.00701674522982));
#669=CARTESIAN_POINT('',(-12.1908454909056,7.801070086552,6.9365848085137));
#670=CARTESIAN_POINT('',(-12.167810445875,7.80450891993291,6.01022619519888));
#671=CARTESIAN_POINT('',(-12.6297391487638,8.71588884048748,7.00701674522982));
#672=CARTESIAN_POINT('',(-12.4933987501413,7.75447635718646,6.98042661005459));
#673=CARTESIAN_POINT('',(-12.4811899744091,7.75638838085202,6.00820376513416));
#674=CARTESIAN_POINT('',(-12.8171861529888,8.71588884048748,7.00701674522982));
#675=CARTESIAN_POINT('',(-12.6620892731672,7.7279879776926,7.00701829156512));
#676=CARTESIAN_POINT('',(-12.6620892827117,7.72798797619898,6.00701668105338));
#677=FACE_BOUND('',#678,.T.);
#678=EDGE_LOOP('',(#1095,#1096,#1097));
#679=(BOUNDED_SURFACE()B_SPLINE_SURFACE(3,2,(
(#680,#681,#682),
(#683,#684,#685),
(#686,#687,#688),
(#689,#690,#691),
(#692,#693,#694),
(#695,#696,#697),
(#698,#699,#700),
(#701,#702,#703),
(#704,#705,#706),
(#707,#708,#709),
(#710,#711,#712),
(#713,#714,#715),
(#716,#717,#718),
(#719,#720,#721)),
.UNSPECIFIED.,.F.,.F.,.F.)B_SPLINE_SURFACE_WITH_KNOTS((4,1,1,1,1,1,1,1,1,1,1,4),
(3,3),
(-7.9401036450167E-7,0.0702265283508537,0.107818079220913,0.145456856395777,0.186894803768495,
0.235421304567588,0.318320530776496,0.421585839812037,0.557129201493501,0.696518120933337,
0.82607306995366,1.),
(0.,1.),
.UNSPECIFIED.)GEOMETRIC_REPRESENTATION_ITEM()RATIONAL_B_SPLINE_SURFACE((
(1.,0.707106225795338,1.),
(1.,0.723595242946696,1.),
(1.,0.747087507090492,1.),
(1.,0.775822643639704,1.),
(1.,0.79735595334141,1.),
(1.,0.819237231063246,1.),
(1.,0.846577758895963,1.),
(1.,0.879418775573173,1.),
(1.,0.917099632742179,1.),
(1.,0.951578927287469,1.),
(1.,0.977663319588745,1.),
(1.,0.995641545828917,1.),
(1.,0.999864350061021,1.),
(1.,1.,1.)))REPRESENTATION_ITEM('')SURFACE());
#680=CARTESIAN_POINT('',(12.8171861529801,8.71588884048748,7.00701674522982));
#681=CARTESIAN_POINT('',(12.6620892731701,7.72798797762774,7.00701829166651));
#682=CARTESIAN_POINT('',(12.6620892827033,7.7279879762003,6.00701668105344));
#683=CARTESIAN_POINT('',(12.5136186646154,8.71588884048748,7.00701674522982));
#684=CARTESIAN_POINT('',(12.3793442895582,7.77243956306334,6.96238639358014));
#685=CARTESIAN_POINT('',(12.3691321430335,7.77397984740103,6.00892967149432));
#686=CARTESIAN_POINT('',(12.0529069176065,8.71588884048748,7.00701674522982));
#687=CARTESIAN_POINT('',(11.9376475288579,7.83940155630753,6.90229797261639));
#688=CARTESIAN_POINT('',(11.9241232823885,7.84136828357513,6.01183894722225));
#689=CARTESIAN_POINT('',(11.4260443020592,8.71588884048748,7.00701674522982));
#690=CARTESIAN_POINT('',(11.3290304375801,7.92646266917263,6.84064958518108));
#691=CARTESIAN_POINT('',(11.3159450714722,7.92831262923992,6.02734554999178));
#692=CARTESIAN_POINT('',(10.9210255088349,8.71588884048749,7.00701674522982));
#693=CARTESIAN_POINT('',(10.8443366702607,7.99297433916735,6.80085018582679));
#694=CARTESIAN_POINT('',(10.8248123426904,7.99560631158429,6.04429103340869));
#695=CARTESIAN_POINT('',(10.3269705148774,8.71588884048748,7.00701674522982));
#696=CARTESIAN_POINT('',(10.3136349535645,8.06245267724349,6.76647977337125));
#697=CARTESIAN_POINT('',(10.2456463687053,8.07126092632436,6.06892975206138));
#698=CARTESIAN_POINT('',(9.56483568846247,8.71588884048748,7.00701674522982));
#699=CARTESIAN_POINT('',(9.59661353180943,8.15132535158322,6.73254743603976));
#700=CARTESIAN_POINT('',(9.50039058353215,8.16275440778418,6.10821416691734));
#701=CARTESIAN_POINT('',(8.52627044722572,8.71588884048748,7.00701674522982));
#702=CARTESIAN_POINT('',(8.61917219750752,8.26247316559876,6.70709573832786));
#703=CARTESIAN_POINT('',(8.48105388351843,8.27703112132075,6.17316069017114));
#704=CARTESIAN_POINT('',(7.1952828801728,8.71588884048749,7.00701674522982));
#705=CARTESIAN_POINT('',(7.26939694704747,8.39631639782701,6.70393233001796));
#706=CARTESIAN_POINT('',(7.1686980234169,8.40506249432462,6.27391124853358));
#707=CARTESIAN_POINT('',(5.62248334647412,8.71588884048748,7.00701674522982));
#708=CARTESIAN_POINT('',(5.66730456006716,8.52525547139259,6.73626332217378));
#709=CARTESIAN_POINT('',(5.61037866682864,8.5285548468151,6.41298119093563));
#710=CARTESIAN_POINT('',(3.96579090118965,8.71588884048748,7.00701674522982));
#711=CARTESIAN_POINT('',(3.94032840213602,8.62682123634638,6.8015741175319));
#712=CARTESIAN_POINT('',(3.96194048603364,8.62542307373914,6.57698381679369));
#713=CARTESIAN_POINT('',(2.07914982488232,8.71588884048748,7.00701674522982));
#714=CARTESIAN_POINT('',(2.04871888980806,8.69793544128425,6.89364498606696));
#715=CARTESIAN_POINT('',(2.07914666008312,8.6973690077746,6.77690295487933));
#716=CARTESIAN_POINT('',(0.768551416216531,8.71588884048748,7.00701674522982));
#717=CARTESIAN_POINT('',(0.7430620283089,8.71592281476804,6.96591040463873));
#718=CARTESIAN_POINT('',(0.768553764776022,8.71589116833579,6.9219527006059));
#719=CARTESIAN_POINT('',(1.33527426523402E-14,8.71588884048748,7.00701674522982));
#720=CARTESIAN_POINT('',(1.40461916797559E-14,8.71588884048748,7.00701674522982));
#721=CARTESIAN_POINT('',(1.47396407071715E-14,8.71588884048748,7.00701674522982));
#722=FACE_OUTER_BOUND('',#723,.T.);
#723=EDGE_LOOP('',(#1098));
#724=FACE_OUTER_BOUND('',#725,.T.);
#725=EDGE_LOOP('',(#1099));
#726=CYLINDRICAL_SURFACE('',#727,1.6);
#727=AXIS2_PLACEMENT_3D('',#728,#729,#730);
#728=CARTESIAN_POINT('',(-18.5,-73.9241111595121,15.0070167452298));
#729=DIRECTION('',(0.,1.,6.12323399573677E-17));
#730=DIRECTION('',(-1.,7.49879891330929E-33,-1.22464679914735E-16));
#731=FACE_OUTER_BOUND('',#732,.T.);
#732=EDGE_LOOP('',(#1100));
#733=FACE_OUTER_BOUND('',#734,.T.);
#734=EDGE_LOOP('',(#1101));
#735=CYLINDRICAL_SURFACE('',#736,1.6);
#736=AXIS2_PLACEMENT_3D('',#737,#738,#739);
#737=CARTESIAN_POINT('',(18.5,-73.9241111595121,15.0070167452298));
#738=DIRECTION('',(0.,1.,6.12323399573677E-17));
#739=DIRECTION('',(-1.,7.49879891330929E-33,-1.22464679914735E-16));
#740=FACE_BOUND('',#741,.T.);
#741=EDGE_LOOP('',(#1102));
#742=PLANE('',#743);
#743=AXIS2_PLACEMENT_3D('',#744,#745,#746);
#744=CARTESIAN_POINT('',(16.35,-73.9241111595121,17.0070167452298));
#745=DIRECTION('',(1.0864567825078E-16,6.44853644506386E-17,-1.));
#746=DIRECTION('',(-1.,0.,-1.0864567825078E-16));
#747=ORIENTED_EDGE('',*,*,#1103,.F.);
#748=ORIENTED_EDGE('',*,*,#1104,.T.);
#749=ORIENTED_EDGE('',*,*,#1105,.F.);
#750=ORIENTED_EDGE('',*,*,#1106,.T.);
#751=ORIENTED_EDGE('',*,*,#1107,.T.);
#752=ORIENTED_EDGE('',*,*,#1108,.T.);
#753=ORIENTED_EDGE('',*,*,#1109,.T.);
#754=ORIENTED_EDGE('',*,*,#1104,.F.);
#755=ORIENTED_EDGE('',*,*,#1103,.T.);
#756=ORIENTED_EDGE('',*,*,#1110,.F.);
#757=ORIENTED_EDGE('',*,*,#1111,.T.);
#758=ORIENTED_EDGE('',*,*,#1112,.F.);
#759=ORIENTED_EDGE('',*,*,#1113,.T.);
#760=ORIENTED_EDGE('',*,*,#1114,.T.);
#761=ORIENTED_EDGE('',*,*,#1115,.T.);
#762=ORIENTED_EDGE('',*,*,#1116,.F.);
#763=ORIENTED_EDGE('',*,*,#1117,.T.);
#764=ORIENTED_EDGE('',*,*,#1118,.F.);
#765=ORIENTED_EDGE('',*,*,#1119,.T.);
#766=ORIENTED_EDGE('',*,*,#1120,.F.);
#767=ORIENTED_EDGE('',*,*,#1121,.F.);
#768=ORIENTED_EDGE('',*,*,#1122,.T.);
#769=ORIENTED_EDGE('',*,*,#1123,.T.);
#770=ORIENTED_EDGE('',*,*,#1124,.F.);
#771=ORIENTED_EDGE('',*,*,#1125,.T.);
#772=ORIENTED_EDGE('',*,*,#1126,.F.);
#773=ORIENTED_EDGE('',*,*,#1127,.T.);
#774=ORIENTED_EDGE('',*,*,#1128,.F.);
#775=ORIENTED_EDGE('',*,*,#1129,.T.);
#776=ORIENTED_EDGE('',*,*,#1130,.T.);
#777=ORIENTED_EDGE('',*,*,#1131,.T.);
#778=ORIENTED_EDGE('',*,*,#1132,.F.);
#779=ORIENTED_EDGE('',*,*,#1133,.T.);
#780=ORIENTED_EDGE('',*,*,#1134,.F.);
#781=ORIENTED_EDGE('',*,*,#1135,.T.);
#782=ORIENTED_EDGE('',*,*,#1136,.T.);
#783=ORIENTED_EDGE('',*,*,#1137,.T.);
#784=ORIENTED_EDGE('',*,*,#1138,.T.);
#785=ORIENTED_EDGE('',*,*,#1139,.T.);
#786=ORIENTED_EDGE('',*,*,#1140,.T.);
#787=ORIENTED_EDGE('',*,*,#1141,.T.);
#788=ORIENTED_EDGE('',*,*,#1142,.T.);
#789=ORIENTED_EDGE('',*,*,#1143,.T.);
#790=ORIENTED_EDGE('',*,*,#1144,.T.);
#791=ORIENTED_EDGE('',*,*,#1145,.T.);
#792=ORIENTED_EDGE('',*,*,#1146,.T.);
#793=ORIENTED_EDGE('',*,*,#1147,.T.);
#794=ORIENTED_EDGE('',*,*,#1148,.T.);
#795=ORIENTED_EDGE('',*,*,#1149,.T.);
#796=ORIENTED_EDGE('',*,*,#1150,.T.);
#797=ORIENTED_EDGE('',*,*,#1151,.T.);
#798=ORIENTED_EDGE('',*,*,#1152,.T.);
#799=ORIENTED_EDGE('',*,*,#1153,.T.);
#800=ORIENTED_EDGE('',*,*,#1154,.T.);
#801=ORIENTED_EDGE('',*,*,#1105,.T.);
#802=ORIENTED_EDGE('',*,*,#1154,.F.);
#803=ORIENTED_EDGE('',*,*,#1155,.T.);
#804=ORIENTED_EDGE('',*,*,#1156,.F.);
#805=ORIENTED_EDGE('',*,*,#1106,.F.);
#806=ORIENTED_EDGE('',*,*,#1156,.T.);
#807=ORIENTED_EDGE('',*,*,#1157,.T.);
#808=ORIENTED_EDGE('',*,*,#1158,.F.);
#809=ORIENTED_EDGE('',*,*,#1107,.F.);
#810=ORIENTED_EDGE('',*,*,#1158,.T.);
#811=ORIENTED_EDGE('',*,*,#1159,.T.);
#812=ORIENTED_EDGE('',*,*,#1160,.F.);
#813=ORIENTED_EDGE('',*,*,#1108,.F.);
#814=ORIENTED_EDGE('',*,*,#1152,.F.);
#815=ORIENTED_EDGE('',*,*,#1109,.F.);
#816=ORIENTED_EDGE('',*,*,#1160,.T.);
#817=ORIENTED_EDGE('',*,*,#1161,.T.);
#818=ORIENTED_EDGE('',*,*,#1162,.F.);
#819=ORIENTED_EDGE('',*,*,#1110,.T.);
#820=ORIENTED_EDGE('',*,*,#1163,.T.);
#821=ORIENTED_EDGE('',*,*,#1164,.T.);
#822=ORIENTED_EDGE('',*,*,#1162,.T.);
#823=ORIENTED_EDGE('',*,*,#1165,.F.);
#824=ORIENTED_EDGE('',*,*,#1166,.F.);
#825=ORIENTED_EDGE('',*,*,#1111,.F.);
#826=ORIENTED_EDGE('',*,*,#1167,.F.);
#827=ORIENTED_EDGE('',*,*,#1112,.T.);
#828=ORIENTED_EDGE('',*,*,#1166,.T.);
#829=ORIENTED_EDGE('',*,*,#1168,.T.);
#830=ORIENTED_EDGE('',*,*,#1114,.F.);
#831=ORIENTED_EDGE('',*,*,#1169,.T.);
#832=ORIENTED_EDGE('',*,*,#1170,.F.);
#833=ORIENTED_EDGE('',*,*,#1171,.F.);
#834=ORIENTED_EDGE('',*,*,#1172,.F.);
#835=ORIENTED_EDGE('',*,*,#1116,.T.);
#836=ORIENTED_EDGE('',*,*,#1173,.T.);
#837=ORIENTED_EDGE('',*,*,#1174,.T.);
#838=ORIENTED_EDGE('',*,*,#1175,.F.);
#839=ORIENTED_EDGE('',*,*,#1117,.F.);
#840=ORIENTED_EDGE('',*,*,#1172,.T.);
#841=ORIENTED_EDGE('',*,*,#1176,.F.);
#842=ORIENTED_EDGE('',*,*,#1177,.T.);
#843=ORIENTED_EDGE('',*,*,#1178,.F.);
#844=ORIENTED_EDGE('',*,*,#1179,.F.);
#845=ORIENTED_EDGE('',*,*,#1118,.T.);
#846=ORIENTED_EDGE('',*,*,#1175,.T.);
#847=ORIENTED_EDGE('',*,*,#1180,.T.);
#848=ORIENTED_EDGE('',*,*,#1181,.F.);
#849=ORIENTED_EDGE('',*,*,#1182,.F.);
#850=ORIENTED_EDGE('',*,*,#1183,.T.);
#851=ORIENTED_EDGE('',*,*,#1184,.F.);
#852=ORIENTED_EDGE('',*,*,#1120,.T.);
#853=ORIENTED_EDGE('',*,*,#1185,.T.);
#854=ORIENTED_EDGE('',*,*,#1178,.T.);
#855=ORIENTED_EDGE('',*,*,#1186,.F.);
#856=ORIENTED_EDGE('',*,*,#1184,.T.);
#857=ORIENTED_EDGE('',*,*,#1187,.F.);
#858=ORIENTED_EDGE('',*,*,#1188,.T.);
#859=ORIENTED_EDGE('',*,*,#1121,.T.);
#860=ORIENTED_EDGE('',*,*,#1188,.F.);
#861=ORIENTED_EDGE('',*,*,#1189,.F.);
#862=ORIENTED_EDGE('',*,*,#1190,.F.);
#863=ORIENTED_EDGE('',*,*,#1122,.F.);
#864=ORIENTED_EDGE('',*,*,#1191,.T.);
#865=ORIENTED_EDGE('',*,*,#1192,.T.);
#866=ORIENTED_EDGE('',*,*,#1193,.T.);
#867=ORIENTED_EDGE('',*,*,#1123,.F.);
#868=ORIENTED_EDGE('',*,*,#1190,.T.);
#869=ORIENTED_EDGE('',*,*,#1194,.T.);
#870=ORIENTED_EDGE('',*,*,#1195,.F.);
#871=ORIENTED_EDGE('',*,*,#1196,.F.);
#872=ORIENTED_EDGE('',*,*,#1197,.F.);
#873=ORIENTED_EDGE('',*,*,#1198,.T.);
#874=ORIENTED_EDGE('',*,*,#1124,.T.);
#875=ORIENTED_EDGE('',*,*,#1193,.F.);
#876=ORIENTED_EDGE('',*,*,#1199,.T.);
#877=ORIENTED_EDGE('',*,*,#1200,.F.);
#878=ORIENTED_EDGE('',*,*,#1201,.T.);
#879=ORIENTED_EDGE('',*,*,#1202,.T.);
#880=ORIENTED_EDGE('',*,*,#1203,.F.);
#881=ORIENTED_EDGE('',*,*,#1126,.T.);
#882=ORIENTED_EDGE('',*,*,#1204,.T.);
#883=ORIENTED_EDGE('',*,*,#1197,.T.);
#884=ORIENTED_EDGE('',*,*,#1203,.T.);
#885=ORIENTED_EDGE('',*,*,#1205,.F.);
#886=ORIENTED_EDGE('',*,*,#1206,.F.);
#887=ORIENTED_EDGE('',*,*,#1127,.F.);
#888=ORIENTED_EDGE('',*,*,#1207,.F.);
#889=ORIENTED_EDGE('',*,*,#1128,.T.);
#890=ORIENTED_EDGE('',*,*,#1206,.T.);
#891=ORIENTED_EDGE('',*,*,#1208,.T.);
#892=ORIENTED_EDGE('',*,*,#1130,.F.);
#893=ORIENTED_EDGE('',*,*,#1209,.T.);
#894=ORIENTED_EDGE('',*,*,#1210,.F.);
#895=ORIENTED_EDGE('',*,*,#1211,.F.);
#896=ORIENTED_EDGE('',*,*,#1212,.F.);
#897=ORIENTED_EDGE('',*,*,#1132,.T.);
#898=ORIENTED_EDGE('',*,*,#1213,.T.);
#899=ORIENTED_EDGE('',*,*,#1214,.T.);
#900=ORIENTED_EDGE('',*,*,#1215,.F.);
#901=ORIENTED_EDGE('',*,*,#1133,.F.);
#902=ORIENTED_EDGE('',*,*,#1212,.T.);
#903=ORIENTED_EDGE('',*,*,#1216,.F.);
#904=ORIENTED_EDGE('',*,*,#1217,.F.);
#905=ORIENTED_EDGE('',*,*,#1134,.T.);
#906=ORIENTED_EDGE('',*,*,#1215,.T.);
#907=ORIENTED_EDGE('',*,*,#1218,.T.);
#908=ORIENTED_EDGE('',*,*,#1163,.F.);
#909=ORIENTED_EDGE('',*,*,#1135,.F.);
#910=ORIENTED_EDGE('',*,*,#1217,.T.);
#911=ORIENTED_EDGE('',*,*,#1219,.F.);
#912=ORIENTED_EDGE('',*,*,#1136,.F.);
#913=ORIENTED_EDGE('',*,*,#1220,.T.);
#914=ORIENTED_EDGE('',*,*,#1221,.T.);
#915=ORIENTED_EDGE('',*,*,#1222,.F.);
#916=ORIENTED_EDGE('',*,*,#1137,.F.);
#917=ORIENTED_EDGE('',*,*,#1222,.T.);
#918=ORIENTED_EDGE('',*,*,#1223,.T.);
#919=ORIENTED_EDGE('',*,*,#1224,.F.);
#920=ORIENTED_EDGE('',*,*,#1138,.F.);
#921=ORIENTED_EDGE('',*,*,#1224,.T.);
#922=ORIENTED_EDGE('',*,*,#1225,.T.);
#923=ORIENTED_EDGE('',*,*,#1226,.F.);
#924=ORIENTED_EDGE('',*,*,#1139,.F.);
#925=ORIENTED_EDGE('',*,*,#1226,.T.);
#926=ORIENTED_EDGE('',*,*,#1227,.T.);
#927=ORIENTED_EDGE('',*,*,#1228,.F.);
#928=ORIENTED_EDGE('',*,*,#1140,.F.);
#929=ORIENTED_EDGE('',*,*,#1228,.T.);
#930=ORIENTED_EDGE('',*,*,#1229,.T.);
#931=ORIENTED_EDGE('',*,*,#1230,.F.);
#932=ORIENTED_EDGE('',*,*,#1141,.F.);
#933=ORIENTED_EDGE('',*,*,#1230,.T.);
#934=ORIENTED_EDGE('',*,*,#1231,.T.);
#935=ORIENTED_EDGE('',*,*,#1220,.F.);
#936=ORIENTED_EDGE('',*,*,#1142,.F.);
#937=ORIENTED_EDGE('',*,*,#1232,.T.);
#938=ORIENTED_EDGE('',*,*,#1233,.T.);
#939=ORIENTED_EDGE('',*,*,#1234,.F.);
#940=ORIENTED_EDGE('',*,*,#1143,.F.);
#941=ORIENTED_EDGE('',*,*,#1234,.T.);
#942=ORIENTED_EDGE('',*,*,#1235,.T.);
#943=ORIENTED_EDGE('',*,*,#1236,.F.);
#944=ORIENTED_EDGE('',*,*,#1144,.F.);
#945=ORIENTED_EDGE('',*,*,#1236,.T.);
#946=ORIENTED_EDGE('',*,*,#1237,.T.);
#947=ORIENTED_EDGE('',*,*,#1238,.F.);
#948=ORIENTED_EDGE('',*,*,#1145,.F.);
#949=ORIENTED_EDGE('',*,*,#1238,.T.);
#950=ORIENTED_EDGE('',*,*,#1239,.T.);
#951=ORIENTED_EDGE('',*,*,#1240,.F.);
#952=ORIENTED_EDGE('',*,*,#1146,.F.);
#953=ORIENTED_EDGE('',*,*,#1240,.T.);
#954=ORIENTED_EDGE('',*,*,#1241,.T.);
#955=ORIENTED_EDGE('',*,*,#1242,.F.);
#956=ORIENTED_EDGE('',*,*,#1147,.F.);
#957=ORIENTED_EDGE('',*,*,#1242,.T.);
#958=ORIENTED_EDGE('',*,*,#1243,.T.);
#959=ORIENTED_EDGE('',*,*,#1232,.F.);
#960=ORIENTED_EDGE('',*,*,#1148,.F.);
#961=ORIENTED_EDGE('',*,*,#1244,.F.);
#962=ORIENTED_EDGE('',*,*,#1245,.T.);
#963=ORIENTED_EDGE('',*,*,#1246,.T.);
#964=ORIENTED_EDGE('',*,*,#1149,.F.);
#965=ORIENTED_EDGE('',*,*,#1246,.F.);
#966=ORIENTED_EDGE('',*,*,#1247,.F.);
#967=ORIENTED_EDGE('',*,*,#1248,.F.);
#968=ORIENTED_EDGE('',*,*,#1249,.F.);
#969=ORIENTED_EDGE('',*,*,#1250,.F.);
#970=ORIENTED_EDGE('',*,*,#1150,.F.);
#971=ORIENTED_EDGE('',*,*,#1249,.T.);
#972=ORIENTED_EDGE('',*,*,#1251,.F.);
#973=ORIENTED_EDGE('',*,*,#1252,.F.);
#974=ORIENTED_EDGE('',*,*,#1151,.F.);
#975=ORIENTED_EDGE('',*,*,#1252,.T.);
#976=ORIENTED_EDGE('',*,*,#1253,.T.);
#977=ORIENTED_EDGE('',*,*,#1254,.T.);
#978=ORIENTED_EDGE('',*,*,#1244,.T.);
#979=ORIENTED_EDGE('',*,*,#1255,.F.);
#980=ORIENTED_EDGE('',*,*,#1153,.F.);
#981=ORIENTED_EDGE('',*,*,#1161,.F.);
#982=ORIENTED_EDGE('',*,*,#1159,.F.);
#983=ORIENTED_EDGE('',*,*,#1157,.F.);
#984=ORIENTED_EDGE('',*,*,#1155,.F.);
#985=ORIENTED_EDGE('',*,*,#1256,.F.);
#986=ORIENTED_EDGE('',*,*,#1257,.F.);
#987=ORIENTED_EDGE('',*,*,#1258,.T.);
#988=ORIENTED_EDGE('',*,*,#1180,.F.);
#989=ORIENTED_EDGE('',*,*,#1176,.T.);
#990=ORIENTED_EDGE('',*,*,#1174,.F.);
#991=ORIENTED_EDGE('',*,*,#1259,.T.);
#992=ORIENTED_EDGE('',*,*,#1170,.T.);
#993=ORIENTED_EDGE('',*,*,#1260,.T.);
#994=ORIENTED_EDGE('',*,*,#1168,.F.);
#995=ORIENTED_EDGE('',*,*,#1165,.T.);
#996=ORIENTED_EDGE('',*,*,#1164,.F.);
#997=ORIENTED_EDGE('',*,*,#1219,.T.);
#998=ORIENTED_EDGE('',*,*,#1218,.F.);
#999=ORIENTED_EDGE('',*,*,#1216,.T.);
#1000=ORIENTED_EDGE('',*,*,#1214,.F.);
#1001=ORIENTED_EDGE('',*,*,#1261,.T.);
#1002=ORIENTED_EDGE('',*,*,#1210,.T.);
#1003=ORIENTED_EDGE('',*,*,#1262,.T.);
#1004=ORIENTED_EDGE('',*,*,#1208,.F.);
#1005=ORIENTED_EDGE('',*,*,#1205,.T.);
#1006=ORIENTED_EDGE('',*,*,#1202,.F.);
#1007=ORIENTED_EDGE('',*,*,#1263,.T.);
#1008=ORIENTED_EDGE('',*,*,#1264,.F.);
#1009=ORIENTED_EDGE('',*,*,#1265,.T.);
#1010=ORIENTED_EDGE('',*,*,#1266,.T.);
#1011=ORIENTED_EDGE('',*,*,#1167,.T.);
#1012=ORIENTED_EDGE('',*,*,#1260,.F.);
#1013=ORIENTED_EDGE('',*,*,#1169,.F.);
#1014=ORIENTED_EDGE('',*,*,#1113,.F.);
#1015=ORIENTED_EDGE('',*,*,#1173,.F.);
#1016=ORIENTED_EDGE('',*,*,#1115,.F.);
#1017=ORIENTED_EDGE('',*,*,#1171,.T.);
#1018=ORIENTED_EDGE('',*,*,#1259,.F.);
#1019=ORIENTED_EDGE('',*,*,#1177,.F.);
#1020=ORIENTED_EDGE('',*,*,#1267,.T.);
#1021=ORIENTED_EDGE('',*,*,#1186,.T.);
#1022=ORIENTED_EDGE('',*,*,#1179,.T.);
#1023=ORIENTED_EDGE('',*,*,#1185,.F.);
#1024=ORIENTED_EDGE('',*,*,#1119,.F.);
#1025=ORIENTED_EDGE('',*,*,#1268,.F.);
#1026=ORIENTED_EDGE('',*,*,#1181,.T.);
#1027=ORIENTED_EDGE('',*,*,#1258,.F.);
#1028=ORIENTED_EDGE('',*,*,#1268,.T.);
#1029=ORIENTED_EDGE('',*,*,#1269,.T.);
#1030=ORIENTED_EDGE('',*,*,#1270,.F.);
#1031=ORIENTED_EDGE('',*,*,#1182,.T.);
#1032=ORIENTED_EDGE('',*,*,#1267,.F.);
#1033=ORIENTED_EDGE('',*,*,#1270,.T.);
#1034=ORIENTED_EDGE('',*,*,#1271,.T.);
#1035=ORIENTED_EDGE('',*,*,#1272,.T.);
#1036=ORIENTED_EDGE('',*,*,#1273,.T.);
#1037=ORIENTED_EDGE('',*,*,#1199,.F.);
#1038=ORIENTED_EDGE('',*,*,#1194,.F.);
#1039=ORIENTED_EDGE('',*,*,#1189,.T.);
#1040=ORIENTED_EDGE('',*,*,#1187,.T.);
#1041=ORIENTED_EDGE('',*,*,#1183,.F.);
#1042=ORIENTED_EDGE('',*,*,#1250,.T.);
#1043=ORIENTED_EDGE('',*,*,#1191,.F.);
#1044=ORIENTED_EDGE('',*,*,#1256,.T.);
#1045=ORIENTED_EDGE('',*,*,#1192,.F.);
#1046=ORIENTED_EDGE('',*,*,#1274,.T.);
#1047=ORIENTED_EDGE('',*,*,#1275,.T.);
#1048=ORIENTED_EDGE('',*,*,#1195,.T.);
#1049=ORIENTED_EDGE('',*,*,#1273,.F.);
#1050=ORIENTED_EDGE('',*,*,#1276,.F.);
#1051=ORIENTED_EDGE('',*,*,#1200,.T.);
#1052=ORIENTED_EDGE('',*,*,#1196,.T.);
#1053=ORIENTED_EDGE('',*,*,#1275,.F.);
#1054=ORIENTED_EDGE('',*,*,#1204,.F.);
#1055=ORIENTED_EDGE('',*,*,#1125,.F.);
#1056=ORIENTED_EDGE('',*,*,#1198,.F.);
#1057=ORIENTED_EDGE('',*,*,#1274,.F.);
#1058=ORIENTED_EDGE('',*,*,#1263,.F.);
#1059=ORIENTED_EDGE('',*,*,#1201,.F.);
#1060=ORIENTED_EDGE('',*,*,#1207,.T.);
#1061=ORIENTED_EDGE('',*,*,#1262,.F.);
#1062=ORIENTED_EDGE('',*,*,#1209,.F.);
#1063=ORIENTED_EDGE('',*,*,#1129,.F.);
#1064=ORIENTED_EDGE('',*,*,#1213,.F.);
#1065=ORIENTED_EDGE('',*,*,#1131,.F.);
#1066=ORIENTED_EDGE('',*,*,#1211,.T.);
#1067=ORIENTED_EDGE('',*,*,#1261,.F.);
#1068=ORIENTED_EDGE('',*,*,#1231,.F.);
#1069=ORIENTED_EDGE('',*,*,#1229,.F.);
#1070=ORIENTED_EDGE('',*,*,#1227,.F.);
#1071=ORIENTED_EDGE('',*,*,#1225,.F.);
#1072=ORIENTED_EDGE('',*,*,#1223,.F.);
#1073=ORIENTED_EDGE('',*,*,#1221,.F.);
#1074=ORIENTED_EDGE('',*,*,#1277,.F.);
#1075=ORIENTED_EDGE('',*,*,#1243,.F.);
#1076=ORIENTED_EDGE('',*,*,#1241,.F.);
#1077=ORIENTED_EDGE('',*,*,#1239,.F.);
#1078=ORIENTED_EDGE('',*,*,#1237,.F.);
#1079=ORIENTED_EDGE('',*,*,#1235,.F.);
#1080=ORIENTED_EDGE('',*,*,#1233,.F.);
#1081=ORIENTED_EDGE('',*,*,#1278,.F.);
#1082=ORIENTED_EDGE('',*,*,#1279,.T.);
#1083=ORIENTED_EDGE('',*,*,#1247,.T.);
#1084=ORIENTED_EDGE('',*,*,#1245,.F.);
#1085=ORIENTED_EDGE('',*,*,#1254,.F.);
#1086=ORIENTED_EDGE('',*,*,#1251,.T.);
#1087=ORIENTED_EDGE('',*,*,#1248,.T.);
#1088=ORIENTED_EDGE('',*,*,#1279,.F.);
#1089=ORIENTED_EDGE('',*,*,#1253,.F.);
#1090=ORIENTED_EDGE('',*,*,#1280,.F.);
#1091=ORIENTED_EDGE('',*,*,#1255,.T.);
#1092=ORIENTED_EDGE('',*,*,#1271,.F.);
#1093=ORIENTED_EDGE('',*,*,#1269,.F.);
#1094=ORIENTED_EDGE('',*,*,#1257,.T.);
#1095=ORIENTED_EDGE('',*,*,#1276,.T.);
#1096=ORIENTED_EDGE('',*,*,#1272,.F.);
#1097=ORIENTED_EDGE('',*,*,#1264,.T.);
#1098=ORIENTED_EDGE('',*,*,#1265,.F.);
#1099=ORIENTED_EDGE('',*,*,#1277,.T.);
#1100=ORIENTED_EDGE('',*,*,#1266,.F.);
#1101=ORIENTED_EDGE('',*,*,#1278,.T.);
#1102=ORIENTED_EDGE('',*,*,#1280,.T.);
#1103=EDGE_CURVE('',#1281,#1281,#1282,.T.);
#1104=EDGE_CURVE('',#1283,#1283,#1284,.F.);
#1105=EDGE_CURVE('',#1285,#1286,#1287,.T.);
#1106=EDGE_CURVE('',#1285,#1288,#1289,.T.);
#1107=EDGE_CURVE('',#1288,#1290,#1291,.T.);
#1108=EDGE_CURVE('',#1290,#1292,#1293,.T.);
#1109=EDGE_CURVE('',#1292,#1286,#1294,.T.);
#1110=EDGE_CURVE('',#1295,#1296,#1297,.F.);
#1111=EDGE_CURVE('',#1295,#1298,#1299,.F.);
#1112=EDGE_CURVE('',#1300,#1298,#1301,.F.);
#1113=EDGE_CURVE('',#1300,#1302,#1303,.F.);
#1114=EDGE_CURVE('',#1302,#1304,#1305,.T.);
#1115=EDGE_CURVE('',#1304,#1306,#1307,.T.);
#1116=EDGE_CURVE('',#1308,#1306,#1309,.T.);
#1117=EDGE_CURVE('',#1308,#1310,#1311,.F.);
#1118=EDGE_CURVE('',#1312,#1310,#1313,.T.);
#1119=EDGE_CURVE('',#1312,#1314,#1315,.T.);
#1120=EDGE_CURVE('',#1316,#1314,#1317,.T.);
#1121=EDGE_CURVE('',#1318,#1316,#1319,.T.);
#1122=EDGE_CURVE('',#1318,#1320,#1321,.T.);
#1123=EDGE_CURVE('',#1320,#1322,#1323,.T.);
#1124=EDGE_CURVE('',#1324,#1322,#1325,.F.);
#1125=EDGE_CURVE('',#1324,#1326,#1327,.T.);
#1126=EDGE_CURVE('',#1328,#1326,#1329,.F.);
#1127=EDGE_CURVE('',#1328,#1330,#1331,.T.);
#1128=EDGE_CURVE('',#1332,#1330,#1333,.F.);
#1129=EDGE_CURVE('',#1332,#1334,#1335,.T.);
#1130=EDGE_CURVE('',#1334,#1336,#1337,.T.);
#1131=EDGE_CURVE('',#1336,#1338,#1339,.F.);
#1132=EDGE_CURVE('',#1340,#1338,#1341,.T.);
#1133=EDGE_CURVE('',#1340,#1342,#1343,.T.);
#1134=EDGE_CURVE('',#1344,#1342,#1345,.T.);
#1135=EDGE_CURVE('',#1344,#1296,#1346,.F.);
#1136=EDGE_CURVE('',#1347,#1348,#1349,.T.);
#1137=EDGE_CURVE('',#1348,#1350,#1351,.T.);
#1138=EDGE_CURVE('',#1350,#1352,#1353,.T.);
#1139=EDGE_CURVE('',#1352,#1354,#1355,.F.);
#1140=EDGE_CURVE('',#1354,#1356,#1357,.F.);
#1141=EDGE_CURVE('',#1356,#1347,#1358,.F.);
#1142=EDGE_CURVE('',#1359,#1360,#1361,.T.);
#1143=EDGE_CURVE('',#1360,#1362,#1363,.T.);
#1144=EDGE_CURVE('',#1362,#1364,#1365,.T.);
#1145=EDGE_CURVE('',#1364,#1366,#1367,.F.);
#1146=EDGE_CURVE('',#1366,#1368,#1369,.F.);
#1147=EDGE_CURVE('',#1368,#1359,#1370,.F.);
#1148=EDGE_CURVE('',#1371,#1372,#1373,.F.);
#1149=EDGE_CURVE('',#1372,#1374,#1375,.F.);
#1150=EDGE_CURVE('',#1374,#1376,#1377,.T.);
#1151=EDGE_CURVE('',#1376,#1371,#1378,.T.);
#1152=EDGE_CURVE('',#1286,#1379,#1380,.F.);
#1153=EDGE_CURVE('',#1379,#1381,#1382,.F.);
#1154=EDGE_CURVE('',#1381,#1285,#1383,.T.);
#1155=EDGE_CURVE('',#1381,#1384,#1385,.T.);
#1156=EDGE_CURVE('',#1288,#1384,#1386,.T.);
#1157=EDGE_CURVE('',#1384,#1387,#1388,.T.);
#1158=EDGE_CURVE('',#1290,#1387,#1389,.T.);
#1159=EDGE_CURVE('',#1387,#1390,#1391,.T.);
#1160=EDGE_CURVE('',#1292,#1390,#1392,.T.);
#1161=EDGE_CURVE('',#1390,#1379,#1393,.T.);
#1162=EDGE_CURVE('',#1295,#1394,#1395,.T.);
#1163=EDGE_CURVE('',#1296,#1396,#1397,.T.);
#1164=EDGE_CURVE('',#1396,#1394,#1398,.F.);
#1165=EDGE_CURVE('',#1399,#1394,#1400,.T.);
#1166=EDGE_CURVE('',#1298,#1399,#1401,.T.);
#1167=EDGE_CURVE('',#1300,#1402,#1403,.T.);
#1168=EDGE_CURVE('',#1399,#1402,#1404,.F.);
#1169=EDGE_CURVE('',#1302,#1405,#1406,.T.);
#1170=EDGE_CURVE('',#1407,#1405,#1408,.T.);
#1171=EDGE_CURVE('',#1304,#1407,#1409,.T.);
#1172=EDGE_CURVE('',#1308,#1410,#1411,.T.);
#1173=EDGE_CURVE('',#1306,#1412,#1413,.T.);
#1174=EDGE_CURVE('',#1412,#1410,#1414,.F.);
#1175=EDGE_CURVE('',#1310,#1415,#1416,.T.);
#1176=EDGE_CURVE('',#1415,#1410,#1417,.T.);
#1177=EDGE_CURVE('',#1418,#1419,#1420,.T.);
#1178=EDGE_CURVE('',#1421,#1419,#1422,.T.);
#1179=EDGE_CURVE('',#1312,#1421,#1423,.T.);
#1180=EDGE_CURVE('',#1415,#1424,#1425,.F.);
#1181=EDGE_CURVE('',#1418,#1424,#1426,.T.);
#1182=EDGE_CURVE('',#1427,#1428,#1429,.F.);
#1183=EDGE_CURVE('',#1427,#1430,#1431,.F.);
#1184=EDGE_CURVE('',#1316,#1430,#1432,.T.);
#1185=EDGE_CURVE('',#1314,#1421,#1433,.T.);
#1186=EDGE_CURVE('',#1428,#1419,#1434,.T.);
#1187=EDGE_CURVE('',#1435,#1430,#1436,.T.);
#1188=EDGE_CURVE('',#1435,#1318,#1437,.T.);
#1189=EDGE_CURVE('',#1438,#1435,#1439,.T.);
#1190=EDGE_CURVE('',#1320,#1438,#1440,.T.);
#1191=EDGE_CURVE('',#1441,#1441,#1442,.T.);
#1192=EDGE_CURVE('',#1443,#1443,#1444,.T.);
#1193=EDGE_CURVE('',#1445,#1322,#1446,.T.);
#1194=EDGE_CURVE('',#1438,#1445,#1447,.T.);
#1195=EDGE_CURVE('',#1448,#1449,#1450,.T.);
#1196=EDGE_CURVE('',#1451,#1448,#1452,.F.);
#1197=EDGE_CURVE('',#1453,#1451,#1454,.T.);
#1198=EDGE_CURVE('',#1453,#1324,#1455,.T.);
#1199=EDGE_CURVE('',#1445,#1449,#1456,.T.);
#1200=EDGE_CURVE('',#1457,#1451,#1458,.T.);
#1201=EDGE_CURVE('',#1457,#1459,#1460,.T.);
#1202=EDGE_CURVE('',#1459,#1461,#1462,.F.);
#1203=EDGE_CURVE('',#1328,#1461,#1463,.T.);
#1204=EDGE_CURVE('',#1326,#1453,#1464,.T.);
#1205=EDGE_CURVE('',#1465,#1461,#1466,.T.);
#1206=EDGE_CURVE('',#1330,#1465,#1467,.T.);
#1207=EDGE_CURVE('',#1332,#1468,#1469,.T.);
#1208=EDGE_CURVE('',#1465,#1468,#1470,.F.);
#1209=EDGE_CURVE('',#1334,#1471,#1472,.T.);
#1210=EDGE_CURVE('',#1473,#1471,#1474,.T.);
#1211=EDGE_CURVE('',#1336,#1473,#1475,.T.);
#1212=EDGE_CURVE('',#1340,#1476,#1477,.T.);
#1213=EDGE_CURVE('',#1338,#1478,#1479,.T.);
#1214=EDGE_CURVE('',#1478,#1476,#1480,.F.);
#1215=EDGE_CURVE('',#1342,#1481,#1482,.T.);
#1216=EDGE_CURVE('',#1481,#1476,#1483,.T.);
#1217=EDGE_CURVE('',#1344,#1484,#1485,.T.);
#1218=EDGE_CURVE('',#1481,#1484,#1486,.F.);
#1219=EDGE_CURVE('',#1396,#1484,#1487,.T.);
#1220=EDGE_CURVE('',#1347,#1488,#1489,.T.);
#1221=EDGE_CURVE('',#1488,#1490,#1491,.T.);
#1222=EDGE_CURVE('',#1348,#1490,#1492,.T.);
#1223=EDGE_CURVE('',#1490,#1493,#1494,.T.);
#1224=EDGE_CURVE('',#1350,#1493,#1495,.T.);
#1225=EDGE_CURVE('',#1493,#1496,#1497,.T.);
#1226=EDGE_CURVE('',#1352,#1496,#1498,.T.);
#1227=EDGE_CURVE('',#1496,#1499,#1500,.T.);
#1228=EDGE_CURVE('',#1354,#1499,#1501,.T.);
#1229=EDGE_CURVE('',#1499,#1502,#1503,.T.);
#1230=EDGE_CURVE('',#1356,#1502,#1504,.T.);
#1231=EDGE_CURVE('',#1502,#1488,#1505,.T.);
#1232=EDGE_CURVE('',#1359,#1506,#1507,.T.);
#1233=EDGE_CURVE('',#1506,#1508,#1509,.T.);
#1234=EDGE_CURVE('',#1360,#1508,#1510,.T.);
#1235=EDGE_CURVE('',#1508,#1511,#1512,.T.);
#1236=EDGE_CURVE('',#1362,#1511,#1513,.T.);
#1237=EDGE_CURVE('',#1511,#1514,#1515,.T.);
#1238=EDGE_CURVE('',#1364,#1514,#1516,.T.);
#1239=EDGE_CURVE('',#1514,#1517,#1518,.T.);
#1240=EDGE_CURVE('',#1366,#1517,#1519,.T.);
#1241=EDGE_CURVE('',#1517,#1520,#1521,.T.);
#1242=EDGE_CURVE('',#1368,#1520,#1522,.T.);
#1243=EDGE_CURVE('',#1520,#1506,#1523,.T.);
#1244=EDGE_CURVE('',#1524,#1371,#1525,.T.);
#1245=EDGE_CURVE('',#1524,#1526,#1527,.T.);
#1246=EDGE_CURVE('',#1526,#1372,#1528,.T.);
#1247=EDGE_CURVE('',#1529,#1526,#1530,.T.);
#1248=EDGE_CURVE('',#1531,#1529,#1532,.T.);
#1249=EDGE_CURVE('',#1374,#1531,#1533,.T.);
#1250=EDGE_CURVE('',#1534,#1534,#1535,.T.);
#1251=EDGE_CURVE('',#1536,#1531,#1537,.T.);
#1252=EDGE_CURVE('',#1376,#1536,#1538,.T.);
#1253=EDGE_CURVE('',#1536,#1539,#1540,.T.);
#1254=EDGE_CURVE('',#1539,#1524,#1541,.T.);
#1255=EDGE_CURVE('',#1542,#1542,#1543,.F.);
#1256=EDGE_CURVE('',#1544,#1544,#1545,.T.);
#1257=EDGE_CURVE('',#1546,#1547,#1548,.F.);
#1258=EDGE_CURVE('',#1546,#1424,#1549,.T.);
#1259=EDGE_CURVE('',#1412,#1407,#1550,.T.);
#1260=EDGE_CURVE('',#1405,#1402,#1551,.T.);
#1261=EDGE_CURVE('',#1478,#1473,#1552,.T.);
#1262=EDGE_CURVE('',#1471,#1468,#1553,.T.);
#1263=EDGE_CURVE('',#1459,#1554,#1555,.T.);
#1264=EDGE_CURVE('',#1547,#1554,#1556,.F.);
#1265=EDGE_CURVE('',#1557,#1557,#1558,.F.);
#1266=EDGE_CURVE('',#1559,#1559,#1560,.F.);
#1267=EDGE_CURVE('',#1418,#1428,#1561,.F.);
#1268=EDGE_CURVE('',#1418,#1546,#1562,.F.);
#1269=EDGE_CURVE('',#1546,#1563,#1564,.T.);
#1270=EDGE_CURVE('',#1427,#1563,#1565,.F.);
#1271=EDGE_CURVE('',#1563,#1547,#1566,.F.);
#1272=EDGE_CURVE('',#1547,#1567,#1568,.F.);
#1273=EDGE_CURVE('',#1567,#1449,#1569,.F.);
#1274=EDGE_CURVE('',#1554,#1457,#1570,.F.);
#1275=EDGE_CURVE('',#1457,#1448,#1571,.T.);
#1276=EDGE_CURVE('',#1554,#1567,#1572,.T.);
#1277=EDGE_CURVE('',#1573,#1573,#1574,.F.);
#1278=EDGE_CURVE('',#1575,#1575,#1576,.F.);
#1279=EDGE_CURVE('',#1539,#1529,#1577,.T.);
#1280=EDGE_CURVE('',#1578,#1578,#1579,.T.);
#1281=VERTEX_POINT('',#1580);
#1282=CIRCLE('',#1581,1.6);
#1283=VERTEX_POINT('',#1585);
#1284=CIRCLE('',#1586,1.6);
#1285=VERTEX_POINT('',#1590);
#1286=VERTEX_POINT('',#1591);
#1287=CIRCLE('',#1592,70.7451389493906);
#1288=VERTEX_POINT('',#1596);
#1289=LINE('',#1597,#1598);
#1290=VERTEX_POINT('',#1600);
#1291=LINE('',#1601,#1602);
#1292=VERTEX_POINT('',#1604);
#1293=LINE('',#1605,#1606);
#1294=LINE('',#1608,#1609);
#1295=VERTEX_POINT('',#1611);
#1296=VERTEX_POINT('',#1612);
#1297=B_SPLINE_CURVE_WITH_KNOTS('',3,
(#1613,#1614,#1615,#1616,#1617,#1618,#1619,#1620,#1621,#1622,#1623,#1624,#1625,#1626,
#1627,#1628,#1629,#1630,#1631,#1632,#1633,#1634,#1635,#1636,#1637,#1638,#1639,#1640,
#1641,#1642,#1643),
.UNSPECIFIED.,.F.,.F.,
(4,1,1,1,1,1,1,1,1,1,1,1,1,1,1,1,1,1,1,1,1,1,1,1,1,1,1,1,4),
(0.,0.0205147344120553,0.0424995664732645,0.066279298161344,0.105587357552957,0.16546842240518,
0.248634724871327,0.324359177845489,0.3854090278198,0.437585687352085,0.486771868520139,
0.533003085935342,0.570131270652929,0.609858328099078,0.651802921400264,0.693467899951368,
0.731619117580594,0.766635153214701,0.801313420060219,0.836880935789913,0.86639717009786,
0.887044369511732,0.900692108555097,0.914198704746069,0.931433062122147,0.948226775317345,
0.964602754524315,0.980427040242625,1.),
.UNSPECIFIED.);
#1298=VERTEX_POINT('',#1644);
#1299=LINE('',#1645,#1646);
#1300=VERTEX_POINT('',#1648);
#1301=(BOUNDED_CURVE()B_SPLINE_CURVE(3,
(#1649,#1650,#1651,#1652),
.UNSPECIFIED.,.F.,.F.)B_SPLINE_CURVE_WITH_KNOTS((4,4),
(0.,1.),
.UNSPECIFIED.)CURVE()GEOMETRIC_REPRESENTATION_ITEM()RATIONAL_B_SPLINE_CURVE((1.,
0.999960210421282,0.999960210421282,1.))REPRESENTATION_ITEM(''));
#1302=VERTEX_POINT('',#1653);
#1303=CIRCLE('',#1654,70.7451389493906);
#1304=VERTEX_POINT('',#1658);
#1305=B_SPLINE_CURVE_WITH_KNOTS('',3,
(#1659,#1660,#1661,#1662,#1663,#1664,#1665,#1666,#1667,#1668,#1669,#1670,#1671,#1672,
#1673,#1674,#1675,#1676,#1677,#1678,#1679,#1680,#1681,#1682,#1683,#1684,#1685,#1686,
#1687,#1688,#1689,#1690,#1691,#1692,#1693,#1694,#1695,#1696,#1697,#1698,#1699,#1700,
#1701,#1702,#1703,#1704,#1705,#1706,#1707,#1708,#1709,#1710,#1711,#1712,#1713,#1714,
#1715,#1716,#1717,#1718,#1719,#1720,#1721,#1722,#1723,#1724,#1725,#1726,#1727,#1728,
#1729,#1730,#1731,#1732,#1733,#1734,#1735,#1736,#1737,#1738,#1739,#1740,#1741,#1742),
.UNSPECIFIED.,.F.,.F.,
(4,1,1,1,1,1,1,1,1,1,1,1,1,1,1,1,1,1,1,1,1,1,1,1,1,1,1,1,1,1,1,1,1,1,1,1,1,1,1,1,
1,1,1,1,1,1,1,1,1,1,1,1,1,1,1,1,1,1,1,1,1,1,1,1,1,1,1,1,1,1,1,1,1,1,1,1,1,1,1,1,
1,4),
(0.,0.00459096489104843,0.00985066781262,0.0157850935116414,0.0249159424164959,0.0368819889870946,
0.0487687950193343,0.058071147960805,0.0668597873725057,0.0767810951310479,0.0878264955959282,
0.103001027946047,0.123885918032243,0.149039358291679,0.17336743598916,0.196575916539998,
0.220146184984169,0.241833708589289,0.258650097590405,0.270548433869547,0.282562002719907,
0.297691335774648,0.312901702481087,0.325130235899767,0.334322396664353,0.343506470168859,
0.352645403010833,0.361745921984615,0.373763629431793,0.385682933834505,0.397503265903679,
0.406239584395161,0.414939781091902,0.4245242269418,0.435024182246048,0.450180167563292,
0.465268679647907,0.480296965917809,0.490517272771942,0.499718750936515,0.500001680090075,
0.507876106962523,0.516015640449507,0.524105884496239,0.53216737817626,0.540194885460451,
0.548221730924283,0.556282113184716,0.564372914440598,0.572527242764165,0.580707199080915,
0.593675073758719,0.613365705126663,0.639895389397812,0.662800111046417,0.680109916372185,
0.693778902538963,0.709575125530515,0.724544957795197,0.736611221427411,0.745733524883659,
0.754868212166874,0.767060666659988,0.782267513210213,0.802431557234373,0.824490684473788,
0.848463156168605,0.867437051814077,0.881424471488421,0.890451164124437,0.899493149156688,
0.908560240531829,0.917637370945568,0.926731522024786,0.935841863352631,0.944975869978972,
0.95411862808509,0.963236544196826,0.972251886948048,0.981288463826011,0.990494793219444,
1.),
.UNSPECIFIED.);
#1306=VERTEX_POINT('',#1743);
#1307=CIRCLE('',#1744,70.7451389493906);
#1308=VERTEX_POINT('',#1748);
#1309=(BOUNDED_CURVE()B_SPLINE_CURVE(3,
(#1749,#1750,#1751,#1752),
.UNSPECIFIED.,.F.,.F.)B_SPLINE_CURVE_WITH_KNOTS((4,4),
(0.,1.),
.UNSPECIFIED.)CURVE()GEOMETRIC_REPRESENTATION_ITEM()RATIONAL_B_SPLINE_CURVE((1.,
0.999960210421282,0.999960210421282,1.))REPRESENTATION_ITEM(''));
#1310=VERTEX_POINT('',#1753);
#1311=LINE('',#1754,#1755);
#1312=VERTEX_POINT('',#1757);
#1313=B_SPLINE_CURVE_WITH_KNOTS('',3,
(#1758,#1759,#1760,#1761,#1762,#1763,#1764,#1765,#1766,#1767,#1768,#1769,#1770,#1771,
#1772,#1773,#1774,#1775,#1776,#1777,#1778,#1779,#1780,#1781,#1782,#1783,#1784,#1785,
#1786,#1787,#1788),
.UNSPECIFIED.,.F.,.F.,
(4,1,1,1,1,1,1,1,1,1,1,1,1,1,1,1,1,1,1,1,1,1,1,1,1,1,1,1,4),
(0.,0.0205147344120646,0.0424995664732679,0.0662792981613423,0.105587357552965,0.16546842240519,
0.248634724871344,0.324359177845511,0.385409027819817,0.437585687352104,0.48677186852016,
0.533003085935369,0.570131270652957,0.609858328099103,0.651802921400286,0.69346789995139,
0.731619117580614,0.766635153214717,0.801313420060242,0.83688093578994,0.866397170097884,
0.887044369511744,0.900692108555109,0.914198704746077,0.931433062122163,0.948226775317355,
0.964602754524322,0.980427040242624,1.),
.UNSPECIFIED.);
#1314=VERTEX_POINT('',#1789);
#1315=CIRCLE('',#1790,70.7451389493906);
#1316=VERTEX_POINT('',#1794);
#1317=(BOUNDED_CURVE()B_SPLINE_CURVE(3,
(#1795,#1796,#1797,#1798),
.UNSPECIFIED.,.F.,.F.)B_SPLINE_CURVE_WITH_KNOTS((4,4),
(0.,1.),
.UNSPECIFIED.)CURVE()GEOMETRIC_REPRESENTATION_ITEM()RATIONAL_B_SPLINE_CURVE((1.,
0.999961504314997,0.999961504314997,1.))REPRESENTATION_ITEM(''));
#1318=VERTEX_POINT('',#1799);
#1319=LINE('',#1800,#1801);
#1320=VERTEX_POINT('',#1803);
#1321=CIRCLE('',#1804,70.7451389493906);
#1322=VERTEX_POINT('',#1808);
#1323=LINE('',#1809,#1810);
#1324=VERTEX_POINT('',#1812);
#1325=(BOUNDED_CURVE()B_SPLINE_CURVE(3,
(#1813,#1814,#1815,#1816),
.UNSPECIFIED.,.F.,.F.)B_SPLINE_CURVE_WITH_KNOTS((4,4),
(0.,1.),
.UNSPECIFIED.)CURVE()GEOMETRIC_REPRESENTATION_ITEM()RATIONAL_B_SPLINE_CURVE((1.,
0.999961504314997,0.999961504314997,1.))REPRESENTATION_ITEM(''));
#1326=VERTEX_POINT('',#1817);
#1327=CIRCLE('',#1818,70.7451389493906);
#1328=VERTEX_POINT('',#1822);
#1329=B_SPLINE_CURVE_WITH_KNOTS('',3,
(#1823,#1824,#1825,#1826,#1827,#1828,#1829,#1830,#1831,#1832,#1833,#1834,#1835,#1836,
#1837,#1838,#1839,#1840,#1841,#1842,#1843,#1844,#1845,#1846,#1847,#1848,#1849,#1850,
#1851,#1852,#1853),
.UNSPECIFIED.,.F.,.F.,
(4,1,1,1,1,1,1,1,1,1,1,1,1,1,1,1,1,1,1,1,1,1,1,1,1,1,1,1,4),
(0.,0.0205147344120571,0.0424995664732616,0.0662792981613399,0.105587357552963,0.165468422405181,
0.248634724871334,0.324359177845505,0.385409027819809,0.4375856873521,0.486771868520157,
0.533003085935363,0.570131270652948,0.609858328099094,0.651802921400278,0.693467899951382,
0.731619117580603,0.766635153214712,0.801313420060236,0.83688093578993,0.866397170097875,
0.887044369511737,0.900692108555102,0.914198704746068,0.931433062122155,0.948226775317351,
0.964602754524322,0.980427040242623,1.),
.UNSPECIFIED.);
#1330=VERTEX_POINT('',#1854);
#1331=LINE('',#1855,#1856);
#1332=VERTEX_POINT('',#1858);
#1333=(BOUNDED_CURVE()B_SPLINE_CURVE(3,
(#1859,#1860,#1861,#1862),
.UNSPECIFIED.,.F.,.F.)B_SPLINE_CURVE_WITH_KNOTS((4,4),
(0.,1.),
.UNSPECIFIED.)CURVE()GEOMETRIC_REPRESENTATION_ITEM()RATIONAL_B_SPLINE_CURVE((1.,
0.999960210421282,0.999960210421282,1.))REPRESENTATION_ITEM(''));
#1334=VERTEX_POINT('',#1863);
#1335=CIRCLE('',#1864,70.7451389493906);
#1336=VERTEX_POINT('',#1868);
#1337=B_SPLINE_CURVE_WITH_KNOTS('',3,
(#1869,#1870,#1871,#1872,#1873,#1874,#1875,#1876,#1877,#1878,#1879,#1880,#1881,#1882,
#1883,#1884,#1885,#1886,#1887,#1888,#1889,#1890,#1891,#1892,#1893,#1894,#1895,#1896,
#1897,#1898,#1899,#1900,#1901,#1902,#1903,#1904,#1905,#1906,#1907,#1908,#1909,#1910,
#1911,#1912,#1913,#1914,#1915,#1916,#1917,#1918,#1919,#1920,#1921,#1922,#1923,#1924,
#1925,#1926,#1927,#1928,#1929,#1930,#1931,#1932,#1933,#1934,#1935,#1936,#1937,#1938,
#1939),
.UNSPECIFIED.,.F.,.F.,
(4,1,1,1,1,1,1,1,1,1,1,1,1,1,1,1,1,1,1,1,1,1,1,1,1,1,1,1,1,1,1,1,1,1,1,1,1,1,1,1,
1,1,1,1,1,1,1,1,1,1,1,1,1,1,1,1,1,1,1,1,1,1,1,1,1,1,1,1,4),
(0.,0.00939293595343259,0.0185814829764636,0.0276925657614705,0.0368649920794724,
0.046093698298826,0.0553726913572102,0.0646661659360856,0.0739774135110261,0.0833007786890173,
0.0965160674448749,0.110483624015656,0.125206241923339,0.144268865341083,0.173644407906594,
0.206939686282426,0.236695647799035,0.266389610969027,0.30091193218778,0.340200320151016,
0.370558136999813,0.39348472155744,0.412056934416965,0.428446631299611,0.44264688990774,
0.451606929730986,0.460535907449424,0.469353286829716,0.478082012659872,0.48665444479767,
0.495158602347385,0.500001660082267,0.506257124107082,0.517243805269378,0.528105684372237,
0.537010101045705,0.546721416881757,0.560691498502539,0.57805014673438,0.598917035422375,
0.621792859165977,0.646961102645356,0.672689112976541,0.69734163602415,0.720723197349032,
0.740501480225696,0.7563541231368,0.770111858790661,0.785641238702146,0.800015262251895,
0.811380790807818,0.819807253629662,0.828220235466243,0.839442024496299,0.853540637444198,
0.867760946436823,0.879278283990125,0.8881000751179,0.896976301508806,0.905987376143314,
0.9150799297048,0.924295336190756,0.933544146802603,0.946022027211887,0.958582234996125,
0.971240903487928,0.980806398033957,0.990387793507645,1.),
.UNSPECIFIED.);
#1338=VERTEX_POINT('',#1940);
#1339=CIRCLE('',#1941,70.7451389493906);
#1340=VERTEX_POINT('',#1945);
#1341=(BOUNDED_CURVE()B_SPLINE_CURVE(3,
(#1946,#1947,#1948,#1949),
.UNSPECIFIED.,.F.,.F.)B_SPLINE_CURVE_WITH_KNOTS((4,4),
(0.,1.),
.UNSPECIFIED.)CURVE()GEOMETRIC_REPRESENTATION_ITEM()RATIONAL_B_SPLINE_CURVE((1.,
0.999960210421282,0.999960210421282,1.))REPRESENTATION_ITEM(''));
#1342=VERTEX_POINT('',#1950);
#1343=LINE('',#1951,#1952);
#1344=VERTEX_POINT('',#1954);
#1345=B_SPLINE_CURVE_WITH_KNOTS('',3,
(#1955,#1956,#1957,#1958,#1959,#1960,#1961,#1962,#1963,#1964,#1965,#1966,#1967,#1968,
#1969,#1970,#1971,#1972,#1973,#1974,#1975,#1976,#1977,#1978,#1979,#1980,#1981,#1982,
#1983,#1984,#1985),
.UNSPECIFIED.,.F.,.F.,
(4,1,1,1,1,1,1,1,1,1,1,1,1,1,1,1,1,1,1,1,1,1,1,1,1,1,1,1,4),
(0.,0.0205147344120489,0.0424995664732548,0.0662792981613308,0.105587357552954,0.165468422405178,
0.248634724871325,0.324359177845493,0.385409027819796,0.437585687352085,0.486771868520142,
0.533003085935349,0.570131270652935,0.609858328099089,0.651802921400267,0.69346789995136,
0.731619117580581,0.766635153214682,0.801313420060205,0.836880935789907,0.866397170097857,
0.887044369511725,0.900692108555091,0.914198704746054,0.931433062122137,0.94822677531734,
0.964602754524315,0.980427040242621,1.),
.UNSPECIFIED.);
#1346=CIRCLE('',#1986,70.7451389493906);
#1347=VERTEX_POINT('',#1990);
#1348=VERTEX_POINT('',#1991);
#1349=LINE('',#1992,#1993);
#1350=VERTEX_POINT('',#1995);
#1351=(BOUNDED_CURVE()B_SPLINE_CURVE(3,
(#1996,#1997,#1998,#1999),
.UNSPECIFIED.,.F.,.F.)B_SPLINE_CURVE_WITH_KNOTS((4,4),
(0.,1.),
.UNSPECIFIED.)CURVE()GEOMETRIC_REPRESENTATION_ITEM()RATIONAL_B_SPLINE_CURVE((1.,
0.999847790943648,0.999847790943648,1.))REPRESENTATION_ITEM(''));
#1352=VERTEX_POINT('',#2000);
#1353=(BOUNDED_CURVE()B_SPLINE_CURVE(3,
(#2001,#2002,#2003,#2004),
.UNSPECIFIED.,.F.,.F.)B_SPLINE_CURVE_WITH_KNOTS((4,4),
(0.,1.),
.UNSPECIFIED.)CURVE()GEOMETRIC_REPRESENTATION_ITEM()RATIONAL_B_SPLINE_CURVE((1.,
0.999851266879067,0.999851266879067,1.))REPRESENTATION_ITEM(''));
#1354=VERTEX_POINT('',#2005);
#1355=LINE('',#2006,#2007);
#1356=VERTEX_POINT('',#2009);
#1357=(BOUNDED_CURVE()B_SPLINE_CURVE(3,
(#2010,#2011,#2012,#2013),
.UNSPECIFIED.,.F.,.F.)B_SPLINE_CURVE_WITH_KNOTS((4,4),
(0.,1.),
.UNSPECIFIED.)CURVE()GEOMETRIC_REPRESENTATION_ITEM()RATIONAL_B_SPLINE_CURVE((1.,
0.999851266879067,0.999851266879067,1.))REPRESENTATION_ITEM(''));
#1358=(BOUNDED_CURVE()B_SPLINE_CURVE(3,
(#2014,#2015,#2016,#2017),
.UNSPECIFIED.,.F.,.F.)B_SPLINE_CURVE_WITH_KNOTS((4,4),
(0.,1.),
.UNSPECIFIED.)CURVE()GEOMETRIC_REPRESENTATION_ITEM()RATIONAL_B_SPLINE_CURVE((1.,
0.999847790943648,0.999847790943648,1.))REPRESENTATION_ITEM(''));
#1359=VERTEX_POINT('',#2018);
#1360=VERTEX_POINT('',#2019);
#1361=LINE('',#2020,#2021);
#1362=VERTEX_POINT('',#2023);
#1363=(BOUNDED_CURVE()B_SPLINE_CURVE(3,
(#2024,#2025,#2026,#2027),
.UNSPECIFIED.,.F.,.F.)B_SPLINE_CURVE_WITH_KNOTS((4,4),
(0.,1.),
.UNSPECIFIED.)CURVE()GEOMETRIC_REPRESENTATION_ITEM()RATIONAL_B_SPLINE_CURVE((1.,
0.999851361240084,0.999851361240084,1.))REPRESENTATION_ITEM(''));
#1364=VERTEX_POINT('',#2028);
#1365=(BOUNDED_CURVE()B_SPLINE_CURVE(3,
(#2029,#2030,#2031,#2032),
.UNSPECIFIED.,.F.,.F.)B_SPLINE_CURVE_WITH_KNOTS((4,4),
(0.,1.),
.UNSPECIFIED.)CURVE()GEOMETRIC_REPRESENTATION_ITEM()RATIONAL_B_SPLINE_CURVE((1.,
0.999847906563403,0.999847906563403,1.))REPRESENTATION_ITEM(''));
#1366=VERTEX_POINT('',#2033);
#1367=LINE('',#2034,#2035);
#1368=VERTEX_POINT('',#2037);
#1369=(BOUNDED_CURVE()B_SPLINE_CURVE(3,
(#2038,#2039,#2040,#2041),
.UNSPECIFIED.,.F.,.F.)B_SPLINE_CURVE_WITH_KNOTS((4,4),
(0.,1.),
.UNSPECIFIED.)CURVE()GEOMETRIC_REPRESENTATION_ITEM()RATIONAL_B_SPLINE_CURVE((1.,
0.999847906563403,0.999847906563403,1.))REPRESENTATION_ITEM(''));
#1370=(BOUNDED_CURVE()B_SPLINE_CURVE(3,
(#2042,#2043,#2044,#2045),
.UNSPECIFIED.,.F.,.F.)B_SPLINE_CURVE_WITH_KNOTS((4,4),
(0.,1.),
.UNSPECIFIED.)CURVE()GEOMETRIC_REPRESENTATION_ITEM()RATIONAL_B_SPLINE_CURVE((1.,
0.999851361240084,0.999851361240084,1.))REPRESENTATION_ITEM(''));
#1371=VERTEX_POINT('',#2046);
#1372=VERTEX_POINT('',#2047);
#1373=LINE('',#2048,#2049);
#1374=VERTEX_POINT('',#2051);
#1375=CIRCLE('',#2052,70.7451389493906);
#1376=VERTEX_POINT('',#2056);
#1377=LINE('',#2057,#2058);
#1378=CIRCLE('',#2060,70.7451389493906);
#1379=VERTEX_POINT('',#2064);
#1380=LINE('',#2065,#2066);
#1381=VERTEX_POINT('',#2068);
#1382=CIRCLE('',#2069,70.7451389493906);
#1383=LINE('',#2073,#2074);
#1384=VERTEX_POINT('',#2076);
#1385=LINE('',#2077,#2078);
#1386=LINE('',#2080,#2081);
#1387=VERTEX_POINT('',#2083);
#1388=LINE('',#2084,#2085);
#1389=LINE('',#2087,#2088);
#1390=VERTEX_POINT('',#2090);
#1391=LINE('',#2091,#2092);
#1392=LINE('',#2094,#2095);
#1393=LINE('',#2097,#2098);
#1394=VERTEX_POINT('',#2100);
#1395=LINE('',#2101,#2102);
#1396=VERTEX_POINT('',#2104);
#1397=LINE('',#2105,#2106);
#1398=CIRCLE('',#2108,1.);
#1399=VERTEX_POINT('',#2112);
#1400=LINE('',#2113,#2114);
#1401=LINE('',#2116,#2117);
#1402=VERTEX_POINT('',#2119);
#1403=LINE('',#2120,#2121);
#1404=LINE('',#2123,#2124);
#1405=VERTEX_POINT('',#2126);
#1406=LINE('',#2127,#2128);
#1407=VERTEX_POINT('',#2130);
#1408=CIRCLE('',#2131,3.7);
#1409=LINE('',#2135,#2136);
#1410=VERTEX_POINT('',#2138);
#1411=LINE('',#2139,#2140);
#1412=VERTEX_POINT('',#2142);
#1413=LINE('',#2143,#2144);
#1414=LINE('',#2146,#2147);
#1415=VERTEX_POINT('',#2149);
#1416=LINE('',#2150,#2151);
#1417=LINE('',#2153,#2154);
#1418=VERTEX_POINT('',#2156);
#1419=VERTEX_POINT('',#2157);
#1420=B_SPLINE_CURVE_WITH_KNOTS('',3,
(#2158,#2159,#2160,#2161,#2162,#2163),
.UNSPECIFIED.,.F.,.F.,
(4,1,1,4),
(0.,0.333333333333333,0.666666666666667,1.),
.UNSPECIFIED.);
#1421=VERTEX_POINT('',#2164);
#1422=(BOUNDED_CURVE()B_SPLINE_CURVE(3,
(#2165,#2166,#2167,#2168),
.UNSPECIFIED.,.F.,.F.)B_SPLINE_CURVE_WITH_KNOTS((4,4),
(0.,1.),
.UNSPECIFIED.)CURVE()GEOMETRIC_REPRESENTATION_ITEM()RATIONAL_B_SPLINE_CURVE((1.,
0.999230999955566,0.999230999955566,1.))REPRESENTATION_ITEM(''));
#1423=LINE('',#2169,#2170);
#1424=VERTEX_POINT('',#2172);
#1425=CIRCLE('',#2173,1.);
#1426=LINE('',#2177,#2178);
#1427=VERTEX_POINT('',#2180);
#1428=VERTEX_POINT('',#2181);
#1429=B_SPLINE_CURVE_WITH_KNOTS('',3,
(#2182,#2183,#2184,#2185,#2186,#2187,#2188,#2189,#2190,#2191,#2192,#2193,#2194),
.UNSPECIFIED.,.F.,.F.,
(4,1,1,1,1,1,1,1,1,1,4),
(0.,0.0636720004081991,0.14935033710989,0.268413974548421,0.423358717719609,0.571112032112144,
0.700304670372641,0.799370695021656,0.79975186748411,0.899611102946505,1.),
.UNSPECIFIED.);
#1430=VERTEX_POINT('',#2195);
#1431=(BOUNDED_CURVE()B_SPLINE_CURVE(3,
(#2196,#2197,#2198,#2199),
.UNSPECIFIED.,.F.,.F.)B_SPLINE_CURVE_WITH_KNOTS((4,4),
(0.,1.),
.UNSPECIFIED.)CURVE()GEOMETRIC_REPRESENTATION_ITEM()RATIONAL_B_SPLINE_CURVE((1.,
0.999996815622998,0.999996815622998,1.))REPRESENTATION_ITEM(''));
#1432=LINE('',#2200,#2201);
#1433=LINE('',#2203,#2204);
#1434=B_SPLINE_CURVE_WITH_KNOTS('',3,
(#2206,#2207,#2208,#2209,#2210,#2211,#2212,#2213,#2214,#2215,#2216,#2217,#2218),
.UNSPECIFIED.,.F.,.F.,
(4,1,1,1,1,1,1,1,1,1,4),
(0.,0.127974551592535,0.252328557258692,0.373478524629774,0.490177480801436,0.605547771005389,
0.708689965290378,0.80095217725523,0.874830777328182,0.941154427711054,1.),
.UNSPECIFIED.);
#1435=VERTEX_POINT('',#2219);
#1436=LINE('',#2220,#2221);
#1437=LINE('',#2223,#2224);
#1438=VERTEX_POINT('',#2226);
#1439=CIRCLE('',#2227,81.6399999999996);
#1440=LINE('',#2231,#2232);
#1441=VERTEX_POINT('',#2234);
#1442=CIRCLE('',#2235,1.6);
#1443=VERTEX_POINT('',#2239);
#1444=CIRCLE('',#2240,1.6);
#1445=VERTEX_POINT('',#2244);
#1446=LINE('',#2245,#2246);
#1447=LINE('',#2248,#2249);
#1448=VERTEX_POINT('',#2251);
#1449=VERTEX_POINT('',#2252);
#1450=B_SPLINE_CURVE_WITH_KNOTS('',3,
(#2253,#2254,#2255,#2256,#2257,#2258,#2259,#2260,#2261,#2262,#2263,#2264,#2265),
.UNSPECIFIED.,.F.,.F.,
(4,1,1,1,1,1,1,1,1,1,4),
(0.,0.0636720004103477,0.149350337114951,0.268413974557635,0.423358717734508,0.571112032130574,
0.700304670391966,0.799370695017177,0.799751867499058,0.899611102955034,1.),
.UNSPECIFIED.);
#1451=VERTEX_POINT('',#2266);
#1452=B_SPLINE_CURVE_WITH_KNOTS('',3,
(#2267,#2268,#2269,#2270,#2271,#2272,#2273,#2274,#2275,#2276,#2277,#2278,#2279),
.UNSPECIFIED.,.F.,.F.,
(4,1,1,1,1,1,1,1,1,1,4),
(0.,0.127974551576623,0.252328557231041,0.373478524594431,0.490177480767215,0.605547770976959,
0.708689965270212,0.800952177241007,0.874830777318233,0.941154427705809,1.),
.UNSPECIFIED.);
#1453=VERTEX_POINT('',#2280);
#1454=(BOUNDED_CURVE()B_SPLINE_CURVE(3,
(#2281,#2282,#2283,#2284),
.UNSPECIFIED.,.F.,.F.)B_SPLINE_CURVE_WITH_KNOTS((4,4),
(0.,1.),
.UNSPECIFIED.)CURVE()GEOMETRIC_REPRESENTATION_ITEM()RATIONAL_B_SPLINE_CURVE((1.,
0.99923099995537,0.99923099995537,1.))REPRESENTATION_ITEM(''));
#1455=LINE('',#2285,#2286);
#1456=(BOUNDED_CURVE()B_SPLINE_CURVE(3,
(#2288,#2289,#2290,#2291),
.UNSPECIFIED.,.F.,.F.)B_SPLINE_CURVE_WITH_KNOTS((4,4),
(0.,1.),
.UNSPECIFIED.)CURVE()GEOMETRIC_REPRESENTATION_ITEM()RATIONAL_B_SPLINE_CURVE((1.,
0.999996815622998,0.999996815622998,1.))REPRESENTATION_ITEM(''));
#1457=VERTEX_POINT('',#2292);
#1458=B_SPLINE_CURVE_WITH_KNOTS('',3,
(#2293,#2294,#2295,#2296,#2297,#2298),
.UNSPECIFIED.,.F.,.F.,
(4,1,1,4),
(0.,0.333333333333333,0.666666666666667,1.),
.UNSPECIFIED.);
#1459=VERTEX_POINT('',#2299);
#1460=LINE('',#2300,#2301);
#1461=VERTEX_POINT('',#2303);
#1462=CIRCLE('',#2304,0.999999999999998);
#1463=LINE('',#2308,#2309);
#1464=LINE('',#2311,#2312);
#1465=VERTEX_POINT('',#2314);
#1466=LINE('',#2315,#2316);
#1467=LINE('',#2318,#2319);
#1468=VERTEX_POINT('',#2321);
#1469=LINE('',#2322,#2323);
#1470=LINE('',#2325,#2326);
#1471=VERTEX_POINT('',#2328);
#1472=LINE('',#2329,#2330);
#1473=VERTEX_POINT('',#2332);
#1474=CIRCLE('',#2333,3.7);
#1475=LINE('',#2337,#2338);
#1476=VERTEX_POINT('',#2340);
#1477=LINE('',#2341,#2342);
#1478=VERTEX_POINT('',#2344);
#1479=LINE('',#2345,#2346);
#1480=LINE('',#2348,#2349);
#1481=VERTEX_POINT('',#2351);
#1482=LINE('',#2352,#2353);
#1483=LINE('',#2355,#2356);
#1484=VERTEX_POINT('',#2358);
#1485=LINE('',#2359,#2360);
#1486=CIRCLE('',#2362,0.999999999999996);
#1487=LINE('',#2366,#2367);
#1488=VERTEX_POINT('',#2369);
#1489=LINE('',#2370,#2371);
#1490=VERTEX_POINT('',#2373);
#1491=LINE('',#2374,#2375);
#1492=LINE('',#2377,#2378);
#1493=VERTEX_POINT('',#2380);
#1494=LINE('',#2381,#2382);
#1495=LINE('',#2384,#2385);
#1496=VERTEX_POINT('',#2387);
#1497=LINE('',#2388,#2389);
#1498=LINE('',#2391,#2392);
#1499=VERTEX_POINT('',#2394);
#1500=LINE('',#2395,#2396);
#1501=LINE('',#2398,#2399);
#1502=VERTEX_POINT('',#2401);
#1503=LINE('',#2402,#2403);
#1504=LINE('',#2405,#2406);
#1505=LINE('',#2408,#2409);
#1506=VERTEX_POINT('',#2411);
#1507=LINE('',#2412,#2413);
#1508=VERTEX_POINT('',#2415);
#1509=LINE('',#2416,#2417);
#1510=LINE('',#2419,#2420);
#1511=VERTEX_POINT('',#2422);
#1512=LINE('',#2423,#2424);
#1513=LINE('',#2426,#2427);
#1514=VERTEX_POINT('',#2429);
#1515=LINE('',#2430,#2431);
#1516=LINE('',#2433,#2434);
#1517=VERTEX_POINT('',#2436);
#1518=LINE('',#2437,#2438);
#1519=LINE('',#2440,#2441);
#1520=VERTEX_POINT('',#2443);
#1521=LINE('',#2444,#2445);
#1522=LINE('',#2447,#2448);
#1523=LINE('',#2450,#2451);
#1524=VERTEX_POINT('',#2453);
#1525=LINE('',#2454,#2455);
#1526=VERTEX_POINT('',#2457);
#1527=LINE('',#2458,#2459);
#1528=LINE('',#2461,#2462);
#1529=VERTEX_POINT('',#2464);
#1530=LINE('',#2465,#2466);
#1531=VERTEX_POINT('',#2468);
#1532=LINE('',#2469,#2470);
#1533=LINE('',#2472,#2473);
#1534=VERTEX_POINT('',#2475);
#1535=CIRCLE('',#2476,1.6);
#1536=VERTEX_POINT('',#2480);
#1537=LINE('',#2481,#2482);
#1538=LINE('',#2484,#2485);
#1539=VERTEX_POINT('',#2487);
#1540=LINE('',#2488,#2489);
#1541=LINE('',#2491,#2492);
#1542=VERTEX_POINT('',#2494);
#1543=CIRCLE('',#2495,1.6);
#1544=VERTEX_POINT('',#2499);
#1545=CIRCLE('',#2500,1.6);
#1546=VERTEX_POINT('',#2504);
#1547=VERTEX_POINT('',#2505);
#1548=LINE('',#2506,#2507);
#1549=LINE('',#2509,#2510);
#1550=LINE('',#2512,#2513);
#1551=LINE('',#2515,#2516);
#1552=LINE('',#2518,#2519);
#1553=LINE('',#2521,#2522);
#1554=VERTEX_POINT('',#2524);
#1555=LINE('',#2525,#2526);
#1556=LINE('',#2528,#2529);
#1557=VERTEX_POINT('',#2531);
#1558=CIRCLE('',#2532,1.6);
#1559=VERTEX_POINT('',#2536);
#1560=CIRCLE('',#2537,1.6);
#1561=CIRCLE('',#2541,1.);
#1562=CIRCLE('',#2545,82.6399999999996);
#1563=VERTEX_POINT('',#2549);
#1564=CIRCLE('',#2550,1.);
#1565=CIRCLE('',#2554,81.6399999999996);
#1566=B_SPLINE_CURVE_WITH_KNOTS('',3,
(#2558,#2559,#2560,#2561,#2562,#2563,#2564,#2565,#2566,#2567,#2568,#2569,#2570,#2571),
.UNSPECIFIED.,.F.,.F.,
(4,1,1,1,1,1,1,1,1,1,1,4),
(0.,0.218876635262637,0.394009431111455,0.535753488461959,0.653409635196073,0.758349959212833,
0.833155740301027,0.887609042489897,0.926015840523414,0.958487216255674,0.983885657179835,
1.),
.UNSPECIFIED.);
#1567=VERTEX_POINT('',#2572);
#1568=B_SPLINE_CURVE_WITH_KNOTS('',3,
(#2573,#2574,#2575,#2576,#2577,#2578,#2579,#2580,#2581,#2582,#2583,#2584,#2585,#2586,
#2587),
.UNSPECIFIED.,.F.,.F.,
(4,1,1,1,1,1,1,1,1,1,1,1,4),
(0.,0.0351136598200906,0.0727039859315525,0.110341768106421,0.151778980145926,0.200306422964765,
0.283211435774419,0.386482798642727,0.522030441093411,0.661419950552693,0.826089166289711,
0.937757088242059,1.),
.UNSPECIFIED.);
#1569=CIRCLE('',#2588,81.6399999999996);
#1570=CIRCLE('',#2592,82.6399999999996);
#1571=CIRCLE('',#2596,1.);
#1572=CIRCLE('',#2600,1.);
#1573=VERTEX_POINT('',#2604);
#1574=(BOUNDED_CURVE()B_SPLINE_CURVE(3,
(#2605,#2606,#2607,#2608,#2609,#2610,#2611),
.UNSPECIFIED.,.T.,.F.)B_SPLINE_CURVE_WITH_KNOTS((4,3,4),
(0.,0.5,1.),
.UNSPECIFIED.)CURVE()GEOMETRIC_REPRESENTATION_ITEM()RATIONAL_B_SPLINE_CURVE((1.,
0.333333333333333,0.333333333333333,1.,0.333333333333333,0.333333333333333,1.))
REPRESENTATION_ITEM(''));
#1575=VERTEX_POINT('',#2612);
#1576=(BOUNDED_CURVE()B_SPLINE_CURVE(3,
(#2613,#2614,#2615,#2616,#2617,#2618,#2619),
.UNSPECIFIED.,.T.,.F.)B_SPLINE_CURVE_WITH_KNOTS((4,3,4),
(0.,0.5,1.),
.UNSPECIFIED.)CURVE()GEOMETRIC_REPRESENTATION_ITEM()RATIONAL_B_SPLINE_CURVE((1.,
0.333333333333333,0.333333333333333,1.,0.333333333333333,0.333333333333333,1.))
REPRESENTATION_ITEM(''));
#1577=LINE('',#2620,#2621);
#1578=VERTEX_POINT('',#2623);
#1579=CIRCLE('',#2624,1.6);
#1580=CARTESIAN_POINT('',(8.85,3.26845831518295,17.0070167452298));
#1581=AXIS2_PLACEMENT_3D('',#1582,#1583,#1584);
#1582=CARTESIAN_POINT('',(7.25,3.26845831518295,17.0070167452298));
#1583=DIRECTION('',(1.0864567825078E-16,6.44853644506386E-17,-1.));
#1584=DIRECTION('',(1.,6.12323399573677E-17,1.0864567825078E-16));
#1585=CARTESIAN_POINT('',(8.85,3.26845831518296,6.2));
#1586=AXIS2_PLACEMENT_3D('',#1587,#1588,#1589);
#1587=CARTESIAN_POINT('',(7.25,3.26845831518296,6.2));
#1588=DIRECTION('',(-2.495472236246E-16,3.92877344745694E-17,1.));
#1589=DIRECTION('',(1.,6.12323399573677E-17,2.495472236246E-16));
#1590=CARTESIAN_POINT('',(4.35,-2.31283596235555,6.2));
#1591=CARTESIAN_POINT('',(10.15,-2.91088251685768,6.2));
#1592=AXIS2_PLACEMENT_3D('',#1593,#1594,#1595);
#1593=CARTESIAN_POINT('',(-1.04618205924005E-15,-72.9241111595121,6.2));
#1594=DIRECTION('',(2.495472236246E-16,-3.92877344745694E-17,-1.));
#1595=DIRECTION('',(0.0614883236445679,0.998107802822611,-2.38691538834579E-17));
#1596=CARTESIAN_POINT('',(4.35,4.94277409583287,6.2));
#1597=CARTESIAN_POINT('',(4.35,-2.31283596235555,6.2));
#1598=VECTOR('',#1599,1.);
#1599=DIRECTION('',(0.,1.,0.));
#1600=CARTESIAN_POINT('',(7.25,6.61708987648279,6.2));
#1601=CARTESIAN_POINT('',(4.35,4.94277409583287,6.2));
#1602=VECTOR('',#1603,1.);
#1603=DIRECTION('',(0.866025403784439,0.5,2.6523623260463E-16));
#1604=CARTESIAN_POINT('',(10.15,4.94277409583287,6.2));
#1605=CARTESIAN_POINT('',(7.25,6.61708987648279,6.2));
#1606=VECTOR('',#1607,1.);
#1607=DIRECTION('',(0.866025403784439,-0.5,2.6523623260463E-16));
#1608=CARTESIAN_POINT('',(10.15,4.94277409583287,6.2));
#1609=VECTOR('',#1610,1.);
#1610=DIRECTION('',(0.,-1.,0.));
#1611=CARTESIAN_POINT('',(-16.35,-4.09423258219238,22.0070167452298));
#1612=CARTESIAN_POINT('',(-15.35,-3.86433860726154,23.0070167452298));
#1613=CARTESIAN_POINT('',(-15.35,-3.86433860726154,23.0070167452298));
#1614=CARTESIAN_POINT('',(-15.3606236794859,-3.8666999402967,23.0070168114396));
#1615=CARTESIAN_POINT('',(-15.3826300027771,-3.87159665136661,23.0066659731376));
#1616=CARTESIAN_POINT('',(-15.416908415794,-3.87924125279005,23.0049869737904));
#1617=CARTESIAN_POINT('',(-15.4608000934845,-3.88905343843605,23.0012701076942));
#1618=CARTESIAN_POINT('',(-15.5239238339631,-3.90321192051254,22.9927947677376));
#1619=CARTESIAN_POINT('',(-15.6163777630742,-3.92405648080548,22.9730431140309));
#1620=CARTESIAN_POINT('',(-15.7242204106402,-3.94854882488734,22.9371105900553));
#1621=CARTESIAN_POINT('',(-15.827482026596,-3.97218176780338,22.8878261528191));
#1622=CARTESIAN_POINT('',(-15.9113112926011,-3.99148656650716,22.8362022099525));
#1623=CARTESIAN_POINT('',(-15.979279849299,-4.00721456558045,22.785547072371));
#1624=CARTESIAN_POINT('',(-16.0373084480548,-4.02069716356317,22.7346686166877));
#1625=CARTESIAN_POINT('',(-16.0859432698244,-4.0320375994632,22.6851207085577));
#1626=CARTESIAN_POINT('',(-16.1280566775457,-4.04188569915748,22.6361817680937));
#1627=CARTESIAN_POINT('',(-16.1658339930539,-4.05074193945944,22.5864973921015));
#1628=CARTESIAN_POINT('',(-16.2017133952731,-4.05917385317939,22.5324100943846));
#1629=CARTESIAN_POINT('',(-16.2335866339541,-4.06668123685501,22.4767023737555));
#1630=CARTESIAN_POINT('',(-16.2603073951597,-4.07298706168948,22.4223006644349));
#1631=CARTESIAN_POINT('',(-16.28242631471,-4.07821499254448,22.369782704017));
#1632=CARTESIAN_POINT('',(-16.3011708189213,-4.08265112142186,22.3173557059907));
#1633=CARTESIAN_POINT('',(-16.3161543127292,-4.08620115075088,22.2667077733169));
#1634=CARTESIAN_POINT('',(-16.3267709930021,-4.08871867565441,22.2225481482573));
#1635=CARTESIAN_POINT('',(-16.3333587428921,-4.09028164648199,22.1893811165503));
#1636=CARTESIAN_POINT('',(-16.3376151145325,-4.09129179702845,22.1644071215202));
#1637=CARTESIAN_POINT('',(-16.3410664395047,-4.09211106844839,22.141133938206));
#1638=CARTESIAN_POINT('',(-16.3441527030225,-4.09284384295844,22.1161244580714));
#1639=CARTESIAN_POINT('',(-16.3467069577425,-4.09345041705952,22.0895227096574));
#1640=CARTESIAN_POINT('',(-16.3485071400748,-4.09387797721346,22.0636048232785));
#1641=CARTESIAN_POINT('',(-16.3497075511041,-4.09416311102914,22.0361731670037));
#1642=CARTESIAN_POINT('',(-16.3500000622141,-4.09423259974659,22.0173988708102));
#1643=CARTESIAN_POINT('',(-16.35,-4.09423258219238,22.0070167452298));
#1644=CARTESIAN_POINT('',(-16.35,-4.09423258219238,20.2070167452298));
#1645=CARTESIAN_POINT('',(-16.35,-4.09423258219238,20.2070167452298));
#1646=VECTOR('',#1647,1.);
#1647=DIRECTION('',(-1.97372982155584E-15,0.,1.));
#1648=CARTESIAN_POINT('',(-17.8499999999998,-4.46790483043868,18.7070167452299));
#1649=CARTESIAN_POINT('',(-16.35,-4.09423258219236,20.2070167452298));
#1650=CARTESIAN_POINT('',(-16.8513509505629,-4.21332458425795,19.7056657946669));
#1651=CARTESIAN_POINT('',(-17.3513708461438,-4.33788695662456,19.205645899086));
#1652=CARTESIAN_POINT('',(-17.8499999999996,-4.46790483043927,18.7070167452302));
#1653=CARTESIAN_POINT('',(-18.5,-4.64069673866921,18.7070167452298));
#1654=AXIS2_PLACEMENT_3D('',#1655,#1656,#1657);
#1655=CARTESIAN_POINT('',(-3.5527136788005E-15,-72.9241111595121,18.7070167452298));
#1656=DIRECTION('',(0.,8.59804859341848E-17,-1.));
#1657=DIRECTION('',(-0.261502066074596,0.965202916198826,8.29886157598673E-17));
#1658=CARTESIAN_POINT('',(-18.5,-4.64069673866921,11.3070167452298));
#1659=CARTESIAN_POINT('',(-18.5,-4.6406967386692,18.7070167452298));
#1660=CARTESIAN_POINT('',(-18.5175412315947,-4.64544917489035,18.707016754516));
#1661=CARTESIAN_POINT('',(-18.5551742335707,-4.65566064326499,18.706749085192));
#1662=CARTESIAN_POINT('',(-18.6154511981751,-4.67206990867005,18.7054006414376));
#1663=CARTESIAN_POINT('',(-18.6930038977341,-4.69326042519012,18.7023203030841));
#1664=CARTESIAN_POINT('',(-18.7959974534491,-4.72154229610401,18.6958212339099));
#1665=CARTESIAN_POINT('',(-18.9213123039195,-4.75619177652938,18.6837965556618));
#1666=CARTESIAN_POINT('',(-19.0467163635518,-4.79113477709854,18.6670750606082));
#1667=CARTESIAN_POINT('',(-19.1595247292786,-4.82278202455072,18.6482528309761));
#1668=CARTESIAN_POINT('',(-19.2643973366086,-4.85237224495005,18.627724138032));
#1669=CARTESIAN_POINT('',(-19.3751220073563,-4.88379782241085,18.60270368863));
#1670=CARTESIAN_POINT('',(-19.5085711305546,-4.92192039937217,18.5679651221058));
#1671=CARTESIAN_POINT('',(-19.6805890223809,-4.97145751346504,18.5156546802249));
#1672=CARTESIAN_POINT('',(-19.9001652669732,-5.03537940607627,18.4352543640452));
#1673=CARTESIAN_POINT('',(-20.1456703995216,-5.10781420726908,18.3249476494818));
#1674=CARTESIAN_POINT('',(-20.3902046029073,-5.18096161730429,18.1916743160643));
#1675=CARTESIAN_POINT('',(-20.6195784746677,-5.25044203480414,18.0437270809374));
#1676=CARTESIAN_POINT('',(-20.829959879429,-5.31492188083558,17.8852258086862));
#1677=CARTESIAN_POINT('',(-21.0105347588789,-5.37085917145938,17.7280242516021));
#1678=CARTESIAN_POINT('',(-21.1494959053892,-5.41427161445937,17.5914930598167));
#1679=CARTESIAN_POINT('',(-21.2568787331583,-5.44801952898109,17.4760359461562));
#1680=CARTESIAN_POINT('',(-21.3557389746273,-5.47923840209474,17.3613977795804));
#1681=CARTESIAN_POINT('',(-21.4577785746635,-5.51163026607374,17.2323225231452));
#1682=CARTESIAN_POINT('',(-21.5542255872173,-5.54241460657845,17.0975467517538));
#1683=CARTESIAN_POINT('',(-21.6322532373731,-5.56743419998497,16.9778712387004));
#1684=CARTESIAN_POINT('',(-21.6940998634668,-5.58733217411049,16.8755971974445));
#1685=CARTESIAN_POINT('',(-21.7470656398494,-5.60442013559972,16.7819585035791));
#1686=CARTESIAN_POINT('',(-21.7971793169085,-5.62063034366029,16.6870273836962));
#1687=CARTESIAN_POINT('',(-21.8494751171077,-5.63758817003482,16.5806085461742));
#1688=CARTESIAN_POINT('',(-21.9027201934215,-5.6549007823514,16.4623939791051));
#1689=CARTESIAN_POINT('',(-21.9555102356668,-5.67211356316142,16.3321529975461));
#1690=CARTESIAN_POINT('',(-21.9990028569517,-5.68633069132177,16.2119772090464));
#1691=CARTESIAN_POINT('',(-22.0346449667382,-5.698004256714,16.1023823093007));
#1692=CARTESIAN_POINT('',(-22.0647557280962,-5.70788132135313,16.0002031701712));
#1693=CARTESIAN_POINT('',(-22.0936600230024,-5.71737658248857,15.8903759143334));
#1694=CARTESIAN_POINT('',(-22.1247339722437,-5.72759929242316,15.7547401001859));
#1695=CARTESIAN_POINT('',(-22.1542220736812,-5.73731613352622,15.5964126525169));
#1696=CARTESIAN_POINT('',(-22.1784445124067,-5.74530925518421,15.4189597070959));
#1697=CARTESIAN_POINT('',(-22.1923744350033,-5.74991052750659,15.2599061883194));
#1698=CARTESIAN_POINT('',(-22.1987602007254,-5.75202071746518,15.1236804787673));
#1699=CARTESIAN_POINT('',(-22.1999829536961,-5.75242484883274,15.0456806393982));
#1700=CARTESIAN_POINT('',(-22.2000141527658,-5.75243515996617,14.9769658847784));
#1701=CARTESIAN_POINT('',(-22.1991988782485,-5.75216570707833,14.9124549258328));
#1702=CARTESIAN_POINT('',(-22.1955418719776,-5.7509571866623,14.817107828932));
#1703=CARTESIAN_POINT('',(-22.1893565892325,-5.74891366030973,14.721163117755));
#1704=CARTESIAN_POINT('',(-22.1807293017071,-5.74606438793403,14.6258725427918));
#1705=CARTESIAN_POINT('',(-22.1696782805614,-5.74241644271865,14.5311118729758));
#1706=CARTESIAN_POINT('',(-22.1561971589674,-5.73796904725757,14.4367040571763));
#1707=CARTESIAN_POINT('',(-22.1402513711535,-5.73271243138134,14.3424675866731));
#1708=CARTESIAN_POINT('',(-22.1217849003863,-5.72663009654441,14.2482267887769));
#1709=CARTESIAN_POINT('',(-22.1007824958406,-5.71971932915703,14.1540902521669));
#1710=CARTESIAN_POINT('',(-22.0726615779734,-5.71047658054327,14.0419264797309));
#1711=CARTESIAN_POINT('',(-22.0282388037573,-5.69589855732923,13.8871360363477));
#1712=CARTESIAN_POINT('',(-21.9523352980121,-5.67105869911393,13.6667290440884));
#1713=CARTESIAN_POINT('',(-21.8451897788793,-5.63616096428178,13.4170638536984));
#1714=CARTESIAN_POINT('',(-21.7235525479948,-5.59679809384102,13.1856533059502));
#1715=CARTESIAN_POINT('',(-21.6139780270567,-5.56155296985147,13.0059821259954));
#1716=CARTESIAN_POINT('',(-21.511563811299,-5.52877782678376,12.8551869793083));
#1717=CARTESIAN_POINT('',(-21.407918018389,-5.49577689936618,12.7168794548381));
#1718=CARTESIAN_POINT('',(-21.3019057865013,-5.46221511961784,12.5888370342831));
#1719=CARTESIAN_POINT('',(-21.2080800917535,-5.43266992751754,12.4848395167554));
#1720=CARTESIAN_POINT('',(-21.1266566265451,-5.40714218168465,12.4004076390591));
#1721=CARTESIAN_POINT('',(-21.0425968084825,-5.38088984571351,12.3180905456383));
#1722=CARTESIAN_POINT('',(-20.9386240659743,-5.34856913350494,12.2228614930454));
#1723=CARTESIAN_POINT('',(-20.7982904006805,-5.3052150622632,12.1049724205479));
#1724=CARTESIAN_POINT('',(-20.6215749975739,-5.25107535961467,11.9724380467136));
#1725=CARTESIAN_POINT('',(-20.4087143807169,-5.18654597129427,11.833660582628));
#1726=CARTESIAN_POINT('',(-20.1908609590882,-5.12129777672797,11.7128790558455));
#1727=CARTESIAN_POINT('',(-19.9937687178849,-5.0629669946679,11.6201816042627));
#1728=CARTESIAN_POINT('',(-19.8452671506995,-5.01943066300795,11.5593882228001));
#1729=CARTESIAN_POINT('',(-19.7303775673962,-4.98597510852822,11.5170680748904));
#1730=CARTESIAN_POINT('',(-19.6321863101837,-4.95753506224705,11.4839869424773));
#1731=CARTESIAN_POINT('',(-19.5329469850219,-4.92894766994955,11.4536215235535));
#1732=CARTESIAN_POINT('',(-19.4327239461827,-4.90023609850592,11.426006770734));
#1733=CARTESIAN_POINT('',(-19.3316223927932,-4.87143469549662,11.4011850029126));
#1734=CARTESIAN_POINT('',(-19.229665260229,-4.84255396463938,11.3791768956536));
#1735=CARTESIAN_POINT('',(-19.1269532500334,-4.81362617028953,11.3600213182827));
#1736=CARTESIAN_POINT('',(-19.0237125528551,-4.7847180658894,11.3437715996281));
#1737=CARTESIAN_POINT('',(-18.9204966210194,-4.75598583813933,11.3305003850585));
#1738=CARTESIAN_POINT('',(-18.8173391480759,-4.72743796836506,11.3201678543733));
#1739=CARTESIAN_POINT('',(-18.7135768965033,-4.69889131555876,11.312693887122));
#1740=CARTESIAN_POINT('',(-18.6077496245398,-4.66995051204113,11.3080685715471));
#1741=CARTESIAN_POINT('',(-18.5363019289643,-4.65053196138179,11.3070166032165));
#1742=CARTESIAN_POINT('',(-18.4999999986742,-4.64069673831,11.3070167452298));
#1743=CARTESIAN_POINT('',(-17.8499999999997,-4.46790483043866,11.3070167452297));
#1744=AXIS2_PLACEMENT_3D('',#1745,#1746,#1747);
#1745=CARTESIAN_POINT('',(-3.5527136788005E-15,-72.9241111595121,11.3070167452298));
#1746=DIRECTION('',(0.,6.44853644506386E-17,-1.));
#1747=DIRECTION('',(-0.261502066074596,0.965202916198826,6.22414618199005E-17));
#1748=CARTESIAN_POINT('',(-16.35,-4.09423258219238,9.80701674522982));
#1749=CARTESIAN_POINT('',(-16.35,-4.09423258219239,9.80701674522983));
#1750=CARTESIAN_POINT('',(-16.8513509505629,-4.21332458425798,10.3083676957927));
#1751=CARTESIAN_POINT('',(-17.3513708461438,-4.33788695662457,10.8083875913736));
#1752=CARTESIAN_POINT('',(-17.8499999999996,-4.46790483043927,11.3070167452294));
#1753=CARTESIAN_POINT('',(-16.35,-4.09423258219238,8.00701674522982));
#1754=CARTESIAN_POINT('',(-16.35,-4.09423258219238,8.00701674522982));
#1755=VECTOR('',#1756,1.);
#1756=DIRECTION('',(0.,0.,1.));
#1757=CARTESIAN_POINT('',(-15.35,-3.86433860726154,7.00701674522981));
#1758=CARTESIAN_POINT('',(-15.35,-3.86433860726154,7.00701674522981));
#1759=CARTESIAN_POINT('',(-15.3606236794859,-3.8666999402967,7.00701667902007));
#1760=CARTESIAN_POINT('',(-15.3826300027771,-3.87159665136661,7.00736751732204));
#1761=CARTESIAN_POINT('',(-15.416908415794,-3.87924125279006,7.00904651666924));
#1762=CARTESIAN_POINT('',(-15.4608000934846,-3.88905343843606,7.01276338276538));
#1763=CARTESIAN_POINT('',(-15.5239238339631,-3.90321192051254,7.02123872272204));
#1764=CARTESIAN_POINT('',(-15.6163777630743,-3.92405648080549,7.04099037642877));
#1765=CARTESIAN_POINT('',(-15.7242204106402,-3.94854882488734,7.07692290040432));
#1766=CARTESIAN_POINT('',(-15.8274820265961,-3.97218176780339,7.12620733764057));
#1767=CARTESIAN_POINT('',(-15.9113112926011,-3.99148656650718,7.17783128050718));
#1768=CARTESIAN_POINT('',(-15.979279849299,-4.00721456558044,7.22848641808867));
#1769=CARTESIAN_POINT('',(-16.0373084480548,-4.0206971635632,7.27936487377194));
#1770=CARTESIAN_POINT('',(-16.0859432698244,-4.03203759946321,7.32891278190197));
#1771=CARTESIAN_POINT('',(-16.1280566775457,-4.04188569915749,7.37785172236601));
#1772=CARTESIAN_POINT('',(-16.1658339930539,-4.05074193945945,7.42753609835813));
#1773=CARTESIAN_POINT('',(-16.2017133952731,-4.05917385317938,7.48162339607511));
#1774=CARTESIAN_POINT('',(-16.2335866339541,-4.06668123685501,7.53733111670414));
#1775=CARTESIAN_POINT('',(-16.2603073951597,-4.07298706168948,7.59173282602478));
#1776=CARTESIAN_POINT('',(-16.28242631471,-4.07821499254448,7.64425078644264));
#1777=CARTESIAN_POINT('',(-16.3011708189214,-4.08265112142186,7.69667778446896));
#1778=CARTESIAN_POINT('',(-16.3161543127292,-4.08620115075088,7.74732571714273));
#1779=CARTESIAN_POINT('',(-16.3267709930021,-4.08871867565441,7.7914853422024));
#1780=CARTESIAN_POINT('',(-16.3333587428921,-4.09028164648198,7.82465237390937));
#1781=CARTESIAN_POINT('',(-16.3376151145325,-4.09129179702847,7.84962636893944));
#1782=CARTESIAN_POINT('',(-16.3410664395047,-4.09211106844838,7.87289955225368));
#1783=CARTESIAN_POINT('',(-16.3441527030225,-4.09284384295844,7.8979090323882));
#1784=CARTESIAN_POINT('',(-16.3467069577425,-4.09345041705952,7.9245107808022));
#1785=CARTESIAN_POINT('',(-16.3485071400748,-4.09387797721346,7.95042866718118));
#1786=CARTESIAN_POINT('',(-16.3497075511041,-4.09416311102914,7.97786032345591));
#1787=CARTESIAN_POINT('',(-16.3500000622141,-4.09423259974659,7.99663461964943));
#1788=CARTESIAN_POINT('',(-16.35,-4.09423258219238,8.00701674522982));
#1789=CARTESIAN_POINT('',(-14.9813593197283,-3.78343168713657,7.00701674522982));
#1790=AXIS2_PLACEMENT_3D('',#1791,#1792,#1793);
#1791=CARTESIAN_POINT('',(0.,-72.9241111595121,7.00701674522981));
#1792=DIRECTION('',(1.0864567825078E-16,6.44853644506386E-17,-1.));
#1793=DIRECTION('',(-0.216976038607841,0.976176930002983,3.93756162208316E-17));
#1794=CARTESIAN_POINT('',(-13.4919670833065,-3.47743010712802,5.50701674522981));
#1795=CARTESIAN_POINT('',(-13.4919670833065,-3.47743010712809,5.50701674522978));
#1796=CARTESIAN_POINT('',(-13.9895177799338,-3.57409329562672,6.00789856288603));
#1797=CARTESIAN_POINT('',(-14.4860009712016,-3.67609774902753,6.50791781146953));
#1798=CARTESIAN_POINT('',(-14.9813593197283,-3.78343168713658,7.00701674522983));
#1799=CARTESIAN_POINT('',(-13.4919670833065,-3.47743010712802,-1.76958462419262E-15));
#1800=CARTESIAN_POINT('',(-13.4919670833065,-3.47743010712802,-1.76958462419262E-15));
#1801=VECTOR('',#1802,1.);
#1802=DIRECTION('',(0.,-1.6128122734863E-16,1.));
#1803=CARTESIAN_POINT('',(13.491967083312,-3.47743010712908,4.96418122955604E-15));
#1804=AXIS2_PLACEMENT_3D('',#1805,#1806,#1807);
#1805=CARTESIAN_POINT('',(5.01010727232471E-16,-72.9241111595121,4.32570106800719E-15));
#1806=DIRECTION('',(2.495472236246E-16,-3.92877344745694E-17,-1.));
#1807=DIRECTION('',(-0.190712284740275,0.98164597714713,-8.61583676662255E-17));
#1808=CARTESIAN_POINT('',(13.4919670833119,-3.47743010712907,5.50701674522979));
#1809=CARTESIAN_POINT('',(13.491967083312,-3.47743010712907,4.96418122955604E-15));
#1810=VECTOR('',#1811,1.);
#1811=DIRECTION('',(-6.45124909394522E-16,8.06406136743153E-17,1.));
#1812=CARTESIAN_POINT('',(14.9813593197336,-3.78343168713772,7.00701674522979));
#1813=CARTESIAN_POINT('',(13.4919670833119,-3.47743010712914,5.50701674522972));
#1814=CARTESIAN_POINT('',(13.9895177799392,-3.57409329562782,6.00789856288596));
#1815=CARTESIAN_POINT('',(14.4860009712069,-3.67609774902866,6.50791781146946));
#1816=CARTESIAN_POINT('',(14.9813593197335,-3.78343168713772,7.00701674522974));
#1817=CARTESIAN_POINT('',(15.35,-3.86433860726154,7.00701674522982));
#1818=AXIS2_PLACEMENT_3D('',#1819,#1820,#1821);
#1819=CARTESIAN_POINT('',(0.,-72.9241111595121,7.00701674522981));
#1820=DIRECTION('',(1.0864567825078E-16,6.44853644506386E-17,-1.));
#1821=DIRECTION('',(0.211765211606283,0.977320569287962,8.60302481405244E-17));
#1822=CARTESIAN_POINT('',(16.35,-4.09423258219238,8.00701674522982));
#1823=CARTESIAN_POINT('',(15.35,-3.86433860726154,7.00701674522982));
#1824=CARTESIAN_POINT('',(15.3606236794859,-3.86669994029669,7.00701667902007));
#1825=CARTESIAN_POINT('',(15.3826300027771,-3.8715966513666,7.00736751732204));
#1826=CARTESIAN_POINT('',(15.416908415794,-3.87924125279005,7.00904651666924));
#1827=CARTESIAN_POINT('',(15.4608000934846,-3.88905343843607,7.01276338276539));
#1828=CARTESIAN_POINT('',(15.5239238339631,-3.90321192051252,7.02123872272204));
#1829=CARTESIAN_POINT('',(15.6163777630743,-3.9240564808055,7.04099037642877));
#1830=CARTESIAN_POINT('',(15.7242204106402,-3.94854882488733,7.07692290040432));
#1831=CARTESIAN_POINT('',(15.827482026596,-3.97218176780341,7.12620733764057));
#1832=CARTESIAN_POINT('',(15.9113112926011,-3.99148656650718,7.17783128050718));
#1833=CARTESIAN_POINT('',(15.979279849299,-4.00721456558044,7.22848641808866));
#1834=CARTESIAN_POINT('',(16.0373084480548,-4.02069716356317,7.27936487377194));
#1835=CARTESIAN_POINT('',(16.0859432698244,-4.03203759946321,7.32891278190196));
#1836=CARTESIAN_POINT('',(16.1280566775457,-4.04188569915748,7.37785172236601));
#1837=CARTESIAN_POINT('',(16.1658339930539,-4.05074193945944,7.42753609835812));
#1838=CARTESIAN_POINT('',(16.2017133952731,-4.05917385317938,7.4816233960751));
#1839=CARTESIAN_POINT('',(16.2335866339542,-4.06668123685502,7.53733111670413));
#1840=CARTESIAN_POINT('',(16.2603073951597,-4.07298706168949,7.59173282602478));
#1841=CARTESIAN_POINT('',(16.28242631471,-4.07821499254447,7.64425078644263));
#1842=CARTESIAN_POINT('',(16.3011708189214,-4.08265112142189,7.69667778446895));
#1843=CARTESIAN_POINT('',(16.3161543127292,-4.08620115075087,7.74732571714272));
#1844=CARTESIAN_POINT('',(16.3267709930021,-4.08871867565443,7.79148534220239));
#1845=CARTESIAN_POINT('',(16.3333587428921,-4.09028164648198,7.82465237390937));
#1846=CARTESIAN_POINT('',(16.3376151145325,-4.09129179702846,7.84962636893944));
#1847=CARTESIAN_POINT('',(16.3410664395047,-4.09211106844838,7.87289955225369));
#1848=CARTESIAN_POINT('',(16.3441527030225,-4.09284384295845,7.8979090323882));
#1849=CARTESIAN_POINT('',(16.3467069577425,-4.09345041705949,7.9245107808022));
#1850=CARTESIAN_POINT('',(16.3485071400748,-4.09387797721347,7.95042866718119));
#1851=CARTESIAN_POINT('',(16.3497075511041,-4.09416311102914,7.97786032345592));
#1852=CARTESIAN_POINT('',(16.3500000622141,-4.09423259974659,7.99663461964944));
#1853=CARTESIAN_POINT('',(16.35,-4.09423258219238,8.00701674522982));
#1854=CARTESIAN_POINT('',(16.35,-4.09423258219239,9.80701674522984));
#1855=CARTESIAN_POINT('',(16.35,-4.09423258219239,8.00701674522982));
#1856=VECTOR('',#1857,1.);
#1857=DIRECTION('',(0.,0.,1.));
#1858=CARTESIAN_POINT('',(17.8499999999997,-4.46790483043866,11.3070167452296));
#1859=CARTESIAN_POINT('',(16.3500000000001,-4.0942325821924,9.80701674522988));
#1860=CARTESIAN_POINT('',(16.8513509505629,-4.21332458425798,10.3083676957927));
#1861=CARTESIAN_POINT('',(17.3513708461437,-4.33788695662457,10.8083875913735));
#1862=CARTESIAN_POINT('',(17.8499999999995,-4.46790483043925,11.3070167452293));
#1863=CARTESIAN_POINT('',(18.5,-4.64069673866921,11.3070167452298));
#1864=AXIS2_PLACEMENT_3D('',#1865,#1866,#1867);
#1865=CARTESIAN_POINT('',(-3.5527136788005E-15,-72.9241111595121,11.3070167452298));
#1866=DIRECTION('',(0.,6.44853644506386E-17,-1.));
#1867=DIRECTION('',(0.252314155644941,0.967645372469264,6.23989645026545E-17));
#1868=CARTESIAN_POINT('',(18.5,-4.64069673866085,18.7070167452298));
#1869=CARTESIAN_POINT('',(18.4999999989966,-4.64069673839735,11.3070167452298));
#1870=CARTESIAN_POINT('',(18.5358890745162,-4.65042010886464,11.307016616916));
#1871=CARTESIAN_POINT('',(18.6068680667325,-4.66971058094479,11.3080498310555));
#1872=CARTESIAN_POINT('',(18.7125166495613,-4.69860031515794,11.3126294395887));
#1873=CARTESIAN_POINT('',(18.8171170283069,-4.72737594911052,11.320136106729));
#1874=CARTESIAN_POINT('',(18.9215874899538,-4.75628778845826,11.3306106905096));
#1875=CARTESIAN_POINT('',(19.0263323370438,-4.7854487673842,11.3441335245844));
#1876=CARTESIAN_POINT('',(19.1310902939715,-4.81478717717336,11.3607186515615));
#1877=CARTESIAN_POINT('',(19.2356327823909,-4.84423869237136,11.3803623434046));
#1878=CARTESIAN_POINT('',(19.3397353962873,-4.8737385975311,11.4030418722951));
#1879=CARTESIAN_POINT('',(19.4576754326994,-4.90735422348039,11.4323196055574));
#1880=CARTESIAN_POINT('',(19.5916460309069,-4.9458051788911,11.4705800520882));
#1881=CARTESIAN_POINT('',(19.7435034573957,-4.98974999231261,11.5209441241107));
#1882=CARTESIAN_POINT('',(19.9139178553388,-5.03948638377671,11.5859933092607));
#1883=CARTESIAN_POINT('',(20.134718616158,-5.10456350121361,11.6837910641528));
#1884=CARTESIAN_POINT('',(20.4107294455461,-5.18703241933784,11.8317239276422));
#1885=CARTESIAN_POINT('',(20.7059921887404,-5.27673457822296,12.0291345456524));
#1886=CARTESIAN_POINT('',(20.9822682477727,-5.36196952466387,12.2560461598077));
#1887=CARTESIAN_POINT('',(21.2405550691256,-5.4427280986925,12.5118493799925));
#1888=CARTESIAN_POINT('',(21.4964151797806,-5.52379219107503,12.8221751578248));
#1889=CARTESIAN_POINT('',(21.7171680796699,-5.59466886677161,13.1642198370012));
#1890=CARTESIAN_POINT('',(21.8792204086041,-5.64721915887843,13.4891450526283));
#1891=CARTESIAN_POINT('',(21.9834771928675,-5.68123894051817,13.7518343076658));
#1892=CARTESIAN_POINT('',(22.0534157819665,-5.70415322372204,13.9689837021237));
#1893=CARTESIAN_POINT('',(22.1024872496113,-5.72027674418258,14.1566954365306));
#1894=CARTESIAN_POINT('',(22.1345593322274,-5.73083621909004,14.3096152206627));
#1895=CARTESIAN_POINT('',(22.1559723800611,-5.73789477586012,14.4346377644677));
#1896=CARTESIAN_POINT('',(22.1708105086682,-5.74279001222738,14.5392072001192));
#1897=CARTESIAN_POINT('',(22.1825693090704,-5.74667192629604,14.6432883064874));
#1898=CARTESIAN_POINT('',(22.1912783102994,-5.74954848385845,14.7462847191356));
#1899=CARTESIAN_POINT('',(22.1970563765864,-5.75145764909724,14.8482674528557));
#1900=CARTESIAN_POINT('',(22.1995893219256,-5.75229475441359,14.9350075814543));
#1901=CARTESIAN_POINT('',(22.200192473664,-5.75249409469521,15.0126079672821));
#1902=CARTESIAN_POINT('',(22.1993147579365,-5.75220401120059,15.100036006894));
#1903=CARTESIAN_POINT('',(22.1951197988049,-5.75081765888444,15.2112221884862));
#1904=CARTESIAN_POINT('',(22.1862694791731,-5.74789384184002,15.3326255896344));
#1905=CARTESIAN_POINT('',(22.1741055991401,-5.74387754653674,15.4486253060237));
#1906=CARTESIAN_POINT('',(22.1568435750199,-5.7381816364655,15.5763529891739));
#1907=CARTESIAN_POINT('',(22.1290254602157,-5.72901176566039,15.7362051170407));
#1908=CARTESIAN_POINT('',(22.0835304457684,-5.71404119317106,15.9373033828224));
#1909=CARTESIAN_POINT('',(22.0160814615745,-5.69190749685091,16.1686813559837));
#1910=CARTESIAN_POINT('',(21.9221773063256,-5.66121601407481,16.4231645749631));
#1911=CARTESIAN_POINT('',(21.8014207032347,-5.62196054705991,16.6864398322099));
#1912=CARTESIAN_POINT('',(21.656868232697,-5.57529121946343,16.944340607931));
#1913=CARTESIAN_POINT('',(21.4966698945957,-5.52397840093596,17.1832969272231));
#1914=CARTESIAN_POINT('',(21.3337370407437,-5.47223141472817,17.3905030605821));
#1915=CARTESIAN_POINT('',(21.1805410981004,-5.42398570838986,17.5602513705434));
#1916=CARTESIAN_POINT('',(21.0449235423571,-5.38159422918988,17.694614850093));
#1917=CARTESIAN_POINT('',(20.9156548259383,-5.34145019926844,17.8113320627026));
#1918=CARTESIAN_POINT('',(20.7857967545737,-5.30139244585478,17.9182140346509));
#1919=CARTESIAN_POINT('',(20.6586952194624,-5.26246510321901,18.0132440861132));
#1920=CARTESIAN_POINT('',(20.5505525311998,-5.22955603145511,18.0875350131758));
#1921=CARTESIAN_POINT('',(20.4595227576628,-5.20199461255341,18.1460290124705));
#1922=CARTESIAN_POINT('',(20.3675328047513,-5.17426429599092,18.2017931844715));
#1923=CARTESIAN_POINT('',(20.2550388173115,-5.1405287895512,18.2653781245743));
#1924=CARTESIAN_POINT('',(20.1204685586287,-5.10044883932799,18.3346107966119));
#1925=CARTESIAN_POINT('',(19.9820931570662,-5.05955997235016,18.3982823657513));
#1926=CARTESIAN_POINT('',(19.8600344517119,-5.02375766256164,18.4486528139216));
#1927=CARTESIAN_POINT('',(19.7556120089058,-4.99330985429031,18.4879452390185));
#1928=CARTESIAN_POINT('',(19.6592279977827,-4.96535266033397,18.5212288861081));
#1929=CARTESIAN_POINT('',(19.560998379312,-4.93701249271538,18.5521348434255));
#1930=CARTESIAN_POINT('',(19.4607174864531,-4.90823909569988,18.5806258102637));
#1931=CARTESIAN_POINT('',(19.3588073884334,-4.87916228200193,18.6064849393623));
#1932=CARTESIAN_POINT('',(19.2436091467335,-4.84648222644728,18.6322388664712));
#1933=CARTESIAN_POINT('',(19.1150663832216,-4.8102645375278,18.6564737291279));
#1934=CARTESIAN_POINT('',(18.9728005900214,-4.77049874627336,18.6776303198409));
#1935=CARTESIAN_POINT('',(18.8408339424192,-4.7339105269418,18.6920219210562));
#1936=CARTESIAN_POINT('',(18.7197578311623,-4.70058408067846,18.7010273226456));
#1937=CARTESIAN_POINT('',(18.6100460063891,-4.67057501400269,18.7059246589071));
#1938=CARTESIAN_POINT('',(18.5367277379114,-4.65064732225487,18.7070168892981));
#1939=CARTESIAN_POINT('',(18.499999999999,-4.64069673866474,18.7070167452298));
#1940=CARTESIAN_POINT('',(17.8499999999997,-4.46790483043865,18.70701674523));
#1941=AXIS2_PLACEMENT_3D('',#1942,#1943,#1944);
#1942=CARTESIAN_POINT('',(-3.5527136788005E-15,-72.9241111595121,18.7070167452298));
#1943=DIRECTION('',(0.,8.59804859341848E-17,-1.));
#1944=DIRECTION('',(0.252314155644941,0.967645372469264,8.31986193368726E-17));
#1945=CARTESIAN_POINT('',(16.3500000000001,-4.09423258219239,20.2070167452298));
#1946=CARTESIAN_POINT('',(16.3500000000001,-4.09423258219239,20.2070167452297));
#1947=CARTESIAN_POINT('',(16.8513509505629,-4.21332458425795,19.7056657946669));
#1948=CARTESIAN_POINT('',(17.3513708461437,-4.33788695662456,19.2056458990861));
#1949=CARTESIAN_POINT('',(17.8499999999995,-4.46790483043924,18.7070167452303));
#1950=CARTESIAN_POINT('',(16.35,-4.09423258219239,22.0070167452298));
#1951=CARTESIAN_POINT('',(16.3500000000001,-4.0942325821924,20.2070167452298));
#1952=VECTOR('',#1953,1.);
#1953=DIRECTION('',(3.94745964311167E-15,3.94745964311167E-15,1.));
#1954=CARTESIAN_POINT('',(15.35,-3.86433860726155,23.0070167452298));
#1955=CARTESIAN_POINT('',(15.35,-3.86433860726155,23.0070167452298));
#1956=CARTESIAN_POINT('',(15.3606236794859,-3.86669994029671,23.0070168114396));
#1957=CARTESIAN_POINT('',(15.3826300027771,-3.87159665136662,23.0066659731376));
#1958=CARTESIAN_POINT('',(15.416908415794,-3.87924125279003,23.0049869737904));
#1959=CARTESIAN_POINT('',(15.4608000934845,-3.88905343843608,23.0012701076943));
#1960=CARTESIAN_POINT('',(15.523923833963,-3.90321192051252,22.9927947677376));
#1961=CARTESIAN_POINT('',(15.6163777630742,-3.9240564808055,22.9730431140309));
#1962=CARTESIAN_POINT('',(15.7242204106402,-3.94854882488732,22.9371105900553));
#1963=CARTESIAN_POINT('',(15.827482026596,-3.9721817678034,22.8878261528191));
#1964=CARTESIAN_POINT('',(15.9113112926011,-3.99148656650718,22.8362022099525));
#1965=CARTESIAN_POINT('',(15.979279849299,-4.00721456558044,22.785547072371));
#1966=CARTESIAN_POINT('',(16.0373084480548,-4.02069716356318,22.7346686166877));
#1967=CARTESIAN_POINT('',(16.0859432698244,-4.03203759946321,22.6851207085577));
#1968=CARTESIAN_POINT('',(16.1280566775457,-4.04188569915748,22.6361817680936));
#1969=CARTESIAN_POINT('',(16.1658339930539,-4.05074193945943,22.5864973921015));
#1970=CARTESIAN_POINT('',(16.2017133952731,-4.05917385317936,22.5324100943846));
#1971=CARTESIAN_POINT('',(16.2335866339541,-4.06668123685503,22.4767023737555));
#1972=CARTESIAN_POINT('',(16.2603073951597,-4.07298706168946,22.4223006644349));
#1973=CARTESIAN_POINT('',(16.28242631471,-4.07821499254448,22.369782704017));
#1974=CARTESIAN_POINT('',(16.3011708189213,-4.08265112142188,22.3173557059907));
#1975=CARTESIAN_POINT('',(16.3161543127292,-4.08620115075086,22.266707773317));
#1976=CARTESIAN_POINT('',(16.3267709930021,-4.08871867565443,22.2225481482573));
#1977=CARTESIAN_POINT('',(16.3333587428921,-4.09028164648199,22.1893811165503));
#1978=CARTESIAN_POINT('',(16.3376151145325,-4.09129179702846,22.1644071215202));
#1979=CARTESIAN_POINT('',(16.3410664395047,-4.09211106844838,22.141133938206));
#1980=CARTESIAN_POINT('',(16.3441527030225,-4.09284384295845,22.1161244580715));
#1981=CARTESIAN_POINT('',(16.3467069577424,-4.09345041705949,22.0895227096575));
#1982=CARTESIAN_POINT('',(16.3485071400748,-4.09387797721347,22.0636048232785));
#1983=CARTESIAN_POINT('',(16.3497075511041,-4.09416311102914,22.0361731670037));
#1984=CARTESIAN_POINT('',(16.3500000622141,-4.0942325997466,22.0173988708102));
#1985=CARTESIAN_POINT('',(16.3500000000001,-4.09423258219239,22.0070167452298));
#1986=AXIS2_PLACEMENT_3D('',#1987,#1988,#1989);
#1987=CARTESIAN_POINT('',(-7.105427357601E-15,-72.9241111595121,23.0070167452298));
#1988=DIRECTION('',(1.0864567825078E-16,8.59804859341849E-17,-1.));
#1989=DIRECTION('',(-0.21697603860784,0.976176930002983,6.03586579206811E-17));
#1990=CARTESIAN_POINT('',(-21.4076320584325,-5.49571970146714,13.3327009645799));
#1991=CARTESIAN_POINT('',(-21.4076320584325,-5.49571970146714,16.6813325258797));
#1992=CARTESIAN_POINT('',(-21.4076320584325,-5.49571970146714,13.3327009645799));
#1993=VECTOR('',#1994,1.);
#1994=DIRECTION('',(1.06094493041852E-15,0.,1.));
#1995=CARTESIAN_POINT('',(-18.5071735364643,-4.64264066670732,18.3556483065297));
#1996=CARTESIAN_POINT('',(-21.4076320584325,-5.49571970146717,16.6813325258797));
#1997=CARTESIAN_POINT('',(-20.4469631552299,-5.19071989404128,17.2358803344537));
#1998=CARTESIAN_POINT('',(-19.47999646682,-4.90631692708078,17.7940705562773));
#1999=CARTESIAN_POINT('',(-18.5071735364643,-4.64264066670734,18.3556483065296));
#2000=CARTESIAN_POINT('',(-15.6067860889454,-3.9219161731026,16.6813325258797));
#2001=CARTESIAN_POINT('',(-18.5071735364643,-4.64264066670729,18.3556483065296));
#2002=CARTESIAN_POINT('',(-17.5455248252479,-4.38199309349083,17.8005210547691));
#2003=CARTESIAN_POINT('',(-16.578585193459,-4.14171585843954,17.2423327734673));
#2004=CARTESIAN_POINT('',(-15.6067860889454,-3.92191617310257,16.6813325258797));
#2005=CARTESIAN_POINT('',(-15.6067860889454,-3.92191617310259,13.3327009645799));
#2006=CARTESIAN_POINT('',(-15.6067860889454,-3.92191617310259,13.3327009645799));
#2007=VECTOR('',#2008,1.);
#2008=DIRECTION('',(0.,0.,1.));
#2009=CARTESIAN_POINT('',(-18.5071735364643,-4.64264066670731,11.65838518393));
#2010=CARTESIAN_POINT('',(-18.5071735364643,-4.64264066670732,11.65838518393));
#2011=CARTESIAN_POINT('',(-17.5455248252479,-4.38199309349086,12.2135124356905));
#2012=CARTESIAN_POINT('',(-16.5785851934591,-4.14171585843955,12.7717007169923));
#2013=CARTESIAN_POINT('',(-15.6067860889454,-3.92191617310259,13.3327009645799));
#2014=CARTESIAN_POINT('',(-21.4076320584325,-5.49571970146714,13.3327009645799));
#2015=CARTESIAN_POINT('',(-20.4469631552299,-5.19071989404127,12.7781531560059));
#2016=CARTESIAN_POINT('',(-19.47999646682,-4.90631692708077,12.2199629341823));
#2017=CARTESIAN_POINT('',(-18.5071735364643,-4.64264066670732,11.65838518393));
#2018=CARTESIAN_POINT('',(15.5932147223774,-3.91884802987532,13.3327009645799));
#2019=CARTESIAN_POINT('',(15.5932147223774,-3.91884802987532,16.6813325258798));
#2020=CARTESIAN_POINT('',(15.5932147223774,-3.91884802987532,13.3327009645799));
#2021=VECTOR('',#2022,1.);
#2022=DIRECTION('',(0.,0.,1.));
#2023=CARTESIAN_POINT('',(18.4928285505783,-4.63875418477343,18.3556483065297));
#2024=CARTESIAN_POINT('',(15.5932147223775,-3.91884802987533,16.6813325258798));
#2025=CARTESIAN_POINT('',(16.564748647345,-4.13838689423172,17.2423158833511));
#2026=CARTESIAN_POINT('',(17.5314302764372,-4.37839128648632,17.8005041119739));
#2027=CARTESIAN_POINT('',(18.4928285505783,-4.63875418477342,18.3556483065297));
#2028=CARTESIAN_POINT('',(21.392371378621,-5.49087653616239,16.6813325258798));
#2029=CARTESIAN_POINT('',(18.4928285505783,-4.6387541847734,18.3556483065297));
#2030=CARTESIAN_POINT('',(19.4653372073248,-4.90212596241264,17.7940885976458));
#2031=CARTESIAN_POINT('',(20.431998506178,-5.18620995351945,17.2358984403699));
#2032=CARTESIAN_POINT('',(21.392371378621,-5.49087653616236,16.6813325258798));
#2033=CARTESIAN_POINT('',(21.3923713786211,-5.49087653616239,13.3327009645799));
#2034=CARTESIAN_POINT('',(21.3923713786211,-5.49087653616238,13.3327009645799));
#2035=VECTOR('',#2036,1.);
#2036=DIRECTION('',(-2.121889860837E-15,-2.121889860837E-15,1.));
#2037=CARTESIAN_POINT('',(18.4928285505783,-4.63875418477343,11.6583851839299));
#2038=CARTESIAN_POINT('',(18.4928285505782,-4.63875418477339,11.6583851839299));
#2039=CARTESIAN_POINT('',(19.4653372073248,-4.90212596241263,12.2199448928138));
#2040=CARTESIAN_POINT('',(20.431998506178,-5.18620995351945,12.7781350500898));
#2041=CARTESIAN_POINT('',(21.3923713786211,-5.49087653616236,13.3327009645799));
#2042=CARTESIAN_POINT('',(15.5932147223775,-3.91884802987532,13.3327009645799));
#2043=CARTESIAN_POINT('',(16.5647486473451,-4.13838689423172,12.7717176071085));
#2044=CARTESIAN_POINT('',(17.5314302764373,-4.37839128648631,12.2135293784858));
#2045=CARTESIAN_POINT('',(18.4928285505783,-4.6387541847734,11.6583851839299));
#2046=CARTESIAN_POINT('',(-4.35,-2.31283596235554,6.2));
#2047=CARTESIAN_POINT('',(-4.35,-2.31283596235554,3.));
#2048=CARTESIAN_POINT('',(-4.35000000000001,-2.31283596235554,3.));
#2049=VECTOR('',#2050,1.);
#2050=DIRECTION('',(-5.55111512312578E-16,0.,1.));
#2051=CARTESIAN_POINT('',(-10.15,-2.91088251685768,3.));
#2052=AXIS2_PLACEMENT_3D('',#2053,#2054,#2055);
#2053=CARTESIAN_POINT('',(-2.47630943641328E-16,-72.9241111595121,3.));
#2054=DIRECTION('',(2.495472236246E-16,-3.92877344745694E-17,-1.));
#2055=DIRECTION('',(-0.143472755170656,0.989654267167954,-7.46845017887284E-17));
#2056=CARTESIAN_POINT('',(-10.15,-2.91088251685768,6.2));
#2057=CARTESIAN_POINT('',(-10.15,-2.91088251685788,3.));
#2058=VECTOR('',#2059,1.);
#2059=DIRECTION('',(0.,0.,1.));
#2060=AXIS2_PLACEMENT_3D('',#2061,#2062,#2063);
#2061=CARTESIAN_POINT('',(-1.04618205924005E-15,-72.9241111595121,6.2));
#2062=DIRECTION('',(2.495472236246E-16,-3.92877344745694E-17,-1.));
#2063=DIRECTION('',(-0.143472755170637,0.989654267167957,-7.46845017887237E-17));
#2064=CARTESIAN_POINT('',(10.15,-2.91088251685768,3.));
#2065=CARTESIAN_POINT('',(10.15,-2.9108825168579,3.));
#2066=VECTOR('',#2067,1.);
#2067=DIRECTION('',(0.,0.,1.));
#2068=CARTESIAN_POINT('',(4.35,-2.31283596235555,3.));
#2069=AXIS2_PLACEMENT_3D('',#2070,#2071,#2072);
#2070=CARTESIAN_POINT('',(-2.47630943641328E-16,-72.9241111595121,3.));
#2071=DIRECTION('',(2.495472236246E-16,-3.92877344745694E-17,-1.));
#2072=DIRECTION('',(0.0614883236445679,0.998107802822611,-2.38691538834579E-17));
#2073=CARTESIAN_POINT('',(4.35,-2.31283596235555,3.));
#2074=VECTOR('',#2075,1.);
#2075=DIRECTION('',(0.,0.,1.));
#2076=CARTESIAN_POINT('',(4.35,4.94277409583287,3.));
#2077=CARTESIAN_POINT('',(4.35,-2.31283596235555,3.));
#2078=VECTOR('',#2079,1.);
#2079=DIRECTION('',(0.,1.,0.));
#2080=CARTESIAN_POINT('',(4.35,4.94277409583287,6.2));
#2081=VECTOR('',#2082,1.);
#2082=DIRECTION('',(2.77555756156289E-16,0.,-1.));
#2083=CARTESIAN_POINT('',(7.25,6.61708987648279,3.));
#2084=CARTESIAN_POINT('',(4.35,4.94277409583287,3.));
#2085=VECTOR('',#2086,1.);
#2086=DIRECTION('',(0.866025403784439,0.5,1.32618116302315E-16));
#2087=CARTESIAN_POINT('',(7.25,6.61708987648279,6.2));
#2088=VECTOR('',#2089,1.);
#2089=DIRECTION('',(2.77555756156289E-16,0.,-1.));
#2090=CARTESIAN_POINT('',(10.15,4.94277409583287,3.));
#2091=CARTESIAN_POINT('',(7.25,6.61708987648279,3.));
#2092=VECTOR('',#2093,1.);
#2093=DIRECTION('',(0.866025403784439,-0.5,3.97854348906944E-16));
#2094=CARTESIAN_POINT('',(10.15,4.94277409583287,6.2));
#2095=VECTOR('',#2096,1.);
#2096=DIRECTION('',(5.55111512312578E-16,2.77555756156289E-16,-1.));
#2097=CARTESIAN_POINT('',(10.15,4.94277409583287,3.));
#2098=VECTOR('',#2099,1.);
#2099=DIRECTION('',(2.26182137442815E-16,-1.,0.));
#2100=CARTESIAN_POINT('',(-16.35,8.71588884048748,22.0070167452298));
#2101=CARTESIAN_POINT('',(-16.35,-4.09423258219238,22.0070167452298));
#2102=VECTOR('',#2103,1.);
#2103=DIRECTION('',(0.,1.,0.));
#2104=CARTESIAN_POINT('',(-15.35,8.71588884048748,23.0070167452298));
#2105=CARTESIAN_POINT('',(-15.35,-3.86433860726154,23.0070167452298));
#2106=VECTOR('',#2107,1.);
#2107=DIRECTION('',(0.,1.,0.));
#2108=AXIS2_PLACEMENT_3D('',#2109,#2110,#2111);
#2109=CARTESIAN_POINT('',(-15.35,8.71588884048748,22.0070167452298));
#2110=DIRECTION('',(0.,1.,6.12323399573677E-17));
#2111=DIRECTION('',(-1.,0.,0.));
#2112=CARTESIAN_POINT('',(-16.35,8.71588884048748,20.2070167452298));
#2113=CARTESIAN_POINT('',(-16.35,8.71588884048748,20.2070167452298));
#2114=VECTOR('',#2115,1.);
#2115=DIRECTION('',(0.,0.,1.));
#2116=CARTESIAN_POINT('',(-16.35,-4.09423258219239,20.2070167452298));
#2117=VECTOR('',#2118,1.);
#2118=DIRECTION('',(0.,1.,0.));
#2119=CARTESIAN_POINT('',(-17.85,8.71588884048748,18.7070167452298));
#2120=CARTESIAN_POINT('',(-17.85,-4.46790483043748,18.7070167452298));
#2121=VECTOR('',#2122,1.);
#2122=DIRECTION('',(0.,1.,0.));
#2123=CARTESIAN_POINT('',(-17.85,8.71588884048748,18.7070167452298));
#2124=VECTOR('',#2125,1.);
#2125=DIRECTION('',(0.707106781186548,0.,0.707106781186548));
#2126=CARTESIAN_POINT('',(-18.5,8.71588884048748,18.7070167452298));
#2127=CARTESIAN_POINT('',(-18.5,-4.64069673866921,18.7070167452298));
#2128=VECTOR('',#2129,1.);
#2129=DIRECTION('',(0.,1.,0.));
#2130=CARTESIAN_POINT('',(-18.5,8.71588884048748,11.3070167452298));
#2131=AXIS2_PLACEMENT_3D('',#2132,#2133,#2134);
#2132=CARTESIAN_POINT('',(-18.5,8.71588884048748,15.0070167452298));
#2133=DIRECTION('',(0.,1.,6.12323399573677E-17));
#2134=DIRECTION('',(0.,6.12323399573677E-17,-1.));
#2135=CARTESIAN_POINT('',(-18.5,-4.64069673866921,11.3070167452298));
#2136=VECTOR('',#2137,1.);
#2137=DIRECTION('',(0.,1.,0.));
#2138=CARTESIAN_POINT('',(-16.35,8.71588884048748,9.80701674522982));
#2139=CARTESIAN_POINT('',(-16.35,-4.09423258219238,9.80701674522982));
#2140=VECTOR('',#2141,1.);
#2141=DIRECTION('',(0.,1.,-1.38668228097766E-16));
#2142=CARTESIAN_POINT('',(-17.85,8.71588884048748,11.3070167452298));
#2143=CARTESIAN_POINT('',(-17.85,-4.46790483043748,11.3070167452298));
#2144=VECTOR('',#2145,1.);
#2145=DIRECTION('',(0.,1.,0.));
#2146=CARTESIAN_POINT('',(-16.35,8.71588884048748,9.80701674522982));
#2147=VECTOR('',#2148,1.);
#2148=DIRECTION('',(-0.707106781186548,0.,0.707106781186547));
#2149=CARTESIAN_POINT('',(-16.35,8.71588884048748,8.00701674522982));
#2150=CARTESIAN_POINT('',(-16.35,-4.09423258219238,8.00701674522982));
#2151=VECTOR('',#2152,1.);
#2152=DIRECTION('',(0.,1.,1.38668228097766E-16));
#2153=CARTESIAN_POINT('',(-16.35,8.71588884048748,8.00701674522982));
#2154=VECTOR('',#2155,1.);
#2155=DIRECTION('',(0.,0.,1.));
#2156=CARTESIAN_POINT('',(-15.3499999999998,8.2777798283219,7.00701674522982));
#2157=CARTESIAN_POINT('',(-15.4459240003071,8.24127900603651,7.01162808437161));
#2158=CARTESIAN_POINT('',(-15.35,8.27777982832238,7.00701674522982));
#2159=CARTESIAN_POINT('',(-15.3606802105939,8.27374549534553,7.00701674522982));
#2160=CARTESIAN_POINT('',(-15.3820328639334,8.26564999540889,7.00735888776549));
#2161=CARTESIAN_POINT('',(-15.414023701891,8.2534795472448,7.00889712723828));
#2162=CARTESIAN_POINT('',(-15.4353014206461,8.24534582944286,7.01060440349727));
#2163=CARTESIAN_POINT('',(-15.4459240003071,8.24127900603651,7.01162808437161));
#2164=CARTESIAN_POINT('',(-15.35,5.85413288781709,7.00701674522982));
#2165=CARTESIAN_POINT('',(-15.35,5.85413288781708,7.00701674522982));
#2166=CARTESIAN_POINT('',(-15.3820362280035,6.69167261862928,7.00701674522982));
#2167=CARTESIAN_POINT('',(-15.4140355022158,7.48800036744331,7.00855504122677));
#2168=CARTESIAN_POINT('',(-15.4459240003071,8.24127900603651,7.01162808437161));
#2169=CARTESIAN_POINT('',(-15.35,-3.86433860726153,7.00701674522982));
#2170=VECTOR('',#2171,1.);
#2171=DIRECTION('',(0.,1.,9.13907521517034E-17));
#2172=CARTESIAN_POINT('',(-15.35,8.71588884048748,7.00701674522982));
#2173=AXIS2_PLACEMENT_3D('',#2174,#2175,#2176);
#2174=CARTESIAN_POINT('',(-15.35,8.71588884048748,8.00701674522982));
#2175=DIRECTION('',(0.,1.,6.12323399573677E-17));
#2176=DIRECTION('',(-3.55271367880049E-15,6.12323399573677E-17,-1.));
#2177=CARTESIAN_POINT('',(-15.35,8.27777982832238,7.00701674522982));
#2178=VECTOR('',#2179,1.);
#2179=DIRECTION('',(0.,1.,0.));
#2180=CARTESIAN_POINT('',(-14.4097049723386,7.43414916641887,6.00701674522979));
#2181=CARTESIAN_POINT('',(-15.2445788934641,7.7200992961208,6.83035070893658));
#2182=CARTESIAN_POINT('',(-15.2445787810713,7.72009870155486,6.83035029159333));
#2183=CARTESIAN_POINT('',(-15.2302510572936,7.70265692667983,6.81669998042006));
#2184=CARTESIAN_POINT('',(-15.1954776732525,7.66376258122477,6.78343899574987));
#2185=CARTESIAN_POINT('',(-15.128754864682,7.60213222003354,6.7191204143443));
#2186=CARTESIAN_POINT('',(-15.0334589498108,7.53427615048325,6.6264878430685));
#2187=CARTESIAN_POINT('',(-14.9155562720856,7.47616881708499,6.51089229627093));
#2188=CARTESIAN_POINT('',(-14.7909855421637,7.43845522597892,6.38785410969784));
#2189=CARTESIAN_POINT('',(-14.6811161872031,7.42137972370249,6.27871770681852));
#2190=CARTESIAN_POINT('',(-14.6140979238677,7.41833649681293,6.21186473661161));
#2191=CARTESIAN_POINT('',(-14.5557127426656,7.41834671166503,6.15352182963557));
#2192=CARTESIAN_POINT('',(-14.4969767491431,7.42105878784812,6.09472509494195));
#2193=CARTESIAN_POINT('',(-14.4387317665158,7.42894572054528,6.03622121666315));
#2194=CARTESIAN_POINT('',(-14.4097049723386,7.43414916641886,6.00701674522982));
#2195=CARTESIAN_POINT('',(-13.9126877558301,7.52168872717665,5.50701674522955));
#2196=CARTESIAN_POINT('',(-13.9126877558296,7.52168872717385,5.50701674522903));
#2197=CARTESIAN_POINT('',(-14.0784500872287,7.49302098365357,5.67375369797954));
#2198=CARTESIAN_POINT('',(-14.2441230202968,7.46384103714864,5.84042089537763));
#2199=CARTESIAN_POINT('',(-14.4097049723385,7.43414916641888,6.00701674522973));
#2200=CARTESIAN_POINT('',(-13.4919670833065,-3.47743010712795,5.50701674522982));
#2201=VECTOR('',#2202,1.);
#2202=DIRECTION('',(-0.0382224466752199,0.999269255291165,0.));
#2203=CARTESIAN_POINT('',(-14.9813593197283,-3.78343168713654,7.00701674522982));
#2204=VECTOR('',#2205,1.);
#2205=DIRECTION('',(-0.03822244667522,0.999269255291165,9.2090629444493E-17));
#2206=CARTESIAN_POINT('',(-15.2445789496313,7.72009959324684,6.83035091783981));
#2207=CARTESIAN_POINT('',(-15.2585244018751,7.73707844256045,6.84363720635569));
#2208=CARTESIAN_POINT('',(-15.2853096581968,7.77206291547707,6.86906569734258));
#2209=CARTESIAN_POINT('',(-15.3221456862881,7.82810001719623,6.903732932569));
#2210=CARTESIAN_POINT('',(-15.3545325424214,7.88631074799047,6.93387116562476));
#2211=CARTESIAN_POINT('',(-15.3823806728959,7.9466649189933,6.95939206214257));
#2212=CARTESIAN_POINT('',(-15.4048119129327,8.00724791285835,6.97949128041692));
#2213=CARTESIAN_POINT('',(-15.421587884015,8.06589927326062,6.99401319405175));
#2214=CARTESIAN_POINT('',(-15.4327372915624,8.11832886577492,7.00315046692451));
#2215=CARTESIAN_POINT('',(-15.4397611192968,8.1644337796832,7.00840691942063));
#2216=CARTESIAN_POINT('',(-15.4438782463077,8.20427677324462,7.01099814116593));
#2217=CARTESIAN_POINT('',(-15.4454247454703,8.2294430689886,7.01158159283534));
#2218=CARTESIAN_POINT('',(-15.4459240003071,8.24127900603652,7.01162808437163));
#2219=CARTESIAN_POINT('',(-13.9126877558301,7.52168872717666,-2.30670476015875E-15));
#2220=CARTESIAN_POINT('',(-13.9126877558301,7.52168872717666,-2.30670476015875E-15));
#2221=VECTOR('',#2222,1.);
#2222=DIRECTION('',(-6.45124909394521E-16,0.,1.));
#2223=CARTESIAN_POINT('',(-13.9126877558306,7.52168872717947,-2.30670476015899E-15));
#2224=VECTOR('',#2225,1.);
#2225=DIRECTION('',(0.0382224466752197,-0.999269255291165,4.87973306184205E-17));
#2226=CARTESIAN_POINT('',(13.9126877558411,7.52168872717184,4.63704044509092E-15));
#2227=AXIS2_PLACEMENT_3D('',#2228,#2229,#2230);
#2228=CARTESIAN_POINT('',(5.01010727232471E-16,-72.9241111595121,4.32570106800719E-15));
#2229=DIRECTION('',(-2.495472236246E-16,3.92877344745694E-17,1.));
#2230=DIRECTION('',(0.170415087651166,0.985372365099025,3.81356414850243E-18));
#2231=CARTESIAN_POINT('',(13.491967083312,-3.477430107129,4.96418122955604E-15));
#2232=VECTOR('',#2233,1.);
#2233=DIRECTION('',(0.0382224466757047,0.999269255291147,-2.97207197224179E-17));
#2234=CARTESIAN_POINT('',(-5.65,3.26845831518296,-7.76741839288004E-17));
#2235=AXIS2_PLACEMENT_3D('',#2236,#2237,#2238);
#2236=CARTESIAN_POINT('',(-7.25,3.26845831518296,-4.7694974172816E-16));
#2237=DIRECTION('',(-2.495472236246E-16,3.92877344745694E-17,1.));
#2238=DIRECTION('',(1.,6.12323399573677E-17,2.495472236246E-16));
#2239=CARTESIAN_POINT('',(8.85,3.26845831518296,3.54076055862789E-15));
#2240=AXIS2_PLACEMENT_3D('',#2241,#2242,#2243);
#2241=CARTESIAN_POINT('',(7.25,3.26845831518296,3.14148500082854E-15));
#2242=DIRECTION('',(-2.495472236246E-16,3.92877344745694E-17,1.));
#2243=DIRECTION('',(1.,6.12323399573677E-17,2.495472236246E-16));
#2244=CARTESIAN_POINT('',(13.9126877558411,7.52168872717183,5.50701674522983));
#2245=CARTESIAN_POINT('',(13.9126877558411,7.52168872717183,5.50701674522982));
#2246=VECTOR('',#2247,1.);
#2247=DIRECTION('',(-0.0382224466757047,-0.999269255291147,-8.06909536472726E-17));
#2248=CARTESIAN_POINT('',(13.9126877558411,7.52168872717183,4.63704044509092E-15));
#2249=VECTOR('',#2250,1.);
#2250=DIRECTION('',(0.,3.22562454697261E-16,1.));
#2251=CARTESIAN_POINT('',(15.2445788934603,7.72009929610096,6.83035070892266));
#2252=CARTESIAN_POINT('',(14.4097049723493,7.43414916641693,6.00701674522982));
#2253=CARTESIAN_POINT('',(15.2445787810675,7.72009870153502,6.83035029157941));
#2254=CARTESIAN_POINT('',(15.2302510572893,7.70265692666036,6.8166999804056));
#2255=CARTESIAN_POINT('',(15.1954776732471,7.6637625812062,6.78343899573421));
#2256=CARTESIAN_POINT('',(15.1287548646746,7.60213222001672,6.7191204143266));
#2257=CARTESIAN_POINT('',(15.0334589498008,7.53427615046888,6.62648784304825));
#2258=CARTESIAN_POINT('',(14.9155562720736,7.476168817074,6.51089229624847));
#2259=CARTESIAN_POINT('',(14.7909855421508,7.43845522597159,6.38785410967457));
#2260=CARTESIAN_POINT('',(14.6811161871984,7.42137972369949,6.27871770680285));
#2261=CARTESIAN_POINT('',(14.6140979238647,7.41833649681062,6.21186473659858));
#2262=CARTESIAN_POINT('',(14.5557127426681,7.41834671166346,6.15352182962674));
#2263=CARTESIAN_POINT('',(14.4969767491449,7.42105878784711,6.09472509493316));
#2264=CARTESIAN_POINT('',(14.4387317665233,7.42894572054403,6.03622121666026));
#2265=CARTESIAN_POINT('',(14.4097049723493,7.43414916641694,6.00701674522982));
#2266=CARTESIAN_POINT('',(15.4459240003193,8.24127900603184,7.01162808437279));
#2267=CARTESIAN_POINT('',(15.2445789496275,7.720099593227,6.8303509178259));
#2268=CARTESIAN_POINT('',(15.2585244018705,7.73707844253865,6.84363720634105));
#2269=CARTESIAN_POINT('',(15.2853096581913,7.77206291545166,6.86906569732707));
#2270=CARTESIAN_POINT('',(15.3221456862823,7.82810001716569,6.90373293255337));
#2271=CARTESIAN_POINT('',(15.3545325424173,7.88631074795719,6.93387116561098));
#2272=CARTESIAN_POINT('',(15.3823806728953,7.94666491896037,6.95939206213216));
#2273=CARTESIAN_POINT('',(15.4048119129363,8.0072479128292,6.97949128041049));
#2274=CARTESIAN_POINT('',(15.4215878840221,8.06589927323676,6.99401319404862));
#2275=CARTESIAN_POINT('',(15.432737291572,8.11832886575647,7.00315046692356));
#2276=CARTESIAN_POINT('',(15.4397611193079,8.16443377966949,7.00840691942094));
#2277=CARTESIAN_POINT('',(15.4438782463196,8.20427677323536,7.01099814116691));
#2278=CARTESIAN_POINT('',(15.4454247454824,8.22944306898238,7.01158159283646));
#2279=CARTESIAN_POINT('',(15.4459240003193,8.24127900603184,7.01162808437276));
#2280=CARTESIAN_POINT('',(15.35,5.85413288755467,7.00701674522982));
#2281=CARTESIAN_POINT('',(15.35,5.85413288755463,7.00701674522982));
#2282=CARTESIAN_POINT('',(15.3820362280075,6.69167261846311,7.00701674522982));
#2283=CARTESIAN_POINT('',(15.4140355022239,7.48800036736328,7.00855504122717));
#2284=CARTESIAN_POINT('',(15.4459240003193,8.24127900603184,7.01162808437279));
#2285=CARTESIAN_POINT('',(15.35,5.85413288755468,7.00701674522982));
#2286=VECTOR('',#2287,1.);
#2287=DIRECTION('',(-0.0382224466757047,-0.999269255291147,-9.20906294469876E-17));
#2288=CARTESIAN_POINT('',(13.9126877558411,7.52168872717182,5.50701674522981));
#2289=CARTESIAN_POINT('',(14.07845008724,7.49302098365156,5.67375369798009));
#2290=CARTESIAN_POINT('',(14.2441230203078,7.46384103714662,5.84042089537795));
#2291=CARTESIAN_POINT('',(14.4097049723493,7.4341491664169,6.00701674522982));
#2292=CARTESIAN_POINT('',(15.3499999999998,8.2777798283219,7.00701674522982));
#2293=CARTESIAN_POINT('',(15.35,8.27777982832238,7.00701674522982));
#2294=CARTESIAN_POINT('',(15.3606802105952,8.27374549534502,7.00701674522982));
#2295=CARTESIAN_POINT('',(15.3820328639374,8.26564999540734,7.00735888776558));
#2296=CARTESIAN_POINT('',(15.4140237018992,8.25347954724169,7.00889712723877));
#2297=CARTESIAN_POINT('',(15.435301420657,8.24534582943871,7.01060440349819));
#2298=CARTESIAN_POINT('',(15.4459240003193,8.24127900603185,7.01162808437279));
#2299=CARTESIAN_POINT('',(15.35,8.71588884048748,7.00701674522982));
#2300=CARTESIAN_POINT('',(15.35,8.27777982832237,7.00701674522982));
#2301=VECTOR('',#2302,1.);
#2302=DIRECTION('',(0.,1.,0.));
#2303=CARTESIAN_POINT('',(16.35,8.71588884048748,8.00701674522982));
#2304=AXIS2_PLACEMENT_3D('',#2305,#2306,#2307);
#2305=CARTESIAN_POINT('',(15.35,8.71588884048748,8.00701674522982));
#2306=DIRECTION('',(0.,1.,6.12323399573677E-17));
#2307=DIRECTION('',(1.,1.08770485875752E-31,-1.77635683940026E-15));
#2308=CARTESIAN_POINT('',(16.35,-4.09423258219238,8.00701674522982));
#2309=VECTOR('',#2310,1.);
#2310=DIRECTION('',(0.,1.,1.38668228097766E-16));
#2311=CARTESIAN_POINT('',(15.35,-3.86433860726153,7.00701674522982));
#2312=VECTOR('',#2313,1.);
#2313=DIRECTION('',(0.,1.,9.13907521541711E-17));
#2314=CARTESIAN_POINT('',(16.35,8.71588884048748,9.80701674522982));
#2315=CARTESIAN_POINT('',(16.35,8.71588884048747,9.80701674522982));
#2316=VECTOR('',#2317,1.);
#2317=DIRECTION('',(0.,0.,-1.));
#2318=CARTESIAN_POINT('',(16.35,-4.09423258219239,9.80701674522982));
#2319=VECTOR('',#2320,1.);
#2320=DIRECTION('',(0.,1.,2.77336456195532E-16));
#2321=CARTESIAN_POINT('',(17.85,8.71588884048748,11.3070167452298));
#2322=CARTESIAN_POINT('',(17.85,-4.46790483043748,11.3070167452298));
#2323=VECTOR('',#2324,1.);
#2324=DIRECTION('',(0.,1.,1.34737912602331E-16));
#2325=CARTESIAN_POINT('',(17.85,8.71588884048748,11.3070167452298));
#2326=VECTOR('',#2327,1.);
#2327=DIRECTION('',(-0.707106781186548,0.,-0.707106781186547));
#2328=CARTESIAN_POINT('',(18.5,8.71588884048748,11.3070167452298));
#2329=CARTESIAN_POINT('',(18.5,-4.64069673866921,11.3070167452298));
#2330=VECTOR('',#2331,1.);
#2331=DIRECTION('',(0.,1.,0.));
#2332=CARTESIAN_POINT('',(18.5,8.71588884048748,18.7070167452298));
#2333=AXIS2_PLACEMENT_3D('',#2334,#2335,#2336);
#2334=CARTESIAN_POINT('',(18.5,8.71588884048748,15.0070167452298));
#2335=DIRECTION('',(0.,1.,6.12323399573677E-17));
#2336=DIRECTION('',(0.,-6.12323399573677E-17,1.));
#2337=CARTESIAN_POINT('',(18.5,-4.64069673866085,18.7070167452298));
#2338=VECTOR('',#2339,1.);
#2339=DIRECTION('',(0.,1.,0.));
#2340=CARTESIAN_POINT('',(16.35,8.71588884048748,20.2070167452298));
#2341=CARTESIAN_POINT('',(16.35,-4.09423258219238,20.2070167452298));
#2342=VECTOR('',#2343,1.);
#2343=DIRECTION('',(0.,1.,0.));
#2344=CARTESIAN_POINT('',(17.85,8.71588884048748,18.7070167452298));
#2345=CARTESIAN_POINT('',(17.85,-4.46790483043746,18.7070167452298));
#2346=VECTOR('',#2347,1.);
#2347=DIRECTION('',(0.,1.,0.));
#2348=CARTESIAN_POINT('',(16.35,8.71588884048748,20.2070167452298));
#2349=VECTOR('',#2350,1.);
#2350=DIRECTION('',(0.707106781186548,0.,-0.707106781186548));
#2351=CARTESIAN_POINT('',(16.35,8.71588884048748,22.0070167452298));
#2352=CARTESIAN_POINT('',(16.35,-4.09423258219239,22.0070167452298));
#2353=VECTOR('',#2354,1.);
#2354=DIRECTION('',(0.,1.,0.));
#2355=CARTESIAN_POINT('',(16.35,8.71588884048748,22.0070167452298));
#2356=VECTOR('',#2357,1.);
#2357=DIRECTION('',(0.,0.,-1.));
#2358=CARTESIAN_POINT('',(15.35,8.71588884048748,23.0070167452298));
#2359=CARTESIAN_POINT('',(15.35,-3.86433860726153,23.0070167452298));
#2360=VECTOR('',#2361,1.);
#2361=DIRECTION('',(0.,1.,0.));
#2362=AXIS2_PLACEMENT_3D('',#2363,#2364,#2365);
#2363=CARTESIAN_POINT('',(15.35,8.71588884048748,22.0070167452298));
#2364=DIRECTION('',(0.,1.,6.12323399573677E-17));
#2365=DIRECTION('',(0.,-6.12323399573677E-17,1.));
#2366=CARTESIAN_POINT('',(-15.35,8.71588884048748,23.0070167452298));
#2367=VECTOR('',#2368,1.);
#2368=DIRECTION('',(1.,0.,1.15723572599365E-16));
#2369=CARTESIAN_POINT('',(-21.4058447852402,-2.16746706129766,13.3327009645799));
#2370=CARTESIAN_POINT('',(-21.4076320584325,-5.49571970146714,13.3327009645799));
#2371=VECTOR('',#2372,1.);
#2372=DIRECTION('',(0.000537000380626175,0.999999855815285,5.33720475975134E-16));
#2373=CARTESIAN_POINT('',(-21.4058447852402,-2.16746706129766,16.6813325258797));
#2374=CARTESIAN_POINT('',(-21.4058447852402,-2.16746706129766,13.3327009645799));
#2375=VECTOR('',#2376,1.);
#2376=DIRECTION('',(1.06094493041852E-15,0.,1.));
#2377=CARTESIAN_POINT('',(-21.4076320584325,-5.49571970146714,16.6813325258797));
#2378=VECTOR('',#2379,1.);
#2379=DIRECTION('',(0.000537000380627242,0.999999855815285,0.));
#2380=CARTESIAN_POINT('',(-18.5058452033758,-2.16902436240148,18.3556483065297));
#2381=CARTESIAN_POINT('',(-21.4058447852402,-2.16746706129766,16.6813325258797));
#2382=VECTOR('',#2383,1.);
#2383=DIRECTION('',(0.866025278916812,-0.000465055971464645,0.500000000000002));
#2384=CARTESIAN_POINT('',(-18.5071735364643,-4.64264066670732,18.3556483065297));
#2385=VECTOR('',#2386,1.);
#2386=DIRECTION('',(0.000537000380628385,0.999999855815285,0.));
#2387=CARTESIAN_POINT('',(-15.6058456215115,-2.1705816635053,16.6813325258797));
#2388=CARTESIAN_POINT('',(-18.5058452033758,-2.16902436240148,18.3556483065297));
#2389=VECTOR('',#2390,1.);
#2390=DIRECTION('',(0.86602527891681,-0.000465055971465175,-0.500000000000005));
#2391=CARTESIAN_POINT('',(-15.6067860889454,-3.9219161731026,16.6813325258797));
#2392=VECTOR('',#2393,1.);
#2393=DIRECTION('',(0.000537000380627267,0.999999855815285,0.));
#2394=CARTESIAN_POINT('',(-15.6058456215115,-2.1705816635053,13.3327009645799));
#2395=CARTESIAN_POINT('',(-15.6058456215115,-2.1705816635053,16.6813325258797));
#2396=VECTOR('',#2397,1.);
#2397=DIRECTION('',(0.,0.,-1.));
#2398=CARTESIAN_POINT('',(-15.6067860889454,-3.92191617310259,13.3327009645799));
#2399=VECTOR('',#2400,1.);
#2400=DIRECTION('',(0.000537000380627272,0.999999855815285,0.));
#2401=CARTESIAN_POINT('',(-18.5058452033758,-2.16902436240148,11.65838518393));
#2402=CARTESIAN_POINT('',(-15.6058456215115,-2.1705816635053,13.3327009645799));
#2403=VECTOR('',#2404,1.);
#2404=DIRECTION('',(-0.866025278916816,0.000465055971465309,-0.499999999999995));
#2405=CARTESIAN_POINT('',(-18.5071735364643,-4.64264066670731,11.65838518393));
#2406=VECTOR('',#2407,1.);
#2407=DIRECTION('',(0.000537000380628387,0.999999855815285,0.));
#2408=CARTESIAN_POINT('',(-18.5058452033758,-2.16902436240148,11.65838518393));
#2409=VECTOR('',#2410,1.);
#2410=DIRECTION('',(-0.866025278916811,0.000465055971465309,0.500000000000003));
#2411=CARTESIAN_POINT('',(15.5941445450917,-2.18733607251605,13.3327009645799));
#2412=CARTESIAN_POINT('',(15.5932147223774,-3.91884802987532,13.3327009645799));
#2413=VECTOR('',#2414,1.);
#2414=DIRECTION('',(0.000537000380626049,0.999999855815285,0.));
#2415=CARTESIAN_POINT('',(15.5941445450917,-2.18733607251605,16.6813325258798));
#2416=CARTESIAN_POINT('',(15.5941445450917,-2.18733607251606,13.3327009645799));
#2417=VECTOR('',#2418,1.);
#2418=DIRECTION('',(5.3047246520925E-16,0.,1.));
#2419=CARTESIAN_POINT('',(15.5932147223774,-3.91884802987532,16.6813325258798));
#2420=VECTOR('',#2421,1.);
#2421=DIRECTION('',(0.000537000380627075,0.999999855815285,0.));
#2422=CARTESIAN_POINT('',(18.494144126956,-2.18889337361987,18.3556483065297));
#2423=CARTESIAN_POINT('',(15.5941445450917,-2.18733607251606,16.6813325258798));
#2424=VECTOR('',#2425,1.);
#2425=DIRECTION('',(0.866025278916812,-0.000465055971464772,0.500000000000001));
#2426=CARTESIAN_POINT('',(18.4928285505783,-4.63875418477343,18.3556483065297));
#2427=VECTOR('',#2428,1.);
#2428=DIRECTION('',(0.000537000380625983,0.999999855815285,0.));
#2429=CARTESIAN_POINT('',(21.3941437088204,-2.19045067472369,16.6813325258798));
#2430=CARTESIAN_POINT('',(18.494144126956,-2.18889337361987,18.3556483065297));
#2431=VECTOR('',#2432,1.);
#2432=DIRECTION('',(0.866025278916813,-0.000465055971465036,-0.5));
#2433=CARTESIAN_POINT('',(21.392371378621,-5.49087653616239,16.6813325258798));
#2434=VECTOR('',#2435,1.);
#2435=DIRECTION('',(0.000537000380626641,0.999999855815285,0.));
#2436=CARTESIAN_POINT('',(21.3941437088204,-2.19045067472369,13.3327009645799));
#2437=CARTESIAN_POINT('',(21.3941437088204,-2.19045067472369,16.6813325258798));
#2438=VECTOR('',#2439,1.);
#2439=DIRECTION('',(4.24377972167401E-15,0.,-1.));
#2440=CARTESIAN_POINT('',(21.3923713786211,-5.49087653616239,13.3327009645799));
#2441=VECTOR('',#2442,1.);
#2442=DIRECTION('',(0.000537000380626641,0.999999855815285,0.));
#2443=CARTESIAN_POINT('',(18.494144126956,-2.18889337361987,11.6583851839299));
#2444=CARTESIAN_POINT('',(21.3941437088204,-2.19045067472369,13.3327009645799));
#2445=VECTOR('',#2446,1.);
#2446=DIRECTION('',(-0.866025278916813,0.000465055971465299,-0.499999999999999));
#2447=CARTESIAN_POINT('',(18.4928285505783,-4.63875418477343,11.6583851839299));
#2448=VECTOR('',#2449,1.);
#2449=DIRECTION('',(0.000537000380627434,0.999999855815285,0.));
#2450=CARTESIAN_POINT('',(18.494144126956,-2.18889337361987,11.6583851839299));
#2451=VECTOR('',#2452,1.);
#2452=DIRECTION('',(-0.866025278916813,0.000465055971465302,0.5));
#2453=CARTESIAN_POINT('',(-4.35,4.94277409583288,6.2));
#2454=CARTESIAN_POINT('',(-4.35,4.94277409583288,6.2));
#2455=VECTOR('',#2456,1.);
#2456=DIRECTION('',(1.22412645191394E-16,-1.,0.));
#2457=CARTESIAN_POINT('',(-4.35,4.94277409583288,3.));
#2458=CARTESIAN_POINT('',(-4.35,4.94277409583288,6.2));
#2459=VECTOR('',#2460,1.);
#2460=DIRECTION('',(2.77555756156289E-16,0.,-1.));
#2461=CARTESIAN_POINT('',(-4.35,4.94277409583288,3.));
#2462=VECTOR('',#2463,1.);
#2463=DIRECTION('',(1.22412645191394E-16,-1.,0.));
#2464=CARTESIAN_POINT('',(-7.25,6.61708987648279,3.));
#2465=CARTESIAN_POINT('',(-7.25,6.61708987648279,3.));
#2466=VECTOR('',#2467,1.);
#2467=DIRECTION('',(0.866025403784439,-0.5,3.97854348906944E-16));
#2468=CARTESIAN_POINT('',(-10.15,4.94277409583287,3.));
#2469=CARTESIAN_POINT('',(-10.15,4.94277409583287,3.));
#2470=VECTOR('',#2471,1.);
#2471=DIRECTION('',(0.866025403784438,0.500000000000001,1.32618116302315E-16));
#2472=CARTESIAN_POINT('',(-10.15,-2.91088251685768,3.));
#2473=VECTOR('',#2474,1.);
#2474=DIRECTION('',(-2.26182137442815E-16,1.,0.));
#2475=CARTESIAN_POINT('',(-5.65,3.26845831518296,3.));
#2476=AXIS2_PLACEMENT_3D('',#2477,#2478,#2479);
#2477=CARTESIAN_POINT('',(-7.25,3.26845831518296,3.));
#2478=DIRECTION('',(-2.495472236246E-16,3.92877344745694E-17,1.));
#2479=DIRECTION('',(1.,6.12323399573677E-17,2.495472236246E-16));
#2480=CARTESIAN_POINT('',(-10.15,4.94277409583287,6.2));
#2481=CARTESIAN_POINT('',(-10.15,4.94277409583287,6.2));
#2482=VECTOR('',#2483,1.);
#2483=DIRECTION('',(0.,0.,-1.));
#2484=CARTESIAN_POINT('',(-10.15,-2.91088251685768,6.2));
#2485=VECTOR('',#2486,1.);
#2486=DIRECTION('',(0.,1.,0.));
#2487=CARTESIAN_POINT('',(-7.25,6.61708987648279,6.2));
#2488=CARTESIAN_POINT('',(-10.15,4.94277409583287,6.2));
#2489=VECTOR('',#2490,1.);
#2490=DIRECTION('',(0.866025403784438,0.500000000000001,2.6523623260463E-16));
#2491=CARTESIAN_POINT('',(-7.25,6.61708987648279,6.2));
#2492=VECTOR('',#2493,1.);
#2493=DIRECTION('',(0.866025403784439,-0.5,2.6523623260463E-16));
#2494=CARTESIAN_POINT('',(-5.65,3.26845831518296,6.2));
#2495=AXIS2_PLACEMENT_3D('',#2496,#2497,#2498);
#2496=CARTESIAN_POINT('',(-7.25,3.26845831518296,6.2));
#2497=DIRECTION('',(-2.495472236246E-16,3.92877344745694E-17,1.));
#2498=DIRECTION('',(1.,6.12323399573677E-17,2.495472236246E-16));
#2499=CARTESIAN_POINT('',(8.85,3.26845831518296,3.));
#2500=AXIS2_PLACEMENT_3D('',#2501,#2502,#2503);
#2501=CARTESIAN_POINT('',(7.25,3.26845831518296,3.));
#2502=DIRECTION('',(-2.495472236246E-16,3.92877344745694E-17,1.));
#2503=DIRECTION('',(1.,6.12323399573677E-17,2.495472236246E-16));
#2504=CARTESIAN_POINT('',(-12.8171759760096,8.71588884048748,7.00701674522982));
#2505=CARTESIAN_POINT('',(1.40461916797559E-14,8.71588884048748,7.00701674522982));
#2506=CARTESIAN_POINT('',(1.33527426523402E-14,8.71588884048748,7.00701674522982));
#2507=VECTOR('',#2508,1.);
#2508=DIRECTION('',(-1.,0.,-1.38591905324942E-16));
#2509=CARTESIAN_POINT('',(-12.8171759760096,8.71588884048748,7.00701674522982));
#2510=VECTOR('',#2511,1.);
#2511=DIRECTION('',(-1.,0.,-3.50667243869882E-16));
#2512=CARTESIAN_POINT('',(-17.85,8.71588884048748,11.3070167452298));
#2513=VECTOR('',#2514,1.);
#2514=DIRECTION('',(-1.,0.,0.));
#2515=CARTESIAN_POINT('',(-18.5,8.71588884048748,18.7070167452298));
#2516=VECTOR('',#2517,1.);
#2517=DIRECTION('',(1.,0.,0.));
#2518=CARTESIAN_POINT('',(17.85,8.71588884048748,18.7070167452298));
#2519=VECTOR('',#2520,1.);
#2520=DIRECTION('',(1.,0.,0.));
#2521=CARTESIAN_POINT('',(18.5,8.71588884048748,11.3070167452298));
#2522=VECTOR('',#2523,1.);
#2523=DIRECTION('',(-1.,0.,0.));
#2524=CARTESIAN_POINT('',(12.8171759760095,8.71588884048749,7.00701674522982));
#2525=CARTESIAN_POINT('',(15.35,8.71588884048748,7.00701674522982));
#2526=VECTOR('',#2527,1.);
#2527=DIRECTION('',(-1.,0.,-3.50667243869862E-16));
#2528=CARTESIAN_POINT('',(12.8171759760095,8.71588884048748,7.00701674522982));
#2529=VECTOR('',#2530,1.);
#2530=DIRECTION('',(-1.,0.,-6.92959526624719E-17));
#2531=CARTESIAN_POINT('',(-20.1,8.71588884048748,15.0070167452298));
#2532=AXIS2_PLACEMENT_3D('',#2533,#2534,#2535);
#2533=CARTESIAN_POINT('',(-18.5,8.71588884048748,15.0070167452298));
#2534=DIRECTION('',(0.,1.,6.12323399573677E-17));
#2535=DIRECTION('',(-1.,7.49879891330929E-33,-1.22464679914735E-16));
#2536=CARTESIAN_POINT('',(16.9,8.71588884048748,15.0070167452298));
#2537=AXIS2_PLACEMENT_3D('',#2538,#2539,#2540);
#2538=CARTESIAN_POINT('',(18.5,8.71588884048748,15.0070167452298));
#2539=DIRECTION('',(0.,1.,6.12323399573677E-17));
#2540=DIRECTION('',(-1.,7.49879891330929E-33,-1.22464679914735E-16));
#2541=AXIS2_PLACEMENT_3D('',#2542,#2543,#2544);
#2542=CARTESIAN_POINT('',(-15.3500000355421,8.27777982160228,6.00701674522982));
#2543=DIRECTION('',(-0.982597906354245,-0.185745402172582,-1.18732875937783E-16));
#2544=DIRECTION('',(0.105421423030803,-0.557682011739412,0.823332920117034));
#2545=AXIS2_PLACEMENT_3D('',#2546,#2547,#2548);
#2546=CARTESIAN_POINT('',(0.,-72.9241111595121,7.00701674522981));
#2547=DIRECTION('',(-1.0864567825078E-16,-6.44853644506386E-17,1.));
#2548=DIRECTION('',(-0.155096514714541,0.987899322362052,4.68544818075625E-17));
#2549=CARTESIAN_POINT('',(-12.6620794612951,7.72798951812542,6.00701674522982));
#2550=AXIS2_PLACEMENT_3D('',#2551,#2552,#2553);
#2551=CARTESIAN_POINT('',(-12.8171759760096,8.71588884048747,6.00701674522982));
#2552=DIRECTION('',(0.987899322362052,0.155096514714541,1.17332447197902E-16));
#2553=DIRECTION('',(-1.51950746378339E-15,8.92210859247663E-15,1.));
#2554=AXIS2_PLACEMENT_3D('',#2555,#2556,#2557);
#2555=CARTESIAN_POINT('',(-9.9802362380611E-16,-72.9241111595121,6.00701674522983));
#2556=DIRECTION('',(-2.495472236246E-16,3.92877344745694E-17,1.));
#2557=DIRECTION('',(-0.155096514714541,0.987899322362052,-7.75162309054331E-17));
#2558=CARTESIAN_POINT('',(1.47396407071715E-14,8.71588884048748,7.00701674522982));
#2559=CARTESIAN_POINT('',(-0.935117047442547,8.71588884048748,6.90345905508924));
#2560=CARTESIAN_POINT('',(-2.61849535305526,8.68693860479334,6.71720572905948));
#2561=CARTESIAN_POINT('',(-4.90014293277072,8.57710205620159,6.48073967931389));
#2562=CARTESIAN_POINT('',(-6.74223884944508,8.44260699224942,6.30968246999626));
#2563=CARTESIAN_POINT('',(-8.27890935796846,8.29912639217179,6.18678064217355));
#2564=CARTESIAN_POINT('',(-9.52659079278773,8.16082981642086,6.10536678380183));
#2565=CARTESIAN_POINT('',(-10.5042635637807,8.03867603154443,6.05630393234976));
#2566=CARTESIAN_POINT('',(-11.2014223733199,7.94450119873272,6.03062661588469));
#2567=CARTESIAN_POINT('',(-11.7210668671335,7.87051908306215,6.01673936240276));
#2568=CARTESIAN_POINT('',(-12.1191019792584,7.81163671809882,6.01106518028823));
#2569=CARTESIAN_POINT('',(-12.4244422182127,7.76508097132663,6.00857032560486));
#2570=CARTESIAN_POINT('',(-12.5956379566525,7.73842058692889,6.00745089640211));
#2571=CARTESIAN_POINT('',(-12.6620794612951,7.72798951812543,6.00701674522982));
#2572=CARTESIAN_POINT('',(12.662079461295,7.72798951812545,6.00701674522982));
#2573=CARTESIAN_POINT('',(12.662079461295,7.72798951812545,6.00701674522982));
#2574=CARTESIAN_POINT('',(12.5173184032636,7.75071646515217,6.00796266259284));
#2575=CARTESIAN_POINT('',(12.2174012369364,7.7969755477455,6.00991593612193));
#2576=CARTESIAN_POINT('',(11.7613722997367,7.86471221377536,6.01581259907153));
#2577=CARTESIAN_POINT('',(11.2777123717576,7.9336976398411,6.02847659544273));
#2578=CARTESIAN_POINT('',(10.7474170834116,8.00604270623718,6.04712477833296));
#2579=CARTESIAN_POINT('',(10.0269922472844,8.09923972090937,6.07913855603932));
#2580=CARTESIAN_POINT('',(9.04512980831113,8.21613628076382,6.13494479970958));
#2581=CARTESIAN_POINT('',(7.69265858879537,8.35739821654927,6.23099450972204));
#2582=CARTESIAN_POINT('',(6.09416849769119,8.49440264141764,6.36748320971275));
#2583=CARTESIAN_POINT('',(4.22719758185641,8.61411473742214,6.54887854339729));
#2584=CARTESIAN_POINT('',(2.4549035123035,8.68544878845385,6.73659293931903));
#2585=CARTESIAN_POINT('',(1.00894427368109,8.71225828847846,6.89536007302845));
#2586=CARTESIAN_POINT('',(0.265925201788817,8.71588884048748,6.97756738407999));
#2587=CARTESIAN_POINT('',(1.47396407071715E-14,8.71588884048748,7.00701674522982));
#2588=AXIS2_PLACEMENT_3D('',#2589,#2590,#2591);
#2589=CARTESIAN_POINT('',(-9.98023623806109E-16,-72.9241111595121,6.00701674522982));
#2590=DIRECTION('',(-2.495472236246E-16,3.92877344745694E-17,1.));
#2591=DIRECTION('',(0.176503000641222,0.984300101983457,5.37491272141028E-18));
#2592=AXIS2_PLACEMENT_3D('',#2593,#2594,#2595);
#2593=CARTESIAN_POINT('',(0.,-72.9241111595121,7.00701674522981));
#2594=DIRECTION('',(-1.0864567825078E-16,-6.44853644506386E-17,1.));
#2595=DIRECTION('',(0.185745401742492,0.982597906435547,8.35436192592075E-17));
#2596=AXIS2_PLACEMENT_3D('',#2597,#2598,#2599);
#2597=CARTESIAN_POINT('',(15.3499999999995,8.27777982832109,6.00701674522982));
#2598=DIRECTION('',(0.982597906435547,-0.185745401742492,9.47771560660915E-17));
#2599=DIRECTION('',(2.31080456875095E-16,1.73267454370637E-15,1.));
#2600=AXIS2_PLACEMENT_3D('',#2601,#2602,#2603);
#2601=CARTESIAN_POINT('',(12.8171759760095,8.71588884048749,6.00701674522982));
#2602=DIRECTION('',(0.987899322362053,-0.15509651471454,9.73295366451201E-17));
#2603=DIRECTION('',(1.76021152957324E-16,1.74872217388146E-15,1.));
#2604=CARTESIAN_POINT('',(-20.1,-2.16816830054547,15.0070167452298));
#2605=CARTESIAN_POINT('',(-20.1,-2.16816830054549,15.0070167452301));
#2606=CARTESIAN_POINT('',(-20.0999999999994,-2.16816830054549,18.2070167452301));
#2607=CARTESIAN_POINT('',(-16.8999999999994,-2.16988670201126,18.2070167452295));
#2608=CARTESIAN_POINT('',(-16.9,-2.16988670201126,15.0070167452295));
#2609=CARTESIAN_POINT('',(-16.9000000000006,-2.16988670201126,11.8070167452295));
#2610=CARTESIAN_POINT('',(-20.1000000000006,-2.16816830054549,11.8070167452301));
#2611=CARTESIAN_POINT('',(-20.1,-2.16816830054549,15.0070167452301));
#2612=CARTESIAN_POINT('',(16.9,-2.18803731749348,15.0070167452298));
#2613=CARTESIAN_POINT('',(16.9,-2.18803731749349,15.0070167452301));
#2614=CARTESIAN_POINT('',(16.9000000000006,-2.18803731749349,18.2070167452301));
#2615=CARTESIAN_POINT('',(20.1000000000006,-2.18975571895927,18.2070167452295));
#2616=CARTESIAN_POINT('',(20.1,-2.18975571895927,15.0070167452295));
#2617=CARTESIAN_POINT('',(20.0999999999994,-2.18975571895927,11.8070167452295));
#2618=CARTESIAN_POINT('',(16.8999999999994,-2.18803731749349,11.8070167452301));
#2619=CARTESIAN_POINT('',(16.9,-2.18803731749349,15.0070167452301));
#2620=CARTESIAN_POINT('',(-7.25,6.61708987648279,6.2));
#2621=VECTOR('',#2622,1.);
#2622=DIRECTION('',(2.77555756156289E-16,-2.77555756156289E-16,-1.));
#2623=CARTESIAN_POINT('',(-5.65,3.26845831518295,17.0070167452298));
#2624=AXIS2_PLACEMENT_3D('',#2625,#2626,#2627);
#2625=CARTESIAN_POINT('',(-7.25,3.26845831518295,17.0070167452298));
#2626=DIRECTION('',(1.0864567825078E-16,6.44853644506386E-17,-1.));
#2627=DIRECTION('',(1.,6.12323399573677E-17,1.0864567825078E-16));
ENDSEC;
END-ISO-10303-21;
