ISO-10303-21;
HEADER;
FILE_DESCRIPTION(('STEP AP203'),
    '1');
FILE_NAME('Крышка',
    '',
    ('UNSPECIFIED'),
    ('UNSPECIFIED'),
    'C3D Converter',
    'C3D Toolkit',
    '');
FILE_SCHEMA(('CONFIG_CONTROL_DESIGN'));
ENDSEC;

DATA;
#1=PRODUCT_DEFINITION('','UNSPECIFIED',#30,#33);
#2=SHAPE_DEFINITION_REPRESENTATION(#28,#3);
#3=SHAPE_REPRESENTATION('NONE',(#4),#8);
#4=AXIS2_PLACEMENT_3D('',#5,#6,#7);
#5=CARTESIAN_POINT('',(0.,0.,0.));
#6=DIRECTION('',(0.,0.,1.));
#7=DIRECTION('',(1.,0.,0.));
#8=(GEOMETRIC_REPRESENTATION_CONTEXT(3)GLOBAL_UNCERTAINTY_ASSIGNED_CONTEXT((#10))
GLOBAL_UNIT_ASSIGNED_CONTEXT((#9,#11,#12))REPRESENTATION_CONTEXT('NONE','NONE'));
#9=(LENGTH_UNIT()NAMED_UNIT(*)SI_UNIT(.MILLI.,.METRE.));
#10=UNCERTAINTY_MEASURE_WITH_UNIT(LENGTH_MEASURE(1.E-5),#9,'NONE','NONE');
#11=(NAMED_UNIT(*)PLANE_ANGLE_UNIT()SI_UNIT($,.RADIAN.));
#12=(NAMED_UNIT(*)SI_UNIT($,.STERADIAN.)SOLID_ANGLE_UNIT());
#13=MANIFOLD_SOLID_BREP('',#14);
#14=CLOSED_SHELL('',(#55,#56,#57,#58,#59,#60,#61,#62,#63,#64,#65,#66,#67,#68,#69,
#70,#71,#72,#73,#74,#75,#76,#77,#78,#79,#80,#81,#82,#83,#84,#85,#86,#87,#88,#89,
#90,#91,#92,#93,#94,#95,#96,#97,#98,#99,#100,#101,#102,#103,#104,#105,#106,#107,
#108,#109,#110,#111,#112,#113,#114,#115,#116,#117,#118,#119,#120,#121,#122,#123,
#124,#125,#126,#127,#128,#129,#130,#131,#132,#133,#134,#135));
#15=COLOUR_RGB('',0.4,0.8,0.);
#16=FILL_AREA_STYLE_COLOUR('',#15);
#17=FILL_AREA_STYLE($,(#16));
#18=SURFACE_STYLE_FILL_AREA(#17);
#19=SURFACE_SIDE_STYLE('',(#18,#23));
#20=SURFACE_STYLE_USAGE(.BOTH.,#19);
#21=PRESENTATION_STYLE_ASSIGNMENT((#20));
#22=SURFACE_STYLE_TRANSPARENT(0.498000025749207);
#23=SURFACE_STYLE_RENDERING_WITH_PROPERTIES(.UNSPECIFIED.,$,(#22));
#24=MECHANICAL_DESIGN_GEOMETRIC_PRESENTATION_REPRESENTATION('NONE',(#25),#8);
#25=STYLED_ITEM('',(#21),#13);
#26=ADVANCED_BREP_SHAPE_REPRESENTATION('NONE',(#13),#8);
#27=SHAPE_REPRESENTATION_RELATIONSHIP('','',#3,#26);
#28=PRODUCT_DEFINITION_SHAPE('NONE','NONE',#1);
#29=MECHANICAL_CONTEXT('NONE',#34,'mechanical');
#30=PRODUCT_DEFINITION_FORMATION_WITH_SPECIFIED_SOURCE('ANY','UNSPECIFIED',#31,.NOT_KNOWN.);
#31=PRODUCT('','\X2\041A0440044B0448043A0430\X0\','NONE',(#29));
#32=PRODUCT_RELATED_PRODUCT_CATEGORY('detail','',(#31));
#33=DESIGN_CONTEXT('detailed design',#34,'design');
#34=APPLICATION_CONTEXT('configuration controlled 3d designs of mechanical parts and assemblies');
#35=APPLICATION_PROTOCOL_DEFINITION('international standard','config_control_design',
1994,#34);
#36=CC_DESIGN_DATE_AND_TIME_ASSIGNMENT(#37,#41,(#1));
#37=DATE_AND_TIME(#38,#39);
#38=CALENDAR_DATE(0,1,1);
#39=LOCAL_TIME(0,0,0.,#40);
#40=COORDINATED_UNIVERSAL_TIME_OFFSET(0,0,.AHEAD.);
#41=DATE_TIME_ROLE('creation_date');
#42=CC_DESIGN_APPROVAL(#43,(#1));
#43=APPROVAL(#44,'UNSPECIFIED');
#44=APPROVAL_STATUS('not_yet_approved');
#45=APPROVAL_DATE_TIME(#46,#43);
#46=DATE_AND_TIME(#47,#48);
#47=CALENDAR_DATE(0,1,1);
#48=LOCAL_TIME(0,0,0.,#49);
#49=COORDINATED_UNIVERSAL_TIME_OFFSET(0,0,.AHEAD.);
#50=PERSON('UNSPECIFIED','User','UNSPECIFIED',('UNSPECIFIED'),('UNSPECIFIED'),('UNSPECIFIED'));
#51=ORGANIZATION('UNSPECIFIED','UNSPECIFIED','UNSPECIFIED');
#52=PERSON_AND_ORGANIZATION(#50,#51);
#53=PERSON_AND_ORGANIZATION_ROLE('creator');
#54=CC_DESIGN_PERSON_AND_ORGANIZATION_ASSIGNMENT(#52,#53,(#30,#1));
#55=ADVANCED_FACE('',(#136,#138,#140,#142,#144,#146,#148,#150,#152,#154,#156,#158,
#160),#162,.T.);
#56=ADVANCED_FACE('',(#167,#169,#171,#173,#175,#177,#179,#181,#183,#185,#187,#189,
#191),#193,.F.);
#57=ADVANCED_FACE('',(#198,#200),#202,.F.);
#58=ADVANCED_FACE('',(#207,#209),#211,.F.);
#59=ADVANCED_FACE('',(#216),#218,.T.);
#60=ADVANCED_FACE('',(#223,#225),#227,.T.);
#61=ADVANCED_FACE('',(#232),#234,.T.);
#62=ADVANCED_FACE('',(#239,#241),#243,.T.);
#63=ADVANCED_FACE('',(#248),#250,.T.);
#64=ADVANCED_FACE('',(#255),#257,.T.);
#65=ADVANCED_FACE('',(#262),#264,.T.);
#66=ADVANCED_FACE('',(#269,#271,#273,#275,#277,#279,#281),#283,.T.);
#67=ADVANCED_FACE('',(#288),#290,.T.);
#68=ADVANCED_FACE('',(#295),#297,.T.);
#69=ADVANCED_FACE('',(#302),#304,.T.);
#70=ADVANCED_FACE('',(#309),#311,.T.);
#71=ADVANCED_FACE('',(#316,#318),#320,.F.);
#72=ADVANCED_FACE('',(#325,#327),#329,.F.);
#73=ADVANCED_FACE('',(#334,#336),#338,.F.);
#74=ADVANCED_FACE('',(#343,#345),#347,.F.);
#75=ADVANCED_FACE('',(#352,#354),#356,.F.);
#76=ADVANCED_FACE('',(#361,#363),#365,.F.);
#77=ADVANCED_FACE('',(#370,#372),#374,.F.);
#78=ADVANCED_FACE('',(#379,#381),#383,.F.);
#79=ADVANCED_FACE('',(#388,#390),#392,.F.);
#80=ADVANCED_FACE('',(#397,#399),#401,.F.);
#81=ADVANCED_FACE('',(#406),#408,.F.);
#82=ADVANCED_FACE('',(#413),#415,.F.);
#83=ADVANCED_FACE('',(#420),#422,.F.);
#84=ADVANCED_FACE('',(#427,#429,#431,#433,#435,#437,#439),#441,.F.);
#85=ADVANCED_FACE('',(#446),#448,.F.);
#86=ADVANCED_FACE('',(#453),#455,.F.);
#87=ADVANCED_FACE('',(#460),#462,.F.);
#88=ADVANCED_FACE('',(#467,#469),#471,.F.);
#89=ADVANCED_FACE('',(#476),#478,.F.);
#90=ADVANCED_FACE('',(#483,#485),#487,.F.);
#91=ADVANCED_FACE('',(#492),#494,.F.);
#92=ADVANCED_FACE('',(#499),#501,.F.);
#93=ADVANCED_FACE('',(#506,#508),#510,.F.);
#94=ADVANCED_FACE('',(#515,#517),#519,.F.);
#95=ADVANCED_FACE('',(#524,#526),#528,.F.);
#96=ADVANCED_FACE('',(#533,#535),#537,.F.);
#97=ADVANCED_FACE('',(#542,#544),#546,.F.);
#98=ADVANCED_FACE('',(#551),#553,.F.);
#99=ADVANCED_FACE('',(#558),#560,.F.);
#100=ADVANCED_FACE('',(#565),#567,.F.);
#101=ADVANCED_FACE('',(#572),#574,.F.);
#102=ADVANCED_FACE('',(#579),#581,.F.);
#103=ADVANCED_FACE('',(#586),#588,.F.);
#104=ADVANCED_FACE('',(#593),#595,.F.);
#105=ADVANCED_FACE('',(#600),#602,.F.);
#106=ADVANCED_FACE('',(#607),#609,.F.);
#107=ADVANCED_FACE('',(#614),#616,.F.);
#108=ADVANCED_FACE('',(#621),#623,.F.);
#109=ADVANCED_FACE('',(#628),#630,.F.);
#110=ADVANCED_FACE('',(#635),#637,.F.);
#111=ADVANCED_FACE('',(#642),#644,.F.);
#112=ADVANCED_FACE('',(#649),#651,.F.);
#113=ADVANCED_FACE('',(#656),#658,.F.);
#114=ADVANCED_FACE('',(#663),#665,.F.);
#115=ADVANCED_FACE('',(#670),#672,.F.);
#116=ADVANCED_FACE('',(#677),#679,.F.);
#117=ADVANCED_FACE('',(#684),#686,.F.);
#118=ADVANCED_FACE('',(#691),#693,.F.);
#119=ADVANCED_FACE('',(#698),#700,.F.);
#120=ADVANCED_FACE('',(#705),#707,.F.);
#121=ADVANCED_FACE('',(#712),#714,.F.);
#122=ADVANCED_FACE('',(#719),#721,.F.);
#123=ADVANCED_FACE('',(#726),#728,.F.);
#124=ADVANCED_FACE('',(#733),#735,.F.);
#125=ADVANCED_FACE('',(#740),#742,.F.);
#126=ADVANCED_FACE('',(#747),#749,.F.);
#127=ADVANCED_FACE('',(#754),#756,.F.);
#128=ADVANCED_FACE('',(#761),#763,.F.);
#129=ADVANCED_FACE('',(#768),#770,.F.);
#130=ADVANCED_FACE('',(#775,#777),#779,.F.);
#131=ADVANCED_FACE('',(#784,#786),#788,.F.);
#132=ADVANCED_FACE('',(#793,#795),#797,.F.);
#133=ADVANCED_FACE('',(#802,#804),#806,.F.);
#134=ADVANCED_FACE('',(#811,#813),#815,.F.);
#135=ADVANCED_FACE('',(#820,#822),#824,.F.);
#136=FACE_BOUND('',#137,.T.);
#137=EDGE_LOOP('',(#829,#830,#831,#832,#833,#834,#835,#836,#837,#838,#839,#840));
#138=FACE_BOUND('',#139,.T.);
#139=EDGE_LOOP('',(#841));
#140=FACE_BOUND('',#141,.T.);
#141=EDGE_LOOP('',(#842));
#142=FACE_BOUND('',#143,.T.);
#143=EDGE_LOOP('',(#843));
#144=FACE_BOUND('',#145,.T.);
#145=EDGE_LOOP('',(#844));
#146=FACE_BOUND('',#147,.T.);
#147=EDGE_LOOP('',(#845));
#148=FACE_BOUND('',#149,.T.);
#149=EDGE_LOOP('',(#846));
#150=FACE_BOUND('',#151,.T.);
#151=EDGE_LOOP('',(#847));
#152=FACE_BOUND('',#153,.T.);
#153=EDGE_LOOP('',(#848));
#154=FACE_BOUND('',#155,.T.);
#155=EDGE_LOOP('',(#849));
#156=FACE_BOUND('',#157,.T.);
#157=EDGE_LOOP('',(#850));
#158=FACE_BOUND('',#159,.T.);
#159=EDGE_LOOP('',(#851));
#160=FACE_BOUND('',#161,.T.);
#161=EDGE_LOOP('',(#852));
#162=PLANE('',#163);
#163=AXIS2_PLACEMENT_3D('',#164,#165,#166);
#164=CARTESIAN_POINT('',(0.,0.,80.));
#165=DIRECTION('',(0.,0.,1.));
#166=DIRECTION('',(-1.,1.22464679914735E-16,0.));
#167=FACE_BOUND('',#168,.T.);
#168=EDGE_LOOP('',(#853,#854,#855,#856,#857,#858,#859,#860,#861,#862,#863,#864));
#169=FACE_BOUND('',#170,.T.);
#170=EDGE_LOOP('',(#865));
#171=FACE_BOUND('',#172,.T.);
#172=EDGE_LOOP('',(#866));
#173=FACE_BOUND('',#174,.T.);
#174=EDGE_LOOP('',(#867));
#175=FACE_BOUND('',#176,.T.);
#176=EDGE_LOOP('',(#868));
#177=FACE_BOUND('',#178,.T.);
#178=EDGE_LOOP('',(#869));
#179=FACE_BOUND('',#180,.T.);
#180=EDGE_LOOP('',(#870));
#181=FACE_BOUND('',#182,.T.);
#182=EDGE_LOOP('',(#871));
#183=FACE_BOUND('',#184,.T.);
#184=EDGE_LOOP('',(#872));
#185=FACE_BOUND('',#186,.T.);
#186=EDGE_LOOP('',(#873));
#187=FACE_BOUND('',#188,.T.);
#188=EDGE_LOOP('',(#874));
#189=FACE_BOUND('',#190,.T.);
#190=EDGE_LOOP('',(#875));
#191=FACE_BOUND('',#192,.T.);
#192=EDGE_LOOP('',(#876));
#193=PLANE('',#194);
#194=AXIS2_PLACEMENT_3D('',#195,#196,#197);
#195=CARTESIAN_POINT('',(0.,0.,76.));
#196=DIRECTION('',(0.,0.,1.));
#197=DIRECTION('',(-1.,1.22464679914735E-16,0.));
#198=FACE_OUTER_BOUND('',#199,.T.);
#199=EDGE_LOOP('',(#877));
#200=FACE_OUTER_BOUND('',#201,.T.);
#201=EDGE_LOOP('',(#878));
#202=CYLINDRICAL_SURFACE('',#203,1.6);
#203=AXIS2_PLACEMENT_3D('',#204,#205,#206);
#204=CARTESIAN_POINT('',(20.6007446208567,-9.99999999999995,80.));
#205=DIRECTION('',(0.,0.,-1.));
#206=DIRECTION('',(-1.,0.,0.));
#207=FACE_OUTER_BOUND('',#208,.T.);
#208=EDGE_LOOP('',(#879));
#209=FACE_OUTER_BOUND('',#210,.T.);
#210=EDGE_LOOP('',(#880));
#211=CYLINDRICAL_SURFACE('',#212,1.6);
#212=AXIS2_PLACEMENT_3D('',#213,#214,#215);
#213=CARTESIAN_POINT('',(20.6007446208567,10.0000000000001,80.));
#214=DIRECTION('',(0.,0.,-1.));
#215=DIRECTION('',(-1.,0.,0.));
#216=FACE_BOUND('',#217,.T.);
#217=EDGE_LOOP('',(#881,#882,#883,#884));
#218=CYLINDRICAL_SURFACE('',#219,10.);
#219=AXIS2_PLACEMENT_3D('',#220,#221,#222);
#220=CARTESIAN_POINT('',(-125.399255379305,48.3000000001635,-6.00000000000003));
#221=DIRECTION('',(0.,0.,-1.));
#222=DIRECTION('',(-1.,0.,0.));
#223=FACE_BOUND('',#224,.T.);
#224=EDGE_LOOP('',(#885,#886,#887,#888));
#225=FACE_BOUND('',#226,.T.);
#226=EDGE_LOOP('',(#889,#890,#891,#892,#893,#894,#895,#896));
#227=PLANE('',#228);
#228=AXIS2_PLACEMENT_3D('',#229,#230,#231);
#229=CARTESIAN_POINT('',(-135.399255379305,58.3000000001635,34.));
#230=DIRECTION('',(-1.,0.,0.));
#231=DIRECTION('',(0.,-1.,0.));
#232=FACE_BOUND('',#233,.T.);
#233=EDGE_LOOP('',(#897,#898,#899,#900));
#234=CYLINDRICAL_SURFACE('',#235,10.);
#235=AXIS2_PLACEMENT_3D('',#236,#237,#238);
#236=CARTESIAN_POINT('',(-125.399255379305,-48.3000000001634,-6.00000000000003));
#237=DIRECTION('',(0.,5.6392280615881E-17,-1.));
#238=DIRECTION('',(0.,-1.,-5.6392280615881E-17));
#239=FACE_BOUND('',#240,.T.);
#240=EDGE_LOOP('',(#901,#902,#903,#904));
#241=FACE_BOUND('',#242,.T.);
#242=EDGE_LOOP('',(#905,#906,#907,#908,#909,#910,#911,#912));
#243=PLANE('',#244);
#244=AXIS2_PLACEMENT_3D('',#245,#246,#247);
#245=CARTESIAN_POINT('',(-135.399255379305,-58.3000000001634,34.));
#246=DIRECTION('',(-1.21299033388223E-16,-1.,0.));
#247=DIRECTION('',(1.,-1.21299033388223E-16,0.));
#248=FACE_BOUND('',#249,.T.);
#249=EDGE_LOOP('',(#913,#914,#915,#916));
#250=CYLINDRICAL_SURFACE('',#251,10.);
#251=AXIS2_PLACEMENT_3D('',#252,#253,#254);
#252=CARTESIAN_POINT('',(35.8000174700509,-48.3000000001635,-6.00000000000003));
#253=DIRECTION('',(-1.12784561231762E-16,0.,-1.));
#254=DIRECTION('',(0.752179701419713,-0.658958038703642,-8.48342575920601E-17));
#255=FACE_BOUND('',#256,.T.);
#256=EDGE_LOOP('',(#917,#918,#919,#920));
#257=PLANE('',#258);
#258=AXIS2_PLACEMENT_3D('',#259,#260,#261);
#259=CARTESIAN_POINT('',(40.3340664566515,-58.3000000001635,34.));
#260=DIRECTION('',(0.752179701419713,-0.658958038703643,0.));
#261=DIRECTION('',(0.658958038703643,0.752179701419713,0.));
#262=FACE_BOUND('',#263,.T.);
#263=EDGE_LOOP('',(#921,#922,#923,#924));
#264=CYLINDRICAL_SURFACE('',#265,10.);
#265=AXIS2_PLACEMENT_3D('',#266,#267,#268);
#266=CARTESIAN_POINT('',(58.7707446210187,-22.0796435055381,-6.00000000000003));
#267=DIRECTION('',(0.,0.,-1.));
#268=DIRECTION('',(1.,3.5527136788005E-16,0.));
#269=FACE_BOUND('',#270,.T.);
#270=EDGE_LOOP('',(#925,#926,#927,#928));
#271=FACE_BOUND('',#272,.T.);
#272=EDGE_LOOP('',(#929,#930,#931,#932,#933,#934,#935,#936));
#273=FACE_BOUND('',#274,.T.);
#274=EDGE_LOOP('',(#937,#938,#939,#940,#941,#942,#943,#944));
#275=FACE_BOUND('',#276,.T.);
#276=EDGE_LOOP('',(#945));
#277=FACE_BOUND('',#278,.T.);
#278=EDGE_LOOP('',(#946));
#279=FACE_BOUND('',#280,.T.);
#280=EDGE_LOOP('',(#947));
#281=FACE_BOUND('',#282,.T.);
#282=EDGE_LOOP('',(#948));
#283=PLANE('',#284);
#284=AXIS2_PLACEMENT_3D('',#285,#286,#287);
#285=CARTESIAN_POINT('',(68.7707446210187,-25.8404337838967,34.));
#286=DIRECTION('',(1.,0.,0.));
#287=DIRECTION('',(0.,1.,0.));
#288=FACE_BOUND('',#289,.T.);
#289=EDGE_LOOP('',(#949,#950,#951,#952));
#290=CYLINDRICAL_SURFACE('',#291,10.);
#291=AXIS2_PLACEMENT_3D('',#292,#293,#294);
#292=CARTESIAN_POINT('',(58.7707446210187,22.0796435055381,-6.00000000000003));
#293=DIRECTION('',(0.,-2.81961403079405E-17,-1.));
#294=DIRECTION('',(0.752179701419712,0.658958038703643,-1.85800733163332E-17));
#295=FACE_BOUND('',#296,.T.);
#296=EDGE_LOOP('',(#953,#954,#955,#956));
#297=PLANE('',#298);
#298=AXIS2_PLACEMENT_3D('',#299,#300,#301);
#299=CARTESIAN_POINT('',(68.7707446210187,25.8404337838967,34.));
#300=DIRECTION('',(0.752179701419713,0.658958038703643,0.));
#301=DIRECTION('',(-0.658958038703643,0.752179701419713,0.));
#302=FACE_BOUND('',#303,.T.);
#303=EDGE_LOOP('',(#957,#958,#959,#960));
#304=CYLINDRICAL_SURFACE('',#305,10.);
#305=AXIS2_PLACEMENT_3D('',#306,#307,#308);
#306=CARTESIAN_POINT('',(35.8000174700509,48.3000000001634,-6.00000000000003));
#307=DIRECTION('',(0.,0.,-1.));
#308=DIRECTION('',(0.,1.,0.));
#309=FACE_BOUND('',#310,.T.);
#310=EDGE_LOOP('',(#961,#962,#963,#964));
#311=PLANE('',#312);
#312=AXIS2_PLACEMENT_3D('',#313,#314,#315);
#313=CARTESIAN_POINT('',(40.3340664566515,58.3000000001634,34.));
#314=DIRECTION('',(1.21299033388223E-16,1.,0.));
#315=DIRECTION('',(-1.,1.21299033388223E-16,0.));
#316=FACE_OUTER_BOUND('',#317,.T.);
#317=EDGE_LOOP('',(#965));
#318=FACE_OUTER_BOUND('',#319,.T.);
#319=EDGE_LOOP('',(#966));
#320=CONICAL_SURFACE('',#321,2.2,0.785398163397446);
#321=AXIS2_PLACEMENT_3D('',#322,#323,#324);
#322=CARTESIAN_POINT('',(-119.599255379144,43.9999999999978,79.3));
#323=DIRECTION('',(0.,0.,1.));
#324=DIRECTION('',(0.,-1.,0.));
#325=FACE_OUTER_BOUND('',#326,.T.);
#326=EDGE_LOOP('',(#967));
#327=FACE_OUTER_BOUND('',#328,.T.);
#328=EDGE_LOOP('',(#968));
#329=CONICAL_SURFACE('',#330,2.3,0.785398163397446);
#330=AXIS2_PLACEMENT_3D('',#331,#332,#333);
#331=CARTESIAN_POINT('',(37.4007446204913,-38.7144660940632,79.3));
#332=DIRECTION('',(0.,0.,1.));
#333=DIRECTION('',(3.08931624243521E-15,-1.,0.));
#334=FACE_OUTER_BOUND('',#335,.T.);
#335=EDGE_LOOP('',(#969));
#336=FACE_OUTER_BOUND('',#337,.T.);
#337=EDGE_LOOP('',(#970));
#338=CYLINDRICAL_SURFACE('',#339,2.6);
#339=AXIS2_PLACEMENT_3D('',#340,#341,#342);
#340=CARTESIAN_POINT('',(-85.3992553791431,20.,34.));
#341=DIRECTION('',(0.,0.,1.));
#342=DIRECTION('',(0.,1.,0.));
#343=FACE_OUTER_BOUND('',#344,.T.);
#344=EDGE_LOOP('',(#971));
#345=FACE_OUTER_BOUND('',#346,.T.);
#346=EDGE_LOOP('',(#972));
#347=CYLINDRICAL_SURFACE('',#348,2.6);
#348=AXIS2_PLACEMENT_3D('',#349,#350,#351);
#349=CARTESIAN_POINT('',(-45.3992553791431,19.9999999999999,34.));
#350=DIRECTION('',(0.,0.,1.));
#351=DIRECTION('',(0.,1.,0.));
#352=FACE_OUTER_BOUND('',#353,.T.);
#353=EDGE_LOOP('',(#973));
#354=FACE_OUTER_BOUND('',#355,.T.);
#355=EDGE_LOOP('',(#974));
#356=CYLINDRICAL_SURFACE('',#357,2.6);
#357=AXIS2_PLACEMENT_3D('',#358,#359,#360);
#358=CARTESIAN_POINT('',(-85.3992553791432,-20.0000000000001,34.));
#359=DIRECTION('',(0.,0.,1.));
#360=DIRECTION('',(0.,1.,0.));
#361=FACE_OUTER_BOUND('',#362,.T.);
#362=EDGE_LOOP('',(#975));
#363=FACE_OUTER_BOUND('',#364,.T.);
#364=EDGE_LOOP('',(#976));
#365=CYLINDRICAL_SURFACE('',#366,2.6);
#366=AXIS2_PLACEMENT_3D('',#367,#368,#369);
#367=CARTESIAN_POINT('',(-19.3992553791433,-19.9999999999999,34.));
#368=DIRECTION('',(0.,0.,1.));
#369=DIRECTION('',(1.,0.,0.));
#370=FACE_OUTER_BOUND('',#371,.T.);
#371=EDGE_LOOP('',(#977));
#372=FACE_OUTER_BOUND('',#373,.T.);
#373=EDGE_LOOP('',(#978));
#374=CYLINDRICAL_SURFACE('',#375,2.6);
#375=AXIS2_PLACEMENT_3D('',#376,#377,#378);
#376=CARTESIAN_POINT('',(20.6007446208567,-19.9999999999999,34.));
#377=DIRECTION('',(0.,0.,1.));
#378=DIRECTION('',(1.,0.,0.));
#379=FACE_OUTER_BOUND('',#380,.T.);
#380=EDGE_LOOP('',(#979));
#381=FACE_OUTER_BOUND('',#382,.T.);
#382=EDGE_LOOP('',(#980));
#383=CYLINDRICAL_SURFACE('',#384,2.6);
#384=AXIS2_PLACEMENT_3D('',#385,#386,#387);
#385=CARTESIAN_POINT('',(20.6007446208567,20.0000000000001,34.));
#386=DIRECTION('',(0.,0.,1.));
#387=DIRECTION('',(1.,0.,0.));
#388=FACE_OUTER_BOUND('',#389,.T.);
#389=EDGE_LOOP('',(#981));
#390=FACE_OUTER_BOUND('',#391,.T.);
#391=EDGE_LOOP('',(#982));
#392=CONICAL_SURFACE('',#393,2.3,0.785398163397446);
#393=AXIS2_PLACEMENT_3D('',#394,#395,#396);
#394=CARTESIAN_POINT('',(37.400744620491,38.7144660940653,79.3));
#395=DIRECTION('',(0.,0.,1.));
#396=DIRECTION('',(3.08931624243521E-15,-1.,0.));
#397=FACE_OUTER_BOUND('',#398,.T.);
#398=EDGE_LOOP('',(#983));
#399=FACE_OUTER_BOUND('',#400,.T.);
#400=EDGE_LOOP('',(#984));
#401=CONICAL_SURFACE('',#402,2.2,0.785398163397446);
#402=AXIS2_PLACEMENT_3D('',#403,#404,#405);
#403=CARTESIAN_POINT('',(-119.599255379144,-43.9999999999981,79.3));
#404=DIRECTION('',(0.,0.,1.));
#405=DIRECTION('',(0.,-1.,0.));
#406=FACE_BOUND('',#407,.T.);
#407=EDGE_LOOP('',(#985,#986,#987,#988));
#408=CYLINDRICAL_SURFACE('',#409,5.);
#409=AXIS2_PLACEMENT_3D('',#410,#411,#412);
#410=CARTESIAN_POINT('',(36.2534223685651,49.3000000000016,14.));
#411=DIRECTION('',(-1.73303106282951E-16,8.66515531414756E-17,-1.));
#412=DIRECTION('',(1.4210854715202E-15,1.,8.66515531414754E-17));
#413=FACE_BOUND('',#414,.T.);
#414=EDGE_LOOP('',(#989,#990,#991,#992));
#415=PLANE('',#416);
#416=AXIS2_PLACEMENT_3D('',#417,#418,#419);
#417=CARTESIAN_POINT('',(64.7707446208568,24.3361176720093,34.));
#418=DIRECTION('',(0.752179701424341,0.65895803869836,0.));
#419=DIRECTION('',(-0.65895803869836,0.752179701424341,0.));
#420=FACE_BOUND('',#421,.T.);
#421=EDGE_LOOP('',(#993,#994,#995,#996));
#422=CYLINDRICAL_SURFACE('',#423,5.);
#423=AXIS2_PLACEMENT_3D('',#424,#425,#426);
#424=CARTESIAN_POINT('',(59.7707446208568,22.45572253285,14.));
#425=DIRECTION('',(0.,4.33257765707378E-17,-1.));
#426=DIRECTION('',(0.752179701424341,0.65895803869836,2.85498687541368E-17));
#427=FACE_BOUND('',#428,.T.);
#428=EDGE_LOOP('',(#997,#998,#999,#1000));
#429=FACE_BOUND('',#430,.T.);
#430=EDGE_LOOP('',(#1001,#1002,#1003,#1004,#1005,#1006,#1007,#1008));
#431=FACE_BOUND('',#432,.T.);
#432=EDGE_LOOP('',(#1009,#1010,#1011,#1012,#1013,#1014,#1015,#1016));
#433=FACE_BOUND('',#434,.T.);
#434=EDGE_LOOP('',(#1017));
#435=FACE_BOUND('',#436,.T.);
#436=EDGE_LOOP('',(#1018));
#437=FACE_BOUND('',#438,.T.);
#438=EDGE_LOOP('',(#1019));
#439=FACE_BOUND('',#440,.T.);
#440=EDGE_LOOP('',(#1020));
#441=PLANE('',#442);
#442=AXIS2_PLACEMENT_3D('',#443,#444,#445);
#443=CARTESIAN_POINT('',(64.7707446208568,-24.3361176720093,34.));
#444=DIRECTION('',(1.,0.,0.));
#445=DIRECTION('',(0.,1.,0.));
#446=FACE_BOUND('',#447,.T.);
#447=EDGE_LOOP('',(#1021,#1022,#1023,#1024));
#448=CYLINDRICAL_SURFACE('',#449,5.);
#449=AXIS2_PLACEMENT_3D('',#450,#451,#452);
#450=CARTESIAN_POINT('',(59.7707446208568,-22.45572253285,14.));
#451=DIRECTION('',(0.,0.,-1.));
#452=DIRECTION('',(1.,-7.105427357601E-16,0.));
#453=FACE_BOUND('',#454,.T.);
#454=EDGE_LOOP('',(#1025,#1026,#1027,#1028));
#455=PLANE('',#456);
#456=AXIS2_PLACEMENT_3D('',#457,#458,#459);
#457=CARTESIAN_POINT('',(38.5204468618866,-54.3000000000016,34.));
#458=DIRECTION('',(0.75217970142434,-0.658958038698361,0.));
#459=DIRECTION('',(0.658958038698361,0.75217970142434,0.));
#460=FACE_BOUND('',#461,.T.);
#461=EDGE_LOOP('',(#1029,#1030,#1031,#1032));
#462=CYLINDRICAL_SURFACE('',#463,5.);
#463=AXIS2_PLACEMENT_3D('',#464,#465,#466);
#464=CARTESIAN_POINT('',(36.2534223685651,-49.3000000000016,14.));
#465=DIRECTION('',(0.,0.,-1.));
#466=DIRECTION('',(0.752179701424339,-0.658958038698362,0.));
#467=FACE_BOUND('',#468,.T.);
#468=EDGE_LOOP('',(#1033,#1034,#1035,#1036));
#469=FACE_BOUND('',#470,.T.);
#470=EDGE_LOOP('',(#1037,#1038,#1039,#1040,#1041,#1042,#1043,#1044));
#471=PLANE('',#472);
#472=AXIS2_PLACEMENT_3D('',#473,#474,#475);
#473=CARTESIAN_POINT('',(-131.399255379143,-54.3000000000016,34.));
#474=DIRECTION('',(-1.2544914916674E-16,-1.,0.));
#475=DIRECTION('',(1.,-1.2544914916674E-16,0.));
#476=FACE_BOUND('',#477,.T.);
#477=EDGE_LOOP('',(#1045,#1046,#1047,#1048));
#478=CYLINDRICAL_SURFACE('',#479,10.);
#479=AXIS2_PLACEMENT_3D('',#480,#481,#482);
#480=CARTESIAN_POINT('',(-121.399255379143,-44.3000000000016,-6.00000000000002));
#481=DIRECTION('',(0.,0.,-1.));
#482=DIRECTION('',(0.,-1.,0.));
#483=FACE_BOUND('',#484,.T.);
#484=EDGE_LOOP('',(#1049,#1050,#1051,#1052));
#485=FACE_BOUND('',#486,.T.);
#486=EDGE_LOOP('',(#1053,#1054,#1055,#1056,#1057,#1058,#1059,#1060));
#487=PLANE('',#488);
#488=AXIS2_PLACEMENT_3D('',#489,#490,#491);
#489=CARTESIAN_POINT('',(-131.399255379143,54.3000000000016,34.));
#490=DIRECTION('',(-1.,0.,0.));
#491=DIRECTION('',(0.,-1.,0.));
#492=FACE_BOUND('',#493,.T.);
#493=EDGE_LOOP('',(#1061,#1062,#1063,#1064));
#494=CYLINDRICAL_SURFACE('',#495,10.);
#495=AXIS2_PLACEMENT_3D('',#496,#497,#498);
#496=CARTESIAN_POINT('',(-121.399255379143,44.3000000000016,-6.00000000000003));
#497=DIRECTION('',(0.,0.,-1.));
#498=DIRECTION('',(-1.,0.,0.));
#499=FACE_BOUND('',#500,.T.);
#500=EDGE_LOOP('',(#1065,#1066,#1067,#1068));
#501=PLANE('',#502);
#502=AXIS2_PLACEMENT_3D('',#503,#504,#505);
#503=CARTESIAN_POINT('',(38.5204468618866,54.3000000000016,34.));
#504=DIRECTION('',(1.2544914916674E-16,1.,0.));
#505=DIRECTION('',(-1.,1.2544914916674E-16,0.));
#506=FACE_OUTER_BOUND('',#507,.T.);
#507=EDGE_LOOP('',(#1069));
#508=FACE_OUTER_BOUND('',#509,.T.);
#509=EDGE_LOOP('',(#1070));
#510=CYLINDRICAL_SURFACE('',#511,1.5);
#511=AXIS2_PLACEMENT_3D('',#512,#513,#514);
#512=CARTESIAN_POINT('',(-119.599255379144,-43.9999999999981,34.));
#513=DIRECTION('',(0.,0.,1.));
#514=DIRECTION('',(-1.22464679914735E-16,-1.,0.));
#515=FACE_OUTER_BOUND('',#516,.T.);
#516=EDGE_LOOP('',(#1071));
#517=FACE_OUTER_BOUND('',#518,.T.);
#518=EDGE_LOOP('',(#1072));
#519=CYLINDRICAL_SURFACE('',#520,1.5);
#520=AXIS2_PLACEMENT_3D('',#521,#522,#523);
#521=CARTESIAN_POINT('',(-119.599255379144,43.9999999999978,34.));
#522=DIRECTION('',(0.,0.,1.));
#523=DIRECTION('',(-1.22464679914735E-16,-1.,0.));
#524=FACE_OUTER_BOUND('',#525,.T.);
#525=EDGE_LOOP('',(#1073));
#526=FACE_OUTER_BOUND('',#527,.T.);
#527=EDGE_LOOP('',(#1074));
#528=CYLINDRICAL_SURFACE('',#529,1.6);
#529=AXIS2_PLACEMENT_3D('',#530,#531,#532);
#530=CARTESIAN_POINT('',(37.400744620491,38.7144660940653,34.));
#531=DIRECTION('',(0.,0.,1.));
#532=DIRECTION('',(4.31842741858589E-15,-1.,0.));
#533=FACE_OUTER_BOUND('',#534,.T.);
#534=EDGE_LOOP('',(#1075));
#535=FACE_OUTER_BOUND('',#536,.T.);
#536=EDGE_LOOP('',(#1076));
#537=CYLINDRICAL_SURFACE('',#538,1.6);
#538=AXIS2_PLACEMENT_3D('',#539,#540,#541);
#539=CARTESIAN_POINT('',(37.4007446204913,-38.7144660940632,34.));
#540=DIRECTION('',(0.,0.,1.));
#541=DIRECTION('',(4.31842741858589E-15,-1.,0.));
#542=FACE_BOUND('',#543,.T.);
#543=EDGE_LOOP('',(#1077,#1078,#1079,#1080,#1081,#1082,#1083,#1084,#1085,#1086,#1087,
#1088));
#544=FACE_BOUND('',#545,.T.);
#545=EDGE_LOOP('',(#1089,#1090,#1091,#1092,#1093,#1094,#1095,#1096,#1097,#1098,#1099,
#1100));
#546=PLANE('',#547);
#547=AXIS2_PLACEMENT_3D('',#548,#549,#550);
#548=CARTESIAN_POINT('',(0.,0.,34.));
#549=DIRECTION('',(0.,0.,1.));
#550=DIRECTION('',(-1.,1.22464679914735E-16,0.));
#551=FACE_BOUND('',#552,.T.);
#552=EDGE_LOOP('',(#1101,#1102,#1103,#1104));
#553=CYLINDRICAL_SURFACE('',#554,5.);
#554=AXIS2_PLACEMENT_3D('',#555,#556,#557);
#555=CARTESIAN_POINT('',(-111.399255379143,-30.,47.));
#556=DIRECTION('',(1.,0.,0.));
#557=DIRECTION('',(0.,-1.,0.));
#558=FACE_BOUND('',#559,.T.);
#559=EDGE_LOOP('',(#1105,#1106,#1107,#1108));
#560=PLANE('',#561);
#561=AXIS2_PLACEMENT_3D('',#562,#563,#564);
#562=CARTESIAN_POINT('',(68.7707446210187,35.,42.));
#563=DIRECTION('',(0.,0.,-1.));
#564=DIRECTION('',(0.,-1.,0.));
#565=FACE_BOUND('',#566,.T.);
#566=EDGE_LOOP('',(#1109,#1110,#1111,#1112));
#567=CYLINDRICAL_SURFACE('',#568,5.);
#568=AXIS2_PLACEMENT_3D('',#569,#570,#571);
#569=CARTESIAN_POINT('',(-111.399255379143,30.,47.));
#570=DIRECTION('',(1.,0.,0.));
#571=DIRECTION('',(0.,0.,-1.));
#572=FACE_BOUND('',#573,.T.);
#573=EDGE_LOOP('',(#1113,#1114,#1115,#1116));
#574=PLANE('',#575);
#575=AXIS2_PLACEMENT_3D('',#576,#577,#578);
#576=CARTESIAN_POINT('',(68.7707446210187,35.,71.));
#577=DIRECTION('',(0.,1.,2.45014736469E-16));
#578=DIRECTION('',(0.,2.45014736469E-16,-1.));
#579=FACE_BOUND('',#580,.T.);
#580=EDGE_LOOP('',(#1117,#1118,#1119,#1120));
#581=CYLINDRICAL_SURFACE('',#582,5.);
#582=AXIS2_PLACEMENT_3D('',#583,#584,#585);
#583=CARTESIAN_POINT('',(-111.399255379143,30.,66.));
#584=DIRECTION('',(1.,0.,0.));
#585=DIRECTION('',(0.,1.,0.));
#586=FACE_BOUND('',#587,.T.);
#587=EDGE_LOOP('',(#1121,#1122,#1123,#1124));
#588=PLANE('',#589);
#589=AXIS2_PLACEMENT_3D('',#590,#591,#592);
#590=CARTESIAN_POINT('',(68.7707446210187,-35.,71.));
#591=DIRECTION('',(0.,0.,1.));
#592=DIRECTION('',(0.,1.,0.));
#593=FACE_BOUND('',#594,.T.);
#594=EDGE_LOOP('',(#1125,#1126,#1127,#1128));
#595=CYLINDRICAL_SURFACE('',#596,5.);
#596=AXIS2_PLACEMENT_3D('',#597,#598,#599);
#597=CARTESIAN_POINT('',(-111.399255379143,-30.,66.));
#598=DIRECTION('',(1.,0.,0.));
#599=DIRECTION('',(0.,0.,1.));
#600=FACE_BOUND('',#601,.T.);
#601=EDGE_LOOP('',(#1129,#1130,#1131,#1132));
#602=PLANE('',#603);
#603=AXIS2_PLACEMENT_3D('',#604,#605,#606);
#604=CARTESIAN_POINT('',(68.7707446210187,-35.,42.));
#605=DIRECTION('',(0.,-1.,-2.45014736469E-16));
#606=DIRECTION('',(0.,-2.45014736469E-16,1.));
#607=FACE_BOUND('',#608,.T.);
#608=EDGE_LOOP('',(#1133,#1134,#1135,#1136));
#609=CYLINDRICAL_SURFACE('',#610,5.);
#610=AXIS2_PLACEMENT_3D('',#611,#612,#613);
#611=CARTESIAN_POINT('',(-18.6135740120594,-34.3000000000016,59.));
#612=DIRECTION('',(0.,1.,0.));
#613=DIRECTION('',(-1.,0.,0.));
#614=FACE_BOUND('',#615,.T.);
#615=EDGE_LOOP('',(#1137,#1138,#1139,#1140));
#616=PLANE('',#617);
#617=AXIS2_PLACEMENT_3D('',#618,#619,#620);
#618=CARTESIAN_POINT('',(1.38642598794063,-48.3000000001635,64.));
#619=DIRECTION('',(-1.13686837721616E-15,1.51461293802434E-31,1.));
#620=DIRECTION('',(-1.,0.,-1.13686837721616E-15));
#621=FACE_BOUND('',#622,.T.);
#622=EDGE_LOOP('',(#1141,#1142,#1143,#1144));
#623=CYLINDRICAL_SURFACE('',#624,5.);
#624=AXIS2_PLACEMENT_3D('',#625,#626,#627);
#625=CARTESIAN_POINT('',(-3.61357401205937,-34.3000000000016,59.));
#626=DIRECTION('',(6.05576195247858E-17,1.,0.));
#627=DIRECTION('',(-1.4210854715202E-15,8.60575532965209E-32,1.));
#628=FACE_BOUND('',#629,.T.);
#629=EDGE_LOOP('',(#1145,#1146,#1147,#1148));
#630=PLANE('',#631);
#631=AXIS2_PLACEMENT_3D('',#632,#633,#634);
#632=CARTESIAN_POINT('',(1.38642598794063,-48.3000000001635,37.));
#633=DIRECTION('',(1.,-1.33226762955019E-16,0.));
#634=DIRECTION('',(0.,0.,1.));
#635=FACE_BOUND('',#636,.T.);
#636=EDGE_LOOP('',(#1149,#1150,#1151,#1152));
#637=CYLINDRICAL_SURFACE('',#638,5.);
#638=AXIS2_PLACEMENT_3D('',#639,#640,#641);
#639=CARTESIAN_POINT('',(-3.61357401205937,-34.3000000000016,42.));
#640=DIRECTION('',(6.05576195247858E-17,1.,0.));
#641=DIRECTION('',(1.,-6.05576195247858E-17,0.));
#642=FACE_BOUND('',#643,.T.);
#643=EDGE_LOOP('',(#1153,#1154,#1155,#1156));
#644=PLANE('',#645);
#645=AXIS2_PLACEMENT_3D('',#646,#647,#648);
#646=CARTESIAN_POINT('',(-23.6135740120595,-48.3000000001635,37.));
#647=DIRECTION('',(0.,0.,-1.));
#648=DIRECTION('',(1.,0.,0.));
#649=FACE_BOUND('',#650,.T.);
#650=EDGE_LOOP('',(#1157,#1158,#1159,#1160));
#651=CYLINDRICAL_SURFACE('',#652,5.);
#652=AXIS2_PLACEMENT_3D('',#653,#654,#655);
#653=CARTESIAN_POINT('',(-18.6135740120594,-34.3000000000016,42.));
#654=DIRECTION('',(0.,1.,0.));
#655=DIRECTION('',(0.,0.,-1.));
#656=FACE_BOUND('',#657,.T.);
#657=EDGE_LOOP('',(#1161,#1162,#1163,#1164));
#658=PLANE('',#659);
#659=AXIS2_PLACEMENT_3D('',#660,#661,#662);
#660=CARTESIAN_POINT('',(-23.6135740120594,-48.3000000001635,64.));
#661=DIRECTION('',(-1.,0.,0.));
#662=DIRECTION('',(0.,0.,-1.));
#663=FACE_BOUND('',#664,.T.);
#664=EDGE_LOOP('',(#1165,#1166,#1167,#1168));
#665=CYLINDRICAL_SURFACE('',#666,2.);
#666=AXIS2_PLACEMENT_3D('',#667,#668,#669);
#667=CARTESIAN_POINT('',(56.7707446208568,16.53982175277,55.0502525316941));
#668=DIRECTION('',(-1.,0.,0.));
#669=DIRECTION('',(0.,1.,0.));
#670=FACE_BOUND('',#671,.T.);
#671=EDGE_LOOP('',(#1169,#1170,#1171,#1172));
#672=PLANE('',#673);
#673=AXIS2_PLACEMENT_3D('',#674,#675,#676);
#674=CARTESIAN_POINT('',(-135.399255379305,13.53982175277,53.0502525316942));
#675=DIRECTION('',(0.,-4.54747350886464E-14,-1.));
#676=DIRECTION('',(0.,1.,-4.54747350886464E-14));
#677=FACE_BOUND('',#678,.T.);
#678=EDGE_LOOP('',(#1173,#1174,#1175,#1176));
#679=CYLINDRICAL_SURFACE('',#680,2.);
#680=AXIS2_PLACEMENT_3D('',#681,#682,#683);
#681=CARTESIAN_POINT('',(56.7707446208568,15.53982175277,55.0502525316941));
#682=DIRECTION('',(-1.,0.,0.));
#683=DIRECTION('',(0.,-4.52970994047064E-14,-1.));
#684=FACE_BOUND('',#685,.T.);
#685=EDGE_LOOP('',(#1177,#1178,#1179,#1180));
#686=PLANE('',#687);
#687=AXIS2_PLACEMENT_3D('',#688,#689,#690);
#688=CARTESIAN_POINT('',(-135.399255379305,13.53982175277,64.0502525316944));
#689=DIRECTION('',(0.,-1.,0.));
#690=DIRECTION('',(0.,0.,-1.));
#691=FACE_BOUND('',#692,.T.);
#692=EDGE_LOOP('',(#1181,#1182,#1183,#1184));
#693=CYLINDRICAL_SURFACE('',#694,2.);
#694=AXIS2_PLACEMENT_3D('',#695,#696,#697);
#695=CARTESIAN_POINT('',(56.7707446208568,15.53982175277,62.0502525316942));
#696=DIRECTION('',(-1.,0.,0.));
#697=DIRECTION('',(0.,-1.,0.));
#698=FACE_BOUND('',#699,.T.);
#699=EDGE_LOOP('',(#1185,#1186,#1187,#1188));
#700=PLANE('',#701);
#701=AXIS2_PLACEMENT_3D('',#702,#703,#704);
#702=CARTESIAN_POINT('',(-135.399255379305,18.53982175277,64.050252531694));
#703=DIRECTION('',(0.,8.81072992342525E-14,1.));
#704=DIRECTION('',(0.,-1.,8.81072992342525E-14));
#705=FACE_BOUND('',#706,.T.);
#706=EDGE_LOOP('',(#1189,#1190,#1191,#1192));
#707=CYLINDRICAL_SURFACE('',#708,2.);
#708=AXIS2_PLACEMENT_3D('',#709,#710,#711);
#709=CARTESIAN_POINT('',(56.7707446208568,16.53982175277,62.0502525316941));
#710=DIRECTION('',(-1.,0.,0.));
#711=DIRECTION('',(0.,8.88178419700125E-14,1.));
#712=FACE_BOUND('',#713,.T.);
#713=EDGE_LOOP('',(#1193,#1194,#1195,#1196));
#714=PLANE('',#715);
#715=AXIS2_PLACEMENT_3D('',#716,#717,#718);
#716=CARTESIAN_POINT('',(-135.399255379305,18.53982175277,53.050252531694));
#717=DIRECTION('',(0.,1.,0.));
#718=DIRECTION('',(0.,0.,1.));
#719=FACE_BOUND('',#720,.T.);
#720=EDGE_LOOP('',(#1197,#1198,#1199,#1200));
#721=CYLINDRICAL_SURFACE('',#722,2.);
#722=AXIS2_PLACEMENT_3D('',#723,#724,#725);
#723=CARTESIAN_POINT('',(56.7707446208567,-15.5398217527689,55.0502525316941));
#724=DIRECTION('',(-1.,0.,0.));
#725=DIRECTION('',(0.,1.,0.));
#726=FACE_BOUND('',#727,.T.);
#727=EDGE_LOOP('',(#1201,#1202,#1203,#1204));
#728=PLANE('',#729);
#729=AXIS2_PLACEMENT_3D('',#730,#731,#732);
#730=CARTESIAN_POINT('',(-135.399255379305,-18.5398217527689,53.050252531694));
#731=DIRECTION('',(0.,4.40536496171263E-14,-1.));
#732=DIRECTION('',(0.,1.,4.40536496171263E-14));
#733=FACE_BOUND('',#734,.T.);
#734=EDGE_LOOP('',(#1205,#1206,#1207,#1208));
#735=CYLINDRICAL_SURFACE('',#736,2.);
#736=AXIS2_PLACEMENT_3D('',#737,#738,#739);
#737=CARTESIAN_POINT('',(56.7707446208568,-16.5398217527689,55.0502525316941));
#738=DIRECTION('',(-1.,0.,0.));
#739=DIRECTION('',(0.,4.44089209850063E-14,-1.));
#740=FACE_BOUND('',#741,.T.);
#741=EDGE_LOOP('',(#1209,#1210,#1211,#1212));
#742=PLANE('',#743);
#743=AXIS2_PLACEMENT_3D('',#744,#745,#746);
#744=CARTESIAN_POINT('',(-135.399255379305,-18.5398217527689,64.050252531694));
#745=DIRECTION('',(0.,-1.,-1.61486985400023E-15));
#746=DIRECTION('',(0.,1.61486985400023E-15,-1.));
#747=FACE_BOUND('',#748,.T.);
#748=EDGE_LOOP('',(#1213,#1214,#1215,#1216));
#749=CYLINDRICAL_SURFACE('',#750,2.);
#750=AXIS2_PLACEMENT_3D('',#751,#752,#753);
#751=CARTESIAN_POINT('',(56.7707446208568,-16.5398217527689,62.0502525316941));
#752=DIRECTION('',(-1.,0.,0.));
#753=DIRECTION('',(0.,-1.,0.));
#754=FACE_BOUND('',#755,.T.);
#755=EDGE_LOOP('',(#1217,#1218,#1219,#1220));
#756=PLANE('',#757);
#757=AXIS2_PLACEMENT_3D('',#758,#759,#760);
#758=CARTESIAN_POINT('',(-135.399255379305,-13.5398217527689,64.0502525316944));
#759=DIRECTION('',(0.,-8.81072992342524E-14,1.));
#760=DIRECTION('',(0.,-1.,-8.81072992342524E-14));
#761=FACE_BOUND('',#762,.T.);
#762=EDGE_LOOP('',(#1221,#1222,#1223,#1224));
#763=CYLINDRICAL_SURFACE('',#764,2.);
#764=AXIS2_PLACEMENT_3D('',#765,#766,#767);
#765=CARTESIAN_POINT('',(56.7707446208568,-15.5398217527689,62.0502525316942));
#766=DIRECTION('',(-1.,0.,0.));
#767=DIRECTION('',(0.,-8.88178419700125E-14,1.));
#768=FACE_BOUND('',#769,.T.);
#769=EDGE_LOOP('',(#1225,#1226,#1227,#1228));
#770=PLANE('',#771);
#771=AXIS2_PLACEMENT_3D('',#772,#773,#774);
#772=CARTESIAN_POINT('',(-135.399255379305,-13.5398217527689,53.0502525316942));
#773=DIRECTION('',(0.,1.,6.45947941600078E-16));
#774=DIRECTION('',(0.,-6.45947941600078E-16,1.));
#775=FACE_OUTER_BOUND('',#776,.T.);
#776=EDGE_LOOP('',(#1229));
#777=FACE_OUTER_BOUND('',#778,.T.);
#778=EDGE_LOOP('',(#1230));
#779=CYLINDRICAL_SURFACE('',#780,1.6);
#780=AXIS2_PLACEMENT_3D('',#781,#782,#783);
#781=CARTESIAN_POINT('',(-135.399255379305,4.9497474683064,63.5));
#782=DIRECTION('',(1.,0.,0.));
#783=DIRECTION('',(0.,1.,6.12323399573677E-17));
#784=FACE_OUTER_BOUND('',#785,.T.);
#785=EDGE_LOOP('',(#1231));
#786=FACE_OUTER_BOUND('',#787,.T.);
#787=EDGE_LOOP('',(#1232));
#788=CYLINDRICAL_SURFACE('',#789,1.6);
#789=AXIS2_PLACEMENT_3D('',#790,#791,#792);
#790=CARTESIAN_POINT('',(-135.399255379305,4.94974746830639,53.6005050633884));
#791=DIRECTION('',(1.,0.,0.));
#792=DIRECTION('',(0.,1.,6.12323399573677E-17));
#793=FACE_OUTER_BOUND('',#794,.T.);
#794=EDGE_LOOP('',(#1233));
#795=FACE_OUTER_BOUND('',#796,.T.);
#796=EDGE_LOOP('',(#1234));
#797=CYLINDRICAL_SURFACE('',#798,1.6);
#798=AXIS2_PLACEMENT_3D('',#799,#800,#801);
#799=CARTESIAN_POINT('',(-135.399255379305,-4.94974746830527,53.6005050633884));
#800=DIRECTION('',(1.,0.,0.));
#801=DIRECTION('',(0.,1.,6.12323399573677E-17));
#802=FACE_OUTER_BOUND('',#803,.T.);
#803=EDGE_LOOP('',(#1235));
#804=FACE_OUTER_BOUND('',#805,.T.);
#805=EDGE_LOOP('',(#1236));
#806=CYLINDRICAL_SURFACE('',#807,1.6);
#807=AXIS2_PLACEMENT_3D('',#808,#809,#810);
#808=CARTESIAN_POINT('',(-135.399255379305,-4.94974746830527,63.5));
#809=DIRECTION('',(1.,0.,0.));
#810=DIRECTION('',(0.,1.,6.12323399573677E-17));
#811=FACE_OUTER_BOUND('',#812,.T.);
#812=EDGE_LOOP('',(#1237));
#813=FACE_OUTER_BOUND('',#814,.T.);
#814=EDGE_LOOP('',(#1238));
#815=CONICAL_SURFACE('',#816,2.425,0.785398163397446);
#816=AXIS2_PLACEMENT_3D('',#817,#818,#819);
#817=CARTESIAN_POINT('',(20.6007446208567,10.0000000000001,79.175));
#818=DIRECTION('',(0.,0.,1.));
#819=DIRECTION('',(1.,0.,0.));
#820=FACE_OUTER_BOUND('',#821,.T.);
#821=EDGE_LOOP('',(#1239));
#822=FACE_OUTER_BOUND('',#823,.T.);
#823=EDGE_LOOP('',(#1240));
#824=CONICAL_SURFACE('',#825,2.425,0.785398163397446);
#825=AXIS2_PLACEMENT_3D('',#826,#827,#828);
#826=CARTESIAN_POINT('',(20.6007446208567,-9.99999999999995,79.175));
#827=DIRECTION('',(0.,0.,1.));
#828=DIRECTION('',(1.,0.,0.));
#829=ORIENTED_EDGE('',*,*,#1241,.F.);
#830=ORIENTED_EDGE('',*,*,#1242,.T.);
#831=ORIENTED_EDGE('',*,*,#1243,.F.);
#832=ORIENTED_EDGE('',*,*,#1244,.T.);
#833=ORIENTED_EDGE('',*,*,#1245,.F.);
#834=ORIENTED_EDGE('',*,*,#1246,.T.);
#835=ORIENTED_EDGE('',*,*,#1247,.F.);
#836=ORIENTED_EDGE('',*,*,#1248,.T.);
#837=ORIENTED_EDGE('',*,*,#1249,.F.);
#838=ORIENTED_EDGE('',*,*,#1250,.T.);
#839=ORIENTED_EDGE('',*,*,#1251,.F.);
#840=ORIENTED_EDGE('',*,*,#1252,.T.);
#841=ORIENTED_EDGE('',*,*,#1253,.T.);
#842=ORIENTED_EDGE('',*,*,#1254,.T.);
#843=ORIENTED_EDGE('',*,*,#1255,.T.);
#844=ORIENTED_EDGE('',*,*,#1256,.T.);
#845=ORIENTED_EDGE('',*,*,#1257,.T.);
#846=ORIENTED_EDGE('',*,*,#1258,.T.);
#847=ORIENTED_EDGE('',*,*,#1259,.T.);
#848=ORIENTED_EDGE('',*,*,#1260,.T.);
#849=ORIENTED_EDGE('',*,*,#1261,.T.);
#850=ORIENTED_EDGE('',*,*,#1262,.T.);
#851=ORIENTED_EDGE('',*,*,#1263,.T.);
#852=ORIENTED_EDGE('',*,*,#1264,.T.);
#853=ORIENTED_EDGE('',*,*,#1265,.F.);
#854=ORIENTED_EDGE('',*,*,#1266,.T.);
#855=ORIENTED_EDGE('',*,*,#1267,.F.);
#856=ORIENTED_EDGE('',*,*,#1268,.T.);
#857=ORIENTED_EDGE('',*,*,#1269,.F.);
#858=ORIENTED_EDGE('',*,*,#1270,.T.);
#859=ORIENTED_EDGE('',*,*,#1271,.F.);
#860=ORIENTED_EDGE('',*,*,#1272,.T.);
#861=ORIENTED_EDGE('',*,*,#1273,.F.);
#862=ORIENTED_EDGE('',*,*,#1274,.T.);
#863=ORIENTED_EDGE('',*,*,#1275,.F.);
#864=ORIENTED_EDGE('',*,*,#1276,.T.);
#865=ORIENTED_EDGE('',*,*,#1277,.T.);
#866=ORIENTED_EDGE('',*,*,#1278,.T.);
#867=ORIENTED_EDGE('',*,*,#1279,.T.);
#868=ORIENTED_EDGE('',*,*,#1280,.T.);
#869=ORIENTED_EDGE('',*,*,#1281,.T.);
#870=ORIENTED_EDGE('',*,*,#1282,.T.);
#871=ORIENTED_EDGE('',*,*,#1283,.T.);
#872=ORIENTED_EDGE('',*,*,#1284,.T.);
#873=ORIENTED_EDGE('',*,*,#1285,.T.);
#874=ORIENTED_EDGE('',*,*,#1286,.T.);
#875=ORIENTED_EDGE('',*,*,#1287,.T.);
#876=ORIENTED_EDGE('',*,*,#1288,.T.);
#877=ORIENTED_EDGE('',*,*,#1289,.F.);
#878=ORIENTED_EDGE('',*,*,#1278,.F.);
#879=ORIENTED_EDGE('',*,*,#1290,.F.);
#880=ORIENTED_EDGE('',*,*,#1277,.F.);
#881=ORIENTED_EDGE('',*,*,#1291,.F.);
#882=ORIENTED_EDGE('',*,*,#1292,.T.);
#883=ORIENTED_EDGE('',*,*,#1293,.T.);
#884=ORIENTED_EDGE('',*,*,#1241,.T.);
#885=ORIENTED_EDGE('',*,*,#1293,.F.);
#886=ORIENTED_EDGE('',*,*,#1294,.T.);
#887=ORIENTED_EDGE('',*,*,#1295,.T.);
#888=ORIENTED_EDGE('',*,*,#1242,.F.);
#889=ORIENTED_EDGE('',*,*,#1296,.F.);
#890=ORIENTED_EDGE('',*,*,#1297,.T.);
#891=ORIENTED_EDGE('',*,*,#1298,.F.);
#892=ORIENTED_EDGE('',*,*,#1299,.T.);
#893=ORIENTED_EDGE('',*,*,#1300,.F.);
#894=ORIENTED_EDGE('',*,*,#1301,.T.);
#895=ORIENTED_EDGE('',*,*,#1302,.F.);
#896=ORIENTED_EDGE('',*,*,#1303,.T.);
#897=ORIENTED_EDGE('',*,*,#1295,.F.);
#898=ORIENTED_EDGE('',*,*,#1304,.T.);
#899=ORIENTED_EDGE('',*,*,#1305,.T.);
#900=ORIENTED_EDGE('',*,*,#1243,.T.);
#901=ORIENTED_EDGE('',*,*,#1305,.F.);
#902=ORIENTED_EDGE('',*,*,#1306,.T.);
#903=ORIENTED_EDGE('',*,*,#1307,.T.);
#904=ORIENTED_EDGE('',*,*,#1244,.F.);
#905=ORIENTED_EDGE('',*,*,#1308,.F.);
#906=ORIENTED_EDGE('',*,*,#1309,.T.);
#907=ORIENTED_EDGE('',*,*,#1310,.F.);
#908=ORIENTED_EDGE('',*,*,#1311,.T.);
#909=ORIENTED_EDGE('',*,*,#1312,.F.);
#910=ORIENTED_EDGE('',*,*,#1313,.T.);
#911=ORIENTED_EDGE('',*,*,#1314,.F.);
#912=ORIENTED_EDGE('',*,*,#1315,.T.);
#913=ORIENTED_EDGE('',*,*,#1307,.F.);
#914=ORIENTED_EDGE('',*,*,#1316,.T.);
#915=ORIENTED_EDGE('',*,*,#1317,.T.);
#916=ORIENTED_EDGE('',*,*,#1245,.T.);
#917=ORIENTED_EDGE('',*,*,#1317,.F.);
#918=ORIENTED_EDGE('',*,*,#1318,.T.);
#919=ORIENTED_EDGE('',*,*,#1319,.T.);
#920=ORIENTED_EDGE('',*,*,#1246,.F.);
#921=ORIENTED_EDGE('',*,*,#1319,.F.);
#922=ORIENTED_EDGE('',*,*,#1320,.T.);
#923=ORIENTED_EDGE('',*,*,#1321,.T.);
#924=ORIENTED_EDGE('',*,*,#1247,.T.);
#925=ORIENTED_EDGE('',*,*,#1321,.F.);
#926=ORIENTED_EDGE('',*,*,#1322,.T.);
#927=ORIENTED_EDGE('',*,*,#1323,.T.);
#928=ORIENTED_EDGE('',*,*,#1248,.F.);
#929=ORIENTED_EDGE('',*,*,#1324,.F.);
#930=ORIENTED_EDGE('',*,*,#1325,.T.);
#931=ORIENTED_EDGE('',*,*,#1326,.F.);
#932=ORIENTED_EDGE('',*,*,#1327,.T.);
#933=ORIENTED_EDGE('',*,*,#1328,.F.);
#934=ORIENTED_EDGE('',*,*,#1329,.T.);
#935=ORIENTED_EDGE('',*,*,#1330,.F.);
#936=ORIENTED_EDGE('',*,*,#1331,.T.);
#937=ORIENTED_EDGE('',*,*,#1332,.F.);
#938=ORIENTED_EDGE('',*,*,#1333,.T.);
#939=ORIENTED_EDGE('',*,*,#1334,.F.);
#940=ORIENTED_EDGE('',*,*,#1335,.T.);
#941=ORIENTED_EDGE('',*,*,#1336,.F.);
#942=ORIENTED_EDGE('',*,*,#1337,.T.);
#943=ORIENTED_EDGE('',*,*,#1338,.F.);
#944=ORIENTED_EDGE('',*,*,#1339,.T.);
#945=ORIENTED_EDGE('',*,*,#1340,.T.);
#946=ORIENTED_EDGE('',*,*,#1341,.T.);
#947=ORIENTED_EDGE('',*,*,#1342,.T.);
#948=ORIENTED_EDGE('',*,*,#1343,.T.);
#949=ORIENTED_EDGE('',*,*,#1323,.F.);
#950=ORIENTED_EDGE('',*,*,#1344,.T.);
#951=ORIENTED_EDGE('',*,*,#1345,.T.);
#952=ORIENTED_EDGE('',*,*,#1249,.T.);
#953=ORIENTED_EDGE('',*,*,#1345,.F.);
#954=ORIENTED_EDGE('',*,*,#1346,.T.);
#955=ORIENTED_EDGE('',*,*,#1347,.T.);
#956=ORIENTED_EDGE('',*,*,#1250,.F.);
#957=ORIENTED_EDGE('',*,*,#1347,.F.);
#958=ORIENTED_EDGE('',*,*,#1348,.T.);
#959=ORIENTED_EDGE('',*,*,#1349,.T.);
#960=ORIENTED_EDGE('',*,*,#1251,.T.);
#961=ORIENTED_EDGE('',*,*,#1291,.T.);
#962=ORIENTED_EDGE('',*,*,#1252,.F.);
#963=ORIENTED_EDGE('',*,*,#1349,.F.);
#964=ORIENTED_EDGE('',*,*,#1350,.T.);
#965=ORIENTED_EDGE('',*,*,#1351,.T.);
#966=ORIENTED_EDGE('',*,*,#1254,.F.);
#967=ORIENTED_EDGE('',*,*,#1352,.T.);
#968=ORIENTED_EDGE('',*,*,#1255,.F.);
#969=ORIENTED_EDGE('',*,*,#1256,.F.);
#970=ORIENTED_EDGE('',*,*,#1279,.F.);
#971=ORIENTED_EDGE('',*,*,#1257,.F.);
#972=ORIENTED_EDGE('',*,*,#1280,.F.);
#973=ORIENTED_EDGE('',*,*,#1258,.F.);
#974=ORIENTED_EDGE('',*,*,#1281,.F.);
#975=ORIENTED_EDGE('',*,*,#1259,.F.);
#976=ORIENTED_EDGE('',*,*,#1282,.F.);
#977=ORIENTED_EDGE('',*,*,#1260,.F.);
#978=ORIENTED_EDGE('',*,*,#1283,.F.);
#979=ORIENTED_EDGE('',*,*,#1261,.F.);
#980=ORIENTED_EDGE('',*,*,#1284,.F.);
#981=ORIENTED_EDGE('',*,*,#1353,.T.);
#982=ORIENTED_EDGE('',*,*,#1262,.F.);
#983=ORIENTED_EDGE('',*,*,#1354,.T.);
#984=ORIENTED_EDGE('',*,*,#1263,.F.);
#985=ORIENTED_EDGE('',*,*,#1355,.T.);
#986=ORIENTED_EDGE('',*,*,#1265,.T.);
#987=ORIENTED_EDGE('',*,*,#1356,.F.);
#988=ORIENTED_EDGE('',*,*,#1357,.T.);
#989=ORIENTED_EDGE('',*,*,#1355,.F.);
#990=ORIENTED_EDGE('',*,*,#1358,.F.);
#991=ORIENTED_EDGE('',*,*,#1359,.T.);
#992=ORIENTED_EDGE('',*,*,#1266,.F.);
#993=ORIENTED_EDGE('',*,*,#1360,.T.);
#994=ORIENTED_EDGE('',*,*,#1267,.T.);
#995=ORIENTED_EDGE('',*,*,#1359,.F.);
#996=ORIENTED_EDGE('',*,*,#1361,.T.);
#997=ORIENTED_EDGE('',*,*,#1360,.F.);
#998=ORIENTED_EDGE('',*,*,#1362,.F.);
#999=ORIENTED_EDGE('',*,*,#1363,.T.);
#1000=ORIENTED_EDGE('',*,*,#1268,.F.);
#1001=ORIENTED_EDGE('',*,*,#1364,.F.);
#1002=ORIENTED_EDGE('',*,*,#1365,.T.);
#1003=ORIENTED_EDGE('',*,*,#1366,.F.);
#1004=ORIENTED_EDGE('',*,*,#1367,.T.);
#1005=ORIENTED_EDGE('',*,*,#1368,.F.);
#1006=ORIENTED_EDGE('',*,*,#1369,.T.);
#1007=ORIENTED_EDGE('',*,*,#1370,.F.);
#1008=ORIENTED_EDGE('',*,*,#1371,.T.);
#1009=ORIENTED_EDGE('',*,*,#1372,.F.);
#1010=ORIENTED_EDGE('',*,*,#1373,.T.);
#1011=ORIENTED_EDGE('',*,*,#1374,.F.);
#1012=ORIENTED_EDGE('',*,*,#1375,.T.);
#1013=ORIENTED_EDGE('',*,*,#1376,.F.);
#1014=ORIENTED_EDGE('',*,*,#1377,.T.);
#1015=ORIENTED_EDGE('',*,*,#1378,.F.);
#1016=ORIENTED_EDGE('',*,*,#1379,.T.);
#1017=ORIENTED_EDGE('',*,*,#1380,.T.);
#1018=ORIENTED_EDGE('',*,*,#1381,.T.);
#1019=ORIENTED_EDGE('',*,*,#1382,.T.);
#1020=ORIENTED_EDGE('',*,*,#1383,.T.);
#1021=ORIENTED_EDGE('',*,*,#1384,.T.);
#1022=ORIENTED_EDGE('',*,*,#1269,.T.);
#1023=ORIENTED_EDGE('',*,*,#1363,.F.);
#1024=ORIENTED_EDGE('',*,*,#1385,.T.);
#1025=ORIENTED_EDGE('',*,*,#1386,.T.);
#1026=ORIENTED_EDGE('',*,*,#1270,.F.);
#1027=ORIENTED_EDGE('',*,*,#1384,.F.);
#1028=ORIENTED_EDGE('',*,*,#1387,.F.);
#1029=ORIENTED_EDGE('',*,*,#1388,.T.);
#1030=ORIENTED_EDGE('',*,*,#1271,.T.);
#1031=ORIENTED_EDGE('',*,*,#1386,.F.);
#1032=ORIENTED_EDGE('',*,*,#1389,.T.);
#1033=ORIENTED_EDGE('',*,*,#1388,.F.);
#1034=ORIENTED_EDGE('',*,*,#1390,.F.);
#1035=ORIENTED_EDGE('',*,*,#1391,.T.);
#1036=ORIENTED_EDGE('',*,*,#1272,.F.);
#1037=ORIENTED_EDGE('',*,*,#1392,.F.);
#1038=ORIENTED_EDGE('',*,*,#1393,.T.);
#1039=ORIENTED_EDGE('',*,*,#1394,.F.);
#1040=ORIENTED_EDGE('',*,*,#1395,.T.);
#1041=ORIENTED_EDGE('',*,*,#1396,.F.);
#1042=ORIENTED_EDGE('',*,*,#1397,.T.);
#1043=ORIENTED_EDGE('',*,*,#1398,.F.);
#1044=ORIENTED_EDGE('',*,*,#1399,.T.);
#1045=ORIENTED_EDGE('',*,*,#1400,.T.);
#1046=ORIENTED_EDGE('',*,*,#1273,.T.);
#1047=ORIENTED_EDGE('',*,*,#1391,.F.);
#1048=ORIENTED_EDGE('',*,*,#1401,.T.);
#1049=ORIENTED_EDGE('',*,*,#1400,.F.);
#1050=ORIENTED_EDGE('',*,*,#1402,.F.);
#1051=ORIENTED_EDGE('',*,*,#1403,.T.);
#1052=ORIENTED_EDGE('',*,*,#1274,.F.);
#1053=ORIENTED_EDGE('',*,*,#1404,.F.);
#1054=ORIENTED_EDGE('',*,*,#1405,.T.);
#1055=ORIENTED_EDGE('',*,*,#1406,.F.);
#1056=ORIENTED_EDGE('',*,*,#1407,.T.);
#1057=ORIENTED_EDGE('',*,*,#1408,.F.);
#1058=ORIENTED_EDGE('',*,*,#1409,.T.);
#1059=ORIENTED_EDGE('',*,*,#1410,.F.);
#1060=ORIENTED_EDGE('',*,*,#1411,.T.);
#1061=ORIENTED_EDGE('',*,*,#1412,.T.);
#1062=ORIENTED_EDGE('',*,*,#1275,.T.);
#1063=ORIENTED_EDGE('',*,*,#1403,.F.);
#1064=ORIENTED_EDGE('',*,*,#1413,.T.);
#1065=ORIENTED_EDGE('',*,*,#1356,.T.);
#1066=ORIENTED_EDGE('',*,*,#1276,.F.);
#1067=ORIENTED_EDGE('',*,*,#1412,.F.);
#1068=ORIENTED_EDGE('',*,*,#1414,.F.);
#1069=ORIENTED_EDGE('',*,*,#1354,.F.);
#1070=ORIENTED_EDGE('',*,*,#1285,.F.);
#1071=ORIENTED_EDGE('',*,*,#1351,.F.);
#1072=ORIENTED_EDGE('',*,*,#1286,.F.);
#1073=ORIENTED_EDGE('',*,*,#1353,.F.);
#1074=ORIENTED_EDGE('',*,*,#1287,.F.);
#1075=ORIENTED_EDGE('',*,*,#1352,.F.);
#1076=ORIENTED_EDGE('',*,*,#1288,.F.);
#1077=ORIENTED_EDGE('',*,*,#1292,.F.);
#1078=ORIENTED_EDGE('',*,*,#1350,.F.);
#1079=ORIENTED_EDGE('',*,*,#1348,.F.);
#1080=ORIENTED_EDGE('',*,*,#1346,.F.);
#1081=ORIENTED_EDGE('',*,*,#1344,.F.);
#1082=ORIENTED_EDGE('',*,*,#1322,.F.);
#1083=ORIENTED_EDGE('',*,*,#1320,.F.);
#1084=ORIENTED_EDGE('',*,*,#1318,.F.);
#1085=ORIENTED_EDGE('',*,*,#1316,.F.);
#1086=ORIENTED_EDGE('',*,*,#1306,.F.);
#1087=ORIENTED_EDGE('',*,*,#1304,.F.);
#1088=ORIENTED_EDGE('',*,*,#1294,.F.);
#1089=ORIENTED_EDGE('',*,*,#1357,.F.);
#1090=ORIENTED_EDGE('',*,*,#1414,.T.);
#1091=ORIENTED_EDGE('',*,*,#1413,.F.);
#1092=ORIENTED_EDGE('',*,*,#1402,.T.);
#1093=ORIENTED_EDGE('',*,*,#1401,.F.);
#1094=ORIENTED_EDGE('',*,*,#1390,.T.);
#1095=ORIENTED_EDGE('',*,*,#1389,.F.);
#1096=ORIENTED_EDGE('',*,*,#1387,.T.);
#1097=ORIENTED_EDGE('',*,*,#1385,.F.);
#1098=ORIENTED_EDGE('',*,*,#1362,.T.);
#1099=ORIENTED_EDGE('',*,*,#1361,.F.);
#1100=ORIENTED_EDGE('',*,*,#1358,.T.);
#1101=ORIENTED_EDGE('',*,*,#1415,.T.);
#1102=ORIENTED_EDGE('',*,*,#1296,.T.);
#1103=ORIENTED_EDGE('',*,*,#1416,.F.);
#1104=ORIENTED_EDGE('',*,*,#1404,.T.);
#1105=ORIENTED_EDGE('',*,*,#1415,.F.);
#1106=ORIENTED_EDGE('',*,*,#1411,.F.);
#1107=ORIENTED_EDGE('',*,*,#1417,.T.);
#1108=ORIENTED_EDGE('',*,*,#1297,.F.);
#1109=ORIENTED_EDGE('',*,*,#1418,.T.);
#1110=ORIENTED_EDGE('',*,*,#1298,.T.);
#1111=ORIENTED_EDGE('',*,*,#1417,.F.);
#1112=ORIENTED_EDGE('',*,*,#1410,.T.);
#1113=ORIENTED_EDGE('',*,*,#1418,.F.);
#1114=ORIENTED_EDGE('',*,*,#1409,.F.);
#1115=ORIENTED_EDGE('',*,*,#1419,.T.);
#1116=ORIENTED_EDGE('',*,*,#1299,.F.);
#1117=ORIENTED_EDGE('',*,*,#1420,.T.);
#1118=ORIENTED_EDGE('',*,*,#1300,.T.);
#1119=ORIENTED_EDGE('',*,*,#1419,.F.);
#1120=ORIENTED_EDGE('',*,*,#1408,.T.);
#1121=ORIENTED_EDGE('',*,*,#1421,.T.);
#1122=ORIENTED_EDGE('',*,*,#1301,.F.);
#1123=ORIENTED_EDGE('',*,*,#1420,.F.);
#1124=ORIENTED_EDGE('',*,*,#1407,.F.);
#1125=ORIENTED_EDGE('',*,*,#1422,.T.);
#1126=ORIENTED_EDGE('',*,*,#1302,.T.);
#1127=ORIENTED_EDGE('',*,*,#1421,.F.);
#1128=ORIENTED_EDGE('',*,*,#1406,.T.);
#1129=ORIENTED_EDGE('',*,*,#1416,.T.);
#1130=ORIENTED_EDGE('',*,*,#1303,.F.);
#1131=ORIENTED_EDGE('',*,*,#1422,.F.);
#1132=ORIENTED_EDGE('',*,*,#1405,.F.);
#1133=ORIENTED_EDGE('',*,*,#1423,.T.);
#1134=ORIENTED_EDGE('',*,*,#1308,.T.);
#1135=ORIENTED_EDGE('',*,*,#1424,.F.);
#1136=ORIENTED_EDGE('',*,*,#1392,.T.);
#1137=ORIENTED_EDGE('',*,*,#1423,.F.);
#1138=ORIENTED_EDGE('',*,*,#1399,.F.);
#1139=ORIENTED_EDGE('',*,*,#1425,.T.);
#1140=ORIENTED_EDGE('',*,*,#1309,.F.);
#1141=ORIENTED_EDGE('',*,*,#1426,.T.);
#1142=ORIENTED_EDGE('',*,*,#1310,.T.);
#1143=ORIENTED_EDGE('',*,*,#1425,.F.);
#1144=ORIENTED_EDGE('',*,*,#1398,.T.);
#1145=ORIENTED_EDGE('',*,*,#1426,.F.);
#1146=ORIENTED_EDGE('',*,*,#1397,.F.);
#1147=ORIENTED_EDGE('',*,*,#1427,.T.);
#1148=ORIENTED_EDGE('',*,*,#1311,.F.);
#1149=ORIENTED_EDGE('',*,*,#1428,.T.);
#1150=ORIENTED_EDGE('',*,*,#1312,.T.);
#1151=ORIENTED_EDGE('',*,*,#1427,.F.);
#1152=ORIENTED_EDGE('',*,*,#1396,.T.);
#1153=ORIENTED_EDGE('',*,*,#1429,.T.);
#1154=ORIENTED_EDGE('',*,*,#1313,.F.);
#1155=ORIENTED_EDGE('',*,*,#1428,.F.);
#1156=ORIENTED_EDGE('',*,*,#1395,.F.);
#1157=ORIENTED_EDGE('',*,*,#1430,.T.);
#1158=ORIENTED_EDGE('',*,*,#1314,.T.);
#1159=ORIENTED_EDGE('',*,*,#1429,.F.);
#1160=ORIENTED_EDGE('',*,*,#1394,.T.);
#1161=ORIENTED_EDGE('',*,*,#1424,.T.);
#1162=ORIENTED_EDGE('',*,*,#1315,.F.);
#1163=ORIENTED_EDGE('',*,*,#1430,.F.);
#1164=ORIENTED_EDGE('',*,*,#1393,.F.);
#1165=ORIENTED_EDGE('',*,*,#1431,.T.);
#1166=ORIENTED_EDGE('',*,*,#1324,.T.);
#1167=ORIENTED_EDGE('',*,*,#1432,.F.);
#1168=ORIENTED_EDGE('',*,*,#1364,.T.);
#1169=ORIENTED_EDGE('',*,*,#1431,.F.);
#1170=ORIENTED_EDGE('',*,*,#1371,.F.);
#1171=ORIENTED_EDGE('',*,*,#1433,.T.);
#1172=ORIENTED_EDGE('',*,*,#1325,.F.);
#1173=ORIENTED_EDGE('',*,*,#1434,.T.);
#1174=ORIENTED_EDGE('',*,*,#1326,.T.);
#1175=ORIENTED_EDGE('',*,*,#1433,.F.);
#1176=ORIENTED_EDGE('',*,*,#1370,.T.);
#1177=ORIENTED_EDGE('',*,*,#1434,.F.);
#1178=ORIENTED_EDGE('',*,*,#1369,.F.);
#1179=ORIENTED_EDGE('',*,*,#1435,.T.);
#1180=ORIENTED_EDGE('',*,*,#1327,.F.);
#1181=ORIENTED_EDGE('',*,*,#1436,.T.);
#1182=ORIENTED_EDGE('',*,*,#1328,.T.);
#1183=ORIENTED_EDGE('',*,*,#1435,.F.);
#1184=ORIENTED_EDGE('',*,*,#1368,.T.);
#1185=ORIENTED_EDGE('',*,*,#1436,.F.);
#1186=ORIENTED_EDGE('',*,*,#1367,.F.);
#1187=ORIENTED_EDGE('',*,*,#1437,.T.);
#1188=ORIENTED_EDGE('',*,*,#1329,.F.);
#1189=ORIENTED_EDGE('',*,*,#1438,.T.);
#1190=ORIENTED_EDGE('',*,*,#1330,.T.);
#1191=ORIENTED_EDGE('',*,*,#1437,.F.);
#1192=ORIENTED_EDGE('',*,*,#1366,.T.);
#1193=ORIENTED_EDGE('',*,*,#1432,.T.);
#1194=ORIENTED_EDGE('',*,*,#1331,.F.);
#1195=ORIENTED_EDGE('',*,*,#1438,.F.);
#1196=ORIENTED_EDGE('',*,*,#1365,.F.);
#1197=ORIENTED_EDGE('',*,*,#1439,.T.);
#1198=ORIENTED_EDGE('',*,*,#1332,.T.);
#1199=ORIENTED_EDGE('',*,*,#1440,.F.);
#1200=ORIENTED_EDGE('',*,*,#1372,.T.);
#1201=ORIENTED_EDGE('',*,*,#1439,.F.);
#1202=ORIENTED_EDGE('',*,*,#1379,.F.);
#1203=ORIENTED_EDGE('',*,*,#1441,.T.);
#1204=ORIENTED_EDGE('',*,*,#1333,.F.);
#1205=ORIENTED_EDGE('',*,*,#1442,.T.);
#1206=ORIENTED_EDGE('',*,*,#1334,.T.);
#1207=ORIENTED_EDGE('',*,*,#1441,.F.);
#1208=ORIENTED_EDGE('',*,*,#1378,.T.);
#1209=ORIENTED_EDGE('',*,*,#1442,.F.);
#1210=ORIENTED_EDGE('',*,*,#1377,.F.);
#1211=ORIENTED_EDGE('',*,*,#1443,.T.);
#1212=ORIENTED_EDGE('',*,*,#1335,.F.);
#1213=ORIENTED_EDGE('',*,*,#1444,.T.);
#1214=ORIENTED_EDGE('',*,*,#1336,.T.);
#1215=ORIENTED_EDGE('',*,*,#1443,.F.);
#1216=ORIENTED_EDGE('',*,*,#1376,.T.);
#1217=ORIENTED_EDGE('',*,*,#1444,.F.);
#1218=ORIENTED_EDGE('',*,*,#1375,.F.);
#1219=ORIENTED_EDGE('',*,*,#1445,.T.);
#1220=ORIENTED_EDGE('',*,*,#1337,.F.);
#1221=ORIENTED_EDGE('',*,*,#1446,.T.);
#1222=ORIENTED_EDGE('',*,*,#1338,.T.);
#1223=ORIENTED_EDGE('',*,*,#1445,.F.);
#1224=ORIENTED_EDGE('',*,*,#1374,.T.);
#1225=ORIENTED_EDGE('',*,*,#1440,.T.);
#1226=ORIENTED_EDGE('',*,*,#1339,.F.);
#1227=ORIENTED_EDGE('',*,*,#1446,.F.);
#1228=ORIENTED_EDGE('',*,*,#1373,.F.);
#1229=ORIENTED_EDGE('',*,*,#1340,.F.);
#1230=ORIENTED_EDGE('',*,*,#1380,.F.);
#1231=ORIENTED_EDGE('',*,*,#1341,.F.);
#1232=ORIENTED_EDGE('',*,*,#1381,.F.);
#1233=ORIENTED_EDGE('',*,*,#1342,.F.);
#1234=ORIENTED_EDGE('',*,*,#1382,.F.);
#1235=ORIENTED_EDGE('',*,*,#1343,.F.);
#1236=ORIENTED_EDGE('',*,*,#1383,.F.);
#1237=ORIENTED_EDGE('',*,*,#1290,.T.);
#1238=ORIENTED_EDGE('',*,*,#1264,.F.);
#1239=ORIENTED_EDGE('',*,*,#1289,.T.);
#1240=ORIENTED_EDGE('',*,*,#1253,.F.);
#1241=EDGE_CURVE('',#1447,#1448,#1449,.F.);
#1242=EDGE_CURVE('',#1447,#1450,#1451,.T.);
#1243=EDGE_CURVE('',#1452,#1450,#1453,.F.);
#1244=EDGE_CURVE('',#1452,#1454,#1455,.T.);
#1245=EDGE_CURVE('',#1456,#1454,#1457,.F.);
#1246=EDGE_CURVE('',#1456,#1458,#1459,.T.);
#1247=EDGE_CURVE('',#1460,#1458,#1461,.F.);
#1248=EDGE_CURVE('',#1460,#1462,#1463,.T.);
#1249=EDGE_CURVE('',#1464,#1462,#1465,.F.);
#1250=EDGE_CURVE('',#1464,#1466,#1467,.T.);
#1251=EDGE_CURVE('',#1468,#1466,#1469,.F.);
#1252=EDGE_CURVE('',#1468,#1448,#1470,.T.);
#1253=EDGE_CURVE('',#1471,#1471,#1472,.T.);
#1254=EDGE_CURVE('',#1473,#1473,#1474,.F.);
#1255=EDGE_CURVE('',#1475,#1475,#1476,.F.);
#1256=EDGE_CURVE('',#1477,#1477,#1478,.F.);
#1257=EDGE_CURVE('',#1479,#1479,#1480,.F.);
#1258=EDGE_CURVE('',#1481,#1481,#1482,.F.);
#1259=EDGE_CURVE('',#1483,#1483,#1484,.F.);
#1260=EDGE_CURVE('',#1485,#1485,#1486,.F.);
#1261=EDGE_CURVE('',#1487,#1487,#1488,.F.);
#1262=EDGE_CURVE('',#1489,#1489,#1490,.F.);
#1263=EDGE_CURVE('',#1491,#1491,#1492,.F.);
#1264=EDGE_CURVE('',#1493,#1493,#1494,.T.);
#1265=EDGE_CURVE('',#1495,#1496,#1497,.F.);
#1266=EDGE_CURVE('',#1495,#1498,#1499,.T.);
#1267=EDGE_CURVE('',#1500,#1498,#1501,.F.);
#1268=EDGE_CURVE('',#1500,#1502,#1503,.T.);
#1269=EDGE_CURVE('',#1504,#1502,#1505,.F.);
#1270=EDGE_CURVE('',#1504,#1506,#1507,.T.);
#1271=EDGE_CURVE('',#1508,#1506,#1509,.F.);
#1272=EDGE_CURVE('',#1508,#1510,#1511,.T.);
#1273=EDGE_CURVE('',#1512,#1510,#1513,.F.);
#1274=EDGE_CURVE('',#1512,#1514,#1515,.T.);
#1275=EDGE_CURVE('',#1516,#1514,#1517,.F.);
#1276=EDGE_CURVE('',#1516,#1496,#1518,.T.);
#1277=EDGE_CURVE('',#1519,#1519,#1520,.F.);
#1278=EDGE_CURVE('',#1521,#1521,#1522,.F.);
#1279=EDGE_CURVE('',#1523,#1523,#1524,.T.);
#1280=EDGE_CURVE('',#1525,#1525,#1526,.T.);
#1281=EDGE_CURVE('',#1527,#1527,#1528,.T.);
#1282=EDGE_CURVE('',#1529,#1529,#1530,.T.);
#1283=EDGE_CURVE('',#1531,#1531,#1532,.T.);
#1284=EDGE_CURVE('',#1533,#1533,#1534,.T.);
#1285=EDGE_CURVE('',#1535,#1535,#1536,.T.);
#1286=EDGE_CURVE('',#1537,#1537,#1538,.T.);
#1287=EDGE_CURVE('',#1539,#1539,#1540,.T.);
#1288=EDGE_CURVE('',#1541,#1541,#1542,.T.);
#1289=EDGE_CURVE('',#1543,#1543,#1544,.T.);
#1290=EDGE_CURVE('',#1545,#1545,#1546,.T.);
#1291=EDGE_CURVE('',#1547,#1448,#1548,.T.);
#1292=EDGE_CURVE('',#1547,#1549,#1550,.F.);
#1293=EDGE_CURVE('',#1549,#1447,#1551,.T.);
#1294=EDGE_CURVE('',#1549,#1552,#1553,.T.);
#1295=EDGE_CURVE('',#1552,#1450,#1554,.T.);
#1296=EDGE_CURVE('',#1555,#1556,#1557,.F.);
#1297=EDGE_CURVE('',#1555,#1558,#1559,.F.);
#1298=EDGE_CURVE('',#1560,#1558,#1561,.F.);
#1299=EDGE_CURVE('',#1560,#1562,#1563,.F.);
#1300=EDGE_CURVE('',#1564,#1562,#1565,.F.);
#1301=EDGE_CURVE('',#1564,#1566,#1567,.F.);
#1302=EDGE_CURVE('',#1568,#1566,#1569,.F.);
#1303=EDGE_CURVE('',#1568,#1556,#1570,.F.);
#1304=EDGE_CURVE('',#1552,#1571,#1572,.F.);
#1305=EDGE_CURVE('',#1571,#1452,#1573,.T.);
#1306=EDGE_CURVE('',#1571,#1574,#1575,.T.);
#1307=EDGE_CURVE('',#1574,#1454,#1576,.T.);
#1308=EDGE_CURVE('',#1577,#1578,#1579,.F.);
#1309=EDGE_CURVE('',#1577,#1580,#1581,.F.);
#1310=EDGE_CURVE('',#1582,#1580,#1583,.F.);
#1311=EDGE_CURVE('',#1582,#1584,#1585,.F.);
#1312=EDGE_CURVE('',#1586,#1584,#1587,.F.);
#1313=EDGE_CURVE('',#1586,#1588,#1589,.F.);
#1314=EDGE_CURVE('',#1590,#1588,#1591,.F.);
#1315=EDGE_CURVE('',#1590,#1578,#1592,.F.);
#1316=EDGE_CURVE('',#1574,#1593,#1594,.F.);
#1317=EDGE_CURVE('',#1593,#1456,#1595,.T.);
#1318=EDGE_CURVE('',#1593,#1596,#1597,.T.);
#1319=EDGE_CURVE('',#1596,#1458,#1598,.T.);
#1320=EDGE_CURVE('',#1596,#1599,#1600,.F.);
#1321=EDGE_CURVE('',#1599,#1460,#1601,.T.);
#1322=EDGE_CURVE('',#1599,#1602,#1603,.T.);
#1323=EDGE_CURVE('',#1602,#1462,#1604,.T.);
#1324=EDGE_CURVE('',#1605,#1606,#1607,.F.);
#1325=EDGE_CURVE('',#1605,#1608,#1609,.F.);
#1326=EDGE_CURVE('',#1610,#1608,#1611,.F.);
#1327=EDGE_CURVE('',#1610,#1612,#1613,.F.);
#1328=EDGE_CURVE('',#1614,#1612,#1615,.F.);
#1329=EDGE_CURVE('',#1614,#1616,#1617,.F.);
#1330=EDGE_CURVE('',#1618,#1616,#1619,.F.);
#1331=EDGE_CURVE('',#1618,#1606,#1620,.F.);
#1332=EDGE_CURVE('',#1621,#1622,#1623,.F.);
#1333=EDGE_CURVE('',#1621,#1624,#1625,.F.);
#1334=EDGE_CURVE('',#1626,#1624,#1627,.F.);
#1335=EDGE_CURVE('',#1626,#1628,#1629,.F.);
#1336=EDGE_CURVE('',#1630,#1628,#1631,.F.);
#1337=EDGE_CURVE('',#1630,#1632,#1633,.F.);
#1338=EDGE_CURVE('',#1634,#1632,#1635,.F.);
#1339=EDGE_CURVE('',#1634,#1622,#1636,.F.);
#1340=EDGE_CURVE('',#1637,#1637,#1638,.F.);
#1341=EDGE_CURVE('',#1639,#1639,#1640,.F.);
#1342=EDGE_CURVE('',#1641,#1641,#1642,.F.);
#1343=EDGE_CURVE('',#1643,#1643,#1644,.F.);
#1344=EDGE_CURVE('',#1602,#1645,#1646,.F.);
#1345=EDGE_CURVE('',#1645,#1464,#1647,.T.);
#1346=EDGE_CURVE('',#1645,#1648,#1649,.T.);
#1347=EDGE_CURVE('',#1648,#1466,#1650,.T.);
#1348=EDGE_CURVE('',#1648,#1651,#1652,.F.);
#1349=EDGE_CURVE('',#1651,#1468,#1653,.T.);
#1350=EDGE_CURVE('',#1651,#1547,#1654,.T.);
#1351=EDGE_CURVE('',#1655,#1655,#1656,.F.);
#1352=EDGE_CURVE('',#1657,#1657,#1658,.F.);
#1353=EDGE_CURVE('',#1659,#1659,#1660,.F.);
#1354=EDGE_CURVE('',#1661,#1661,#1662,.F.);
#1355=EDGE_CURVE('',#1663,#1495,#1664,.T.);
#1356=EDGE_CURVE('',#1665,#1496,#1666,.T.);
#1357=EDGE_CURVE('',#1665,#1663,#1667,.F.);
#1358=EDGE_CURVE('',#1668,#1663,#1669,.T.);
#1359=EDGE_CURVE('',#1668,#1498,#1670,.T.);
#1360=EDGE_CURVE('',#1671,#1500,#1672,.T.);
#1361=EDGE_CURVE('',#1668,#1671,#1673,.F.);
#1362=EDGE_CURVE('',#1674,#1671,#1675,.T.);
#1363=EDGE_CURVE('',#1674,#1502,#1676,.T.);
#1364=EDGE_CURVE('',#1677,#1678,#1679,.F.);
#1365=EDGE_CURVE('',#1677,#1680,#1681,.T.);
#1366=EDGE_CURVE('',#1682,#1680,#1683,.F.);
#1367=EDGE_CURVE('',#1682,#1684,#1685,.T.);
#1368=EDGE_CURVE('',#1686,#1684,#1687,.F.);
#1369=EDGE_CURVE('',#1686,#1688,#1689,.T.);
#1370=EDGE_CURVE('',#1690,#1688,#1691,.F.);
#1371=EDGE_CURVE('',#1690,#1678,#1692,.T.);
#1372=EDGE_CURVE('',#1693,#1694,#1695,.F.);
#1373=EDGE_CURVE('',#1693,#1696,#1697,.T.);
#1374=EDGE_CURVE('',#1698,#1696,#1699,.F.);
#1375=EDGE_CURVE('',#1698,#1700,#1701,.T.);
#1376=EDGE_CURVE('',#1702,#1700,#1703,.F.);
#1377=EDGE_CURVE('',#1702,#1704,#1705,.T.);
#1378=EDGE_CURVE('',#1706,#1704,#1707,.F.);
#1379=EDGE_CURVE('',#1706,#1694,#1708,.T.);
#1380=EDGE_CURVE('',#1709,#1709,#1710,.T.);
#1381=EDGE_CURVE('',#1711,#1711,#1712,.T.);
#1382=EDGE_CURVE('',#1713,#1713,#1714,.T.);
#1383=EDGE_CURVE('',#1715,#1715,#1716,.T.);
#1384=EDGE_CURVE('',#1717,#1504,#1718,.T.);
#1385=EDGE_CURVE('',#1674,#1717,#1719,.F.);
#1386=EDGE_CURVE('',#1720,#1506,#1721,.T.);
#1387=EDGE_CURVE('',#1720,#1717,#1722,.T.);
#1388=EDGE_CURVE('',#1723,#1508,#1724,.T.);
#1389=EDGE_CURVE('',#1720,#1723,#1725,.F.);
#1390=EDGE_CURVE('',#1726,#1723,#1727,.T.);
#1391=EDGE_CURVE('',#1726,#1510,#1728,.T.);
#1392=EDGE_CURVE('',#1729,#1730,#1731,.F.);
#1393=EDGE_CURVE('',#1729,#1732,#1733,.T.);
#1394=EDGE_CURVE('',#1734,#1732,#1735,.F.);
#1395=EDGE_CURVE('',#1734,#1736,#1737,.T.);
#1396=EDGE_CURVE('',#1738,#1736,#1739,.F.);
#1397=EDGE_CURVE('',#1738,#1740,#1741,.T.);
#1398=EDGE_CURVE('',#1742,#1740,#1743,.F.);
#1399=EDGE_CURVE('',#1742,#1730,#1744,.T.);
#1400=EDGE_CURVE('',#1745,#1512,#1746,.T.);
#1401=EDGE_CURVE('',#1726,#1745,#1747,.F.);
#1402=EDGE_CURVE('',#1748,#1745,#1749,.T.);
#1403=EDGE_CURVE('',#1748,#1514,#1750,.T.);
#1404=EDGE_CURVE('',#1751,#1752,#1753,.F.);
#1405=EDGE_CURVE('',#1751,#1754,#1755,.T.);
#1406=EDGE_CURVE('',#1756,#1754,#1757,.F.);
#1407=EDGE_CURVE('',#1756,#1758,#1759,.T.);
#1408=EDGE_CURVE('',#1760,#1758,#1761,.F.);
#1409=EDGE_CURVE('',#1760,#1762,#1763,.T.);
#1410=EDGE_CURVE('',#1764,#1762,#1765,.F.);
#1411=EDGE_CURVE('',#1764,#1752,#1766,.T.);
#1412=EDGE_CURVE('',#1767,#1516,#1768,.T.);
#1413=EDGE_CURVE('',#1748,#1767,#1769,.F.);
#1414=EDGE_CURVE('',#1665,#1767,#1770,.T.);
#1415=EDGE_CURVE('',#1752,#1555,#1771,.T.);
#1416=EDGE_CURVE('',#1751,#1556,#1772,.T.);
#1417=EDGE_CURVE('',#1764,#1558,#1773,.T.);
#1418=EDGE_CURVE('',#1762,#1560,#1774,.T.);
#1419=EDGE_CURVE('',#1760,#1562,#1775,.T.);
#1420=EDGE_CURVE('',#1758,#1564,#1776,.T.);
#1421=EDGE_CURVE('',#1756,#1566,#1777,.T.);
#1422=EDGE_CURVE('',#1754,#1568,#1778,.T.);
#1423=EDGE_CURVE('',#1730,#1577,#1779,.T.);
#1424=EDGE_CURVE('',#1729,#1578,#1780,.T.);
#1425=EDGE_CURVE('',#1742,#1580,#1781,.T.);
#1426=EDGE_CURVE('',#1740,#1582,#1782,.T.);
#1427=EDGE_CURVE('',#1738,#1584,#1783,.T.);
#1428=EDGE_CURVE('',#1736,#1586,#1784,.T.);
#1429=EDGE_CURVE('',#1734,#1588,#1785,.T.);
#1430=EDGE_CURVE('',#1732,#1590,#1786,.T.);
#1431=EDGE_CURVE('',#1678,#1605,#1787,.T.);
#1432=EDGE_CURVE('',#1677,#1606,#1788,.T.);
#1433=EDGE_CURVE('',#1690,#1608,#1789,.T.);
#1434=EDGE_CURVE('',#1688,#1610,#1790,.T.);
#1435=EDGE_CURVE('',#1686,#1612,#1791,.T.);
#1436=EDGE_CURVE('',#1684,#1614,#1792,.T.);
#1437=EDGE_CURVE('',#1682,#1616,#1793,.T.);
#1438=EDGE_CURVE('',#1680,#1618,#1794,.T.);
#1439=EDGE_CURVE('',#1694,#1621,#1795,.T.);
#1440=EDGE_CURVE('',#1693,#1622,#1796,.T.);
#1441=EDGE_CURVE('',#1706,#1624,#1797,.T.);
#1442=EDGE_CURVE('',#1704,#1626,#1798,.T.);
#1443=EDGE_CURVE('',#1702,#1628,#1799,.T.);
#1444=EDGE_CURVE('',#1700,#1630,#1800,.T.);
#1445=EDGE_CURVE('',#1698,#1632,#1801,.T.);
#1446=EDGE_CURVE('',#1696,#1634,#1802,.T.);
#1447=VERTEX_POINT('',#1803);
#1448=VERTEX_POINT('',#1804);
#1449=CIRCLE('',#1805,10.);
#1450=VERTEX_POINT('',#1809);
#1451=LINE('',#1810,#1811);
#1452=VERTEX_POINT('',#1813);
#1453=CIRCLE('',#1814,10.);
#1454=VERTEX_POINT('',#1818);
#1455=LINE('',#1819,#1820);
#1456=VERTEX_POINT('',#1822);
#1457=CIRCLE('',#1823,9.99999999999999);
#1458=VERTEX_POINT('',#1827);
#1459=LINE('',#1828,#1829);
#1460=VERTEX_POINT('',#1831);
#1461=CIRCLE('',#1832,10.);
#1462=VERTEX_POINT('',#1836);
#1463=LINE('',#1837,#1838);
#1464=VERTEX_POINT('',#1840);
#1465=CIRCLE('',#1841,9.99999999999999);
#1466=VERTEX_POINT('',#1845);
#1467=LINE('',#1846,#1847);
#1468=VERTEX_POINT('',#1849);
#1469=CIRCLE('',#1850,10.);
#1470=LINE('',#1854,#1855);
#1471=VERTEX_POINT('',#1857);
#1472=CIRCLE('',#1858,3.25);
#1473=VERTEX_POINT('',#1862);
#1474=CIRCLE('',#1863,2.9);
#1475=VERTEX_POINT('',#1867);
#1476=CIRCLE('',#1868,3.);
#1477=VERTEX_POINT('',#1872);
#1478=CIRCLE('',#1873,2.6);
#1479=VERTEX_POINT('',#1877);
#1480=CIRCLE('',#1878,2.6);
#1481=VERTEX_POINT('',#1882);
#1482=CIRCLE('',#1883,2.6);
#1483=VERTEX_POINT('',#1887);
#1484=CIRCLE('',#1888,2.6);
#1485=VERTEX_POINT('',#1892);
#1486=CIRCLE('',#1893,2.6);
#1487=VERTEX_POINT('',#1897);
#1488=CIRCLE('',#1898,2.6);
#1489=VERTEX_POINT('',#1902);
#1490=CIRCLE('',#1903,3.);
#1491=VERTEX_POINT('',#1907);
#1492=CIRCLE('',#1908,2.9);
#1493=VERTEX_POINT('',#1912);
#1494=CIRCLE('',#1913,3.25);
#1495=VERTEX_POINT('',#1917);
#1496=VERTEX_POINT('',#1918);
#1497=CIRCLE('',#1919,5.);
#1498=VERTEX_POINT('',#1923);
#1499=LINE('',#1924,#1925);
#1500=VERTEX_POINT('',#1927);
#1501=CIRCLE('',#1928,4.99999999999999);
#1502=VERTEX_POINT('',#1932);
#1503=LINE('',#1933,#1934);
#1504=VERTEX_POINT('',#1936);
#1505=CIRCLE('',#1937,5.);
#1506=VERTEX_POINT('',#1941);
#1507=LINE('',#1942,#1943);
#1508=VERTEX_POINT('',#1945);
#1509=CIRCLE('',#1946,5.);
#1510=VERTEX_POINT('',#1950);
#1511=LINE('',#1951,#1952);
#1512=VERTEX_POINT('',#1954);
#1513=CIRCLE('',#1955,10.);
#1514=VERTEX_POINT('',#1959);
#1515=LINE('',#1960,#1961);
#1516=VERTEX_POINT('',#1963);
#1517=CIRCLE('',#1964,10.);
#1518=LINE('',#1968,#1969);
#1519=VERTEX_POINT('',#1971);
#1520=CIRCLE('',#1972,1.6);
#1521=VERTEX_POINT('',#1976);
#1522=CIRCLE('',#1977,1.6);
#1523=VERTEX_POINT('',#1981);
#1524=CIRCLE('',#1982,2.6);
#1525=VERTEX_POINT('',#1986);
#1526=CIRCLE('',#1987,2.6);
#1527=VERTEX_POINT('',#1991);
#1528=CIRCLE('',#1992,2.6);
#1529=VERTEX_POINT('',#1996);
#1530=CIRCLE('',#1997,2.6);
#1531=VERTEX_POINT('',#2001);
#1532=CIRCLE('',#2002,2.6);
#1533=VERTEX_POINT('',#2006);
#1534=CIRCLE('',#2007,2.6);
#1535=VERTEX_POINT('',#2011);
#1536=CIRCLE('',#2012,1.5);
#1537=VERTEX_POINT('',#2016);
#1538=CIRCLE('',#2017,1.5);
#1539=VERTEX_POINT('',#2021);
#1540=CIRCLE('',#2022,1.6);
#1541=VERTEX_POINT('',#2026);
#1542=CIRCLE('',#2027,1.6);
#1543=VERTEX_POINT('',#2031);
#1544=CIRCLE('',#2032,1.6);
#1545=VERTEX_POINT('',#2036);
#1546=CIRCLE('',#2037,1.6);
#1547=VERTEX_POINT('',#2041);
#1548=LINE('',#2042,#2043);
#1549=VERTEX_POINT('',#2045);
#1550=CIRCLE('',#2046,10.);
#1551=LINE('',#2050,#2051);
#1552=VERTEX_POINT('',#2053);
#1553=LINE('',#2054,#2055);
#1554=LINE('',#2057,#2058);
#1555=VERTEX_POINT('',#2060);
#1556=VERTEX_POINT('',#2061);
#1557=CIRCLE('',#2062,5.);
#1558=VERTEX_POINT('',#2066);
#1559=LINE('',#2067,#2068);
#1560=VERTEX_POINT('',#2070);
#1561=CIRCLE('',#2071,5.);
#1562=VERTEX_POINT('',#2075);
#1563=LINE('',#2076,#2077);
#1564=VERTEX_POINT('',#2079);
#1565=CIRCLE('',#2080,5.);
#1566=VERTEX_POINT('',#2084);
#1567=LINE('',#2085,#2086);
#1568=VERTEX_POINT('',#2088);
#1569=CIRCLE('',#2089,5.00000000000001);
#1570=LINE('',#2093,#2094);
#1571=VERTEX_POINT('',#2096);
#1572=CIRCLE('',#2097,10.);
#1573=LINE('',#2101,#2102);
#1574=VERTEX_POINT('',#2104);
#1575=LINE('',#2105,#2106);
#1576=LINE('',#2108,#2109);
#1577=VERTEX_POINT('',#2111);
#1578=VERTEX_POINT('',#2112);
#1579=CIRCLE('',#2113,5.);
#1580=VERTEX_POINT('',#2117);
#1581=LINE('',#2118,#2119);
#1582=VERTEX_POINT('',#2121);
#1583=CIRCLE('',#2122,5.);
#1584=VERTEX_POINT('',#2126);
#1585=LINE('',#2127,#2128);
#1586=VERTEX_POINT('',#2130);
#1587=CIRCLE('',#2131,5.00000000000003);
#1588=VERTEX_POINT('',#2135);
#1589=LINE('',#2136,#2137);
#1590=VERTEX_POINT('',#2139);
#1591=CIRCLE('',#2140,5.00000000000001);
#1592=LINE('',#2144,#2145);
#1593=VERTEX_POINT('',#2147);
#1594=CIRCLE('',#2148,9.99999999999999);
#1595=LINE('',#2152,#2153);
#1596=VERTEX_POINT('',#2155);
#1597=LINE('',#2156,#2157);
#1598=LINE('',#2159,#2160);
#1599=VERTEX_POINT('',#2162);
#1600=CIRCLE('',#2163,10.);
#1601=LINE('',#2167,#2168);
#1602=VERTEX_POINT('',#2170);
#1603=LINE('',#2171,#2172);
#1604=LINE('',#2174,#2175);
#1605=VERTEX_POINT('',#2177);
#1606=VERTEX_POINT('',#2178);
#1607=CIRCLE('',#2179,2.);
#1608=VERTEX_POINT('',#2183);
#1609=LINE('',#2184,#2185);
#1610=VERTEX_POINT('',#2187);
#1611=CIRCLE('',#2188,2.);
#1612=VERTEX_POINT('',#2192);
#1613=LINE('',#2193,#2194);
#1614=VERTEX_POINT('',#2196);
#1615=CIRCLE('',#2197,2.00000000000001);
#1616=VERTEX_POINT('',#2201);
#1617=LINE('',#2202,#2203);
#1618=VERTEX_POINT('',#2205);
#1619=CIRCLE('',#2206,2.);
#1620=LINE('',#2210,#2211);
#1621=VERTEX_POINT('',#2213);
#1622=VERTEX_POINT('',#2214);
#1623=CIRCLE('',#2215,2.);
#1624=VERTEX_POINT('',#2219);
#1625=LINE('',#2220,#2221);
#1626=VERTEX_POINT('',#2223);
#1627=CIRCLE('',#2224,2.);
#1628=VERTEX_POINT('',#2228);
#1629=LINE('',#2229,#2230);
#1630=VERTEX_POINT('',#2232);
#1631=CIRCLE('',#2233,2.);
#1632=VERTEX_POINT('',#2237);
#1633=LINE('',#2238,#2239);
#1634=VERTEX_POINT('',#2241);
#1635=CIRCLE('',#2242,2.);
#1636=LINE('',#2246,#2247);
#1637=VERTEX_POINT('',#2249);
#1638=CIRCLE('',#2250,1.6);
#1639=VERTEX_POINT('',#2254);
#1640=CIRCLE('',#2255,1.6);
#1641=VERTEX_POINT('',#2259);
#1642=CIRCLE('',#2260,1.6);
#1643=VERTEX_POINT('',#2264);
#1644=CIRCLE('',#2265,1.6);
#1645=VERTEX_POINT('',#2269);
#1646=CIRCLE('',#2270,9.99999999999999);
#1647=LINE('',#2274,#2275);
#1648=VERTEX_POINT('',#2277);
#1649=LINE('',#2278,#2279);
#1650=LINE('',#2281,#2282);
#1651=VERTEX_POINT('',#2284);
#1652=CIRCLE('',#2285,10.);
#1653=LINE('',#2289,#2290);
#1654=LINE('',#2292,#2293);
#1655=VERTEX_POINT('',#2295);
#1656=CIRCLE('',#2296,1.5);
#1657=VERTEX_POINT('',#2300);
#1658=CIRCLE('',#2301,1.6);
#1659=VERTEX_POINT('',#2305);
#1660=CIRCLE('',#2306,1.6);
#1661=VERTEX_POINT('',#2310);
#1662=CIRCLE('',#2311,1.5);
#1663=VERTEX_POINT('',#2315);
#1664=LINE('',#2316,#2317);
#1665=VERTEX_POINT('',#2319);
#1666=LINE('',#2320,#2321);
#1667=CIRCLE('',#2323,5.00000000000001);
#1668=VERTEX_POINT('',#2327);
#1669=LINE('',#2328,#2329);
#1670=LINE('',#2331,#2332);
#1671=VERTEX_POINT('',#2334);
#1672=LINE('',#2335,#2336);
#1673=CIRCLE('',#2338,5.);
#1674=VERTEX_POINT('',#2342);
#1675=LINE('',#2343,#2344);
#1676=LINE('',#2346,#2347);
#1677=VERTEX_POINT('',#2349);
#1678=VERTEX_POINT('',#2350);
#1679=CIRCLE('',#2351,2.);
#1680=VERTEX_POINT('',#2355);
#1681=LINE('',#2356,#2357);
#1682=VERTEX_POINT('',#2359);
#1683=CIRCLE('',#2360,2.);
#1684=VERTEX_POINT('',#2364);
#1685=LINE('',#2365,#2366);
#1686=VERTEX_POINT('',#2368);
#1687=CIRCLE('',#2369,2.);
#1688=VERTEX_POINT('',#2373);
#1689=LINE('',#2374,#2375);
#1690=VERTEX_POINT('',#2377);
#1691=CIRCLE('',#2378,2.);
#1692=LINE('',#2382,#2383);
#1693=VERTEX_POINT('',#2385);
#1694=VERTEX_POINT('',#2386);
#1695=CIRCLE('',#2387,2.00000000000001);
#1696=VERTEX_POINT('',#2391);
#1697=LINE('',#2392,#2393);
#1698=VERTEX_POINT('',#2395);
#1699=CIRCLE('',#2396,2.);
#1700=VERTEX_POINT('',#2400);
#1701=LINE('',#2401,#2402);
#1702=VERTEX_POINT('',#2404);
#1703=CIRCLE('',#2405,2.);
#1704=VERTEX_POINT('',#2409);
#1705=LINE('',#2410,#2411);
#1706=VERTEX_POINT('',#2413);
#1707=CIRCLE('',#2414,2.);
#1708=LINE('',#2418,#2419);
#1709=VERTEX_POINT('',#2421);
#1710=CIRCLE('',#2422,1.6);
#1711=VERTEX_POINT('',#2426);
#1712=CIRCLE('',#2427,1.6);
#1713=VERTEX_POINT('',#2431);
#1714=CIRCLE('',#2432,1.6);
#1715=VERTEX_POINT('',#2436);
#1716=CIRCLE('',#2437,1.6);
#1717=VERTEX_POINT('',#2441);
#1718=LINE('',#2442,#2443);
#1719=CIRCLE('',#2445,5.00000000000001);
#1720=VERTEX_POINT('',#2449);
#1721=LINE('',#2450,#2451);
#1722=LINE('',#2453,#2454);
#1723=VERTEX_POINT('',#2456);
#1724=LINE('',#2457,#2458);
#1725=CIRCLE('',#2460,5.);
#1726=VERTEX_POINT('',#2464);
#1727=LINE('',#2465,#2466);
#1728=LINE('',#2468,#2469);
#1729=VERTEX_POINT('',#2471);
#1730=VERTEX_POINT('',#2472);
#1731=CIRCLE('',#2473,5.00000000000001);
#1732=VERTEX_POINT('',#2477);
#1733=LINE('',#2478,#2479);
#1734=VERTEX_POINT('',#2481);
#1735=CIRCLE('',#2482,5.);
#1736=VERTEX_POINT('',#2486);
#1737=LINE('',#2487,#2488);
#1738=VERTEX_POINT('',#2490);
#1739=CIRCLE('',#2491,5.);
#1740=VERTEX_POINT('',#2495);
#1741=LINE('',#2496,#2497);
#1742=VERTEX_POINT('',#2499);
#1743=CIRCLE('',#2500,5.00000000000001);
#1744=LINE('',#2504,#2505);
#1745=VERTEX_POINT('',#2507);
#1746=LINE('',#2508,#2509);
#1747=CIRCLE('',#2511,10.);
#1748=VERTEX_POINT('',#2515);
#1749=LINE('',#2516,#2517);
#1750=LINE('',#2519,#2520);
#1751=VERTEX_POINT('',#2522);
#1752=VERTEX_POINT('',#2523);
#1753=CIRCLE('',#2524,5.);
#1754=VERTEX_POINT('',#2528);
#1755=LINE('',#2529,#2530);
#1756=VERTEX_POINT('',#2532);
#1757=CIRCLE('',#2533,5.);
#1758=VERTEX_POINT('',#2537);
#1759=LINE('',#2538,#2539);
#1760=VERTEX_POINT('',#2541);
#1761=CIRCLE('',#2542,5.);
#1762=VERTEX_POINT('',#2546);
#1763=LINE('',#2547,#2548);
#1764=VERTEX_POINT('',#2550);
#1765=CIRCLE('',#2551,5.);
#1766=LINE('',#2555,#2556);
#1767=VERTEX_POINT('',#2558);
#1768=LINE('',#2559,#2560);
#1769=CIRCLE('',#2562,10.);
#1770=LINE('',#2566,#2567);
#1771=LINE('',#2569,#2570);
#1772=LINE('',#2572,#2573);
#1773=LINE('',#2575,#2576);
#1774=LINE('',#2578,#2579);
#1775=LINE('',#2581,#2582);
#1776=LINE('',#2584,#2585);
#1777=LINE('',#2587,#2588);
#1778=LINE('',#2590,#2591);
#1779=LINE('',#2593,#2594);
#1780=LINE('',#2596,#2597);
#1781=LINE('',#2599,#2600);
#1782=LINE('',#2602,#2603);
#1783=LINE('',#2605,#2606);
#1784=LINE('',#2608,#2609);
#1785=LINE('',#2611,#2612);
#1786=LINE('',#2614,#2615);
#1787=LINE('',#2617,#2618);
#1788=LINE('',#2620,#2621);
#1789=LINE('',#2623,#2624);
#1790=LINE('',#2626,#2627);
#1791=LINE('',#2629,#2630);
#1792=LINE('',#2632,#2633);
#1793=LINE('',#2635,#2636);
#1794=LINE('',#2638,#2639);
#1795=LINE('',#2641,#2642);
#1796=LINE('',#2644,#2645);
#1797=LINE('',#2647,#2648);
#1798=LINE('',#2650,#2651);
#1799=LINE('',#2653,#2654);
#1800=LINE('',#2656,#2657);
#1801=LINE('',#2659,#2660);
#1802=LINE('',#2662,#2663);
#1803=CARTESIAN_POINT('',(-135.399255379305,48.3000000001635,80.));
#1804=CARTESIAN_POINT('',(-125.399255379305,58.3000000001635,80.));
#1805=AXIS2_PLACEMENT_3D('',#1806,#1807,#1808);
#1806=CARTESIAN_POINT('',(-125.399255379305,48.3000000001635,80.));
#1807=DIRECTION('',(0.,0.,1.));
#1808=DIRECTION('',(0.,1.,0.));
#1809=CARTESIAN_POINT('',(-135.399255379305,-48.3000000001634,80.));
#1810=CARTESIAN_POINT('',(-135.399255379305,48.3000000001635,80.));
#1811=VECTOR('',#1812,1.);
#1812=DIRECTION('',(0.,-1.,0.));
#1813=CARTESIAN_POINT('',(-125.399255379305,-58.3000000001634,80.));
#1814=AXIS2_PLACEMENT_3D('',#1815,#1816,#1817);
#1815=CARTESIAN_POINT('',(-125.399255379305,-48.3000000001634,80.));
#1816=DIRECTION('',(0.,0.,1.));
#1817=DIRECTION('',(-1.,0.,0.));
#1818=CARTESIAN_POINT('',(35.8000174700509,-58.3000000001635,80.));
#1819=CARTESIAN_POINT('',(-125.399255379305,-58.3000000001634,80.));
#1820=VECTOR('',#1821,1.);
#1821=DIRECTION('',(1.,-1.32235596947906E-16,0.));
#1822=CARTESIAN_POINT('',(43.321814484248,-54.8895803871999,80.));
#1823=AXIS2_PLACEMENT_3D('',#1824,#1825,#1826);
#1824=CARTESIAN_POINT('',(35.8000174700509,-48.3000000001635,80.));
#1825=DIRECTION('',(0.,0.,1.));
#1826=DIRECTION('',(0.,-1.,0.));
#1827=CARTESIAN_POINT('',(66.2925416352158,-28.6692238925746,80.));
#1828=CARTESIAN_POINT('',(43.321814484248,-54.8895803871999,80.));
#1829=VECTOR('',#1830,1.);
#1830=DIRECTION('',(0.658958038703643,0.752179701419713,0.));
#1831=CARTESIAN_POINT('',(68.7707446210187,-22.0796435055381,80.));
#1832=AXIS2_PLACEMENT_3D('',#1833,#1834,#1835);
#1833=CARTESIAN_POINT('',(58.7707446210187,-22.0796435055381,80.));
#1834=DIRECTION('',(0.,0.,1.));
#1835=DIRECTION('',(0.752179701419712,-0.658958038703643,0.));
#1836=CARTESIAN_POINT('',(68.7707446210187,22.0796435055381,80.));
#1837=CARTESIAN_POINT('',(68.7707446210187,-22.0796435055381,80.));
#1838=VECTOR('',#1839,1.);
#1839=DIRECTION('',(0.,1.,0.));
#1840=CARTESIAN_POINT('',(66.2925416352158,28.6692238925745,80.));
#1841=AXIS2_PLACEMENT_3D('',#1842,#1843,#1844);
#1842=CARTESIAN_POINT('',(58.7707446210187,22.0796435055381,80.));
#1843=DIRECTION('',(0.,0.,1.));
#1844=DIRECTION('',(1.,1.06581410364015E-15,0.));
#1845=CARTESIAN_POINT('',(43.321814484248,54.8895803871999,80.));
#1846=CARTESIAN_POINT('',(66.2925416352158,28.6692238925745,80.));
#1847=VECTOR('',#1848,1.);
#1848=DIRECTION('',(-0.658958038703643,0.752179701419713,0.));
#1849=CARTESIAN_POINT('',(35.8000174700509,58.3000000001634,80.));
#1850=AXIS2_PLACEMENT_3D('',#1851,#1852,#1853);
#1851=CARTESIAN_POINT('',(35.8000174700509,48.3000000001634,80.));
#1852=DIRECTION('',(0.,0.,1.));
#1853=DIRECTION('',(0.752179701419713,0.658958038703643,0.));
#1854=CARTESIAN_POINT('',(35.8000174700509,58.3000000001634,80.));
#1855=VECTOR('',#1856,1.);
#1856=DIRECTION('',(-1.,1.32235596947906E-16,0.));
#1857=CARTESIAN_POINT('',(17.3507446208567,-9.99999999999995,80.));
#1858=AXIS2_PLACEMENT_3D('',#1859,#1860,#1861);
#1859=CARTESIAN_POINT('',(20.6007446208567,-9.99999999999995,80.));
#1860=DIRECTION('',(0.,0.,-1.));
#1861=DIRECTION('',(-1.,1.22464679914735E-16,0.));
#1862=CARTESIAN_POINT('',(-119.599255379144,41.0999999999978,80.));
#1863=AXIS2_PLACEMENT_3D('',#1864,#1865,#1866);
#1864=CARTESIAN_POINT('',(-119.599255379144,43.9999999999978,80.));
#1865=DIRECTION('',(0.,0.,1.));
#1866=DIRECTION('',(-1.83697019872103E-16,-1.,0.));
#1867=CARTESIAN_POINT('',(37.4007446204913,-41.7144660940632,80.));
#1868=AXIS2_PLACEMENT_3D('',#1869,#1870,#1871);
#1869=CARTESIAN_POINT('',(37.4007446204913,-38.7144660940632,80.));
#1870=DIRECTION('',(0.,0.,1.));
#1871=DIRECTION('',(4.25719507862852E-15,-1.,0.));
#1872=CARTESIAN_POINT('',(-85.3992553791431,22.6,80.));
#1873=AXIS2_PLACEMENT_3D('',#1874,#1875,#1876);
#1874=CARTESIAN_POINT('',(-85.3992553791431,20.,80.));
#1875=DIRECTION('',(0.,0.,1.));
#1876=DIRECTION('',(0.,1.,0.));
#1877=CARTESIAN_POINT('',(-45.3992553791431,22.5999999999999,80.));
#1878=AXIS2_PLACEMENT_3D('',#1879,#1880,#1881);
#1879=CARTESIAN_POINT('',(-45.3992553791431,19.9999999999999,80.));
#1880=DIRECTION('',(0.,0.,1.));
#1881=DIRECTION('',(0.,1.,0.));
#1882=CARTESIAN_POINT('',(-85.3992553791432,-17.4000000000001,80.));
#1883=AXIS2_PLACEMENT_3D('',#1884,#1885,#1886);
#1884=CARTESIAN_POINT('',(-85.3992553791432,-20.0000000000001,80.));
#1885=DIRECTION('',(0.,0.,1.));
#1886=DIRECTION('',(0.,1.,0.));
#1887=CARTESIAN_POINT('',(-16.7992553791433,-19.9999999999999,80.));
#1888=AXIS2_PLACEMENT_3D('',#1889,#1890,#1891);
#1889=CARTESIAN_POINT('',(-19.3992553791433,-19.9999999999999,80.));
#1890=DIRECTION('',(0.,0.,1.));
#1891=DIRECTION('',(1.,0.,0.));
#1892=CARTESIAN_POINT('',(23.2007446208567,-19.9999999999999,80.));
#1893=AXIS2_PLACEMENT_3D('',#1894,#1895,#1896);
#1894=CARTESIAN_POINT('',(20.6007446208567,-19.9999999999999,80.));
#1895=DIRECTION('',(0.,0.,1.));
#1896=DIRECTION('',(1.,0.,0.));
#1897=CARTESIAN_POINT('',(23.2007446208567,20.0000000000001,80.));
#1898=AXIS2_PLACEMENT_3D('',#1899,#1900,#1901);
#1899=CARTESIAN_POINT('',(20.6007446208567,20.0000000000001,80.));
#1900=DIRECTION('',(0.,0.,1.));
#1901=DIRECTION('',(1.,0.,0.));
#1902=CARTESIAN_POINT('',(37.400744620491,35.7144660940653,80.));
#1903=AXIS2_PLACEMENT_3D('',#1904,#1905,#1906);
#1904=CARTESIAN_POINT('',(37.400744620491,38.7144660940653,80.));
#1905=DIRECTION('',(0.,0.,1.));
#1906=DIRECTION('',(4.25719507862852E-15,-1.,0.));
#1907=CARTESIAN_POINT('',(-119.599255379144,-46.8999999999981,80.));
#1908=AXIS2_PLACEMENT_3D('',#1909,#1910,#1911);
#1909=CARTESIAN_POINT('',(-119.599255379144,-43.9999999999981,80.));
#1910=DIRECTION('',(0.,0.,1.));
#1911=DIRECTION('',(-1.83697019872103E-16,-1.,0.));
#1912=CARTESIAN_POINT('',(17.3507446208567,10.0000000000001,80.));
#1913=AXIS2_PLACEMENT_3D('',#1914,#1915,#1916);
#1914=CARTESIAN_POINT('',(20.6007446208567,10.0000000000001,80.));
#1915=DIRECTION('',(0.,0.,-1.));
#1916=DIRECTION('',(-1.,1.22464679914735E-16,0.));
#1917=CARTESIAN_POINT('',(40.0143208756868,52.5947901934934,76.));
#1918=CARTESIAN_POINT('',(36.2534223685651,54.3000000000016,76.));
#1919=AXIS2_PLACEMENT_3D('',#1920,#1921,#1922);
#1920=CARTESIAN_POINT('',(36.2534223685651,49.3000000000016,76.));
#1921=DIRECTION('',(0.,0.,-1.));
#1922=DIRECTION('',(2.8421709430404E-15,1.,0.));
#1923=CARTESIAN_POINT('',(63.5316431279785,25.7505127263418,76.));
#1924=CARTESIAN_POINT('',(40.0143208756868,52.5947901934934,76.));
#1925=VECTOR('',#1926,1.);
#1926=DIRECTION('',(0.65895803869836,-0.752179701424341,0.));
#1927=CARTESIAN_POINT('',(64.7707446208568,22.45572253285,76.));
#1928=AXIS2_PLACEMENT_3D('',#1929,#1930,#1931);
#1929=CARTESIAN_POINT('',(59.7707446208568,22.45572253285,76.));
#1930=DIRECTION('',(0.,0.,-1.));
#1931=DIRECTION('',(0.75217970142434,0.658958038698361,0.));
#1932=CARTESIAN_POINT('',(64.7707446208568,-22.45572253285,76.));
#1933=CARTESIAN_POINT('',(64.7707446208568,22.45572253285,76.));
#1934=VECTOR('',#1935,1.);
#1935=DIRECTION('',(0.,-1.,0.));
#1936=CARTESIAN_POINT('',(63.5316431279785,-25.7505127263418,76.));
#1937=AXIS2_PLACEMENT_3D('',#1938,#1939,#1940);
#1938=CARTESIAN_POINT('',(59.7707446208568,-22.45572253285,76.));
#1939=DIRECTION('',(0.,0.,-1.));
#1940=DIRECTION('',(1.,-1.4210854715202E-15,0.));
#1941=CARTESIAN_POINT('',(40.0143208756868,-52.5947901934934,76.));
#1942=CARTESIAN_POINT('',(63.5316431279785,-25.7505127263418,76.));
#1943=VECTOR('',#1944,1.);
#1944=DIRECTION('',(-0.65895803869836,-0.752179701424341,0.));
#1945=CARTESIAN_POINT('',(36.2534223685651,-54.3000000000016,76.));
#1946=AXIS2_PLACEMENT_3D('',#1947,#1948,#1949);
#1947=CARTESIAN_POINT('',(36.2534223685651,-49.3000000000016,76.));
#1948=DIRECTION('',(0.,0.,-1.));
#1949=DIRECTION('',(0.752179701424339,-0.658958038698362,0.));
#1950=CARTESIAN_POINT('',(-121.399255379143,-54.3000000000016,76.));
#1951=CARTESIAN_POINT('',(36.2534223685651,-54.3000000000016,76.));
#1952=VECTOR('',#1953,1.);
#1953=DIRECTION('',(-1.,1.3521040287635E-16,0.));
#1954=CARTESIAN_POINT('',(-131.399255379143,-44.3000000000016,76.));
#1955=AXIS2_PLACEMENT_3D('',#1956,#1957,#1958);
#1956=CARTESIAN_POINT('',(-121.399255379143,-44.3000000000016,76.));
#1957=DIRECTION('',(0.,0.,-1.));
#1958=DIRECTION('',(0.,-1.,0.));
#1959=CARTESIAN_POINT('',(-131.399255379143,44.3000000000016,76.));
#1960=CARTESIAN_POINT('',(-131.399255379143,-44.3000000000016,76.));
#1961=VECTOR('',#1962,1.);
#1962=DIRECTION('',(0.,1.,0.));
#1963=CARTESIAN_POINT('',(-121.399255379143,54.3000000000016,76.));
#1964=AXIS2_PLACEMENT_3D('',#1965,#1966,#1967);
#1965=CARTESIAN_POINT('',(-121.399255379143,44.3000000000016,76.));
#1966=DIRECTION('',(0.,0.,-1.));
#1967=DIRECTION('',(-1.,7.105427357601E-16,0.));
#1968=CARTESIAN_POINT('',(-121.399255379143,54.3000000000016,76.));
#1969=VECTOR('',#1970,1.);
#1970=DIRECTION('',(1.,-1.3521040287635E-16,0.));
#1971=CARTESIAN_POINT('',(19.0007446208567,10.0000000000001,76.));
#1972=AXIS2_PLACEMENT_3D('',#1973,#1974,#1975);
#1973=CARTESIAN_POINT('',(20.6007446208567,10.0000000000001,76.));
#1974=DIRECTION('',(0.,0.,-1.));
#1975=DIRECTION('',(-1.,0.,0.));
#1976=CARTESIAN_POINT('',(19.0007446208567,-9.99999999999995,76.));
#1977=AXIS2_PLACEMENT_3D('',#1978,#1979,#1980);
#1978=CARTESIAN_POINT('',(20.6007446208567,-9.99999999999995,76.));
#1979=DIRECTION('',(0.,0.,-1.));
#1980=DIRECTION('',(-1.,0.,0.));
#1981=CARTESIAN_POINT('',(-85.3992553791431,22.6,76.));
#1982=AXIS2_PLACEMENT_3D('',#1983,#1984,#1985);
#1983=CARTESIAN_POINT('',(-85.3992553791431,20.,76.));
#1984=DIRECTION('',(0.,0.,1.));
#1985=DIRECTION('',(0.,1.,0.));
#1986=CARTESIAN_POINT('',(-45.3992553791431,22.5999999999999,76.));
#1987=AXIS2_PLACEMENT_3D('',#1988,#1989,#1990);
#1988=CARTESIAN_POINT('',(-45.3992553791431,19.9999999999999,76.));
#1989=DIRECTION('',(0.,0.,1.));
#1990=DIRECTION('',(0.,1.,0.));
#1991=CARTESIAN_POINT('',(-85.3992553791432,-17.4000000000001,76.));
#1992=AXIS2_PLACEMENT_3D('',#1993,#1994,#1995);
#1993=CARTESIAN_POINT('',(-85.3992553791432,-20.0000000000001,76.));
#1994=DIRECTION('',(0.,0.,1.));
#1995=DIRECTION('',(0.,1.,0.));
#1996=CARTESIAN_POINT('',(-16.7992553791433,-19.9999999999999,76.));
#1997=AXIS2_PLACEMENT_3D('',#1998,#1999,#2000);
#1998=CARTESIAN_POINT('',(-19.3992553791433,-19.9999999999999,76.));
#1999=DIRECTION('',(0.,0.,1.));
#2000=DIRECTION('',(1.,0.,0.));
#2001=CARTESIAN_POINT('',(23.2007446208567,-19.9999999999999,76.));
#2002=AXIS2_PLACEMENT_3D('',#2003,#2004,#2005);
#2003=CARTESIAN_POINT('',(20.6007446208567,-19.9999999999999,76.));
#2004=DIRECTION('',(0.,0.,1.));
#2005=DIRECTION('',(1.,0.,0.));
#2006=CARTESIAN_POINT('',(23.2007446208567,20.0000000000001,76.));
#2007=AXIS2_PLACEMENT_3D('',#2008,#2009,#2010);
#2008=CARTESIAN_POINT('',(20.6007446208567,20.0000000000001,76.));
#2009=DIRECTION('',(0.,0.,1.));
#2010=DIRECTION('',(1.,0.,0.));
#2011=CARTESIAN_POINT('',(-119.599255379144,-45.4999999999981,76.));
#2012=AXIS2_PLACEMENT_3D('',#2013,#2014,#2015);
#2013=CARTESIAN_POINT('',(-119.599255379144,-43.9999999999981,76.));
#2014=DIRECTION('',(0.,0.,1.));
#2015=DIRECTION('',(-1.22464679914735E-16,-1.,0.));
#2016=CARTESIAN_POINT('',(-119.599255379144,42.4999999999978,76.));
#2017=AXIS2_PLACEMENT_3D('',#2018,#2019,#2020);
#2018=CARTESIAN_POINT('',(-119.599255379144,43.9999999999978,76.));
#2019=DIRECTION('',(0.,0.,1.));
#2020=DIRECTION('',(-1.22464679914735E-16,-1.,0.));
#2021=CARTESIAN_POINT('',(37.400744620491,37.1144660940653,76.));
#2022=AXIS2_PLACEMENT_3D('',#2023,#2024,#2025);
#2023=CARTESIAN_POINT('',(37.400744620491,38.7144660940653,76.));
#2024=DIRECTION('',(0.,0.,1.));
#2025=DIRECTION('',(4.31842741858589E-15,-1.,0.));
#2026=CARTESIAN_POINT('',(37.4007446204913,-40.3144660940632,76.));
#2027=AXIS2_PLACEMENT_3D('',#2028,#2029,#2030);
#2028=CARTESIAN_POINT('',(37.4007446204913,-38.7144660940632,76.));
#2029=DIRECTION('',(0.,0.,1.));
#2030=DIRECTION('',(4.31842741858589E-15,-1.,0.));
#2031=CARTESIAN_POINT('',(19.0007446208567,-9.99999999999995,78.35));
#2032=AXIS2_PLACEMENT_3D('',#2033,#2034,#2035);
#2033=CARTESIAN_POINT('',(20.6007446208567,-9.99999999999995,78.35));
#2034=DIRECTION('',(0.,0.,-1.));
#2035=DIRECTION('',(-1.,0.,0.));
#2036=CARTESIAN_POINT('',(19.0007446208567,10.0000000000001,78.35));
#2037=AXIS2_PLACEMENT_3D('',#2038,#2039,#2040);
#2038=CARTESIAN_POINT('',(20.6007446208567,10.0000000000001,78.35));
#2039=DIRECTION('',(0.,0.,-1.));
#2040=DIRECTION('',(-1.,0.,0.));
#2041=CARTESIAN_POINT('',(-125.399255379305,58.3000000001635,34.));
#2042=CARTESIAN_POINT('',(-125.399255379305,58.3000000001635,34.));
#2043=VECTOR('',#2044,1.);
#2044=DIRECTION('',(0.,0.,1.));
#2045=CARTESIAN_POINT('',(-135.399255379305,48.3000000001635,34.));
#2046=AXIS2_PLACEMENT_3D('',#2047,#2048,#2049);
#2047=CARTESIAN_POINT('',(-125.399255379305,48.3000000001635,34.));
#2048=DIRECTION('',(0.,0.,-1.));
#2049=DIRECTION('',(-1.,0.,0.));
#2050=CARTESIAN_POINT('',(-135.399255379305,48.3000000001635,34.));
#2051=VECTOR('',#2052,1.);
#2052=DIRECTION('',(0.,0.,1.));
#2053=CARTESIAN_POINT('',(-135.399255379305,-48.3000000001634,34.));
#2054=CARTESIAN_POINT('',(-135.399255379305,48.3000000001635,34.));
#2055=VECTOR('',#2056,1.);
#2056=DIRECTION('',(0.,-1.,0.));
#2057=CARTESIAN_POINT('',(-135.399255379305,-48.3000000001634,34.));
#2058=VECTOR('',#2059,1.);
#2059=DIRECTION('',(0.,-1.54465812121761E-16,1.));
#2060=CARTESIAN_POINT('',(-135.399255379305,-30.,42.));
#2061=CARTESIAN_POINT('',(-135.399255379305,-35.,47.));
#2062=AXIS2_PLACEMENT_3D('',#2063,#2064,#2065);
#2063=CARTESIAN_POINT('',(-135.399255379305,-30.,47.));
#2064=DIRECTION('',(1.,0.,0.));
#2065=DIRECTION('',(0.,-1.,0.));
#2066=CARTESIAN_POINT('',(-135.399255379305,30.,42.));
#2067=CARTESIAN_POINT('',(-135.399255379305,30.,42.));
#2068=VECTOR('',#2069,1.);
#2069=DIRECTION('',(0.,-1.,0.));
#2070=CARTESIAN_POINT('',(-135.399255379305,35.,47.));
#2071=AXIS2_PLACEMENT_3D('',#2072,#2073,#2074);
#2072=CARTESIAN_POINT('',(-135.399255379305,30.,47.));
#2073=DIRECTION('',(1.,0.,0.));
#2074=DIRECTION('',(0.,-7.105427357601E-16,-1.));
#2075=CARTESIAN_POINT('',(-135.399255379305,35.,66.));
#2076=CARTESIAN_POINT('',(-135.399255379305,35.,66.));
#2077=VECTOR('',#2078,1.);
#2078=DIRECTION('',(0.,3.73969860926367E-16,-1.));
#2079=CARTESIAN_POINT('',(-135.399255379305,30.,71.));
#2080=AXIS2_PLACEMENT_3D('',#2081,#2082,#2083);
#2081=CARTESIAN_POINT('',(-135.399255379305,30.,66.));
#2082=DIRECTION('',(1.,0.,0.));
#2083=DIRECTION('',(0.,1.,2.8421709430404E-15));
#2084=CARTESIAN_POINT('',(-135.399255379305,-30.,71.));
#2085=CARTESIAN_POINT('',(-135.399255379305,-30.,71.));
#2086=VECTOR('',#2087,1.);
#2087=DIRECTION('',(0.,1.,0.));
#2088=CARTESIAN_POINT('',(-135.399255379305,-35.,66.));
#2089=AXIS2_PLACEMENT_3D('',#2090,#2091,#2092);
#2090=CARTESIAN_POINT('',(-135.399255379305,-30.,66.));
#2091=DIRECTION('',(1.,0.,0.));
#2092=DIRECTION('',(0.,0.,1.));
#2093=CARTESIAN_POINT('',(-135.399255379305,-35.,47.));
#2094=VECTOR('',#2095,1.);
#2095=DIRECTION('',(0.,-3.73969860926367E-16,1.));
#2096=CARTESIAN_POINT('',(-125.399255379305,-58.3000000001634,34.));
#2097=AXIS2_PLACEMENT_3D('',#2098,#2099,#2100);
#2098=CARTESIAN_POINT('',(-125.399255379305,-48.3000000001634,34.));
#2099=DIRECTION('',(0.,0.,-1.));
#2100=DIRECTION('',(0.,-1.,0.));
#2101=CARTESIAN_POINT('',(-125.399255379305,-58.3000000001634,34.));
#2102=VECTOR('',#2103,1.);
#2103=DIRECTION('',(0.,-1.54465812121761E-16,1.));
#2104=CARTESIAN_POINT('',(35.8000174700509,-58.3000000001635,34.));
#2105=CARTESIAN_POINT('',(-125.399255379305,-58.3000000001634,34.));
#2106=VECTOR('',#2107,1.);
#2107=DIRECTION('',(1.,-1.32235596947906E-16,0.));
#2108=CARTESIAN_POINT('',(35.8000174700509,-58.3000000001635,34.));
#2109=VECTOR('',#2110,1.);
#2110=DIRECTION('',(-3.08931624243522E-16,0.,1.));
#2111=CARTESIAN_POINT('',(-18.6135740120594,-58.3000000001635,64.));
#2112=CARTESIAN_POINT('',(-23.6135740120594,-58.3000000001635,59.));
#2113=AXIS2_PLACEMENT_3D('',#2114,#2115,#2116);
#2114=CARTESIAN_POINT('',(-18.6135740120594,-58.3000000001635,59.));
#2115=DIRECTION('',(1.21299033388223E-16,1.,0.));
#2116=DIRECTION('',(-1.,1.21299033388223E-16,0.));
#2117=CARTESIAN_POINT('',(-3.61357401205938,-58.3000000001635,64.));
#2118=CARTESIAN_POINT('',(-3.61357401205938,-58.3000000001635,64.));
#2119=VECTOR('',#2120,1.);
#2120=DIRECTION('',(-1.,0.,0.));
#2121=CARTESIAN_POINT('',(1.38642598794063,-58.3000000001635,59.));
#2122=AXIS2_PLACEMENT_3D('',#2123,#2124,#2125);
#2123=CARTESIAN_POINT('',(-3.61357401205936,-58.3000000001635,59.));
#2124=DIRECTION('',(1.21299033388223E-16,1.,0.));
#2125=DIRECTION('',(-5.68434188608081E-15,6.8950517622979E-31,1.));
#2126=CARTESIAN_POINT('',(1.38642598794063,-58.3000000001635,42.));
#2127=CARTESIAN_POINT('',(1.38642598794063,-58.3000000001635,42.));
#2128=VECTOR('',#2129,1.);
#2129=DIRECTION('',(0.,0.,1.));
#2130=CARTESIAN_POINT('',(-3.61357401205938,-58.3000000001635,37.));
#2131=AXIS2_PLACEMENT_3D('',#2132,#2133,#2134);
#2132=CARTESIAN_POINT('',(-3.61357401205939,-58.3000000001635,42.));
#2133=DIRECTION('',(1.21299033388223E-16,1.,0.));
#2134=DIRECTION('',(1.,-1.21299033388223E-16,0.));
#2135=CARTESIAN_POINT('',(-18.6135740120594,-58.3000000001635,37.));
#2136=CARTESIAN_POINT('',(-18.6135740120594,-58.3000000001635,37.));
#2137=VECTOR('',#2138,1.);
#2138=DIRECTION('',(1.,0.,0.));
#2139=CARTESIAN_POINT('',(-23.6135740120594,-58.3000000001635,42.));
#2140=AXIS2_PLACEMENT_3D('',#2141,#2142,#2143);
#2141=CARTESIAN_POINT('',(-18.6135740120594,-58.3000000001635,42.));
#2142=DIRECTION('',(1.21299033388223E-16,1.,0.));
#2143=DIRECTION('',(2.1316282072803E-15,-2.5856444108617E-31,-1.));
#2144=CARTESIAN_POINT('',(-23.6135740120594,-58.3000000001635,59.));
#2145=VECTOR('',#2146,1.);
#2146=DIRECTION('',(0.,0.,-1.));
#2147=CARTESIAN_POINT('',(43.321814484248,-54.8895803871999,34.));
#2148=AXIS2_PLACEMENT_3D('',#2149,#2150,#2151);
#2149=CARTESIAN_POINT('',(35.8000174700509,-48.3000000001635,34.));
#2150=DIRECTION('',(0.,0.,-1.));
#2151=DIRECTION('',(0.752179701419713,-0.658958038703643,0.));
#2152=CARTESIAN_POINT('',(43.321814484248,-54.8895803871999,34.));
#2153=VECTOR('',#2154,1.);
#2154=DIRECTION('',(0.,0.,1.));
#2155=CARTESIAN_POINT('',(66.2925416352158,-28.6692238925746,34.));
#2156=CARTESIAN_POINT('',(43.321814484248,-54.8895803871999,34.));
#2157=VECTOR('',#2158,1.);
#2158=DIRECTION('',(0.658958038703643,0.752179701419713,0.));
#2159=CARTESIAN_POINT('',(66.2925416352158,-28.6692238925746,34.));
#2160=VECTOR('',#2161,1.);
#2161=DIRECTION('',(0.,0.,1.));
#2162=CARTESIAN_POINT('',(68.7707446210187,-22.0796435055381,34.));
#2163=AXIS2_PLACEMENT_3D('',#2164,#2165,#2166);
#2164=CARTESIAN_POINT('',(58.7707446210187,-22.0796435055381,34.));
#2165=DIRECTION('',(0.,0.,-1.));
#2166=DIRECTION('',(1.,-3.5527136788005E-16,0.));
#2167=CARTESIAN_POINT('',(68.7707446210187,-22.0796435055381,34.));
#2168=VECTOR('',#2169,1.);
#2169=DIRECTION('',(0.,0.,1.));
#2170=CARTESIAN_POINT('',(68.7707446210187,22.0796435055381,34.));
#2171=CARTESIAN_POINT('',(68.7707446210187,-22.0796435055381,34.));
#2172=VECTOR('',#2173,1.);
#2173=DIRECTION('',(0.,1.,0.));
#2174=CARTESIAN_POINT('',(68.7707446210187,22.0796435055381,34.));
#2175=VECTOR('',#2176,1.);
#2176=DIRECTION('',(0.,0.,1.));
#2177=CARTESIAN_POINT('',(68.7707446210187,16.5398217527699,53.050252531694));
#2178=CARTESIAN_POINT('',(68.7707446210187,18.53982175277,55.050252531694));
#2179=AXIS2_PLACEMENT_3D('',#2180,#2181,#2182);
#2180=CARTESIAN_POINT('',(68.7707446210187,16.53982175277,55.0502525316941));
#2181=DIRECTION('',(-1.,0.,0.));
#2182=DIRECTION('',(0.,1.,0.));
#2183=CARTESIAN_POINT('',(68.7707446210187,15.5398217527699,53.0502525316941));
#2184=CARTESIAN_POINT('',(68.7707446210187,15.5398217527699,53.0502525316941));
#2185=VECTOR('',#2186,1.);
#2186=DIRECTION('',(0.,1.,-4.26325641456063E-14));
#2187=CARTESIAN_POINT('',(68.7707446210187,13.53982175277,55.0502525316941));
#2188=AXIS2_PLACEMENT_3D('',#2189,#2190,#2191);
#2189=CARTESIAN_POINT('',(68.7707446210187,15.53982175277,55.0502525316941));
#2190=DIRECTION('',(-1.,0.,0.));
#2191=DIRECTION('',(0.,-4.61852778244065E-14,-1.));
#2192=CARTESIAN_POINT('',(68.7707446210187,13.53982175277,62.0502525316942));
#2193=CARTESIAN_POINT('',(68.7707446210187,13.53982175277,62.0502525316942));
#2194=VECTOR('',#2195,1.);
#2195=DIRECTION('',(0.,5.07530525542919E-16,-1.));
#2196=CARTESIAN_POINT('',(68.7707446210187,15.5398217527702,64.0502525316942));
#2197=AXIS2_PLACEMENT_3D('',#2198,#2199,#2200);
#2198=CARTESIAN_POINT('',(68.7707446210187,15.53982175277,62.0502525316942));
#2199=DIRECTION('',(-1.,0.,0.));
#2200=DIRECTION('',(0.,-1.,-3.55271367880049E-15));
#2201=CARTESIAN_POINT('',(68.7707446210187,16.5398217527702,64.0502525316941));
#2202=CARTESIAN_POINT('',(68.7707446210187,16.5398217527702,64.0502525316941));
#2203=VECTOR('',#2204,1.);
#2204=DIRECTION('',(1.4210854715202E-14,-1.,9.9475983006414E-14));
#2205=CARTESIAN_POINT('',(68.7707446210187,18.53982175277,62.0502525316941));
#2206=AXIS2_PLACEMENT_3D('',#2207,#2208,#2209);
#2207=CARTESIAN_POINT('',(68.7707446210187,16.53982175277,62.0502525316941));
#2208=DIRECTION('',(-1.,0.,0.));
#2209=DIRECTION('',(0.,8.88178419700125E-14,1.));
#2210=CARTESIAN_POINT('',(68.7707446210187,18.53982175277,55.0502525316941));
#2211=VECTOR('',#2212,1.);
#2212=DIRECTION('',(0.,0.,1.));
#2213=CARTESIAN_POINT('',(68.7707446210187,-15.5398217527688,53.0502525316941));
#2214=CARTESIAN_POINT('',(68.7707446210187,-13.5398217527689,55.0502525316941));
#2215=AXIS2_PLACEMENT_3D('',#2216,#2217,#2218);
#2216=CARTESIAN_POINT('',(68.7707446210187,-15.5398217527689,55.0502525316941));
#2217=DIRECTION('',(-1.,0.,0.));
#2218=DIRECTION('',(0.,1.,0.));
#2219=CARTESIAN_POINT('',(68.7707446210187,-16.5398217527688,53.050252531694));
#2220=CARTESIAN_POINT('',(68.7707446210187,-16.5398217527688,53.0502525316941));
#2221=VECTOR('',#2222,1.);
#2222=DIRECTION('',(1.42108547152021E-14,1.,4.97379915032072E-14));
#2223=CARTESIAN_POINT('',(68.7707446210187,-18.5398217527689,55.050252531694));
#2224=AXIS2_PLACEMENT_3D('',#2225,#2226,#2227);
#2225=CARTESIAN_POINT('',(68.7707446210187,-16.5398217527689,55.0502525316941));
#2226=DIRECTION('',(-1.,0.,0.));
#2227=DIRECTION('',(0.,4.44089209850063E-14,-1.));
#2228=CARTESIAN_POINT('',(68.7707446210187,-18.5398217527689,62.0502525316941));
#2229=CARTESIAN_POINT('',(68.7707446210187,-18.5398217527689,62.0502525316941));
#2230=VECTOR('',#2231,1.);
#2231=DIRECTION('',(0.,1.52259157662877E-15,-1.));
#2232=CARTESIAN_POINT('',(68.7707446210187,-16.5398217527691,64.0502525316941));
#2233=AXIS2_PLACEMENT_3D('',#2234,#2235,#2236);
#2234=CARTESIAN_POINT('',(68.7707446210187,-16.5398217527689,62.0502525316941));
#2235=DIRECTION('',(-1.,0.,0.));
#2236=DIRECTION('',(0.,-1.,0.));
#2237=CARTESIAN_POINT('',(68.7707446210187,-15.5398217527691,64.0502525316942));
#2238=CARTESIAN_POINT('',(68.7707446210187,-15.5398217527691,64.0502525316942));
#2239=VECTOR('',#2240,1.);
#2240=DIRECTION('',(-1.42108547152019E-14,-1.,-8.52651282912114E-14));
#2241=CARTESIAN_POINT('',(68.7707446210187,-13.5398217527689,62.0502525316942));
#2242=AXIS2_PLACEMENT_3D('',#2243,#2244,#2245);
#2243=CARTESIAN_POINT('',(68.7707446210187,-15.5398217527689,62.0502525316942));
#2244=DIRECTION('',(-1.,0.,0.));
#2245=DIRECTION('',(0.,-8.70414851306123E-14,1.));
#2246=CARTESIAN_POINT('',(68.7707446210187,-13.5398217527689,55.0502525316941));
#2247=VECTOR('',#2248,1.);
#2248=DIRECTION('',(0.,-7.61295788314379E-16,1.));
#2249=CARTESIAN_POINT('',(68.7707446210187,6.5497474683064,63.5));
#2250=AXIS2_PLACEMENT_3D('',#2251,#2252,#2253);
#2251=CARTESIAN_POINT('',(68.7707446210187,4.94974746830639,63.5));
#2252=DIRECTION('',(1.,0.,0.));
#2253=DIRECTION('',(0.,1.,6.12323399573677E-17));
#2254=CARTESIAN_POINT('',(68.7707446210187,6.54974746830639,53.6005050633884));
#2255=AXIS2_PLACEMENT_3D('',#2256,#2257,#2258);
#2256=CARTESIAN_POINT('',(68.7707446210187,4.94974746830639,53.6005050633884));
#2257=DIRECTION('',(1.,0.,0.));
#2258=DIRECTION('',(0.,1.,6.12323399573677E-17));
#2259=CARTESIAN_POINT('',(68.7707446210187,-3.34974746830527,53.6005050633884));
#2260=AXIS2_PLACEMENT_3D('',#2261,#2262,#2263);
#2261=CARTESIAN_POINT('',(68.7707446210187,-4.94974746830528,53.6005050633884));
#2262=DIRECTION('',(1.,0.,0.));
#2263=DIRECTION('',(0.,1.,6.12323399573677E-17));
#2264=CARTESIAN_POINT('',(68.7707446210187,-3.34974746830527,63.5));
#2265=AXIS2_PLACEMENT_3D('',#2266,#2267,#2268);
#2266=CARTESIAN_POINT('',(68.7707446210187,-4.94974746830528,63.5));
#2267=DIRECTION('',(1.,0.,0.));
#2268=DIRECTION('',(0.,1.,6.12323399573677E-17));
#2269=CARTESIAN_POINT('',(66.2925416352158,28.6692238925745,34.));
#2270=AXIS2_PLACEMENT_3D('',#2271,#2272,#2273);
#2271=CARTESIAN_POINT('',(58.7707446210187,22.0796435055381,34.));
#2272=DIRECTION('',(0.,0.,-1.));
#2273=DIRECTION('',(0.752179701419713,0.658958038703643,0.));
#2274=CARTESIAN_POINT('',(66.2925416352158,28.6692238925745,34.));
#2275=VECTOR('',#2276,1.);
#2276=DIRECTION('',(0.,0.,1.));
#2277=CARTESIAN_POINT('',(43.321814484248,54.8895803871999,34.));
#2278=CARTESIAN_POINT('',(66.2925416352158,28.6692238925745,34.));
#2279=VECTOR('',#2280,1.);
#2280=DIRECTION('',(-0.658958038703643,0.752179701419713,0.));
#2281=CARTESIAN_POINT('',(43.321814484248,54.8895803871999,34.));
#2282=VECTOR('',#2283,1.);
#2283=DIRECTION('',(0.,0.,1.));
#2284=CARTESIAN_POINT('',(35.8000174700509,58.3000000001634,34.));
#2285=AXIS2_PLACEMENT_3D('',#2286,#2287,#2288);
#2286=CARTESIAN_POINT('',(35.8000174700509,48.3000000001634,34.));
#2287=DIRECTION('',(0.,0.,-1.));
#2288=DIRECTION('',(1.4210854715202E-15,1.,0.));
#2289=CARTESIAN_POINT('',(35.8000174700509,58.3000000001634,34.));
#2290=VECTOR('',#2291,1.);
#2291=DIRECTION('',(0.,0.,1.));
#2292=CARTESIAN_POINT('',(35.8000174700509,58.3000000001634,34.));
#2293=VECTOR('',#2294,1.);
#2294=DIRECTION('',(-1.,1.32235596947906E-16,0.));
#2295=CARTESIAN_POINT('',(-119.599255379144,42.4999999999978,78.6));
#2296=AXIS2_PLACEMENT_3D('',#2297,#2298,#2299);
#2297=CARTESIAN_POINT('',(-119.599255379144,43.9999999999978,78.6));
#2298=DIRECTION('',(0.,0.,1.));
#2299=DIRECTION('',(0.,-1.,0.));
#2300=CARTESIAN_POINT('',(37.4007446204913,-40.3144660940632,78.6));
#2301=AXIS2_PLACEMENT_3D('',#2302,#2303,#2304);
#2302=CARTESIAN_POINT('',(37.4007446204913,-38.7144660940632,78.6));
#2303=DIRECTION('',(0.,0.,1.));
#2304=DIRECTION('',(4.44089209850062E-15,-1.,0.));
#2305=CARTESIAN_POINT('',(37.400744620491,37.1144660940653,78.6));
#2306=AXIS2_PLACEMENT_3D('',#2307,#2308,#2309);
#2307=CARTESIAN_POINT('',(37.400744620491,38.7144660940653,78.6));
#2308=DIRECTION('',(0.,0.,1.));
#2309=DIRECTION('',(4.44089209850062E-15,-1.,0.));
#2310=CARTESIAN_POINT('',(-119.599255379144,-45.4999999999981,78.6));
#2311=AXIS2_PLACEMENT_3D('',#2312,#2313,#2314);
#2312=CARTESIAN_POINT('',(-119.599255379144,-43.9999999999981,78.6));
#2313=DIRECTION('',(0.,0.,1.));
#2314=DIRECTION('',(0.,-1.,0.));
#2315=CARTESIAN_POINT('',(40.0143208756868,52.5947901934934,34.));
#2316=CARTESIAN_POINT('',(40.0143208756868,52.5947901934934,34.));
#2317=VECTOR('',#2318,1.);
#2318=DIRECTION('',(0.,0.,1.));
#2319=CARTESIAN_POINT('',(36.2534223685651,54.3000000000016,34.));
#2320=CARTESIAN_POINT('',(36.2534223685651,54.3000000000016,34.));
#2321=VECTOR('',#2322,1.);
#2322=DIRECTION('',(1.69176841847643E-16,-1.69176841847643E-16,1.));
#2323=AXIS2_PLACEMENT_3D('',#2324,#2325,#2326);
#2324=CARTESIAN_POINT('',(36.2534223685651,49.3000000000016,34.));
#2325=DIRECTION('',(0.,0.,1.));
#2326=DIRECTION('',(0.752179701424341,0.65895803869836,0.));
#2327=CARTESIAN_POINT('',(63.5316431279785,25.7505127263418,34.));
#2328=CARTESIAN_POINT('',(63.5316431279785,25.7505127263418,34.));
#2329=VECTOR('',#2330,1.);
#2330=DIRECTION('',(-0.65895803869836,0.752179701424341,0.));
#2331=CARTESIAN_POINT('',(63.5316431279785,25.7505127263418,34.));
#2332=VECTOR('',#2333,1.);
#2333=DIRECTION('',(0.,0.,1.));
#2334=CARTESIAN_POINT('',(64.7707446208568,22.45572253285,34.));
#2335=CARTESIAN_POINT('',(64.7707446208568,22.45572253285,34.));
#2336=VECTOR('',#2337,1.);
#2337=DIRECTION('',(0.,-8.45884209238214E-17,1.));
#2338=AXIS2_PLACEMENT_3D('',#2339,#2340,#2341);
#2339=CARTESIAN_POINT('',(59.7707446208568,22.45572253285,34.));
#2340=DIRECTION('',(0.,0.,1.));
#2341=DIRECTION('',(1.,0.,0.));
#2342=CARTESIAN_POINT('',(64.7707446208568,-22.45572253285,34.));
#2343=CARTESIAN_POINT('',(64.7707446208568,-22.45572253285,34.));
#2344=VECTOR('',#2345,1.);
#2345=DIRECTION('',(0.,1.,0.));
#2346=CARTESIAN_POINT('',(64.7707446208568,-22.45572253285,34.));
#2347=VECTOR('',#2348,1.);
#2348=DIRECTION('',(0.,0.,1.));
#2349=CARTESIAN_POINT('',(64.7707446208568,18.53982175277,55.050252531694));
#2350=CARTESIAN_POINT('',(64.7707446208568,16.5398217527699,53.050252531694));
#2351=AXIS2_PLACEMENT_3D('',#2352,#2353,#2354);
#2352=CARTESIAN_POINT('',(64.7707446208568,16.53982175277,55.0502525316941));
#2353=DIRECTION('',(1.,0.,0.));
#2354=DIRECTION('',(0.,-4.61852778244065E-14,-1.));
#2355=CARTESIAN_POINT('',(64.7707446208568,18.53982175277,62.0502525316941));
#2356=CARTESIAN_POINT('',(64.7707446208568,18.53982175277,55.0502525316941));
#2357=VECTOR('',#2358,1.);
#2358=DIRECTION('',(0.,0.,1.));
#2359=CARTESIAN_POINT('',(64.7707446208568,16.5398217527702,64.0502525316941));
#2360=AXIS2_PLACEMENT_3D('',#2361,#2362,#2363);
#2361=CARTESIAN_POINT('',(64.7707446208568,16.53982175277,62.0502525316941));
#2362=DIRECTION('',(1.,0.,0.));
#2363=DIRECTION('',(0.,1.,0.));
#2364=CARTESIAN_POINT('',(64.7707446208568,15.5398217527702,64.0502525316942));
#2365=CARTESIAN_POINT('',(64.7707446208568,16.5398217527702,64.0502525316942));
#2366=VECTOR('',#2367,1.);
#2367=DIRECTION('',(0.,-1.,8.5265128291212E-14));
#2368=CARTESIAN_POINT('',(64.7707446208568,13.53982175277,62.0502525316942));
#2369=AXIS2_PLACEMENT_3D('',#2370,#2371,#2372);
#2370=CARTESIAN_POINT('',(64.7707446208568,15.53982175277,62.0502525316942));
#2371=DIRECTION('',(1.,0.,0.));
#2372=DIRECTION('',(0.,9.2370555648813E-14,1.));
#2373=CARTESIAN_POINT('',(64.7707446208568,13.53982175277,55.0502525316941));
#2374=CARTESIAN_POINT('',(64.7707446208568,13.53982175277,62.0502525316942));
#2375=VECTOR('',#2376,1.);
#2376=DIRECTION('',(0.,0.,-1.));
#2377=CARTESIAN_POINT('',(64.7707446208568,15.5398217527699,53.0502525316941));
#2378=AXIS2_PLACEMENT_3D('',#2379,#2380,#2381);
#2379=CARTESIAN_POINT('',(64.7707446208568,15.53982175277,55.0502525316941));
#2380=DIRECTION('',(1.,0.,0.));
#2381=DIRECTION('',(0.,-1.,0.));
#2382=CARTESIAN_POINT('',(64.7707446208568,15.5398217527699,53.0502525316941));
#2383=VECTOR('',#2384,1.);
#2384=DIRECTION('',(0.,1.,-4.26325641456065E-14));
#2385=CARTESIAN_POINT('',(64.7707446208568,-13.5398217527689,55.0502525316941));
#2386=CARTESIAN_POINT('',(64.7707446208568,-15.5398217527688,53.0502525316941));
#2387=AXIS2_PLACEMENT_3D('',#2388,#2389,#2390);
#2388=CARTESIAN_POINT('',(64.7707446208568,-15.5398217527689,55.0502525316941));
#2389=DIRECTION('',(1.,0.,0.));
#2390=DIRECTION('',(0.,4.35207425653058E-14,-1.));
#2391=CARTESIAN_POINT('',(64.7707446208568,-13.5398217527689,62.0502525316942));
#2392=CARTESIAN_POINT('',(64.7707446208568,-13.5398217527689,55.0502525316941));
#2393=VECTOR('',#2394,1.);
#2394=DIRECTION('',(0.,-5.07530525542919E-16,1.));
#2395=CARTESIAN_POINT('',(64.7707446208568,-15.5398217527691,64.0502525316942));
#2396=AXIS2_PLACEMENT_3D('',#2397,#2398,#2399);
#2397=CARTESIAN_POINT('',(64.7707446208568,-15.5398217527689,62.0502525316942));
#2398=DIRECTION('',(1.,0.,0.));
#2399=DIRECTION('',(0.,1.,0.));
#2400=CARTESIAN_POINT('',(64.7707446208568,-16.5398217527691,64.0502525316941));
#2401=CARTESIAN_POINT('',(64.7707446208568,-15.5398217527691,64.0502525316942));
#2402=VECTOR('',#2403,1.);
#2403=DIRECTION('',(0.,-1.,-9.94759830064133E-14));
#2404=CARTESIAN_POINT('',(64.7707446208568,-18.5398217527689,62.0502525316941));
#2405=AXIS2_PLACEMENT_3D('',#2406,#2407,#2408);
#2406=CARTESIAN_POINT('',(64.7707446208568,-16.5398217527689,62.0502525316941));
#2407=DIRECTION('',(1.,0.,0.));
#2408=DIRECTION('',(0.,-9.05941988094128E-14,1.));
#2409=CARTESIAN_POINT('',(64.7707446208568,-18.5398217527689,55.050252531694));
#2410=CARTESIAN_POINT('',(64.7707446208568,-18.5398217527689,62.0502525316941));
#2411=VECTOR('',#2412,1.);
#2412=DIRECTION('',(0.,1.52259157662877E-15,-1.));
#2413=CARTESIAN_POINT('',(64.7707446208568,-16.5398217527688,53.050252531694));
#2414=AXIS2_PLACEMENT_3D('',#2415,#2416,#2417);
#2415=CARTESIAN_POINT('',(64.7707446208568,-16.5398217527689,55.0502525316941));
#2416=DIRECTION('',(1.,0.,0.));
#2417=DIRECTION('',(0.,-1.,0.));
#2418=CARTESIAN_POINT('',(64.7707446208568,-16.5398217527688,53.0502525316941));
#2419=VECTOR('',#2420,1.);
#2420=DIRECTION('',(0.,1.,4.26325641456063E-14));
#2421=CARTESIAN_POINT('',(64.7707446208568,6.5497474683064,63.5));
#2422=AXIS2_PLACEMENT_3D('',#2423,#2424,#2425);
#2423=CARTESIAN_POINT('',(64.7707446208568,4.94974746830639,63.5));
#2424=DIRECTION('',(1.,0.,0.));
#2425=DIRECTION('',(0.,1.,6.12323399573677E-17));
#2426=CARTESIAN_POINT('',(64.7707446208568,6.54974746830639,53.6005050633884));
#2427=AXIS2_PLACEMENT_3D('',#2428,#2429,#2430);
#2428=CARTESIAN_POINT('',(64.7707446208568,4.94974746830639,53.6005050633884));
#2429=DIRECTION('',(1.,0.,0.));
#2430=DIRECTION('',(0.,1.,6.12323399573677E-17));
#2431=CARTESIAN_POINT('',(64.7707446208568,-3.34974746830527,53.6005050633884));
#2432=AXIS2_PLACEMENT_3D('',#2433,#2434,#2435);
#2433=CARTESIAN_POINT('',(64.7707446208568,-4.94974746830527,53.6005050633884));
#2434=DIRECTION('',(1.,0.,0.));
#2435=DIRECTION('',(0.,1.,6.12323399573677E-17));
#2436=CARTESIAN_POINT('',(64.7707446208568,-3.34974746830527,63.5));
#2437=AXIS2_PLACEMENT_3D('',#2438,#2439,#2440);
#2438=CARTESIAN_POINT('',(64.7707446208568,-4.94974746830527,63.5));
#2439=DIRECTION('',(1.,0.,0.));
#2440=DIRECTION('',(0.,1.,6.12323399573677E-17));
#2441=CARTESIAN_POINT('',(63.5316431279785,-25.7505127263418,34.));
#2442=CARTESIAN_POINT('',(63.5316431279785,-25.7505127263418,34.));
#2443=VECTOR('',#2444,1.);
#2444=DIRECTION('',(0.,0.,1.));
#2445=AXIS2_PLACEMENT_3D('',#2446,#2447,#2448);
#2446=CARTESIAN_POINT('',(59.7707446208568,-22.45572253285,34.));
#2447=DIRECTION('',(0.,0.,1.));
#2448=DIRECTION('',(0.752179701424341,-0.65895803869836,0.));
#2449=CARTESIAN_POINT('',(40.0143208756868,-52.5947901934934,34.));
#2450=CARTESIAN_POINT('',(40.0143208756868,-52.5947901934934,34.));
#2451=VECTOR('',#2452,1.);
#2452=DIRECTION('',(0.,0.,1.));
#2453=CARTESIAN_POINT('',(40.0143208756868,-52.5947901934934,34.));
#2454=VECTOR('',#2455,1.);
#2455=DIRECTION('',(0.65895803869836,0.752179701424341,0.));
#2456=CARTESIAN_POINT('',(36.2534223685651,-54.3000000000016,34.));
#2457=CARTESIAN_POINT('',(36.2534223685651,-54.3000000000016,34.));
#2458=VECTOR('',#2459,1.);
#2459=DIRECTION('',(0.,0.,1.));
#2460=AXIS2_PLACEMENT_3D('',#2461,#2462,#2463);
#2461=CARTESIAN_POINT('',(36.2534223685651,-49.3000000000016,34.));
#2462=DIRECTION('',(0.,0.,1.));
#2463=DIRECTION('',(1.4210854715202E-15,-1.,0.));
#2464=CARTESIAN_POINT('',(-121.399255379143,-54.3000000000016,34.));
#2465=CARTESIAN_POINT('',(-121.399255379143,-54.3000000000016,34.));
#2466=VECTOR('',#2467,1.);
#2467=DIRECTION('',(1.,-1.3521040287635E-16,0.));
#2468=CARTESIAN_POINT('',(-121.399255379143,-54.3000000000016,34.));
#2469=VECTOR('',#2470,1.);
#2470=DIRECTION('',(0.,0.,1.));
#2471=CARTESIAN_POINT('',(-23.6135740120594,-54.3000000000016,59.));
#2472=CARTESIAN_POINT('',(-18.6135740120594,-54.3000000000016,64.));
#2473=AXIS2_PLACEMENT_3D('',#2474,#2475,#2476);
#2474=CARTESIAN_POINT('',(-18.6135740120594,-54.3000000000016,59.));
#2475=DIRECTION('',(-1.2544914916674E-16,-1.,0.));
#2476=DIRECTION('',(2.84217094304039E-15,-3.56547926590849E-31,1.));
#2477=CARTESIAN_POINT('',(-23.6135740120594,-54.3000000000016,42.));
#2478=CARTESIAN_POINT('',(-23.6135740120594,-54.3000000000016,59.));
#2479=VECTOR('',#2480,1.);
#2480=DIRECTION('',(0.,0.,-1.));
#2481=CARTESIAN_POINT('',(-18.6135740120594,-54.3000000000016,37.));
#2482=AXIS2_PLACEMENT_3D('',#2483,#2484,#2485);
#2483=CARTESIAN_POINT('',(-18.6135740120594,-54.3000000000016,42.));
#2484=DIRECTION('',(-1.2544914916674E-16,-1.,0.));
#2485=DIRECTION('',(-1.,1.2544914916674E-16,0.));
#2486=CARTESIAN_POINT('',(-3.61357401205938,-54.3000000000016,37.));
#2487=CARTESIAN_POINT('',(-18.6135740120594,-54.3000000000016,37.));
#2488=VECTOR('',#2489,1.);
#2489=DIRECTION('',(1.,0.,0.));
#2490=CARTESIAN_POINT('',(1.38642598794063,-54.3000000000016,42.));
#2491=AXIS2_PLACEMENT_3D('',#2492,#2493,#2494);
#2492=CARTESIAN_POINT('',(-3.61357401205937,-54.3000000000016,42.));
#2493=DIRECTION('',(-1.2544914916674E-16,-1.,0.));
#2494=DIRECTION('',(-2.8421709430404E-15,3.5654792659085E-31,-1.));
#2495=CARTESIAN_POINT('',(1.38642598794063,-54.3000000000016,59.));
#2496=CARTESIAN_POINT('',(1.38642598794063,-54.3000000000016,42.));
#2497=VECTOR('',#2498,1.);
#2498=DIRECTION('',(0.,0.,1.));
#2499=CARTESIAN_POINT('',(-3.61357401205938,-54.3000000000016,64.));
#2500=AXIS2_PLACEMENT_3D('',#2501,#2502,#2503);
#2501=CARTESIAN_POINT('',(-3.61357401205937,-54.3000000000016,59.));
#2502=DIRECTION('',(-1.2544914916674E-16,-1.,0.));
#2503=DIRECTION('',(1.,-1.2544914916674E-16,0.));
#2504=CARTESIAN_POINT('',(-3.61357401205938,-54.3000000000016,64.));
#2505=VECTOR('',#2506,1.);
#2506=DIRECTION('',(-1.,0.,-9.47390314346801E-16));
#2507=CARTESIAN_POINT('',(-131.399255379143,-44.3000000000016,34.));
#2508=CARTESIAN_POINT('',(-131.399255379143,-44.3000000000016,34.));
#2509=VECTOR('',#2510,1.);
#2510=DIRECTION('',(0.,0.,1.));
#2511=AXIS2_PLACEMENT_3D('',#2512,#2513,#2514);
#2512=CARTESIAN_POINT('',(-121.399255379143,-44.3000000000016,34.));
#2513=DIRECTION('',(0.,0.,1.));
#2514=DIRECTION('',(-1.,0.,0.));
#2515=CARTESIAN_POINT('',(-131.399255379143,44.3000000000016,34.));
#2516=CARTESIAN_POINT('',(-131.399255379143,44.3000000000016,34.));
#2517=VECTOR('',#2518,1.);
#2518=DIRECTION('',(0.,-1.,0.));
#2519=CARTESIAN_POINT('',(-131.399255379143,44.3000000000016,34.));
#2520=VECTOR('',#2521,1.);
#2521=DIRECTION('',(0.,0.,1.));
#2522=CARTESIAN_POINT('',(-131.399255379143,-35.,47.));
#2523=CARTESIAN_POINT('',(-131.399255379143,-30.,42.));
#2524=AXIS2_PLACEMENT_3D('',#2525,#2526,#2527);
#2525=CARTESIAN_POINT('',(-131.399255379143,-30.,47.));
#2526=DIRECTION('',(-1.,0.,0.));
#2527=DIRECTION('',(0.,-2.1316282072803E-15,-1.));
#2528=CARTESIAN_POINT('',(-131.399255379143,-35.,66.));
#2529=CARTESIAN_POINT('',(-131.399255379143,-35.,47.));
#2530=VECTOR('',#2531,1.);
#2531=DIRECTION('',(0.,-7.47939721852735E-16,1.));
#2532=CARTESIAN_POINT('',(-131.399255379143,-30.,71.));
#2533=AXIS2_PLACEMENT_3D('',#2534,#2535,#2536);
#2534=CARTESIAN_POINT('',(-131.399255379143,-30.,66.));
#2535=DIRECTION('',(-1.,0.,0.));
#2536=DIRECTION('',(0.,-1.,0.));
#2537=CARTESIAN_POINT('',(-131.399255379143,30.,71.));
#2538=CARTESIAN_POINT('',(-131.399255379143,-30.,71.));
#2539=VECTOR('',#2540,1.);
#2540=DIRECTION('',(0.,1.,0.));
#2541=CARTESIAN_POINT('',(-131.399255379143,35.,66.));
#2542=AXIS2_PLACEMENT_3D('',#2543,#2544,#2545);
#2543=CARTESIAN_POINT('',(-131.399255379143,30.,66.));
#2544=DIRECTION('',(-1.,0.,0.));
#2545=DIRECTION('',(0.,-7.105427357601E-16,1.));
#2546=CARTESIAN_POINT('',(-131.399255379143,35.,47.));
#2547=CARTESIAN_POINT('',(-131.399255379143,35.,66.));
#2548=VECTOR('',#2549,1.);
#2549=DIRECTION('',(0.,3.73969860926367E-16,-1.));
#2550=CARTESIAN_POINT('',(-131.399255379143,30.,42.));
#2551=AXIS2_PLACEMENT_3D('',#2552,#2553,#2554);
#2552=CARTESIAN_POINT('',(-131.399255379143,30.,47.));
#2553=DIRECTION('',(-1.,0.,0.));
#2554=DIRECTION('',(0.,1.,0.));
#2555=CARTESIAN_POINT('',(-131.399255379143,30.,42.));
#2556=VECTOR('',#2557,1.);
#2557=DIRECTION('',(0.,-1.,0.));
#2558=CARTESIAN_POINT('',(-121.399255379143,54.3000000000016,34.));
#2559=CARTESIAN_POINT('',(-121.399255379143,54.3000000000016,34.));
#2560=VECTOR('',#2561,1.);
#2561=DIRECTION('',(0.,0.,1.));
#2562=AXIS2_PLACEMENT_3D('',#2563,#2564,#2565);
#2563=CARTESIAN_POINT('',(-121.399255379143,44.3000000000016,34.));
#2564=DIRECTION('',(0.,0.,1.));
#2565=DIRECTION('',(0.,1.,0.));
#2566=CARTESIAN_POINT('',(36.2534223685651,54.3000000000016,34.));
#2567=VECTOR('',#2568,1.);
#2568=DIRECTION('',(-1.,1.3521040287635E-16,0.));
#2569=CARTESIAN_POINT('',(-131.399255379143,-30.,42.));
#2570=VECTOR('',#2571,1.);
#2571=DIRECTION('',(-1.,0.,0.));
#2572=CARTESIAN_POINT('',(-131.399255379143,-35.,47.));
#2573=VECTOR('',#2574,1.);
#2574=DIRECTION('',(-1.,0.,0.));
#2575=CARTESIAN_POINT('',(-131.399255379143,30.,42.));
#2576=VECTOR('',#2577,1.);
#2577=DIRECTION('',(-1.,0.,0.));
#2578=CARTESIAN_POINT('',(-131.399255379143,35.,47.));
#2579=VECTOR('',#2580,1.);
#2580=DIRECTION('',(-1.,0.,0.));
#2581=CARTESIAN_POINT('',(-131.399255379143,35.,66.));
#2582=VECTOR('',#2583,1.);
#2583=DIRECTION('',(-1.,0.,0.));
#2584=CARTESIAN_POINT('',(-131.399255379143,30.,71.));
#2585=VECTOR('',#2586,1.);
#2586=DIRECTION('',(-1.,0.,0.));
#2587=CARTESIAN_POINT('',(-131.399255379143,-30.,71.));
#2588=VECTOR('',#2589,1.);
#2589=DIRECTION('',(-1.,0.,0.));
#2590=CARTESIAN_POINT('',(-131.399255379143,-35.,66.));
#2591=VECTOR('',#2592,1.);
#2592=DIRECTION('',(-1.,0.,0.));
#2593=CARTESIAN_POINT('',(-18.6135740120594,-54.3000000000016,64.));
#2594=VECTOR('',#2595,1.);
#2595=DIRECTION('',(0.,-1.,0.));
#2596=CARTESIAN_POINT('',(-23.6135740120594,-54.3000000000016,59.));
#2597=VECTOR('',#2598,1.);
#2598=DIRECTION('',(0.,-1.,0.));
#2599=CARTESIAN_POINT('',(-3.61357401205938,-54.3000000000016,64.));
#2600=VECTOR('',#2601,1.);
#2601=DIRECTION('',(0.,-1.,0.));
#2602=CARTESIAN_POINT('',(1.38642598794063,-54.3000000000016,59.));
#2603=VECTOR('',#2604,1.);
#2604=DIRECTION('',(-1.66533453687035E-16,-1.,0.));
#2605=CARTESIAN_POINT('',(1.38642598794063,-54.3000000000016,42.));
#2606=VECTOR('',#2607,1.);
#2607=DIRECTION('',(-1.66533453687035E-16,-1.,0.));
#2608=CARTESIAN_POINT('',(-3.61357401205938,-54.3000000000016,37.));
#2609=VECTOR('',#2610,1.);
#2610=DIRECTION('',(0.,-1.,0.));
#2611=CARTESIAN_POINT('',(-18.6135740120594,-54.3000000000016,37.));
#2612=VECTOR('',#2613,1.);
#2613=DIRECTION('',(0.,-1.,0.));
#2614=CARTESIAN_POINT('',(-23.6135740120594,-54.3000000000016,42.));
#2615=VECTOR('',#2616,1.);
#2616=DIRECTION('',(0.,-1.,0.));
#2617=CARTESIAN_POINT('',(64.7707446208568,16.5398217527699,53.0502525316941));
#2618=VECTOR('',#2619,1.);
#2619=DIRECTION('',(1.,0.,0.));
#2620=CARTESIAN_POINT('',(64.7707446208568,18.53982175277,55.0502525316941));
#2621=VECTOR('',#2622,1.);
#2622=DIRECTION('',(1.,0.,0.));
#2623=CARTESIAN_POINT('',(64.7707446208568,15.5398217527699,53.0502525316941));
#2624=VECTOR('',#2625,1.);
#2625=DIRECTION('',(1.,0.,0.));
#2626=CARTESIAN_POINT('',(64.7707446208568,13.53982175277,55.0502525316941));
#2627=VECTOR('',#2628,1.);
#2628=DIRECTION('',(1.,0.,0.));
#2629=CARTESIAN_POINT('',(64.7707446208568,13.53982175277,62.0502525316942));
#2630=VECTOR('',#2631,1.);
#2631=DIRECTION('',(1.,0.,0.));
#2632=CARTESIAN_POINT('',(64.7707446208568,15.5398217527702,64.0502525316942));
#2633=VECTOR('',#2634,1.);
#2634=DIRECTION('',(1.,0.,0.));
#2635=CARTESIAN_POINT('',(64.7707446208568,16.5398217527702,64.0502525316941));
#2636=VECTOR('',#2637,1.);
#2637=DIRECTION('',(1.,0.,0.));
#2638=CARTESIAN_POINT('',(64.7707446208568,18.53982175277,62.0502525316941));
#2639=VECTOR('',#2640,1.);
#2640=DIRECTION('',(1.,0.,0.));
#2641=CARTESIAN_POINT('',(64.7707446208568,-15.5398217527688,53.0502525316941));
#2642=VECTOR('',#2643,1.);
#2643=DIRECTION('',(1.,0.,0.));
#2644=CARTESIAN_POINT('',(64.7707446208568,-13.5398217527689,55.0502525316941));
#2645=VECTOR('',#2646,1.);
#2646=DIRECTION('',(1.,0.,0.));
#2647=CARTESIAN_POINT('',(64.7707446208568,-16.5398217527688,53.0502525316941));
#2648=VECTOR('',#2649,1.);
#2649=DIRECTION('',(1.,0.,0.));
#2650=CARTESIAN_POINT('',(64.7707446208568,-18.5398217527689,55.0502525316941));
#2651=VECTOR('',#2652,1.);
#2652=DIRECTION('',(1.,0.,0.));
#2653=CARTESIAN_POINT('',(64.7707446208568,-18.5398217527689,62.0502525316941));
#2654=VECTOR('',#2655,1.);
#2655=DIRECTION('',(1.,0.,0.));
#2656=CARTESIAN_POINT('',(64.7707446208568,-16.5398217527691,64.0502525316941));
#2657=VECTOR('',#2658,1.);
#2658=DIRECTION('',(1.,0.,0.));
#2659=CARTESIAN_POINT('',(64.7707446208568,-15.5398217527691,64.0502525316942));
#2660=VECTOR('',#2661,1.);
#2661=DIRECTION('',(1.,0.,0.));
#2662=CARTESIAN_POINT('',(64.7707446208568,-13.5398217527689,62.0502525316942));
#2663=VECTOR('',#2664,1.);
#2664=DIRECTION('',(1.,0.,0.));
ENDSEC;
END-ISO-10303-21;
