ISO-10303-21;
HEADER;
FILE_DESCRIPTION(('STEP AP203'),
    '1');
FILE_NAME('Центр колеса',
    '',
    ('UNSPECIFIED'),
    ('UNSPECIFIED'),
    'C3D Converter',
    'C3D Toolkit',
    '');
FILE_SCHEMA(('CONFIG_CONTROL_DESIGN'));
ENDSEC;

DATA;
#1=PRODUCT_DEFINITION('','UNSPECIFIED',#59,#62);
#2=SHAPE_DEFINITION_REPRESENTATION(#57,#3);
#3=SHAPE_REPRESENTATION('NONE',(#4),#8);
#4=AXIS2_PLACEMENT_3D('',#5,#6,#7);
#5=CARTESIAN_POINT('',(0.,0.,0.));
#6=DIRECTION('',(0.,0.,1.));
#7=DIRECTION('',(1.,0.,0.));
#8=(GEOMETRIC_REPRESENTATION_CONTEXT(3)GLOBAL_UNCERTAINTY_ASSIGNED_CONTEXT((#10))
GLOBAL_UNIT_ASSIGNED_CONTEXT((#9,#11,#12))REPRESENTATION_CONTEXT('NONE','NONE'));
#9=(LENGTH_UNIT()NAMED_UNIT(*)SI_UNIT(.MILLI.,.METRE.));
#10=UNCERTAINTY_MEASURE_WITH_UNIT(LENGTH_MEASURE(1.E-5),#9,'NONE','NONE');
#11=(NAMED_UNIT(*)PLANE_ANGLE_UNIT()SI_UNIT($,.RADIAN.));
#12=(NAMED_UNIT(*)SI_UNIT($,.STERADIAN.)SOLID_ANGLE_UNIT());
#13=MANIFOLD_SOLID_BREP('',#14);
#14=CLOSED_SHELL('',(#84,#93,#102,#111,#120,#129,#138,#147,#156,#165,#174,#183,#192,
#201,#210,#219,#228,#237,#246,#255,#264,#273,#282,#291,#300,#309,#318,#327,#336,
#345,#354,#363,#372,#381,#390,#399,#408,#417,#426,#435,#444,#453,#462));
#15=COLOUR_RGB('',1.,0.,0.);
#16=FILL_AREA_STYLE_COLOUR('',#15);
#17=FILL_AREA_STYLE($,(#16));
#18=SURFACE_STYLE_FILL_AREA(#17);
#19=SURFACE_SIDE_STYLE('',(#18));
#20=SURFACE_STYLE_USAGE(.BOTH.,#19);
#21=PRESENTATION_STYLE_ASSIGNMENT((#20));
#22=MECHANICAL_DESIGN_GEOMETRIC_PRESENTATION_REPRESENTATION('NONE',(#23,#34,#44,
#54,#92,#101,#110,#119,#128,#137,#146,#155,#164,#173,#182,#191,#200,#209,#218,#227,
#236,#245,#254,#263,#272,#281,#290,#299,#308,#317,#326,#335,#344,#353,#362,#371,
#380,#389,#398,#407,#416,#425,#434,#443,#452,#461,#470,#479,#488,#497,#506,#515,
#524,#533,#542,#551,#560,#569,#578,#587,#596,#605,#614,#623,#632,#641,#650,#659,
#668,#677,#686,#695,#704,#713,#722,#731,#740,#749,#758,#767,#776,#785,#794,#803,
#812,#821,#830,#839,#848,#857,#866,#875),#8);
#23=STYLED_ITEM('',(#21),#13);
#24=INVISIBILITY((#23,#34));
#25=MANIFOLD_SOLID_BREP('',#26);
#26=CLOSED_SHELL('',(#471,#480,#489,#498,#507,#516,#525,#534,#543,#552,#561,#570,
#579,#588,#597,#606,#615,#624,#633,#642,#651,#660,#669,#678,#687,#696,#705,#714,
#723,#732,#741,#750,#759,#768,#777,#786,#795,#804,#813,#822,#831,#840,#849,#858,
#867));
#27=COLOUR_RGB('',1.,0.,0.);
#28=FILL_AREA_STYLE_COLOUR('',#27);
#29=FILL_AREA_STYLE($,(#28));
#30=SURFACE_STYLE_FILL_AREA(#29);
#31=SURFACE_SIDE_STYLE('',(#30));
#32=SURFACE_STYLE_USAGE(.BOTH.,#31);
#33=PRESENTATION_STYLE_ASSIGNMENT((#32));
#34=STYLED_ITEM('',(#33),#25);
#35=MANIFOLD_SOLID_BREP('',#36);
#36=CLOSED_SHELL('',(#876,#877,#878,#879,#880,#881,#882,#883,#884,#885,#886,#887,
#888,#889,#890,#891,#892,#893,#894,#895,#896,#897,#898,#899,#900,#901));
#37=COLOUR_RGB('',1.,0.,0.);
#38=FILL_AREA_STYLE_COLOUR('',#37);
#39=FILL_AREA_STYLE($,(#38));
#40=SURFACE_STYLE_FILL_AREA(#39);
#41=SURFACE_SIDE_STYLE('',(#40));
#42=SURFACE_STYLE_USAGE(.BOTH.,#41);
#43=PRESENTATION_STYLE_ASSIGNMENT((#42));
#44=STYLED_ITEM('',(#43),#35);
#45=MANIFOLD_SOLID_BREP('',#46);
#46=CLOSED_SHELL('',(#902,#903,#904,#905,#906,#907));
#47=COLOUR_RGB('',0.4,0.8,0.);
#48=FILL_AREA_STYLE_COLOUR('',#47);
#49=FILL_AREA_STYLE($,(#48));
#50=SURFACE_STYLE_FILL_AREA(#49);
#51=SURFACE_SIDE_STYLE('',(#50));
#52=SURFACE_STYLE_USAGE(.BOTH.,#51);
#53=PRESENTATION_STYLE_ASSIGNMENT((#52));
#54=STYLED_ITEM('',(#53),#45);
#55=ADVANCED_BREP_SHAPE_REPRESENTATION('NONE',(#13,#25,#35,#45),#8);
#56=SHAPE_REPRESENTATION_RELATIONSHIP('','',#3,#55);
#57=PRODUCT_DEFINITION_SHAPE('NONE','NONE',#1);
#58=MECHANICAL_CONTEXT('NONE',#63,'mechanical');
#59=PRODUCT_DEFINITION_FORMATION_WITH_SPECIFIED_SOURCE('ANY','UNSPECIFIED',#60,.NOT_KNOWN.);
#60=PRODUCT('-05','\X2\0424043E0440043C0430\X0\_\X2\04260435043D04420440\X0\','NONE',
(#58));
#61=PRODUCT_RELATED_PRODUCT_CATEGORY('detail','',(#60));
#62=DESIGN_CONTEXT('detailed design',#63,'design');
#63=APPLICATION_CONTEXT('configuration controlled 3d designs of mechanical parts and assemblies');
#64=APPLICATION_PROTOCOL_DEFINITION('international standard','config_control_design',
1994,#63);
#65=CC_DESIGN_DATE_AND_TIME_ASSIGNMENT(#66,#70,(#1));
#66=DATE_AND_TIME(#67,#68);
#67=CALENDAR_DATE(0,1,1);
#68=LOCAL_TIME(0,0,0.,#69);
#69=COORDINATED_UNIVERSAL_TIME_OFFSET(0,0,.AHEAD.);
#70=DATE_TIME_ROLE('creation_date');
#71=CC_DESIGN_APPROVAL(#72,(#1));
#72=APPROVAL(#73,'UNSPECIFIED');
#73=APPROVAL_STATUS('not_yet_approved');
#74=APPROVAL_DATE_TIME(#75,#72);
#75=DATE_AND_TIME(#76,#77);
#76=CALENDAR_DATE(0,1,1);
#77=LOCAL_TIME(0,0,0.,#78);
#78=COORDINATED_UNIVERSAL_TIME_OFFSET(0,0,.AHEAD.);
#79=PERSON('UNSPECIFIED','User','UNSPECIFIED',('UNSPECIFIED'),('UNSPECIFIED'),('UNSPECIFIED'));
#80=ORGANIZATION('UNSPECIFIED','UNSPECIFIED','UNSPECIFIED');
#81=PERSON_AND_ORGANIZATION(#79,#80);
#82=PERSON_AND_ORGANIZATION_ROLE('creator');
#83=CC_DESIGN_PERSON_AND_ORGANIZATION_ASSIGNMENT(#81,#82,(#59,#1));
#84=ADVANCED_FACE('',(#908,#910),#912,.F.);
#85=COLOUR_RGB('',0.,0.4,0.8);
#86=FILL_AREA_STYLE_COLOUR('',#85);
#87=FILL_AREA_STYLE($,(#86));
#88=SURFACE_STYLE_FILL_AREA(#87);
#89=SURFACE_SIDE_STYLE('',(#88));
#90=SURFACE_STYLE_USAGE(.BOTH.,#89);
#91=PRESENTATION_STYLE_ASSIGNMENT((#90));
#92=STYLED_ITEM('',(#91),#84);
#93=ADVANCED_FACE('',(#917,#919),#921,.T.);
#94=COLOUR_RGB('',0.,0.4,0.8);
#95=FILL_AREA_STYLE_COLOUR('',#94);
#96=FILL_AREA_STYLE($,(#95));
#97=SURFACE_STYLE_FILL_AREA(#96);
#98=SURFACE_SIDE_STYLE('',(#97));
#99=SURFACE_STYLE_USAGE(.BOTH.,#98);
#100=PRESENTATION_STYLE_ASSIGNMENT((#99));
#101=STYLED_ITEM('',(#100),#93);
#102=ADVANCED_FACE('',(#926),#928,.F.);
#103=COLOUR_RGB('',0.,0.4,0.8);
#104=FILL_AREA_STYLE_COLOUR('',#103);
#105=FILL_AREA_STYLE($,(#104));
#106=SURFACE_STYLE_FILL_AREA(#105);
#107=SURFACE_SIDE_STYLE('',(#106));
#108=SURFACE_STYLE_USAGE(.BOTH.,#107);
#109=PRESENTATION_STYLE_ASSIGNMENT((#108));
#110=STYLED_ITEM('',(#109),#102);
#111=ADVANCED_FACE('',(#933),#935,.F.);
#112=COLOUR_RGB('',0.,0.4,0.8);
#113=FILL_AREA_STYLE_COLOUR('',#112);
#114=FILL_AREA_STYLE($,(#113));
#115=SURFACE_STYLE_FILL_AREA(#114);
#116=SURFACE_SIDE_STYLE('',(#115));
#117=SURFACE_STYLE_USAGE(.BOTH.,#116);
#118=PRESENTATION_STYLE_ASSIGNMENT((#117));
#119=STYLED_ITEM('',(#118),#111);
#120=ADVANCED_FACE('',(#940,#942),#944,.T.);
#121=COLOUR_RGB('',0.,0.4,0.8);
#122=FILL_AREA_STYLE_COLOUR('',#121);
#123=FILL_AREA_STYLE($,(#122));
#124=SURFACE_STYLE_FILL_AREA(#123);
#125=SURFACE_SIDE_STYLE('',(#124));
#126=SURFACE_STYLE_USAGE(.BOTH.,#125);
#127=PRESENTATION_STYLE_ASSIGNMENT((#126));
#128=STYLED_ITEM('',(#127),#120);
#129=ADVANCED_FACE('',(#949,#951),#953,.F.);
#130=COLOUR_RGB('',0.,0.4,0.8);
#131=FILL_AREA_STYLE_COLOUR('',#130);
#132=FILL_AREA_STYLE($,(#131));
#133=SURFACE_STYLE_FILL_AREA(#132);
#134=SURFACE_SIDE_STYLE('',(#133));
#135=SURFACE_STYLE_USAGE(.BOTH.,#134);
#136=PRESENTATION_STYLE_ASSIGNMENT((#135));
#137=STYLED_ITEM('',(#136),#129);
#138=ADVANCED_FACE('',(#958),#960,.F.);
#139=COLOUR_RGB('',0.,0.4,0.8);
#140=FILL_AREA_STYLE_COLOUR('',#139);
#141=FILL_AREA_STYLE($,(#140));
#142=SURFACE_STYLE_FILL_AREA(#141);
#143=SURFACE_SIDE_STYLE('',(#142));
#144=SURFACE_STYLE_USAGE(.BOTH.,#143);
#145=PRESENTATION_STYLE_ASSIGNMENT((#144));
#146=STYLED_ITEM('',(#145),#138);
#147=ADVANCED_FACE('',(#965),#967,.F.);
#148=COLOUR_RGB('',0.,0.4,0.8);
#149=FILL_AREA_STYLE_COLOUR('',#148);
#150=FILL_AREA_STYLE($,(#149));
#151=SURFACE_STYLE_FILL_AREA(#150);
#152=SURFACE_SIDE_STYLE('',(#151));
#153=SURFACE_STYLE_USAGE(.BOTH.,#152);
#154=PRESENTATION_STYLE_ASSIGNMENT((#153));
#155=STYLED_ITEM('',(#154),#147);
#156=ADVANCED_FACE('',(#972,#974),#976,.T.);
#157=COLOUR_RGB('',0.,0.4,0.8);
#158=FILL_AREA_STYLE_COLOUR('',#157);
#159=FILL_AREA_STYLE($,(#158));
#160=SURFACE_STYLE_FILL_AREA(#159);
#161=SURFACE_SIDE_STYLE('',(#160));
#162=SURFACE_STYLE_USAGE(.BOTH.,#161);
#163=PRESENTATION_STYLE_ASSIGNMENT((#162));
#164=STYLED_ITEM('',(#163),#156);
#165=ADVANCED_FACE('',(#981,#983),#985,.F.);
#166=COLOUR_RGB('',0.,0.4,0.8);
#167=FILL_AREA_STYLE_COLOUR('',#166);
#168=FILL_AREA_STYLE($,(#167));
#169=SURFACE_STYLE_FILL_AREA(#168);
#170=SURFACE_SIDE_STYLE('',(#169));
#171=SURFACE_STYLE_USAGE(.BOTH.,#170);
#172=PRESENTATION_STYLE_ASSIGNMENT((#171));
#173=STYLED_ITEM('',(#172),#165);
#174=ADVANCED_FACE('',(#990),#992,.F.);
#175=COLOUR_RGB('',0.,0.4,0.8);
#176=FILL_AREA_STYLE_COLOUR('',#175);
#177=FILL_AREA_STYLE($,(#176));
#178=SURFACE_STYLE_FILL_AREA(#177);
#179=SURFACE_SIDE_STYLE('',(#178));
#180=SURFACE_STYLE_USAGE(.BOTH.,#179);
#181=PRESENTATION_STYLE_ASSIGNMENT((#180));
#182=STYLED_ITEM('',(#181),#174);
#183=ADVANCED_FACE('',(#997),#999,.F.);
#184=COLOUR_RGB('',0.,0.4,0.8);
#185=FILL_AREA_STYLE_COLOUR('',#184);
#186=FILL_AREA_STYLE($,(#185));
#187=SURFACE_STYLE_FILL_AREA(#186);
#188=SURFACE_SIDE_STYLE('',(#187));
#189=SURFACE_STYLE_USAGE(.BOTH.,#188);
#190=PRESENTATION_STYLE_ASSIGNMENT((#189));
#191=STYLED_ITEM('',(#190),#183);
#192=ADVANCED_FACE('',(#1004,#1006),#1008,.T.);
#193=COLOUR_RGB('',0.,0.4,0.8);
#194=FILL_AREA_STYLE_COLOUR('',#193);
#195=FILL_AREA_STYLE($,(#194));
#196=SURFACE_STYLE_FILL_AREA(#195);
#197=SURFACE_SIDE_STYLE('',(#196));
#198=SURFACE_STYLE_USAGE(.BOTH.,#197);
#199=PRESENTATION_STYLE_ASSIGNMENT((#198));
#200=STYLED_ITEM('',(#199),#192);
#201=ADVANCED_FACE('',(#1013,#1015),#1017,.F.);
#202=COLOUR_RGB('',0.,0.4,0.8);
#203=FILL_AREA_STYLE_COLOUR('',#202);
#204=FILL_AREA_STYLE($,(#203));
#205=SURFACE_STYLE_FILL_AREA(#204);
#206=SURFACE_SIDE_STYLE('',(#205));
#207=SURFACE_STYLE_USAGE(.BOTH.,#206);
#208=PRESENTATION_STYLE_ASSIGNMENT((#207));
#209=STYLED_ITEM('',(#208),#201);
#210=ADVANCED_FACE('',(#1022),#1024,.F.);
#211=COLOUR_RGB('',0.,0.4,0.8);
#212=FILL_AREA_STYLE_COLOUR('',#211);
#213=FILL_AREA_STYLE($,(#212));
#214=SURFACE_STYLE_FILL_AREA(#213);
#215=SURFACE_SIDE_STYLE('',(#214));
#216=SURFACE_STYLE_USAGE(.BOTH.,#215);
#217=PRESENTATION_STYLE_ASSIGNMENT((#216));
#218=STYLED_ITEM('',(#217),#210);
#219=ADVANCED_FACE('',(#1029),#1031,.F.);
#220=COLOUR_RGB('',0.,0.4,0.8);
#221=FILL_AREA_STYLE_COLOUR('',#220);
#222=FILL_AREA_STYLE($,(#221));
#223=SURFACE_STYLE_FILL_AREA(#222);
#224=SURFACE_SIDE_STYLE('',(#223));
#225=SURFACE_STYLE_USAGE(.BOTH.,#224);
#226=PRESENTATION_STYLE_ASSIGNMENT((#225));
#227=STYLED_ITEM('',(#226),#219);
#228=ADVANCED_FACE('',(#1036,#1038),#1040,.T.);
#229=COLOUR_RGB('',0.,0.4,0.8);
#230=FILL_AREA_STYLE_COLOUR('',#229);
#231=FILL_AREA_STYLE($,(#230));
#232=SURFACE_STYLE_FILL_AREA(#231);
#233=SURFACE_SIDE_STYLE('',(#232));
#234=SURFACE_STYLE_USAGE(.BOTH.,#233);
#235=PRESENTATION_STYLE_ASSIGNMENT((#234));
#236=STYLED_ITEM('',(#235),#228);
#237=ADVANCED_FACE('',(#1045,#1047),#1049,.F.);
#238=COLOUR_RGB('',0.,0.4,0.8);
#239=FILL_AREA_STYLE_COLOUR('',#238);
#240=FILL_AREA_STYLE($,(#239));
#241=SURFACE_STYLE_FILL_AREA(#240);
#242=SURFACE_SIDE_STYLE('',(#241));
#243=SURFACE_STYLE_USAGE(.BOTH.,#242);
#244=PRESENTATION_STYLE_ASSIGNMENT((#243));
#245=STYLED_ITEM('',(#244),#237);
#246=ADVANCED_FACE('',(#1054),#1056,.F.);
#247=COLOUR_RGB('',0.,0.4,0.8);
#248=FILL_AREA_STYLE_COLOUR('',#247);
#249=FILL_AREA_STYLE($,(#248));
#250=SURFACE_STYLE_FILL_AREA(#249);
#251=SURFACE_SIDE_STYLE('',(#250));
#252=SURFACE_STYLE_USAGE(.BOTH.,#251);
#253=PRESENTATION_STYLE_ASSIGNMENT((#252));
#254=STYLED_ITEM('',(#253),#246);
#255=ADVANCED_FACE('',(#1061),#1063,.F.);
#256=COLOUR_RGB('',0.,0.4,0.8);
#257=FILL_AREA_STYLE_COLOUR('',#256);
#258=FILL_AREA_STYLE($,(#257));
#259=SURFACE_STYLE_FILL_AREA(#258);
#260=SURFACE_SIDE_STYLE('',(#259));
#261=SURFACE_STYLE_USAGE(.BOTH.,#260);
#262=PRESENTATION_STYLE_ASSIGNMENT((#261));
#263=STYLED_ITEM('',(#262),#255);
#264=ADVANCED_FACE('',(#1068,#1070),#1072,.T.);
#265=COLOUR_RGB('',0.,0.4,0.8);
#266=FILL_AREA_STYLE_COLOUR('',#265);
#267=FILL_AREA_STYLE($,(#266));
#268=SURFACE_STYLE_FILL_AREA(#267);
#269=SURFACE_SIDE_STYLE('',(#268));
#270=SURFACE_STYLE_USAGE(.BOTH.,#269);
#271=PRESENTATION_STYLE_ASSIGNMENT((#270));
#272=STYLED_ITEM('',(#271),#264);
#273=ADVANCED_FACE('',(#1077,#1079),#1081,.F.);
#274=COLOUR_RGB('',0.,0.4,0.8);
#275=FILL_AREA_STYLE_COLOUR('',#274);
#276=FILL_AREA_STYLE($,(#275));
#277=SURFACE_STYLE_FILL_AREA(#276);
#278=SURFACE_SIDE_STYLE('',(#277));
#279=SURFACE_STYLE_USAGE(.BOTH.,#278);
#280=PRESENTATION_STYLE_ASSIGNMENT((#279));
#281=STYLED_ITEM('',(#280),#273);
#282=ADVANCED_FACE('',(#1086,#1088),#1090,.F.);
#283=COLOUR_RGB('',0.,0.4,0.8);
#284=FILL_AREA_STYLE_COLOUR('',#283);
#285=FILL_AREA_STYLE($,(#284));
#286=SURFACE_STYLE_FILL_AREA(#285);
#287=SURFACE_SIDE_STYLE('',(#286));
#288=SURFACE_STYLE_USAGE(.BOTH.,#287);
#289=PRESENTATION_STYLE_ASSIGNMENT((#288));
#290=STYLED_ITEM('',(#289),#282);
#291=ADVANCED_FACE('',(#1095,#1097),#1099,.T.);
#292=COLOUR_RGB('',0.,0.4,0.8);
#293=FILL_AREA_STYLE_COLOUR('',#292);
#294=FILL_AREA_STYLE($,(#293));
#295=SURFACE_STYLE_FILL_AREA(#294);
#296=SURFACE_SIDE_STYLE('',(#295));
#297=SURFACE_STYLE_USAGE(.BOTH.,#296);
#298=PRESENTATION_STYLE_ASSIGNMENT((#297));
#299=STYLED_ITEM('',(#298),#291);
#300=ADVANCED_FACE('',(#1104),#1106,.F.);
#301=COLOUR_RGB('',0.,0.4,0.8);
#302=FILL_AREA_STYLE_COLOUR('',#301);
#303=FILL_AREA_STYLE($,(#302));
#304=SURFACE_STYLE_FILL_AREA(#303);
#305=SURFACE_SIDE_STYLE('',(#304));
#306=SURFACE_STYLE_USAGE(.BOTH.,#305);
#307=PRESENTATION_STYLE_ASSIGNMENT((#306));
#308=STYLED_ITEM('',(#307),#300);
#309=ADVANCED_FACE('',(#1111,#1113),#1115,.T.);
#310=COLOUR_RGB('',0.,0.4,0.8);
#311=FILL_AREA_STYLE_COLOUR('',#310);
#312=FILL_AREA_STYLE($,(#311));
#313=SURFACE_STYLE_FILL_AREA(#312);
#314=SURFACE_SIDE_STYLE('',(#313));
#315=SURFACE_STYLE_USAGE(.BOTH.,#314);
#316=PRESENTATION_STYLE_ASSIGNMENT((#315));
#317=STYLED_ITEM('',(#316),#309);
#318=ADVANCED_FACE('',(#1120,#1122),#1124,.T.);
#319=COLOUR_RGB('',0.,0.4,0.8);
#320=FILL_AREA_STYLE_COLOUR('',#319);
#321=FILL_AREA_STYLE($,(#320));
#322=SURFACE_STYLE_FILL_AREA(#321);
#323=SURFACE_SIDE_STYLE('',(#322));
#324=SURFACE_STYLE_USAGE(.BOTH.,#323);
#325=PRESENTATION_STYLE_ASSIGNMENT((#324));
#326=STYLED_ITEM('',(#325),#318);
#327=ADVANCED_FACE('',(#1129),#1131,.F.);
#328=COLOUR_RGB('',0.,0.4,0.8);
#329=FILL_AREA_STYLE_COLOUR('',#328);
#330=FILL_AREA_STYLE($,(#329));
#331=SURFACE_STYLE_FILL_AREA(#330);
#332=SURFACE_SIDE_STYLE('',(#331));
#333=SURFACE_STYLE_USAGE(.BOTH.,#332);
#334=PRESENTATION_STYLE_ASSIGNMENT((#333));
#335=STYLED_ITEM('',(#334),#327);
#336=ADVANCED_FACE('',(#1136),#1138,.T.);
#337=COLOUR_RGB('',0.,0.4,0.8);
#338=FILL_AREA_STYLE_COLOUR('',#337);
#339=FILL_AREA_STYLE($,(#338));
#340=SURFACE_STYLE_FILL_AREA(#339);
#341=SURFACE_SIDE_STYLE('',(#340));
#342=SURFACE_STYLE_USAGE(.BOTH.,#341);
#343=PRESENTATION_STYLE_ASSIGNMENT((#342));
#344=STYLED_ITEM('',(#343),#336);
#345=ADVANCED_FACE('',(#1143,#1145),#1147,.F.);
#346=COLOUR_RGB('',0.,0.4,0.8);
#347=FILL_AREA_STYLE_COLOUR('',#346);
#348=FILL_AREA_STYLE($,(#347));
#349=SURFACE_STYLE_FILL_AREA(#348);
#350=SURFACE_SIDE_STYLE('',(#349));
#351=SURFACE_STYLE_USAGE(.BOTH.,#350);
#352=PRESENTATION_STYLE_ASSIGNMENT((#351));
#353=STYLED_ITEM('',(#352),#345);
#354=ADVANCED_FACE('',(#1152),#1154,.T.);
#355=COLOUR_RGB('',0.,0.4,0.8);
#356=FILL_AREA_STYLE_COLOUR('',#355);
#357=FILL_AREA_STYLE($,(#356));
#358=SURFACE_STYLE_FILL_AREA(#357);
#359=SURFACE_SIDE_STYLE('',(#358));
#360=SURFACE_STYLE_USAGE(.BOTH.,#359);
#361=PRESENTATION_STYLE_ASSIGNMENT((#360));
#362=STYLED_ITEM('',(#361),#354);
#363=ADVANCED_FACE('',(#1159,#1161),#1163,.F.);
#364=COLOUR_RGB('',0.,0.4,0.8);
#365=FILL_AREA_STYLE_COLOUR('',#364);
#366=FILL_AREA_STYLE($,(#365));
#367=SURFACE_STYLE_FILL_AREA(#366);
#368=SURFACE_SIDE_STYLE('',(#367));
#369=SURFACE_STYLE_USAGE(.BOTH.,#368);
#370=PRESENTATION_STYLE_ASSIGNMENT((#369));
#371=STYLED_ITEM('',(#370),#363);
#372=ADVANCED_FACE('',(#1168),#1170,.T.);
#373=COLOUR_RGB('',0.,0.4,0.8);
#374=FILL_AREA_STYLE_COLOUR('',#373);
#375=FILL_AREA_STYLE($,(#374));
#376=SURFACE_STYLE_FILL_AREA(#375);
#377=SURFACE_SIDE_STYLE('',(#376));
#378=SURFACE_STYLE_USAGE(.BOTH.,#377);
#379=PRESENTATION_STYLE_ASSIGNMENT((#378));
#380=STYLED_ITEM('',(#379),#372);
#381=ADVANCED_FACE('',(#1175,#1177),#1179,.F.);
#382=COLOUR_RGB('',0.,0.4,0.8);
#383=FILL_AREA_STYLE_COLOUR('',#382);
#384=FILL_AREA_STYLE($,(#383));
#385=SURFACE_STYLE_FILL_AREA(#384);
#386=SURFACE_SIDE_STYLE('',(#385));
#387=SURFACE_STYLE_USAGE(.BOTH.,#386);
#388=PRESENTATION_STYLE_ASSIGNMENT((#387));
#389=STYLED_ITEM('',(#388),#381);
#390=ADVANCED_FACE('',(#1184),#1186,.T.);
#391=COLOUR_RGB('',0.,0.4,0.8);
#392=FILL_AREA_STYLE_COLOUR('',#391);
#393=FILL_AREA_STYLE($,(#392));
#394=SURFACE_STYLE_FILL_AREA(#393);
#395=SURFACE_SIDE_STYLE('',(#394));
#396=SURFACE_STYLE_USAGE(.BOTH.,#395);
#397=PRESENTATION_STYLE_ASSIGNMENT((#396));
#398=STYLED_ITEM('',(#397),#390);
#399=ADVANCED_FACE('',(#1191,#1193),#1195,.F.);
#400=COLOUR_RGB('',0.,0.4,0.8);
#401=FILL_AREA_STYLE_COLOUR('',#400);
#402=FILL_AREA_STYLE($,(#401));
#403=SURFACE_STYLE_FILL_AREA(#402);
#404=SURFACE_SIDE_STYLE('',(#403));
#405=SURFACE_STYLE_USAGE(.BOTH.,#404);
#406=PRESENTATION_STYLE_ASSIGNMENT((#405));
#407=STYLED_ITEM('',(#406),#399);
#408=ADVANCED_FACE('',(#1200),#1202,.T.);
#409=COLOUR_RGB('',0.,0.4,0.8);
#410=FILL_AREA_STYLE_COLOUR('',#409);
#411=FILL_AREA_STYLE($,(#410));
#412=SURFACE_STYLE_FILL_AREA(#411);
#413=SURFACE_SIDE_STYLE('',(#412));
#414=SURFACE_STYLE_USAGE(.BOTH.,#413);
#415=PRESENTATION_STYLE_ASSIGNMENT((#414));
#416=STYLED_ITEM('',(#415),#408);
#417=ADVANCED_FACE('',(#1207,#1209),#1211,.F.);
#418=COLOUR_RGB('',0.,0.4,0.8);
#419=FILL_AREA_STYLE_COLOUR('',#418);
#420=FILL_AREA_STYLE($,(#419));
#421=SURFACE_STYLE_FILL_AREA(#420);
#422=SURFACE_SIDE_STYLE('',(#421));
#423=SURFACE_STYLE_USAGE(.BOTH.,#422);
#424=PRESENTATION_STYLE_ASSIGNMENT((#423));
#425=STYLED_ITEM('',(#424),#417);
#426=ADVANCED_FACE('',(#1216),#1218,.T.);
#427=COLOUR_RGB('',0.,0.4,0.8);
#428=FILL_AREA_STYLE_COLOUR('',#427);
#429=FILL_AREA_STYLE($,(#428));
#430=SURFACE_STYLE_FILL_AREA(#429);
#431=SURFACE_SIDE_STYLE('',(#430));
#432=SURFACE_STYLE_USAGE(.BOTH.,#431);
#433=PRESENTATION_STYLE_ASSIGNMENT((#432));
#434=STYLED_ITEM('',(#433),#426);
#435=ADVANCED_FACE('',(#1223,#1225),#1227,.F.);
#436=COLOUR_RGB('',0.,0.4,0.8);
#437=FILL_AREA_STYLE_COLOUR('',#436);
#438=FILL_AREA_STYLE($,(#437));
#439=SURFACE_STYLE_FILL_AREA(#438);
#440=SURFACE_SIDE_STYLE('',(#439));
#441=SURFACE_STYLE_USAGE(.BOTH.,#440);
#442=PRESENTATION_STYLE_ASSIGNMENT((#441));
#443=STYLED_ITEM('',(#442),#435);
#444=ADVANCED_FACE('',(#1232,#1234),#1236,.F.);
#445=COLOUR_RGB('',0.,0.4,0.8);
#446=FILL_AREA_STYLE_COLOUR('',#445);
#447=FILL_AREA_STYLE($,(#446));
#448=SURFACE_STYLE_FILL_AREA(#447);
#449=SURFACE_SIDE_STYLE('',(#448));
#450=SURFACE_STYLE_USAGE(.BOTH.,#449);
#451=PRESENTATION_STYLE_ASSIGNMENT((#450));
#452=STYLED_ITEM('',(#451),#444);
#453=ADVANCED_FACE('',(#1241,#1243),#1245,.F.);
#454=COLOUR_RGB('',0.,0.4,0.8);
#455=FILL_AREA_STYLE_COLOUR('',#454);
#456=FILL_AREA_STYLE($,(#455));
#457=SURFACE_STYLE_FILL_AREA(#456);
#458=SURFACE_SIDE_STYLE('',(#457));
#459=SURFACE_STYLE_USAGE(.BOTH.,#458);
#460=PRESENTATION_STYLE_ASSIGNMENT((#459));
#461=STYLED_ITEM('',(#460),#453);
#462=ADVANCED_FACE('',(#1250,#1252),#1254,.F.);
#463=COLOUR_RGB('',0.,0.4,0.8);
#464=FILL_AREA_STYLE_COLOUR('',#463);
#465=FILL_AREA_STYLE($,(#464));
#466=SURFACE_STYLE_FILL_AREA(#465);
#467=SURFACE_SIDE_STYLE('',(#466));
#468=SURFACE_STYLE_USAGE(.BOTH.,#467);
#469=PRESENTATION_STYLE_ASSIGNMENT((#468));
#470=STYLED_ITEM('',(#469),#462);
#471=ADVANCED_FACE('',(#1259,#1261),#1263,.T.);
#472=COLOUR_RGB('',0.847058823529412,0.847058823529412,0.847058823529412);
#473=FILL_AREA_STYLE_COLOUR('',#472);
#474=FILL_AREA_STYLE($,(#473));
#475=SURFACE_STYLE_FILL_AREA(#474);
#476=SURFACE_SIDE_STYLE('',(#475));
#477=SURFACE_STYLE_USAGE(.BOTH.,#476);
#478=PRESENTATION_STYLE_ASSIGNMENT((#477));
#479=STYLED_ITEM('',(#478),#471);
#480=ADVANCED_FACE('',(#1268,#1270),#1272,.F.);
#481=COLOUR_RGB('',0.847058823529412,0.847058823529412,0.847058823529412);
#482=FILL_AREA_STYLE_COLOUR('',#481);
#483=FILL_AREA_STYLE($,(#482));
#484=SURFACE_STYLE_FILL_AREA(#483);
#485=SURFACE_SIDE_STYLE('',(#484));
#486=SURFACE_STYLE_USAGE(.BOTH.,#485);
#487=PRESENTATION_STYLE_ASSIGNMENT((#486));
#488=STYLED_ITEM('',(#487),#480);
#489=ADVANCED_FACE('',(#1277,#1279),#1281,.F.);
#490=COLOUR_RGB('',0.847058823529412,0.847058823529412,0.847058823529412);
#491=FILL_AREA_STYLE_COLOUR('',#490);
#492=FILL_AREA_STYLE($,(#491));
#493=SURFACE_STYLE_FILL_AREA(#492);
#494=SURFACE_SIDE_STYLE('',(#493));
#495=SURFACE_STYLE_USAGE(.BOTH.,#494);
#496=PRESENTATION_STYLE_ASSIGNMENT((#495));
#497=STYLED_ITEM('',(#496),#489);
#498=ADVANCED_FACE('',(#1286,#1288),#1290,.F.);
#499=COLOUR_RGB('',0.847058823529412,0.847058823529412,0.847058823529412);
#500=FILL_AREA_STYLE_COLOUR('',#499);
#501=FILL_AREA_STYLE($,(#500));
#502=SURFACE_STYLE_FILL_AREA(#501);
#503=SURFACE_SIDE_STYLE('',(#502));
#504=SURFACE_STYLE_USAGE(.BOTH.,#503);
#505=PRESENTATION_STYLE_ASSIGNMENT((#504));
#506=STYLED_ITEM('',(#505),#498);
#507=ADVANCED_FACE('',(#1295),#1297,.F.);
#508=COLOUR_RGB('',0.847058823529412,0.847058823529412,0.847058823529412);
#509=FILL_AREA_STYLE_COLOUR('',#508);
#510=FILL_AREA_STYLE($,(#509));
#511=SURFACE_STYLE_FILL_AREA(#510);
#512=SURFACE_SIDE_STYLE('',(#511));
#513=SURFACE_STYLE_USAGE(.BOTH.,#512);
#514=PRESENTATION_STYLE_ASSIGNMENT((#513));
#515=STYLED_ITEM('',(#514),#507);
#516=ADVANCED_FACE('',(#1302,#1304),#1306,.T.);
#517=COLOUR_RGB('',0.847058823529412,0.847058823529412,0.847058823529412);
#518=FILL_AREA_STYLE_COLOUR('',#517);
#519=FILL_AREA_STYLE($,(#518));
#520=SURFACE_STYLE_FILL_AREA(#519);
#521=SURFACE_SIDE_STYLE('',(#520));
#522=SURFACE_STYLE_USAGE(.BOTH.,#521);
#523=PRESENTATION_STYLE_ASSIGNMENT((#522));
#524=STYLED_ITEM('',(#523),#516);
#525=ADVANCED_FACE('',(#1311),#1313,.F.);
#526=COLOUR_RGB('',0.847058823529412,0.847058823529412,0.847058823529412);
#527=FILL_AREA_STYLE_COLOUR('',#526);
#528=FILL_AREA_STYLE($,(#527));
#529=SURFACE_STYLE_FILL_AREA(#528);
#530=SURFACE_SIDE_STYLE('',(#529));
#531=SURFACE_STYLE_USAGE(.BOTH.,#530);
#532=PRESENTATION_STYLE_ASSIGNMENT((#531));
#533=STYLED_ITEM('',(#532),#525);
#534=ADVANCED_FACE('',(#1318,#1320),#1322,.F.);
#535=COLOUR_RGB('',0.847058823529412,0.847058823529412,0.847058823529412);
#536=FILL_AREA_STYLE_COLOUR('',#535);
#537=FILL_AREA_STYLE($,(#536));
#538=SURFACE_STYLE_FILL_AREA(#537);
#539=SURFACE_SIDE_STYLE('',(#538));
#540=SURFACE_STYLE_USAGE(.BOTH.,#539);
#541=PRESENTATION_STYLE_ASSIGNMENT((#540));
#542=STYLED_ITEM('',(#541),#534);
#543=ADVANCED_FACE('',(#1327),#1329,.F.);
#544=COLOUR_RGB('',0.847058823529412,0.847058823529412,0.847058823529412);
#545=FILL_AREA_STYLE_COLOUR('',#544);
#546=FILL_AREA_STYLE($,(#545));
#547=SURFACE_STYLE_FILL_AREA(#546);
#548=SURFACE_SIDE_STYLE('',(#547));
#549=SURFACE_STYLE_USAGE(.BOTH.,#548);
#550=PRESENTATION_STYLE_ASSIGNMENT((#549));
#551=STYLED_ITEM('',(#550),#543);
#552=ADVANCED_FACE('',(#1334),#1336,.F.);
#553=COLOUR_RGB('',0.847058823529412,0.847058823529412,0.847058823529412);
#554=FILL_AREA_STYLE_COLOUR('',#553);
#555=FILL_AREA_STYLE($,(#554));
#556=SURFACE_STYLE_FILL_AREA(#555);
#557=SURFACE_SIDE_STYLE('',(#556));
#558=SURFACE_STYLE_USAGE(.BOTH.,#557);
#559=PRESENTATION_STYLE_ASSIGNMENT((#558));
#560=STYLED_ITEM('',(#559),#552);
#561=ADVANCED_FACE('',(#1341,#1343),#1345,.F.);
#562=COLOUR_RGB('',0.847058823529412,0.847058823529412,0.847058823529412);
#563=FILL_AREA_STYLE_COLOUR('',#562);
#564=FILL_AREA_STYLE($,(#563));
#565=SURFACE_STYLE_FILL_AREA(#564);
#566=SURFACE_SIDE_STYLE('',(#565));
#567=SURFACE_STYLE_USAGE(.BOTH.,#566);
#568=PRESENTATION_STYLE_ASSIGNMENT((#567));
#569=STYLED_ITEM('',(#568),#561);
#570=ADVANCED_FACE('',(#1350),#1352,.F.);
#571=COLOUR_RGB('',0.847058823529412,0.847058823529412,0.847058823529412);
#572=FILL_AREA_STYLE_COLOUR('',#571);
#573=FILL_AREA_STYLE($,(#572));
#574=SURFACE_STYLE_FILL_AREA(#573);
#575=SURFACE_SIDE_STYLE('',(#574));
#576=SURFACE_STYLE_USAGE(.BOTH.,#575);
#577=PRESENTATION_STYLE_ASSIGNMENT((#576));
#578=STYLED_ITEM('',(#577),#570);
#579=ADVANCED_FACE('',(#1357),#1359,.F.);
#580=COLOUR_RGB('',0.847058823529412,0.847058823529412,0.847058823529412);
#581=FILL_AREA_STYLE_COLOUR('',#580);
#582=FILL_AREA_STYLE($,(#581));
#583=SURFACE_STYLE_FILL_AREA(#582);
#584=SURFACE_SIDE_STYLE('',(#583));
#585=SURFACE_STYLE_USAGE(.BOTH.,#584);
#586=PRESENTATION_STYLE_ASSIGNMENT((#585));
#587=STYLED_ITEM('',(#586),#579);
#588=ADVANCED_FACE('',(#1364,#1366),#1368,.F.);
#589=COLOUR_RGB('',0.847058823529412,0.847058823529412,0.847058823529412);
#590=FILL_AREA_STYLE_COLOUR('',#589);
#591=FILL_AREA_STYLE($,(#590));
#592=SURFACE_STYLE_FILL_AREA(#591);
#593=SURFACE_SIDE_STYLE('',(#592));
#594=SURFACE_STYLE_USAGE(.BOTH.,#593);
#595=PRESENTATION_STYLE_ASSIGNMENT((#594));
#596=STYLED_ITEM('',(#595),#588);
#597=ADVANCED_FACE('',(#1373),#1375,.F.);
#598=COLOUR_RGB('',0.847058823529412,0.847058823529412,0.847058823529412);
#599=FILL_AREA_STYLE_COLOUR('',#598);
#600=FILL_AREA_STYLE($,(#599));
#601=SURFACE_STYLE_FILL_AREA(#600);
#602=SURFACE_SIDE_STYLE('',(#601));
#603=SURFACE_STYLE_USAGE(.BOTH.,#602);
#604=PRESENTATION_STYLE_ASSIGNMENT((#603));
#605=STYLED_ITEM('',(#604),#597);
#606=ADVANCED_FACE('',(#1380),#1382,.F.);
#607=COLOUR_RGB('',0.847058823529412,0.847058823529412,0.847058823529412);
#608=FILL_AREA_STYLE_COLOUR('',#607);
#609=FILL_AREA_STYLE($,(#608));
#610=SURFACE_STYLE_FILL_AREA(#609);
#611=SURFACE_SIDE_STYLE('',(#610));
#612=SURFACE_STYLE_USAGE(.BOTH.,#611);
#613=PRESENTATION_STYLE_ASSIGNMENT((#612));
#614=STYLED_ITEM('',(#613),#606);
#615=ADVANCED_FACE('',(#1387,#1389),#1391,.F.);
#616=COLOUR_RGB('',0.847058823529412,0.847058823529412,0.847058823529412);
#617=FILL_AREA_STYLE_COLOUR('',#616);
#618=FILL_AREA_STYLE($,(#617));
#619=SURFACE_STYLE_FILL_AREA(#618);
#620=SURFACE_SIDE_STYLE('',(#619));
#621=SURFACE_STYLE_USAGE(.BOTH.,#620);
#622=PRESENTATION_STYLE_ASSIGNMENT((#621));
#623=STYLED_ITEM('',(#622),#615);
#624=ADVANCED_FACE('',(#1396),#1398,.F.);
#625=COLOUR_RGB('',0.847058823529412,0.847058823529412,0.847058823529412);
#626=FILL_AREA_STYLE_COLOUR('',#625);
#627=FILL_AREA_STYLE($,(#626));
#628=SURFACE_STYLE_FILL_AREA(#627);
#629=SURFACE_SIDE_STYLE('',(#628));
#630=SURFACE_STYLE_USAGE(.BOTH.,#629);
#631=PRESENTATION_STYLE_ASSIGNMENT((#630));
#632=STYLED_ITEM('',(#631),#624);
#633=ADVANCED_FACE('',(#1403),#1405,.F.);
#634=COLOUR_RGB('',0.847058823529412,0.847058823529412,0.847058823529412);
#635=FILL_AREA_STYLE_COLOUR('',#634);
#636=FILL_AREA_STYLE($,(#635));
#637=SURFACE_STYLE_FILL_AREA(#636);
#638=SURFACE_SIDE_STYLE('',(#637));
#639=SURFACE_STYLE_USAGE(.BOTH.,#638);
#640=PRESENTATION_STYLE_ASSIGNMENT((#639));
#641=STYLED_ITEM('',(#640),#633);
#642=ADVANCED_FACE('',(#1410,#1412),#1414,.F.);
#643=COLOUR_RGB('',0.847058823529412,0.847058823529412,0.847058823529412);
#644=FILL_AREA_STYLE_COLOUR('',#643);
#645=FILL_AREA_STYLE($,(#644));
#646=SURFACE_STYLE_FILL_AREA(#645);
#647=SURFACE_SIDE_STYLE('',(#646));
#648=SURFACE_STYLE_USAGE(.BOTH.,#647);
#649=PRESENTATION_STYLE_ASSIGNMENT((#648));
#650=STYLED_ITEM('',(#649),#642);
#651=ADVANCED_FACE('',(#1419,#1421),#1423,.T.);
#652=COLOUR_RGB('',0.847058823529412,0.847058823529412,0.847058823529412);
#653=FILL_AREA_STYLE_COLOUR('',#652);
#654=FILL_AREA_STYLE($,(#653));
#655=SURFACE_STYLE_FILL_AREA(#654);
#656=SURFACE_SIDE_STYLE('',(#655));
#657=SURFACE_STYLE_USAGE(.BOTH.,#656);
#658=PRESENTATION_STYLE_ASSIGNMENT((#657));
#659=STYLED_ITEM('',(#658),#651);
#660=ADVANCED_FACE('',(#1428),#1430,.F.);
#661=COLOUR_RGB('',0.847058823529412,0.847058823529412,0.847058823529412);
#662=FILL_AREA_STYLE_COLOUR('',#661);
#663=FILL_AREA_STYLE($,(#662));
#664=SURFACE_STYLE_FILL_AREA(#663);
#665=SURFACE_SIDE_STYLE('',(#664));
#666=SURFACE_STYLE_USAGE(.BOTH.,#665);
#667=PRESENTATION_STYLE_ASSIGNMENT((#666));
#668=STYLED_ITEM('',(#667),#660);
#669=ADVANCED_FACE('',(#1435),#1437,.F.);
#670=COLOUR_RGB('',0.847058823529412,0.847058823529412,0.847058823529412);
#671=FILL_AREA_STYLE_COLOUR('',#670);
#672=FILL_AREA_STYLE($,(#671));
#673=SURFACE_STYLE_FILL_AREA(#672);
#674=SURFACE_SIDE_STYLE('',(#673));
#675=SURFACE_STYLE_USAGE(.BOTH.,#674);
#676=PRESENTATION_STYLE_ASSIGNMENT((#675));
#677=STYLED_ITEM('',(#676),#669);
#678=ADVANCED_FACE('',(#1442,#1444),#1446,.F.);
#679=COLOUR_RGB('',0.847058823529412,0.847058823529412,0.847058823529412);
#680=FILL_AREA_STYLE_COLOUR('',#679);
#681=FILL_AREA_STYLE($,(#680));
#682=SURFACE_STYLE_FILL_AREA(#681);
#683=SURFACE_SIDE_STYLE('',(#682));
#684=SURFACE_STYLE_USAGE(.BOTH.,#683);
#685=PRESENTATION_STYLE_ASSIGNMENT((#684));
#686=STYLED_ITEM('',(#685),#678);
#687=ADVANCED_FACE('',(#1451,#1453),#1455,.F.);
#688=COLOUR_RGB('',0.847058823529412,0.847058823529412,0.847058823529412);
#689=FILL_AREA_STYLE_COLOUR('',#688);
#690=FILL_AREA_STYLE($,(#689));
#691=SURFACE_STYLE_FILL_AREA(#690);
#692=SURFACE_SIDE_STYLE('',(#691));
#693=SURFACE_STYLE_USAGE(.BOTH.,#692);
#694=PRESENTATION_STYLE_ASSIGNMENT((#693));
#695=STYLED_ITEM('',(#694),#687);
#696=ADVANCED_FACE('',(#1460),#1462,.T.);
#697=COLOUR_RGB('',0.847058823529412,0.847058823529412,0.847058823529412);
#698=FILL_AREA_STYLE_COLOUR('',#697);
#699=FILL_AREA_STYLE($,(#698));
#700=SURFACE_STYLE_FILL_AREA(#699);
#701=SURFACE_SIDE_STYLE('',(#700));
#702=SURFACE_STYLE_USAGE(.BOTH.,#701);
#703=PRESENTATION_STYLE_ASSIGNMENT((#702));
#704=STYLED_ITEM('',(#703),#696);
#705=ADVANCED_FACE('',(#1467,#1469),#1471,.F.);
#706=COLOUR_RGB('',0.847058823529412,0.847058823529412,0.847058823529412);
#707=FILL_AREA_STYLE_COLOUR('',#706);
#708=FILL_AREA_STYLE($,(#707));
#709=SURFACE_STYLE_FILL_AREA(#708);
#710=SURFACE_SIDE_STYLE('',(#709));
#711=SURFACE_STYLE_USAGE(.BOTH.,#710);
#712=PRESENTATION_STYLE_ASSIGNMENT((#711));
#713=STYLED_ITEM('',(#712),#705);
#714=ADVANCED_FACE('',(#1476,#1478),#1480,.T.);
#715=COLOUR_RGB('',0.847058823529412,0.847058823529412,0.847058823529412);
#716=FILL_AREA_STYLE_COLOUR('',#715);
#717=FILL_AREA_STYLE($,(#716));
#718=SURFACE_STYLE_FILL_AREA(#717);
#719=SURFACE_SIDE_STYLE('',(#718));
#720=SURFACE_STYLE_USAGE(.BOTH.,#719);
#721=PRESENTATION_STYLE_ASSIGNMENT((#720));
#722=STYLED_ITEM('',(#721),#714);
#723=ADVANCED_FACE('',(#1485,#1487),#1489,.T.);
#724=COLOUR_RGB('',0.847058823529412,0.847058823529412,0.847058823529412);
#725=FILL_AREA_STYLE_COLOUR('',#724);
#726=FILL_AREA_STYLE($,(#725));
#727=SURFACE_STYLE_FILL_AREA(#726);
#728=SURFACE_SIDE_STYLE('',(#727));
#729=SURFACE_STYLE_USAGE(.BOTH.,#728);
#730=PRESENTATION_STYLE_ASSIGNMENT((#729));
#731=STYLED_ITEM('',(#730),#723);
#732=ADVANCED_FACE('',(#1494,#1496),#1498,.T.);
#733=COLOUR_RGB('',0.847058823529412,0.847058823529412,0.847058823529412);
#734=FILL_AREA_STYLE_COLOUR('',#733);
#735=FILL_AREA_STYLE($,(#734));
#736=SURFACE_STYLE_FILL_AREA(#735);
#737=SURFACE_SIDE_STYLE('',(#736));
#738=SURFACE_STYLE_USAGE(.BOTH.,#737);
#739=PRESENTATION_STYLE_ASSIGNMENT((#738));
#740=STYLED_ITEM('',(#739),#732);
#741=ADVANCED_FACE('',(#1503,#1505),#1507,.T.);
#742=COLOUR_RGB('',0.847058823529412,0.847058823529412,0.847058823529412);
#743=FILL_AREA_STYLE_COLOUR('',#742);
#744=FILL_AREA_STYLE($,(#743));
#745=SURFACE_STYLE_FILL_AREA(#744);
#746=SURFACE_SIDE_STYLE('',(#745));
#747=SURFACE_STYLE_USAGE(.BOTH.,#746);
#748=PRESENTATION_STYLE_ASSIGNMENT((#747));
#749=STYLED_ITEM('',(#748),#741);
#750=ADVANCED_FACE('',(#1512,#1514),#1516,.T.);
#751=COLOUR_RGB('',0.847058823529412,0.847058823529412,0.847058823529412);
#752=FILL_AREA_STYLE_COLOUR('',#751);
#753=FILL_AREA_STYLE($,(#752));
#754=SURFACE_STYLE_FILL_AREA(#753);
#755=SURFACE_SIDE_STYLE('',(#754));
#756=SURFACE_STYLE_USAGE(.BOTH.,#755);
#757=PRESENTATION_STYLE_ASSIGNMENT((#756));
#758=STYLED_ITEM('',(#757),#750);
#759=ADVANCED_FACE('',(#1521,#1523),#1525,.T.);
#760=COLOUR_RGB('',0.847058823529412,0.847058823529412,0.847058823529412);
#761=FILL_AREA_STYLE_COLOUR('',#760);
#762=FILL_AREA_STYLE($,(#761));
#763=SURFACE_STYLE_FILL_AREA(#762);
#764=SURFACE_SIDE_STYLE('',(#763));
#765=SURFACE_STYLE_USAGE(.BOTH.,#764);
#766=PRESENTATION_STYLE_ASSIGNMENT((#765));
#767=STYLED_ITEM('',(#766),#759);
#768=ADVANCED_FACE('',(#1530,#1532),#1534,.T.);
#769=COLOUR_RGB('',0.847058823529412,0.847058823529412,0.847058823529412);
#770=FILL_AREA_STYLE_COLOUR('',#769);
#771=FILL_AREA_STYLE($,(#770));
#772=SURFACE_STYLE_FILL_AREA(#771);
#773=SURFACE_SIDE_STYLE('',(#772));
#774=SURFACE_STYLE_USAGE(.BOTH.,#773);
#775=PRESENTATION_STYLE_ASSIGNMENT((#774));
#776=STYLED_ITEM('',(#775),#768);
#777=ADVANCED_FACE('',(#1539),#1541,.T.);
#778=COLOUR_RGB('',0.847058823529412,0.847058823529412,0.847058823529412);
#779=FILL_AREA_STYLE_COLOUR('',#778);
#780=FILL_AREA_STYLE($,(#779));
#781=SURFACE_STYLE_FILL_AREA(#780);
#782=SURFACE_SIDE_STYLE('',(#781));
#783=SURFACE_STYLE_USAGE(.BOTH.,#782);
#784=PRESENTATION_STYLE_ASSIGNMENT((#783));
#785=STYLED_ITEM('',(#784),#777);
#786=ADVANCED_FACE('',(#1546,#1548),#1550,.F.);
#787=COLOUR_RGB('',0.847058823529412,0.847058823529412,0.847058823529412);
#788=FILL_AREA_STYLE_COLOUR('',#787);
#789=FILL_AREA_STYLE($,(#788));
#790=SURFACE_STYLE_FILL_AREA(#789);
#791=SURFACE_SIDE_STYLE('',(#790));
#792=SURFACE_STYLE_USAGE(.BOTH.,#791);
#793=PRESENTATION_STYLE_ASSIGNMENT((#792));
#794=STYLED_ITEM('',(#793),#786);
#795=ADVANCED_FACE('',(#1555),#1557,.T.);
#796=COLOUR_RGB('',0.847058823529412,0.847058823529412,0.847058823529412);
#797=FILL_AREA_STYLE_COLOUR('',#796);
#798=FILL_AREA_STYLE($,(#797));
#799=SURFACE_STYLE_FILL_AREA(#798);
#800=SURFACE_SIDE_STYLE('',(#799));
#801=SURFACE_STYLE_USAGE(.BOTH.,#800);
#802=PRESENTATION_STYLE_ASSIGNMENT((#801));
#803=STYLED_ITEM('',(#802),#795);
#804=ADVANCED_FACE('',(#1562,#1564),#1566,.F.);
#805=COLOUR_RGB('',0.847058823529412,0.847058823529412,0.847058823529412);
#806=FILL_AREA_STYLE_COLOUR('',#805);
#807=FILL_AREA_STYLE($,(#806));
#808=SURFACE_STYLE_FILL_AREA(#807);
#809=SURFACE_SIDE_STYLE('',(#808));
#810=SURFACE_STYLE_USAGE(.BOTH.,#809);
#811=PRESENTATION_STYLE_ASSIGNMENT((#810));
#812=STYLED_ITEM('',(#811),#804);
#813=ADVANCED_FACE('',(#1571),#1573,.T.);
#814=COLOUR_RGB('',0.847058823529412,0.847058823529412,0.847058823529412);
#815=FILL_AREA_STYLE_COLOUR('',#814);
#816=FILL_AREA_STYLE($,(#815));
#817=SURFACE_STYLE_FILL_AREA(#816);
#818=SURFACE_SIDE_STYLE('',(#817));
#819=SURFACE_STYLE_USAGE(.BOTH.,#818);
#820=PRESENTATION_STYLE_ASSIGNMENT((#819));
#821=STYLED_ITEM('',(#820),#813);
#822=ADVANCED_FACE('',(#1578,#1580),#1582,.F.);
#823=COLOUR_RGB('',0.847058823529412,0.847058823529412,0.847058823529412);
#824=FILL_AREA_STYLE_COLOUR('',#823);
#825=FILL_AREA_STYLE($,(#824));
#826=SURFACE_STYLE_FILL_AREA(#825);
#827=SURFACE_SIDE_STYLE('',(#826));
#828=SURFACE_STYLE_USAGE(.BOTH.,#827);
#829=PRESENTATION_STYLE_ASSIGNMENT((#828));
#830=STYLED_ITEM('',(#829),#822);
#831=ADVANCED_FACE('',(#1587),#1589,.T.);
#832=COLOUR_RGB('',0.847058823529412,0.847058823529412,0.847058823529412);
#833=FILL_AREA_STYLE_COLOUR('',#832);
#834=FILL_AREA_STYLE($,(#833));
#835=SURFACE_STYLE_FILL_AREA(#834);
#836=SURFACE_SIDE_STYLE('',(#835));
#837=SURFACE_STYLE_USAGE(.BOTH.,#836);
#838=PRESENTATION_STYLE_ASSIGNMENT((#837));
#839=STYLED_ITEM('',(#838),#831);
#840=ADVANCED_FACE('',(#1594,#1596),#1598,.F.);
#841=COLOUR_RGB('',0.847058823529412,0.847058823529412,0.847058823529412);
#842=FILL_AREA_STYLE_COLOUR('',#841);
#843=FILL_AREA_STYLE($,(#842));
#844=SURFACE_STYLE_FILL_AREA(#843);
#845=SURFACE_SIDE_STYLE('',(#844));
#846=SURFACE_STYLE_USAGE(.BOTH.,#845);
#847=PRESENTATION_STYLE_ASSIGNMENT((#846));
#848=STYLED_ITEM('',(#847),#840);
#849=ADVANCED_FACE('',(#1603),#1605,.T.);
#850=COLOUR_RGB('',0.847058823529412,0.847058823529412,0.847058823529412);
#851=FILL_AREA_STYLE_COLOUR('',#850);
#852=FILL_AREA_STYLE($,(#851));
#853=SURFACE_STYLE_FILL_AREA(#852);
#854=SURFACE_SIDE_STYLE('',(#853));
#855=SURFACE_STYLE_USAGE(.BOTH.,#854);
#856=PRESENTATION_STYLE_ASSIGNMENT((#855));
#857=STYLED_ITEM('',(#856),#849);
#858=ADVANCED_FACE('',(#1610,#1612),#1614,.F.);
#859=COLOUR_RGB('',0.847058823529412,0.847058823529412,0.847058823529412);
#860=FILL_AREA_STYLE_COLOUR('',#859);
#861=FILL_AREA_STYLE($,(#860));
#862=SURFACE_STYLE_FILL_AREA(#861);
#863=SURFACE_SIDE_STYLE('',(#862));
#864=SURFACE_STYLE_USAGE(.BOTH.,#863);
#865=PRESENTATION_STYLE_ASSIGNMENT((#864));
#866=STYLED_ITEM('',(#865),#858);
#867=ADVANCED_FACE('',(#1619,#1621),#1623,.F.);
#868=COLOUR_RGB('',0.847058823529412,0.847058823529412,0.847058823529412);
#869=FILL_AREA_STYLE_COLOUR('',#868);
#870=FILL_AREA_STYLE($,(#869));
#871=SURFACE_STYLE_FILL_AREA(#870);
#872=SURFACE_SIDE_STYLE('',(#871));
#873=SURFACE_STYLE_USAGE(.BOTH.,#872);
#874=PRESENTATION_STYLE_ASSIGNMENT((#873));
#875=STYLED_ITEM('',(#874),#867);
#876=ADVANCED_FACE('',(#1628,#1630),#1632,.T.);
#877=ADVANCED_FACE('',(#1637,#1639),#1641,.F.);
#878=ADVANCED_FACE('',(#1646,#1648),#1650,.T.);
#879=ADVANCED_FACE('',(#1655,#1657),#1659,.F.);
#880=ADVANCED_FACE('',(#1664,#1666),#1668,.T.);
#881=ADVANCED_FACE('',(#1673,#1675),#1677,.T.);
#882=ADVANCED_FACE('',(#1682,#1684),#1686,.T.);
#883=ADVANCED_FACE('',(#1691),#1693,.F.);
#884=ADVANCED_FACE('',(#1698),#1700,.F.);
#885=ADVANCED_FACE('',(#1705),#1707,.F.);
#886=ADVANCED_FACE('',(#1712),#1714,.F.);
#887=ADVANCED_FACE('',(#1719),#1721,.F.);
#888=ADVANCED_FACE('',(#1726),#1728,.F.);
#889=ADVANCED_FACE('',(#1733,#1735),#1737,.T.);
#890=ADVANCED_FACE('',(#1742,#1744),#1746,.T.);
#891=ADVANCED_FACE('',(#1751,#1753),#1755,.T.);
#892=ADVANCED_FACE('',(#1760,#1762),#1764,.F.);
#893=ADVANCED_FACE('',(#1769,#1771),#1773,.T.);
#894=ADVANCED_FACE('',(#1778,#1780),#1782,.T.);
#895=ADVANCED_FACE('',(#1787,#1789),#1791,.T.);
#896=ADVANCED_FACE('',(#1796,#1798),#1800,.T.);
#897=ADVANCED_FACE('',(#1805,#1807),#1809,.T.);
#898=ADVANCED_FACE('',(#1814,#1816),#1818,.T.);
#899=ADVANCED_FACE('',(#1823,#1825),#1827,.T.);
#900=ADVANCED_FACE('',(#1832,#1834),#1836,.T.);
#901=ADVANCED_FACE('',(#1841,#1843),#1845,.T.);
#902=ADVANCED_FACE('',(#1850,#1852),#1854,.F.);
#903=ADVANCED_FACE('',(#1859,#1861),#1863,.F.);
#904=ADVANCED_FACE('',(#1868,#1870),#1872,.T.);
#905=ADVANCED_FACE('',(#1877,#1879),#1881,.F.);
#906=ADVANCED_FACE('',(#1886,#1888),#1890,.T.);
#907=ADVANCED_FACE('',(#1895,#1897),#1899,.T.);
#908=FACE_BOUND('',#909,.T.);
#909=EDGE_LOOP('',(#1904,#1905,#1906,#1907,#1908,#1909,#1910,#1911,#1912,#1913,#1914,
#1915,#1916));
#910=FACE_OUTER_BOUND('',#911,.T.);
#911=EDGE_LOOP('',(#1917));
#912=CONICAL_SURFACE('',#913,42.4,0.785398163397454);
#913=AXIS2_PLACEMENT_3D('',#914,#915,#916);
#914=CARTESIAN_POINT('',(13.168,0.,0.));
#915=DIRECTION('',(1.,0.,0.));
#916=DIRECTION('',(0.,6.12323399573677E-17,-1.));
#917=FACE_BOUND('',#918,.T.);
#918=EDGE_LOOP('',(#1918,#1919,#1920,#1921,#1922,#1923,#1924,#1925,#1926,#1927,#1928,
#1929,#1930,#1931,#1932,#1933,#1934,#1935,#1936,#1937,#1938,#1939,#1940,#1941,#1942));
#919=FACE_OUTER_BOUND('',#920,.T.);
#920=EDGE_LOOP('',(#1943));
#921=CYLINDRICAL_SURFACE('',#922,43.6);
#922=AXIS2_PLACEMENT_3D('',#923,#924,#925);
#923=CARTESIAN_POINT('',(14.368,0.,0.));
#924=DIRECTION('',(-1.,0.,0.));
#925=DIRECTION('',(0.,-6.12323399573677E-17,1.));
#926=FACE_BOUND('',#927,.T.);
#927=EDGE_LOOP('',(#1944,#1945,#1946,#1947));
#928=CYLINDRICAL_SURFACE('',#929,41.1843316477254);
#929=AXIS2_PLACEMENT_3D('',#930,#931,#932);
#930=CARTESIAN_POINT('',(14.368,52.6681463331734,66.4413218921698));
#931=DIRECTION('',(1.,0.,0.));
#932=DIRECTION('',(0.,-0.621201409619041,-0.783650948246295));
#933=FACE_BOUND('',#934,.T.);
#934=EDGE_LOOP('',(#1948,#1949,#1950,#1951));
#935=CYLINDRICAL_SURFACE('',#936,41.1843316477254);
#936=AXIS2_PLACEMENT_3D('',#937,#938,#939);
#937=CARTESIAN_POINT('',(14.368,83.8739457862265,12.3912917486763));
#938=DIRECTION('',(1.,0.,0.));
#939=DIRECTION('',(0.,-0.969034424869315,0.246925663749632));
#940=FACE_BOUND('',#941,.T.);
#941=EDGE_LOOP('',(#1952,#1953,#1954,#1955));
#942=FACE_BOUND('',#943,.T.);
#943=EDGE_LOOP('',(#1956));
#944=PLANE('',#945);
#945=AXIS2_PLACEMENT_3D('',#946,#947,#948);
#946=CARTESIAN_POINT('',(6.96799999999999,0.,0.));
#947=DIRECTION('',(-1.,0.,0.));
#948=DIRECTION('',(0.,-0.499999999999999,0.866025403784439));
#949=FACE_BOUND('',#950,.T.);
#950=EDGE_LOOP('',(#1957,#1958,#1959,#1960));
#951=FACE_BOUND('',#952,.T.);
#952=EDGE_LOOP('',(#1961));
#953=PLANE('',#954);
#954=AXIS2_PLACEMENT_3D('',#955,#956,#957);
#955=CARTESIAN_POINT('',(14.368,0.,0.));
#956=DIRECTION('',(-1.,0.,0.));
#957=DIRECTION('',(0.,-0.499999999999999,0.866025403784439));
#958=FACE_BOUND('',#959,.T.);
#959=EDGE_LOOP('',(#1962,#1963,#1964,#1965));
#960=CYLINDRICAL_SURFACE('',#961,41.1843316477254);
#961=AXIS2_PLACEMENT_3D('',#962,#963,#964);
#962=CARTESIAN_POINT('',(14.368,83.8739457862249,-12.3912917486794));
#963=DIRECTION('',(1.,0.,0.));
#964=DIRECTION('',(0.,-0.989262333690576,0.146150727473644));
#965=FACE_BOUND('',#966,.T.);
#966=EDGE_LOOP('',(#1966,#1967,#1968,#1969));
#967=CYLINDRICAL_SURFACE('',#968,41.1843316477254);
#968=AXIS2_PLACEMENT_3D('',#969,#970,#971);
#969=CARTESIAN_POINT('',(14.368,52.6681463331715,-66.4413218921727));
#970=DIRECTION('',(1.,0.,0.));
#971=DIRECTION('',(0.,-0.270673314781142,0.962671260953286));
#972=FACE_BOUND('',#973,.T.);
#973=EDGE_LOOP('',(#1970,#1971,#1972,#1973));
#974=FACE_BOUND('',#975,.T.);
#975=EDGE_LOOP('',(#1974));
#976=PLANE('',#977);
#977=AXIS2_PLACEMENT_3D('',#978,#979,#980);
#978=CARTESIAN_POINT('',(6.96799999999999,0.,0.));
#979=DIRECTION('',(-1.,0.,0.));
#980=DIRECTION('',(0.,0.5,0.866025403784438));
#981=FACE_BOUND('',#982,.T.);
#982=EDGE_LOOP('',(#1975,#1976,#1977,#1978));
#983=FACE_BOUND('',#984,.T.);
#984=EDGE_LOOP('',(#1979));
#985=PLANE('',#986);
#986=AXIS2_PLACEMENT_3D('',#987,#988,#989);
#987=CARTESIAN_POINT('',(14.368,0.,0.));
#988=DIRECTION('',(-1.,0.,0.));
#989=DIRECTION('',(0.,0.5,0.866025403784438));
#990=FACE_BOUND('',#991,.T.);
#991=EDGE_LOOP('',(#1980,#1981,#1982,#1983));
#992=CYLINDRICAL_SURFACE('',#993,41.1843316477254);
#993=AXIS2_PLACEMENT_3D('',#994,#995,#996);
#994=CARTESIAN_POINT('',(14.368,31.2057994530516,-78.8326136408493));
#995=DIRECTION('',(1.,0.,0.));
#996=DIRECTION('',(0.,-0.368060924071536,0.929801675719939));
#997=FACE_BOUND('',#998,.T.);
#998=EDGE_LOOP('',(#1984,#1985,#1986,#1987));
#999=CYLINDRICAL_SURFACE('',#1000,41.1843316477254);
#1000=AXIS2_PLACEMENT_3D('',#1001,#1002,#1003);
#1001=CARTESIAN_POINT('',(14.368,-31.205799453055,-78.8326136408491));
#1002=DIRECTION('',(1.,0.,0.));
#1003=DIRECTION('',(0.,0.698361110088173,0.715745597203654));
#1004=FACE_BOUND('',#1005,.T.);
#1005=EDGE_LOOP('',(#1988,#1989,#1990,#1991));
#1006=FACE_BOUND('',#1007,.T.);
#1007=EDGE_LOOP('',(#1992));
#1008=PLANE('',#1009);
#1009=AXIS2_PLACEMENT_3D('',#1010,#1011,#1012);
#1010=CARTESIAN_POINT('',(6.96799999999999,0.,0.));
#1011=DIRECTION('',(-1.,0.,0.));
#1012=DIRECTION('',(0.,1.,-3.88578058618805E-16));
#1013=FACE_BOUND('',#1014,.T.);
#1014=EDGE_LOOP('',(#1993,#1994,#1995,#1996));
#1015=FACE_BOUND('',#1016,.T.);
#1016=EDGE_LOOP('',(#1997));
#1017=PLANE('',#1018);
#1018=AXIS2_PLACEMENT_3D('',#1019,#1020,#1021);
#1019=CARTESIAN_POINT('',(14.368,0.,0.));
#1020=DIRECTION('',(-1.,0.,0.));
#1021=DIRECTION('',(0.,1.,-3.88578058618805E-16));
#1022=FACE_BOUND('',#1023,.T.);
#1023=EDGE_LOOP('',(#1998,#1999,#2000,#2001));
#1024=CYLINDRICAL_SURFACE('',#1025,41.1843316477254);
#1025=AXIS2_PLACEMENT_3D('',#1026,#1027,#1028);
#1026=CARTESIAN_POINT('',(14.368,-52.6681463331733,-66.4413218921699));
#1027=DIRECTION('',(1.,0.,0.));
#1028=DIRECTION('',(0.,0.62120140961904,0.783650948246295));
#1029=FACE_BOUND('',#1030,.T.);
#1030=EDGE_LOOP('',(#2002,#2003,#2004,#2005));
#1031=CYLINDRICAL_SURFACE('',#1032,41.1843316477254);
#1032=AXIS2_PLACEMENT_3D('',#1033,#1034,#1035);
#1033=CARTESIAN_POINT('',(14.368,-83.8739457862265,-12.3912917486764));
#1034=DIRECTION('',(1.,0.,0.));
#1035=DIRECTION('',(0.,0.969034424869315,-0.246925663749632));
#1036=FACE_BOUND('',#1037,.T.);
#1037=EDGE_LOOP('',(#2006,#2007,#2008,#2009));
#1038=FACE_BOUND('',#1039,.T.);
#1039=EDGE_LOOP('',(#2010));
#1040=PLANE('',#1041);
#1041=AXIS2_PLACEMENT_3D('',#1042,#1043,#1044);
#1042=CARTESIAN_POINT('',(6.96799999999999,0.,0.));
#1043=DIRECTION('',(-1.,0.,0.));
#1044=DIRECTION('',(0.,0.5,-0.866025403784439));
#1045=FACE_BOUND('',#1046,.T.);
#1046=EDGE_LOOP('',(#2011,#2012,#2013,#2014));
#1047=FACE_BOUND('',#1048,.T.);
#1048=EDGE_LOOP('',(#2015));
#1049=PLANE('',#1050);
#1050=AXIS2_PLACEMENT_3D('',#1051,#1052,#1053);
#1051=CARTESIAN_POINT('',(14.368,0.,0.));
#1052=DIRECTION('',(-1.,0.,0.));
#1053=DIRECTION('',(0.,0.5,-0.866025403784439));
#1054=FACE_BOUND('',#1055,.T.);
#1055=EDGE_LOOP('',(#2016,#2017,#2018,#2019));
#1056=CYLINDRICAL_SURFACE('',#1057,41.1843316477254);
#1057=AXIS2_PLACEMENT_3D('',#1058,#1059,#1060);
#1058=CARTESIAN_POINT('',(14.368,-83.873945786225,12.3912917486794));
#1059=DIRECTION('',(1.,0.,0.));
#1060=DIRECTION('',(0.,0.989262333690576,-0.146150727473644));
#1061=FACE_BOUND('',#1062,.T.);
#1062=EDGE_LOOP('',(#2020,#2021,#2022,#2023));
#1063=CYLINDRICAL_SURFACE('',#1064,41.1843316477254);
#1064=AXIS2_PLACEMENT_3D('',#1065,#1066,#1067);
#1065=CARTESIAN_POINT('',(14.368,-52.6681463331715,66.4413218921727));
#1066=DIRECTION('',(1.,0.,0.));
#1067=DIRECTION('',(0.,0.270673314781142,-0.962671260953286));
#1068=FACE_BOUND('',#1069,.T.);
#1069=EDGE_LOOP('',(#2024,#2025,#2026,#2027));
#1070=FACE_BOUND('',#1071,.T.);
#1071=EDGE_LOOP('',(#2028));
#1072=PLANE('',#1073);
#1073=AXIS2_PLACEMENT_3D('',#1074,#1075,#1076);
#1074=CARTESIAN_POINT('',(6.96799999999999,0.,0.));
#1075=DIRECTION('',(-1.,0.,0.));
#1076=DIRECTION('',(0.,-0.5,-0.866025403784439));
#1077=FACE_BOUND('',#1078,.T.);
#1078=EDGE_LOOP('',(#2029,#2030,#2031,#2032));
#1079=FACE_BOUND('',#1080,.T.);
#1080=EDGE_LOOP('',(#2033));
#1081=PLANE('',#1082);
#1082=AXIS2_PLACEMENT_3D('',#1083,#1084,#1085);
#1083=CARTESIAN_POINT('',(14.368,0.,0.));
#1084=DIRECTION('',(-1.,0.,0.));
#1085=DIRECTION('',(0.,-0.5,-0.866025403784439));
#1086=FACE_BOUND('',#1087,.T.);
#1087=EDGE_LOOP('',(#2034,#2035,#2036,#2037,#2038));
#1088=FACE_BOUND('',#1089,.T.);
#1089=EDGE_LOOP('',(#2039));
#1090=PLANE('',#1091);
#1091=AXIS2_PLACEMENT_3D('',#1092,#1093,#1094);
#1092=CARTESIAN_POINT('',(14.368,0.,0.));
#1093=DIRECTION('',(-1.,0.,0.));
#1094=DIRECTION('',(0.,-1.,-6.12323399573677E-17));
#1095=FACE_BOUND('',#1096,.T.);
#1096=EDGE_LOOP('',(#2040));
#1097=FACE_BOUND('',#1098,.T.);
#1098=EDGE_LOOP('',(#2041));
#1099=PLANE('',#1100);
#1100=AXIS2_PLACEMENT_3D('',#1101,#1102,#1103);
#1101=CARTESIAN_POINT('',(11.968,0.,0.));
#1102=DIRECTION('',(1.,0.,0.));
#1103=DIRECTION('',(0.,-6.12323399573677E-17,1.));
#1104=FACE_BOUND('',#1105,.T.);
#1105=EDGE_LOOP('',(#2042,#2043,#2044,#2045));
#1106=CYLINDRICAL_SURFACE('',#1107,41.1843316477254);
#1107=AXIS2_PLACEMENT_3D('',#1108,#1109,#1110);
#1108=CARTESIAN_POINT('',(14.368,-31.2057994530516,78.8326136408493));
#1109=DIRECTION('',(1.,0.,0.));
#1110=DIRECTION('',(0.,0.368060924071536,-0.929801675719939));
#1111=FACE_BOUND('',#1112,.T.);
#1112=EDGE_LOOP('',(#2046,#2047,#2048,#2049,#2050));
#1113=FACE_BOUND('',#1114,.T.);
#1114=EDGE_LOOP('',(#2051));
#1115=PLANE('',#1116);
#1116=AXIS2_PLACEMENT_3D('',#1117,#1118,#1119);
#1117=CARTESIAN_POINT('',(6.96799999999999,0.,0.));
#1118=DIRECTION('',(-1.,0.,0.));
#1119=DIRECTION('',(0.,-1.,-6.12323399573677E-17));
#1120=FACE_BOUND('',#1121,.T.);
#1121=EDGE_LOOP('',(#2052));
#1122=FACE_BOUND('',#1123,.T.);
#1123=EDGE_LOOP('',(#2053));
#1124=PLANE('',#1125);
#1125=AXIS2_PLACEMENT_3D('',#1126,#1127,#1128);
#1126=CARTESIAN_POINT('',(-12.6,0.,0.));
#1127=DIRECTION('',(-1.,0.,0.));
#1128=DIRECTION('',(0.,-6.12323399573677E-17,1.));
#1129=FACE_BOUND('',#1130,.T.);
#1130=EDGE_LOOP('',(#2054,#2055,#2056,#2057));
#1131=CYLINDRICAL_SURFACE('',#1132,41.1843316477254);
#1132=AXIS2_PLACEMENT_3D('',#1133,#1134,#1135);
#1133=CARTESIAN_POINT('',(14.368,31.205799453055,78.8326136408491));
#1134=DIRECTION('',(1.,0.,0.));
#1135=DIRECTION('',(0.,-0.698361110088173,-0.715745597203654));
#1136=FACE_BOUND('',#1137,.T.);
#1137=EDGE_LOOP('',(#2058,#2059,#2060,#2061));
#1138=CYLINDRICAL_SURFACE('',#1139,3.5);
#1139=AXIS2_PLACEMENT_3D('',#1140,#1141,#1142);
#1140=CARTESIAN_POINT('',(14.368,40.573290167301,23.425));
#1141=DIRECTION('',(-1.,0.,0.));
#1142=DIRECTION('',(0.,0.270673314781202,0.962671260953269));
#1143=FACE_OUTER_BOUND('',#1144,.T.);
#1144=EDGE_LOOP('',(#2062));
#1145=FACE_OUTER_BOUND('',#1146,.T.);
#1146=EDGE_LOOP('',(#2063));
#1147=CYLINDRICAL_SURFACE('',#1148,1.625);
#1148=AXIS2_PLACEMENT_3D('',#1149,#1150,#1151);
#1149=CARTESIAN_POINT('',(14.368,40.573290167301,23.425));
#1150=DIRECTION('',(-1.,0.,0.));
#1151=DIRECTION('',(0.,-0.499999999999999,0.866025403784439));
#1152=FACE_BOUND('',#1153,.T.);
#1153=EDGE_LOOP('',(#2064,#2065,#2066,#2067));
#1154=CYLINDRICAL_SURFACE('',#1155,3.5);
#1155=AXIS2_PLACEMENT_3D('',#1156,#1157,#1158);
#1156=CARTESIAN_POINT('',(14.368,40.5732901673009,-23.425));
#1157=DIRECTION('',(-1.,0.,0.));
#1158=DIRECTION('',(0.,0.96903442486933,0.246925663749571));
#1159=FACE_OUTER_BOUND('',#1160,.T.);
#1160=EDGE_LOOP('',(#2068));
#1161=FACE_OUTER_BOUND('',#1162,.T.);
#1162=EDGE_LOOP('',(#2069));
#1163=CYLINDRICAL_SURFACE('',#1164,1.625);
#1164=AXIS2_PLACEMENT_3D('',#1165,#1166,#1167);
#1165=CARTESIAN_POINT('',(14.368,40.5732901673009,-23.425));
#1166=DIRECTION('',(-1.,0.,0.));
#1167=DIRECTION('',(0.,0.5,0.866025403784438));
#1168=FACE_BOUND('',#1169,.T.);
#1169=EDGE_LOOP('',(#2070,#2071,#2072,#2073));
#1170=CYLINDRICAL_SURFACE('',#1171,3.5);
#1171=AXIS2_PLACEMENT_3D('',#1172,#1173,#1174);
#1172=CARTESIAN_POINT('',(14.368,-1.2436795622307E-14,-46.85));
#1173=DIRECTION('',(-1.,0.,0.));
#1174=DIRECTION('',(0.,0.698361110088128,-0.715745597203697));
#1175=FACE_OUTER_BOUND('',#1176,.T.);
#1176=EDGE_LOOP('',(#2074));
#1177=FACE_OUTER_BOUND('',#1178,.T.);
#1178=EDGE_LOOP('',(#2075));
#1179=CYLINDRICAL_SURFACE('',#1180,1.625);
#1180=AXIS2_PLACEMENT_3D('',#1181,#1182,#1183);
#1181=CARTESIAN_POINT('',(14.368,-1.2436795622307E-14,-46.85));
#1182=DIRECTION('',(-1.,0.,0.));
#1183=DIRECTION('',(0.,1.,-3.88578058618805E-16));
#1184=FACE_BOUND('',#1185,.T.);
#1185=EDGE_LOOP('',(#2076,#2077,#2078,#2079));
#1186=CYLINDRICAL_SURFACE('',#1187,3.5);
#1187=AXIS2_PLACEMENT_3D('',#1188,#1189,#1190);
#1188=CARTESIAN_POINT('',(14.368,-40.5732901673009,-23.425));
#1189=DIRECTION('',(-1.,0.,0.));
#1190=DIRECTION('',(0.,-0.270673314781202,-0.962671260953269));
#1191=FACE_OUTER_BOUND('',#1192,.T.);
#1192=EDGE_LOOP('',(#2080));
#1193=FACE_OUTER_BOUND('',#1194,.T.);
#1194=EDGE_LOOP('',(#2081));
#1195=CYLINDRICAL_SURFACE('',#1196,1.625);
#1196=AXIS2_PLACEMENT_3D('',#1197,#1198,#1199);
#1197=CARTESIAN_POINT('',(14.368,-40.5732901673009,-23.425));
#1198=DIRECTION('',(-1.,0.,0.));
#1199=DIRECTION('',(0.,0.5,-0.866025403784439));
#1200=FACE_BOUND('',#1201,.T.);
#1201=EDGE_LOOP('',(#2082,#2083,#2084,#2085));
#1202=CYLINDRICAL_SURFACE('',#1203,3.5);
#1203=AXIS2_PLACEMENT_3D('',#1204,#1205,#1206);
#1204=CARTESIAN_POINT('',(14.368,-40.573290167301,23.425));
#1205=DIRECTION('',(-1.,0.,0.));
#1206=DIRECTION('',(0.,-0.96903442486933,-0.246925663749572));
#1207=FACE_OUTER_BOUND('',#1208,.T.);
#1208=EDGE_LOOP('',(#2086));
#1209=FACE_OUTER_BOUND('',#1210,.T.);
#1210=EDGE_LOOP('',(#2087));
#1211=CYLINDRICAL_SURFACE('',#1212,1.625);
#1212=AXIS2_PLACEMENT_3D('',#1213,#1214,#1215);
#1213=CARTESIAN_POINT('',(14.368,-40.573290167301,23.425));
#1214=DIRECTION('',(-1.,0.,0.));
#1215=DIRECTION('',(0.,-0.5,-0.866025403784439));
#1216=FACE_BOUND('',#1217,.T.);
#1217=EDGE_LOOP('',(#2088,#2089,#2090,#2091));
#1218=CYLINDRICAL_SURFACE('',#1219,3.5);
#1219=AXIS2_PLACEMENT_3D('',#1220,#1221,#1222);
#1220=CARTESIAN_POINT('',(14.368,-8.63682155098671E-15,46.85));
#1221=DIRECTION('',(-1.,0.,0.));
#1222=DIRECTION('',(0.,-0.698361110088129,0.715745597203697));
#1223=FACE_OUTER_BOUND('',#1224,.T.);
#1224=EDGE_LOOP('',(#2092));
#1225=FACE_OUTER_BOUND('',#1226,.T.);
#1226=EDGE_LOOP('',(#2093));
#1227=CYLINDRICAL_SURFACE('',#1228,1.625);
#1228=AXIS2_PLACEMENT_3D('',#1229,#1230,#1231);
#1229=CARTESIAN_POINT('',(14.368,-8.63682155098671E-15,46.85));
#1230=DIRECTION('',(-1.,0.,0.));
#1231=DIRECTION('',(0.,-1.,-6.12323399573677E-17));
#1232=FACE_OUTER_BOUND('',#1233,.T.);
#1233=EDGE_LOOP('',(#2094));
#1234=FACE_OUTER_BOUND('',#1235,.T.);
#1235=EDGE_LOOP('',(#2095));
#1236=CYLINDRICAL_SURFACE('',#1237,40.8);
#1237=AXIS2_PLACEMENT_3D('',#1238,#1239,#1240);
#1238=CARTESIAN_POINT('',(8.51199999999999,0.,0.));
#1239=DIRECTION('',(-1.,0.,0.));
#1240=DIRECTION('',(0.,-6.12323399573677E-17,1.));
#1241=FACE_OUTER_BOUND('',#1242,.T.);
#1242=EDGE_LOOP('',(#2096));
#1243=FACE_OUTER_BOUND('',#1244,.T.);
#1244=EDGE_LOOP('',(#2097));
#1245=CYLINDRICAL_SURFACE('',#1246,22.688);
#1246=AXIS2_PLACEMENT_3D('',#1247,#1248,#1249);
#1247=CARTESIAN_POINT('',(-12.6,0.,0.));
#1248=DIRECTION('',(-1.,0.,0.));
#1249=DIRECTION('',(0.,-6.12323399573677E-17,1.));
#1250=FACE_OUTER_BOUND('',#1251,.T.);
#1251=EDGE_LOOP('',(#2098));
#1252=FACE_OUTER_BOUND('',#1253,.T.);
#1253=EDGE_LOOP('',(#2099));
#1254=TOROIDAL_SURFACE('',#1255,22.688,18.112);
#1255=AXIS2_PLACEMENT_3D('',#1256,#1257,#1258);
#1256=CARTESIAN_POINT('',(8.51199999999999,0.,0.));
#1257=DIRECTION('',(-1.,0.,0.));
#1258=DIRECTION('',(0.,-6.12323399573677E-17,1.));
#1259=FACE_OUTER_BOUND('',#1260,.T.);
#1260=EDGE_LOOP('',(#2100));
#1261=FACE_BOUND('',#1262,.T.);
#1262=EDGE_LOOP('',(#2101,#2102,#2103,#2104,#2105,#2106,#2107,#2108,#2109,#2110,
#2111,#2112,#2113,#2114,#2115,#2116,#2117,#2118,#2119,#2120,#2121,#2122,#2123,#2124,
#2125));
#1263=CYLINDRICAL_SURFACE('',#1264,43.6);
#1264=AXIS2_PLACEMENT_3D('',#1265,#1266,#1267);
#1265=CARTESIAN_POINT('',(47.3094521133359,0.,0.));
#1266=DIRECTION('',(-1.,0.,0.));
#1267=DIRECTION('',(0.,-6.12323399573677E-17,1.));
#1268=FACE_OUTER_BOUND('',#1269,.T.);
#1269=EDGE_LOOP('',(#2126));
#1270=FACE_OUTER_BOUND('',#1271,.T.);
#1271=EDGE_LOOP('',(#2127));
#1272=CYLINDRICAL_SURFACE('',#1273,13.6319999999864);
#1273=AXIS2_PLACEMENT_3D('',#1274,#1275,#1276);
#1274=CARTESIAN_POINT('',(42.3094521133359,0.,0.));
#1275=DIRECTION('',(-1.,0.,0.));
#1276=DIRECTION('',(0.,-6.12323399573677E-17,1.));
#1277=FACE_BOUND('',#1278,.T.);
#1278=EDGE_LOOP('',(#2128));
#1279=FACE_BOUND('',#1280,.T.);
#1280=EDGE_LOOP('',(#2129));
#1281=PLANE('',#1282);
#1282=AXIS2_PLACEMENT_3D('',#1283,#1284,#1285);
#1283=CARTESIAN_POINT('',(47.3094521133359,0.,0.));
#1284=DIRECTION('',(1.,0.,0.));
#1285=DIRECTION('',(0.,1.,6.12323399573677E-17));
#1286=FACE_BOUND('',#1287,.T.);
#1287=EDGE_LOOP('',(#2130,#2131,#2132,#2133));
#1288=FACE_BOUND('',#1289,.T.);
#1289=EDGE_LOOP('',(#2134));
#1290=PLANE('',#1291);
#1291=AXIS2_PLACEMENT_3D('',#1292,#1293,#1294);
#1292=CARTESIAN_POINT('',(19.968,-41.385790167301,22.0177087188503));
#1293=DIRECTION('',(-1.,0.,0.));
#1294=DIRECTION('',(0.,-0.866025403784439,0.5));
#1295=FACE_BOUND('',#1296,.T.);
#1296=EDGE_LOOP('',(#2135,#2136,#2137,#2138));
#1297=CYLINDRICAL_SURFACE('',#1298,41.1843316477254);
#1298=AXIS2_PLACEMENT_3D('',#1299,#1300,#1301);
#1299=CARTESIAN_POINT('',(19.968,-83.8739457862249,12.3912917486794));
#1300=DIRECTION('',(1.,0.,0.));
#1301=DIRECTION('',(0.,0.989262333690576,-0.146150727473644));
#1302=FACE_BOUND('',#1303,.T.);
#1303=EDGE_LOOP('',(#2139,#2140,#2141,#2142,#2143,#2144,#2145,#2146,#2147,#2148,
#2149,#2150,#2151));
#1304=FACE_OUTER_BOUND('',#1305,.T.);
#1305=EDGE_LOOP('',(#2152));
#1306=CONICAL_SURFACE('',#1307,42.4,0.785398163397454);
#1307=AXIS2_PLACEMENT_3D('',#1308,#1309,#1310);
#1308=CARTESIAN_POINT('',(13.168,0.,0.));
#1309=DIRECTION('',(1.,0.,0.));
#1310=DIRECTION('',(0.,6.12323399573677E-17,-1.));
#1311=FACE_BOUND('',#1312,.T.);
#1312=EDGE_LOOP('',(#2153,#2154,#2155,#2156));
#1313=CYLINDRICAL_SURFACE('',#1314,41.1843316477254);
#1314=AXIS2_PLACEMENT_3D('',#1315,#1316,#1317);
#1315=CARTESIAN_POINT('',(19.968,-83.8739457862265,-12.3912917486764));
#1316=DIRECTION('',(1.,0.,0.));
#1317=DIRECTION('',(0.,0.969034424869315,-0.246925663749632));
#1318=FACE_BOUND('',#1319,.T.);
#1319=EDGE_LOOP('',(#2157,#2158,#2159,#2160));
#1320=FACE_BOUND('',#1321,.T.);
#1321=EDGE_LOOP('',(#2161));
#1322=PLANE('',#1323);
#1323=AXIS2_PLACEMENT_3D('',#1324,#1325,#1326);
#1324=CARTESIAN_POINT('',(19.968,-39.7607901673009,-24.8322912811497));
#1325=DIRECTION('',(-1.,0.,0.));
#1326=DIRECTION('',(0.,-0.866025403784439,-0.5));
#1327=FACE_BOUND('',#1328,.T.);
#1328=EDGE_LOOP('',(#2162,#2163,#2164,#2165));
#1329=CYLINDRICAL_SURFACE('',#1330,41.1843316477254);
#1330=AXIS2_PLACEMENT_3D('',#1331,#1332,#1333);
#1331=CARTESIAN_POINT('',(19.968,-52.6681463331733,-66.4413218921699));
#1332=DIRECTION('',(1.,0.,0.));
#1333=DIRECTION('',(0.,0.62120140961904,0.783650948246295));
#1334=FACE_BOUND('',#1335,.T.);
#1335=EDGE_LOOP('',(#2166,#2167,#2168,#2169));
#1336=CYLINDRICAL_SURFACE('',#1337,41.1843316477254);
#1337=AXIS2_PLACEMENT_3D('',#1338,#1339,#1340);
#1338=CARTESIAN_POINT('',(19.968,-31.205799453055,-78.8326136408491));
#1339=DIRECTION('',(1.,0.,0.));
#1340=DIRECTION('',(0.,0.698361110088173,0.715745597203654));
#1341=FACE_BOUND('',#1342,.T.);
#1342=EDGE_LOOP('',(#2170,#2171,#2172,#2173));
#1343=FACE_BOUND('',#1344,.T.);
#1344=EDGE_LOOP('',(#2174));
#1345=PLANE('',#1346);
#1346=AXIS2_PLACEMENT_3D('',#1347,#1348,#1349);
#1347=CARTESIAN_POINT('',(19.968,1.62499999999999,-46.85));
#1348=DIRECTION('',(-1.,0.,0.));
#1349=DIRECTION('',(0.,-3.88578058618805E-16,-1.));
#1350=FACE_BOUND('',#1351,.T.);
#1351=EDGE_LOOP('',(#2175,#2176,#2177,#2178));
#1352=CYLINDRICAL_SURFACE('',#1353,41.1843316477254);
#1353=AXIS2_PLACEMENT_3D('',#1354,#1355,#1356);
#1354=CARTESIAN_POINT('',(19.968,31.2057994530516,-78.8326136408493));
#1355=DIRECTION('',(1.,0.,0.));
#1356=DIRECTION('',(0.,-0.368060924071536,0.929801675719939));
#1357=FACE_BOUND('',#1358,.T.);
#1358=EDGE_LOOP('',(#2179,#2180,#2181,#2182));
#1359=CYLINDRICAL_SURFACE('',#1360,41.1843316477254);
#1360=AXIS2_PLACEMENT_3D('',#1361,#1362,#1363);
#1361=CARTESIAN_POINT('',(19.968,52.6681463331715,-66.4413218921727));
#1362=DIRECTION('',(1.,0.,0.));
#1363=DIRECTION('',(0.,-0.270673314781142,0.962671260953286));
#1364=FACE_BOUND('',#1365,.T.);
#1365=EDGE_LOOP('',(#2183,#2184,#2185,#2186));
#1366=FACE_BOUND('',#1367,.T.);
#1367=EDGE_LOOP('',(#2187));
#1368=PLANE('',#1369);
#1369=AXIS2_PLACEMENT_3D('',#1370,#1371,#1372);
#1370=CARTESIAN_POINT('',(19.968,41.3857901673009,-22.0177087188503));
#1371=DIRECTION('',(-1.,0.,0.));
#1372=DIRECTION('',(0.,0.866025403784438,-0.5));
#1373=FACE_BOUND('',#1374,.T.);
#1374=EDGE_LOOP('',(#2188,#2189,#2190,#2191));
#1375=CYLINDRICAL_SURFACE('',#1376,41.1843316477254);
#1376=AXIS2_PLACEMENT_3D('',#1377,#1378,#1379);
#1377=CARTESIAN_POINT('',(19.968,83.8739457862249,-12.3912917486794));
#1378=DIRECTION('',(1.,0.,0.));
#1379=DIRECTION('',(0.,-0.989262333690576,0.146150727473644));
#1380=FACE_BOUND('',#1381,.T.);
#1381=EDGE_LOOP('',(#2192,#2193,#2194,#2195));
#1382=CYLINDRICAL_SURFACE('',#1383,41.1843316477254);
#1383=AXIS2_PLACEMENT_3D('',#1384,#1385,#1386);
#1384=CARTESIAN_POINT('',(19.968,83.8739457862265,12.3912917486763));
#1385=DIRECTION('',(1.,0.,0.));
#1386=DIRECTION('',(0.,-0.969034424869315,0.246925663749632));
#1387=FACE_BOUND('',#1388,.T.);
#1388=EDGE_LOOP('',(#2196,#2197,#2198,#2199));
#1389=FACE_BOUND('',#1390,.T.);
#1390=EDGE_LOOP('',(#2200));
#1391=PLANE('',#1392);
#1392=AXIS2_PLACEMENT_3D('',#1393,#1394,#1395);
#1393=CARTESIAN_POINT('',(19.968,39.760790167301,24.8322912811497));
#1394=DIRECTION('',(-1.,0.,0.));
#1395=DIRECTION('',(0.,0.866025403784439,0.499999999999999));
#1396=FACE_BOUND('',#1397,.T.);
#1397=EDGE_LOOP('',(#2201,#2202,#2203,#2204));
#1398=CYLINDRICAL_SURFACE('',#1399,41.1843316477254);
#1399=AXIS2_PLACEMENT_3D('',#1400,#1401,#1402);
#1400=CARTESIAN_POINT('',(19.968,52.6681463331734,66.4413218921698));
#1401=DIRECTION('',(1.,0.,0.));
#1402=DIRECTION('',(0.,-0.621201409619041,-0.783650948246295));
#1403=FACE_BOUND('',#1404,.T.);
#1404=EDGE_LOOP('',(#2205,#2206,#2207,#2208));
#1405=CYLINDRICAL_SURFACE('',#1406,41.1843316477254);
#1406=AXIS2_PLACEMENT_3D('',#1407,#1408,#1409);
#1407=CARTESIAN_POINT('',(19.968,31.205799453055,78.8326136408491));
#1408=DIRECTION('',(1.,0.,0.));
#1409=DIRECTION('',(0.,-0.698361110088173,-0.715745597203654));
#1410=FACE_BOUND('',#1411,.T.);
#1411=EDGE_LOOP('',(#2209,#2210,#2211,#2212,#2213));
#1412=FACE_BOUND('',#1413,.T.);
#1413=EDGE_LOOP('',(#2214));
#1414=PLANE('',#1415);
#1415=AXIS2_PLACEMENT_3D('',#1416,#1417,#1418);
#1416=CARTESIAN_POINT('',(19.968,-1.62500000000001,46.85));
#1417=DIRECTION('',(-1.,0.,0.));
#1418=DIRECTION('',(0.,-6.12323399573677E-17,1.));
#1419=FACE_BOUND('',#1420,.T.);
#1420=EDGE_LOOP('',(#2215));
#1421=FACE_BOUND('',#1422,.T.);
#1422=EDGE_LOOP('',(#2216));
#1423=PLANE('',#1424);
#1424=AXIS2_PLACEMENT_3D('',#1425,#1426,#1427);
#1425=CARTESIAN_POINT('',(50.3094521133359,0.,0.));
#1426=DIRECTION('',(1.,0.,0.));
#1427=DIRECTION('',(0.,1.,6.12323399573677E-17));
#1428=FACE_BOUND('',#1429,.T.);
#1429=EDGE_LOOP('',(#2217,#2218,#2219,#2220));
#1430=CYLINDRICAL_SURFACE('',#1431,41.1843316477254);
#1431=AXIS2_PLACEMENT_3D('',#1432,#1433,#1434);
#1432=CARTESIAN_POINT('',(19.968,-31.2057994530516,78.8326136408493));
#1433=DIRECTION('',(1.,0.,0.));
#1434=DIRECTION('',(0.,0.368060924071536,-0.929801675719939));
#1435=FACE_BOUND('',#1436,.T.);
#1436=EDGE_LOOP('',(#2221,#2222,#2223,#2224));
#1437=CYLINDRICAL_SURFACE('',#1438,41.1843316477254);
#1438=AXIS2_PLACEMENT_3D('',#1439,#1440,#1441);
#1439=CARTESIAN_POINT('',(19.968,-52.6681463331715,66.4413218921727));
#1440=DIRECTION('',(1.,0.,0.));
#1441=DIRECTION('',(0.,0.270673314781142,-0.962671260953286));
#1442=FACE_OUTER_BOUND('',#1443,.T.);
#1443=EDGE_LOOP('',(#2225));
#1444=FACE_OUTER_BOUND('',#1445,.T.);
#1445=EDGE_LOOP('',(#2226));
#1446=TOROIDAL_SURFACE('',#1447,22.688,18.112);
#1447=AXIS2_PLACEMENT_3D('',#1448,#1449,#1450);
#1448=CARTESIAN_POINT('',(26.624,0.,0.));
#1449=DIRECTION('',(-1.,0.,0.));
#1450=DIRECTION('',(0.,-6.12323399573677E-17,1.));
#1451=FACE_OUTER_BOUND('',#1452,.T.);
#1452=EDGE_LOOP('',(#2227));
#1453=FACE_OUTER_BOUND('',#1454,.T.);
#1454=EDGE_LOOP('',(#2228));
#1455=CYLINDRICAL_SURFACE('',#1456,1.584);
#1456=AXIS2_PLACEMENT_3D('',#1457,#1458,#1459);
#1457=CARTESIAN_POINT('',(47.3094521133359,2.91878534933446E-32,1.78724056773032E-48));
#1458=DIRECTION('',(1.,0.,0.));
#1459=DIRECTION('',(0.,-6.12323399573676E-17,1.));
#1460=FACE_BOUND('',#1461,.T.);
#1461=EDGE_LOOP('',(#2229,#2230,#2231,#2232));
#1462=CYLINDRICAL_SURFACE('',#1463,3.5);
#1463=AXIS2_PLACEMENT_3D('',#1464,#1465,#1466);
#1464=CARTESIAN_POINT('',(19.968,-40.573290167301,23.425));
#1465=DIRECTION('',(-1.,0.,0.));
#1466=DIRECTION('',(0.,-0.96903442486933,-0.246925663749572));
#1467=FACE_OUTER_BOUND('',#1468,.T.);
#1468=EDGE_LOOP('',(#2233));
#1469=FACE_OUTER_BOUND('',#1470,.T.);
#1470=EDGE_LOOP('',(#2234));
#1471=CYLINDRICAL_SURFACE('',#1472,1.625);
#1472=AXIS2_PLACEMENT_3D('',#1473,#1474,#1475);
#1473=CARTESIAN_POINT('',(19.968,-40.573290167301,23.425));
#1474=DIRECTION('',(-1.,0.,0.));
#1475=DIRECTION('',(0.,-0.5,-0.866025403784439));
#1476=FACE_BOUND('',#1477,.T.);
#1477=EDGE_LOOP('',(#2235,#2236,#2237,#2238));
#1478=FACE_BOUND('',#1479,.T.);
#1479=EDGE_LOOP('',(#2239));
#1480=PLANE('',#1481);
#1481=AXIS2_PLACEMENT_3D('',#1482,#1483,#1484);
#1482=CARTESIAN_POINT('',(14.368,-41.385790167301,22.0177087188503));
#1483=DIRECTION('',(-1.,0.,0.));
#1484=DIRECTION('',(0.,-0.866025403784439,0.5));
#1485=FACE_BOUND('',#1486,.T.);
#1486=EDGE_LOOP('',(#2240,#2241,#2242,#2243,#2244));
#1487=FACE_BOUND('',#1488,.T.);
#1488=EDGE_LOOP('',(#2245));
#1489=PLANE('',#1490);
#1490=AXIS2_PLACEMENT_3D('',#1491,#1492,#1493);
#1491=CARTESIAN_POINT('',(14.368,-1.62500000000001,46.85));
#1492=DIRECTION('',(-1.,0.,0.));
#1493=DIRECTION('',(0.,-6.12323399573677E-17,1.));
#1494=FACE_BOUND('',#1495,.T.);
#1495=EDGE_LOOP('',(#2246));
#1496=FACE_BOUND('',#1497,.T.);
#1497=EDGE_LOOP('',(#2247));
#1498=PLANE('',#1499);
#1499=AXIS2_PLACEMENT_3D('',#1500,#1501,#1502);
#1500=CARTESIAN_POINT('',(11.968,0.,0.));
#1501=DIRECTION('',(-1.,0.,0.));
#1502=DIRECTION('',(0.,-6.12323399573677E-17,1.));
#1503=FACE_BOUND('',#1504,.T.);
#1504=EDGE_LOOP('',(#2248,#2249,#2250,#2251));
#1505=FACE_BOUND('',#1506,.T.);
#1506=EDGE_LOOP('',(#2252));
#1507=PLANE('',#1508);
#1508=AXIS2_PLACEMENT_3D('',#1509,#1510,#1511);
#1509=CARTESIAN_POINT('',(14.368,39.760790167301,24.8322912811497));
#1510=DIRECTION('',(-1.,0.,0.));
#1511=DIRECTION('',(0.,0.866025403784439,0.499999999999999));
#1512=FACE_BOUND('',#1513,.T.);
#1513=EDGE_LOOP('',(#2253,#2254,#2255,#2256));
#1514=FACE_BOUND('',#1515,.T.);
#1515=EDGE_LOOP('',(#2257));
#1516=PLANE('',#1517);
#1517=AXIS2_PLACEMENT_3D('',#1518,#1519,#1520);
#1518=CARTESIAN_POINT('',(14.368,41.3857901673009,-22.0177087188503));
#1519=DIRECTION('',(-1.,0.,0.));
#1520=DIRECTION('',(0.,0.866025403784438,-0.5));
#1521=FACE_BOUND('',#1522,.T.);
#1522=EDGE_LOOP('',(#2258,#2259,#2260,#2261));
#1523=FACE_BOUND('',#1524,.T.);
#1524=EDGE_LOOP('',(#2262));
#1525=PLANE('',#1526);
#1526=AXIS2_PLACEMENT_3D('',#1527,#1528,#1529);
#1527=CARTESIAN_POINT('',(14.368,1.62499999999999,-46.85));
#1528=DIRECTION('',(-1.,0.,0.));
#1529=DIRECTION('',(0.,-3.88578058618805E-16,-1.));
#1530=FACE_BOUND('',#1531,.T.);
#1531=EDGE_LOOP('',(#2263,#2264,#2265,#2266));
#1532=FACE_BOUND('',#1533,.T.);
#1533=EDGE_LOOP('',(#2267));
#1534=PLANE('',#1535);
#1535=AXIS2_PLACEMENT_3D('',#1536,#1537,#1538);
#1536=CARTESIAN_POINT('',(14.368,-39.7607901673009,-24.8322912811497));
#1537=DIRECTION('',(-1.,0.,0.));
#1538=DIRECTION('',(0.,-0.866025403784439,-0.5));
#1539=FACE_BOUND('',#1540,.T.);
#1540=EDGE_LOOP('',(#2268,#2269,#2270,#2271));
#1541=CYLINDRICAL_SURFACE('',#1542,3.5);
#1542=AXIS2_PLACEMENT_3D('',#1543,#1544,#1545);
#1543=CARTESIAN_POINT('',(19.968,-40.5732901673009,-23.425));
#1544=DIRECTION('',(-1.,0.,0.));
#1545=DIRECTION('',(0.,-0.270673314781202,-0.962671260953269));
#1546=FACE_OUTER_BOUND('',#1547,.T.);
#1547=EDGE_LOOP('',(#2272));
#1548=FACE_OUTER_BOUND('',#1549,.T.);
#1549=EDGE_LOOP('',(#2273));
#1550=CYLINDRICAL_SURFACE('',#1551,1.625);
#1551=AXIS2_PLACEMENT_3D('',#1552,#1553,#1554);
#1552=CARTESIAN_POINT('',(19.968,-40.5732901673009,-23.425));
#1553=DIRECTION('',(-1.,0.,0.));
#1554=DIRECTION('',(0.,0.5,-0.866025403784439));
#1555=FACE_BOUND('',#1556,.T.);
#1556=EDGE_LOOP('',(#2274,#2275,#2276,#2277));
#1557=CYLINDRICAL_SURFACE('',#1558,3.5);
#1558=AXIS2_PLACEMENT_3D('',#1559,#1560,#1561);
#1559=CARTESIAN_POINT('',(19.968,-1.24138775812175E-14,-46.85));
#1560=DIRECTION('',(-1.,0.,0.));
#1561=DIRECTION('',(0.,0.698361110088128,-0.715745597203697));
#1562=FACE_OUTER_BOUND('',#1563,.T.);
#1563=EDGE_LOOP('',(#2278));
#1564=FACE_OUTER_BOUND('',#1565,.T.);
#1565=EDGE_LOOP('',(#2279));
#1566=CYLINDRICAL_SURFACE('',#1567,1.625);
#1567=AXIS2_PLACEMENT_3D('',#1568,#1569,#1570);
#1568=CARTESIAN_POINT('',(19.968,-1.24138775812175E-14,-46.85));
#1569=DIRECTION('',(-1.,0.,0.));
#1570=DIRECTION('',(0.,1.,-3.88578058618805E-16));
#1571=FACE_BOUND('',#1572,.T.);
#1572=EDGE_LOOP('',(#2280,#2281,#2282,#2283));
#1573=CYLINDRICAL_SURFACE('',#1574,3.5);
#1574=AXIS2_PLACEMENT_3D('',#1575,#1576,#1577);
#1575=CARTESIAN_POINT('',(19.968,40.5732901673009,-23.425));
#1576=DIRECTION('',(-1.,0.,0.));
#1577=DIRECTION('',(0.,0.96903442486933,0.246925663749571));
#1578=FACE_OUTER_BOUND('',#1579,.T.);
#1579=EDGE_LOOP('',(#2284));
#1580=FACE_OUTER_BOUND('',#1581,.T.);
#1581=EDGE_LOOP('',(#2285));
#1582=CYLINDRICAL_SURFACE('',#1583,1.625);
#1583=AXIS2_PLACEMENT_3D('',#1584,#1585,#1586);
#1584=CARTESIAN_POINT('',(19.968,40.5732901673009,-23.425));
#1585=DIRECTION('',(-1.,0.,0.));
#1586=DIRECTION('',(0.,0.5,0.866025403784438));
#1587=FACE_BOUND('',#1588,.T.);
#1588=EDGE_LOOP('',(#2286,#2287,#2288,#2289));
#1589=CYLINDRICAL_SURFACE('',#1590,3.5);
#1590=AXIS2_PLACEMENT_3D('',#1591,#1592,#1593);
#1591=CARTESIAN_POINT('',(19.968,40.573290167301,23.425));
#1592=DIRECTION('',(-1.,0.,0.));
#1593=DIRECTION('',(0.,0.270673314781202,0.962671260953269));
#1594=FACE_OUTER_BOUND('',#1595,.T.);
#1595=EDGE_LOOP('',(#2290));
#1596=FACE_OUTER_BOUND('',#1597,.T.);
#1597=EDGE_LOOP('',(#2291));
#1598=CYLINDRICAL_SURFACE('',#1599,1.625);
#1599=AXIS2_PLACEMENT_3D('',#1600,#1601,#1602);
#1600=CARTESIAN_POINT('',(19.968,40.573290167301,23.425));
#1601=DIRECTION('',(-1.,0.,0.));
#1602=DIRECTION('',(0.,-0.499999999999999,0.866025403784439));
#1603=FACE_BOUND('',#1604,.T.);
#1604=EDGE_LOOP('',(#2292,#2293,#2294,#2295));
#1605=CYLINDRICAL_SURFACE('',#1606,3.5);
#1606=AXIS2_PLACEMENT_3D('',#1607,#1608,#1609);
#1607=CARTESIAN_POINT('',(19.968,-8.65973959207622E-15,46.85));
#1608=DIRECTION('',(-1.,0.,0.));
#1609=DIRECTION('',(0.,-0.698361110088129,0.715745597203697));
#1610=FACE_OUTER_BOUND('',#1611,.T.);
#1611=EDGE_LOOP('',(#2296));
#1612=FACE_OUTER_BOUND('',#1613,.T.);
#1613=EDGE_LOOP('',(#2297));
#1614=CYLINDRICAL_SURFACE('',#1615,1.625);
#1615=AXIS2_PLACEMENT_3D('',#1616,#1617,#1618);
#1616=CARTESIAN_POINT('',(19.968,-8.65973959207622E-15,46.85));
#1617=DIRECTION('',(-1.,0.,0.));
#1618=DIRECTION('',(0.,-1.,-6.12323399573677E-17));
#1619=FACE_OUTER_BOUND('',#1620,.T.);
#1620=EDGE_LOOP('',(#2298));
#1621=FACE_OUTER_BOUND('',#1622,.T.);
#1622=EDGE_LOOP('',(#2299));
#1623=CYLINDRICAL_SURFACE('',#1624,40.8);
#1624=AXIS2_PLACEMENT_3D('',#1625,#1626,#1627);
#1625=CARTESIAN_POINT('',(11.968,0.,0.));
#1626=DIRECTION('',(-1.,0.,0.));
#1627=DIRECTION('',(0.,-6.12323399573677E-17,1.));
#1628=FACE_BOUND('',#1629,.T.);
#1629=EDGE_LOOP('',(#2300));
#1630=FACE_BOUND('',#1631,.T.);
#1631=EDGE_LOOP('',(#2301));
#1632=PLANE('',#1633);
#1633=AXIS2_PLACEMENT_3D('',#1634,#1635,#1636);
#1634=CARTESIAN_POINT('',(42.3094521133359,-11.4783246766094,-7.35387561888082));
#1635=DIRECTION('',(1.,0.,0.));
#1636=DIRECTION('',(0.,0.,1.));
#1637=FACE_OUTER_BOUND('',#1638,.T.);
#1638=EDGE_LOOP('',(#2302));
#1639=FACE_OUTER_BOUND('',#1640,.T.);
#1640=EDGE_LOOP('',(#2303));
#1641=CYLINDRICAL_SURFACE('',#1642,1.584);
#1642=AXIS2_PLACEMENT_3D('',#1643,#1644,#1645);
#1643=CARTESIAN_POINT('',(-0.0310783718566885,0.,0.));
#1644=DIRECTION('',(-1.,0.,0.));
#1645=DIRECTION('',(0.,-6.12323399573677E-17,1.));
#1646=FACE_BOUND('',#1647,.T.);
#1647=EDGE_LOOP('',(#2304));
#1648=FACE_BOUND('',#1649,.T.);
#1649=EDGE_LOOP('',(#2305));
#1650=PLANE('',#1651);
#1651=AXIS2_PLACEMENT_3D('',#1652,#1653,#1654);
#1652=CARTESIAN_POINT('',(29.4689221133359,0.,0.));
#1653=DIRECTION('',(1.,0.,0.));
#1654=DIRECTION('',(0.,1.,6.12323399573677E-17));
#1655=FACE_OUTER_BOUND('',#1656,.T.);
#1656=EDGE_LOOP('',(#2306));
#1657=FACE_OUTER_BOUND('',#1658,.T.);
#1658=EDGE_LOOP('',(#2307));
#1659=CYLINDRICAL_SURFACE('',#1660,11.9319999999864);
#1660=AXIS2_PLACEMENT_3D('',#1661,#1662,#1663);
#1661=CARTESIAN_POINT('',(29.4689221133359,0.,0.));
#1662=DIRECTION('',(1.,0.,0.));
#1663=DIRECTION('',(0.,1.,6.12323399573677E-17));
#1664=FACE_OUTER_BOUND('',#1665,.T.);
#1665=EDGE_LOOP('',(#2308));
#1666=FACE_OUTER_BOUND('',#1667,.T.);
#1667=EDGE_LOOP('',(#2309));
#1668=CYLINDRICAL_SURFACE('',#1669,13.6319999999864);
#1669=AXIS2_PLACEMENT_3D('',#1670,#1671,#1672);
#1670=CARTESIAN_POINT('',(42.3094521133359,0.,0.));
#1671=DIRECTION('',(-1.,0.,0.));
#1672=DIRECTION('',(0.,-6.12323399573676E-17,1.));
#1673=FACE_BOUND('',#1674,.T.);
#1674=EDGE_LOOP('',(#2310,#2311,#2312,#2313,#2314,#2315));
#1675=FACE_BOUND('',#1676,.T.);
#1676=EDGE_LOOP('',(#2316));
#1677=PLANE('',#1678);
#1678=AXIS2_PLACEMENT_3D('',#1679,#1680,#1681);
#1679=CARTESIAN_POINT('',(-0.0310783718566885,0.,0.));
#1680=DIRECTION('',(-1.,0.,0.));
#1681=DIRECTION('',(0.,-6.12323399573677E-17,1.));
#1682=FACE_OUTER_BOUND('',#1683,.T.);
#1683=EDGE_LOOP('',(#2317));
#1684=FACE_OUTER_BOUND('',#1685,.T.);
#1685=EDGE_LOOP('',(#2318));
#1686=CONICAL_SURFACE('',#1687,17.7653587969198,1.04473258295001);
#1687=AXIS2_PLACEMENT_3D('',#1688,#1689,#1690);
#1688=CARTESIAN_POINT('',(25.5094521133359,0.,0.));
#1689=DIRECTION('',(-1.,0.,0.));
#1690=DIRECTION('',(0.,-6.12323399573677E-17,1.));
#1691=FACE_BOUND('',#1692,.T.);
#1692=EDGE_LOOP('',(#2319,#2320,#2321,#2322));
#1693=PLANE('',#1694);
#1694=AXIS2_PLACEMENT_3D('',#1695,#1696,#1697);
#1695=CARTESIAN_POINT('',(-0.0310783718566894,-7.04367328411343,-1.77359945856174E-15));
#1696=DIRECTION('',(0.,-0.866025403784439,0.5));
#1697=DIRECTION('',(0.,0.5,0.866025403784439));
#1698=FACE_BOUND('',#1699,.T.);
#1699=EDGE_LOOP('',(#2323,#2324,#2325,#2326));
#1700=PLANE('',#1701);
#1701=AXIS2_PLACEMENT_3D('',#1702,#1703,#1704);
#1702=CARTESIAN_POINT('',(-0.0310783718566894,-3.52183664205672,6.1));
#1703=DIRECTION('',(0.,0.,1.));
#1704=DIRECTION('',(0.,1.,0.));
#1705=FACE_BOUND('',#1706,.T.);
#1706=EDGE_LOOP('',(#2327,#2328,#2329,#2330));
#1707=PLANE('',#1708);
#1708=AXIS2_PLACEMENT_3D('',#1709,#1710,#1711);
#1709=CARTESIAN_POINT('',(-0.0310783718566894,3.52183664205672,6.1));
#1710=DIRECTION('',(0.,0.866025403784439,0.5));
#1711=DIRECTION('',(0.,0.5,-0.866025403784439));
#1712=FACE_BOUND('',#1713,.T.);
#1713=EDGE_LOOP('',(#2331,#2332,#2333,#2334));
#1714=PLANE('',#1715);
#1715=AXIS2_PLACEMENT_3D('',#1716,#1717,#1718);
#1716=CARTESIAN_POINT('',(-0.0310783718566894,7.04367328411343,8.88582022071023E-16));
#1717=DIRECTION('',(0.,0.866025403784439,-0.5));
#1718=DIRECTION('',(0.,-0.5,-0.866025403784439));
#1719=FACE_BOUND('',#1720,.T.);
#1720=EDGE_LOOP('',(#2335,#2336,#2337,#2338));
#1721=PLANE('',#1722);
#1722=AXIS2_PLACEMENT_3D('',#1723,#1724,#1725);
#1723=CARTESIAN_POINT('',(-0.0310783718566894,3.52183664205672,-6.1));
#1724=DIRECTION('',(0.,-1.26095913861217E-16,-1.));
#1725=DIRECTION('',(0.,-1.,1.26095913861217E-16));
#1726=FACE_BOUND('',#1727,.T.);
#1727=EDGE_LOOP('',(#2339,#2340,#2341,#2342));
#1728=PLANE('',#1729);
#1729=AXIS2_PLACEMENT_3D('',#1730,#1731,#1732);
#1730=CARTESIAN_POINT('',(-0.0310783718566894,-3.52183664205672,-6.1));
#1731=DIRECTION('',(0.,-0.866025403784439,-0.5));
#1732=DIRECTION('',(0.,-0.5,0.866025403784439));
#1733=FACE_OUTER_BOUND('',#1734,.T.);
#1734=EDGE_LOOP('',(#2343));
#1735=FACE_OUTER_BOUND('',#1736,.T.);
#1736=EDGE_LOOP('',(#2344));
#1737=CYLINDRICAL_SURFACE('',#1738,21.8987175938531);
#1738=AXIS2_PLACEMENT_3D('',#1739,#1740,#1741);
#1739=CARTESIAN_POINT('',(23.1094521133359,0.,0.));
#1740=DIRECTION('',(-1.,0.,0.));
#1741=DIRECTION('',(0.,-6.12323399573677E-17,1.));
#1742=FACE_BOUND('',#1743,.T.);
#1743=EDGE_LOOP('',(#2345));
#1744=FACE_BOUND('',#1745,.T.);
#1745=EDGE_LOOP('',(#2346,#2347,#2348,#2349,#2350,#2351));
#1746=PLANE('',#1747);
#1747=AXIS2_PLACEMENT_3D('',#1748,#1749,#1750);
#1748=CARTESIAN_POINT('',(-6.03107837185669,0.,0.));
#1749=DIRECTION('',(-1.,0.,0.));
#1750=DIRECTION('',(0.,-6.12323399573677E-17,1.));
#1751=FACE_BOUND('',#1752,.T.);
#1752=EDGE_LOOP('',(#2352));
#1753=FACE_BOUND('',#1754,.T.);
#1754=EDGE_LOOP('',(#2353));
#1755=PLANE('',#1756);
#1756=AXIS2_PLACEMENT_3D('',#1757,#1758,#1759);
#1757=CARTESIAN_POINT('',(16.3372057960483,0.,0.));
#1758=DIRECTION('',(1.,0.,0.));
#1759=DIRECTION('',(0.,-6.12323399573677E-17,1.));
#1760=FACE_OUTER_BOUND('',#1761,.T.);
#1761=EDGE_LOOP('',(#2354));
#1762=FACE_OUTER_BOUND('',#1763,.T.);
#1763=EDGE_LOOP('',(#2355));
#1764=CYLINDRICAL_SURFACE('',#1765,14.8987175938531);
#1765=AXIS2_PLACEMENT_3D('',#1766,#1767,#1768);
#1766=CARTESIAN_POINT('',(-9.6,0.,0.));
#1767=DIRECTION('',(-1.,0.,0.));
#1768=DIRECTION('',(0.,-6.12323399573677E-17,1.));
#1769=FACE_OUTER_BOUND('',#1770,.T.);
#1770=EDGE_LOOP('',(#2356));
#1771=FACE_OUTER_BOUND('',#1772,.T.);
#1772=EDGE_LOOP('',(#2357));
#1773=CYLINDRICAL_SURFACE('',#1774,25.2587175938531);
#1774=AXIS2_PLACEMENT_3D('',#1775,#1776,#1777);
#1775=CARTESIAN_POINT('',(16.3372057960483,0.,0.));
#1776=DIRECTION('',(-1.,0.,0.));
#1777=DIRECTION('',(0.,-6.12323399573677E-17,1.));
#1778=FACE_BOUND('',#1779,.T.);
#1779=EDGE_LOOP('',(#2358));
#1780=FACE_BOUND('',#1781,.T.);
#1781=EDGE_LOOP('',(#2359));
#1782=PLANE('',#1783);
#1783=AXIS2_PLACEMENT_3D('',#1784,#1785,#1786);
#1784=CARTESIAN_POINT('',(-9.6,0.,0.));
#1785=DIRECTION('',(-1.,0.,0.));
#1786=DIRECTION('',(0.,-6.12323399573677E-17,1.));
#1787=FACE_BOUND('',#1788,.T.);
#1788=EDGE_LOOP('',(#2360));
#1789=FACE_BOUND('',#1790,.T.);
#1790=EDGE_LOOP('',(#2361));
#1791=PLANE('',#1792);
#1792=AXIS2_PLACEMENT_3D('',#1793,#1794,#1795);
#1793=CARTESIAN_POINT('',(13.4572057960483,0.,0.));
#1794=DIRECTION('',(-1.,0.,0.));
#1795=DIRECTION('',(0.,-6.12323399573677E-17,1.));
#1796=FACE_OUTER_BOUND('',#1797,.T.);
#1797=EDGE_LOOP('',(#2362));
#1798=FACE_OUTER_BOUND('',#1799,.T.);
#1799=EDGE_LOOP('',(#2363));
#1800=CONICAL_SURFACE('',#1801,19.3987175938531,0.785398163397448);
#1801=AXIS2_PLACEMENT_3D('',#1802,#1803,#1804);
#1802=CARTESIAN_POINT('',(-7.1,0.,0.));
#1803=DIRECTION('',(1.,0.,0.));
#1804=DIRECTION('',(0.,6.12323399573677E-17,-1.));
#1805=FACE_OUTER_BOUND('',#1806,.T.);
#1806=EDGE_LOOP('',(#2364));
#1807=FACE_OUTER_BOUND('',#1808,.T.);
#1808=EDGE_LOOP('',(#2365));
#1809=CYLINDRICAL_SURFACE('',#1810,21.8987175938531);
#1810=AXIS2_PLACEMENT_3D('',#1811,#1812,#1813);
#1811=CARTESIAN_POINT('',(13.4572057960483,0.,0.));
#1812=DIRECTION('',(-1.,0.,0.));
#1813=DIRECTION('',(0.,-6.12323399573677E-17,1.));
#1814=FACE_OUTER_BOUND('',#1815,.T.);
#1815=EDGE_LOOP('',(#2366));
#1816=FACE_OUTER_BOUND('',#1817,.T.);
#1817=EDGE_LOOP('',(#2367));
#1818=CYLINDRICAL_SURFACE('',#1819,21.8987175938531);
#1819=AXIS2_PLACEMENT_3D('',#1820,#1821,#1822);
#1820=CARTESIAN_POINT('',(-1.90279420395172,0.,0.));
#1821=DIRECTION('',(-1.,0.,0.));
#1822=DIRECTION('',(0.,-6.12323399573677E-17,1.));
#1823=FACE_BOUND('',#1824,.T.);
#1824=EDGE_LOOP('',(#2368));
#1825=FACE_BOUND('',#1826,.T.);
#1826=EDGE_LOOP('',(#2369));
#1827=PLANE('',#1828);
#1828=AXIS2_PLACEMENT_3D('',#1829,#1830,#1831);
#1829=CARTESIAN_POINT('',(0.977205796048287,0.,0.));
#1830=DIRECTION('',(1.,0.,0.));
#1831=DIRECTION('',(0.,-6.12323399573677E-17,1.));
#1832=FACE_BOUND('',#1833,.T.);
#1833=EDGE_LOOP('',(#2370));
#1834=FACE_BOUND('',#1835,.T.);
#1835=EDGE_LOOP('',(#2371));
#1836=PLANE('',#1837);
#1837=AXIS2_PLACEMENT_3D('',#1838,#1839,#1840);
#1838=CARTESIAN_POINT('',(-1.90279420395172,0.,0.));
#1839=DIRECTION('',(-1.,0.,0.));
#1840=DIRECTION('',(0.,-6.12323399573677E-17,1.));
#1841=FACE_OUTER_BOUND('',#1842,.T.);
#1842=EDGE_LOOP('',(#2372));
#1843=FACE_OUTER_BOUND('',#1844,.T.);
#1844=EDGE_LOOP('',(#2373));
#1845=CYLINDRICAL_SURFACE('',#1846,25.2587175938531);
#1846=AXIS2_PLACEMENT_3D('',#1847,#1848,#1849);
#1847=CARTESIAN_POINT('',(0.977205796048287,0.,0.));
#1848=DIRECTION('',(-1.,0.,0.));
#1849=DIRECTION('',(0.,-6.12323399573677E-17,1.));
#1850=FACE_OUTER_BOUND('',#1851,.T.);
#1851=EDGE_LOOP('',(#2374));
#1852=FACE_OUTER_BOUND('',#1853,.T.);
#1853=EDGE_LOOP('',(#2375));
#1854=CYLINDRICAL_SURFACE('',#1855,1.584);
#1855=AXIS2_PLACEMENT_3D('',#1856,#1857,#1858);
#1856=CARTESIAN_POINT('',(-0.0310783718566885,0.,0.));
#1857=DIRECTION('',(-1.,0.,0.));
#1858=DIRECTION('',(0.,-6.12323399573677E-17,1.));
#1859=FACE_BOUND('',#1860,.T.);
#1860=EDGE_LOOP('',(#2376));
#1861=FACE_BOUND('',#1862,.T.);
#1862=EDGE_LOOP('',(#2377));
#1863=PLANE('',#1864);
#1864=AXIS2_PLACEMENT_3D('',#1865,#1866,#1867);
#1865=CARTESIAN_POINT('',(42.3094521133359,-11.4783246766094,-7.35387561888082));
#1866=DIRECTION('',(1.,0.,0.));
#1867=DIRECTION('',(0.,0.,1.));
#1868=FACE_OUTER_BOUND('',#1869,.T.);
#1869=EDGE_LOOP('',(#2378));
#1870=FACE_OUTER_BOUND('',#1871,.T.);
#1871=EDGE_LOOP('',(#2379));
#1872=CYLINDRICAL_SURFACE('',#1873,11.9319999999864);
#1873=AXIS2_PLACEMENT_3D('',#1874,#1875,#1876);
#1874=CARTESIAN_POINT('',(42.3094521133359,0.,0.));
#1875=DIRECTION('',(-1.,0.,0.));
#1876=DIRECTION('',(0.,1.,6.12323399573677E-17));
#1877=FACE_BOUND('',#1878,.T.);
#1878=EDGE_LOOP('',(#2380));
#1879=FACE_BOUND('',#1880,.T.);
#1880=EDGE_LOOP('',(#2381));
#1881=PLANE('',#1882);
#1882=AXIS2_PLACEMENT_3D('',#1883,#1884,#1885);
#1883=CARTESIAN_POINT('',(47.3094521133359,-8.34719258298005E-16,13.6319999999864));
#1884=DIRECTION('',(-1.,0.,0.));
#1885=DIRECTION('',(0.,1.,6.12323399573676E-17));
#1886=FACE_BOUND('',#1887,.T.);
#1887=EDGE_LOOP('',(#2382));
#1888=FACE_BOUND('',#1889,.T.);
#1889=EDGE_LOOP('',(#2383));
#1890=PLANE('',#1891);
#1891=AXIS2_PLACEMENT_3D('',#1892,#1893,#1894);
#1892=CARTESIAN_POINT('',(32.3094521133359,0.,0.));
#1893=DIRECTION('',(-1.,0.,0.));
#1894=DIRECTION('',(0.,-1.,-6.12323399573677E-17));
#1895=FACE_OUTER_BOUND('',#1896,.T.);
#1896=EDGE_LOOP('',(#2384));
#1897=FACE_OUTER_BOUND('',#1898,.T.);
#1898=EDGE_LOOP('',(#2385));
#1899=CYLINDRICAL_SURFACE('',#1900,13.6319999999864);
#1900=AXIS2_PLACEMENT_3D('',#1901,#1902,#1903);
#1901=CARTESIAN_POINT('',(42.3094521133359,0.,0.));
#1902=DIRECTION('',(-1.,0.,0.));
#1903=DIRECTION('',(0.,-6.12323399573676E-17,1.));
#1904=ORIENTED_EDGE('',*,*,#2386,.F.);
#1905=ORIENTED_EDGE('',*,*,#2387,.F.);
#1906=ORIENTED_EDGE('',*,*,#2388,.F.);
#1907=ORIENTED_EDGE('',*,*,#2389,.F.);
#1908=ORIENTED_EDGE('',*,*,#2390,.F.);
#1909=ORIENTED_EDGE('',*,*,#2391,.F.);
#1910=ORIENTED_EDGE('',*,*,#2392,.F.);
#1911=ORIENTED_EDGE('',*,*,#2393,.F.);
#1912=ORIENTED_EDGE('',*,*,#2394,.F.);
#1913=ORIENTED_EDGE('',*,*,#2395,.F.);
#1914=ORIENTED_EDGE('',*,*,#2396,.F.);
#1915=ORIENTED_EDGE('',*,*,#2397,.F.);
#1916=ORIENTED_EDGE('',*,*,#2398,.F.);
#1917=ORIENTED_EDGE('',*,*,#2399,.T.);
#1918=ORIENTED_EDGE('',*,*,#2398,.T.);
#1919=ORIENTED_EDGE('',*,*,#2400,.F.);
#1920=ORIENTED_EDGE('',*,*,#2401,.F.);
#1921=ORIENTED_EDGE('',*,*,#2402,.F.);
#1922=ORIENTED_EDGE('',*,*,#2396,.T.);
#1923=ORIENTED_EDGE('',*,*,#2403,.F.);
#1924=ORIENTED_EDGE('',*,*,#2404,.F.);
#1925=ORIENTED_EDGE('',*,*,#2405,.F.);
#1926=ORIENTED_EDGE('',*,*,#2394,.T.);
#1927=ORIENTED_EDGE('',*,*,#2406,.F.);
#1928=ORIENTED_EDGE('',*,*,#2407,.F.);
#1929=ORIENTED_EDGE('',*,*,#2408,.F.);
#1930=ORIENTED_EDGE('',*,*,#2392,.T.);
#1931=ORIENTED_EDGE('',*,*,#2409,.F.);
#1932=ORIENTED_EDGE('',*,*,#2410,.F.);
#1933=ORIENTED_EDGE('',*,*,#2411,.F.);
#1934=ORIENTED_EDGE('',*,*,#2390,.T.);
#1935=ORIENTED_EDGE('',*,*,#2412,.F.);
#1936=ORIENTED_EDGE('',*,*,#2413,.F.);
#1937=ORIENTED_EDGE('',*,*,#2414,.F.);
#1938=ORIENTED_EDGE('',*,*,#2415,.F.);
#1939=ORIENTED_EDGE('',*,*,#2387,.T.);
#1940=ORIENTED_EDGE('',*,*,#2416,.F.);
#1941=ORIENTED_EDGE('',*,*,#2417,.F.);
#1942=ORIENTED_EDGE('',*,*,#2418,.F.);
#1943=ORIENTED_EDGE('',*,*,#2419,.F.);
#1944=ORIENTED_EDGE('',*,*,#2416,.T.);
#1945=ORIENTED_EDGE('',*,*,#2420,.T.);
#1946=ORIENTED_EDGE('',*,*,#2421,.T.);
#1947=ORIENTED_EDGE('',*,*,#2422,.F.);
#1948=ORIENTED_EDGE('',*,*,#2418,.T.);
#1949=ORIENTED_EDGE('',*,*,#2423,.F.);
#1950=ORIENTED_EDGE('',*,*,#2424,.F.);
#1951=ORIENTED_EDGE('',*,*,#2425,.T.);
#1952=ORIENTED_EDGE('',*,*,#2417,.T.);
#1953=ORIENTED_EDGE('',*,*,#2422,.T.);
#1954=ORIENTED_EDGE('',*,*,#2426,.T.);
#1955=ORIENTED_EDGE('',*,*,#2423,.T.);
#1956=ORIENTED_EDGE('',*,*,#2427,.T.);
#1957=ORIENTED_EDGE('',*,*,#2386,.T.);
#1958=ORIENTED_EDGE('',*,*,#2425,.F.);
#1959=ORIENTED_EDGE('',*,*,#2428,.F.);
#1960=ORIENTED_EDGE('',*,*,#2420,.F.);
#1961=ORIENTED_EDGE('',*,*,#2429,.T.);
#1962=ORIENTED_EDGE('',*,*,#2400,.T.);
#1963=ORIENTED_EDGE('',*,*,#2430,.T.);
#1964=ORIENTED_EDGE('',*,*,#2431,.T.);
#1965=ORIENTED_EDGE('',*,*,#2432,.F.);
#1966=ORIENTED_EDGE('',*,*,#2402,.T.);
#1967=ORIENTED_EDGE('',*,*,#2433,.F.);
#1968=ORIENTED_EDGE('',*,*,#2434,.F.);
#1969=ORIENTED_EDGE('',*,*,#2435,.T.);
#1970=ORIENTED_EDGE('',*,*,#2401,.T.);
#1971=ORIENTED_EDGE('',*,*,#2432,.T.);
#1972=ORIENTED_EDGE('',*,*,#2436,.T.);
#1973=ORIENTED_EDGE('',*,*,#2433,.T.);
#1974=ORIENTED_EDGE('',*,*,#2437,.T.);
#1975=ORIENTED_EDGE('',*,*,#2397,.T.);
#1976=ORIENTED_EDGE('',*,*,#2435,.F.);
#1977=ORIENTED_EDGE('',*,*,#2438,.F.);
#1978=ORIENTED_EDGE('',*,*,#2430,.F.);
#1979=ORIENTED_EDGE('',*,*,#2439,.T.);
#1980=ORIENTED_EDGE('',*,*,#2403,.T.);
#1981=ORIENTED_EDGE('',*,*,#2440,.T.);
#1982=ORIENTED_EDGE('',*,*,#2441,.T.);
#1983=ORIENTED_EDGE('',*,*,#2442,.F.);
#1984=ORIENTED_EDGE('',*,*,#2405,.T.);
#1985=ORIENTED_EDGE('',*,*,#2443,.F.);
#1986=ORIENTED_EDGE('',*,*,#2444,.F.);
#1987=ORIENTED_EDGE('',*,*,#2445,.T.);
#1988=ORIENTED_EDGE('',*,*,#2404,.T.);
#1989=ORIENTED_EDGE('',*,*,#2442,.T.);
#1990=ORIENTED_EDGE('',*,*,#2446,.T.);
#1991=ORIENTED_EDGE('',*,*,#2443,.T.);
#1992=ORIENTED_EDGE('',*,*,#2447,.T.);
#1993=ORIENTED_EDGE('',*,*,#2395,.T.);
#1994=ORIENTED_EDGE('',*,*,#2445,.F.);
#1995=ORIENTED_EDGE('',*,*,#2448,.F.);
#1996=ORIENTED_EDGE('',*,*,#2440,.F.);
#1997=ORIENTED_EDGE('',*,*,#2449,.T.);
#1998=ORIENTED_EDGE('',*,*,#2406,.T.);
#1999=ORIENTED_EDGE('',*,*,#2450,.T.);
#2000=ORIENTED_EDGE('',*,*,#2451,.T.);
#2001=ORIENTED_EDGE('',*,*,#2452,.F.);
#2002=ORIENTED_EDGE('',*,*,#2408,.T.);
#2003=ORIENTED_EDGE('',*,*,#2453,.F.);
#2004=ORIENTED_EDGE('',*,*,#2454,.F.);
#2005=ORIENTED_EDGE('',*,*,#2455,.T.);
#2006=ORIENTED_EDGE('',*,*,#2407,.T.);
#2007=ORIENTED_EDGE('',*,*,#2452,.T.);
#2008=ORIENTED_EDGE('',*,*,#2456,.T.);
#2009=ORIENTED_EDGE('',*,*,#2453,.T.);
#2010=ORIENTED_EDGE('',*,*,#2457,.T.);
#2011=ORIENTED_EDGE('',*,*,#2393,.T.);
#2012=ORIENTED_EDGE('',*,*,#2455,.F.);
#2013=ORIENTED_EDGE('',*,*,#2458,.F.);
#2014=ORIENTED_EDGE('',*,*,#2450,.F.);
#2015=ORIENTED_EDGE('',*,*,#2459,.T.);
#2016=ORIENTED_EDGE('',*,*,#2409,.T.);
#2017=ORIENTED_EDGE('',*,*,#2460,.T.);
#2018=ORIENTED_EDGE('',*,*,#2461,.T.);
#2019=ORIENTED_EDGE('',*,*,#2462,.F.);
#2020=ORIENTED_EDGE('',*,*,#2411,.T.);
#2021=ORIENTED_EDGE('',*,*,#2463,.F.);
#2022=ORIENTED_EDGE('',*,*,#2464,.F.);
#2023=ORIENTED_EDGE('',*,*,#2465,.T.);
#2024=ORIENTED_EDGE('',*,*,#2410,.T.);
#2025=ORIENTED_EDGE('',*,*,#2462,.T.);
#2026=ORIENTED_EDGE('',*,*,#2466,.T.);
#2027=ORIENTED_EDGE('',*,*,#2463,.T.);
#2028=ORIENTED_EDGE('',*,*,#2467,.T.);
#2029=ORIENTED_EDGE('',*,*,#2391,.T.);
#2030=ORIENTED_EDGE('',*,*,#2465,.F.);
#2031=ORIENTED_EDGE('',*,*,#2468,.F.);
#2032=ORIENTED_EDGE('',*,*,#2460,.F.);
#2033=ORIENTED_EDGE('',*,*,#2469,.T.);
#2034=ORIENTED_EDGE('',*,*,#2388,.T.);
#2035=ORIENTED_EDGE('',*,*,#2470,.F.);
#2036=ORIENTED_EDGE('',*,*,#2471,.F.);
#2037=ORIENTED_EDGE('',*,*,#2472,.F.);
#2038=ORIENTED_EDGE('',*,*,#2389,.T.);
#2039=ORIENTED_EDGE('',*,*,#2473,.T.);
#2040=ORIENTED_EDGE('',*,*,#2399,.F.);
#2041=ORIENTED_EDGE('',*,*,#2474,.T.);
#2042=ORIENTED_EDGE('',*,*,#2412,.T.);
#2043=ORIENTED_EDGE('',*,*,#2472,.T.);
#2044=ORIENTED_EDGE('',*,*,#2475,.T.);
#2045=ORIENTED_EDGE('',*,*,#2476,.F.);
#2046=ORIENTED_EDGE('',*,*,#2414,.T.);
#2047=ORIENTED_EDGE('',*,*,#2413,.T.);
#2048=ORIENTED_EDGE('',*,*,#2476,.T.);
#2049=ORIENTED_EDGE('',*,*,#2477,.T.);
#2050=ORIENTED_EDGE('',*,*,#2478,.T.);
#2051=ORIENTED_EDGE('',*,*,#2479,.T.);
#2052=ORIENTED_EDGE('',*,*,#2419,.T.);
#2053=ORIENTED_EDGE('',*,*,#2480,.F.);
#2054=ORIENTED_EDGE('',*,*,#2415,.T.);
#2055=ORIENTED_EDGE('',*,*,#2478,.F.);
#2056=ORIENTED_EDGE('',*,*,#2481,.F.);
#2057=ORIENTED_EDGE('',*,*,#2470,.T.);
#2058=ORIENTED_EDGE('',*,*,#2428,.T.);
#2059=ORIENTED_EDGE('',*,*,#2424,.T.);
#2060=ORIENTED_EDGE('',*,*,#2426,.F.);
#2061=ORIENTED_EDGE('',*,*,#2421,.F.);
#2062=ORIENTED_EDGE('',*,*,#2429,.F.);
#2063=ORIENTED_EDGE('',*,*,#2427,.F.);
#2064=ORIENTED_EDGE('',*,*,#2438,.T.);
#2065=ORIENTED_EDGE('',*,*,#2434,.T.);
#2066=ORIENTED_EDGE('',*,*,#2436,.F.);
#2067=ORIENTED_EDGE('',*,*,#2431,.F.);
#2068=ORIENTED_EDGE('',*,*,#2439,.F.);
#2069=ORIENTED_EDGE('',*,*,#2437,.F.);
#2070=ORIENTED_EDGE('',*,*,#2448,.T.);
#2071=ORIENTED_EDGE('',*,*,#2444,.T.);
#2072=ORIENTED_EDGE('',*,*,#2446,.F.);
#2073=ORIENTED_EDGE('',*,*,#2441,.F.);
#2074=ORIENTED_EDGE('',*,*,#2449,.F.);
#2075=ORIENTED_EDGE('',*,*,#2447,.F.);
#2076=ORIENTED_EDGE('',*,*,#2458,.T.);
#2077=ORIENTED_EDGE('',*,*,#2454,.T.);
#2078=ORIENTED_EDGE('',*,*,#2456,.F.);
#2079=ORIENTED_EDGE('',*,*,#2451,.F.);
#2080=ORIENTED_EDGE('',*,*,#2459,.F.);
#2081=ORIENTED_EDGE('',*,*,#2457,.F.);
#2082=ORIENTED_EDGE('',*,*,#2468,.T.);
#2083=ORIENTED_EDGE('',*,*,#2464,.T.);
#2084=ORIENTED_EDGE('',*,*,#2466,.F.);
#2085=ORIENTED_EDGE('',*,*,#2461,.F.);
#2086=ORIENTED_EDGE('',*,*,#2469,.F.);
#2087=ORIENTED_EDGE('',*,*,#2467,.F.);
#2088=ORIENTED_EDGE('',*,*,#2471,.T.);
#2089=ORIENTED_EDGE('',*,*,#2481,.T.);
#2090=ORIENTED_EDGE('',*,*,#2477,.F.);
#2091=ORIENTED_EDGE('',*,*,#2475,.F.);
#2092=ORIENTED_EDGE('',*,*,#2473,.F.);
#2093=ORIENTED_EDGE('',*,*,#2479,.F.);
#2094=ORIENTED_EDGE('',*,*,#2474,.F.);
#2095=ORIENTED_EDGE('',*,*,#2482,.T.);
#2096=ORIENTED_EDGE('',*,*,#2483,.F.);
#2097=ORIENTED_EDGE('',*,*,#2480,.T.);
#2098=ORIENTED_EDGE('',*,*,#2482,.F.);
#2099=ORIENTED_EDGE('',*,*,#2483,.T.);
#2100=ORIENTED_EDGE('',*,*,#2484,.F.);
#2101=ORIENTED_EDGE('',*,*,#2485,.F.);
#2102=ORIENTED_EDGE('',*,*,#2486,.F.);
#2103=ORIENTED_EDGE('',*,*,#2487,.F.);
#2104=ORIENTED_EDGE('',*,*,#2488,.F.);
#2105=ORIENTED_EDGE('',*,*,#2489,.F.);
#2106=ORIENTED_EDGE('',*,*,#2490,.F.);
#2107=ORIENTED_EDGE('',*,*,#2491,.F.);
#2108=ORIENTED_EDGE('',*,*,#2492,.F.);
#2109=ORIENTED_EDGE('',*,*,#2493,.F.);
#2110=ORIENTED_EDGE('',*,*,#2494,.F.);
#2111=ORIENTED_EDGE('',*,*,#2495,.F.);
#2112=ORIENTED_EDGE('',*,*,#2496,.F.);
#2113=ORIENTED_EDGE('',*,*,#2497,.F.);
#2114=ORIENTED_EDGE('',*,*,#2498,.F.);
#2115=ORIENTED_EDGE('',*,*,#2499,.F.);
#2116=ORIENTED_EDGE('',*,*,#2500,.F.);
#2117=ORIENTED_EDGE('',*,*,#2501,.F.);
#2118=ORIENTED_EDGE('',*,*,#2502,.F.);
#2119=ORIENTED_EDGE('',*,*,#2503,.F.);
#2120=ORIENTED_EDGE('',*,*,#2504,.F.);
#2121=ORIENTED_EDGE('',*,*,#2505,.F.);
#2122=ORIENTED_EDGE('',*,*,#2506,.F.);
#2123=ORIENTED_EDGE('',*,*,#2507,.F.);
#2124=ORIENTED_EDGE('',*,*,#2508,.F.);
#2125=ORIENTED_EDGE('',*,*,#2509,.F.);
#2126=ORIENTED_EDGE('',*,*,#2510,.F.);
#2127=ORIENTED_EDGE('',*,*,#2511,.T.);
#2128=ORIENTED_EDGE('',*,*,#2510,.T.);
#2129=ORIENTED_EDGE('',*,*,#2512,.T.);
#2130=ORIENTED_EDGE('',*,*,#2494,.T.);
#2131=ORIENTED_EDGE('',*,*,#2513,.F.);
#2132=ORIENTED_EDGE('',*,*,#2514,.F.);
#2133=ORIENTED_EDGE('',*,*,#2515,.F.);
#2134=ORIENTED_EDGE('',*,*,#2516,.T.);
#2135=ORIENTED_EDGE('',*,*,#2495,.T.);
#2136=ORIENTED_EDGE('',*,*,#2515,.T.);
#2137=ORIENTED_EDGE('',*,*,#2517,.T.);
#2138=ORIENTED_EDGE('',*,*,#2518,.F.);
#2139=ORIENTED_EDGE('',*,*,#2508,.T.);
#2140=ORIENTED_EDGE('',*,*,#2519,.F.);
#2141=ORIENTED_EDGE('',*,*,#2504,.T.);
#2142=ORIENTED_EDGE('',*,*,#2520,.F.);
#2143=ORIENTED_EDGE('',*,*,#2500,.T.);
#2144=ORIENTED_EDGE('',*,*,#2521,.F.);
#2145=ORIENTED_EDGE('',*,*,#2496,.T.);
#2146=ORIENTED_EDGE('',*,*,#2522,.F.);
#2147=ORIENTED_EDGE('',*,*,#2492,.T.);
#2148=ORIENTED_EDGE('',*,*,#2523,.F.);
#2149=ORIENTED_EDGE('',*,*,#2524,.F.);
#2150=ORIENTED_EDGE('',*,*,#2487,.T.);
#2151=ORIENTED_EDGE('',*,*,#2525,.F.);
#2152=ORIENTED_EDGE('',*,*,#2526,.F.);
#2153=ORIENTED_EDGE('',*,*,#2497,.T.);
#2154=ORIENTED_EDGE('',*,*,#2527,.F.);
#2155=ORIENTED_EDGE('',*,*,#2528,.F.);
#2156=ORIENTED_EDGE('',*,*,#2529,.T.);
#2157=ORIENTED_EDGE('',*,*,#2498,.T.);
#2158=ORIENTED_EDGE('',*,*,#2529,.F.);
#2159=ORIENTED_EDGE('',*,*,#2530,.F.);
#2160=ORIENTED_EDGE('',*,*,#2531,.F.);
#2161=ORIENTED_EDGE('',*,*,#2532,.T.);
#2162=ORIENTED_EDGE('',*,*,#2499,.T.);
#2163=ORIENTED_EDGE('',*,*,#2531,.T.);
#2164=ORIENTED_EDGE('',*,*,#2533,.T.);
#2165=ORIENTED_EDGE('',*,*,#2534,.F.);
#2166=ORIENTED_EDGE('',*,*,#2501,.T.);
#2167=ORIENTED_EDGE('',*,*,#2535,.F.);
#2168=ORIENTED_EDGE('',*,*,#2536,.F.);
#2169=ORIENTED_EDGE('',*,*,#2537,.T.);
#2170=ORIENTED_EDGE('',*,*,#2502,.T.);
#2171=ORIENTED_EDGE('',*,*,#2537,.F.);
#2172=ORIENTED_EDGE('',*,*,#2538,.F.);
#2173=ORIENTED_EDGE('',*,*,#2539,.F.);
#2174=ORIENTED_EDGE('',*,*,#2540,.T.);
#2175=ORIENTED_EDGE('',*,*,#2503,.T.);
#2176=ORIENTED_EDGE('',*,*,#2539,.T.);
#2177=ORIENTED_EDGE('',*,*,#2541,.T.);
#2178=ORIENTED_EDGE('',*,*,#2542,.F.);
#2179=ORIENTED_EDGE('',*,*,#2505,.T.);
#2180=ORIENTED_EDGE('',*,*,#2543,.F.);
#2181=ORIENTED_EDGE('',*,*,#2544,.F.);
#2182=ORIENTED_EDGE('',*,*,#2545,.T.);
#2183=ORIENTED_EDGE('',*,*,#2506,.T.);
#2184=ORIENTED_EDGE('',*,*,#2545,.F.);
#2185=ORIENTED_EDGE('',*,*,#2546,.F.);
#2186=ORIENTED_EDGE('',*,*,#2547,.F.);
#2187=ORIENTED_EDGE('',*,*,#2548,.T.);
#2188=ORIENTED_EDGE('',*,*,#2507,.T.);
#2189=ORIENTED_EDGE('',*,*,#2547,.T.);
#2190=ORIENTED_EDGE('',*,*,#2549,.T.);
#2191=ORIENTED_EDGE('',*,*,#2550,.F.);
#2192=ORIENTED_EDGE('',*,*,#2509,.T.);
#2193=ORIENTED_EDGE('',*,*,#2551,.F.);
#2194=ORIENTED_EDGE('',*,*,#2552,.F.);
#2195=ORIENTED_EDGE('',*,*,#2553,.T.);
#2196=ORIENTED_EDGE('',*,*,#2485,.T.);
#2197=ORIENTED_EDGE('',*,*,#2553,.F.);
#2198=ORIENTED_EDGE('',*,*,#2554,.F.);
#2199=ORIENTED_EDGE('',*,*,#2555,.F.);
#2200=ORIENTED_EDGE('',*,*,#2556,.T.);
#2201=ORIENTED_EDGE('',*,*,#2486,.T.);
#2202=ORIENTED_EDGE('',*,*,#2555,.T.);
#2203=ORIENTED_EDGE('',*,*,#2557,.T.);
#2204=ORIENTED_EDGE('',*,*,#2558,.F.);
#2205=ORIENTED_EDGE('',*,*,#2488,.T.);
#2206=ORIENTED_EDGE('',*,*,#2559,.F.);
#2207=ORIENTED_EDGE('',*,*,#2560,.F.);
#2208=ORIENTED_EDGE('',*,*,#2561,.T.);
#2209=ORIENTED_EDGE('',*,*,#2489,.T.);
#2210=ORIENTED_EDGE('',*,*,#2561,.F.);
#2211=ORIENTED_EDGE('',*,*,#2562,.F.);
#2212=ORIENTED_EDGE('',*,*,#2563,.F.);
#2213=ORIENTED_EDGE('',*,*,#2490,.T.);
#2214=ORIENTED_EDGE('',*,*,#2564,.T.);
#2215=ORIENTED_EDGE('',*,*,#2484,.T.);
#2216=ORIENTED_EDGE('',*,*,#2565,.T.);
#2217=ORIENTED_EDGE('',*,*,#2491,.T.);
#2218=ORIENTED_EDGE('',*,*,#2563,.T.);
#2219=ORIENTED_EDGE('',*,*,#2566,.T.);
#2220=ORIENTED_EDGE('',*,*,#2567,.F.);
#2221=ORIENTED_EDGE('',*,*,#2493,.T.);
#2222=ORIENTED_EDGE('',*,*,#2568,.F.);
#2223=ORIENTED_EDGE('',*,*,#2569,.F.);
#2224=ORIENTED_EDGE('',*,*,#2513,.T.);
#2225=ORIENTED_EDGE('',*,*,#2511,.F.);
#2226=ORIENTED_EDGE('',*,*,#2570,.T.);
#2227=ORIENTED_EDGE('',*,*,#2565,.F.);
#2228=ORIENTED_EDGE('',*,*,#2512,.F.);
#2229=ORIENTED_EDGE('',*,*,#2514,.T.);
#2230=ORIENTED_EDGE('',*,*,#2569,.T.);
#2231=ORIENTED_EDGE('',*,*,#2571,.F.);
#2232=ORIENTED_EDGE('',*,*,#2517,.F.);
#2233=ORIENTED_EDGE('',*,*,#2516,.F.);
#2234=ORIENTED_EDGE('',*,*,#2572,.F.);
#2235=ORIENTED_EDGE('',*,*,#2522,.T.);
#2236=ORIENTED_EDGE('',*,*,#2518,.T.);
#2237=ORIENTED_EDGE('',*,*,#2571,.T.);
#2238=ORIENTED_EDGE('',*,*,#2568,.T.);
#2239=ORIENTED_EDGE('',*,*,#2572,.T.);
#2240=ORIENTED_EDGE('',*,*,#2524,.T.);
#2241=ORIENTED_EDGE('',*,*,#2523,.T.);
#2242=ORIENTED_EDGE('',*,*,#2567,.T.);
#2243=ORIENTED_EDGE('',*,*,#2573,.T.);
#2244=ORIENTED_EDGE('',*,*,#2559,.T.);
#2245=ORIENTED_EDGE('',*,*,#2574,.T.);
#2246=ORIENTED_EDGE('',*,*,#2526,.T.);
#2247=ORIENTED_EDGE('',*,*,#2575,.F.);
#2248=ORIENTED_EDGE('',*,*,#2525,.T.);
#2249=ORIENTED_EDGE('',*,*,#2558,.T.);
#2250=ORIENTED_EDGE('',*,*,#2576,.T.);
#2251=ORIENTED_EDGE('',*,*,#2551,.T.);
#2252=ORIENTED_EDGE('',*,*,#2577,.T.);
#2253=ORIENTED_EDGE('',*,*,#2519,.T.);
#2254=ORIENTED_EDGE('',*,*,#2550,.T.);
#2255=ORIENTED_EDGE('',*,*,#2578,.T.);
#2256=ORIENTED_EDGE('',*,*,#2543,.T.);
#2257=ORIENTED_EDGE('',*,*,#2579,.T.);
#2258=ORIENTED_EDGE('',*,*,#2520,.T.);
#2259=ORIENTED_EDGE('',*,*,#2542,.T.);
#2260=ORIENTED_EDGE('',*,*,#2580,.T.);
#2261=ORIENTED_EDGE('',*,*,#2535,.T.);
#2262=ORIENTED_EDGE('',*,*,#2581,.T.);
#2263=ORIENTED_EDGE('',*,*,#2521,.T.);
#2264=ORIENTED_EDGE('',*,*,#2534,.T.);
#2265=ORIENTED_EDGE('',*,*,#2582,.T.);
#2266=ORIENTED_EDGE('',*,*,#2527,.T.);
#2267=ORIENTED_EDGE('',*,*,#2583,.T.);
#2268=ORIENTED_EDGE('',*,*,#2530,.T.);
#2269=ORIENTED_EDGE('',*,*,#2528,.T.);
#2270=ORIENTED_EDGE('',*,*,#2582,.F.);
#2271=ORIENTED_EDGE('',*,*,#2533,.F.);
#2272=ORIENTED_EDGE('',*,*,#2532,.F.);
#2273=ORIENTED_EDGE('',*,*,#2583,.F.);
#2274=ORIENTED_EDGE('',*,*,#2538,.T.);
#2275=ORIENTED_EDGE('',*,*,#2536,.T.);
#2276=ORIENTED_EDGE('',*,*,#2580,.F.);
#2277=ORIENTED_EDGE('',*,*,#2541,.F.);
#2278=ORIENTED_EDGE('',*,*,#2540,.F.);
#2279=ORIENTED_EDGE('',*,*,#2581,.F.);
#2280=ORIENTED_EDGE('',*,*,#2546,.T.);
#2281=ORIENTED_EDGE('',*,*,#2544,.T.);
#2282=ORIENTED_EDGE('',*,*,#2578,.F.);
#2283=ORIENTED_EDGE('',*,*,#2549,.F.);
#2284=ORIENTED_EDGE('',*,*,#2548,.F.);
#2285=ORIENTED_EDGE('',*,*,#2579,.F.);
#2286=ORIENTED_EDGE('',*,*,#2554,.T.);
#2287=ORIENTED_EDGE('',*,*,#2552,.T.);
#2288=ORIENTED_EDGE('',*,*,#2576,.F.);
#2289=ORIENTED_EDGE('',*,*,#2557,.F.);
#2290=ORIENTED_EDGE('',*,*,#2556,.F.);
#2291=ORIENTED_EDGE('',*,*,#2577,.F.);
#2292=ORIENTED_EDGE('',*,*,#2562,.T.);
#2293=ORIENTED_EDGE('',*,*,#2560,.T.);
#2294=ORIENTED_EDGE('',*,*,#2573,.F.);
#2295=ORIENTED_EDGE('',*,*,#2566,.F.);
#2296=ORIENTED_EDGE('',*,*,#2564,.F.);
#2297=ORIENTED_EDGE('',*,*,#2574,.F.);
#2298=ORIENTED_EDGE('',*,*,#2570,.F.);
#2299=ORIENTED_EDGE('',*,*,#2575,.T.);
#2300=ORIENTED_EDGE('',*,*,#2584,.F.);
#2301=ORIENTED_EDGE('',*,*,#2585,.T.);
#2302=ORIENTED_EDGE('',*,*,#2586,.T.);
#2303=ORIENTED_EDGE('',*,*,#2587,.T.);
#2304=ORIENTED_EDGE('',*,*,#2588,.T.);
#2305=ORIENTED_EDGE('',*,*,#2586,.F.);
#2306=ORIENTED_EDGE('',*,*,#2585,.F.);
#2307=ORIENTED_EDGE('',*,*,#2588,.F.);
#2308=ORIENTED_EDGE('',*,*,#2584,.T.);
#2309=ORIENTED_EDGE('',*,*,#2589,.F.);
#2310=ORIENTED_EDGE('',*,*,#2590,.T.);
#2311=ORIENTED_EDGE('',*,*,#2591,.T.);
#2312=ORIENTED_EDGE('',*,*,#2592,.T.);
#2313=ORIENTED_EDGE('',*,*,#2593,.T.);
#2314=ORIENTED_EDGE('',*,*,#2594,.T.);
#2315=ORIENTED_EDGE('',*,*,#2595,.T.);
#2316=ORIENTED_EDGE('',*,*,#2587,.F.);
#2317=ORIENTED_EDGE('',*,*,#2589,.T.);
#2318=ORIENTED_EDGE('',*,*,#2596,.F.);
#2319=ORIENTED_EDGE('',*,*,#2597,.F.);
#2320=ORIENTED_EDGE('',*,*,#2598,.F.);
#2321=ORIENTED_EDGE('',*,*,#2590,.F.);
#2322=ORIENTED_EDGE('',*,*,#2599,.T.);
#2323=ORIENTED_EDGE('',*,*,#2600,.F.);
#2324=ORIENTED_EDGE('',*,*,#2601,.F.);
#2325=ORIENTED_EDGE('',*,*,#2591,.F.);
#2326=ORIENTED_EDGE('',*,*,#2598,.T.);
#2327=ORIENTED_EDGE('',*,*,#2602,.F.);
#2328=ORIENTED_EDGE('',*,*,#2603,.F.);
#2329=ORIENTED_EDGE('',*,*,#2592,.F.);
#2330=ORIENTED_EDGE('',*,*,#2601,.T.);
#2331=ORIENTED_EDGE('',*,*,#2604,.F.);
#2332=ORIENTED_EDGE('',*,*,#2605,.F.);
#2333=ORIENTED_EDGE('',*,*,#2593,.F.);
#2334=ORIENTED_EDGE('',*,*,#2603,.T.);
#2335=ORIENTED_EDGE('',*,*,#2606,.F.);
#2336=ORIENTED_EDGE('',*,*,#2607,.F.);
#2337=ORIENTED_EDGE('',*,*,#2594,.F.);
#2338=ORIENTED_EDGE('',*,*,#2605,.T.);
#2339=ORIENTED_EDGE('',*,*,#2608,.F.);
#2340=ORIENTED_EDGE('',*,*,#2599,.F.);
#2341=ORIENTED_EDGE('',*,*,#2595,.F.);
#2342=ORIENTED_EDGE('',*,*,#2607,.T.);
#2343=ORIENTED_EDGE('',*,*,#2596,.T.);
#2344=ORIENTED_EDGE('',*,*,#2609,.F.);
#2345=ORIENTED_EDGE('',*,*,#2610,.T.);
#2346=ORIENTED_EDGE('',*,*,#2597,.T.);
#2347=ORIENTED_EDGE('',*,*,#2608,.T.);
#2348=ORIENTED_EDGE('',*,*,#2606,.T.);
#2349=ORIENTED_EDGE('',*,*,#2604,.T.);
#2350=ORIENTED_EDGE('',*,*,#2602,.T.);
#2351=ORIENTED_EDGE('',*,*,#2600,.T.);
#2352=ORIENTED_EDGE('',*,*,#2611,.F.);
#2353=ORIENTED_EDGE('',*,*,#2609,.T.);
#2354=ORIENTED_EDGE('',*,*,#2610,.F.);
#2355=ORIENTED_EDGE('',*,*,#2612,.T.);
#2356=ORIENTED_EDGE('',*,*,#2611,.T.);
#2357=ORIENTED_EDGE('',*,*,#2613,.F.);
#2358=ORIENTED_EDGE('',*,*,#2614,.T.);
#2359=ORIENTED_EDGE('',*,*,#2612,.F.);
#2360=ORIENTED_EDGE('',*,*,#2613,.T.);
#2361=ORIENTED_EDGE('',*,*,#2615,.F.);
#2362=ORIENTED_EDGE('',*,*,#2616,.T.);
#2363=ORIENTED_EDGE('',*,*,#2614,.F.);
#2364=ORIENTED_EDGE('',*,*,#2615,.T.);
#2365=ORIENTED_EDGE('',*,*,#2617,.F.);
#2366=ORIENTED_EDGE('',*,*,#2618,.T.);
#2367=ORIENTED_EDGE('',*,*,#2616,.F.);
#2368=ORIENTED_EDGE('',*,*,#2619,.F.);
#2369=ORIENTED_EDGE('',*,*,#2617,.T.);
#2370=ORIENTED_EDGE('',*,*,#2620,.T.);
#2371=ORIENTED_EDGE('',*,*,#2618,.F.);
#2372=ORIENTED_EDGE('',*,*,#2619,.T.);
#2373=ORIENTED_EDGE('',*,*,#2620,.F.);
#2374=ORIENTED_EDGE('',*,*,#2621,.F.);
#2375=ORIENTED_EDGE('',*,*,#2622,.F.);
#2376=ORIENTED_EDGE('',*,*,#2623,.F.);
#2377=ORIENTED_EDGE('',*,*,#2624,.F.);
#2378=ORIENTED_EDGE('',*,*,#2624,.T.);
#2379=ORIENTED_EDGE('',*,*,#2625,.F.);
#2380=ORIENTED_EDGE('',*,*,#2626,.F.);
#2381=ORIENTED_EDGE('',*,*,#2621,.T.);
#2382=ORIENTED_EDGE('',*,*,#2625,.T.);
#2383=ORIENTED_EDGE('',*,*,#2622,.T.);
#2384=ORIENTED_EDGE('',*,*,#2626,.T.);
#2385=ORIENTED_EDGE('',*,*,#2623,.T.);
#2386=EDGE_CURVE('',#2627,#2628,#2629,.T.);
#2387=EDGE_CURVE('',#2630,#2627,#2631,.T.);
#2388=EDGE_CURVE('',#2632,#2630,#2633,.T.);
#2389=EDGE_CURVE('',#2634,#2632,#2635,.T.);
#2390=EDGE_CURVE('',#2636,#2634,#2637,.T.);
#2391=EDGE_CURVE('',#2638,#2636,#2639,.T.);
#2392=EDGE_CURVE('',#2640,#2638,#2641,.T.);
#2393=EDGE_CURVE('',#2642,#2640,#2643,.T.);
#2394=EDGE_CURVE('',#2644,#2642,#2645,.T.);
#2395=EDGE_CURVE('',#2646,#2644,#2647,.T.);
#2396=EDGE_CURVE('',#2648,#2646,#2649,.T.);
#2397=EDGE_CURVE('',#2650,#2648,#2651,.T.);
#2398=EDGE_CURVE('',#2628,#2650,#2652,.T.);
#2399=EDGE_CURVE('',#2653,#2653,#2654,.T.);
#2400=EDGE_CURVE('',#2655,#2650,#2656,.F.);
#2401=EDGE_CURVE('',#2657,#2655,#2658,.F.);
#2402=EDGE_CURVE('',#2648,#2657,#2659,.T.);
#2403=EDGE_CURVE('',#2660,#2646,#2661,.F.);
#2404=EDGE_CURVE('',#2662,#2660,#2663,.F.);
#2405=EDGE_CURVE('',#2644,#2662,#2664,.T.);
#2406=EDGE_CURVE('',#2665,#2642,#2666,.F.);
#2407=EDGE_CURVE('',#2667,#2665,#2668,.F.);
#2408=EDGE_CURVE('',#2640,#2667,#2669,.T.);
#2409=EDGE_CURVE('',#2670,#2638,#2671,.F.);
#2410=EDGE_CURVE('',#2672,#2670,#2673,.F.);
#2411=EDGE_CURVE('',#2636,#2672,#2674,.T.);
#2412=EDGE_CURVE('',#2675,#2634,#2676,.F.);
#2413=EDGE_CURVE('',#2677,#2675,#2678,.F.);
#2414=EDGE_CURVE('',#2679,#2677,#2680,.F.);
#2415=EDGE_CURVE('',#2630,#2679,#2681,.T.);
#2416=EDGE_CURVE('',#2682,#2627,#2683,.F.);
#2417=EDGE_CURVE('',#2684,#2682,#2685,.F.);
#2418=EDGE_CURVE('',#2628,#2684,#2686,.T.);
#2419=EDGE_CURVE('',#2687,#2687,#2688,.T.);
#2420=EDGE_CURVE('',#2627,#2689,#2690,.T.);
#2421=EDGE_CURVE('',#2689,#2691,#2692,.T.);
#2422=EDGE_CURVE('',#2682,#2691,#2693,.T.);
#2423=EDGE_CURVE('',#2694,#2684,#2695,.T.);
#2424=EDGE_CURVE('',#2696,#2694,#2697,.T.);
#2425=EDGE_CURVE('',#2696,#2628,#2698,.T.);
#2426=EDGE_CURVE('',#2691,#2694,#2699,.T.);
#2427=EDGE_CURVE('',#2700,#2700,#2701,.F.);
#2428=EDGE_CURVE('',#2689,#2696,#2702,.T.);
#2429=EDGE_CURVE('',#2703,#2703,#2704,.T.);
#2430=EDGE_CURVE('',#2650,#2705,#2706,.T.);
#2431=EDGE_CURVE('',#2705,#2707,#2708,.T.);
#2432=EDGE_CURVE('',#2655,#2707,#2709,.T.);
#2433=EDGE_CURVE('',#2710,#2657,#2711,.T.);
#2434=EDGE_CURVE('',#2712,#2710,#2713,.T.);
#2435=EDGE_CURVE('',#2712,#2648,#2714,.T.);
#2436=EDGE_CURVE('',#2707,#2710,#2715,.T.);
#2437=EDGE_CURVE('',#2716,#2716,#2717,.F.);
#2438=EDGE_CURVE('',#2705,#2712,#2718,.T.);
#2439=EDGE_CURVE('',#2719,#2719,#2720,.T.);
#2440=EDGE_CURVE('',#2646,#2721,#2722,.T.);
#2441=EDGE_CURVE('',#2721,#2723,#2724,.T.);
#2442=EDGE_CURVE('',#2660,#2723,#2725,.T.);
#2443=EDGE_CURVE('',#2726,#2662,#2727,.T.);
#2444=EDGE_CURVE('',#2728,#2726,#2729,.T.);
#2445=EDGE_CURVE('',#2728,#2644,#2730,.T.);
#2446=EDGE_CURVE('',#2723,#2726,#2731,.T.);
#2447=EDGE_CURVE('',#2732,#2732,#2733,.F.);
#2448=EDGE_CURVE('',#2721,#2728,#2734,.T.);
#2449=EDGE_CURVE('',#2735,#2735,#2736,.T.);
#2450=EDGE_CURVE('',#2642,#2737,#2738,.T.);
#2451=EDGE_CURVE('',#2737,#2739,#2740,.T.);
#2452=EDGE_CURVE('',#2665,#2739,#2741,.T.);
#2453=EDGE_CURVE('',#2742,#2667,#2743,.T.);
#2454=EDGE_CURVE('',#2744,#2742,#2745,.T.);
#2455=EDGE_CURVE('',#2744,#2640,#2746,.T.);
#2456=EDGE_CURVE('',#2739,#2742,#2747,.T.);
#2457=EDGE_CURVE('',#2748,#2748,#2749,.F.);
#2458=EDGE_CURVE('',#2737,#2744,#2750,.T.);
#2459=EDGE_CURVE('',#2751,#2751,#2752,.T.);
#2460=EDGE_CURVE('',#2638,#2753,#2754,.T.);
#2461=EDGE_CURVE('',#2753,#2755,#2756,.T.);
#2462=EDGE_CURVE('',#2670,#2755,#2757,.T.);
#2463=EDGE_CURVE('',#2758,#2672,#2759,.T.);
#2464=EDGE_CURVE('',#2760,#2758,#2761,.T.);
#2465=EDGE_CURVE('',#2760,#2636,#2762,.T.);
#2466=EDGE_CURVE('',#2755,#2758,#2763,.T.);
#2467=EDGE_CURVE('',#2764,#2764,#2765,.F.);
#2468=EDGE_CURVE('',#2753,#2760,#2766,.T.);
#2469=EDGE_CURVE('',#2767,#2767,#2768,.T.);
#2470=EDGE_CURVE('',#2769,#2630,#2770,.T.);
#2471=EDGE_CURVE('',#2771,#2769,#2772,.T.);
#2472=EDGE_CURVE('',#2634,#2771,#2773,.T.);
#2473=EDGE_CURVE('',#2774,#2774,#2775,.T.);
#2474=EDGE_CURVE('',#2776,#2776,#2777,.T.);
#2475=EDGE_CURVE('',#2771,#2778,#2779,.T.);
#2476=EDGE_CURVE('',#2675,#2778,#2780,.T.);
#2477=EDGE_CURVE('',#2778,#2781,#2782,.T.);
#2478=EDGE_CURVE('',#2781,#2679,#2783,.T.);
#2479=EDGE_CURVE('',#2784,#2784,#2785,.F.);
#2480=EDGE_CURVE('',#2786,#2786,#2787,.T.);
#2481=EDGE_CURVE('',#2769,#2781,#2788,.T.);
#2482=EDGE_CURVE('',#2789,#2789,#2790,.T.);
#2483=EDGE_CURVE('',#2791,#2791,#2792,.T.);
#2484=EDGE_CURVE('',#2793,#2793,#2794,.T.);
#2485=EDGE_CURVE('',#2795,#2796,#2797,.T.);
#2486=EDGE_CURVE('',#2798,#2795,#2799,.F.);
#2487=EDGE_CURVE('',#2800,#2798,#2801,.T.);
#2488=EDGE_CURVE('',#2802,#2800,#2803,.T.);
#2489=EDGE_CURVE('',#2804,#2802,#2805,.T.);
#2490=EDGE_CURVE('',#2806,#2804,#2807,.T.);
#2491=EDGE_CURVE('',#2808,#2806,#2809,.F.);
#2492=EDGE_CURVE('',#2810,#2808,#2811,.T.);
#2493=EDGE_CURVE('',#2812,#2810,#2813,.T.);
#2494=EDGE_CURVE('',#2814,#2812,#2815,.T.);
#2495=EDGE_CURVE('',#2816,#2814,#2817,.F.);
#2496=EDGE_CURVE('',#2818,#2816,#2819,.T.);
#2497=EDGE_CURVE('',#2820,#2818,#2821,.T.);
#2498=EDGE_CURVE('',#2822,#2820,#2823,.T.);
#2499=EDGE_CURVE('',#2824,#2822,#2825,.F.);
#2500=EDGE_CURVE('',#2826,#2824,#2827,.T.);
#2501=EDGE_CURVE('',#2828,#2826,#2829,.T.);
#2502=EDGE_CURVE('',#2830,#2828,#2831,.T.);
#2503=EDGE_CURVE('',#2832,#2830,#2833,.F.);
#2504=EDGE_CURVE('',#2834,#2832,#2835,.T.);
#2505=EDGE_CURVE('',#2836,#2834,#2837,.T.);
#2506=EDGE_CURVE('',#2838,#2836,#2839,.T.);
#2507=EDGE_CURVE('',#2840,#2838,#2841,.F.);
#2508=EDGE_CURVE('',#2842,#2840,#2843,.T.);
#2509=EDGE_CURVE('',#2796,#2842,#2844,.T.);
#2510=EDGE_CURVE('',#2845,#2845,#2846,.T.);
#2511=EDGE_CURVE('',#2847,#2847,#2848,.T.);
#2512=EDGE_CURVE('',#2849,#2849,#2850,.T.);
#2513=EDGE_CURVE('',#2851,#2812,#2852,.T.);
#2514=EDGE_CURVE('',#2853,#2851,#2854,.T.);
#2515=EDGE_CURVE('',#2814,#2853,#2855,.T.);
#2516=EDGE_CURVE('',#2856,#2856,#2857,.T.);
#2517=EDGE_CURVE('',#2853,#2858,#2859,.T.);
#2518=EDGE_CURVE('',#2816,#2858,#2860,.T.);
#2519=EDGE_CURVE('',#2834,#2840,#2861,.F.);
#2520=EDGE_CURVE('',#2826,#2832,#2862,.F.);
#2521=EDGE_CURVE('',#2818,#2824,#2863,.F.);
#2522=EDGE_CURVE('',#2810,#2816,#2864,.F.);
#2523=EDGE_CURVE('',#2865,#2808,#2866,.F.);
#2524=EDGE_CURVE('',#2800,#2865,#2867,.F.);
#2525=EDGE_CURVE('',#2842,#2798,#2868,.F.);
#2526=EDGE_CURVE('',#2869,#2869,#2870,.T.);
#2527=EDGE_CURVE('',#2871,#2818,#2872,.T.);
#2528=EDGE_CURVE('',#2873,#2871,#2874,.T.);
#2529=EDGE_CURVE('',#2873,#2820,#2875,.T.);
#2530=EDGE_CURVE('',#2876,#2873,#2877,.T.);
#2531=EDGE_CURVE('',#2822,#2876,#2878,.T.);
#2532=EDGE_CURVE('',#2879,#2879,#2880,.T.);
#2533=EDGE_CURVE('',#2876,#2881,#2882,.T.);
#2534=EDGE_CURVE('',#2824,#2881,#2883,.T.);
#2535=EDGE_CURVE('',#2884,#2826,#2885,.T.);
#2536=EDGE_CURVE('',#2886,#2884,#2887,.T.);
#2537=EDGE_CURVE('',#2886,#2828,#2888,.T.);
#2538=EDGE_CURVE('',#2889,#2886,#2890,.T.);
#2539=EDGE_CURVE('',#2830,#2889,#2891,.T.);
#2540=EDGE_CURVE('',#2892,#2892,#2893,.T.);
#2541=EDGE_CURVE('',#2889,#2894,#2895,.T.);
#2542=EDGE_CURVE('',#2832,#2894,#2896,.T.);
#2543=EDGE_CURVE('',#2897,#2834,#2898,.T.);
#2544=EDGE_CURVE('',#2899,#2897,#2900,.T.);
#2545=EDGE_CURVE('',#2899,#2836,#2901,.T.);
#2546=EDGE_CURVE('',#2902,#2899,#2903,.T.);
#2547=EDGE_CURVE('',#2838,#2902,#2904,.T.);
#2548=EDGE_CURVE('',#2905,#2905,#2906,.T.);
#2549=EDGE_CURVE('',#2902,#2907,#2908,.T.);
#2550=EDGE_CURVE('',#2840,#2907,#2909,.T.);
#2551=EDGE_CURVE('',#2910,#2842,#2911,.T.);
#2552=EDGE_CURVE('',#2912,#2910,#2913,.T.);
#2553=EDGE_CURVE('',#2912,#2796,#2914,.T.);
#2554=EDGE_CURVE('',#2915,#2912,#2916,.T.);
#2555=EDGE_CURVE('',#2795,#2915,#2917,.T.);
#2556=EDGE_CURVE('',#2918,#2918,#2919,.T.);
#2557=EDGE_CURVE('',#2915,#2920,#2921,.T.);
#2558=EDGE_CURVE('',#2798,#2920,#2922,.T.);
#2559=EDGE_CURVE('',#2923,#2800,#2924,.T.);
#2560=EDGE_CURVE('',#2925,#2923,#2926,.T.);
#2561=EDGE_CURVE('',#2925,#2802,#2927,.T.);
#2562=EDGE_CURVE('',#2928,#2925,#2929,.T.);
#2563=EDGE_CURVE('',#2806,#2928,#2930,.T.);
#2564=EDGE_CURVE('',#2931,#2931,#2932,.T.);
#2565=EDGE_CURVE('',#2933,#2933,#2934,.F.);
#2566=EDGE_CURVE('',#2928,#2935,#2936,.T.);
#2567=EDGE_CURVE('',#2808,#2935,#2937,.T.);
#2568=EDGE_CURVE('',#2938,#2810,#2939,.T.);
#2569=EDGE_CURVE('',#2851,#2938,#2940,.T.);
#2570=EDGE_CURVE('',#2941,#2941,#2942,.T.);
#2571=EDGE_CURVE('',#2858,#2938,#2943,.T.);
#2572=EDGE_CURVE('',#2944,#2944,#2945,.F.);
#2573=EDGE_CURVE('',#2935,#2923,#2946,.T.);
#2574=EDGE_CURVE('',#2947,#2947,#2948,.F.);
#2575=EDGE_CURVE('',#2949,#2949,#2950,.T.);
#2576=EDGE_CURVE('',#2920,#2910,#2951,.T.);
#2577=EDGE_CURVE('',#2952,#2952,#2953,.F.);
#2578=EDGE_CURVE('',#2907,#2897,#2954,.T.);
#2579=EDGE_CURVE('',#2955,#2955,#2956,.F.);
#2580=EDGE_CURVE('',#2894,#2884,#2957,.T.);
#2581=EDGE_CURVE('',#2958,#2958,#2959,.F.);
#2582=EDGE_CURVE('',#2881,#2871,#2960,.T.);
#2583=EDGE_CURVE('',#2961,#2961,#2962,.F.);
#2584=EDGE_CURVE('',#2963,#2963,#2964,.T.);
#2585=EDGE_CURVE('',#2965,#2965,#2966,.F.);
#2586=EDGE_CURVE('',#2967,#2967,#2968,.F.);
#2587=EDGE_CURVE('',#2969,#2969,#2970,.T.);
#2588=EDGE_CURVE('',#2971,#2971,#2972,.T.);
#2589=EDGE_CURVE('',#2973,#2973,#2974,.T.);
#2590=EDGE_CURVE('',#2975,#2976,#2977,.T.);
#2591=EDGE_CURVE('',#2976,#2978,#2979,.T.);
#2592=EDGE_CURVE('',#2978,#2980,#2981,.T.);
#2593=EDGE_CURVE('',#2980,#2982,#2983,.T.);
#2594=EDGE_CURVE('',#2982,#2984,#2985,.T.);
#2595=EDGE_CURVE('',#2984,#2975,#2986,.T.);
#2596=EDGE_CURVE('',#2987,#2987,#2988,.T.);
#2597=EDGE_CURVE('',#2989,#2990,#2991,.F.);
#2598=EDGE_CURVE('',#2976,#2989,#2992,.T.);
#2599=EDGE_CURVE('',#2975,#2990,#2993,.T.);
#2600=EDGE_CURVE('',#2994,#2989,#2995,.F.);
#2601=EDGE_CURVE('',#2978,#2994,#2996,.T.);
#2602=EDGE_CURVE('',#2997,#2994,#2998,.F.);
#2603=EDGE_CURVE('',#2980,#2997,#2999,.T.);
#2604=EDGE_CURVE('',#3000,#2997,#3001,.F.);
#2605=EDGE_CURVE('',#2982,#3000,#3002,.T.);
#2606=EDGE_CURVE('',#3003,#3000,#3004,.F.);
#2607=EDGE_CURVE('',#2984,#3003,#3005,.T.);
#2608=EDGE_CURVE('',#2990,#3003,#3006,.F.);
#2609=EDGE_CURVE('',#3007,#3007,#3008,.T.);
#2610=EDGE_CURVE('',#3009,#3009,#3010,.T.);
#2611=EDGE_CURVE('',#3011,#3011,#3012,.T.);
#2612=EDGE_CURVE('',#3013,#3013,#3014,.T.);
#2613=EDGE_CURVE('',#3015,#3015,#3016,.T.);
#2614=EDGE_CURVE('',#3017,#3017,#3018,.T.);
#2615=EDGE_CURVE('',#3019,#3019,#3020,.T.);
#2616=EDGE_CURVE('',#3021,#3021,#3022,.T.);
#2617=EDGE_CURVE('',#3023,#3023,#3024,.T.);
#2618=EDGE_CURVE('',#3025,#3025,#3026,.T.);
#2619=EDGE_CURVE('',#3027,#3027,#3028,.T.);
#2620=EDGE_CURVE('',#3029,#3029,#3030,.T.);
#2621=EDGE_CURVE('',#3031,#3031,#3032,.T.);
#2622=EDGE_CURVE('',#3033,#3033,#3034,.F.);
#2623=EDGE_CURVE('',#3035,#3035,#3036,.F.);
#2624=EDGE_CURVE('',#3037,#3037,#3038,.T.);
#2625=EDGE_CURVE('',#3039,#3039,#3040,.T.);
#2626=EDGE_CURVE('',#3041,#3041,#3042,.T.);
#2627=VERTEX_POINT('',#3043);
#2628=VERTEX_POINT('',#3044);
#2629=CIRCLE('',#3045,43.6);
#2630=VERTEX_POINT('',#3049);
#2631=CIRCLE('',#3050,43.6);
#2632=VERTEX_POINT('',#3054);
#2633=CIRCLE('',#3055,43.6);
#2634=VERTEX_POINT('',#3059);
#2635=CIRCLE('',#3060,43.6);
#2636=VERTEX_POINT('',#3064);
#2637=CIRCLE('',#3065,43.6);
#2638=VERTEX_POINT('',#3069);
#2639=CIRCLE('',#3070,43.6);
#2640=VERTEX_POINT('',#3074);
#2641=CIRCLE('',#3075,43.6);
#2642=VERTEX_POINT('',#3079);
#2643=CIRCLE('',#3080,43.6);
#2644=VERTEX_POINT('',#3084);
#2645=CIRCLE('',#3085,43.6);
#2646=VERTEX_POINT('',#3089);
#2647=CIRCLE('',#3090,43.6);
#2648=VERTEX_POINT('',#3094);
#2649=CIRCLE('',#3095,43.6);
#2650=VERTEX_POINT('',#3099);
#2651=CIRCLE('',#3100,43.6);
#2652=CIRCLE('',#3104,43.6);
#2653=VERTEX_POINT('',#3108);
#2654=CIRCLE('',#3109,41.2);
#2655=VERTEX_POINT('',#3113);
#2656=LINE('',#3114,#3115);
#2657=VERTEX_POINT('',#3117);
#2658=CIRCLE('',#3118,43.6);
#2659=LINE('',#3122,#3123);
#2660=VERTEX_POINT('',#3125);
#2661=LINE('',#3126,#3127);
#2662=VERTEX_POINT('',#3129);
#2663=CIRCLE('',#3130,43.6);
#2664=LINE('',#3134,#3135);
#2665=VERTEX_POINT('',#3137);
#2666=LINE('',#3138,#3139);
#2667=VERTEX_POINT('',#3141);
#2668=CIRCLE('',#3142,43.6);
#2669=LINE('',#3146,#3147);
#2670=VERTEX_POINT('',#3149);
#2671=LINE('',#3150,#3151);
#2672=VERTEX_POINT('',#3153);
#2673=CIRCLE('',#3154,43.6);
#2674=LINE('',#3158,#3159);
#2675=VERTEX_POINT('',#3161);
#2676=LINE('',#3162,#3163);
#2677=VERTEX_POINT('',#3165);
#2678=CIRCLE('',#3166,43.6);
#2679=VERTEX_POINT('',#3170);
#2680=CIRCLE('',#3171,43.6);
#2681=LINE('',#3175,#3176);
#2682=VERTEX_POINT('',#3178);
#2683=LINE('',#3179,#3180);
#2684=VERTEX_POINT('',#3182);
#2685=CIRCLE('',#3183,43.6);
#2686=LINE('',#3187,#3188);
#2687=VERTEX_POINT('',#3190);
#2688=CIRCLE('',#3191,43.6);
#2689=VERTEX_POINT('',#3195);
#2690=CIRCLE('',#3196,41.1843316477254);
#2691=VERTEX_POINT('',#3200);
#2692=LINE('',#3201,#3202);
#2693=CIRCLE('',#3204,41.1843316477254);
#2694=VERTEX_POINT('',#3208);
#2695=CIRCLE('',#3209,41.1843316477254);
#2696=VERTEX_POINT('',#3213);
#2697=LINE('',#3214,#3215);
#2698=CIRCLE('',#3217,41.1843316477254);
#2699=CIRCLE('',#3221,3.5);
#2700=VERTEX_POINT('',#3225);
#2701=CIRCLE('',#3226,1.625);
#2702=CIRCLE('',#3230,3.5);
#2703=VERTEX_POINT('',#3234);
#2704=CIRCLE('',#3235,1.625);
#2705=VERTEX_POINT('',#3239);
#2706=CIRCLE('',#3240,41.1843316477254);
#2707=VERTEX_POINT('',#3244);
#2708=LINE('',#3245,#3246);
#2709=CIRCLE('',#3248,41.1843316477254);
#2710=VERTEX_POINT('',#3252);
#2711=CIRCLE('',#3253,41.1843316477254);
#2712=VERTEX_POINT('',#3257);
#2713=LINE('',#3258,#3259);
#2714=CIRCLE('',#3261,41.1843316477254);
#2715=CIRCLE('',#3265,3.5);
#2716=VERTEX_POINT('',#3269);
#2717=CIRCLE('',#3270,1.625);
#2718=CIRCLE('',#3274,3.5);
#2719=VERTEX_POINT('',#3278);
#2720=CIRCLE('',#3279,1.625);
#2721=VERTEX_POINT('',#3283);
#2722=CIRCLE('',#3284,41.1843316477254);
#2723=VERTEX_POINT('',#3288);
#2724=LINE('',#3289,#3290);
#2725=CIRCLE('',#3292,41.1843316477254);
#2726=VERTEX_POINT('',#3296);
#2727=CIRCLE('',#3297,41.1843316477254);
#2728=VERTEX_POINT('',#3301);
#2729=LINE('',#3302,#3303);
#2730=CIRCLE('',#3305,41.1843316477254);
#2731=CIRCLE('',#3309,3.5);
#2732=VERTEX_POINT('',#3313);
#2733=CIRCLE('',#3314,1.625);
#2734=CIRCLE('',#3318,3.5);
#2735=VERTEX_POINT('',#3322);
#2736=CIRCLE('',#3323,1.625);
#2737=VERTEX_POINT('',#3327);
#2738=CIRCLE('',#3328,41.1843316477254);
#2739=VERTEX_POINT('',#3332);
#2740=LINE('',#3333,#3334);
#2741=CIRCLE('',#3336,41.1843316477254);
#2742=VERTEX_POINT('',#3340);
#2743=CIRCLE('',#3341,41.1843316477254);
#2744=VERTEX_POINT('',#3345);
#2745=LINE('',#3346,#3347);
#2746=CIRCLE('',#3349,41.1843316477254);
#2747=CIRCLE('',#3353,3.5);
#2748=VERTEX_POINT('',#3357);
#2749=CIRCLE('',#3358,1.625);
#2750=CIRCLE('',#3362,3.5);
#2751=VERTEX_POINT('',#3366);
#2752=CIRCLE('',#3367,1.625);
#2753=VERTEX_POINT('',#3371);
#2754=CIRCLE('',#3372,41.1843316477254);
#2755=VERTEX_POINT('',#3376);
#2756=LINE('',#3377,#3378);
#2757=CIRCLE('',#3380,41.1843316477254);
#2758=VERTEX_POINT('',#3384);
#2759=CIRCLE('',#3385,41.1843316477254);
#2760=VERTEX_POINT('',#3389);
#2761=LINE('',#3390,#3391);
#2762=CIRCLE('',#3393,41.1843316477254);
#2763=CIRCLE('',#3397,3.5);
#2764=VERTEX_POINT('',#3401);
#2765=CIRCLE('',#3402,1.625);
#2766=CIRCLE('',#3406,3.5);
#2767=VERTEX_POINT('',#3410);
#2768=CIRCLE('',#3411,1.625);
#2769=VERTEX_POINT('',#3415);
#2770=CIRCLE('',#3416,41.1843316477254);
#2771=VERTEX_POINT('',#3420);
#2772=CIRCLE('',#3421,3.5);
#2773=CIRCLE('',#3425,41.1843316477254);
#2774=VERTEX_POINT('',#3429);
#2775=CIRCLE('',#3430,1.625);
#2776=VERTEX_POINT('',#3434);
#2777=CIRCLE('',#3435,40.8);
#2778=VERTEX_POINT('',#3439);
#2779=LINE('',#3440,#3441);
#2780=CIRCLE('',#3443,41.1843316477254);
#2781=VERTEX_POINT('',#3447);
#2782=CIRCLE('',#3448,3.5);
#2783=CIRCLE('',#3452,41.1843316477254);
#2784=VERTEX_POINT('',#3456);
#2785=CIRCLE('',#3457,1.625);
#2786=VERTEX_POINT('',#3461);
#2787=CIRCLE('',#3462,22.688);
#2788=LINE('',#3466,#3467);
#2789=VERTEX_POINT('',#3469);
#2790=CIRCLE('',#3470,40.8);
#2791=VERTEX_POINT('',#3474);
#2792=CIRCLE('',#3475,22.688);
#2793=VERTEX_POINT('',#3479);
#2794=CIRCLE('',#3480,43.6);
#2795=VERTEX_POINT('',#3484);
#2796=VERTEX_POINT('',#3485);
#2797=CIRCLE('',#3486,43.6);
#2798=VERTEX_POINT('',#3490);
#2799=LINE('',#3491,#3492);
#2800=VERTEX_POINT('',#3494);
#2801=CIRCLE('',#3495,43.6);
#2802=VERTEX_POINT('',#3499);
#2803=LINE('',#3500,#3501);
#2804=VERTEX_POINT('',#3503);
#2805=CIRCLE('',#3504,43.6);
#2806=VERTEX_POINT('',#3508);
#2807=CIRCLE('',#3509,43.6);
#2808=VERTEX_POINT('',#3513);
#2809=LINE('',#3514,#3515);
#2810=VERTEX_POINT('',#3517);
#2811=CIRCLE('',#3518,43.6);
#2812=VERTEX_POINT('',#3522);
#2813=LINE('',#3523,#3524);
#2814=VERTEX_POINT('',#3526);
#2815=CIRCLE('',#3527,43.6);
#2816=VERTEX_POINT('',#3531);
#2817=LINE('',#3532,#3533);
#2818=VERTEX_POINT('',#3535);
#2819=CIRCLE('',#3536,43.6);
#2820=VERTEX_POINT('',#3540);
#2821=LINE('',#3541,#3542);
#2822=VERTEX_POINT('',#3544);
#2823=CIRCLE('',#3545,43.6);
#2824=VERTEX_POINT('',#3549);
#2825=LINE('',#3550,#3551);
#2826=VERTEX_POINT('',#3553);
#2827=CIRCLE('',#3554,43.6);
#2828=VERTEX_POINT('',#3558);
#2829=LINE('',#3559,#3560);
#2830=VERTEX_POINT('',#3562);
#2831=CIRCLE('',#3563,43.6);
#2832=VERTEX_POINT('',#3567);
#2833=LINE('',#3568,#3569);
#2834=VERTEX_POINT('',#3571);
#2835=CIRCLE('',#3572,43.6);
#2836=VERTEX_POINT('',#3576);
#2837=LINE('',#3577,#3578);
#2838=VERTEX_POINT('',#3580);
#2839=CIRCLE('',#3581,43.6);
#2840=VERTEX_POINT('',#3585);
#2841=LINE('',#3586,#3587);
#2842=VERTEX_POINT('',#3589);
#2843=CIRCLE('',#3590,43.6);
#2844=LINE('',#3594,#3595);
#2845=VERTEX_POINT('',#3597);
#2846=CIRCLE('',#3598,13.6319999999864);
#2847=VERTEX_POINT('',#3602);
#2848=CIRCLE('',#3603,13.6319999999864);
#2849=VERTEX_POINT('',#3607);
#2850=CIRCLE('',#3608,1.584);
#2851=VERTEX_POINT('',#3612);
#2852=CIRCLE('',#3613,41.1843316477254);
#2853=VERTEX_POINT('',#3617);
#2854=CIRCLE('',#3618,3.5);
#2855=CIRCLE('',#3622,41.1843316477254);
#2856=VERTEX_POINT('',#3626);
#2857=CIRCLE('',#3627,1.625);
#2858=VERTEX_POINT('',#3631);
#2859=LINE('',#3632,#3633);
#2860=CIRCLE('',#3635,41.1843316477254);
#2861=CIRCLE('',#3639,43.6);
#2862=CIRCLE('',#3643,43.6);
#2863=CIRCLE('',#3647,43.6);
#2864=CIRCLE('',#3651,43.6);
#2865=VERTEX_POINT('',#3655);
#2866=CIRCLE('',#3656,43.6);
#2867=CIRCLE('',#3660,43.6);
#2868=CIRCLE('',#3664,43.6);
#2869=VERTEX_POINT('',#3668);
#2870=CIRCLE('',#3669,41.2);
#2871=VERTEX_POINT('',#3673);
#2872=CIRCLE('',#3674,41.1843316477254);
#2873=VERTEX_POINT('',#3678);
#2874=LINE('',#3679,#3680);
#2875=CIRCLE('',#3682,41.1843316477254);
#2876=VERTEX_POINT('',#3686);
#2877=CIRCLE('',#3687,3.5);
#2878=CIRCLE('',#3691,41.1843316477254);
#2879=VERTEX_POINT('',#3695);
#2880=CIRCLE('',#3696,1.625);
#2881=VERTEX_POINT('',#3700);
#2882=LINE('',#3701,#3702);
#2883=CIRCLE('',#3704,41.1843316477254);
#2884=VERTEX_POINT('',#3708);
#2885=CIRCLE('',#3709,41.1843316477254);
#2886=VERTEX_POINT('',#3713);
#2887=LINE('',#3714,#3715);
#2888=CIRCLE('',#3717,41.1843316477254);
#2889=VERTEX_POINT('',#3721);
#2890=CIRCLE('',#3722,3.5);
#2891=CIRCLE('',#3726,41.1843316477254);
#2892=VERTEX_POINT('',#3730);
#2893=CIRCLE('',#3731,1.625);
#2894=VERTEX_POINT('',#3735);
#2895=LINE('',#3736,#3737);
#2896=CIRCLE('',#3739,41.1843316477254);
#2897=VERTEX_POINT('',#3743);
#2898=CIRCLE('',#3744,41.1843316477254);
#2899=VERTEX_POINT('',#3748);
#2900=LINE('',#3749,#3750);
#2901=CIRCLE('',#3752,41.1843316477254);
#2902=VERTEX_POINT('',#3756);
#2903=CIRCLE('',#3757,3.5);
#2904=CIRCLE('',#3761,41.1843316477254);
#2905=VERTEX_POINT('',#3765);
#2906=CIRCLE('',#3766,1.625);
#2907=VERTEX_POINT('',#3770);
#2908=LINE('',#3771,#3772);
#2909=CIRCLE('',#3774,41.1843316477254);
#2910=VERTEX_POINT('',#3778);
#2911=CIRCLE('',#3779,41.1843316477254);
#2912=VERTEX_POINT('',#3783);
#2913=LINE('',#3784,#3785);
#2914=CIRCLE('',#3787,41.1843316477254);
#2915=VERTEX_POINT('',#3791);
#2916=CIRCLE('',#3792,3.5);
#2917=CIRCLE('',#3796,41.1843316477254);
#2918=VERTEX_POINT('',#3800);
#2919=CIRCLE('',#3801,1.625);
#2920=VERTEX_POINT('',#3805);
#2921=LINE('',#3806,#3807);
#2922=CIRCLE('',#3809,41.1843316477254);
#2923=VERTEX_POINT('',#3813);
#2924=CIRCLE('',#3814,41.1843316477254);
#2925=VERTEX_POINT('',#3818);
#2926=LINE('',#3819,#3820);
#2927=CIRCLE('',#3822,41.1843316477254);
#2928=VERTEX_POINT('',#3826);
#2929=CIRCLE('',#3827,3.5);
#2930=CIRCLE('',#3831,41.1843316477254);
#2931=VERTEX_POINT('',#3835);
#2932=CIRCLE('',#3836,1.625);
#2933=VERTEX_POINT('',#3840);
#2934=CIRCLE('',#3841,1.584);
#2935=VERTEX_POINT('',#3845);
#2936=LINE('',#3846,#3847);
#2937=CIRCLE('',#3849,41.1843316477254);
#2938=VERTEX_POINT('',#3853);
#2939=CIRCLE('',#3854,41.1843316477254);
#2940=LINE('',#3858,#3859);
#2941=VERTEX_POINT('',#3861);
#2942=CIRCLE('',#3862,40.8);
#2943=CIRCLE('',#3866,3.5);
#2944=VERTEX_POINT('',#3870);
#2945=CIRCLE('',#3871,1.625);
#2946=CIRCLE('',#3875,3.5);
#2947=VERTEX_POINT('',#3879);
#2948=CIRCLE('',#3880,1.625);
#2949=VERTEX_POINT('',#3884);
#2950=CIRCLE('',#3885,40.8);
#2951=CIRCLE('',#3889,3.5);
#2952=VERTEX_POINT('',#3893);
#2953=CIRCLE('',#3894,1.625);
#2954=CIRCLE('',#3898,3.5);
#2955=VERTEX_POINT('',#3902);
#2956=CIRCLE('',#3903,1.625);
#2957=CIRCLE('',#3907,3.5);
#2958=VERTEX_POINT('',#3911);
#2959=CIRCLE('',#3912,1.625);
#2960=CIRCLE('',#3916,3.5);
#2961=VERTEX_POINT('',#3920);
#2962=CIRCLE('',#3921,1.625);
#2963=VERTEX_POINT('',#3925);
#2964=CIRCLE('',#3926,13.6319999999864);
#2965=VERTEX_POINT('',#3930);
#2966=CIRCLE('',#3931,11.9319999999864);
#2967=VERTEX_POINT('',#3935);
#2968=CIRCLE('',#3936,1.584);
#2969=VERTEX_POINT('',#3940);
#2970=CIRCLE('',#3941,1.584);
#2971=VERTEX_POINT('',#3945);
#2972=CIRCLE('',#3946,11.9319999999864);
#2973=VERTEX_POINT('',#3950);
#2974=CIRCLE('',#3951,13.6319999999864);
#2975=VERTEX_POINT('',#3955);
#2976=VERTEX_POINT('',#3956);
#2977=LINE('',#3957,#3958);
#2978=VERTEX_POINT('',#3960);
#2979=LINE('',#3961,#3962);
#2980=VERTEX_POINT('',#3964);
#2981=LINE('',#3965,#3966);
#2982=VERTEX_POINT('',#3968);
#2983=LINE('',#3969,#3970);
#2984=VERTEX_POINT('',#3972);
#2985=LINE('',#3973,#3974);
#2986=LINE('',#3976,#3977);
#2987=VERTEX_POINT('',#3979);
#2988=CIRCLE('',#3980,21.8987175938531);
#2989=VERTEX_POINT('',#3984);
#2990=VERTEX_POINT('',#3985);
#2991=LINE('',#3986,#3987);
#2992=LINE('',#3989,#3990);
#2993=LINE('',#3992,#3993);
#2994=VERTEX_POINT('',#3995);
#2995=LINE('',#3996,#3997);
#2996=LINE('',#3999,#4000);
#2997=VERTEX_POINT('',#4002);
#2998=LINE('',#4003,#4004);
#2999=LINE('',#4006,#4007);
#3000=VERTEX_POINT('',#4009);
#3001=LINE('',#4010,#4011);
#3002=LINE('',#4013,#4014);
#3003=VERTEX_POINT('',#4016);
#3004=LINE('',#4017,#4018);
#3005=LINE('',#4020,#4021);
#3006=LINE('',#4023,#4024);
#3007=VERTEX_POINT('',#4026);
#3008=CIRCLE('',#4027,21.8987175938531);
#3009=VERTEX_POINT('',#4031);
#3010=CIRCLE('',#4032,14.8987175938531);
#3011=VERTEX_POINT('',#4036);
#3012=CIRCLE('',#4037,25.2587175938531);
#3013=VERTEX_POINT('',#4041);
#3014=CIRCLE('',#4042,14.8987175938531);
#3015=VERTEX_POINT('',#4046);
#3016=CIRCLE('',#4047,25.2587175938531);
#3017=VERTEX_POINT('',#4051);
#3018=CIRCLE('',#4052,16.8987175938531);
#3019=VERTEX_POINT('',#4056);
#3020=CIRCLE('',#4057,21.8987175938531);
#3021=VERTEX_POINT('',#4061);
#3022=CIRCLE('',#4062,21.8987175938531);
#3023=VERTEX_POINT('',#4066);
#3024=CIRCLE('',#4067,21.8987175938531);
#3025=VERTEX_POINT('',#4071);
#3026=CIRCLE('',#4072,21.8987175938531);
#3027=VERTEX_POINT('',#4076);
#3028=CIRCLE('',#4077,25.2587175938531);
#3029=VERTEX_POINT('',#4081);
#3030=CIRCLE('',#4082,25.2587175938531);
#3031=VERTEX_POINT('',#4086);
#3032=CIRCLE('',#4087,1.584);
#3033=VERTEX_POINT('',#4091);
#3034=CIRCLE('',#4092,1.584);
#3035=VERTEX_POINT('',#4096);
#3036=CIRCLE('',#4097,13.6319999999864);
#3037=VERTEX_POINT('',#4101);
#3038=CIRCLE('',#4102,11.9319999999864);
#3039=VERTEX_POINT('',#4106);
#3040=CIRCLE('',#4107,11.9319999999864);
#3041=VERTEX_POINT('',#4111);
#3042=CIRCLE('',#4112,13.6319999999864);
#3043=CARTESIAN_POINT('',(14.368,27.0843814593889,34.1671813435395));
#3044=CARTESIAN_POINT('',(14.368,43.1318769758927,6.37190619768595));
#3045=AXIS2_PLACEMENT_3D('',#3046,#3047,#3048);
#3046=CARTESIAN_POINT('',(14.368,0.,0.));
#3047=DIRECTION('',(-1.,0.,0.));
#3048=DIRECTION('',(0.,0.621201409619018,0.783650948246312));
#3049=CARTESIAN_POINT('',(14.368,16.0477058502188,40.5392542728712));
#3050=AXIS2_PLACEMENT_3D('',#3051,#3052,#3053);
#3051=CARTESIAN_POINT('',(14.368,0.,0.));
#3052=DIRECTION('',(-1.,0.,0.));
#3053=DIRECTION('',(0.,0.36806664793541,0.929799409914628));
#3054=CARTESIAN_POINT('',(14.368,-2.66973002214123E-15,43.6));
#3055=AXIS2_PLACEMENT_3D('',#3056,#3057,#3058);
#3056=CARTESIAN_POINT('',(14.368,0.,0.));
#3057=DIRECTION('',(-1.,0.,0.));
#3058=DIRECTION('',(0.,-6.12323399573677E-17,1.));
#3059=CARTESIAN_POINT('',(14.368,-16.0474562895205,40.5393530613887));
#3060=AXIS2_PLACEMENT_3D('',#3061,#3062,#3063);
#3061=CARTESIAN_POINT('',(14.368,0.,0.));
#3062=DIRECTION('',(-1.,0.,0.));
#3063=DIRECTION('',(0.,-0.368060924071563,0.929801675719929));
#3064=CARTESIAN_POINT('',(14.368,-27.0841711256739,34.1673480751852));
#3065=AXIS2_PLACEMENT_3D('',#3066,#3067,#3068);
#3066=CARTESIAN_POINT('',(14.368,0.,0.));
#3067=DIRECTION('',(-1.,0.,0.));
#3068=DIRECTION('',(0.,-0.621196585442144,0.783654772355162));
#3069=CARTESIAN_POINT('',(14.368,-43.1318377489093,6.37217171784923));
#3070=AXIS2_PLACEMENT_3D('',#3071,#3072,#3073);
#3071=CARTESIAN_POINT('',(14.368,0.,0.));
#3072=DIRECTION('',(-1.,0.,0.));
#3073=DIRECTION('',(0.,-0.98926233369058,0.146150727473616));
#3074=CARTESIAN_POINT('',(14.368,-43.1318769758927,-6.37190619768598));
#3075=AXIS2_PLACEMENT_3D('',#3076,#3077,#3078);
#3076=CARTESIAN_POINT('',(14.368,0.,0.));
#3077=DIRECTION('',(-1.,0.,0.));
#3078=DIRECTION('',(0.,-0.989263233377554,-0.146144637559466));
#3079=CARTESIAN_POINT('',(14.368,-27.0843814593888,-34.1671813435395));
#3080=AXIS2_PLACEMENT_3D('',#3081,#3082,#3083);
#3081=CARTESIAN_POINT('',(14.368,0.,0.));
#3082=DIRECTION('',(-1.,0.,0.));
#3083=DIRECTION('',(0.,-0.621201409619018,-0.783650948246313));
#3084=CARTESIAN_POINT('',(14.368,-16.0477058502188,-40.5392542728712));
#3085=AXIS2_PLACEMENT_3D('',#3086,#3087,#3088);
#3086=CARTESIAN_POINT('',(14.368,0.,0.));
#3087=DIRECTION('',(-1.,0.,0.));
#3088=DIRECTION('',(0.,-0.368066647935411,-0.929799409914628));
#3089=CARTESIAN_POINT('',(14.368,16.0474562895205,-40.5393530613887));
#3090=AXIS2_PLACEMENT_3D('',#3091,#3092,#3093);
#3091=CARTESIAN_POINT('',(14.368,0.,0.));
#3092=DIRECTION('',(-1.,0.,0.));
#3093=DIRECTION('',(0.,0.368060924071562,-0.929801675719929));
#3094=CARTESIAN_POINT('',(14.368,27.0841711256739,-34.1673480751852));
#3095=AXIS2_PLACEMENT_3D('',#3096,#3097,#3098);
#3096=CARTESIAN_POINT('',(14.368,0.,0.));
#3097=DIRECTION('',(-1.,0.,0.));
#3098=DIRECTION('',(0.,0.621196585442144,-0.783654772355162));
#3099=CARTESIAN_POINT('',(14.368,43.1318377489093,-6.37217171784925));
#3100=AXIS2_PLACEMENT_3D('',#3101,#3102,#3103);
#3101=CARTESIAN_POINT('',(14.368,0.,0.));
#3102=DIRECTION('',(-1.,0.,0.));
#3103=DIRECTION('',(0.,0.98926233369058,-0.146150727473616));
#3104=AXIS2_PLACEMENT_3D('',#3105,#3106,#3107);
#3105=CARTESIAN_POINT('',(14.368,0.,0.));
#3106=DIRECTION('',(-1.,0.,0.));
#3107=DIRECTION('',(0.,0.989263233377554,0.146144637559465));
#3108=CARTESIAN_POINT('',(11.968,-2.52277240624355E-15,41.2));
#3109=AXIS2_PLACEMENT_3D('',#3110,#3111,#3112);
#3110=CARTESIAN_POINT('',(11.968,0.,0.));
#3111=DIRECTION('',(-1.,0.,0.));
#3112=DIRECTION('',(0.,-6.12323399573677E-17,1.));
#3113=CARTESIAN_POINT('',(6.96799999999999,43.1318377489094,-6.3721717178491));
#3114=CARTESIAN_POINT('',(14.368,43.1318377489093,-6.37217171784968));
#3115=VECTOR('',#3116,1.);
#3116=DIRECTION('',(-1.,0.,0.));
#3117=CARTESIAN_POINT('',(6.96799999999999,27.084171125806,-34.1673480753519));
#3118=AXIS2_PLACEMENT_3D('',#3119,#3120,#3121);
#3119=CARTESIAN_POINT('',(6.96799999999999,0.,0.));
#3120=DIRECTION('',(-1.,0.,0.));
#3121=DIRECTION('',(0.,0.98926233369058,-0.146150727473616));
#3122=CARTESIAN_POINT('',(14.368,27.0841711252775,-34.1673480746851));
#3123=VECTOR('',#3124,1.);
#3124=DIRECTION('',(-1.,0.,0.));
#3125=CARTESIAN_POINT('',(6.96799999999999,16.0474562895206,-40.5393530613887));
#3126=CARTESIAN_POINT('',(14.368,16.0474562895201,-40.5393530613889));
#3127=VECTOR('',#3128,1.);
#3128=DIRECTION('',(-1.,0.,0.));
#3129=CARTESIAN_POINT('',(6.96799999999999,-16.0477058502971,-40.539254273069));
#3130=AXIS2_PLACEMENT_3D('',#3131,#3132,#3133);
#3131=CARTESIAN_POINT('',(6.96799999999999,0.,0.));
#3132=DIRECTION('',(-1.,0.,0.));
#3133=DIRECTION('',(0.,0.368060924071562,-0.929801675719929));
#3134=CARTESIAN_POINT('',(14.368,-16.0477058499839,-40.5392542722778));
#3135=VECTOR('',#3136,1.);
#3136=DIRECTION('',(-1.,0.,0.));
#3137=CARTESIAN_POINT('',(6.96799999999999,-27.0843814593887,-34.1671813435396));
#3138=CARTESIAN_POINT('',(14.368,-27.0843814593892,-34.1671813435392));
#3139=VECTOR('',#3140,1.);
#3140=DIRECTION('',(-1.,0.,0.));
#3141=CARTESIAN_POINT('',(6.96799999999999,-43.1318769761031,-6.37190619771707));
#3142=AXIS2_PLACEMENT_3D('',#3143,#3144,#3145);
#3143=CARTESIAN_POINT('',(6.96799999999999,0.,0.));
#3144=DIRECTION('',(-1.,0.,0.));
#3145=DIRECTION('',(0.,-0.621201409619018,-0.783650948246313));
#3146=CARTESIAN_POINT('',(14.368,-43.1318769752613,-6.37190619759271));
#3147=VECTOR('',#3148,1.);
#3148=DIRECTION('',(-1.,0.,0.));
#3149=CARTESIAN_POINT('',(6.96799999999999,-43.1318377489094,6.37217171784908));
#3150=CARTESIAN_POINT('',(14.368,-43.1318377489093,6.37217171784966));
#3151=VECTOR('',#3152,1.);
#3152=DIRECTION('',(-1.,0.,0.));
#3153=CARTESIAN_POINT('',(6.96799999999999,-27.0841711258061,34.1673480753519));
#3154=AXIS2_PLACEMENT_3D('',#3155,#3156,#3157);
#3155=CARTESIAN_POINT('',(6.96799999999999,0.,0.));
#3156=DIRECTION('',(-1.,0.,0.));
#3157=DIRECTION('',(0.,-0.98926233369058,0.146150727473616));
#3158=CARTESIAN_POINT('',(14.368,-27.0841711252775,34.1673480746851));
#3159=VECTOR('',#3160,1.);
#3160=DIRECTION('',(-1.,0.,0.));
#3161=CARTESIAN_POINT('',(6.96799999999999,-16.0474562895207,40.5393530613887));
#3162=CARTESIAN_POINT('',(14.368,-16.0474562895201,40.5393530613889));
#3163=VECTOR('',#3164,1.);
#3164=DIRECTION('',(-1.,0.,0.));
#3165=CARTESIAN_POINT('',(6.96799999999999,-8.00919006642369E-15,43.6));
#3166=AXIS2_PLACEMENT_3D('',#3167,#3168,#3169);
#3167=CARTESIAN_POINT('',(6.96799999999999,0.,0.));
#3168=DIRECTION('',(-1.,0.,0.));
#3169=DIRECTION('',(0.,-0.368060924071563,0.929801675719929));
#3170=CARTESIAN_POINT('',(6.96799999999999,16.0477058502971,40.539254273069));
#3171=AXIS2_PLACEMENT_3D('',#3172,#3173,#3174);
#3172=CARTESIAN_POINT('',(6.96799999999999,0.,0.));
#3173=DIRECTION('',(-1.,0.,0.));
#3174=DIRECTION('',(0.,-6.12323399573677E-17,1.));
#3175=CARTESIAN_POINT('',(14.368,16.0477058499839,40.5392542722778));
#3176=VECTOR('',#3177,1.);
#3177=DIRECTION('',(-1.,0.,0.));
#3178=CARTESIAN_POINT('',(6.96799999999999,27.0843814593887,34.1671813435396));
#3179=CARTESIAN_POINT('',(14.368,27.0843814593892,34.1671813435392));
#3180=VECTOR('',#3181,1.);
#3181=DIRECTION('',(-1.,0.,0.));
#3182=CARTESIAN_POINT('',(6.96799999999999,43.1318769761031,6.37190619771704));
#3183=AXIS2_PLACEMENT_3D('',#3184,#3185,#3186);
#3184=CARTESIAN_POINT('',(6.96799999999999,0.,0.));
#3185=DIRECTION('',(-1.,0.,0.));
#3186=DIRECTION('',(0.,0.621201409619018,0.783650948246312));
#3187=CARTESIAN_POINT('',(14.368,43.1318769752613,6.37190619759268));
#3188=VECTOR('',#3189,1.);
#3189=DIRECTION('',(-1.,0.,0.));
#3190=CARTESIAN_POINT('',(-12.6,-2.66973002214123E-15,43.6));
#3191=AXIS2_PLACEMENT_3D('',#3192,#3193,#3194);
#3192=CARTESIAN_POINT('',(-12.6,0.,0.));
#3193=DIRECTION('',(-1.,0.,0.));
#3194=DIRECTION('',(0.,-6.12323399573677E-17,1.));
#3195=CARTESIAN_POINT('',(14.368,41.5206467690352,26.7943494133364));
#3196=AXIS2_PLACEMENT_3D('',#3197,#3198,#3199);
#3197=CARTESIAN_POINT('',(14.368,52.6681463331734,66.4413218921698));
#3198=DIRECTION('',(1.,0.,0.));
#3199=DIRECTION('',(0.,-0.621201409619041,-0.783650948246295));
#3200=CARTESIAN_POINT('',(6.96799999999999,41.5206467690352,26.7943494133364));
#3201=CARTESIAN_POINT('',(14.368,41.5206467690352,26.7943494133364));
#3202=VECTOR('',#3203,1.);
#3203=DIRECTION('',(-1.,0.,0.));
#3204=AXIS2_PLACEMENT_3D('',#3205,#3206,#3207);
#3205=CARTESIAN_POINT('',(6.96799999999999,52.6681463331734,66.4413218921698));
#3206=DIRECTION('',(1.,0.,0.));
#3207=DIRECTION('',(0.,-0.621201409619041,-0.783650948246295));
#3208=CARTESIAN_POINT('',(6.96799999999999,43.9649106543447,22.5607601768762));
#3209=AXIS2_PLACEMENT_3D('',#3210,#3211,#3212);
#3210=CARTESIAN_POINT('',(6.96799999999999,83.8739457862265,12.3912917486763));
#3211=DIRECTION('',(1.,0.,0.));
#3212=DIRECTION('',(0.,-0.969034424869314,0.246925663749633));
#3213=CARTESIAN_POINT('',(14.368,43.9649106543447,22.5607601768762));
#3214=CARTESIAN_POINT('',(14.368,43.9649106543436,22.5607601768765));
#3215=VECTOR('',#3216,1.);
#3216=DIRECTION('',(-1.,0.,0.));
#3217=AXIS2_PLACEMENT_3D('',#3218,#3219,#3220);
#3218=CARTESIAN_POINT('',(14.368,83.8739457862265,12.3912917486763));
#3219=DIRECTION('',(1.,0.,0.));
#3220=DIRECTION('',(0.,-0.969034424869314,0.246925663749633));
#3221=AXIS2_PLACEMENT_3D('',#3222,#3223,#3224);
#3222=CARTESIAN_POINT('',(6.96799999999999,40.573290167301,23.425));
#3223=DIRECTION('',(-1.,0.,0.));
#3224=DIRECTION('',(0.,0.270673314781202,0.962671260953269));
#3225=CARTESIAN_POINT('',(6.96799999999999,39.760790167301,24.8322912811497));
#3226=AXIS2_PLACEMENT_3D('',#3227,#3228,#3229);
#3227=CARTESIAN_POINT('',(6.96799999999999,40.573290167301,23.425));
#3228=DIRECTION('',(-1.,0.,0.));
#3229=DIRECTION('',(0.,-0.499999999999999,0.866025403784439));
#3230=AXIS2_PLACEMENT_3D('',#3231,#3232,#3233);
#3231=CARTESIAN_POINT('',(14.368,40.573290167301,23.425));
#3232=DIRECTION('',(-1.,0.,0.));
#3233=DIRECTION('',(0.,0.270673314781202,0.962671260953269));
#3234=CARTESIAN_POINT('',(14.368,39.760790167301,24.8322912811497));
#3235=AXIS2_PLACEMENT_3D('',#3236,#3237,#3238);
#3236=CARTESIAN_POINT('',(14.368,40.573290167301,23.425));
#3237=DIRECTION('',(-1.,0.,0.));
#3238=DIRECTION('',(0.,-0.499999999999999,0.866025403784439));
#3239=CARTESIAN_POINT('',(14.368,43.9649106543436,-22.5607601768765));
#3240=AXIS2_PLACEMENT_3D('',#3241,#3242,#3243);
#3241=CARTESIAN_POINT('',(14.368,83.8739457862249,-12.3912917486794));
#3242=DIRECTION('',(1.,0.,0.));
#3243=DIRECTION('',(0.,-0.989262333690576,0.146150727473645));
#3244=CARTESIAN_POINT('',(6.96799999999999,43.9649106543436,-22.5607601768765));
#3245=CARTESIAN_POINT('',(14.368,43.9649106543436,-22.5607601768765));
#3246=VECTOR('',#3247,1.);
#3247=DIRECTION('',(-1.,0.,0.));
#3248=AXIS2_PLACEMENT_3D('',#3249,#3250,#3251);
#3249=CARTESIAN_POINT('',(6.96799999999999,83.8739457862249,-12.3912917486794));
#3250=DIRECTION('',(1.,0.,0.));
#3251=DIRECTION('',(0.,-0.989262333690576,0.146150727473645));
#3252=CARTESIAN_POINT('',(6.96799999999999,41.5206467690354,-26.7943494133375));
#3253=AXIS2_PLACEMENT_3D('',#3254,#3255,#3256);
#3254=CARTESIAN_POINT('',(6.96799999999999,52.6681463331715,-66.4413218921727));
#3255=DIRECTION('',(1.,0.,0.));
#3256=DIRECTION('',(0.,-0.270673314781141,0.962671260953286));
#3257=CARTESIAN_POINT('',(14.368,41.5206467690354,-26.7943494133375));
#3258=CARTESIAN_POINT('',(14.368,41.5206467690351,-26.7943494133365));
#3259=VECTOR('',#3260,1.);
#3260=DIRECTION('',(-1.,0.,0.));
#3261=AXIS2_PLACEMENT_3D('',#3262,#3263,#3264);
#3262=CARTESIAN_POINT('',(14.368,52.6681463331715,-66.4413218921727));
#3263=DIRECTION('',(1.,0.,0.));
#3264=DIRECTION('',(0.,-0.270673314781141,0.962671260953286));
#3265=AXIS2_PLACEMENT_3D('',#3266,#3267,#3268);
#3266=CARTESIAN_POINT('',(6.96799999999999,40.5732901673009,-23.425));
#3267=DIRECTION('',(-1.,0.,0.));
#3268=DIRECTION('',(0.,0.96903442486933,0.246925663749572));
#3269=CARTESIAN_POINT('',(6.96799999999999,41.3857901673009,-22.0177087188503));
#3270=AXIS2_PLACEMENT_3D('',#3271,#3272,#3273);
#3271=CARTESIAN_POINT('',(6.96799999999999,40.5732901673009,-23.425));
#3272=DIRECTION('',(-1.,0.,0.));
#3273=DIRECTION('',(0.,0.5,0.866025403784438));
#3274=AXIS2_PLACEMENT_3D('',#3275,#3276,#3277);
#3275=CARTESIAN_POINT('',(14.368,40.5732901673009,-23.425));
#3276=DIRECTION('',(-1.,0.,0.));
#3277=DIRECTION('',(0.,0.96903442486933,0.246925663749572));
#3278=CARTESIAN_POINT('',(14.368,41.3857901673009,-22.0177087188503));
#3279=AXIS2_PLACEMENT_3D('',#3280,#3281,#3282);
#3280=CARTESIAN_POINT('',(14.368,40.5732901673009,-23.425));
#3281=DIRECTION('',(-1.,0.,0.));
#3282=DIRECTION('',(0.,0.5,0.866025403784438));
#3283=CARTESIAN_POINT('',(14.368,2.44426388530844,-49.3551095902129));
#3284=AXIS2_PLACEMENT_3D('',#3285,#3286,#3287);
#3285=CARTESIAN_POINT('',(14.368,31.2057994530516,-78.8326136408493));
#3286=DIRECTION('',(1.,0.,0.));
#3287=DIRECTION('',(0.,-0.368060924071535,0.92980167571994));
#3288=CARTESIAN_POINT('',(6.96799999999999,2.44426388530844,-49.3551095902129));
#3289=CARTESIAN_POINT('',(14.368,2.44426388530843,-49.3551095902129));
#3290=VECTOR('',#3291,1.);
#3291=DIRECTION('',(-1.,0.,0.));
#3292=AXIS2_PLACEMENT_3D('',#3293,#3294,#3295);
#3293=CARTESIAN_POINT('',(6.96799999999999,31.2057994530516,-78.8326136408493));
#3294=DIRECTION('',(1.,0.,0.));
#3295=DIRECTION('',(0.,-0.368060924071535,0.92980167571994));
#3296=CARTESIAN_POINT('',(6.96799999999999,-2.44426388530925,-49.3551095902137));
#3297=AXIS2_PLACEMENT_3D('',#3298,#3299,#3300);
#3298=CARTESIAN_POINT('',(6.96799999999999,-31.205799453055,-78.8326136408491));
#3299=DIRECTION('',(1.,0.,0.));
#3300=DIRECTION('',(0.,0.698361110088174,0.715745597203653));
#3301=CARTESIAN_POINT('',(14.368,-2.44426388530925,-49.3551095902137));
#3302=CARTESIAN_POINT('',(14.368,-2.44426388530846,-49.3551095902129));
#3303=VECTOR('',#3304,1.);
#3304=DIRECTION('',(-1.,0.,0.));
#3305=AXIS2_PLACEMENT_3D('',#3306,#3307,#3308);
#3306=CARTESIAN_POINT('',(14.368,-31.205799453055,-78.8326136408491));
#3307=DIRECTION('',(1.,0.,0.));
#3308=DIRECTION('',(0.,0.698361110088174,0.715745597203653));
#3309=AXIS2_PLACEMENT_3D('',#3310,#3311,#3312);
#3310=CARTESIAN_POINT('',(6.96799999999999,-1.2436795622307E-14,-46.85));
#3311=DIRECTION('',(-1.,0.,0.));
#3312=DIRECTION('',(0.,0.698361110088129,-0.715745597203697));
#3313=CARTESIAN_POINT('',(6.96799999999999,1.62499999999999,-46.85));
#3314=AXIS2_PLACEMENT_3D('',#3315,#3316,#3317);
#3315=CARTESIAN_POINT('',(6.96799999999999,-1.2436795622307E-14,-46.85));
#3316=DIRECTION('',(-1.,0.,0.));
#3317=DIRECTION('',(0.,1.,-3.88578058618805E-16));
#3318=AXIS2_PLACEMENT_3D('',#3319,#3320,#3321);
#3319=CARTESIAN_POINT('',(14.368,-1.2436795622307E-14,-46.85));
#3320=DIRECTION('',(-1.,0.,0.));
#3321=DIRECTION('',(0.,0.698361110088129,-0.715745597203697));
#3322=CARTESIAN_POINT('',(14.368,1.62499999999999,-46.85));
#3323=AXIS2_PLACEMENT_3D('',#3324,#3325,#3326);
#3324=CARTESIAN_POINT('',(14.368,-1.2436795622307E-14,-46.85));
#3325=DIRECTION('',(-1.,0.,0.));
#3326=DIRECTION('',(0.,1.,-3.88578058618805E-16));
#3327=CARTESIAN_POINT('',(14.368,-41.5206467690352,-26.7943494133364));
#3328=AXIS2_PLACEMENT_3D('',#3329,#3330,#3331);
#3329=CARTESIAN_POINT('',(14.368,-52.6681463331733,-66.4413218921699));
#3330=DIRECTION('',(1.,0.,0.));
#3331=DIRECTION('',(0.,0.62120140961904,0.783650948246295));
#3332=CARTESIAN_POINT('',(6.96799999999999,-41.5206467690352,-26.7943494133364));
#3333=CARTESIAN_POINT('',(14.368,-41.5206467690352,-26.7943494133364));
#3334=VECTOR('',#3335,1.);
#3335=DIRECTION('',(-1.,0.,0.));
#3336=AXIS2_PLACEMENT_3D('',#3337,#3338,#3339);
#3337=CARTESIAN_POINT('',(6.96799999999999,-52.6681463331733,-66.4413218921699));
#3338=DIRECTION('',(1.,0.,0.));
#3339=DIRECTION('',(0.,0.62120140961904,0.783650948246295));
#3340=CARTESIAN_POINT('',(6.96799999999999,-43.9649106543447,-22.5607601768762));
#3341=AXIS2_PLACEMENT_3D('',#3342,#3343,#3344);
#3342=CARTESIAN_POINT('',(6.96799999999999,-83.8739457862265,-12.3912917486764));
#3343=DIRECTION('',(1.,0.,0.));
#3344=DIRECTION('',(0.,0.969034424869315,-0.246925663749633));
#3345=CARTESIAN_POINT('',(14.368,-43.9649106543447,-22.5607601768762));
#3346=CARTESIAN_POINT('',(14.368,-43.9649106543436,-22.5607601768765));
#3347=VECTOR('',#3348,1.);
#3348=DIRECTION('',(-1.,0.,0.));
#3349=AXIS2_PLACEMENT_3D('',#3350,#3351,#3352);
#3350=CARTESIAN_POINT('',(14.368,-83.8739457862265,-12.3912917486764));
#3351=DIRECTION('',(1.,0.,0.));
#3352=DIRECTION('',(0.,0.969034424869315,-0.246925663749633));
#3353=AXIS2_PLACEMENT_3D('',#3354,#3355,#3356);
#3354=CARTESIAN_POINT('',(6.96799999999999,-40.573290167301,-23.425));
#3355=DIRECTION('',(-1.,0.,0.));
#3356=DIRECTION('',(0.,-0.270673314781202,-0.962671260953269));
#3357=CARTESIAN_POINT('',(6.96799999999999,-39.7607901673009,-24.8322912811497));
#3358=AXIS2_PLACEMENT_3D('',#3359,#3360,#3361);
#3359=CARTESIAN_POINT('',(6.96799999999999,-40.573290167301,-23.425));
#3360=DIRECTION('',(-1.,0.,0.));
#3361=DIRECTION('',(0.,0.5,-0.866025403784439));
#3362=AXIS2_PLACEMENT_3D('',#3363,#3364,#3365);
#3363=CARTESIAN_POINT('',(14.368,-40.573290167301,-23.425));
#3364=DIRECTION('',(-1.,0.,0.));
#3365=DIRECTION('',(0.,-0.270673314781202,-0.962671260953269));
#3366=CARTESIAN_POINT('',(14.368,-39.7607901673009,-24.8322912811497));
#3367=AXIS2_PLACEMENT_3D('',#3368,#3369,#3370);
#3368=CARTESIAN_POINT('',(14.368,-40.573290167301,-23.425));
#3369=DIRECTION('',(-1.,0.,0.));
#3370=DIRECTION('',(0.,0.5,-0.866025403784439));
#3371=CARTESIAN_POINT('',(14.368,-43.9649106543436,22.5607601768765));
#3372=AXIS2_PLACEMENT_3D('',#3373,#3374,#3375);
#3373=CARTESIAN_POINT('',(14.368,-83.8739457862249,12.3912917486794));
#3374=DIRECTION('',(1.,0.,0.));
#3375=DIRECTION('',(0.,0.989262333690576,-0.146150727473645));
#3376=CARTESIAN_POINT('',(6.96799999999999,-43.9649106543436,22.5607601768765));
#3377=CARTESIAN_POINT('',(14.368,-43.9649106543436,22.5607601768765));
#3378=VECTOR('',#3379,1.);
#3379=DIRECTION('',(-1.,0.,0.));
#3380=AXIS2_PLACEMENT_3D('',#3381,#3382,#3383);
#3381=CARTESIAN_POINT('',(6.96799999999999,-83.8739457862249,12.3912917486794));
#3382=DIRECTION('',(1.,0.,0.));
#3383=DIRECTION('',(0.,0.989262333690576,-0.146150727473645));
#3384=CARTESIAN_POINT('',(6.96799999999999,-41.5206467690355,26.7943494133375));
#3385=AXIS2_PLACEMENT_3D('',#3386,#3387,#3388);
#3386=CARTESIAN_POINT('',(6.96799999999999,-52.6681463331715,66.4413218921727));
#3387=DIRECTION('',(1.,0.,0.));
#3388=DIRECTION('',(0.,0.270673314781141,-0.962671260953286));
#3389=CARTESIAN_POINT('',(14.368,-41.5206467690355,26.7943494133375));
#3390=CARTESIAN_POINT('',(14.368,-41.5206467690352,26.7943494133364));
#3391=VECTOR('',#3392,1.);
#3392=DIRECTION('',(-1.,0.,0.));
#3393=AXIS2_PLACEMENT_3D('',#3394,#3395,#3396);
#3394=CARTESIAN_POINT('',(14.368,-52.6681463331715,66.4413218921727));
#3395=DIRECTION('',(1.,0.,0.));
#3396=DIRECTION('',(0.,0.270673314781141,-0.962671260953286));
#3397=AXIS2_PLACEMENT_3D('',#3398,#3399,#3400);
#3398=CARTESIAN_POINT('',(6.96799999999999,-40.5732901673009,23.425));
#3399=DIRECTION('',(-1.,0.,0.));
#3400=DIRECTION('',(0.,-0.96903442486933,-0.246925663749572));
#3401=CARTESIAN_POINT('',(6.96799999999999,-41.385790167301,22.0177087188503));
#3402=AXIS2_PLACEMENT_3D('',#3403,#3404,#3405);
#3403=CARTESIAN_POINT('',(6.96799999999999,-40.5732901673009,23.425));
#3404=DIRECTION('',(-1.,0.,0.));
#3405=DIRECTION('',(0.,-0.5,-0.866025403784439));
#3406=AXIS2_PLACEMENT_3D('',#3407,#3408,#3409);
#3407=CARTESIAN_POINT('',(14.368,-40.5732901673009,23.425));
#3408=DIRECTION('',(-1.,0.,0.));
#3409=DIRECTION('',(0.,-0.96903442486933,-0.246925663749572));
#3410=CARTESIAN_POINT('',(14.368,-41.385790167301,22.0177087188503));
#3411=AXIS2_PLACEMENT_3D('',#3412,#3413,#3414);
#3412=CARTESIAN_POINT('',(14.368,-40.5732901673009,23.425));
#3413=DIRECTION('',(-1.,0.,0.));
#3414=DIRECTION('',(0.,-0.5,-0.866025403784439));
#3415=CARTESIAN_POINT('',(14.368,2.44426388530922,49.3551095902137));
#3416=AXIS2_PLACEMENT_3D('',#3417,#3418,#3419);
#3417=CARTESIAN_POINT('',(14.368,31.205799453055,78.8326136408491));
#3418=DIRECTION('',(1.,0.,0.));
#3419=DIRECTION('',(0.,-0.698361110088173,-0.715745597203653));
#3420=CARTESIAN_POINT('',(14.368,-2.44426388530846,49.3551095902129));
#3421=AXIS2_PLACEMENT_3D('',#3422,#3423,#3424);
#3422=CARTESIAN_POINT('',(14.368,-8.63682155098671E-15,46.85));
#3423=DIRECTION('',(-1.,0.,0.));
#3424=DIRECTION('',(0.,-0.698361110088129,0.715745597203697));
#3425=AXIS2_PLACEMENT_3D('',#3426,#3427,#3428);
#3426=CARTESIAN_POINT('',(14.368,-31.2057994530516,78.8326136408493));
#3427=DIRECTION('',(1.,0.,0.));
#3428=DIRECTION('',(0.,0.368060924071536,-0.929801675719939));
#3429=CARTESIAN_POINT('',(14.368,-1.62500000000001,46.85));
#3430=AXIS2_PLACEMENT_3D('',#3431,#3432,#3433);
#3431=CARTESIAN_POINT('',(14.368,-8.63682155098671E-15,46.85));
#3432=DIRECTION('',(-1.,0.,0.));
#3433=DIRECTION('',(0.,-1.,-6.12323399573677E-17));
#3434=CARTESIAN_POINT('',(11.968,-2.4982794702606E-15,40.8));
#3435=AXIS2_PLACEMENT_3D('',#3436,#3437,#3438);
#3436=CARTESIAN_POINT('',(11.968,0.,0.));
#3437=DIRECTION('',(-1.,0.,0.));
#3438=DIRECTION('',(0.,-6.12323399573677E-17,1.));
#3439=CARTESIAN_POINT('',(6.96799999999999,-2.44426388530846,49.3551095902129));
#3440=CARTESIAN_POINT('',(14.368,-2.44426388530846,49.3551095902129));
#3441=VECTOR('',#3442,1.);
#3442=DIRECTION('',(-1.,0.,0.));
#3443=AXIS2_PLACEMENT_3D('',#3444,#3445,#3446);
#3444=CARTESIAN_POINT('',(6.96799999999999,-31.2057994530516,78.8326136408493));
#3445=DIRECTION('',(1.,0.,0.));
#3446=DIRECTION('',(0.,0.368060924071536,-0.929801675719939));
#3447=CARTESIAN_POINT('',(6.96799999999999,2.44426388530922,49.3551095902137));
#3448=AXIS2_PLACEMENT_3D('',#3449,#3450,#3451);
#3449=CARTESIAN_POINT('',(6.96799999999999,-8.63682155098671E-15,46.85));
#3450=DIRECTION('',(-1.,0.,0.));
#3451=DIRECTION('',(0.,-0.698361110088129,0.715745597203697));
#3452=AXIS2_PLACEMENT_3D('',#3453,#3454,#3455);
#3453=CARTESIAN_POINT('',(6.96799999999999,31.205799453055,78.8326136408491));
#3454=DIRECTION('',(1.,0.,0.));
#3455=DIRECTION('',(0.,-0.698361110088173,-0.715745597203653));
#3456=CARTESIAN_POINT('',(6.96799999999999,-1.62500000000001,46.85));
#3457=AXIS2_PLACEMENT_3D('',#3458,#3459,#3460);
#3458=CARTESIAN_POINT('',(6.96799999999999,-8.63682155098671E-15,46.85));
#3459=DIRECTION('',(-1.,0.,0.));
#3460=DIRECTION('',(0.,-1.,-6.12323399573677E-17));
#3461=CARTESIAN_POINT('',(-12.6,-1.38923932895276E-15,22.688));
#3462=AXIS2_PLACEMENT_3D('',#3463,#3464,#3465);
#3463=CARTESIAN_POINT('',(-12.6,0.,0.));
#3464=DIRECTION('',(-1.,0.,0.));
#3465=DIRECTION('',(0.,-6.12323399573677E-17,1.));
#3466=CARTESIAN_POINT('',(14.368,2.44426388530844,49.3551095902129));
#3467=VECTOR('',#3468,1.);
#3468=DIRECTION('',(-1.,0.,0.));
#3469=CARTESIAN_POINT('',(8.51199999999999,-2.4982794702606E-15,40.8));
#3470=AXIS2_PLACEMENT_3D('',#3471,#3472,#3473);
#3471=CARTESIAN_POINT('',(8.51199999999999,0.,0.));
#3472=DIRECTION('',(-1.,0.,0.));
#3473=DIRECTION('',(0.,-6.12323399573677E-17,1.));
#3474=CARTESIAN_POINT('',(-9.6,-1.38923932895276E-15,22.688));
#3475=AXIS2_PLACEMENT_3D('',#3476,#3477,#3478);
#3476=CARTESIAN_POINT('',(-9.6,0.,0.));
#3477=DIRECTION('',(-1.,0.,0.));
#3478=DIRECTION('',(0.,-6.12323399573677E-17,1.));
#3479=CARTESIAN_POINT('',(50.3094521133359,2.66973002214123E-15,43.6));
#3480=AXIS2_PLACEMENT_3D('',#3481,#3482,#3483);
#3481=CARTESIAN_POINT('',(50.3094521133359,0.,0.));
#3482=DIRECTION('',(1.,0.,0.));
#3483=DIRECTION('',(0.,-6.12323399573677E-17,1.));
#3484=CARTESIAN_POINT('',(19.968,27.0843814593887,34.1671813435396));
#3485=CARTESIAN_POINT('',(19.968,43.1318769761031,6.37190619771704));
#3486=AXIS2_PLACEMENT_3D('',#3487,#3488,#3489);
#3487=CARTESIAN_POINT('',(19.968,0.,-3.5527136788005E-15));
#3488=DIRECTION('',(-1.,0.,0.));
#3489=DIRECTION('',(0.,0.621201409619018,0.783650948246312));
#3490=CARTESIAN_POINT('',(14.368,27.0843814593889,34.1671813435395));
#3491=CARTESIAN_POINT('',(19.968,27.0843814593892,34.1671813435392));
#3492=VECTOR('',#3493,1.);
#3493=DIRECTION('',(-1.,0.,0.));
#3494=CARTESIAN_POINT('',(14.368,16.0477058502188,40.5392542728712));
#3495=AXIS2_PLACEMENT_3D('',#3496,#3497,#3498);
#3496=CARTESIAN_POINT('',(14.368,0.,0.));
#3497=DIRECTION('',(-1.,0.,0.));
#3498=DIRECTION('',(0.,0.36806664793541,0.929799409914628));
#3499=CARTESIAN_POINT('',(19.968,16.0477058502971,40.539254273069));
#3500=CARTESIAN_POINT('',(19.968,16.0477058499839,40.5392542722778));
#3501=VECTOR('',#3502,1.);
#3502=DIRECTION('',(-1.,0.,0.));
#3503=CARTESIAN_POINT('',(19.968,-8.00919006642369E-15,43.6));
#3504=AXIS2_PLACEMENT_3D('',#3505,#3506,#3507);
#3505=CARTESIAN_POINT('',(19.968,0.,0.));
#3506=DIRECTION('',(-1.,0.,0.));
#3507=DIRECTION('',(0.,-6.12323399573677E-17,1.));
#3508=CARTESIAN_POINT('',(19.968,-16.0474562895207,40.5393530613887));
#3509=AXIS2_PLACEMENT_3D('',#3510,#3511,#3512);
#3510=CARTESIAN_POINT('',(19.968,0.,0.));
#3511=DIRECTION('',(-1.,0.,0.));
#3512=DIRECTION('',(0.,-0.368060924071563,0.929801675719929));
#3513=CARTESIAN_POINT('',(14.368,-16.0474562895205,40.5393530613887));
#3514=CARTESIAN_POINT('',(19.968,-16.0474562895201,40.5393530613889));
#3515=VECTOR('',#3516,1.);
#3516=DIRECTION('',(-1.,0.,0.));
#3517=CARTESIAN_POINT('',(14.368,-27.0841711256739,34.1673480751852));
#3518=AXIS2_PLACEMENT_3D('',#3519,#3520,#3521);
#3519=CARTESIAN_POINT('',(14.368,0.,0.));
#3520=DIRECTION('',(-1.,0.,0.));
#3521=DIRECTION('',(0.,-0.621196585442145,0.783654772355162));
#3522=CARTESIAN_POINT('',(19.968,-27.0841711258061,34.1673480753519));
#3523=CARTESIAN_POINT('',(19.968,-27.0841711252775,34.1673480746851));
#3524=VECTOR('',#3525,1.);
#3525=DIRECTION('',(-1.,0.,0.));
#3526=CARTESIAN_POINT('',(19.968,-43.1318377489094,6.37217171784908));
#3527=AXIS2_PLACEMENT_3D('',#3528,#3529,#3530);
#3528=CARTESIAN_POINT('',(19.968,0.,0.));
#3529=DIRECTION('',(-1.,0.,0.));
#3530=DIRECTION('',(0.,-0.98926233369058,0.146150727473615));
#3531=CARTESIAN_POINT('',(14.368,-43.1318377489094,6.37217171784923));
#3532=CARTESIAN_POINT('',(19.968,-43.1318377489093,6.37217171784966));
#3533=VECTOR('',#3534,1.);
#3534=DIRECTION('',(-1.,0.,0.));
#3535=CARTESIAN_POINT('',(14.368,-43.1318769758927,-6.37190619768596));
#3536=AXIS2_PLACEMENT_3D('',#3537,#3538,#3539);
#3537=CARTESIAN_POINT('',(14.368,0.,0.));
#3538=DIRECTION('',(-1.,0.,0.));
#3539=DIRECTION('',(0.,-0.989263233377554,-0.146144637559465));
#3540=CARTESIAN_POINT('',(19.968,-43.1318769761031,-6.37190619771706));
#3541=CARTESIAN_POINT('',(19.968,-43.1318769752613,-6.37190619759271));
#3542=VECTOR('',#3543,1.);
#3543=DIRECTION('',(-1.,0.,0.));
#3544=CARTESIAN_POINT('',(19.968,-27.0843814593887,-34.1671813435396));
#3545=AXIS2_PLACEMENT_3D('',#3546,#3547,#3548);
#3546=CARTESIAN_POINT('',(19.968,7.105427357601E-15,0.));
#3547=DIRECTION('',(-1.,0.,0.));
#3548=DIRECTION('',(0.,-0.621201409619018,-0.783650948246312));
#3549=CARTESIAN_POINT('',(14.368,-27.0843814593888,-34.1671813435395));
#3550=CARTESIAN_POINT('',(19.968,-27.0843814593892,-34.1671813435392));
#3551=VECTOR('',#3552,1.);
#3552=DIRECTION('',(-1.,0.,0.));
#3553=CARTESIAN_POINT('',(14.368,-16.0477058502188,-40.5392542728712));
#3554=AXIS2_PLACEMENT_3D('',#3555,#3556,#3557);
#3555=CARTESIAN_POINT('',(14.368,0.,0.));
#3556=DIRECTION('',(-1.,0.,0.));
#3557=DIRECTION('',(0.,-0.36806664793541,-0.929799409914628));
#3558=CARTESIAN_POINT('',(19.968,-16.0477058502971,-40.539254273069));
#3559=CARTESIAN_POINT('',(19.968,-16.0477058499839,-40.5392542722778));
#3560=VECTOR('',#3561,1.);
#3561=DIRECTION('',(-1.,0.,0.));
#3562=CARTESIAN_POINT('',(19.968,16.0474562895206,-40.5393530613887));
#3563=AXIS2_PLACEMENT_3D('',#3564,#3565,#3566);
#3564=CARTESIAN_POINT('',(19.968,0.,0.));
#3565=DIRECTION('',(-1.,0.,0.));
#3566=DIRECTION('',(0.,0.368060924071562,-0.929801675719929));
#3567=CARTESIAN_POINT('',(14.368,16.0474562895205,-40.5393530613887));
#3568=CARTESIAN_POINT('',(19.968,16.0474562895201,-40.5393530613889));
#3569=VECTOR('',#3570,1.);
#3570=DIRECTION('',(-1.,0.,0.));
#3571=CARTESIAN_POINT('',(14.368,27.0841711256739,-34.1673480751852));
#3572=AXIS2_PLACEMENT_3D('',#3573,#3574,#3575);
#3573=CARTESIAN_POINT('',(14.368,0.,0.));
#3574=DIRECTION('',(-1.,0.,0.));
#3575=DIRECTION('',(0.,0.621196585442144,-0.783654772355162));
#3576=CARTESIAN_POINT('',(19.968,27.084171125806,-34.1673480753519));
#3577=CARTESIAN_POINT('',(19.968,27.0841711252775,-34.1673480746851));
#3578=VECTOR('',#3579,1.);
#3579=DIRECTION('',(-1.,0.,0.));
#3580=CARTESIAN_POINT('',(19.968,43.1318377489094,-6.3721717178491));
#3581=AXIS2_PLACEMENT_3D('',#3582,#3583,#3584);
#3582=CARTESIAN_POINT('',(19.968,0.,0.));
#3583=DIRECTION('',(-1.,0.,0.));
#3584=DIRECTION('',(0.,0.98926233369058,-0.146150727473616));
#3585=CARTESIAN_POINT('',(14.368,43.1318377489094,-6.37217171784926));
#3586=CARTESIAN_POINT('',(19.968,43.1318377489093,-6.37217171784968));
#3587=VECTOR('',#3588,1.);
#3588=DIRECTION('',(-1.,0.,0.));
#3589=CARTESIAN_POINT('',(14.368,43.1318769758927,6.37190619768595));
#3590=AXIS2_PLACEMENT_3D('',#3591,#3592,#3593);
#3591=CARTESIAN_POINT('',(14.368,0.,0.));
#3592=DIRECTION('',(-1.,0.,0.));
#3593=DIRECTION('',(0.,0.989263233377554,0.146144637559465));
#3594=CARTESIAN_POINT('',(19.968,43.1318769752613,6.37190619759268));
#3595=VECTOR('',#3596,1.);
#3596=DIRECTION('',(-1.,0.,0.));
#3597=CARTESIAN_POINT('',(47.3094521133359,-8.34719258298006E-16,13.6319999999864));
#3598=AXIS2_PLACEMENT_3D('',#3599,#3600,#3601);
#3599=CARTESIAN_POINT('',(47.3094521133359,0.,0.));
#3600=DIRECTION('',(-1.,0.,0.));
#3601=DIRECTION('',(0.,-6.12323399573677E-17,1.));
#3602=CARTESIAN_POINT('',(42.3094521133359,-8.34719258298006E-16,13.6319999999864));
#3603=AXIS2_PLACEMENT_3D('',#3604,#3605,#3606);
#3604=CARTESIAN_POINT('',(42.3094521133359,0.,0.));
#3605=DIRECTION('',(-1.,0.,0.));
#3606=DIRECTION('',(0.,-6.12323399573677E-17,1.));
#3607=CARTESIAN_POINT('',(47.3094521133359,9.69920264924707E-17,1.584));
#3608=AXIS2_PLACEMENT_3D('',#3609,#3610,#3611);
#3609=CARTESIAN_POINT('',(47.3094521133359,2.91878534933446E-32,1.78724056773032E-48));
#3610=DIRECTION('',(1.,0.,0.));
#3611=DIRECTION('',(0.,-6.12323399573676E-17,1.));
#3612=CARTESIAN_POINT('',(19.968,-41.5206467690355,26.7943494133375));
#3613=AXIS2_PLACEMENT_3D('',#3614,#3615,#3616);
#3614=CARTESIAN_POINT('',(19.968,-52.6681463331715,66.4413218921727));
#3615=DIRECTION('',(1.,0.,0.));
#3616=DIRECTION('',(0.,0.270673314781142,-0.962671260953286));
#3617=CARTESIAN_POINT('',(19.968,-43.9649106543436,22.5607601768765));
#3618=AXIS2_PLACEMENT_3D('',#3619,#3620,#3621);
#3619=CARTESIAN_POINT('',(19.968,-40.573290167301,23.425));
#3620=DIRECTION('',(-1.,0.,0.));
#3621=DIRECTION('',(0.,-0.96903442486933,-0.246925663749572));
#3622=AXIS2_PLACEMENT_3D('',#3623,#3624,#3625);
#3623=CARTESIAN_POINT('',(19.968,-83.873945786225,12.3912917486794));
#3624=DIRECTION('',(1.,0.,0.));
#3625=DIRECTION('',(0.,0.989262333690576,-0.146150727473644));
#3626=CARTESIAN_POINT('',(19.968,-41.385790167301,22.0177087188503));
#3627=AXIS2_PLACEMENT_3D('',#3628,#3629,#3630);
#3628=CARTESIAN_POINT('',(19.968,-40.573290167301,23.425));
#3629=DIRECTION('',(-1.,0.,0.));
#3630=DIRECTION('',(0.,-0.5,-0.866025403784439));
#3631=CARTESIAN_POINT('',(14.368,-43.9649106543436,22.5607601768765));
#3632=CARTESIAN_POINT('',(19.968,-43.9649106543436,22.5607601768765));
#3633=VECTOR('',#3634,1.);
#3634=DIRECTION('',(-1.,0.,0.));
#3635=AXIS2_PLACEMENT_3D('',#3636,#3637,#3638);
#3636=CARTESIAN_POINT('',(14.368,-83.873945786225,12.3912917486794));
#3637=DIRECTION('',(1.,0.,0.));
#3638=DIRECTION('',(0.,0.989262333690576,-0.146150727473644));
#3639=AXIS2_PLACEMENT_3D('',#3640,#3641,#3642);
#3640=CARTESIAN_POINT('',(14.368,0.,0.));
#3641=DIRECTION('',(-1.,0.,0.));
#3642=DIRECTION('',(0.,0.98926233369058,-0.146150727473617));
#3643=AXIS2_PLACEMENT_3D('',#3644,#3645,#3646);
#3644=CARTESIAN_POINT('',(14.368,0.,0.));
#3645=DIRECTION('',(-1.,0.,0.));
#3646=DIRECTION('',(0.,0.368060924071562,-0.929801675719929));
#3647=AXIS2_PLACEMENT_3D('',#3648,#3649,#3650);
#3648=CARTESIAN_POINT('',(14.368,7.105427357601E-15,0.));
#3649=DIRECTION('',(-1.,0.,0.));
#3650=DIRECTION('',(0.,-0.621201409619018,-0.783650948246313));
#3651=AXIS2_PLACEMENT_3D('',#3652,#3653,#3654);
#3652=CARTESIAN_POINT('',(14.368,0.,0.));
#3653=DIRECTION('',(-1.,0.,0.));
#3654=DIRECTION('',(0.,-0.98926233369058,0.146150727473616));
#3655=CARTESIAN_POINT('',(14.368,-2.66973002214123E-15,43.6));
#3656=AXIS2_PLACEMENT_3D('',#3657,#3658,#3659);
#3657=CARTESIAN_POINT('',(14.368,0.,0.));
#3658=DIRECTION('',(-1.,0.,0.));
#3659=DIRECTION('',(0.,-0.368060924071563,0.929801675719929));
#3660=AXIS2_PLACEMENT_3D('',#3661,#3662,#3663);
#3661=CARTESIAN_POINT('',(14.368,0.,0.));
#3662=DIRECTION('',(-1.,0.,0.));
#3663=DIRECTION('',(0.,-6.12323399573677E-17,1.));
#3664=AXIS2_PLACEMENT_3D('',#3665,#3666,#3667);
#3665=CARTESIAN_POINT('',(14.368,0.,-3.5527136788005E-15));
#3666=DIRECTION('',(-1.,0.,0.));
#3667=DIRECTION('',(0.,0.621201409619019,0.783650948246312));
#3668=CARTESIAN_POINT('',(11.968,-2.52277240624355E-15,41.2));
#3669=AXIS2_PLACEMENT_3D('',#3670,#3671,#3672);
#3670=CARTESIAN_POINT('',(11.968,0.,0.));
#3671=DIRECTION('',(-1.,0.,0.));
#3672=DIRECTION('',(0.,-6.12323399573677E-17,1.));
#3673=CARTESIAN_POINT('',(14.368,-43.9649106543447,-22.5607601768762));
#3674=AXIS2_PLACEMENT_3D('',#3675,#3676,#3677);
#3675=CARTESIAN_POINT('',(14.368,-83.8739457862265,-12.3912917486764));
#3676=DIRECTION('',(1.,0.,0.));
#3677=DIRECTION('',(0.,0.969034424869315,-0.246925663749632));
#3678=CARTESIAN_POINT('',(19.968,-43.9649106543447,-22.5607601768762));
#3679=CARTESIAN_POINT('',(19.968,-43.9649106543436,-22.5607601768765));
#3680=VECTOR('',#3681,1.);
#3681=DIRECTION('',(-1.,0.,0.));
#3682=AXIS2_PLACEMENT_3D('',#3683,#3684,#3685);
#3683=CARTESIAN_POINT('',(19.968,-83.8739457862265,-12.3912917486764));
#3684=DIRECTION('',(1.,0.,0.));
#3685=DIRECTION('',(0.,0.969034424869315,-0.246925663749632));
#3686=CARTESIAN_POINT('',(19.968,-41.5206467690352,-26.7943494133364));
#3687=AXIS2_PLACEMENT_3D('',#3688,#3689,#3690);
#3688=CARTESIAN_POINT('',(19.968,-40.5732901673009,-23.425));
#3689=DIRECTION('',(-1.,0.,0.));
#3690=DIRECTION('',(0.,-0.270673314781202,-0.962671260953269));
#3691=AXIS2_PLACEMENT_3D('',#3692,#3693,#3694);
#3692=CARTESIAN_POINT('',(19.968,-52.6681463331733,-66.4413218921699));
#3693=DIRECTION('',(1.,0.,0.));
#3694=DIRECTION('',(0.,0.62120140961904,0.783650948246295));
#3695=CARTESIAN_POINT('',(19.968,-39.7607901673009,-24.8322912811497));
#3696=AXIS2_PLACEMENT_3D('',#3697,#3698,#3699);
#3697=CARTESIAN_POINT('',(19.968,-40.5732901673009,-23.425));
#3698=DIRECTION('',(-1.,0.,0.));
#3699=DIRECTION('',(0.,0.5,-0.866025403784439));
#3700=CARTESIAN_POINT('',(14.368,-41.5206467690352,-26.7943494133364));
#3701=CARTESIAN_POINT('',(19.968,-41.5206467690352,-26.7943494133364));
#3702=VECTOR('',#3703,1.);
#3703=DIRECTION('',(-1.,0.,0.));
#3704=AXIS2_PLACEMENT_3D('',#3705,#3706,#3707);
#3705=CARTESIAN_POINT('',(14.368,-52.6681463331733,-66.4413218921699));
#3706=DIRECTION('',(1.,0.,0.));
#3707=DIRECTION('',(0.,0.62120140961904,0.783650948246295));
#3708=CARTESIAN_POINT('',(14.368,-2.44426388530925,-49.3551095902137));
#3709=AXIS2_PLACEMENT_3D('',#3710,#3711,#3712);
#3710=CARTESIAN_POINT('',(14.368,-31.205799453055,-78.8326136408491));
#3711=DIRECTION('',(1.,0.,0.));
#3712=DIRECTION('',(0.,0.698361110088173,0.715745597203654));
#3713=CARTESIAN_POINT('',(19.968,-2.44426388530925,-49.3551095902137));
#3714=CARTESIAN_POINT('',(19.968,-2.44426388530846,-49.3551095902129));
#3715=VECTOR('',#3716,1.);
#3716=DIRECTION('',(-1.,0.,0.));
#3717=AXIS2_PLACEMENT_3D('',#3718,#3719,#3720);
#3718=CARTESIAN_POINT('',(19.968,-31.205799453055,-78.8326136408491));
#3719=DIRECTION('',(1.,0.,0.));
#3720=DIRECTION('',(0.,0.698361110088173,0.715745597203654));
#3721=CARTESIAN_POINT('',(19.968,2.44426388530844,-49.3551095902129));
#3722=AXIS2_PLACEMENT_3D('',#3723,#3724,#3725);
#3723=CARTESIAN_POINT('',(19.968,-1.24344978758018E-14,-46.85));
#3724=DIRECTION('',(-1.,0.,0.));
#3725=DIRECTION('',(0.,0.698361110088128,-0.715745597203697));
#3726=AXIS2_PLACEMENT_3D('',#3727,#3728,#3729);
#3727=CARTESIAN_POINT('',(19.968,31.2057994530516,-78.8326136408493));
#3728=DIRECTION('',(1.,0.,0.));
#3729=DIRECTION('',(0.,-0.368060924071536,0.929801675719939));
#3730=CARTESIAN_POINT('',(19.968,1.62499999999999,-46.85));
#3731=AXIS2_PLACEMENT_3D('',#3732,#3733,#3734);
#3732=CARTESIAN_POINT('',(19.968,-1.24344978758018E-14,-46.85));
#3733=DIRECTION('',(-1.,0.,0.));
#3734=DIRECTION('',(0.,1.,-3.88578058618805E-16));
#3735=CARTESIAN_POINT('',(14.368,2.44426388530844,-49.3551095902129));
#3736=CARTESIAN_POINT('',(19.968,2.44426388530844,-49.355109590213));
#3737=VECTOR('',#3738,1.);
#3738=DIRECTION('',(-1.,0.,0.));
#3739=AXIS2_PLACEMENT_3D('',#3740,#3741,#3742);
#3740=CARTESIAN_POINT('',(14.368,31.2057994530516,-78.8326136408493));
#3741=DIRECTION('',(1.,0.,0.));
#3742=DIRECTION('',(0.,-0.368060924071536,0.929801675719939));
#3743=CARTESIAN_POINT('',(14.368,41.5206467690354,-26.7943494133375));
#3744=AXIS2_PLACEMENT_3D('',#3745,#3746,#3747);
#3745=CARTESIAN_POINT('',(14.368,52.6681463331715,-66.4413218921727));
#3746=DIRECTION('',(1.,0.,0.));
#3747=DIRECTION('',(0.,-0.270673314781142,0.962671260953286));
#3748=CARTESIAN_POINT('',(19.968,41.5206467690354,-26.7943494133375));
#3749=CARTESIAN_POINT('',(19.968,41.5206467690351,-26.7943494133365));
#3750=VECTOR('',#3751,1.);
#3751=DIRECTION('',(-1.,0.,0.));
#3752=AXIS2_PLACEMENT_3D('',#3753,#3754,#3755);
#3753=CARTESIAN_POINT('',(19.968,52.6681463331715,-66.4413218921727));
#3754=DIRECTION('',(1.,0.,0.));
#3755=DIRECTION('',(0.,-0.270673314781142,0.962671260953286));
#3756=CARTESIAN_POINT('',(19.968,43.9649106543436,-22.5607601768765));
#3757=AXIS2_PLACEMENT_3D('',#3758,#3759,#3760);
#3758=CARTESIAN_POINT('',(19.968,40.5732901673009,-23.425));
#3759=DIRECTION('',(-1.,0.,0.));
#3760=DIRECTION('',(0.,0.96903442486933,0.246925663749572));
#3761=AXIS2_PLACEMENT_3D('',#3762,#3763,#3764);
#3762=CARTESIAN_POINT('',(19.968,83.8739457862249,-12.3912917486794));
#3763=DIRECTION('',(1.,0.,0.));
#3764=DIRECTION('',(0.,-0.989262333690576,0.146150727473644));
#3765=CARTESIAN_POINT('',(19.968,41.3857901673009,-22.0177087188503));
#3766=AXIS2_PLACEMENT_3D('',#3767,#3768,#3769);
#3767=CARTESIAN_POINT('',(19.968,40.5732901673009,-23.425));
#3768=DIRECTION('',(-1.,0.,0.));
#3769=DIRECTION('',(0.,0.5,0.866025403784438));
#3770=CARTESIAN_POINT('',(14.368,43.9649106543436,-22.5607601768765));
#3771=CARTESIAN_POINT('',(19.968,43.9649106543436,-22.5607601768765));
#3772=VECTOR('',#3773,1.);
#3773=DIRECTION('',(-1.,0.,0.));
#3774=AXIS2_PLACEMENT_3D('',#3775,#3776,#3777);
#3775=CARTESIAN_POINT('',(14.368,83.8739457862249,-12.3912917486794));
#3776=DIRECTION('',(1.,0.,0.));
#3777=DIRECTION('',(0.,-0.989262333690576,0.146150727473644));
#3778=CARTESIAN_POINT('',(14.368,43.9649106543447,22.5607601768762));
#3779=AXIS2_PLACEMENT_3D('',#3780,#3781,#3782);
#3780=CARTESIAN_POINT('',(14.368,83.8739457862265,12.3912917486763));
#3781=DIRECTION('',(1.,0.,0.));
#3782=DIRECTION('',(0.,-0.969034424869315,0.246925663749632));
#3783=CARTESIAN_POINT('',(19.968,43.9649106543447,22.5607601768762));
#3784=CARTESIAN_POINT('',(19.968,43.9649106543436,22.5607601768765));
#3785=VECTOR('',#3786,1.);
#3786=DIRECTION('',(-1.,0.,0.));
#3787=AXIS2_PLACEMENT_3D('',#3788,#3789,#3790);
#3788=CARTESIAN_POINT('',(19.968,83.8739457862265,12.3912917486763));
#3789=DIRECTION('',(1.,0.,0.));
#3790=DIRECTION('',(0.,-0.969034424869315,0.246925663749632));
#3791=CARTESIAN_POINT('',(19.968,41.5206467690352,26.7943494133364));
#3792=AXIS2_PLACEMENT_3D('',#3793,#3794,#3795);
#3793=CARTESIAN_POINT('',(19.968,40.573290167301,23.425));
#3794=DIRECTION('',(-1.,0.,0.));
#3795=DIRECTION('',(0.,0.270673314781202,0.962671260953269));
#3796=AXIS2_PLACEMENT_3D('',#3797,#3798,#3799);
#3797=CARTESIAN_POINT('',(19.968,52.6681463331734,66.4413218921698));
#3798=DIRECTION('',(1.,0.,0.));
#3799=DIRECTION('',(0.,-0.621201409619041,-0.783650948246295));
#3800=CARTESIAN_POINT('',(19.968,39.760790167301,24.8322912811497));
#3801=AXIS2_PLACEMENT_3D('',#3802,#3803,#3804);
#3802=CARTESIAN_POINT('',(19.968,40.573290167301,23.425));
#3803=DIRECTION('',(-1.,0.,0.));
#3804=DIRECTION('',(0.,-0.499999999999999,0.866025403784439));
#3805=CARTESIAN_POINT('',(14.368,41.5206467690352,26.7943494133364));
#3806=CARTESIAN_POINT('',(19.968,41.5206467690352,26.7943494133364));
#3807=VECTOR('',#3808,1.);
#3808=DIRECTION('',(-1.,0.,0.));
#3809=AXIS2_PLACEMENT_3D('',#3810,#3811,#3812);
#3810=CARTESIAN_POINT('',(14.368,52.6681463331734,66.4413218921698));
#3811=DIRECTION('',(1.,0.,0.));
#3812=DIRECTION('',(0.,-0.621201409619041,-0.783650948246295));
#3813=CARTESIAN_POINT('',(14.368,2.44426388530923,49.3551095902137));
#3814=AXIS2_PLACEMENT_3D('',#3815,#3816,#3817);
#3815=CARTESIAN_POINT('',(14.368,31.205799453055,78.8326136408491));
#3816=DIRECTION('',(1.,0.,0.));
#3817=DIRECTION('',(0.,-0.698361110088172,-0.715745597203654));
#3818=CARTESIAN_POINT('',(19.968,2.44426388530923,49.3551095902137));
#3819=CARTESIAN_POINT('',(19.968,2.44426388530844,49.3551095902129));
#3820=VECTOR('',#3821,1.);
#3821=DIRECTION('',(-1.,0.,0.));
#3822=AXIS2_PLACEMENT_3D('',#3823,#3824,#3825);
#3823=CARTESIAN_POINT('',(19.968,31.205799453055,78.8326136408491));
#3824=DIRECTION('',(1.,0.,0.));
#3825=DIRECTION('',(0.,-0.698361110088172,-0.715745597203654));
#3826=CARTESIAN_POINT('',(19.968,-2.44426388530846,49.3551095902129));
#3827=AXIS2_PLACEMENT_3D('',#3828,#3829,#3830);
#3828=CARTESIAN_POINT('',(19.968,-8.65973959207622E-15,46.85));
#3829=DIRECTION('',(-1.,0.,0.));
#3830=DIRECTION('',(0.,-0.698361110088129,0.715745597203697));
#3831=AXIS2_PLACEMENT_3D('',#3832,#3833,#3834);
#3832=CARTESIAN_POINT('',(19.968,-31.2057994530516,78.8326136408493));
#3833=DIRECTION('',(1.,0.,0.));
#3834=DIRECTION('',(0.,0.368060924071536,-0.929801675719939));
#3835=CARTESIAN_POINT('',(19.968,-1.62500000000001,46.85));
#3836=AXIS2_PLACEMENT_3D('',#3837,#3838,#3839);
#3837=CARTESIAN_POINT('',(19.968,-8.65973959207622E-15,46.85));
#3838=DIRECTION('',(-1.,0.,0.));
#3839=DIRECTION('',(0.,-1.,-6.12323399573677E-17));
#3840=CARTESIAN_POINT('',(50.3094521133359,9.69920264924707E-17,1.584));
#3841=AXIS2_PLACEMENT_3D('',#3842,#3843,#3844);
#3842=CARTESIAN_POINT('',(50.3094521133359,2.91878534933446E-32,1.78724056773032E-48));
#3843=DIRECTION('',(1.,0.,0.));
#3844=DIRECTION('',(0.,-6.12323399573676E-17,1.));
#3845=CARTESIAN_POINT('',(14.368,-2.44426388530846,49.3551095902129));
#3846=CARTESIAN_POINT('',(19.968,-2.44426388530846,49.355109590213));
#3847=VECTOR('',#3848,1.);
#3848=DIRECTION('',(-1.,0.,0.));
#3849=AXIS2_PLACEMENT_3D('',#3850,#3851,#3852);
#3850=CARTESIAN_POINT('',(14.368,-31.2057994530516,78.8326136408493));
#3851=DIRECTION('',(1.,0.,0.));
#3852=DIRECTION('',(0.,0.368060924071536,-0.929801675719939));
#3853=CARTESIAN_POINT('',(14.368,-41.5206467690355,26.7943494133375));
#3854=AXIS2_PLACEMENT_3D('',#3855,#3856,#3857);
#3855=CARTESIAN_POINT('',(14.368,-52.6681463331715,66.4413218921727));
#3856=DIRECTION('',(1.,0.,0.));
#3857=DIRECTION('',(0.,0.270673314781142,-0.962671260953286));
#3858=CARTESIAN_POINT('',(19.968,-41.5206467690352,26.7943494133364));
#3859=VECTOR('',#3860,1.);
#3860=DIRECTION('',(-1.,0.,0.));
#3861=CARTESIAN_POINT('',(26.624,-2.4982794702606E-15,40.8));
#3862=AXIS2_PLACEMENT_3D('',#3863,#3864,#3865);
#3863=CARTESIAN_POINT('',(26.624,0.,0.));
#3864=DIRECTION('',(-1.,0.,0.));
#3865=DIRECTION('',(0.,-6.12323399573677E-17,1.));
#3866=AXIS2_PLACEMENT_3D('',#3867,#3868,#3869);
#3867=CARTESIAN_POINT('',(14.368,-40.573290167301,23.425));
#3868=DIRECTION('',(-1.,0.,0.));
#3869=DIRECTION('',(0.,-0.96903442486933,-0.246925663749572));
#3870=CARTESIAN_POINT('',(14.368,-41.385790167301,22.0177087188503));
#3871=AXIS2_PLACEMENT_3D('',#3872,#3873,#3874);
#3872=CARTESIAN_POINT('',(14.368,-40.573290167301,23.425));
#3873=DIRECTION('',(-1.,0.,0.));
#3874=DIRECTION('',(0.,-0.5,-0.866025403784439));
#3875=AXIS2_PLACEMENT_3D('',#3876,#3877,#3878);
#3876=CARTESIAN_POINT('',(14.368,-8.65973959207622E-15,46.85));
#3877=DIRECTION('',(-1.,0.,0.));
#3878=DIRECTION('',(0.,-0.698361110088129,0.715745597203697));
#3879=CARTESIAN_POINT('',(14.368,-1.62500000000001,46.85));
#3880=AXIS2_PLACEMENT_3D('',#3881,#3882,#3883);
#3881=CARTESIAN_POINT('',(14.368,-8.65973959207622E-15,46.85));
#3882=DIRECTION('',(-1.,0.,0.));
#3883=DIRECTION('',(0.,-1.,-6.12323399573677E-17));
#3884=CARTESIAN_POINT('',(11.968,-2.4982794702606E-15,40.8));
#3885=AXIS2_PLACEMENT_3D('',#3886,#3887,#3888);
#3886=CARTESIAN_POINT('',(11.968,0.,0.));
#3887=DIRECTION('',(-1.,0.,0.));
#3888=DIRECTION('',(0.,-6.12323399573677E-17,1.));
#3889=AXIS2_PLACEMENT_3D('',#3890,#3891,#3892);
#3890=CARTESIAN_POINT('',(14.368,40.573290167301,23.425));
#3891=DIRECTION('',(-1.,0.,0.));
#3892=DIRECTION('',(0.,0.270673314781202,0.962671260953269));
#3893=CARTESIAN_POINT('',(14.368,39.760790167301,24.8322912811497));
#3894=AXIS2_PLACEMENT_3D('',#3895,#3896,#3897);
#3895=CARTESIAN_POINT('',(14.368,40.573290167301,23.425));
#3896=DIRECTION('',(-1.,0.,0.));
#3897=DIRECTION('',(0.,-0.499999999999999,0.866025403784439));
#3898=AXIS2_PLACEMENT_3D('',#3899,#3900,#3901);
#3899=CARTESIAN_POINT('',(14.368,40.5732901673009,-23.425));
#3900=DIRECTION('',(-1.,0.,0.));
#3901=DIRECTION('',(0.,0.96903442486933,0.246925663749572));
#3902=CARTESIAN_POINT('',(14.368,41.3857901673009,-22.0177087188503));
#3903=AXIS2_PLACEMENT_3D('',#3904,#3905,#3906);
#3904=CARTESIAN_POINT('',(14.368,40.5732901673009,-23.425));
#3905=DIRECTION('',(-1.,0.,0.));
#3906=DIRECTION('',(0.,0.5,0.866025403784438));
#3907=AXIS2_PLACEMENT_3D('',#3908,#3909,#3910);
#3908=CARTESIAN_POINT('',(14.368,-1.24344978758018E-14,-46.85));
#3909=DIRECTION('',(-1.,0.,0.));
#3910=DIRECTION('',(0.,0.698361110088128,-0.715745597203697));
#3911=CARTESIAN_POINT('',(14.368,1.62499999999999,-46.85));
#3912=AXIS2_PLACEMENT_3D('',#3913,#3914,#3915);
#3913=CARTESIAN_POINT('',(14.368,-1.24344978758018E-14,-46.85));
#3914=DIRECTION('',(-1.,0.,0.));
#3915=DIRECTION('',(0.,1.,-3.88578058618805E-16));
#3916=AXIS2_PLACEMENT_3D('',#3917,#3918,#3919);
#3917=CARTESIAN_POINT('',(14.368,-40.5732901673009,-23.425));
#3918=DIRECTION('',(-1.,0.,0.));
#3919=DIRECTION('',(0.,-0.270673314781202,-0.962671260953269));
#3920=CARTESIAN_POINT('',(14.368,-39.7607901673009,-24.8322912811497));
#3921=AXIS2_PLACEMENT_3D('',#3922,#3923,#3924);
#3922=CARTESIAN_POINT('',(14.368,-40.5732901673009,-23.425));
#3923=DIRECTION('',(-1.,0.,0.));
#3924=DIRECTION('',(0.,0.5,-0.866025403784439));
#3925=CARTESIAN_POINT('',(42.3094521133359,-2.50415777489402E-15,13.6319999999864));
#3926=AXIS2_PLACEMENT_3D('',#3927,#3928,#3929);
#3927=CARTESIAN_POINT('',(42.3094521133359,0.,0.));
#3928=DIRECTION('',(-1.,0.,0.));
#3929=DIRECTION('',(0.,-6.12323399573676E-17,1.));
#3930=CARTESIAN_POINT('',(42.3094521133359,11.9319999999864,-7.30624280370481E-16));
#3931=AXIS2_PLACEMENT_3D('',#3932,#3933,#3934);
#3932=CARTESIAN_POINT('',(42.3094521133359,0.,0.));
#3933=DIRECTION('',(1.,0.,0.));
#3934=DIRECTION('',(0.,1.,6.12323399573677E-17));
#3935=CARTESIAN_POINT('',(29.4689221133359,1.16674581633651E-14,1.584));
#3936=AXIS2_PLACEMENT_3D('',#3937,#3938,#3939);
#3937=CARTESIAN_POINT('',(29.4689221133359,0.,0.));
#3938=DIRECTION('',(-1.,0.,0.));
#3939=DIRECTION('',(0.,-6.12323399573677E-17,1.));
#3940=CARTESIAN_POINT('',(-0.0310783718566885,-9.69920264924703E-17,1.584));
#3941=AXIS2_PLACEMENT_3D('',#3942,#3943,#3944);
#3942=CARTESIAN_POINT('',(-0.0310783718566885,0.,0.));
#3943=DIRECTION('',(-1.,0.,0.));
#3944=DIRECTION('',(0.,-6.12323399573677E-17,1.));
#3945=CARTESIAN_POINT('',(29.4689221133359,11.9319999999864,-7.30624280370481E-16));
#3946=AXIS2_PLACEMENT_3D('',#3947,#3948,#3949);
#3947=CARTESIAN_POINT('',(29.4689221133359,0.,0.));
#3948=DIRECTION('',(1.,0.,0.));
#3949=DIRECTION('',(0.,1.,6.12323399573677E-17));
#3950=CARTESIAN_POINT('',(27.9094521133359,-8.34719258298005E-16,13.6319999999864));
#3951=AXIS2_PLACEMENT_3D('',#3952,#3953,#3954);
#3952=CARTESIAN_POINT('',(27.9094521133359,0.,0.));
#3953=DIRECTION('',(-1.,0.,0.));
#3954=DIRECTION('',(0.,-6.12323399573677E-17,1.));
#3955=CARTESIAN_POINT('',(-0.0310783718566894,-7.04367328411343,-1.77359945856174E-15));
#3956=CARTESIAN_POINT('',(-0.0310783718566894,-3.52183664205672,6.1));
#3957=CARTESIAN_POINT('',(-0.0310783718566889,-7.04367328411343,-1.77359945856174E-15));
#3958=VECTOR('',#3959,1.);
#3959=DIRECTION('',(0.,0.5,0.866025403784439));
#3960=CARTESIAN_POINT('',(-0.0310783718566894,3.52183664205672,6.1));
#3961=CARTESIAN_POINT('',(-0.0310783718566889,-3.52183664205672,6.1));
#3962=VECTOR('',#3963,1.);
#3963=DIRECTION('',(0.,1.,0.));
#3964=CARTESIAN_POINT('',(-0.0310783718566894,7.04367328411343,8.88582022071023E-16));
#3965=CARTESIAN_POINT('',(-0.0310783718566889,3.52183664205672,6.1));
#3966=VECTOR('',#3967,1.);
#3967=DIRECTION('',(0.,0.5,-0.866025403784439));
#3968=CARTESIAN_POINT('',(-0.0310783718566894,3.52183664205672,-6.1));
#3969=CARTESIAN_POINT('',(-0.0310783718566889,7.04367328411343,8.88582022071023E-16));
#3970=VECTOR('',#3971,1.);
#3971=DIRECTION('',(0.,-0.5,-0.866025403784439));
#3972=CARTESIAN_POINT('',(-0.0310783718566894,-3.52183664205672,-6.1));
#3973=CARTESIAN_POINT('',(-0.0310783718566889,3.52183664205672,-6.1));
#3974=VECTOR('',#3975,1.);
#3975=DIRECTION('',(0.,-1.,0.));
#3976=CARTESIAN_POINT('',(-0.0310783718566889,-3.52183664205672,-6.1));
#3977=VECTOR('',#3978,1.);
#3978=DIRECTION('',(0.,-0.5,0.866025403784439));
#3979=CARTESIAN_POINT('',(23.1094521133359,-1.3409097203372E-15,21.8987175938531));
#3980=AXIS2_PLACEMENT_3D('',#3981,#3982,#3983);
#3981=CARTESIAN_POINT('',(23.1094521133359,0.,0.));
#3982=DIRECTION('',(-1.,0.,0.));
#3983=DIRECTION('',(0.,-6.12323399573677E-17,1.));
#3984=CARTESIAN_POINT('',(-6.03107837185669,-3.52183664205672,6.1));
#3985=CARTESIAN_POINT('',(-6.03107837185669,-7.04367328411343,-1.77359945856174E-15));
#3986=CARTESIAN_POINT('',(-6.03107837185669,-7.04367328411343,-1.77359945856174E-15));
#3987=VECTOR('',#3988,1.);
#3988=DIRECTION('',(0.,0.5,0.866025403784439));
#3989=CARTESIAN_POINT('',(-0.0310783718566894,-3.52183664205672,6.1));
#3990=VECTOR('',#3991,1.);
#3991=DIRECTION('',(-1.,0.,0.));
#3992=CARTESIAN_POINT('',(-0.0310783718566894,-7.04367328411343,-1.33088893913093E-15));
#3993=VECTOR('',#3994,1.);
#3994=DIRECTION('',(-1.,0.,0.));
#3995=CARTESIAN_POINT('',(-6.03107837185669,3.52183664205672,6.1));
#3996=CARTESIAN_POINT('',(-6.03107837185669,-3.52183664205672,6.1));
#3997=VECTOR('',#3998,1.);
#3998=DIRECTION('',(0.,1.,0.));
#3999=CARTESIAN_POINT('',(-0.0310783718566894,3.52183664205672,6.1));
#4000=VECTOR('',#4001,1.);
#4001=DIRECTION('',(-1.,0.,0.));
#4002=CARTESIAN_POINT('',(-6.03107837185669,7.04367328411343,8.88582022071023E-16));
#4003=CARTESIAN_POINT('',(-6.03107837185669,3.52183664205672,6.1));
#4004=VECTOR('',#4005,1.);
#4005=DIRECTION('',(0.,0.5,-0.866025403784439));
#4006=CARTESIAN_POINT('',(-0.0310783718566894,7.04367328411343,2.01801185449045E-19));
#4007=VECTOR('',#4008,1.);
#4008=DIRECTION('',(-1.,0.,0.));
#4009=CARTESIAN_POINT('',(-6.03107837185669,3.52183664205672,-6.1));
#4010=CARTESIAN_POINT('',(-6.03107837185669,7.04367328411343,8.88582022071023E-16));
#4011=VECTOR('',#4012,1.);
#4012=DIRECTION('',(0.,-0.5,-0.866025403784439));
#4013=CARTESIAN_POINT('',(-0.0310783718566894,3.52183664205672,-6.1));
#4014=VECTOR('',#4015,1.);
#4015=DIRECTION('',(-1.,0.,0.));
#4016=CARTESIAN_POINT('',(-6.03107837185669,-3.52183664205672,-6.1));
#4017=CARTESIAN_POINT('',(-6.03107837185669,3.52183664205672,-6.1));
#4018=VECTOR('',#4019,1.);
#4019=DIRECTION('',(0.,-1.,0.));
#4020=CARTESIAN_POINT('',(-0.0310783718566894,-3.52183664205672,-6.1));
#4021=VECTOR('',#4022,1.);
#4022=DIRECTION('',(-1.,0.,0.));
#4023=CARTESIAN_POINT('',(-6.03107837185669,-3.52183664205672,-6.1));
#4024=VECTOR('',#4025,1.);
#4025=DIRECTION('',(0.,-0.5,0.866025403784439));
#4026=CARTESIAN_POINT('',(16.3372057960483,-1.3409097203372E-15,21.8987175938531));
#4027=AXIS2_PLACEMENT_3D('',#4028,#4029,#4030);
#4028=CARTESIAN_POINT('',(16.3372057960483,0.,0.));
#4029=DIRECTION('',(-1.,0.,0.));
#4030=DIRECTION('',(0.,-6.12323399573677E-17,1.));
#4031=CARTESIAN_POINT('',(-6.03107837185669,-9.1228334063563E-16,14.8987175938531));
#4032=AXIS2_PLACEMENT_3D('',#4033,#4034,#4035);
#4033=CARTESIAN_POINT('',(-6.03107837185669,0.,0.));
#4034=DIRECTION('',(-1.,0.,0.));
#4035=DIRECTION('',(0.,-6.12323399573677E-17,1.));
#4036=CARTESIAN_POINT('',(16.3372057960483,-1.54665038259396E-15,25.2587175938531));
#4037=AXIS2_PLACEMENT_3D('',#4038,#4039,#4040);
#4038=CARTESIAN_POINT('',(16.3372057960483,0.,0.));
#4039=DIRECTION('',(-1.,0.,0.));
#4040=DIRECTION('',(0.,-6.12323399573677E-17,1.));
#4041=CARTESIAN_POINT('',(-9.6,-9.1228334063563E-16,14.8987175938531));
#4042=AXIS2_PLACEMENT_3D('',#4043,#4044,#4045);
#4043=CARTESIAN_POINT('',(-9.6,0.,0.));
#4044=DIRECTION('',(-1.,0.,0.));
#4045=DIRECTION('',(0.,-6.12323399573677E-17,1.));
#4046=CARTESIAN_POINT('',(13.4572057960483,-1.54665038259396E-15,25.2587175938531));
#4047=AXIS2_PLACEMENT_3D('',#4048,#4049,#4050);
#4048=CARTESIAN_POINT('',(13.4572057960483,0.,0.));
#4049=DIRECTION('',(-1.,0.,0.));
#4050=DIRECTION('',(0.,-6.12323399573677E-17,1.));
#4051=CARTESIAN_POINT('',(-9.6,-3.1042440616511E-15,16.8987175938531));
#4052=AXIS2_PLACEMENT_3D('',#4053,#4054,#4055);
#4053=CARTESIAN_POINT('',(-9.6,0.,0.));
#4054=DIRECTION('',(-1.,0.,0.));
#4055=DIRECTION('',(0.,-6.12323399573677E-17,1.));
#4056=CARTESIAN_POINT('',(13.4572057960483,-1.3409097203372E-15,21.8987175938531));
#4057=AXIS2_PLACEMENT_3D('',#4058,#4059,#4060);
#4058=CARTESIAN_POINT('',(13.4572057960483,0.,0.));
#4059=DIRECTION('',(-1.,0.,0.));
#4060=DIRECTION('',(0.,-6.12323399573677E-17,1.));
#4061=CARTESIAN_POINT('',(-4.6,-4.02272916101161E-15,21.8987175938531));
#4062=AXIS2_PLACEMENT_3D('',#4063,#4064,#4065);
#4063=CARTESIAN_POINT('',(-4.6,0.,0.));
#4064=DIRECTION('',(-1.,0.,0.));
#4065=DIRECTION('',(0.,-6.12323399573677E-17,1.));
#4066=CARTESIAN_POINT('',(0.977205796048284,-1.3409097203372E-15,21.8987175938531));
#4067=AXIS2_PLACEMENT_3D('',#4068,#4069,#4070);
#4068=CARTESIAN_POINT('',(0.977205796048287,0.,0.));
#4069=DIRECTION('',(-1.,0.,0.));
#4070=DIRECTION('',(0.,-6.12323399573677E-17,1.));
#4071=CARTESIAN_POINT('',(-1.90279420395172,-1.3409097203372E-15,21.8987175938531));
#4072=AXIS2_PLACEMENT_3D('',#4073,#4074,#4075);
#4073=CARTESIAN_POINT('',(-1.90279420395172,0.,0.));
#4074=DIRECTION('',(-1.,0.,0.));
#4075=DIRECTION('',(0.,-6.12323399573677E-17,1.));
#4076=CARTESIAN_POINT('',(0.977205796048287,-1.54665038259396E-15,25.2587175938531));
#4077=AXIS2_PLACEMENT_3D('',#4078,#4079,#4080);
#4078=CARTESIAN_POINT('',(0.977205796048287,0.,0.));
#4079=DIRECTION('',(-1.,0.,0.));
#4080=DIRECTION('',(0.,-6.12323399573677E-17,1.));
#4081=CARTESIAN_POINT('',(-1.90279420395172,-1.54665038259396E-15,25.2587175938531));
#4082=AXIS2_PLACEMENT_3D('',#4083,#4084,#4085);
#4083=CARTESIAN_POINT('',(-1.90279420395172,0.,0.));
#4084=DIRECTION('',(-1.,0.,0.));
#4085=DIRECTION('',(0.,-6.12323399573677E-17,1.));
#4086=CARTESIAN_POINT('',(47.3094521133359,-2.90976079477412E-16,1.584));
#4087=AXIS2_PLACEMENT_3D('',#4088,#4089,#4090);
#4088=CARTESIAN_POINT('',(47.3094521133359,0.,0.));
#4089=DIRECTION('',(-1.,0.,0.));
#4090=DIRECTION('',(0.,-6.12323399573676E-17,1.));
#4091=CARTESIAN_POINT('',(32.3094521133359,-2.90976079477411E-16,1.584));
#4092=AXIS2_PLACEMENT_3D('',#4093,#4094,#4095);
#4093=CARTESIAN_POINT('',(32.3094521133359,0.,0.));
#4094=DIRECTION('',(-1.,0.,0.));
#4095=DIRECTION('',(0.,-6.12323399573677E-17,1.));
#4096=CARTESIAN_POINT('',(42.3094521133359,-2.26155746306276E-15,13.6319999999864));
#4097=AXIS2_PLACEMENT_3D('',#4098,#4099,#4100);
#4098=CARTESIAN_POINT('',(42.3094521133359,0.,0.));
#4099=DIRECTION('',(-1.,0.,0.));
#4100=DIRECTION('',(0.,-6.12323399573676E-17,1.));
#4101=CARTESIAN_POINT('',(42.3094521133359,11.9319999999864,2.19187284111144E-15));
#4102=AXIS2_PLACEMENT_3D('',#4103,#4104,#4105);
#4103=CARTESIAN_POINT('',(42.3094521133359,0.,0.));
#4104=DIRECTION('',(-1.,0.,0.));
#4105=DIRECTION('',(0.,1.,6.12323399573677E-17));
#4106=CARTESIAN_POINT('',(32.3094521133359,11.9319999999864,2.19187284111144E-15));
#4107=AXIS2_PLACEMENT_3D('',#4108,#4109,#4110);
#4108=CARTESIAN_POINT('',(32.3094521133359,0.,0.));
#4109=DIRECTION('',(-1.,0.,0.));
#4110=DIRECTION('',(0.,1.,6.12323399573677E-17));
#4111=CARTESIAN_POINT('',(47.3094521133359,-2.50415777489402E-15,13.6319999999864));
#4112=AXIS2_PLACEMENT_3D('',#4113,#4114,#4115);
#4113=CARTESIAN_POINT('',(47.3094521133359,0.,0.));
#4114=DIRECTION('',(-1.,0.,0.));
#4115=DIRECTION('',(0.,-6.12323399573676E-17,1.));
ENDSEC;
END-ISO-10303-21;
