ISO-10303-21;
HEADER;
FILE_DESCRIPTION(('STEP AP203'),
    '1');
FILE_NAME('ШестерняВер3',
    '',
    ('UNSPECIFIED'),
    ('UNSPECIFIED'),
    'C3D Converter',
    'C3D Toolkit',
    '');
FILE_SCHEMA(('CONFIG_CONTROL_DESIGN'));
ENDSEC;

DATA;
#1=PRODUCT_DEFINITION('','UNSPECIFIED',#28,#31);
#2=SHAPE_DEFINITION_REPRESENTATION(#26,#3);
#3=SHAPE_REPRESENTATION('NONE',(#4),#8);
#4=AXIS2_PLACEMENT_3D('',#5,#6,#7);
#5=CARTESIAN_POINT('',(0.,0.,0.));
#6=DIRECTION('',(0.,0.,1.));
#7=DIRECTION('',(1.,0.,0.));
#8=(GEOMETRIC_REPRESENTATION_CONTEXT(3)GLOBAL_UNCERTAINTY_ASSIGNED_CONTEXT((#10))
GLOBAL_UNIT_ASSIGNED_CONTEXT((#9,#11,#12))REPRESENTATION_CONTEXT('NONE','NONE'));
#9=(LENGTH_UNIT()NAMED_UNIT(*)SI_UNIT(.MILLI.,.METRE.));
#10=UNCERTAINTY_MEASURE_WITH_UNIT(LENGTH_MEASURE(1.E-5),#9,'NONE','NONE');
#11=(NAMED_UNIT(*)PLANE_ANGLE_UNIT()SI_UNIT($,.RADIAN.));
#12=(NAMED_UNIT(*)SI_UNIT($,.STERADIAN.)SOLID_ANGLE_UNIT());
#13=MANIFOLD_SOLID_BREP('',#14);
#14=CLOSED_SHELL('',(#53,#54,#55,#56,#57,#58,#59,#60,#61,#62,#63,#64,#65,#66,#67,
#68,#69,#70,#71,#72,#73,#74,#75,#76,#77,#78,#79,#80,#81,#82,#83,#84,#85,#86,#87,
#88,#89,#90,#91,#92,#93,#94,#95,#96,#97,#98,#99,#100,#101,#102,#103,#104,#105,#106,
#107,#108,#109,#110,#111,#112,#113,#114,#115,#116,#117,#118,#119,#120,#121,#122,
#123,#124,#125,#126,#127,#128,#129,#130,#131,#132,#133,#134,#135,#136,#137,#138,
#139,#140,#141,#142,#143,#144,#145,#146,#147,#148,#149,#150,#151,#152,#153,#154,
#155,#156,#157,#158,#159,#160,#161,#162,#163,#164,#165,#166,#167,#168,#169,#170,
#171,#172,#173,#174,#175,#176,#177,#178,#179,#180,#181,#182,#183,#184,#185,#186,
#187,#188,#189,#190,#191,#192,#193,#194,#195,#196,#197,#198,#199,#200,#201,#202,
#203,#204,#205,#206,#207,#208,#209,#210,#211,#212,#213,#214,#215,#216,#217,#218,
#219,#220,#221,#222,#223,#224,#225,#226,#227,#228,#229,#230,#231,#232,#233,#234,
#235,#236,#237,#238,#239,#240,#241,#242,#243,#244,#245,#246,#247,#248,#249,#250,
#251,#252,#253,#254,#255,#256,#257,#258,#259,#260,#261,#262,#263,#264,#265,#266,
#267,#268,#269,#270,#271,#272,#273,#274,#275,#276,#277,#278,#279,#280,#281,#282,
#283));
#15=COLOUR_RGB('',0.298039215686275,0.6,0.);
#16=FILL_AREA_STYLE_COLOUR('',#15);
#17=FILL_AREA_STYLE($,(#16));
#18=SURFACE_STYLE_FILL_AREA(#17);
#19=SURFACE_SIDE_STYLE('',(#18));
#20=SURFACE_STYLE_USAGE(.BOTH.,#19);
#21=PRESENTATION_STYLE_ASSIGNMENT((#20));
#22=MECHANICAL_DESIGN_GEOMETRIC_PRESENTATION_REPRESENTATION('NONE',(#23),#8);
#23=STYLED_ITEM('',(#21),#13);
#24=ADVANCED_BREP_SHAPE_REPRESENTATION('NONE',(#13),#8);
#25=SHAPE_REPRESENTATION_RELATIONSHIP('','',#3,#24);
#26=PRODUCT_DEFINITION_SHAPE('NONE','NONE',#1);
#27=MECHANICAL_CONTEXT('NONE',#32,'mechanical');
#28=PRODUCT_DEFINITION_FORMATION_WITH_SPECIFIED_SOURCE('ANY','UNSPECIFIED',#29,.NOT_KNOWN.);
#29=PRODUCT('','\X2\042804350441044204350440043D044F\X0\','NONE',(#27));
#30=PRODUCT_RELATED_PRODUCT_CATEGORY('detail','',(#29));
#31=DESIGN_CONTEXT('detailed design',#32,'design');
#32=APPLICATION_CONTEXT('configuration controlled 3d designs of mechanical parts and assemblies');
#33=APPLICATION_PROTOCOL_DEFINITION('international standard','config_control_design',
1994,#32);
#34=CC_DESIGN_DATE_AND_TIME_ASSIGNMENT(#35,#39,(#1));
#35=DATE_AND_TIME(#36,#37);
#36=CALENDAR_DATE(0,1,1);
#37=LOCAL_TIME(0,0,0.,#38);
#38=COORDINATED_UNIVERSAL_TIME_OFFSET(0,0,.AHEAD.);
#39=DATE_TIME_ROLE('creation_date');
#40=CC_DESIGN_APPROVAL(#41,(#1));
#41=APPROVAL(#42,'UNSPECIFIED');
#42=APPROVAL_STATUS('not_yet_approved');
#43=APPROVAL_DATE_TIME(#44,#41);
#44=DATE_AND_TIME(#45,#46);
#45=CALENDAR_DATE(0,1,1);
#46=LOCAL_TIME(0,0,0.,#47);
#47=COORDINATED_UNIVERSAL_TIME_OFFSET(0,0,.AHEAD.);
#48=PERSON('UNSPECIFIED','UNSPECIFIED','UNSPECIFIED',('UNSPECIFIED'),('UNSPECIFIED'),
('UNSPECIFIED'));
#49=ORGANIZATION('UNSPECIFIED','UNSPECIFIED','UNSPECIFIED');
#50=PERSON_AND_ORGANIZATION(#48,#49);
#51=PERSON_AND_ORGANIZATION_ROLE('creator');
#52=CC_DESIGN_PERSON_AND_ORGANIZATION_ASSIGNMENT(#50,#51,(#28,#1));
#53=ADVANCED_FACE('',(#284),#286,.F.);
#54=ADVANCED_FACE('',(#290),#292,.F.);
#55=ADVANCED_FACE('',(#296),#298,.F.);
#56=ADVANCED_FACE('',(#302),#304,.T.);
#57=ADVANCED_FACE('',(#309),#311,.T.);
#58=ADVANCED_FACE('',(#316),#318,.F.);
#59=ADVANCED_FACE('',(#322),#324,.F.);
#60=ADVANCED_FACE('',(#328),#330,.F.);
#61=ADVANCED_FACE('',(#334),#336,.F.);
#62=ADVANCED_FACE('',(#340),#342,.T.);
#63=ADVANCED_FACE('',(#347),#349,.T.);
#64=ADVANCED_FACE('',(#354),#356,.F.);
#65=ADVANCED_FACE('',(#360),#362,.F.);
#66=ADVANCED_FACE('',(#366),#368,.F.);
#67=ADVANCED_FACE('',(#372),#374,.F.);
#68=ADVANCED_FACE('',(#378),#380,.T.);
#69=ADVANCED_FACE('',(#385),#387,.T.);
#70=ADVANCED_FACE('',(#392),#394,.F.);
#71=ADVANCED_FACE('',(#398),#400,.F.);
#72=ADVANCED_FACE('',(#404),#406,.F.);
#73=ADVANCED_FACE('',(#410),#412,.F.);
#74=ADVANCED_FACE('',(#416),#418,.T.);
#75=ADVANCED_FACE('',(#423),#425,.T.);
#76=ADVANCED_FACE('',(#430),#432,.F.);
#77=ADVANCED_FACE('',(#436,#438,#440,#442),#444,.F.);
#78=ADVANCED_FACE('',(#449,#451),#453,.F.);
#79=ADVANCED_FACE('',(#458,#460),#462,.F.);
#80=ADVANCED_FACE('',(#467,#469,#471,#473,#475,#477),#479,.F.);
#81=ADVANCED_FACE('',(#484),#486,.T.);
#82=ADVANCED_FACE('',(#491,#493),#495,.T.);
#83=ADVANCED_FACE('',(#500),#502,.F.);
#84=ADVANCED_FACE('',(#506),#508,.T.);
#85=ADVANCED_FACE('',(#513),#515,.F.);
#86=ADVANCED_FACE('',(#519),#521,.T.);
#87=ADVANCED_FACE('',(#526,#528),#530,.T.);
#88=ADVANCED_FACE('',(#535),#537,.T.);
#89=ADVANCED_FACE('',(#542),#544,.T.);
#90=ADVANCED_FACE('',(#549,#551),#553,.T.);
#91=ADVANCED_FACE('',(#558),#560,.T.);
#92=ADVANCED_FACE('',(#565),#567,.T.);
#93=ADVANCED_FACE('',(#572,#574),#576,.T.);
#94=ADVANCED_FACE('',(#581),#583,.T.);
#95=ADVANCED_FACE('',(#588),#590,.T.);
#96=ADVANCED_FACE('',(#595,#597),#599,.T.);
#97=ADVANCED_FACE('',(#604),#606,.T.);
#98=ADVANCED_FACE('',(#611),#613,.F.);
#99=ADVANCED_FACE('',(#617),#619,.T.);
#100=ADVANCED_FACE('',(#624),#626,.F.);
#101=ADVANCED_FACE('',(#630),#632,.F.);
#102=ADVANCED_FACE('',(#636),#638,.T.);
#103=ADVANCED_FACE('',(#643),#645,.F.);
#104=ADVANCED_FACE('',(#649),#651,.F.);
#105=ADVANCED_FACE('',(#655),#657,.T.);
#106=ADVANCED_FACE('',(#662),#664,.F.);
#107=ADVANCED_FACE('',(#668),#670,.F.);
#108=ADVANCED_FACE('',(#674),#676,.T.);
#109=ADVANCED_FACE('',(#681),#683,.F.);
#110=ADVANCED_FACE('',(#687),#689,.F.);
#111=ADVANCED_FACE('',(#693),#695,.T.);
#112=ADVANCED_FACE('',(#700),#702,.F.);
#113=ADVANCED_FACE('',(#706),#708,.F.);
#114=ADVANCED_FACE('',(#712),#714,.T.);
#115=ADVANCED_FACE('',(#719),#721,.F.);
#116=ADVANCED_FACE('',(#725),#727,.F.);
#117=ADVANCED_FACE('',(#731),#733,.T.);
#118=ADVANCED_FACE('',(#738),#740,.F.);
#119=ADVANCED_FACE('',(#744),#746,.F.);
#120=ADVANCED_FACE('',(#750),#752,.T.);
#121=ADVANCED_FACE('',(#757),#759,.F.);
#122=ADVANCED_FACE('',(#763),#765,.F.);
#123=ADVANCED_FACE('',(#769),#771,.T.);
#124=ADVANCED_FACE('',(#776),#778,.F.);
#125=ADVANCED_FACE('',(#782),#784,.F.);
#126=ADVANCED_FACE('',(#788),#790,.T.);
#127=ADVANCED_FACE('',(#795),#797,.F.);
#128=ADVANCED_FACE('',(#801),#803,.F.);
#129=ADVANCED_FACE('',(#807),#809,.T.);
#130=ADVANCED_FACE('',(#814),#816,.F.);
#131=ADVANCED_FACE('',(#820),#822,.F.);
#132=ADVANCED_FACE('',(#826),#828,.T.);
#133=ADVANCED_FACE('',(#833),#835,.F.);
#134=ADVANCED_FACE('',(#839),#841,.F.);
#135=ADVANCED_FACE('',(#845),#847,.T.);
#136=ADVANCED_FACE('',(#852),#854,.F.);
#137=ADVANCED_FACE('',(#858),#860,.F.);
#138=ADVANCED_FACE('',(#864),#866,.T.);
#139=ADVANCED_FACE('',(#871),#873,.F.);
#140=ADVANCED_FACE('',(#877),#879,.F.);
#141=ADVANCED_FACE('',(#883),#885,.T.);
#142=ADVANCED_FACE('',(#890),#892,.F.);
#143=ADVANCED_FACE('',(#896),#898,.F.);
#144=ADVANCED_FACE('',(#902),#904,.T.);
#145=ADVANCED_FACE('',(#909),#911,.F.);
#146=ADVANCED_FACE('',(#915),#917,.F.);
#147=ADVANCED_FACE('',(#921),#923,.T.);
#148=ADVANCED_FACE('',(#928),#930,.F.);
#149=ADVANCED_FACE('',(#934),#936,.F.);
#150=ADVANCED_FACE('',(#940),#942,.T.);
#151=ADVANCED_FACE('',(#947),#949,.F.);
#152=ADVANCED_FACE('',(#953),#955,.F.);
#153=ADVANCED_FACE('',(#959),#961,.T.);
#154=ADVANCED_FACE('',(#966),#968,.F.);
#155=ADVANCED_FACE('',(#972),#974,.F.);
#156=ADVANCED_FACE('',(#978),#980,.T.);
#157=ADVANCED_FACE('',(#985),#987,.F.);
#158=ADVANCED_FACE('',(#991),#993,.F.);
#159=ADVANCED_FACE('',(#997),#999,.T.);
#160=ADVANCED_FACE('',(#1004),#1006,.F.);
#161=ADVANCED_FACE('',(#1010),#1012,.F.);
#162=ADVANCED_FACE('',(#1016),#1018,.T.);
#163=ADVANCED_FACE('',(#1023),#1025,.F.);
#164=ADVANCED_FACE('',(#1029),#1031,.F.);
#165=ADVANCED_FACE('',(#1035),#1037,.T.);
#166=ADVANCED_FACE('',(#1042),#1044,.F.);
#167=ADVANCED_FACE('',(#1048),#1050,.F.);
#168=ADVANCED_FACE('',(#1054),#1056,.T.);
#169=ADVANCED_FACE('',(#1061),#1063,.F.);
#170=ADVANCED_FACE('',(#1067),#1069,.F.);
#171=ADVANCED_FACE('',(#1073),#1075,.T.);
#172=ADVANCED_FACE('',(#1080),#1082,.F.);
#173=ADVANCED_FACE('',(#1086),#1088,.F.);
#174=ADVANCED_FACE('',(#1092),#1094,.T.);
#175=ADVANCED_FACE('',(#1099),#1101,.F.);
#176=ADVANCED_FACE('',(#1105),#1107,.F.);
#177=ADVANCED_FACE('',(#1111),#1113,.T.);
#178=ADVANCED_FACE('',(#1118),#1120,.F.);
#179=ADVANCED_FACE('',(#1124),#1126,.F.);
#180=ADVANCED_FACE('',(#1130),#1132,.T.);
#181=ADVANCED_FACE('',(#1137),#1139,.F.);
#182=ADVANCED_FACE('',(#1143),#1145,.F.);
#183=ADVANCED_FACE('',(#1149),#1151,.T.);
#184=ADVANCED_FACE('',(#1156),#1158,.F.);
#185=ADVANCED_FACE('',(#1162),#1164,.F.);
#186=ADVANCED_FACE('',(#1168),#1170,.T.);
#187=ADVANCED_FACE('',(#1175),#1177,.F.);
#188=ADVANCED_FACE('',(#1181),#1183,.F.);
#189=ADVANCED_FACE('',(#1187),#1189,.T.);
#190=ADVANCED_FACE('',(#1194),#1196,.F.);
#191=ADVANCED_FACE('',(#1200),#1202,.F.);
#192=ADVANCED_FACE('',(#1206),#1208,.T.);
#193=ADVANCED_FACE('',(#1213),#1215,.F.);
#194=ADVANCED_FACE('',(#1219),#1221,.F.);
#195=ADVANCED_FACE('',(#1225),#1227,.T.);
#196=ADVANCED_FACE('',(#1232),#1234,.F.);
#197=ADVANCED_FACE('',(#1238),#1240,.F.);
#198=ADVANCED_FACE('',(#1244),#1246,.T.);
#199=ADVANCED_FACE('',(#1251),#1253,.F.);
#200=ADVANCED_FACE('',(#1257),#1259,.F.);
#201=ADVANCED_FACE('',(#1263),#1265,.T.);
#202=ADVANCED_FACE('',(#1270),#1272,.F.);
#203=ADVANCED_FACE('',(#1276),#1278,.F.);
#204=ADVANCED_FACE('',(#1282),#1284,.T.);
#205=ADVANCED_FACE('',(#1289),#1291,.F.);
#206=ADVANCED_FACE('',(#1295),#1297,.F.);
#207=ADVANCED_FACE('',(#1301),#1303,.T.);
#208=ADVANCED_FACE('',(#1308),#1310,.F.);
#209=ADVANCED_FACE('',(#1314),#1316,.F.);
#210=ADVANCED_FACE('',(#1320),#1322,.T.);
#211=ADVANCED_FACE('',(#1327),#1329,.F.);
#212=ADVANCED_FACE('',(#1333),#1335,.F.);
#213=ADVANCED_FACE('',(#1339),#1341,.T.);
#214=ADVANCED_FACE('',(#1346),#1348,.F.);
#215=ADVANCED_FACE('',(#1352),#1354,.F.);
#216=ADVANCED_FACE('',(#1358),#1360,.T.);
#217=ADVANCED_FACE('',(#1365),#1367,.F.);
#218=ADVANCED_FACE('',(#1371),#1373,.F.);
#219=ADVANCED_FACE('',(#1377),#1379,.T.);
#220=ADVANCED_FACE('',(#1384),#1386,.F.);
#221=ADVANCED_FACE('',(#1390),#1392,.F.);
#222=ADVANCED_FACE('',(#1396),#1398,.T.);
#223=ADVANCED_FACE('',(#1403),#1405,.F.);
#224=ADVANCED_FACE('',(#1409),#1411,.F.);
#225=ADVANCED_FACE('',(#1415),#1417,.T.);
#226=ADVANCED_FACE('',(#1422),#1424,.F.);
#227=ADVANCED_FACE('',(#1428),#1430,.F.);
#228=ADVANCED_FACE('',(#1434),#1436,.T.);
#229=ADVANCED_FACE('',(#1441),#1443,.F.);
#230=ADVANCED_FACE('',(#1447),#1449,.F.);
#231=ADVANCED_FACE('',(#1453),#1455,.T.);
#232=ADVANCED_FACE('',(#1460),#1462,.F.);
#233=ADVANCED_FACE('',(#1466),#1468,.F.);
#234=ADVANCED_FACE('',(#1472),#1474,.T.);
#235=ADVANCED_FACE('',(#1479),#1481,.F.);
#236=ADVANCED_FACE('',(#1485),#1487,.F.);
#237=ADVANCED_FACE('',(#1491),#1493,.T.);
#238=ADVANCED_FACE('',(#1498),#1500,.F.);
#239=ADVANCED_FACE('',(#1504),#1506,.F.);
#240=ADVANCED_FACE('',(#1510),#1512,.T.);
#241=ADVANCED_FACE('',(#1517),#1519,.F.);
#242=ADVANCED_FACE('',(#1523),#1525,.F.);
#243=ADVANCED_FACE('',(#1529),#1531,.T.);
#244=ADVANCED_FACE('',(#1536),#1538,.F.);
#245=ADVANCED_FACE('',(#1542),#1544,.F.);
#246=ADVANCED_FACE('',(#1548),#1550,.T.);
#247=ADVANCED_FACE('',(#1555),#1557,.F.);
#248=ADVANCED_FACE('',(#1561),#1563,.F.);
#249=ADVANCED_FACE('',(#1567),#1569,.T.);
#250=ADVANCED_FACE('',(#1574),#1576,.F.);
#251=ADVANCED_FACE('',(#1580),#1582,.F.);
#252=ADVANCED_FACE('',(#1586),#1588,.T.);
#253=ADVANCED_FACE('',(#1593),#1595,.F.);
#254=ADVANCED_FACE('',(#1599),#1601,.F.);
#255=ADVANCED_FACE('',(#1605),#1607,.T.);
#256=ADVANCED_FACE('',(#1612),#1614,.F.);
#257=ADVANCED_FACE('',(#1618),#1620,.F.);
#258=ADVANCED_FACE('',(#1624),#1626,.T.);
#259=ADVANCED_FACE('',(#1631),#1633,.F.);
#260=ADVANCED_FACE('',(#1637,#1639),#1641,.F.);
#261=ADVANCED_FACE('',(#1646,#1648),#1650,.F.);
#262=ADVANCED_FACE('',(#1655,#1657),#1659,.F.);
#263=ADVANCED_FACE('',(#1664,#1666),#1668,.F.);
#264=ADVANCED_FACE('',(#1673),#1675,.F.);
#265=ADVANCED_FACE('',(#1680),#1682,.F.);
#266=ADVANCED_FACE('',(#1687),#1689,.F.);
#267=ADVANCED_FACE('',(#1694),#1696,.F.);
#268=ADVANCED_FACE('',(#1701),#1703,.F.);
#269=ADVANCED_FACE('',(#1708),#1710,.F.);
#270=ADVANCED_FACE('',(#1715),#1717,.F.);
#271=ADVANCED_FACE('',(#1722),#1724,.F.);
#272=ADVANCED_FACE('',(#1729),#1731,.F.);
#273=ADVANCED_FACE('',(#1736),#1738,.F.);
#274=ADVANCED_FACE('',(#1743),#1745,.F.);
#275=ADVANCED_FACE('',(#1750),#1752,.F.);
#276=ADVANCED_FACE('',(#1757),#1759,.F.);
#277=ADVANCED_FACE('',(#1764),#1766,.F.);
#278=ADVANCED_FACE('',(#1771),#1773,.F.);
#279=ADVANCED_FACE('',(#1778),#1780,.F.);
#280=ADVANCED_FACE('',(#1785),#1787,.F.);
#281=ADVANCED_FACE('',(#1792),#1794,.F.);
#282=ADVANCED_FACE('',(#1799),#1801,.F.);
#283=ADVANCED_FACE('',(#1806),#1808,.F.);
#284=FACE_BOUND('',#285,.T.);
#285=EDGE_LOOP('',(#1813,#1814,#1815,#1816,#1817,#1818,#1819));
#286=SURFACE_OF_LINEAR_EXTRUSION('',#287,#288);
#287=B_SPLINE_CURVE_WITH_KNOTS('',3,
(#1820,#1821,#1822,#1823,#1824,#1825,#1826,#1827,#1828,#1829,#1830,#1831,#1832,#1833),
.UNSPECIFIED.,.F.,.F.,
(4,2,2,2,2,2,4),
(0.,0.17463522460949,0.346086959998562,0.514354152349157,0.679434713213982,0.841323486074822,
1.),
.UNSPECIFIED.);
#288=VECTOR('',#289,10.);
#289=DIRECTION('',(-9.86076131526265E-33,1.,6.12323399573677E-17));
#290=FACE_BOUND('',#291,.T.);
#291=EDGE_LOOP('',(#1834,#1835,#1836,#1837));
#292=SURFACE_OF_LINEAR_EXTRUSION('',#293,#294);
#293=B_SPLINE_CURVE_WITH_KNOTS('',3,
(#1838,#1839,#1840,#1841,#1842,#1843,#1844,#1845,#1846,#1847,#1848,#1849,#1850,#1851),
.UNSPECIFIED.,.F.,.F.,
(4,2,2,2,2,2,4),
(0.,0.309615072314032,0.487508096599859,0.629554123255857,0.757851252196431,0.880120072523008,
1.),
.UNSPECIFIED.);
#294=VECTOR('',#295,10.);
#295=DIRECTION('',(-9.86076131526265E-33,1.,6.12323399573677E-17));
#296=FACE_BOUND('',#297,.T.);
#297=EDGE_LOOP('',(#1852,#1853,#1854,#1855));
#298=SURFACE_OF_LINEAR_EXTRUSION('',#299,#300);
#299=B_SPLINE_CURVE_WITH_KNOTS('',3,
(#1856,#1857,#1858,#1859,#1860,#1861,#1862,#1863,#1864,#1865,#1866,#1867,#1868,#1869),
.UNSPECIFIED.,.F.,.F.,
(4,2,2,2,2,2,4),
(0.,0.309615072314032,0.487508096599859,0.629554123255857,0.757851252196431,0.880120072523008,
1.),
.UNSPECIFIED.);
#300=VECTOR('',#301,10.);
#301=DIRECTION('',(-9.86076131526265E-33,1.,6.12323399573677E-17));
#302=FACE_BOUND('',#303,.T.);
#303=EDGE_LOOP('',(#1870,#1871,#1872,#1873));
#304=CYLINDRICAL_SURFACE('',#305,13.75);
#305=AXIS2_PLACEMENT_3D('',#306,#307,#308);
#306=CARTESIAN_POINT('',(0.,0.,0.));
#307=DIRECTION('',(0.,-1.,-6.12323399573677E-17));
#308=DIRECTION('',(-0.746008837369013,4.07768222300482E-17,-0.665936043901615));
#309=FACE_BOUND('',#310,.T.);
#310=EDGE_LOOP('',(#1874,#1875,#1876,#1877));
#311=CYLINDRICAL_SURFACE('',#312,13.75);
#312=AXIS2_PLACEMENT_3D('',#313,#314,#315);
#313=CARTESIAN_POINT('',(0.,0.,0.));
#314=DIRECTION('',(0.,-1.,-6.12323399573677E-17));
#315=DIRECTION('',(-0.746008837369013,4.07768222300482E-17,-0.665936043901615));
#316=FACE_BOUND('',#317,.T.);
#317=EDGE_LOOP('',(#1878,#1879,#1880,#1881));
#318=SURFACE_OF_LINEAR_EXTRUSION('',#319,#320);
#319=B_SPLINE_CURVE_WITH_KNOTS('',3,
(#1882,#1883,#1884,#1885,#1886,#1887,#1888,#1889,#1890,#1891,#1892,#1893,#1894,#1895),
.UNSPECIFIED.,.F.,.F.,
(4,2,2,2,2,2,4),
(0.,0.119879927476995,0.242148747803577,0.370445876744151,0.512491903400153,0.69038492768598,
1.),
.UNSPECIFIED.);
#320=VECTOR('',#321,10.);
#321=DIRECTION('',(-9.86076131526265E-33,1.,6.12323399573677E-17));
#322=FACE_BOUND('',#323,.T.);
#323=EDGE_LOOP('',(#1896,#1897,#1898,#1899));
#324=SURFACE_OF_LINEAR_EXTRUSION('',#325,#326);
#325=B_SPLINE_CURVE_WITH_KNOTS('',3,
(#1900,#1901,#1902,#1903,#1904,#1905,#1906,#1907,#1908,#1909,#1910,#1911,#1912,#1913),
.UNSPECIFIED.,.F.,.F.,
(4,2,2,2,2,2,4),
(0.,0.119879927476995,0.242148747803577,0.370445876744151,0.512491903400153,0.69038492768598,
1.),
.UNSPECIFIED.);
#326=VECTOR('',#327,10.);
#327=DIRECTION('',(-9.86076131526265E-33,1.,6.12323399573677E-17));
#328=FACE_BOUND('',#329,.T.);
#329=EDGE_LOOP('',(#1914,#1915,#1916,#1917));
#330=SURFACE_OF_LINEAR_EXTRUSION('',#331,#332);
#331=B_SPLINE_CURVE_WITH_KNOTS('',3,
(#1918,#1919,#1920,#1921,#1922,#1923,#1924,#1925,#1926,#1927,#1928,#1929,#1930,#1931),
.UNSPECIFIED.,.F.,.F.,
(4,2,2,2,2,2,4),
(0.,0.158676513925184,0.320565286786023,0.485645847650847,0.653913040001441,0.825364775390512,
1.),
.UNSPECIFIED.);
#332=VECTOR('',#333,10.);
#333=DIRECTION('',(-9.86076131526265E-33,1.,6.12323399573677E-17));
#334=FACE_BOUND('',#335,.T.);
#335=EDGE_LOOP('',(#1932,#1933,#1934,#1935));
#336=SURFACE_OF_LINEAR_EXTRUSION('',#337,#338);
#337=B_SPLINE_CURVE_WITH_KNOTS('',3,
(#1936,#1937,#1938,#1939,#1940,#1941,#1942,#1943,#1944,#1945,#1946,#1947,#1948,#1949),
.UNSPECIFIED.,.F.,.F.,
(4,2,2,2,2,2,4),
(0.,0.158676513925184,0.320565286786023,0.485645847650847,0.653913040001441,0.825364775390512,
1.),
.UNSPECIFIED.);
#338=VECTOR('',#339,10.);
#339=DIRECTION('',(-9.86076131526265E-33,1.,6.12323399573677E-17));
#340=FACE_BOUND('',#341,.T.);
#341=EDGE_LOOP('',(#1950,#1951,#1952,#1953));
#342=CYLINDRICAL_SURFACE('',#343,16.);
#343=AXIS2_PLACEMENT_3D('',#344,#345,#346);
#344=CARTESIAN_POINT('',(0.,0.,0.));
#345=DIRECTION('',(0.,1.,6.12323399573677E-17));
#346=DIRECTION('',(0.,6.12323399573677E-17,-1.));
#347=FACE_BOUND('',#348,.T.);
#348=EDGE_LOOP('',(#1954,#1955,#1956,#1957));
#349=CYLINDRICAL_SURFACE('',#350,16.);
#350=AXIS2_PLACEMENT_3D('',#351,#352,#353);
#351=CARTESIAN_POINT('',(0.,0.,0.));
#352=DIRECTION('',(0.,1.,6.12323399573677E-17));
#353=DIRECTION('',(0.,6.12323399573677E-17,-1.));
#354=FACE_BOUND('',#355,.T.);
#355=EDGE_LOOP('',(#1958,#1959,#1960,#1961,#1962,#1963));
#356=SURFACE_OF_LINEAR_EXTRUSION('',#357,#358);
#357=B_SPLINE_CURVE_WITH_KNOTS('',3,
(#1964,#1965,#1966,#1967,#1968,#1969,#1970,#1971,#1972,#1973,#1974,#1975,#1976,#1977),
.UNSPECIFIED.,.F.,.F.,
(4,2,2,2,2,2,4),
(0.,0.17463522460949,0.346086959998562,0.514354152349157,0.679434713213982,0.841323486074822,
1.),
.UNSPECIFIED.);
#358=VECTOR('',#359,10.);
#359=DIRECTION('',(-9.86076131526265E-33,1.,6.12323399573677E-17));
#360=FACE_BOUND('',#361,.T.);
#361=EDGE_LOOP('',(#1978,#1979,#1980,#1981,#1982,#1983));
#362=SURFACE_OF_LINEAR_EXTRUSION('',#363,#364);
#363=B_SPLINE_CURVE_WITH_KNOTS('',3,
(#1984,#1985,#1986,#1987,#1988,#1989,#1990,#1991,#1992,#1993,#1994,#1995,#1996,#1997),
.UNSPECIFIED.,.F.,.F.,
(4,2,2,2,2,2,4),
(0.,0.17463522460949,0.346086959998562,0.514354152349157,0.679434713213982,0.841323486074822,
1.),
.UNSPECIFIED.);
#364=VECTOR('',#365,10.);
#365=DIRECTION('',(9.86076131526265E-33,1.,6.12323399573677E-17));
#366=FACE_BOUND('',#367,.T.);
#367=EDGE_LOOP('',(#1998,#1999,#2000,#2001));
#368=SURFACE_OF_LINEAR_EXTRUSION('',#369,#370);
#369=B_SPLINE_CURVE_WITH_KNOTS('',3,
(#2002,#2003,#2004,#2005,#2006,#2007,#2008,#2009,#2010,#2011,#2012,#2013,#2014,#2015),
.UNSPECIFIED.,.F.,.F.,
(4,2,2,2,2,2,4),
(0.,0.309615072314032,0.487508096599859,0.629554123255857,0.757851252196431,0.880120072523008,
1.),
.UNSPECIFIED.);
#370=VECTOR('',#371,10.);
#371=DIRECTION('',(9.86076131526265E-33,1.,6.12323399573677E-17));
#372=FACE_BOUND('',#373,.T.);
#373=EDGE_LOOP('',(#2016,#2017,#2018,#2019));
#374=SURFACE_OF_LINEAR_EXTRUSION('',#375,#376);
#375=B_SPLINE_CURVE_WITH_KNOTS('',3,
(#2020,#2021,#2022,#2023,#2024,#2025,#2026,#2027,#2028,#2029,#2030,#2031,#2032,#2033),
.UNSPECIFIED.,.F.,.F.,
(4,2,2,2,2,2,4),
(0.,0.309615072314032,0.487508096599859,0.629554123255857,0.757851252196431,0.880120072523008,
1.),
.UNSPECIFIED.);
#376=VECTOR('',#377,10.);
#377=DIRECTION('',(9.86076131526265E-33,1.,6.12323399573677E-17));
#378=FACE_BOUND('',#379,.T.);
#379=EDGE_LOOP('',(#2034,#2035,#2036,#2037));
#380=CYLINDRICAL_SURFACE('',#381,13.75);
#381=AXIS2_PLACEMENT_3D('',#382,#383,#384);
#382=CARTESIAN_POINT('',(0.,0.,0.));
#383=DIRECTION('',(0.,-1.,-6.12323399573677E-17));
#384=DIRECTION('',(0.746008837369013,-4.07768222300482E-17,0.665936043901615));
#385=FACE_BOUND('',#386,.T.);
#386=EDGE_LOOP('',(#2038,#2039,#2040,#2041));
#387=CYLINDRICAL_SURFACE('',#388,13.75);
#388=AXIS2_PLACEMENT_3D('',#389,#390,#391);
#389=CARTESIAN_POINT('',(0.,0.,0.));
#390=DIRECTION('',(0.,-1.,-6.12323399573677E-17));
#391=DIRECTION('',(0.746008837369013,-4.07768222300482E-17,0.665936043901615));
#392=FACE_BOUND('',#393,.T.);
#393=EDGE_LOOP('',(#2042,#2043,#2044,#2045));
#394=SURFACE_OF_LINEAR_EXTRUSION('',#395,#396);
#395=B_SPLINE_CURVE_WITH_KNOTS('',3,
(#2046,#2047,#2048,#2049,#2050,#2051,#2052,#2053,#2054,#2055,#2056,#2057,#2058,#2059),
.UNSPECIFIED.,.F.,.F.,
(4,2,2,2,2,2,4),
(0.,0.119879927476995,0.242148747803577,0.370445876744151,0.512491903400153,0.69038492768598,
1.),
.UNSPECIFIED.);
#396=VECTOR('',#397,10.);
#397=DIRECTION('',(9.86076131526265E-33,1.,6.12323399573677E-17));
#398=FACE_BOUND('',#399,.T.);
#399=EDGE_LOOP('',(#2060,#2061,#2062,#2063));
#400=SURFACE_OF_LINEAR_EXTRUSION('',#401,#402);
#401=B_SPLINE_CURVE_WITH_KNOTS('',3,
(#2064,#2065,#2066,#2067,#2068,#2069,#2070,#2071,#2072,#2073,#2074,#2075,#2076,#2077),
.UNSPECIFIED.,.F.,.F.,
(4,2,2,2,2,2,4),
(0.,0.119879927476995,0.242148747803577,0.370445876744151,0.512491903400153,0.69038492768598,
1.),
.UNSPECIFIED.);
#402=VECTOR('',#403,10.);
#403=DIRECTION('',(9.86076131526265E-33,1.,6.12323399573677E-17));
#404=FACE_BOUND('',#405,.T.);
#405=EDGE_LOOP('',(#2078,#2079,#2080,#2081));
#406=SURFACE_OF_LINEAR_EXTRUSION('',#407,#408);
#407=B_SPLINE_CURVE_WITH_KNOTS('',3,
(#2082,#2083,#2084,#2085,#2086,#2087,#2088,#2089,#2090,#2091,#2092,#2093,#2094,#2095),
.UNSPECIFIED.,.F.,.F.,
(4,2,2,2,2,2,4),
(0.,0.158676513925184,0.320565286786023,0.485645847650847,0.653913040001441,0.825364775390512,
1.),
.UNSPECIFIED.);
#408=VECTOR('',#409,10.);
#409=DIRECTION('',(9.86076131526265E-33,1.,6.12323399573677E-17));
#410=FACE_BOUND('',#411,.T.);
#411=EDGE_LOOP('',(#2096,#2097,#2098,#2099));
#412=SURFACE_OF_LINEAR_EXTRUSION('',#413,#414);
#413=B_SPLINE_CURVE_WITH_KNOTS('',3,
(#2100,#2101,#2102,#2103,#2104,#2105,#2106,#2107,#2108,#2109,#2110,#2111,#2112,#2113),
.UNSPECIFIED.,.F.,.F.,
(4,2,2,2,2,2,4),
(0.,0.158676513925184,0.320565286786023,0.485645847650847,0.653913040001441,0.825364775390512,
1.),
.UNSPECIFIED.);
#414=VECTOR('',#415,10.);
#415=DIRECTION('',(9.86076131526265E-33,1.,6.12323399573677E-17));
#416=FACE_BOUND('',#417,.T.);
#417=EDGE_LOOP('',(#2114,#2115,#2116,#2117));
#418=CYLINDRICAL_SURFACE('',#419,16.);
#419=AXIS2_PLACEMENT_3D('',#420,#421,#422);
#420=CARTESIAN_POINT('',(0.,0.,0.));
#421=DIRECTION('',(0.,1.,6.12323399573677E-17));
#422=DIRECTION('',(0.,6.12323399573677E-17,-1.));
#423=FACE_BOUND('',#424,.T.);
#424=EDGE_LOOP('',(#2118,#2119,#2120,#2121));
#425=CYLINDRICAL_SURFACE('',#426,16.);
#426=AXIS2_PLACEMENT_3D('',#427,#428,#429);
#427=CARTESIAN_POINT('',(0.,0.,0.));
#428=DIRECTION('',(0.,1.,6.12323399573677E-17));
#429=DIRECTION('',(0.,6.12323399573677E-17,-1.));
#430=FACE_BOUND('',#431,.T.);
#431=EDGE_LOOP('',(#2122,#2123,#2124,#2125,#2126,#2127,#2128));
#432=SURFACE_OF_LINEAR_EXTRUSION('',#433,#434);
#433=B_SPLINE_CURVE_WITH_KNOTS('',3,
(#2129,#2130,#2131,#2132,#2133,#2134,#2135,#2136,#2137,#2138,#2139,#2140,#2141,#2142),
.UNSPECIFIED.,.F.,.F.,
(4,2,2,2,2,2,4),
(0.,0.17463522460949,0.346086959998562,0.514354152349157,0.679434713213982,0.841323486074822,
1.),
.UNSPECIFIED.);
#434=VECTOR('',#435,10.);
#435=DIRECTION('',(9.86076131526265E-33,1.,6.12323399573677E-17));
#436=FACE_BOUND('',#437,.T.);
#437=EDGE_LOOP('',(#2143,#2144,#2145,#2146,#2147,#2148,#2149,#2150,#2151,#2152,#2153,
#2154,#2155,#2156,#2157,#2158,#2159));
#438=FACE_OUTER_BOUND('',#439,.T.);
#439=EDGE_LOOP('',(#2160));
#440=FACE_BOUND('',#441,.T.);
#441=EDGE_LOOP('',(#2161));
#442=FACE_BOUND('',#443,.T.);
#443=EDGE_LOOP('',(#2162));
#444=CYLINDRICAL_SURFACE('',#445,5.1);
#445=AXIS2_PLACEMENT_3D('',#446,#447,#448);
#446=CARTESIAN_POINT('',(0.,72.5000000001,4.43934464691528E-15));
#447=DIRECTION('',(0.,-1.,-6.12323399573677E-17));
#448=DIRECTION('',(-1.,-7.49879891330929E-33,1.22464679914735E-16));
#449=FACE_OUTER_BOUND('',#450,.T.);
#450=EDGE_LOOP('',(#2163));
#451=FACE_BOUND('',#452,.T.);
#452=EDGE_LOOP('',(#2164,#2165,#2166,#2167,#2168,#2169,#2170,#2171,#2172,#2173,#2174,
#2175,#2176));
#453=CYLINDRICAL_SURFACE('',#454,1.6);
#454=AXIS2_PLACEMENT_3D('',#455,#456,#457);
#455=CARTESIAN_POINT('',(-17.7851395321692,5.,-17.7851395321692));
#456=DIRECTION('',(0.707106781186547,0.,0.707106781186548));
#457=DIRECTION('',(-0.707106781186548,1.22464679914735E-16,0.707106781186547));
#458=FACE_BOUND('',#459,.T.);
#459=EDGE_LOOP('',(#2177,#2178,#2179,#2180,#2181,#2182,#2183,#2184,#2185,#2186,#2187,
#2188,#2189));
#460=FACE_OUTER_BOUND('',#461,.T.);
#461=EDGE_LOOP('',(#2190));
#462=CYLINDRICAL_SURFACE('',#463,1.6);
#463=AXIS2_PLACEMENT_3D('',#464,#465,#466);
#464=CARTESIAN_POINT('',(-17.7851395321692,5.,-17.7851395321692));
#465=DIRECTION('',(0.707106781186547,0.,0.707106781186548));
#466=DIRECTION('',(-0.707106781186548,1.22464679914735E-16,0.707106781186547));
#467=FACE_BOUND('',#468,.T.);
#468=EDGE_LOOP('',(#2191,#2192,#2193,#2194,#2195,#2196,#2197,#2198,#2199,#2200,#2201,
#2202,#2203,#2204,#2205,#2206,#2207,#2208,#2209,#2210,#2211,#2212,#2213,#2214,#2215,
#2216,#2217,#2218,#2219,#2220,#2221,#2222,#2223,#2224,#2225,#2226,#2227,#2228,#2229,
#2230,#2231,#2232,#2233,#2234,#2235,#2236,#2237,#2238,#2239,#2240,#2241,#2242,#2243,
#2244,#2245,#2246,#2247,#2248,#2249,#2250,#2251,#2252,#2253,#2254,#2255,#2256,#2257,
#2258,#2259,#2260,#2261,#2262,#2263,#2264,#2265,#2266,#2267,#2268,#2269,#2270,#2271,
#2272,#2273,#2274,#2275,#2276,#2277,#2278,#2279,#2280,#2281,#2282,#2283,#2284,#2285,
#2286,#2287,#2288,#2289,#2290,#2291,#2292,#2293,#2294,#2295,#2296,#2297,#2298,#2299,
#2300,#2301,#2302,#2303,#2304,#2305,#2306,#2307,#2308,#2309,#2310,#2311,#2312,#2313,
#2314,#2315,#2316,#2317,#2318,#2319,#2320,#2321,#2322,#2323,#2324,#2325,#2326,#2327,
#2328,#2329,#2330,#2331,#2332,#2333,#2334,#2335,#2336,#2337,#2338,#2339,#2340,#2341,
#2342,#2343,#2344,#2345,#2346,#2347,#2348,#2349,#2350,#2351,#2352,#2353,#2354,#2355,
#2356,#2357,#2358,#2359,#2360,#2361,#2362,#2363,#2364,#2365,#2366,#2367,#2368,#2369,
#2370));
#469=FACE_BOUND('',#470,.T.);
#470=EDGE_LOOP('',(#2371));
#471=FACE_BOUND('',#472,.T.);
#472=EDGE_LOOP('',(#2372));
#473=FACE_BOUND('',#474,.T.);
#474=EDGE_LOOP('',(#2373));
#475=FACE_BOUND('',#476,.T.);
#476=EDGE_LOOP('',(#2374));
#477=FACE_BOUND('',#478,.T.);
#478=EDGE_LOOP('',(#2375));
#479=PLANE('',#480);
#480=AXIS2_PLACEMENT_3D('',#481,#482,#483);
#481=CARTESIAN_POINT('',(0.,0.,0.));
#482=DIRECTION('',(0.,1.,6.12323399573677E-17));
#483=DIRECTION('',(0.,6.12323399573677E-17,-1.));
#484=FACE_BOUND('',#485,.T.);
#485=EDGE_LOOP('',(#2376,#2377,#2378,#2379));
#486=CYLINDRICAL_SURFACE('',#487,16.);
#487=AXIS2_PLACEMENT_3D('',#488,#489,#490);
#488=CARTESIAN_POINT('',(0.,0.,0.));
#489=DIRECTION('',(0.,1.,6.12323399573677E-17));
#490=DIRECTION('',(0.,6.12323399573677E-17,-1.));
#491=FACE_BOUND('',#492,.T.);
#492=EDGE_LOOP('',(#2380,#2381,#2382,#2383,#2384,#2385,#2386,#2387,#2388,#2389,#2390,
#2391,#2392,#2393,#2394,#2395,#2396,#2397,#2398,#2399,#2400,#2401,#2402,#2403,#2404,
#2405,#2406,#2407,#2408,#2409,#2410,#2411,#2412,#2413,#2414,#2415,#2416,#2417,#2418,
#2419,#2420,#2421,#2422,#2423,#2424,#2425,#2426,#2427,#2428,#2429,#2430,#2431,#2432,
#2433,#2434,#2435,#2436,#2437,#2438,#2439,#2440,#2441,#2442,#2443,#2444,#2445,#2446,
#2447,#2448,#2449,#2450,#2451,#2452,#2453,#2454,#2455,#2456,#2457,#2458,#2459,#2460,
#2461,#2462,#2463,#2464,#2465,#2466,#2467,#2468,#2469,#2470,#2471,#2472,#2473,#2474,
#2475,#2476,#2477,#2478,#2479,#2480,#2481,#2482,#2483,#2484,#2485,#2486,#2487,#2488,
#2489,#2490,#2491,#2492,#2493,#2494,#2495,#2496,#2497,#2498,#2499,#2500,#2501,#2502,
#2503,#2504,#2505,#2506,#2507,#2508,#2509,#2510,#2511,#2512,#2513,#2514,#2515,#2516,
#2517,#2518,#2519,#2520,#2521,#2522,#2523,#2524,#2525,#2526,#2527,#2528,#2529,#2530,
#2531,#2532,#2533,#2534,#2535,#2536,#2537,#2538,#2539,#2540,#2541,#2542,#2543,#2544,
#2545,#2546,#2547,#2548,#2549,#2550,#2551,#2552,#2553,#2554,#2555,#2556,#2557,#2558,
#2559));
#493=FACE_BOUND('',#494,.T.);
#494=EDGE_LOOP('',(#2560,#2561,#2562,#2563,#2564,#2565,#2566,#2567,#2568,#2569,#2570,
#2571,#2572,#2573,#2574,#2575,#2576,#2577,#2578,#2579,#2580,#2581,#2582,#2583,#2584,
#2585,#2586,#2587,#2588,#2589,#2590,#2591));
#495=PLANE('',#496);
#496=AXIS2_PLACEMENT_3D('',#497,#498,#499);
#497=CARTESIAN_POINT('',(0.,10.,6.12323399573677E-16));
#498=DIRECTION('',(0.,1.,6.12323399573677E-17));
#499=DIRECTION('',(0.,6.12323399573677E-17,-1.));
#500=FACE_BOUND('',#501,.T.);
#501=EDGE_LOOP('',(#2592,#2593,#2594,#2595));
#502=SURFACE_OF_LINEAR_EXTRUSION('',#503,#504);
#503=B_SPLINE_CURVE_WITH_KNOTS('',3,
(#2596,#2597,#2598,#2599,#2600,#2601,#2602,#2603,#2604,#2605,#2606,#2607,#2608,#2609),
.UNSPECIFIED.,.F.,.F.,
(4,2,2,2,2,2,4),
(0.,0.309615072314032,0.487508096599859,0.629554123255857,0.757851252196431,0.880120072523008,
1.),
.UNSPECIFIED.);
#504=VECTOR('',#505,10.);
#505=DIRECTION('',(-9.86076131526265E-33,1.,6.12323399573677E-17));
#506=FACE_BOUND('',#507,.T.);
#507=EDGE_LOOP('',(#2610,#2611,#2612,#2613));
#508=CYLINDRICAL_SURFACE('',#509,16.);
#509=AXIS2_PLACEMENT_3D('',#510,#511,#512);
#510=CARTESIAN_POINT('',(0.,0.,0.));
#511=DIRECTION('',(0.,1.,6.12323399573677E-17));
#512=DIRECTION('',(0.,6.12323399573677E-17,-1.));
#513=FACE_BOUND('',#514,.T.);
#514=EDGE_LOOP('',(#2614,#2615,#2616,#2617));
#515=SURFACE_OF_LINEAR_EXTRUSION('',#516,#517);
#516=B_SPLINE_CURVE_WITH_KNOTS('',3,
(#2618,#2619,#2620,#2621,#2622,#2623,#2624,#2625,#2626,#2627,#2628,#2629,#2630,#2631),
.UNSPECIFIED.,.F.,.F.,
(4,2,2,2,2,2,4),
(0.,0.309615072314032,0.487508096599859,0.629554123255857,0.757851252196431,0.880120072523008,
1.),
.UNSPECIFIED.);
#517=VECTOR('',#518,10.);
#518=DIRECTION('',(9.86076131526265E-33,1.,6.12323399573677E-17));
#519=FACE_BOUND('',#520,.T.);
#520=EDGE_LOOP('',(#2632,#2633,#2634,#2635));
#521=CYLINDRICAL_SURFACE('',#522,1.);
#522=AXIS2_PLACEMENT_3D('',#523,#524,#525);
#523=CARTESIAN_POINT('',(5.3561575435694,12.,2.91917391884495));
#524=DIRECTION('',(-1.03276560430247E-16,1.,2.58191401075619E-16));
#525=DIRECTION('',(0.5,2.75238592585306E-16,-0.866025403784439));
#526=FACE_BOUND('',#527,.T.);
#527=EDGE_LOOP('',(#2636,#2637,#2638,#2639,#2640,#2641,#2642,#2643));
#528=FACE_BOUND('',#529,.T.);
#529=EDGE_LOOP('',(#2644));
#530=PLANE('',#531);
#531=AXIS2_PLACEMENT_3D('',#532,#533,#534);
#532=CARTESIAN_POINT('',(0.,7.4,4.53119315684521E-16));
#533=DIRECTION('',(0.,1.,6.12323399573677E-17));
#534=DIRECTION('',(-1.,7.49879891330929E-33,-1.22464679914735E-16));
#535=FACE_BOUND('',#536,.T.);
#536=EDGE_LOOP('',(#2645,#2646,#2647,#2648));
#537=CYLINDRICAL_SURFACE('',#538,1.);
#538=AXIS2_PLACEMENT_3D('',#539,#540,#541);
#539=CARTESIAN_POINT('',(5.3561575435694,12.,-2.91917391884495));
#540=DIRECTION('',(0.,-1.,-4.90563662043674E-16));
#541=DIRECTION('',(0.499999999999999,-4.24840593503346E-16,0.866025403784439));
#542=FACE_BOUND('',#543,.T.);
#543=EDGE_LOOP('',(#2649,#2650,#2651,#2652));
#544=CYLINDRICAL_SURFACE('',#545,1.);
#545=AXIS2_PLACEMENT_3D('',#546,#547,#548);
#546=CARTESIAN_POINT('',(2.91917391884495,12.,-5.3561575435694));
#547=DIRECTION('',(1.03276560430247E-16,1.,0.));
#548=DIRECTION('',(-0.866025403784439,8.94401249480729E-17,-0.5));
#549=FACE_BOUND('',#550,.T.);
#550=EDGE_LOOP('',(#2653,#2654,#2655,#2656,#2657,#2658,#2659,#2660));
#551=FACE_BOUND('',#552,.T.);
#552=EDGE_LOOP('',(#2661));
#553=PLANE('',#554);
#554=AXIS2_PLACEMENT_3D('',#555,#556,#557);
#555=CARTESIAN_POINT('',(0.,7.4,4.53119315684521E-16));
#556=DIRECTION('',(0.,1.,6.12323399573677E-17));
#557=DIRECTION('',(-1.,7.49879891330929E-33,-1.22464679914735E-16));
#558=FACE_BOUND('',#559,.T.);
#559=EDGE_LOOP('',(#2662,#2663,#2664,#2665));
#560=CYLINDRICAL_SURFACE('',#561,1.);
#561=AXIS2_PLACEMENT_3D('',#562,#563,#564);
#562=CARTESIAN_POINT('',(-2.91917391884495,12.,-5.3561575435694));
#563=DIRECTION('',(1.80733980752933E-16,-1.,0.));
#564=DIRECTION('',(0.866025403784438,1.56520218659127E-16,-0.500000000000002));
#565=FACE_BOUND('',#566,.T.);
#566=EDGE_LOOP('',(#2666,#2667,#2668,#2669));
#567=CYLINDRICAL_SURFACE('',#568,1.);
#568=AXIS2_PLACEMENT_3D('',#569,#570,#571);
#569=CARTESIAN_POINT('',(-5.3561575435694,12.,-2.91917391884495));
#570=DIRECTION('',(0.,1.,1.29095700537809E-16));
#571=DIRECTION('',(-0.5,-1.11800156185091E-16,0.866025403784439));
#572=FACE_BOUND('',#573,.T.);
#573=EDGE_LOOP('',(#2670,#2671,#2672,#2673,#2674,#2675,#2676,#2677,#2678));
#574=FACE_BOUND('',#575,.T.);
#575=EDGE_LOOP('',(#2679));
#576=PLANE('',#577);
#577=AXIS2_PLACEMENT_3D('',#578,#579,#580);
#578=CARTESIAN_POINT('',(0.,7.4,4.53119315684521E-16));
#579=DIRECTION('',(0.,1.,6.12323399573677E-17));
#580=DIRECTION('',(-1.,7.49879891330929E-33,-1.22464679914735E-16));
#581=FACE_BOUND('',#582,.T.);
#582=EDGE_LOOP('',(#2680,#2681,#2682,#2683));
#583=CYLINDRICAL_SURFACE('',#584,1.);
#584=AXIS2_PLACEMENT_3D('',#585,#586,#587);
#585=CARTESIAN_POINT('',(-5.3561575435694,12.,2.91917391884495));
#586=DIRECTION('',(0.,-1.,-5.16382802151237E-17));
#587=DIRECTION('',(-0.5,4.47200624740364E-17,-0.866025403784439));
#588=FACE_BOUND('',#589,.T.);
#589=EDGE_LOOP('',(#2684,#2685,#2686,#2687));
#590=CYLINDRICAL_SURFACE('',#591,1.);
#591=AXIS2_PLACEMENT_3D('',#592,#593,#594);
#592=CARTESIAN_POINT('',(-2.919173918845,12.,5.35615754356937));
#593=DIRECTION('',(4.3892538182855E-16,1.,-1.03276560430247E-16));
#594=DIRECTION('',(0.866025403784439,-3.28482250814186E-16,0.5));
#595=FACE_BOUND('',#596,.T.);
#596=EDGE_LOOP('',(#2688,#2689,#2690,#2691,#2692,#2693,#2694,#2695));
#597=FACE_BOUND('',#598,.T.);
#598=EDGE_LOOP('',(#2696));
#599=PLANE('',#600);
#600=AXIS2_PLACEMENT_3D('',#601,#602,#603);
#601=CARTESIAN_POINT('',(0.,7.4,4.53119315684521E-16));
#602=DIRECTION('',(0.,1.,6.12323399573677E-17));
#603=DIRECTION('',(-1.,7.49879891330929E-33,-1.22464679914735E-16));
#604=FACE_BOUND('',#605,.T.);
#605=EDGE_LOOP('',(#2697,#2698,#2699,#2700));
#606=CYLINDRICAL_SURFACE('',#607,1.);
#607=AXIS2_PLACEMENT_3D('',#608,#609,#610);
#608=CARTESIAN_POINT('',(2.919173918845,12.,5.35615754356938));
#609=DIRECTION('',(2.06553120860495E-16,-1.,-3.09829681290742E-16));
#610=DIRECTION('',(-0.866025403784439,-3.33795090541517E-16,0.5));
#611=FACE_BOUND('',#612,.T.);
#612=EDGE_LOOP('',(#2701,#2702,#2703,#2704));
#613=SURFACE_OF_LINEAR_EXTRUSION('',#614,#615);
#614=B_SPLINE_CURVE_WITH_KNOTS('',3,
(#2705,#2706,#2707,#2708,#2709,#2710,#2711,#2712,#2713,#2714,#2715,#2716,#2717,#2718),
.UNSPECIFIED.,.F.,.F.,
(4,2,2,2,2,2,4),
(0.,0.158676513925184,0.320565286786023,0.485645847650847,0.653913040001441,0.825364775390512,
1.),
.UNSPECIFIED.);
#615=VECTOR('',#616,10.);
#616=DIRECTION('',(0.,1.,6.12323399573677E-17));
#617=FACE_BOUND('',#618,.T.);
#618=EDGE_LOOP('',(#2719,#2720,#2721,#2722));
#619=CYLINDRICAL_SURFACE('',#620,16.);
#620=AXIS2_PLACEMENT_3D('',#621,#622,#623);
#621=CARTESIAN_POINT('',(0.,0.,0.));
#622=DIRECTION('',(0.,1.,6.12323399573677E-17));
#623=DIRECTION('',(0.,6.12323399573677E-17,-1.));
#624=FACE_BOUND('',#625,.T.);
#625=EDGE_LOOP('',(#2723,#2724,#2725,#2726));
#626=SURFACE_OF_LINEAR_EXTRUSION('',#627,#628);
#627=B_SPLINE_CURVE_WITH_KNOTS('',3,
(#2727,#2728,#2729,#2730,#2731,#2732,#2733,#2734,#2735,#2736,#2737,#2738,#2739,#2740),
.UNSPECIFIED.,.F.,.F.,
(4,2,2,2,2,2,4),
(0.,0.17463522460949,0.346086959998562,0.514354152349157,0.679434713213982,0.841323486074822,
1.),
.UNSPECIFIED.);
#628=VECTOR('',#629,10.);
#629=DIRECTION('',(4.93038065763132E-33,1.,6.12323399573677E-17));
#630=FACE_BOUND('',#631,.T.);
#631=EDGE_LOOP('',(#2741,#2742,#2743,#2744));
#632=SURFACE_OF_LINEAR_EXTRUSION('',#633,#634);
#633=B_SPLINE_CURVE_WITH_KNOTS('',3,
(#2745,#2746,#2747,#2748,#2749,#2750,#2751,#2752,#2753,#2754,#2755,#2756,#2757,#2758),
.UNSPECIFIED.,.F.,.F.,
(4,2,2,2,2,2,4),
(0.,0.309615072314032,0.487508096599859,0.629554123255857,0.757851252196431,0.880120072523008,
1.),
.UNSPECIFIED.);
#634=VECTOR('',#635,10.);
#635=DIRECTION('',(4.93038065763132E-33,1.,6.12323399573677E-17));
#636=FACE_BOUND('',#637,.T.);
#637=EDGE_LOOP('',(#2759,#2760,#2761,#2762));
#638=CYLINDRICAL_SURFACE('',#639,13.75);
#639=AXIS2_PLACEMENT_3D('',#640,#641,#642);
#640=CARTESIAN_POINT('',(0.,0.,0.));
#641=DIRECTION('',(0.,-1.,-6.12323399573677E-17));
#642=DIRECTION('',(-0.952373575739421,1.86718050709843E-17,-0.304933717770451));
#643=FACE_BOUND('',#644,.T.);
#644=EDGE_LOOP('',(#2763,#2764,#2765,#2766));
#645=SURFACE_OF_LINEAR_EXTRUSION('',#646,#647);
#646=B_SPLINE_CURVE_WITH_KNOTS('',3,
(#2767,#2768,#2769,#2770,#2771,#2772,#2773,#2774,#2775,#2776,#2777,#2778,#2779,#2780),
.UNSPECIFIED.,.F.,.F.,
(4,2,2,2,2,2,4),
(0.,0.119879927476995,0.242148747803577,0.370445876744151,0.512491903400153,0.69038492768598,
1.),
.UNSPECIFIED.);
#647=VECTOR('',#648,10.);
#648=DIRECTION('',(4.93038065763132E-33,1.,6.12323399573677E-17));
#649=FACE_BOUND('',#650,.T.);
#650=EDGE_LOOP('',(#2781,#2782,#2783,#2784));
#651=SURFACE_OF_LINEAR_EXTRUSION('',#652,#653);
#652=B_SPLINE_CURVE_WITH_KNOTS('',3,
(#2785,#2786,#2787,#2788,#2789,#2790,#2791,#2792,#2793,#2794,#2795,#2796,#2797,#2798),
.UNSPECIFIED.,.F.,.F.,
(4,2,2,2,2,2,4),
(0.,0.158676513925184,0.320565286786023,0.485645847650847,0.653913040001441,0.825364775390512,
1.),
.UNSPECIFIED.);
#653=VECTOR('',#654,10.);
#654=DIRECTION('',(4.93038065763132E-33,1.,6.12323399573677E-17));
#655=FACE_BOUND('',#656,.T.);
#656=EDGE_LOOP('',(#2799,#2800,#2801,#2802));
#657=CYLINDRICAL_SURFACE('',#658,16.);
#658=AXIS2_PLACEMENT_3D('',#659,#660,#661);
#659=CARTESIAN_POINT('',(0.,0.,0.));
#660=DIRECTION('',(0.,1.,6.12323399573677E-17));
#661=DIRECTION('',(0.,6.12323399573677E-17,-1.));
#662=FACE_BOUND('',#663,.T.);
#663=EDGE_LOOP('',(#2803,#2804,#2805,#2806));
#664=SURFACE_OF_LINEAR_EXTRUSION('',#665,#666);
#665=B_SPLINE_CURVE_WITH_KNOTS('',3,
(#2807,#2808,#2809,#2810,#2811,#2812,#2813,#2814,#2815,#2816,#2817,#2818,#2819,#2820),
.UNSPECIFIED.,.F.,.F.,
(4,2,2,2,2,2,4),
(0.,0.17463522460949,0.346086959998562,0.514354152349157,0.679434713213982,0.841323486074822,
1.),
.UNSPECIFIED.);
#666=VECTOR('',#667,10.);
#667=DIRECTION('',(-4.93038065763132E-33,1.,6.12323399573677E-17));
#668=FACE_BOUND('',#669,.T.);
#669=EDGE_LOOP('',(#2821,#2822,#2823,#2824));
#670=SURFACE_OF_LINEAR_EXTRUSION('',#671,#672);
#671=B_SPLINE_CURVE_WITH_KNOTS('',3,
(#2825,#2826,#2827,#2828,#2829,#2830,#2831,#2832,#2833,#2834,#2835,#2836,#2837,#2838),
.UNSPECIFIED.,.F.,.F.,
(4,2,2,2,2,2,4),
(0.,0.309615072314032,0.487508096599859,0.629554123255857,0.757851252196431,0.880120072523008,
1.),
.UNSPECIFIED.);
#672=VECTOR('',#673,10.);
#673=DIRECTION('',(-4.93038065763132E-33,1.,6.12323399573677E-17));
#674=FACE_BOUND('',#675,.T.);
#675=EDGE_LOOP('',(#2839,#2840,#2841,#2842));
#676=CYLINDRICAL_SURFACE('',#677,13.75);
#677=AXIS2_PLACEMENT_3D('',#678,#679,#680);
#678=CARTESIAN_POINT('',(0.,0.,0.));
#679=DIRECTION('',(0.,-1.,-6.12323399573677E-17));
#680=DIRECTION('',(-0.86816264326279,3.03883724994235E-17,-0.496279784842145));
#681=FACE_BOUND('',#682,.T.);
#682=EDGE_LOOP('',(#2843,#2844,#2845,#2846));
#683=SURFACE_OF_LINEAR_EXTRUSION('',#684,#685);
#684=B_SPLINE_CURVE_WITH_KNOTS('',3,
(#2847,#2848,#2849,#2850,#2851,#2852,#2853,#2854,#2855,#2856,#2857,#2858,#2859,#2860),
.UNSPECIFIED.,.F.,.F.,
(4,2,2,2,2,2,4),
(0.,0.119879927476995,0.242148747803577,0.370445876744151,0.512491903400153,0.69038492768598,
1.),
.UNSPECIFIED.);
#685=VECTOR('',#686,10.);
#686=DIRECTION('',(-4.93038065763132E-33,1.,6.12323399573677E-17));
#687=FACE_BOUND('',#688,.T.);
#688=EDGE_LOOP('',(#2861,#2862,#2863,#2864));
#689=SURFACE_OF_LINEAR_EXTRUSION('',#690,#691);
#690=B_SPLINE_CURVE_WITH_KNOTS('',3,
(#2865,#2866,#2867,#2868,#2869,#2870,#2871,#2872,#2873,#2874,#2875,#2876,#2877,#2878),
.UNSPECIFIED.,.F.,.F.,
(4,2,2,2,2,2,4),
(0.,0.158676513925184,0.320565286786023,0.485645847650847,0.653913040001441,0.825364775390512,
1.),
.UNSPECIFIED.);
#691=VECTOR('',#692,10.);
#692=DIRECTION('',(-4.93038065763132E-33,1.,6.12323399573677E-17));
#693=FACE_BOUND('',#694,.T.);
#694=EDGE_LOOP('',(#2879,#2880,#2881,#2882));
#695=CYLINDRICAL_SURFACE('',#696,13.75);
#696=AXIS2_PLACEMENT_3D('',#697,#698,#699);
#697=CARTESIAN_POINT('',(0.,0.,0.));
#698=DIRECTION('',(0.,-1.,-6.12323399573677E-17));
#699=DIRECTION('',(-0.591250865534641,4.93831291603176E-17,-0.806487702326909));
#700=FACE_BOUND('',#701,.T.);
#701=EDGE_LOOP('',(#2883,#2884,#2885,#2886));
#702=SURFACE_OF_LINEAR_EXTRUSION('',#703,#704);
#703=B_SPLINE_CURVE_WITH_KNOTS('',3,
(#2887,#2888,#2889,#2890,#2891,#2892,#2893,#2894,#2895,#2896,#2897,#2898,#2899,#2900),
.UNSPECIFIED.,.F.,.F.,
(4,2,2,2,2,2,4),
(0.,0.119879927476995,0.242148747803577,0.370445876744151,0.512491903400153,0.69038492768598,
1.),
.UNSPECIFIED.);
#704=VECTOR('',#705,10.);
#705=DIRECTION('',(-9.86076131526265E-33,1.,6.12323399573677E-17));
#706=FACE_BOUND('',#707,.T.);
#707=EDGE_LOOP('',(#2901,#2902,#2903,#2904));
#708=SURFACE_OF_LINEAR_EXTRUSION('',#709,#710);
#709=B_SPLINE_CURVE_WITH_KNOTS('',3,
(#2905,#2906,#2907,#2908,#2909,#2910,#2911,#2912,#2913,#2914,#2915,#2916,#2917,#2918),
.UNSPECIFIED.,.F.,.F.,
(4,2,2,2,2,2,4),
(0.,0.158676513925184,0.320565286786023,0.485645847650847,0.653913040001441,0.825364775390512,
1.),
.UNSPECIFIED.);
#710=VECTOR('',#711,10.);
#711=DIRECTION('',(-9.86076131526265E-33,1.,6.12323399573677E-17));
#712=FACE_BOUND('',#713,.T.);
#713=EDGE_LOOP('',(#2919,#2920,#2921,#2922));
#714=CYLINDRICAL_SURFACE('',#715,16.);
#715=AXIS2_PLACEMENT_3D('',#716,#717,#718);
#716=CARTESIAN_POINT('',(0.,0.,0.));
#717=DIRECTION('',(0.,1.,6.12323399573677E-17));
#718=DIRECTION('',(0.,6.12323399573677E-17,-1.));
#719=FACE_BOUND('',#720,.T.);
#720=EDGE_LOOP('',(#2923,#2924,#2925,#2926));
#721=SURFACE_OF_LINEAR_EXTRUSION('',#722,#723);
#722=B_SPLINE_CURVE_WITH_KNOTS('',3,
(#2927,#2928,#2929,#2930,#2931,#2932,#2933,#2934,#2935,#2936,#2937,#2938,#2939,#2940),
.UNSPECIFIED.,.F.,.F.,
(4,2,2,2,2,2,4),
(0.,0.17463522460949,0.346086959998562,0.514354152349157,0.679434713213982,0.841323486074822,
1.),
.UNSPECIFIED.);
#723=VECTOR('',#724,10.);
#724=DIRECTION('',(0.,1.,6.12323399573677E-17));
#725=FACE_BOUND('',#726,.T.);
#726=EDGE_LOOP('',(#2941,#2942,#2943,#2944));
#727=SURFACE_OF_LINEAR_EXTRUSION('',#728,#729);
#728=B_SPLINE_CURVE_WITH_KNOTS('',3,
(#2945,#2946,#2947,#2948,#2949,#2950,#2951,#2952,#2953,#2954,#2955,#2956,#2957,#2958),
.UNSPECIFIED.,.F.,.F.,
(4,2,2,2,2,2,4),
(0.,0.309615072314032,0.487508096599859,0.629554123255857,0.757851252196431,0.880120072523008,
1.),
.UNSPECIFIED.);
#729=VECTOR('',#730,10.);
#730=DIRECTION('',(0.,1.,6.12323399573677E-17));
#731=FACE_BOUND('',#732,.T.);
#732=EDGE_LOOP('',(#2959,#2960,#2961,#2962));
#733=CYLINDRICAL_SURFACE('',#734,13.75);
#734=AXIS2_PLACEMENT_3D('',#735,#736,#737);
#735=CARTESIAN_POINT('',(0.,0.,0.));
#736=DIRECTION('',(0.,-1.,-6.12323399573677E-17));
#737=DIRECTION('',(-0.410652393739978,5.58311563797365E-17,-0.911791978203157));
#738=FACE_BOUND('',#739,.T.);
#739=EDGE_LOOP('',(#2963,#2964,#2965,#2966));
#740=SURFACE_OF_LINEAR_EXTRUSION('',#741,#742);
#741=B_SPLINE_CURVE_WITH_KNOTS('',3,
(#2967,#2968,#2969,#2970,#2971,#2972,#2973,#2974,#2975,#2976,#2977,#2978,#2979,#2980),
.UNSPECIFIED.,.F.,.F.,
(4,2,2,2,2,2,4),
(0.,0.119879927476995,0.242148747803577,0.370445876744151,0.512491903400153,0.69038492768598,
1.),
.UNSPECIFIED.);
#742=VECTOR('',#743,10.);
#743=DIRECTION('',(0.,1.,6.12323399573677E-17));
#744=FACE_BOUND('',#745,.T.);
#745=EDGE_LOOP('',(#2981,#2982,#2983,#2984));
#746=SURFACE_OF_LINEAR_EXTRUSION('',#747,#748);
#747=B_SPLINE_CURVE_WITH_KNOTS('',3,
(#2985,#2986,#2987,#2988,#2989,#2990,#2991,#2992,#2993,#2994,#2995,#2996,#2997,#2998),
.UNSPECIFIED.,.F.,.F.,
(4,2,2,2,2,2,4),
(0.,0.158676513925184,0.320565286786023,0.485645847650847,0.653913040001441,0.825364775390512,
1.),
.UNSPECIFIED.);
#748=VECTOR('',#749,10.);
#749=DIRECTION('',(0.,1.,6.12323399573677E-17));
#750=FACE_BOUND('',#751,.T.);
#751=EDGE_LOOP('',(#2999,#3000,#3001,#3002));
#752=CYLINDRICAL_SURFACE('',#753,16.);
#753=AXIS2_PLACEMENT_3D('',#754,#755,#756);
#754=CARTESIAN_POINT('',(0.,0.,0.));
#755=DIRECTION('',(0.,1.,6.12323399573677E-17));
#756=DIRECTION('',(0.,6.12323399573677E-17,-1.));
#757=FACE_BOUND('',#758,.T.);
#758=EDGE_LOOP('',(#3003,#3004,#3005,#3006));
#759=SURFACE_OF_LINEAR_EXTRUSION('',#760,#761);
#760=B_SPLINE_CURVE_WITH_KNOTS('',3,
(#3007,#3008,#3009,#3010,#3011,#3012,#3013,#3014,#3015,#3016,#3017,#3018,#3019,#3020),
.UNSPECIFIED.,.F.,.F.,
(4,2,2,2,2,2,4),
(0.,0.17463522460949,0.346086959998562,0.514354152349157,0.679434713213982,0.841323486074822,
1.),
.UNSPECIFIED.);
#761=VECTOR('',#762,10.);
#762=DIRECTION('',(-9.86076131526265E-33,1.,6.12323399573677E-17));
#763=FACE_BOUND('',#764,.T.);
#764=EDGE_LOOP('',(#3021,#3022,#3023,#3024));
#765=SURFACE_OF_LINEAR_EXTRUSION('',#766,#767);
#766=B_SPLINE_CURVE_WITH_KNOTS('',3,
(#3025,#3026,#3027,#3028,#3029,#3030,#3031,#3032,#3033,#3034,#3035,#3036,#3037,#3038),
.UNSPECIFIED.,.F.,.F.,
(4,2,2,2,2,2,4),
(0.,0.309615072314032,0.487508096599859,0.629554123255857,0.757851252196431,0.880120072523008,
1.),
.UNSPECIFIED.);
#767=VECTOR('',#768,10.);
#768=DIRECTION('',(-9.86076131526265E-33,1.,6.12323399573677E-17));
#769=FACE_BOUND('',#770,.T.);
#770=EDGE_LOOP('',(#3039,#3040,#3041,#3042));
#771=CYLINDRICAL_SURFACE('',#772,13.75);
#772=AXIS2_PLACEMENT_3D('',#773,#774,#775);
#773=CARTESIAN_POINT('',(0.,0.,0.));
#774=DIRECTION('',(0.,-1.,-6.12323399573677E-17));
#775=DIRECTION('',(-0.212106441810066,5.98390941577486E-17,-0.977246569368587));
#776=FACE_BOUND('',#777,.T.);
#777=EDGE_LOOP('',(#3043,#3044,#3045,#3046));
#778=SURFACE_OF_LINEAR_EXTRUSION('',#779,#780);
#779=B_SPLINE_CURVE_WITH_KNOTS('',3,
(#3047,#3048,#3049,#3050,#3051,#3052,#3053,#3054,#3055,#3056,#3057,#3058,#3059,#3060),
.UNSPECIFIED.,.F.,.F.,
(4,2,2,2,2,2,4),
(0.,0.119879927476995,0.242148747803577,0.370445876744151,0.512491903400153,0.69038492768598,
1.),
.UNSPECIFIED.);
#780=VECTOR('',#781,10.);
#781=DIRECTION('',(-9.86076131526265E-33,1.,6.12323399573677E-17));
#782=FACE_BOUND('',#783,.T.);
#783=EDGE_LOOP('',(#3061,#3062,#3063,#3064));
#784=SURFACE_OF_LINEAR_EXTRUSION('',#785,#786);
#785=B_SPLINE_CURVE_WITH_KNOTS('',3,
(#3065,#3066,#3067,#3068,#3069,#3070,#3071,#3072,#3073,#3074,#3075,#3076,#3077,#3078),
.UNSPECIFIED.,.F.,.F.,
(4,2,2,2,2,2,4),
(0.,0.158676513925184,0.320565286786023,0.485645847650847,0.653913040001441,0.825364775390512,
1.),
.UNSPECIFIED.);
#786=VECTOR('',#787,10.);
#787=DIRECTION('',(-9.86076131526265E-33,1.,6.12323399573677E-17));
#788=FACE_BOUND('',#789,.T.);
#789=EDGE_LOOP('',(#3079,#3080,#3081,#3082));
#790=CYLINDRICAL_SURFACE('',#791,16.);
#791=AXIS2_PLACEMENT_3D('',#792,#793,#794);
#792=CARTESIAN_POINT('',(0.,0.,0.));
#793=DIRECTION('',(0.,1.,6.12323399573677E-17));
#794=DIRECTION('',(0.,6.12323399573677E-17,-1.));
#795=FACE_BOUND('',#796,.T.);
#796=EDGE_LOOP('',(#3083,#3084,#3085,#3086));
#797=SURFACE_OF_LINEAR_EXTRUSION('',#798,#799);
#798=B_SPLINE_CURVE_WITH_KNOTS('',3,
(#3087,#3088,#3089,#3090,#3091,#3092,#3093,#3094,#3095,#3096,#3097,#3098,#3099,#3100),
.UNSPECIFIED.,.F.,.F.,
(4,2,2,2,2,2,4),
(0.,0.17463522460949,0.346086959998562,0.514354152349157,0.679434713213982,0.841323486074822,
1.),
.UNSPECIFIED.);
#799=VECTOR('',#800,10.);
#800=DIRECTION('',(-9.86076131526265E-33,1.,6.12323399573677E-17));
#801=FACE_BOUND('',#802,.T.);
#802=EDGE_LOOP('',(#3101,#3102,#3103,#3104));
#803=SURFACE_OF_LINEAR_EXTRUSION('',#804,#805);
#804=B_SPLINE_CURVE_WITH_KNOTS('',3,
(#3105,#3106,#3107,#3108,#3109,#3110,#3111,#3112,#3113,#3114,#3115,#3116,#3117,#3118),
.UNSPECIFIED.,.F.,.F.,
(4,2,2,2,2,2,4),
(0.,0.309615072314032,0.487508096599859,0.629554123255857,0.757851252196431,0.880120072523008,
1.),
.UNSPECIFIED.);
#805=VECTOR('',#806,10.);
#806=DIRECTION('',(-9.86076131526265E-33,1.,6.12323399573677E-17));
#807=FACE_BOUND('',#808,.T.);
#808=EDGE_LOOP('',(#3119,#3120,#3121,#3122));
#809=CYLINDRICAL_SURFACE('',#810,13.75);
#810=AXIS2_PLACEMENT_3D('',#811,#812,#813);
#811=CARTESIAN_POINT('',(0.,0.,0.));
#812=DIRECTION('',(0.,-1.,-6.12323399573677E-17));
#813=DIRECTION('',(-0.00429042057342249,6.12317763812357E-17,-0.999990796103296));
#814=FACE_BOUND('',#815,.T.);
#815=EDGE_LOOP('',(#3123,#3124,#3125,#3126));
#816=SURFACE_OF_LINEAR_EXTRUSION('',#817,#818);
#817=B_SPLINE_CURVE_WITH_KNOTS('',3,
(#3127,#3128,#3129,#3130,#3131,#3132,#3133,#3134,#3135,#3136,#3137,#3138,#3139,#3140),
.UNSPECIFIED.,.F.,.F.,
(4,2,2,2,2,2,4),
(0.,0.119879927476995,0.242148747803577,0.370445876744151,0.512491903400153,0.69038492768598,
1.),
.UNSPECIFIED.);
#818=VECTOR('',#819,10.);
#819=DIRECTION('',(-9.86076131526265E-33,1.,6.12323399573677E-17));
#820=FACE_BOUND('',#821,.T.);
#821=EDGE_LOOP('',(#3141,#3142,#3143,#3144));
#822=SURFACE_OF_LINEAR_EXTRUSION('',#823,#824);
#823=B_SPLINE_CURVE_WITH_KNOTS('',3,
(#3145,#3146,#3147,#3148,#3149,#3150,#3151,#3152,#3153,#3154,#3155,#3156,#3157,#3158),
.UNSPECIFIED.,.F.,.F.,
(4,2,2,2,2,2,4),
(0.,0.158676513925184,0.320565286786023,0.485645847650847,0.653913040001441,0.825364775390512,
1.),
.UNSPECIFIED.);
#824=VECTOR('',#825,10.);
#825=DIRECTION('',(-9.86076131526265E-33,1.,6.12323399573677E-17));
#826=FACE_BOUND('',#827,.T.);
#827=EDGE_LOOP('',(#3159,#3160,#3161,#3162));
#828=CYLINDRICAL_SURFACE('',#829,16.);
#829=AXIS2_PLACEMENT_3D('',#830,#831,#832);
#830=CARTESIAN_POINT('',(0.,0.,0.));
#831=DIRECTION('',(0.,1.,6.12323399573677E-17));
#832=DIRECTION('',(0.,6.12323399573677E-17,-1.));
#833=FACE_BOUND('',#834,.T.);
#834=EDGE_LOOP('',(#3163,#3164,#3165,#3166));
#835=SURFACE_OF_LINEAR_EXTRUSION('',#836,#837);
#836=B_SPLINE_CURVE_WITH_KNOTS('',3,
(#3167,#3168,#3169,#3170,#3171,#3172,#3173,#3174,#3175,#3176,#3177,#3178,#3179,#3180),
.UNSPECIFIED.,.F.,.F.,
(4,2,2,2,2,2,4),
(0.,0.17463522460949,0.346086959998562,0.514354152349157,0.679434713213982,0.841323486074822,
1.),
.UNSPECIFIED.);
#837=VECTOR('',#838,10.);
#838=DIRECTION('',(0.,1.,6.12323399573677E-17));
#839=FACE_BOUND('',#840,.T.);
#840=EDGE_LOOP('',(#3181,#3182,#3183,#3184));
#841=SURFACE_OF_LINEAR_EXTRUSION('',#842,#843);
#842=B_SPLINE_CURVE_WITH_KNOTS('',3,
(#3185,#3186,#3187,#3188,#3189,#3190,#3191,#3192,#3193,#3194,#3195,#3196,#3197,#3198),
.UNSPECIFIED.,.F.,.F.,
(4,2,2,2,2,2,4),
(0.,0.309615072314032,0.487508096599859,0.629554123255857,0.757851252196431,0.880120072523008,
1.),
.UNSPECIFIED.);
#843=VECTOR('',#844,10.);
#844=DIRECTION('',(0.,1.,6.12323399573677E-17));
#845=FACE_BOUND('',#846,.T.);
#846=EDGE_LOOP('',(#3199,#3200,#3201,#3202));
#847=CYLINDRICAL_SURFACE('',#848,13.75);
#848=AXIS2_PLACEMENT_3D('',#849,#850,#851);
#849=CARTESIAN_POINT('',(0.,0.,0.));
#850=DIRECTION('',(0.,-1.,-6.12323399573677E-17));
#851=DIRECTION('',(0.203713112630001,5.99483361542007E-17,-0.979030626560067));
#852=FACE_BOUND('',#853,.T.);
#853=EDGE_LOOP('',(#3203,#3204,#3205,#3206));
#854=SURFACE_OF_LINEAR_EXTRUSION('',#855,#856);
#855=B_SPLINE_CURVE_WITH_KNOTS('',3,
(#3207,#3208,#3209,#3210,#3211,#3212,#3213,#3214,#3215,#3216,#3217,#3218,#3219,#3220),
.UNSPECIFIED.,.F.,.F.,
(4,2,2,2,2,2,4),
(0.,0.119879927476995,0.242148747803577,0.370445876744151,0.512491903400153,0.69038492768598,
1.),
.UNSPECIFIED.);
#856=VECTOR('',#857,10.);
#857=DIRECTION('',(0.,1.,6.12323399573677E-17));
#858=FACE_BOUND('',#859,.T.);
#859=EDGE_LOOP('',(#3221,#3222,#3223,#3224));
#860=SURFACE_OF_LINEAR_EXTRUSION('',#861,#862);
#861=B_SPLINE_CURVE_WITH_KNOTS('',3,
(#3225,#3226,#3227,#3228,#3229,#3230,#3231,#3232,#3233,#3234,#3235,#3236,#3237,#3238),
.UNSPECIFIED.,.F.,.F.,
(4,2,2,2,2,2,4),
(0.,0.158676513925184,0.320565286786023,0.485645847650847,0.653913040001441,0.825364775390512,
1.),
.UNSPECIFIED.);
#862=VECTOR('',#863,10.);
#863=DIRECTION('',(0.,1.,6.12323399573677E-17));
#864=FACE_BOUND('',#865,.T.);
#865=EDGE_LOOP('',(#3239,#3240,#3241,#3242));
#866=CYLINDRICAL_SURFACE('',#867,16.);
#867=AXIS2_PLACEMENT_3D('',#868,#869,#870);
#868=CARTESIAN_POINT('',(0.,0.,0.));
#869=DIRECTION('',(0.,1.,6.12323399573677E-17));
#870=DIRECTION('',(0.,6.12323399573677E-17,-1.));
#871=FACE_BOUND('',#872,.T.);
#872=EDGE_LOOP('',(#3243,#3244,#3245,#3246));
#873=SURFACE_OF_LINEAR_EXTRUSION('',#874,#875);
#874=B_SPLINE_CURVE_WITH_KNOTS('',3,
(#3247,#3248,#3249,#3250,#3251,#3252,#3253,#3254,#3255,#3256,#3257,#3258,#3259,#3260),
.UNSPECIFIED.,.F.,.F.,
(4,2,2,2,2,2,4),
(0.,0.17463522460949,0.346086959998562,0.514354152349157,0.679434713213982,0.841323486074822,
1.),
.UNSPECIFIED.);
#875=VECTOR('',#876,10.);
#876=DIRECTION('',(-9.86076131526265E-33,1.,6.12323399573677E-17));
#877=FACE_BOUND('',#878,.T.);
#878=EDGE_LOOP('',(#3261,#3262,#3263,#3264));
#879=SURFACE_OF_LINEAR_EXTRUSION('',#880,#881);
#880=B_SPLINE_CURVE_WITH_KNOTS('',3,
(#3265,#3266,#3267,#3268,#3269,#3270,#3271,#3272,#3273,#3274,#3275,#3276,#3277,#3278),
.UNSPECIFIED.,.F.,.F.,
(4,2,2,2,2,2,4),
(0.,0.309615072314032,0.487508096599859,0.629554123255857,0.757851252196431,0.880120072523008,
1.),
.UNSPECIFIED.);
#881=VECTOR('',#882,10.);
#882=DIRECTION('',(-9.86076131526265E-33,1.,6.12323399573677E-17));
#883=FACE_BOUND('',#884,.T.);
#884=EDGE_LOOP('',(#3279,#3280,#3281,#3282));
#885=CYLINDRICAL_SURFACE('',#886,13.75);
#886=AXIS2_PLACEMENT_3D('',#887,#888,#889);
#887=CARTESIAN_POINT('',(0.,0.,0.));
#888=DIRECTION('',(0.,-1.,-6.12323399573677E-17));
#889=DIRECTION('',(0.402813405287525,5.60448659731943E-17,-0.915282120725991));
#890=FACE_BOUND('',#891,.T.);
#891=EDGE_LOOP('',(#3283,#3284,#3285,#3286));
#892=SURFACE_OF_LINEAR_EXTRUSION('',#893,#894);
#893=B_SPLINE_CURVE_WITH_KNOTS('',3,
(#3287,#3288,#3289,#3290,#3291,#3292,#3293,#3294,#3295,#3296,#3297,#3298,#3299,#3300),
.UNSPECIFIED.,.F.,.F.,
(4,2,2,2,2,2,4),
(0.,0.119879927476995,0.242148747803577,0.370445876744151,0.512491903400153,0.69038492768598,
1.),
.UNSPECIFIED.);
#894=VECTOR('',#895,10.);
#895=DIRECTION('',(-9.86076131526265E-33,1.,6.12323399573677E-17));
#896=FACE_BOUND('',#897,.T.);
#897=EDGE_LOOP('',(#3301,#3302,#3303,#3304));
#898=SURFACE_OF_LINEAR_EXTRUSION('',#899,#900);
#899=B_SPLINE_CURVE_WITH_KNOTS('',3,
(#3305,#3306,#3307,#3308,#3309,#3310,#3311,#3312,#3313,#3314,#3315,#3316,#3317,#3318),
.UNSPECIFIED.,.F.,.F.,
(4,2,2,2,2,2,4),
(0.,0.158676513925184,0.320565286786023,0.485645847650847,0.653913040001441,0.825364775390512,
1.),
.UNSPECIFIED.);
#900=VECTOR('',#901,10.);
#901=DIRECTION('',(-9.86076131526265E-33,1.,6.12323399573677E-17));
#902=FACE_BOUND('',#903,.T.);
#903=EDGE_LOOP('',(#3319,#3320,#3321,#3322));
#904=CYLINDRICAL_SURFACE('',#905,16.);
#905=AXIS2_PLACEMENT_3D('',#906,#907,#908);
#906=CARTESIAN_POINT('',(0.,0.,0.));
#907=DIRECTION('',(0.,1.,6.12323399573677E-17));
#908=DIRECTION('',(0.,6.12323399573677E-17,-1.));
#909=FACE_BOUND('',#910,.T.);
#910=EDGE_LOOP('',(#3323,#3324,#3325,#3326));
#911=SURFACE_OF_LINEAR_EXTRUSION('',#912,#913);
#912=B_SPLINE_CURVE_WITH_KNOTS('',3,
(#3327,#3328,#3329,#3330,#3331,#3332,#3333,#3334,#3335,#3336,#3337,#3338,#3339,#3340),
.UNSPECIFIED.,.F.,.F.,
(4,2,2,2,2,2,4),
(0.,0.17463522460949,0.346086959998562,0.514354152349157,0.679434713213982,0.841323486074822,
1.),
.UNSPECIFIED.);
#913=VECTOR('',#914,10.);
#914=DIRECTION('',(0.,1.,6.12323399573677E-17));
#915=FACE_BOUND('',#916,.T.);
#916=EDGE_LOOP('',(#3341,#3342,#3343,#3344));
#917=SURFACE_OF_LINEAR_EXTRUSION('',#918,#919);
#918=B_SPLINE_CURVE_WITH_KNOTS('',3,
(#3345,#3346,#3347,#3348,#3349,#3350,#3351,#3352,#3353,#3354,#3355,#3356,#3357,#3358),
.UNSPECIFIED.,.F.,.F.,
(4,2,2,2,2,2,4),
(0.,0.309615072314032,0.487508096599859,0.629554123255857,0.757851252196431,0.880120072523008,
1.),
.UNSPECIFIED.);
#919=VECTOR('',#920,10.);
#920=DIRECTION('',(0.,1.,6.12323399573677E-17));
#921=FACE_BOUND('',#922,.T.);
#922=EDGE_LOOP('',(#3359,#3360,#3361,#3362));
#923=CYLINDRICAL_SURFACE('',#924,13.75);
#924=AXIS2_PLACEMENT_3D('',#925,#926,#927);
#925=CARTESIAN_POINT('',(0.,0.,0.));
#926=DIRECTION('',(0.,-1.,-6.12323399573677E-17));
#927=DIRECTION('',(0.584308819220812,4.96919662160548E-17,-0.811531394205289));
#928=FACE_BOUND('',#929,.T.);
#929=EDGE_LOOP('',(#3363,#3364,#3365,#3366));
#930=SURFACE_OF_LINEAR_EXTRUSION('',#931,#932);
#931=B_SPLINE_CURVE_WITH_KNOTS('',3,
(#3367,#3368,#3369,#3370,#3371,#3372,#3373,#3374,#3375,#3376,#3377,#3378,#3379,#3380),
.UNSPECIFIED.,.F.,.F.,
(4,2,2,2,2,2,4),
(0.,0.119879927476995,0.242148747803577,0.370445876744151,0.512491903400153,0.69038492768598,
1.),
.UNSPECIFIED.);
#932=VECTOR('',#933,10.);
#933=DIRECTION('',(0.,1.,6.12323399573677E-17));
#934=FACE_BOUND('',#935,.T.);
#935=EDGE_LOOP('',(#3381,#3382,#3383,#3384));
#936=SURFACE_OF_LINEAR_EXTRUSION('',#937,#938);
#937=B_SPLINE_CURVE_WITH_KNOTS('',3,
(#3385,#3386,#3387,#3388,#3389,#3390,#3391,#3392,#3393,#3394,#3395,#3396,#3397,#3398),
.UNSPECIFIED.,.F.,.F.,
(4,2,2,2,2,2,4),
(0.,0.158676513925184,0.320565286786023,0.485645847650847,0.653913040001441,0.825364775390512,
1.),
.UNSPECIFIED.);
#938=VECTOR('',#939,10.);
#939=DIRECTION('',(0.,1.,6.12323399573677E-17));
#940=FACE_BOUND('',#941,.T.);
#941=EDGE_LOOP('',(#3399,#3400,#3401,#3402));
#942=CYLINDRICAL_SURFACE('',#943,16.);
#943=AXIS2_PLACEMENT_3D('',#944,#945,#946);
#944=CARTESIAN_POINT('',(0.,0.,0.));
#945=DIRECTION('',(0.,1.,6.12323399573677E-17));
#946=DIRECTION('',(0.,6.12323399573677E-17,-1.));
#947=FACE_BOUND('',#948,.T.);
#948=EDGE_LOOP('',(#3403,#3404,#3405,#3406));
#949=SURFACE_OF_LINEAR_EXTRUSION('',#950,#951);
#950=B_SPLINE_CURVE_WITH_KNOTS('',3,
(#3407,#3408,#3409,#3410,#3411,#3412,#3413,#3414,#3415,#3416,#3417,#3418,#3419,#3420),
.UNSPECIFIED.,.F.,.F.,
(4,2,2,2,2,2,4),
(0.,0.17463522460949,0.346086959998562,0.514354152349157,0.679434713213982,0.841323486074822,
1.),
.UNSPECIFIED.);
#951=VECTOR('',#952,10.);
#952=DIRECTION('',(-4.93038065763132E-33,1.,6.12323399573677E-17));
#953=FACE_BOUND('',#954,.T.);
#954=EDGE_LOOP('',(#3421,#3422,#3423,#3424));
#955=SURFACE_OF_LINEAR_EXTRUSION('',#956,#957);
#956=B_SPLINE_CURVE_WITH_KNOTS('',3,
(#3425,#3426,#3427,#3428,#3429,#3430,#3431,#3432,#3433,#3434,#3435,#3436,#3437,#3438),
.UNSPECIFIED.,.F.,.F.,
(4,2,2,2,2,2,4),
(0.,0.309615072314032,0.487508096599859,0.629554123255857,0.757851252196431,0.880120072523008,
1.),
.UNSPECIFIED.);
#957=VECTOR('',#958,10.);
#958=DIRECTION('',(-4.93038065763132E-33,1.,6.12323399573677E-17));
#959=FACE_BOUND('',#960,.T.);
#960=EDGE_LOOP('',(#3439,#3440,#3441,#3442));
#961=CYLINDRICAL_SURFACE('',#962,13.75);
#962=AXIS2_PLACEMENT_3D('',#963,#964,#965);
#963=CARTESIAN_POINT('',(0.,0.,0.));
#964=DIRECTION('',(0.,-1.,-6.12323399573677E-17));
#965=DIRECTION('',(0.740267133929356,4.11672890867644E-17,-0.672312851598137));
#966=FACE_BOUND('',#967,.T.);
#967=EDGE_LOOP('',(#3443,#3444,#3445,#3446));
#968=SURFACE_OF_LINEAR_EXTRUSION('',#969,#970);
#969=B_SPLINE_CURVE_WITH_KNOTS('',3,
(#3447,#3448,#3449,#3450,#3451,#3452,#3453,#3454,#3455,#3456,#3457,#3458,#3459,#3460),
.UNSPECIFIED.,.F.,.F.,
(4,2,2,2,2,2,4),
(0.,0.119879927476995,0.242148747803577,0.370445876744151,0.512491903400153,0.69038492768598,
1.),
.UNSPECIFIED.);
#970=VECTOR('',#971,10.);
#971=DIRECTION('',(-4.93038065763132E-33,1.,6.12323399573677E-17));
#972=FACE_BOUND('',#973,.T.);
#973=EDGE_LOOP('',(#3461,#3462,#3463,#3464));
#974=SURFACE_OF_LINEAR_EXTRUSION('',#975,#976);
#975=B_SPLINE_CURVE_WITH_KNOTS('',3,
(#3465,#3466,#3467,#3468,#3469,#3470,#3471,#3472,#3473,#3474,#3475,#3476,#3477,#3478),
.UNSPECIFIED.,.F.,.F.,
(4,2,2,2,2,2,4),
(0.,0.158676513925184,0.320565286786023,0.485645847650847,0.653913040001441,0.825364775390512,
1.),
.UNSPECIFIED.);
#976=VECTOR('',#977,10.);
#977=DIRECTION('',(-4.93038065763132E-33,1.,6.12323399573677E-17));
#978=FACE_BOUND('',#979,.T.);
#979=EDGE_LOOP('',(#3479,#3480,#3481,#3482));
#980=CYLINDRICAL_SURFACE('',#981,16.);
#981=AXIS2_PLACEMENT_3D('',#982,#983,#984);
#982=CARTESIAN_POINT('',(0.,0.,0.));
#983=DIRECTION('',(0.,1.,6.12323399573677E-17));
#984=DIRECTION('',(0.,6.12323399573677E-17,-1.));
#985=FACE_BOUND('',#986,.T.);
#986=EDGE_LOOP('',(#3483,#3484,#3485,#3486));
#987=SURFACE_OF_LINEAR_EXTRUSION('',#988,#989);
#988=B_SPLINE_CURVE_WITH_KNOTS('',3,
(#3487,#3488,#3489,#3490,#3491,#3492,#3493,#3494,#3495,#3496,#3497,#3498,#3499,#3500),
.UNSPECIFIED.,.F.,.F.,
(4,2,2,2,2,2,4),
(0.,0.17463522460949,0.346086959998562,0.514354152349157,0.679434713213982,0.841323486074822,
1.),
.UNSPECIFIED.);
#989=VECTOR('',#990,10.);
#990=DIRECTION('',(4.93038065763132E-33,1.,6.12323399573677E-17));
#991=FACE_BOUND('',#992,.T.);
#992=EDGE_LOOP('',(#3501,#3502,#3503,#3504));
#993=SURFACE_OF_LINEAR_EXTRUSION('',#994,#995);
#994=B_SPLINE_CURVE_WITH_KNOTS('',3,
(#3505,#3506,#3507,#3508,#3509,#3510,#3511,#3512,#3513,#3514,#3515,#3516,#3517,#3518),
.UNSPECIFIED.,.F.,.F.,
(4,2,2,2,2,2,4),
(0.,0.309615072314032,0.487508096599859,0.629554123255857,0.757851252196431,0.880120072523008,
1.),
.UNSPECIFIED.);
#995=VECTOR('',#996,10.);
#996=DIRECTION('',(4.93038065763132E-33,1.,6.12323399573677E-17));
#997=FACE_BOUND('',#998,.T.);
#998=EDGE_LOOP('',(#3519,#3520,#3521,#3522));
#999=CYLINDRICAL_SURFACE('',#1000,13.75);
#1000=AXIS2_PLACEMENT_3D('',#1001,#1002,#1003);
#1001=CARTESIAN_POINT('',(0.,0.,0.));
#1002=DIRECTION('',(0.,-1.,-6.12323399573677E-17));
#1003=DIRECTION('',(0.863872222689368,3.08434038818123E-17,-0.503711011261151));
#1004=FACE_BOUND('',#1005,.T.);
#1005=EDGE_LOOP('',(#3523,#3524,#3525,#3526));
#1006=SURFACE_OF_LINEAR_EXTRUSION('',#1007,#1008);
#1007=B_SPLINE_CURVE_WITH_KNOTS('',3,
(#3527,#3528,#3529,#3530,#3531,#3532,#3533,#3534,#3535,#3536,#3537,#3538,#3539,#3540),
.UNSPECIFIED.,.F.,.F.,
(4,2,2,2,2,2,4),
(0.,0.119879927476995,0.242148747803577,0.370445876744151,0.512491903400153,0.69038492768598,
1.),
.UNSPECIFIED.);
#1008=VECTOR('',#1009,10.);
#1009=DIRECTION('',(4.93038065763132E-33,1.,6.12323399573677E-17));
#1010=FACE_BOUND('',#1011,.T.);
#1011=EDGE_LOOP('',(#3541,#3542,#3543,#3544));
#1012=SURFACE_OF_LINEAR_EXTRUSION('',#1013,#1014);
#1013=B_SPLINE_CURVE_WITH_KNOTS('',3,
(#3545,#3546,#3547,#3548,#3549,#3550,#3551,#3552,#3553,#3554,#3555,#3556,#3557,#3558),
.UNSPECIFIED.,.F.,.F.,
(4,2,2,2,2,2,4),
(0.,0.158676513925184,0.320565286786023,0.485645847650847,0.653913040001441,0.825364775390512,
1.),
.UNSPECIFIED.);
#1014=VECTOR('',#1015,10.);
#1015=DIRECTION('',(4.93038065763132E-33,1.,6.12323399573677E-17));
#1016=FACE_BOUND('',#1017,.T.);
#1017=EDGE_LOOP('',(#3559,#3560,#3561,#3562));
#1018=CYLINDRICAL_SURFACE('',#1019,16.);
#1019=AXIS2_PLACEMENT_3D('',#1020,#1021,#1022);
#1020=CARTESIAN_POINT('',(0.,0.,0.));
#1021=DIRECTION('',(0.,1.,6.12323399573677E-17));
#1022=DIRECTION('',(0.,6.12323399573677E-17,-1.));
#1023=FACE_BOUND('',#1024,.T.);
#1024=EDGE_LOOP('',(#3563,#3564,#3565,#3566));
#1025=SURFACE_OF_LINEAR_EXTRUSION('',#1026,#1027);
#1026=B_SPLINE_CURVE_WITH_KNOTS('',3,
(#3567,#3568,#3569,#3570,#3571,#3572,#3573,#3574,#3575,#3576,#3577,#3578,#3579,#3580),
.UNSPECIFIED.,.F.,.F.,
(4,2,2,2,2,2,4),
(0.,0.17463522460949,0.346086959998562,0.514354152349157,0.679434713213982,0.841323486074822,
1.),
.UNSPECIFIED.);
#1027=VECTOR('',#1028,10.);
#1028=DIRECTION('',(0.,1.,6.12323399573677E-17));
#1029=FACE_BOUND('',#1030,.T.);
#1030=EDGE_LOOP('',(#3581,#3582,#3583,#3584));
#1031=SURFACE_OF_LINEAR_EXTRUSION('',#1032,#1033);
#1032=B_SPLINE_CURVE_WITH_KNOTS('',3,
(#3585,#3586,#3587,#3588,#3589,#3590,#3591,#3592,#3593,#3594,#3595,#3596,#3597,#3598),
.UNSPECIFIED.,.F.,.F.,
(4,2,2,2,2,2,4),
(0.,0.309615072314032,0.487508096599859,0.629554123255857,0.757851252196431,0.880120072523008,
1.),
.UNSPECIFIED.);
#1033=VECTOR('',#1034,10.);
#1034=DIRECTION('',(0.,1.,6.12323399573677E-17));
#1035=FACE_BOUND('',#1036,.T.);
#1036=EDGE_LOOP('',(#3599,#3600,#3601,#3602));
#1037=CYLINDRICAL_SURFACE('',#1038,13.75);
#1038=AXIS2_PLACEMENT_3D('',#1039,#1040,#1041);
#1039=CARTESIAN_POINT('',(0.,0.,0.));
#1040=DIRECTION('',(0.,-1.,-6.12323399573676E-17));
#1041=DIRECTION('',(0.949721949999014,1.91715139241525E-17,-0.313094582658452));
#1042=FACE_BOUND('',#1043,.T.);
#1043=EDGE_LOOP('',(#3603,#3604,#3605,#3606));
#1044=SURFACE_OF_LINEAR_EXTRUSION('',#1045,#1046);
#1045=B_SPLINE_CURVE_WITH_KNOTS('',3,
(#3607,#3608,#3609,#3610,#3611,#3612,#3613,#3614,#3615,#3616,#3617,#3618,#3619,#3620),
.UNSPECIFIED.,.F.,.F.,
(4,2,2,2,2,2,4),
(0.,0.119879927476995,0.242148747803577,0.370445876744151,0.512491903400153,0.69038492768598,
1.),
.UNSPECIFIED.);
#1046=VECTOR('',#1047,10.);
#1047=DIRECTION('',(0.,1.,6.12323399573677E-17));
#1048=FACE_BOUND('',#1049,.T.);
#1049=EDGE_LOOP('',(#3621,#3622,#3623,#3624));
#1050=SURFACE_OF_LINEAR_EXTRUSION('',#1051,#1052);
#1051=B_SPLINE_CURVE_WITH_KNOTS('',3,
(#3625,#3626,#3627,#3628,#3629,#3630,#3631,#3632,#3633,#3634,#3635,#3636,#3637,#3638),
.UNSPECIFIED.,.F.,.F.,
(4,2,2,2,2,2,4),
(0.,0.158676513925184,0.320565286786023,0.485645847650847,0.653913040001441,0.825364775390512,
1.),
.UNSPECIFIED.);
#1052=VECTOR('',#1053,10.);
#1053=DIRECTION('',(0.,1.,6.12323399573677E-17));
#1054=FACE_BOUND('',#1055,.T.);
#1055=EDGE_LOOP('',(#3639,#3640,#3641,#3642));
#1056=CYLINDRICAL_SURFACE('',#1057,16.);
#1057=AXIS2_PLACEMENT_3D('',#1058,#1059,#1060);
#1058=CARTESIAN_POINT('',(0.,0.,0.));
#1059=DIRECTION('',(0.,1.,6.12323399573677E-17));
#1060=DIRECTION('',(0.,6.12323399573677E-17,-1.));
#1061=FACE_BOUND('',#1062,.T.);
#1062=EDGE_LOOP('',(#3643,#3644,#3645,#3646));
#1063=SURFACE_OF_LINEAR_EXTRUSION('',#1064,#1065);
#1064=B_SPLINE_CURVE_WITH_KNOTS('',3,
(#3647,#3648,#3649,#3650,#3651,#3652,#3653,#3654,#3655,#3656,#3657,#3658,#3659,#3660),
.UNSPECIFIED.,.F.,.F.,
(4,2,2,2,2,2,4),
(0.,0.17463522460949,0.346086959998562,0.514354152349157,0.679434713213982,0.841323486074822,
1.),
.UNSPECIFIED.);
#1065=VECTOR('',#1066,10.);
#1066=DIRECTION('',(0.,1.,6.12323399573677E-17));
#1067=FACE_BOUND('',#1068,.T.);
#1068=EDGE_LOOP('',(#3661,#3662,#3663,#3664));
#1069=SURFACE_OF_LINEAR_EXTRUSION('',#1070,#1071);
#1070=B_SPLINE_CURVE_WITH_KNOTS('',3,
(#3665,#3666,#3667,#3668,#3669,#3670,#3671,#3672,#3673,#3674,#3675,#3676,#3677,#3678),
.UNSPECIFIED.,.F.,.F.,
(4,2,2,2,2,2,4),
(0.,0.309615072314032,0.487508096599859,0.629554123255857,0.757851252196431,0.880120072523008,
1.),
.UNSPECIFIED.);
#1071=VECTOR('',#1072,10.);
#1072=DIRECTION('',(0.,1.,6.12323399573677E-17));
#1073=FACE_BOUND('',#1074,.T.);
#1074=EDGE_LOOP('',(#3679,#3680,#3681,#3682));
#1075=CYLINDRICAL_SURFACE('',#1076,13.75);
#1076=AXIS2_PLACEMENT_3D('',#1077,#1078,#1079);
#1077=CARTESIAN_POINT('',(0.,0.,0.));
#1078=DIRECTION('',(0.,-1.,-6.12323399573677E-17));
#1079=DIRECTION('',(0.994064270822166,6.66173681287669E-18,-0.108794418399082));
#1080=FACE_BOUND('',#1081,.T.);
#1081=EDGE_LOOP('',(#3683,#3684,#3685,#3686));
#1082=SURFACE_OF_LINEAR_EXTRUSION('',#1083,#1084);
#1083=B_SPLINE_CURVE_WITH_KNOTS('',3,
(#3687,#3688,#3689,#3690,#3691,#3692,#3693,#3694,#3695,#3696,#3697,#3698,#3699,#3700),
.UNSPECIFIED.,.F.,.F.,
(4,2,2,2,2,2,4),
(0.,0.119879927476995,0.242148747803577,0.370445876744151,0.512491903400153,0.69038492768598,
1.),
.UNSPECIFIED.);
#1084=VECTOR('',#1085,10.);
#1085=DIRECTION('',(0.,1.,6.12323399573677E-17));
#1086=FACE_BOUND('',#1087,.T.);
#1087=EDGE_LOOP('',(#3701,#3702,#3703,#3704));
#1088=SURFACE_OF_LINEAR_EXTRUSION('',#1089,#1090);
#1089=B_SPLINE_CURVE_WITH_KNOTS('',3,
(#3705,#3706,#3707,#3708,#3709,#3710,#3711,#3712,#3713,#3714,#3715,#3716,#3717,#3718),
.UNSPECIFIED.,.F.,.F.,
(4,2,2,2,2,2,4),
(0.,0.158676513925184,0.320565286786023,0.485645847650847,0.653913040001441,0.825364775390512,
1.),
.UNSPECIFIED.);
#1090=VECTOR('',#1091,10.);
#1091=DIRECTION('',(0.,1.,6.12323399573677E-17));
#1092=FACE_BOUND('',#1093,.T.);
#1093=EDGE_LOOP('',(#3719,#3720,#3721,#3722));
#1094=CYLINDRICAL_SURFACE('',#1095,16.);
#1095=AXIS2_PLACEMENT_3D('',#1096,#1097,#1098);
#1096=CARTESIAN_POINT('',(0.,0.,0.));
#1097=DIRECTION('',(0.,1.,6.12323399573677E-17));
#1098=DIRECTION('',(0.,6.12323399573677E-17,-1.));
#1099=FACE_BOUND('',#1100,.T.);
#1100=EDGE_LOOP('',(#3723,#3724,#3725,#3726));
#1101=SURFACE_OF_LINEAR_EXTRUSION('',#1102,#1103);
#1102=B_SPLINE_CURVE_WITH_KNOTS('',3,
(#3727,#3728,#3729,#3730,#3731,#3732,#3733,#3734,#3735,#3736,#3737,#3738,#3739,#3740),
.UNSPECIFIED.,.F.,.F.,
(4,2,2,2,2,2,4),
(0.,0.17463522460949,0.346086959998562,0.514354152349157,0.679434713213982,0.841323486074822,
1.),
.UNSPECIFIED.);
#1103=VECTOR('',#1104,10.);
#1104=DIRECTION('',(0.,1.,6.12323399573677E-17));
#1105=FACE_BOUND('',#1106,.T.);
#1106=EDGE_LOOP('',(#3741,#3742,#3743,#3744));
#1107=SURFACE_OF_LINEAR_EXTRUSION('',#1108,#1109);
#1108=B_SPLINE_CURVE_WITH_KNOTS('',3,
(#3745,#3746,#3747,#3748,#3749,#3750,#3751,#3752,#3753,#3754,#3755,#3756,#3757,#3758),
.UNSPECIFIED.,.F.,.F.,
(4,2,2,2,2,2,4),
(0.,0.309615072314032,0.487508096599859,0.629554123255857,0.757851252196431,0.880120072523008,
1.),
.UNSPECIFIED.);
#1109=VECTOR('',#1110,10.);
#1110=DIRECTION('',(0.,1.,6.12323399573677E-17));
#1111=FACE_BOUND('',#1112,.T.);
#1112=EDGE_LOOP('',(#3759,#3760,#3761,#3762));
#1113=CYLINDRICAL_SURFACE('',#1114,13.75);
#1114=AXIS2_PLACEMENT_3D('',#1115,#1116,#1117);
#1115=CARTESIAN_POINT('',(0.,0.,0.));
#1116=DIRECTION('',(0.,-1.,-6.12323399573676E-17));
#1117=DIRECTION('',(0.99496121296079,-6.13919016368165E-18,0.100260583997868));
#1118=FACE_BOUND('',#1119,.T.);
#1119=EDGE_LOOP('',(#3763,#3764,#3765,#3766));
#1120=SURFACE_OF_LINEAR_EXTRUSION('',#1121,#1122);
#1121=B_SPLINE_CURVE_WITH_KNOTS('',3,
(#3767,#3768,#3769,#3770,#3771,#3772,#3773,#3774,#3775,#3776,#3777,#3778,#3779,#3780),
.UNSPECIFIED.,.F.,.F.,
(4,2,2,2,2,2,4),
(0.,0.119879927476995,0.242148747803577,0.370445876744151,0.512491903400153,0.69038492768598,
1.),
.UNSPECIFIED.);
#1122=VECTOR('',#1123,10.);
#1123=DIRECTION('',(0.,1.,6.12323399573677E-17));
#1124=FACE_BOUND('',#1125,.T.);
#1125=EDGE_LOOP('',(#3781,#3782,#3783,#3784));
#1126=SURFACE_OF_LINEAR_EXTRUSION('',#1127,#1128);
#1127=B_SPLINE_CURVE_WITH_KNOTS('',3,
(#3785,#3786,#3787,#3788,#3789,#3790,#3791,#3792,#3793,#3794,#3795,#3796,#3797,#3798),
.UNSPECIFIED.,.F.,.F.,
(4,2,2,2,2,2,4),
(0.,0.158676513925184,0.320565286786023,0.485645847650847,0.653913040001441,0.825364775390512,
1.),
.UNSPECIFIED.);
#1128=VECTOR('',#1129,10.);
#1129=DIRECTION('',(0.,1.,6.12323399573677E-17));
#1130=FACE_BOUND('',#1131,.T.);
#1131=EDGE_LOOP('',(#3799,#3800,#3801,#3802));
#1132=CYLINDRICAL_SURFACE('',#1133,16.);
#1133=AXIS2_PLACEMENT_3D('',#1134,#1135,#1136);
#1134=CARTESIAN_POINT('',(0.,0.,0.));
#1135=DIRECTION('',(0.,1.,6.12323399573677E-17));
#1136=DIRECTION('',(0.,6.12323399573677E-17,-1.));
#1137=FACE_BOUND('',#1138,.T.);
#1138=EDGE_LOOP('',(#3803,#3804,#3805,#3806));
#1139=SURFACE_OF_LINEAR_EXTRUSION('',#1140,#1141);
#1140=B_SPLINE_CURVE_WITH_KNOTS('',3,
(#3807,#3808,#3809,#3810,#3811,#3812,#3813,#3814,#3815,#3816,#3817,#3818,#3819,#3820),
.UNSPECIFIED.,.F.,.F.,
(4,2,2,2,2,2,4),
(0.,0.17463522460949,0.346086959998562,0.514354152349157,0.679434713213982,0.841323486074822,
1.),
.UNSPECIFIED.);
#1141=VECTOR('',#1142,10.);
#1142=DIRECTION('',(-4.93038065763132E-33,1.,6.12323399573677E-17));
#1143=FACE_BOUND('',#1144,.T.);
#1144=EDGE_LOOP('',(#3821,#3822,#3823,#3824));
#1145=SURFACE_OF_LINEAR_EXTRUSION('',#1146,#1147);
#1146=B_SPLINE_CURVE_WITH_KNOTS('',3,
(#3825,#3826,#3827,#3828,#3829,#3830,#3831,#3832,#3833,#3834,#3835,#3836,#3837,#3838),
.UNSPECIFIED.,.F.,.F.,
(4,2,2,2,2,2,4),
(0.,0.309615072314032,0.487508096599859,0.629554123255857,0.757851252196431,0.880120072523008,
1.),
.UNSPECIFIED.);
#1147=VECTOR('',#1148,10.);
#1148=DIRECTION('',(-4.93038065763132E-33,1.,6.12323399573677E-17));
#1149=FACE_BOUND('',#1150,.T.);
#1150=EDGE_LOOP('',(#3839,#3840,#3841,#3842));
#1151=CYLINDRICAL_SURFACE('',#1152,13.75);
#1152=AXIS2_PLACEMENT_3D('',#1153,#1154,#1155);
#1153=CARTESIAN_POINT('',(0.,0.,0.));
#1154=DIRECTION('',(0.,-1.,-6.12323399573677E-17));
#1155=DIRECTION('',(0.952373575739421,-1.86718050709843E-17,0.304933717770451));
#1156=FACE_BOUND('',#1157,.T.);
#1157=EDGE_LOOP('',(#3843,#3844,#3845,#3846));
#1158=SURFACE_OF_LINEAR_EXTRUSION('',#1159,#1160);
#1159=B_SPLINE_CURVE_WITH_KNOTS('',3,
(#3847,#3848,#3849,#3850,#3851,#3852,#3853,#3854,#3855,#3856,#3857,#3858,#3859,#3860),
.UNSPECIFIED.,.F.,.F.,
(4,2,2,2,2,2,4),
(0.,0.119879927476995,0.242148747803577,0.370445876744151,0.512491903400153,0.69038492768598,
1.),
.UNSPECIFIED.);
#1160=VECTOR('',#1161,10.);
#1161=DIRECTION('',(-4.93038065763132E-33,1.,6.12323399573677E-17));
#1162=FACE_BOUND('',#1163,.T.);
#1163=EDGE_LOOP('',(#3861,#3862,#3863,#3864));
#1164=SURFACE_OF_LINEAR_EXTRUSION('',#1165,#1166);
#1165=B_SPLINE_CURVE_WITH_KNOTS('',3,
(#3865,#3866,#3867,#3868,#3869,#3870,#3871,#3872,#3873,#3874,#3875,#3876,#3877,#3878),
.UNSPECIFIED.,.F.,.F.,
(4,2,2,2,2,2,4),
(0.,0.158676513925184,0.320565286786023,0.485645847650847,0.653913040001441,0.825364775390512,
1.),
.UNSPECIFIED.);
#1166=VECTOR('',#1167,10.);
#1167=DIRECTION('',(-4.93038065763132E-33,1.,6.12323399573677E-17));
#1168=FACE_BOUND('',#1169,.T.);
#1169=EDGE_LOOP('',(#3879,#3880,#3881,#3882));
#1170=CYLINDRICAL_SURFACE('',#1171,16.);
#1171=AXIS2_PLACEMENT_3D('',#1172,#1173,#1174);
#1172=CARTESIAN_POINT('',(0.,0.,0.));
#1173=DIRECTION('',(0.,1.,6.12323399573677E-17));
#1174=DIRECTION('',(0.,6.12323399573677E-17,-1.));
#1175=FACE_BOUND('',#1176,.T.);
#1176=EDGE_LOOP('',(#3883,#3884,#3885,#3886));
#1177=SURFACE_OF_LINEAR_EXTRUSION('',#1178,#1179);
#1178=B_SPLINE_CURVE_WITH_KNOTS('',3,
(#3887,#3888,#3889,#3890,#3891,#3892,#3893,#3894,#3895,#3896,#3897,#3898,#3899,#3900),
.UNSPECIFIED.,.F.,.F.,
(4,2,2,2,2,2,4),
(0.,0.17463522460949,0.346086959998562,0.514354152349157,0.679434713213982,0.841323486074822,
1.),
.UNSPECIFIED.);
#1179=VECTOR('',#1180,10.);
#1180=DIRECTION('',(4.93038065763132E-33,1.,6.12323399573677E-17));
#1181=FACE_BOUND('',#1182,.T.);
#1182=EDGE_LOOP('',(#3901,#3902,#3903,#3904));
#1183=SURFACE_OF_LINEAR_EXTRUSION('',#1184,#1185);
#1184=B_SPLINE_CURVE_WITH_KNOTS('',3,
(#3905,#3906,#3907,#3908,#3909,#3910,#3911,#3912,#3913,#3914,#3915,#3916,#3917,#3918),
.UNSPECIFIED.,.F.,.F.,
(4,2,2,2,2,2,4),
(0.,0.309615072314032,0.487508096599859,0.629554123255857,0.757851252196431,0.880120072523008,
1.),
.UNSPECIFIED.);
#1185=VECTOR('',#1186,10.);
#1186=DIRECTION('',(4.93038065763132E-33,1.,6.12323399573677E-17));
#1187=FACE_BOUND('',#1188,.T.);
#1188=EDGE_LOOP('',(#3919,#3920,#3921,#3922));
#1189=CYLINDRICAL_SURFACE('',#1190,13.75);
#1190=AXIS2_PLACEMENT_3D('',#1191,#1192,#1193);
#1191=CARTESIAN_POINT('',(0.,0.,0.));
#1192=DIRECTION('',(0.,-1.,-6.12323399573677E-17));
#1193=DIRECTION('',(0.86816264326279,-3.03883724994235E-17,0.496279784842145));
#1194=FACE_BOUND('',#1195,.T.);
#1195=EDGE_LOOP('',(#3923,#3924,#3925,#3926));
#1196=SURFACE_OF_LINEAR_EXTRUSION('',#1197,#1198);
#1197=B_SPLINE_CURVE_WITH_KNOTS('',3,
(#3927,#3928,#3929,#3930,#3931,#3932,#3933,#3934,#3935,#3936,#3937,#3938,#3939,#3940),
.UNSPECIFIED.,.F.,.F.,
(4,2,2,2,2,2,4),
(0.,0.119879927476995,0.242148747803577,0.370445876744151,0.512491903400153,0.69038492768598,
1.),
.UNSPECIFIED.);
#1198=VECTOR('',#1199,10.);
#1199=DIRECTION('',(4.93038065763132E-33,1.,6.12323399573677E-17));
#1200=FACE_BOUND('',#1201,.T.);
#1201=EDGE_LOOP('',(#3941,#3942,#3943,#3944));
#1202=SURFACE_OF_LINEAR_EXTRUSION('',#1203,#1204);
#1203=B_SPLINE_CURVE_WITH_KNOTS('',3,
(#3945,#3946,#3947,#3948,#3949,#3950,#3951,#3952,#3953,#3954,#3955,#3956,#3957,#3958),
.UNSPECIFIED.,.F.,.F.,
(4,2,2,2,2,2,4),
(0.,0.158676513925184,0.320565286786023,0.485645847650847,0.653913040001441,0.825364775390512,
1.),
.UNSPECIFIED.);
#1204=VECTOR('',#1205,10.);
#1205=DIRECTION('',(4.93038065763132E-33,1.,6.12323399573677E-17));
#1206=FACE_BOUND('',#1207,.T.);
#1207=EDGE_LOOP('',(#3959,#3960,#3961,#3962));
#1208=CYLINDRICAL_SURFACE('',#1209,13.75);
#1209=AXIS2_PLACEMENT_3D('',#1210,#1211,#1212);
#1210=CARTESIAN_POINT('',(0.,0.,0.));
#1211=DIRECTION('',(0.,-1.,-6.12323399573677E-17));
#1212=DIRECTION('',(0.591250865534641,-4.93831291603176E-17,0.806487702326909));
#1213=FACE_BOUND('',#1214,.T.);
#1214=EDGE_LOOP('',(#3963,#3964,#3965,#3966));
#1215=SURFACE_OF_LINEAR_EXTRUSION('',#1216,#1217);
#1216=B_SPLINE_CURVE_WITH_KNOTS('',3,
(#3967,#3968,#3969,#3970,#3971,#3972,#3973,#3974,#3975,#3976,#3977,#3978,#3979,#3980),
.UNSPECIFIED.,.F.,.F.,
(4,2,2,2,2,2,4),
(0.,0.119879927476995,0.242148747803577,0.370445876744151,0.512491903400153,0.69038492768598,
1.),
.UNSPECIFIED.);
#1217=VECTOR('',#1218,10.);
#1218=DIRECTION('',(9.86076131526265E-33,1.,6.12323399573677E-17));
#1219=FACE_BOUND('',#1220,.T.);
#1220=EDGE_LOOP('',(#3981,#3982,#3983,#3984));
#1221=SURFACE_OF_LINEAR_EXTRUSION('',#1222,#1223);
#1222=B_SPLINE_CURVE_WITH_KNOTS('',3,
(#3985,#3986,#3987,#3988,#3989,#3990,#3991,#3992,#3993,#3994,#3995,#3996,#3997,#3998),
.UNSPECIFIED.,.F.,.F.,
(4,2,2,2,2,2,4),
(0.,0.158676513925184,0.320565286786023,0.485645847650847,0.653913040001441,0.825364775390512,
1.),
.UNSPECIFIED.);
#1223=VECTOR('',#1224,10.);
#1224=DIRECTION('',(9.86076131526265E-33,1.,6.12323399573677E-17));
#1225=FACE_BOUND('',#1226,.T.);
#1226=EDGE_LOOP('',(#3999,#4000,#4001,#4002));
#1227=CYLINDRICAL_SURFACE('',#1228,16.);
#1228=AXIS2_PLACEMENT_3D('',#1229,#1230,#1231);
#1229=CARTESIAN_POINT('',(0.,0.,0.));
#1230=DIRECTION('',(0.,1.,6.12323399573677E-17));
#1231=DIRECTION('',(0.,6.12323399573677E-17,-1.));
#1232=FACE_BOUND('',#1233,.T.);
#1233=EDGE_LOOP('',(#4003,#4004,#4005,#4006));
#1234=SURFACE_OF_LINEAR_EXTRUSION('',#1235,#1236);
#1235=B_SPLINE_CURVE_WITH_KNOTS('',3,
(#4007,#4008,#4009,#4010,#4011,#4012,#4013,#4014,#4015,#4016,#4017,#4018,#4019,#4020),
.UNSPECIFIED.,.F.,.F.,
(4,2,2,2,2,2,4),
(0.,0.17463522460949,0.346086959998562,0.514354152349157,0.679434713213982,0.841323486074822,
1.),
.UNSPECIFIED.);
#1236=VECTOR('',#1237,10.);
#1237=DIRECTION('',(0.,1.,6.12323399573677E-17));
#1238=FACE_BOUND('',#1239,.T.);
#1239=EDGE_LOOP('',(#4021,#4022,#4023,#4024));
#1240=SURFACE_OF_LINEAR_EXTRUSION('',#1241,#1242);
#1241=B_SPLINE_CURVE_WITH_KNOTS('',3,
(#4025,#4026,#4027,#4028,#4029,#4030,#4031,#4032,#4033,#4034,#4035,#4036,#4037,#4038),
.UNSPECIFIED.,.F.,.F.,
(4,2,2,2,2,2,4),
(0.,0.309615072314032,0.487508096599859,0.629554123255857,0.757851252196431,0.880120072523008,
1.),
.UNSPECIFIED.);
#1242=VECTOR('',#1243,10.);
#1243=DIRECTION('',(0.,1.,6.12323399573677E-17));
#1244=FACE_BOUND('',#1245,.T.);
#1245=EDGE_LOOP('',(#4039,#4040,#4041,#4042));
#1246=CYLINDRICAL_SURFACE('',#1247,13.75);
#1247=AXIS2_PLACEMENT_3D('',#1248,#1249,#1250);
#1248=CARTESIAN_POINT('',(0.,0.,0.));
#1249=DIRECTION('',(0.,-1.,-6.12323399573677E-17));
#1250=DIRECTION('',(0.410652393739978,-5.58311563797365E-17,0.911791978203157));
#1251=FACE_BOUND('',#1252,.T.);
#1252=EDGE_LOOP('',(#4043,#4044,#4045,#4046));
#1253=SURFACE_OF_LINEAR_EXTRUSION('',#1254,#1255);
#1254=B_SPLINE_CURVE_WITH_KNOTS('',3,
(#4047,#4048,#4049,#4050,#4051,#4052,#4053,#4054,#4055,#4056,#4057,#4058,#4059,#4060),
.UNSPECIFIED.,.F.,.F.,
(4,2,2,2,2,2,4),
(0.,0.119879927476995,0.242148747803577,0.370445876744151,0.512491903400153,0.69038492768598,
1.),
.UNSPECIFIED.);
#1255=VECTOR('',#1256,10.);
#1256=DIRECTION('',(0.,1.,6.12323399573677E-17));
#1257=FACE_BOUND('',#1258,.T.);
#1258=EDGE_LOOP('',(#4061,#4062,#4063,#4064));
#1259=SURFACE_OF_LINEAR_EXTRUSION('',#1260,#1261);
#1260=B_SPLINE_CURVE_WITH_KNOTS('',3,
(#4065,#4066,#4067,#4068,#4069,#4070,#4071,#4072,#4073,#4074,#4075,#4076,#4077,#4078),
.UNSPECIFIED.,.F.,.F.,
(4,2,2,2,2,2,4),
(0.,0.158676513925184,0.320565286786023,0.485645847650847,0.653913040001441,0.825364775390512,
1.),
.UNSPECIFIED.);
#1261=VECTOR('',#1262,10.);
#1262=DIRECTION('',(0.,1.,6.12323399573677E-17));
#1263=FACE_BOUND('',#1264,.T.);
#1264=EDGE_LOOP('',(#4079,#4080,#4081,#4082));
#1265=CYLINDRICAL_SURFACE('',#1266,16.);
#1266=AXIS2_PLACEMENT_3D('',#1267,#1268,#1269);
#1267=CARTESIAN_POINT('',(0.,0.,0.));
#1268=DIRECTION('',(0.,1.,6.12323399573677E-17));
#1269=DIRECTION('',(0.,6.12323399573677E-17,-1.));
#1270=FACE_BOUND('',#1271,.T.);
#1271=EDGE_LOOP('',(#4083,#4084,#4085,#4086));
#1272=SURFACE_OF_LINEAR_EXTRUSION('',#1273,#1274);
#1273=B_SPLINE_CURVE_WITH_KNOTS('',3,
(#4087,#4088,#4089,#4090,#4091,#4092,#4093,#4094,#4095,#4096,#4097,#4098,#4099,#4100),
.UNSPECIFIED.,.F.,.F.,
(4,2,2,2,2,2,4),
(0.,0.17463522460949,0.346086959998562,0.514354152349157,0.679434713213982,0.841323486074822,
1.),
.UNSPECIFIED.);
#1274=VECTOR('',#1275,10.);
#1275=DIRECTION('',(9.86076131526265E-33,1.,6.12323399573677E-17));
#1276=FACE_BOUND('',#1277,.T.);
#1277=EDGE_LOOP('',(#4101,#4102,#4103,#4104));
#1278=SURFACE_OF_LINEAR_EXTRUSION('',#1279,#1280);
#1279=B_SPLINE_CURVE_WITH_KNOTS('',3,
(#4105,#4106,#4107,#4108,#4109,#4110,#4111,#4112,#4113,#4114,#4115,#4116,#4117,#4118),
.UNSPECIFIED.,.F.,.F.,
(4,2,2,2,2,2,4),
(0.,0.309615072314032,0.487508096599859,0.629554123255857,0.757851252196431,0.880120072523008,
1.),
.UNSPECIFIED.);
#1280=VECTOR('',#1281,10.);
#1281=DIRECTION('',(9.86076131526265E-33,1.,6.12323399573677E-17));
#1282=FACE_BOUND('',#1283,.T.);
#1283=EDGE_LOOP('',(#4119,#4120,#4121,#4122));
#1284=CYLINDRICAL_SURFACE('',#1285,13.75);
#1285=AXIS2_PLACEMENT_3D('',#1286,#1287,#1288);
#1286=CARTESIAN_POINT('',(0.,0.,0.));
#1287=DIRECTION('',(0.,-1.,-6.12323399573677E-17));
#1288=DIRECTION('',(0.212106441810066,-5.98390941577486E-17,0.977246569368587));
#1289=FACE_BOUND('',#1290,.T.);
#1290=EDGE_LOOP('',(#4123,#4124,#4125,#4126));
#1291=SURFACE_OF_LINEAR_EXTRUSION('',#1292,#1293);
#1292=B_SPLINE_CURVE_WITH_KNOTS('',3,
(#4127,#4128,#4129,#4130,#4131,#4132,#4133,#4134,#4135,#4136,#4137,#4138,#4139,#4140),
.UNSPECIFIED.,.F.,.F.,
(4,2,2,2,2,2,4),
(0.,0.119879927476995,0.242148747803577,0.370445876744151,0.512491903400153,0.69038492768598,
1.),
.UNSPECIFIED.);
#1293=VECTOR('',#1294,10.);
#1294=DIRECTION('',(9.86076131526265E-33,1.,6.12323399573677E-17));
#1295=FACE_BOUND('',#1296,.T.);
#1296=EDGE_LOOP('',(#4141,#4142,#4143,#4144));
#1297=SURFACE_OF_LINEAR_EXTRUSION('',#1298,#1299);
#1298=B_SPLINE_CURVE_WITH_KNOTS('',3,
(#4145,#4146,#4147,#4148,#4149,#4150,#4151,#4152,#4153,#4154,#4155,#4156,#4157,#4158),
.UNSPECIFIED.,.F.,.F.,
(4,2,2,2,2,2,4),
(0.,0.158676513925184,0.320565286786023,0.485645847650847,0.653913040001441,0.825364775390512,
1.),
.UNSPECIFIED.);
#1299=VECTOR('',#1300,10.);
#1300=DIRECTION('',(9.86076131526265E-33,1.,6.12323399573677E-17));
#1301=FACE_BOUND('',#1302,.T.);
#1302=EDGE_LOOP('',(#4159,#4160,#4161,#4162));
#1303=CYLINDRICAL_SURFACE('',#1304,16.);
#1304=AXIS2_PLACEMENT_3D('',#1305,#1306,#1307);
#1305=CARTESIAN_POINT('',(0.,0.,0.));
#1306=DIRECTION('',(0.,1.,6.12323399573677E-17));
#1307=DIRECTION('',(0.,6.12323399573677E-17,-1.));
#1308=FACE_BOUND('',#1309,.T.);
#1309=EDGE_LOOP('',(#4163,#4164,#4165,#4166));
#1310=SURFACE_OF_LINEAR_EXTRUSION('',#1311,#1312);
#1311=B_SPLINE_CURVE_WITH_KNOTS('',3,
(#4167,#4168,#4169,#4170,#4171,#4172,#4173,#4174,#4175,#4176,#4177,#4178,#4179,#4180),
.UNSPECIFIED.,.F.,.F.,
(4,2,2,2,2,2,4),
(0.,0.17463522460949,0.346086959998562,0.514354152349157,0.679434713213982,0.841323486074822,
1.),
.UNSPECIFIED.);
#1312=VECTOR('',#1313,10.);
#1313=DIRECTION('',(9.86076131526265E-33,1.,6.12323399573677E-17));
#1314=FACE_BOUND('',#1315,.T.);
#1315=EDGE_LOOP('',(#4181,#4182,#4183,#4184));
#1316=SURFACE_OF_LINEAR_EXTRUSION('',#1317,#1318);
#1317=B_SPLINE_CURVE_WITH_KNOTS('',3,
(#4185,#4186,#4187,#4188,#4189,#4190,#4191,#4192,#4193,#4194,#4195,#4196,#4197,#4198),
.UNSPECIFIED.,.F.,.F.,
(4,2,2,2,2,2,4),
(0.,0.309615072314032,0.487508096599859,0.629554123255857,0.757851252196431,0.880120072523008,
1.),
.UNSPECIFIED.);
#1318=VECTOR('',#1319,10.);
#1319=DIRECTION('',(9.86076131526265E-33,1.,6.12323399573677E-17));
#1320=FACE_BOUND('',#1321,.T.);
#1321=EDGE_LOOP('',(#4199,#4200,#4201,#4202));
#1322=CYLINDRICAL_SURFACE('',#1323,13.75);
#1323=AXIS2_PLACEMENT_3D('',#1324,#1325,#1326);
#1324=CARTESIAN_POINT('',(0.,0.,0.));
#1325=DIRECTION('',(0.,-1.,-6.12323399573677E-17));
#1326=DIRECTION('',(0.00429042057342249,-6.12317763812357E-17,0.999990796103296));
#1327=FACE_BOUND('',#1328,.T.);
#1328=EDGE_LOOP('',(#4203,#4204,#4205,#4206));
#1329=SURFACE_OF_LINEAR_EXTRUSION('',#1330,#1331);
#1330=B_SPLINE_CURVE_WITH_KNOTS('',3,
(#4207,#4208,#4209,#4210,#4211,#4212,#4213,#4214,#4215,#4216,#4217,#4218,#4219,#4220),
.UNSPECIFIED.,.F.,.F.,
(4,2,2,2,2,2,4),
(0.,0.119879927476995,0.242148747803577,0.370445876744151,0.512491903400153,0.69038492768598,
1.),
.UNSPECIFIED.);
#1331=VECTOR('',#1332,10.);
#1332=DIRECTION('',(9.86076131526265E-33,1.,6.12323399573677E-17));
#1333=FACE_BOUND('',#1334,.T.);
#1334=EDGE_LOOP('',(#4221,#4222,#4223,#4224));
#1335=SURFACE_OF_LINEAR_EXTRUSION('',#1336,#1337);
#1336=B_SPLINE_CURVE_WITH_KNOTS('',3,
(#4225,#4226,#4227,#4228,#4229,#4230,#4231,#4232,#4233,#4234,#4235,#4236,#4237,#4238),
.UNSPECIFIED.,.F.,.F.,
(4,2,2,2,2,2,4),
(0.,0.158676513925184,0.320565286786023,0.485645847650847,0.653913040001441,0.825364775390512,
1.),
.UNSPECIFIED.);
#1337=VECTOR('',#1338,10.);
#1338=DIRECTION('',(9.86076131526265E-33,1.,6.12323399573677E-17));
#1339=FACE_BOUND('',#1340,.T.);
#1340=EDGE_LOOP('',(#4239,#4240,#4241,#4242));
#1341=CYLINDRICAL_SURFACE('',#1342,16.);
#1342=AXIS2_PLACEMENT_3D('',#1343,#1344,#1345);
#1343=CARTESIAN_POINT('',(0.,0.,0.));
#1344=DIRECTION('',(0.,1.,6.12323399573677E-17));
#1345=DIRECTION('',(0.,6.12323399573677E-17,-1.));
#1346=FACE_BOUND('',#1347,.T.);
#1347=EDGE_LOOP('',(#4243,#4244,#4245,#4246));
#1348=SURFACE_OF_LINEAR_EXTRUSION('',#1349,#1350);
#1349=B_SPLINE_CURVE_WITH_KNOTS('',3,
(#4247,#4248,#4249,#4250,#4251,#4252,#4253,#4254,#4255,#4256,#4257,#4258,#4259,#4260),
.UNSPECIFIED.,.F.,.F.,
(4,2,2,2,2,2,4),
(0.,0.17463522460949,0.346086959998562,0.514354152349157,0.679434713213982,0.841323486074822,
1.),
.UNSPECIFIED.);
#1350=VECTOR('',#1351,10.);
#1351=DIRECTION('',(0.,1.,6.12323399573677E-17));
#1352=FACE_BOUND('',#1353,.T.);
#1353=EDGE_LOOP('',(#4261,#4262,#4263,#4264));
#1354=SURFACE_OF_LINEAR_EXTRUSION('',#1355,#1356);
#1355=B_SPLINE_CURVE_WITH_KNOTS('',3,
(#4265,#4266,#4267,#4268,#4269,#4270,#4271,#4272,#4273,#4274,#4275,#4276,#4277,#4278),
.UNSPECIFIED.,.F.,.F.,
(4,2,2,2,2,2,4),
(0.,0.309615072314032,0.487508096599859,0.629554123255857,0.757851252196431,0.880120072523008,
1.),
.UNSPECIFIED.);
#1356=VECTOR('',#1357,10.);
#1357=DIRECTION('',(0.,1.,6.12323399573677E-17));
#1358=FACE_BOUND('',#1359,.T.);
#1359=EDGE_LOOP('',(#4279,#4280,#4281,#4282));
#1360=CYLINDRICAL_SURFACE('',#1361,13.75);
#1361=AXIS2_PLACEMENT_3D('',#1362,#1363,#1364);
#1362=CARTESIAN_POINT('',(0.,0.,0.));
#1363=DIRECTION('',(0.,-1.,-6.12323399573677E-17));
#1364=DIRECTION('',(-0.203713112630001,-5.99483361542007E-17,0.979030626560067));
#1365=FACE_BOUND('',#1366,.T.);
#1366=EDGE_LOOP('',(#4283,#4284,#4285,#4286));
#1367=SURFACE_OF_LINEAR_EXTRUSION('',#1368,#1369);
#1368=B_SPLINE_CURVE_WITH_KNOTS('',3,
(#4287,#4288,#4289,#4290,#4291,#4292,#4293,#4294,#4295,#4296,#4297,#4298,#4299,#4300),
.UNSPECIFIED.,.F.,.F.,
(4,2,2,2,2,2,4),
(0.,0.119879927476995,0.242148747803577,0.370445876744151,0.512491903400153,0.69038492768598,
1.),
.UNSPECIFIED.);
#1369=VECTOR('',#1370,10.);
#1370=DIRECTION('',(0.,1.,6.12323399573677E-17));
#1371=FACE_BOUND('',#1372,.T.);
#1372=EDGE_LOOP('',(#4301,#4302,#4303,#4304));
#1373=SURFACE_OF_LINEAR_EXTRUSION('',#1374,#1375);
#1374=B_SPLINE_CURVE_WITH_KNOTS('',3,
(#4305,#4306,#4307,#4308,#4309,#4310,#4311,#4312,#4313,#4314,#4315,#4316,#4317,#4318),
.UNSPECIFIED.,.F.,.F.,
(4,2,2,2,2,2,4),
(0.,0.158676513925184,0.320565286786023,0.485645847650847,0.653913040001441,0.825364775390512,
1.),
.UNSPECIFIED.);
#1375=VECTOR('',#1376,10.);
#1376=DIRECTION('',(0.,1.,6.12323399573677E-17));
#1377=FACE_BOUND('',#1378,.T.);
#1378=EDGE_LOOP('',(#4319,#4320,#4321,#4322));
#1379=CYLINDRICAL_SURFACE('',#1380,16.);
#1380=AXIS2_PLACEMENT_3D('',#1381,#1382,#1383);
#1381=CARTESIAN_POINT('',(0.,0.,0.));
#1382=DIRECTION('',(0.,1.,6.12323399573677E-17));
#1383=DIRECTION('',(0.,6.12323399573677E-17,-1.));
#1384=FACE_BOUND('',#1385,.T.);
#1385=EDGE_LOOP('',(#4323,#4324,#4325,#4326));
#1386=SURFACE_OF_LINEAR_EXTRUSION('',#1387,#1388);
#1387=B_SPLINE_CURVE_WITH_KNOTS('',3,
(#4327,#4328,#4329,#4330,#4331,#4332,#4333,#4334,#4335,#4336,#4337,#4338,#4339,#4340),
.UNSPECIFIED.,.F.,.F.,
(4,2,2,2,2,2,4),
(0.,0.17463522460949,0.346086959998562,0.514354152349157,0.679434713213982,0.841323486074822,
1.),
.UNSPECIFIED.);
#1388=VECTOR('',#1389,10.);
#1389=DIRECTION('',(9.86076131526265E-33,1.,6.12323399573677E-17));
#1390=FACE_BOUND('',#1391,.T.);
#1391=EDGE_LOOP('',(#4341,#4342,#4343,#4344));
#1392=SURFACE_OF_LINEAR_EXTRUSION('',#1393,#1394);
#1393=B_SPLINE_CURVE_WITH_KNOTS('',3,
(#4345,#4346,#4347,#4348,#4349,#4350,#4351,#4352,#4353,#4354,#4355,#4356,#4357,#4358),
.UNSPECIFIED.,.F.,.F.,
(4,2,2,2,2,2,4),
(0.,0.309615072314032,0.487508096599859,0.629554123255857,0.757851252196431,0.880120072523008,
1.),
.UNSPECIFIED.);
#1394=VECTOR('',#1395,10.);
#1395=DIRECTION('',(9.86076131526265E-33,1.,6.12323399573677E-17));
#1396=FACE_BOUND('',#1397,.T.);
#1397=EDGE_LOOP('',(#4359,#4360,#4361,#4362));
#1398=CYLINDRICAL_SURFACE('',#1399,13.75);
#1399=AXIS2_PLACEMENT_3D('',#1400,#1401,#1402);
#1400=CARTESIAN_POINT('',(0.,0.,0.));
#1401=DIRECTION('',(0.,-1.,-6.12323399573677E-17));
#1402=DIRECTION('',(-0.402813405287525,-5.60448659731943E-17,0.915282120725991));
#1403=FACE_BOUND('',#1404,.T.);
#1404=EDGE_LOOP('',(#4363,#4364,#4365,#4366));
#1405=SURFACE_OF_LINEAR_EXTRUSION('',#1406,#1407);
#1406=B_SPLINE_CURVE_WITH_KNOTS('',3,
(#4367,#4368,#4369,#4370,#4371,#4372,#4373,#4374,#4375,#4376,#4377,#4378,#4379,#4380),
.UNSPECIFIED.,.F.,.F.,
(4,2,2,2,2,2,4),
(0.,0.119879927476995,0.242148747803577,0.370445876744151,0.512491903400153,0.69038492768598,
1.),
.UNSPECIFIED.);
#1407=VECTOR('',#1408,10.);
#1408=DIRECTION('',(9.86076131526265E-33,1.,6.12323399573677E-17));
#1409=FACE_BOUND('',#1410,.T.);
#1410=EDGE_LOOP('',(#4381,#4382,#4383,#4384));
#1411=SURFACE_OF_LINEAR_EXTRUSION('',#1412,#1413);
#1412=B_SPLINE_CURVE_WITH_KNOTS('',3,
(#4385,#4386,#4387,#4388,#4389,#4390,#4391,#4392,#4393,#4394,#4395,#4396,#4397,#4398),
.UNSPECIFIED.,.F.,.F.,
(4,2,2,2,2,2,4),
(0.,0.158676513925184,0.320565286786023,0.485645847650847,0.653913040001441,0.825364775390512,
1.),
.UNSPECIFIED.);
#1413=VECTOR('',#1414,10.);
#1414=DIRECTION('',(9.86076131526265E-33,1.,6.12323399573677E-17));
#1415=FACE_BOUND('',#1416,.T.);
#1416=EDGE_LOOP('',(#4399,#4400,#4401,#4402));
#1417=CYLINDRICAL_SURFACE('',#1418,16.);
#1418=AXIS2_PLACEMENT_3D('',#1419,#1420,#1421);
#1419=CARTESIAN_POINT('',(0.,0.,0.));
#1420=DIRECTION('',(0.,1.,6.12323399573677E-17));
#1421=DIRECTION('',(0.,6.12323399573677E-17,-1.));
#1422=FACE_BOUND('',#1423,.T.);
#1423=EDGE_LOOP('',(#4403,#4404,#4405,#4406));
#1424=SURFACE_OF_LINEAR_EXTRUSION('',#1425,#1426);
#1425=B_SPLINE_CURVE_WITH_KNOTS('',3,
(#4407,#4408,#4409,#4410,#4411,#4412,#4413,#4414,#4415,#4416,#4417,#4418,#4419,#4420),
.UNSPECIFIED.,.F.,.F.,
(4,2,2,2,2,2,4),
(0.,0.17463522460949,0.346086959998562,0.514354152349157,0.679434713213982,0.841323486074822,
1.),
.UNSPECIFIED.);
#1426=VECTOR('',#1427,10.);
#1427=DIRECTION('',(0.,1.,6.12323399573677E-17));
#1428=FACE_BOUND('',#1429,.T.);
#1429=EDGE_LOOP('',(#4421,#4422,#4423,#4424));
#1430=SURFACE_OF_LINEAR_EXTRUSION('',#1431,#1432);
#1431=B_SPLINE_CURVE_WITH_KNOTS('',3,
(#4425,#4426,#4427,#4428,#4429,#4430,#4431,#4432,#4433,#4434,#4435,#4436,#4437,#4438),
.UNSPECIFIED.,.F.,.F.,
(4,2,2,2,2,2,4),
(0.,0.309615072314032,0.487508096599859,0.629554123255857,0.757851252196431,0.880120072523008,
1.),
.UNSPECIFIED.);
#1432=VECTOR('',#1433,10.);
#1433=DIRECTION('',(0.,1.,6.12323399573677E-17));
#1434=FACE_BOUND('',#1435,.T.);
#1435=EDGE_LOOP('',(#4439,#4440,#4441,#4442));
#1436=CYLINDRICAL_SURFACE('',#1437,13.75);
#1437=AXIS2_PLACEMENT_3D('',#1438,#1439,#1440);
#1438=CARTESIAN_POINT('',(0.,0.,0.));
#1439=DIRECTION('',(0.,-1.,-6.12323399573677E-17));
#1440=DIRECTION('',(-0.584308819220812,-4.96919662160548E-17,0.811531394205289));
#1441=FACE_BOUND('',#1442,.T.);
#1442=EDGE_LOOP('',(#4443,#4444,#4445,#4446));
#1443=SURFACE_OF_LINEAR_EXTRUSION('',#1444,#1445);
#1444=B_SPLINE_CURVE_WITH_KNOTS('',3,
(#4447,#4448,#4449,#4450,#4451,#4452,#4453,#4454,#4455,#4456,#4457,#4458,#4459,#4460),
.UNSPECIFIED.,.F.,.F.,
(4,2,2,2,2,2,4),
(0.,0.119879927476995,0.242148747803577,0.370445876744151,0.512491903400153,0.69038492768598,
1.),
.UNSPECIFIED.);
#1445=VECTOR('',#1446,10.);
#1446=DIRECTION('',(0.,1.,6.12323399573677E-17));
#1447=FACE_BOUND('',#1448,.T.);
#1448=EDGE_LOOP('',(#4461,#4462,#4463,#4464));
#1449=SURFACE_OF_LINEAR_EXTRUSION('',#1450,#1451);
#1450=B_SPLINE_CURVE_WITH_KNOTS('',3,
(#4465,#4466,#4467,#4468,#4469,#4470,#4471,#4472,#4473,#4474,#4475,#4476,#4477,#4478),
.UNSPECIFIED.,.F.,.F.,
(4,2,2,2,2,2,4),
(0.,0.158676513925184,0.320565286786023,0.485645847650847,0.653913040001441,0.825364775390512,
1.),
.UNSPECIFIED.);
#1451=VECTOR('',#1452,10.);
#1452=DIRECTION('',(0.,1.,6.12323399573677E-17));
#1453=FACE_BOUND('',#1454,.T.);
#1454=EDGE_LOOP('',(#4479,#4480,#4481,#4482));
#1455=CYLINDRICAL_SURFACE('',#1456,16.);
#1456=AXIS2_PLACEMENT_3D('',#1457,#1458,#1459);
#1457=CARTESIAN_POINT('',(0.,0.,0.));
#1458=DIRECTION('',(0.,1.,6.12323399573677E-17));
#1459=DIRECTION('',(0.,6.12323399573677E-17,-1.));
#1460=FACE_BOUND('',#1461,.T.);
#1461=EDGE_LOOP('',(#4483,#4484,#4485,#4486));
#1462=SURFACE_OF_LINEAR_EXTRUSION('',#1463,#1464);
#1463=B_SPLINE_CURVE_WITH_KNOTS('',3,
(#4487,#4488,#4489,#4490,#4491,#4492,#4493,#4494,#4495,#4496,#4497,#4498,#4499,#4500),
.UNSPECIFIED.,.F.,.F.,
(4,2,2,2,2,2,4),
(0.,0.17463522460949,0.346086959998562,0.514354152349157,0.679434713213982,0.841323486074822,
1.),
.UNSPECIFIED.);
#1464=VECTOR('',#1465,10.);
#1465=DIRECTION('',(4.93038065763132E-33,1.,6.12323399573677E-17));
#1466=FACE_BOUND('',#1467,.T.);
#1467=EDGE_LOOP('',(#4501,#4502,#4503,#4504));
#1468=SURFACE_OF_LINEAR_EXTRUSION('',#1469,#1470);
#1469=B_SPLINE_CURVE_WITH_KNOTS('',3,
(#4505,#4506,#4507,#4508,#4509,#4510,#4511,#4512,#4513,#4514,#4515,#4516,#4517,#4518),
.UNSPECIFIED.,.F.,.F.,
(4,2,2,2,2,2,4),
(0.,0.309615072314032,0.487508096599859,0.629554123255857,0.757851252196431,0.880120072523008,
1.),
.UNSPECIFIED.);
#1470=VECTOR('',#1471,10.);
#1471=DIRECTION('',(4.93038065763132E-33,1.,6.12323399573677E-17));
#1472=FACE_BOUND('',#1473,.T.);
#1473=EDGE_LOOP('',(#4519,#4520,#4521,#4522));
#1474=CYLINDRICAL_SURFACE('',#1475,13.75);
#1475=AXIS2_PLACEMENT_3D('',#1476,#1477,#1478);
#1476=CARTESIAN_POINT('',(0.,0.,0.));
#1477=DIRECTION('',(0.,-1.,-6.12323399573677E-17));
#1478=DIRECTION('',(-0.740267133929356,-4.11672890867644E-17,0.672312851598137));
#1479=FACE_BOUND('',#1480,.T.);
#1480=EDGE_LOOP('',(#4523,#4524,#4525,#4526));
#1481=SURFACE_OF_LINEAR_EXTRUSION('',#1482,#1483);
#1482=B_SPLINE_CURVE_WITH_KNOTS('',3,
(#4527,#4528,#4529,#4530,#4531,#4532,#4533,#4534,#4535,#4536,#4537,#4538,#4539,#4540),
.UNSPECIFIED.,.F.,.F.,
(4,2,2,2,2,2,4),
(0.,0.119879927476995,0.242148747803577,0.370445876744151,0.512491903400153,0.69038492768598,
1.),
.UNSPECIFIED.);
#1483=VECTOR('',#1484,10.);
#1484=DIRECTION('',(4.93038065763132E-33,1.,6.12323399573677E-17));
#1485=FACE_BOUND('',#1486,.T.);
#1486=EDGE_LOOP('',(#4541,#4542,#4543,#4544));
#1487=SURFACE_OF_LINEAR_EXTRUSION('',#1488,#1489);
#1488=B_SPLINE_CURVE_WITH_KNOTS('',3,
(#4545,#4546,#4547,#4548,#4549,#4550,#4551,#4552,#4553,#4554,#4555,#4556,#4557,#4558),
.UNSPECIFIED.,.F.,.F.,
(4,2,2,2,2,2,4),
(0.,0.158676513925184,0.320565286786023,0.485645847650847,0.653913040001441,0.825364775390512,
1.),
.UNSPECIFIED.);
#1489=VECTOR('',#1490,10.);
#1490=DIRECTION('',(4.93038065763132E-33,1.,6.12323399573677E-17));
#1491=FACE_BOUND('',#1492,.T.);
#1492=EDGE_LOOP('',(#4559,#4560,#4561,#4562));
#1493=CYLINDRICAL_SURFACE('',#1494,16.);
#1494=AXIS2_PLACEMENT_3D('',#1495,#1496,#1497);
#1495=CARTESIAN_POINT('',(0.,0.,0.));
#1496=DIRECTION('',(0.,1.,6.12323399573677E-17));
#1497=DIRECTION('',(0.,6.12323399573677E-17,-1.));
#1498=FACE_BOUND('',#1499,.T.);
#1499=EDGE_LOOP('',(#4563,#4564,#4565,#4566));
#1500=SURFACE_OF_LINEAR_EXTRUSION('',#1501,#1502);
#1501=B_SPLINE_CURVE_WITH_KNOTS('',3,
(#4567,#4568,#4569,#4570,#4571,#4572,#4573,#4574,#4575,#4576,#4577,#4578,#4579,#4580),
.UNSPECIFIED.,.F.,.F.,
(4,2,2,2,2,2,4),
(0.,0.17463522460949,0.346086959998562,0.514354152349157,0.679434713213982,0.841323486074822,
1.),
.UNSPECIFIED.);
#1502=VECTOR('',#1503,10.);
#1503=DIRECTION('',(-4.93038065763132E-33,1.,6.12323399573677E-17));
#1504=FACE_BOUND('',#1505,.T.);
#1505=EDGE_LOOP('',(#4581,#4582,#4583,#4584));
#1506=SURFACE_OF_LINEAR_EXTRUSION('',#1507,#1508);
#1507=B_SPLINE_CURVE_WITH_KNOTS('',3,
(#4585,#4586,#4587,#4588,#4589,#4590,#4591,#4592,#4593,#4594,#4595,#4596,#4597,#4598),
.UNSPECIFIED.,.F.,.F.,
(4,2,2,2,2,2,4),
(0.,0.309615072314032,0.487508096599859,0.629554123255857,0.757851252196431,0.880120072523008,
1.),
.UNSPECIFIED.);
#1508=VECTOR('',#1509,10.);
#1509=DIRECTION('',(-4.93038065763132E-33,1.,6.12323399573677E-17));
#1510=FACE_BOUND('',#1511,.T.);
#1511=EDGE_LOOP('',(#4599,#4600,#4601,#4602));
#1512=CYLINDRICAL_SURFACE('',#1513,13.75);
#1513=AXIS2_PLACEMENT_3D('',#1514,#1515,#1516);
#1514=CARTESIAN_POINT('',(0.,0.,0.));
#1515=DIRECTION('',(0.,-1.,-6.12323399573677E-17));
#1516=DIRECTION('',(-0.863872222689368,-3.08434038818123E-17,0.503711011261151));
#1517=FACE_BOUND('',#1518,.T.);
#1518=EDGE_LOOP('',(#4603,#4604,#4605,#4606));
#1519=SURFACE_OF_LINEAR_EXTRUSION('',#1520,#1521);
#1520=B_SPLINE_CURVE_WITH_KNOTS('',3,
(#4607,#4608,#4609,#4610,#4611,#4612,#4613,#4614,#4615,#4616,#4617,#4618,#4619,#4620),
.UNSPECIFIED.,.F.,.F.,
(4,2,2,2,2,2,4),
(0.,0.119879927476995,0.242148747803577,0.370445876744151,0.512491903400153,0.69038492768598,
1.),
.UNSPECIFIED.);
#1521=VECTOR('',#1522,10.);
#1522=DIRECTION('',(-4.93038065763132E-33,1.,6.12323399573677E-17));
#1523=FACE_BOUND('',#1524,.T.);
#1524=EDGE_LOOP('',(#4621,#4622,#4623,#4624));
#1525=SURFACE_OF_LINEAR_EXTRUSION('',#1526,#1527);
#1526=B_SPLINE_CURVE_WITH_KNOTS('',3,
(#4625,#4626,#4627,#4628,#4629,#4630,#4631,#4632,#4633,#4634,#4635,#4636,#4637,#4638),
.UNSPECIFIED.,.F.,.F.,
(4,2,2,2,2,2,4),
(0.,0.158676513925184,0.320565286786023,0.485645847650847,0.653913040001441,0.825364775390512,
1.),
.UNSPECIFIED.);
#1527=VECTOR('',#1528,10.);
#1528=DIRECTION('',(-4.93038065763132E-33,1.,6.12323399573677E-17));
#1529=FACE_BOUND('',#1530,.T.);
#1530=EDGE_LOOP('',(#4639,#4640,#4641,#4642));
#1531=CYLINDRICAL_SURFACE('',#1532,16.);
#1532=AXIS2_PLACEMENT_3D('',#1533,#1534,#1535);
#1533=CARTESIAN_POINT('',(0.,0.,0.));
#1534=DIRECTION('',(0.,1.,6.12323399573677E-17));
#1535=DIRECTION('',(0.,6.12323399573677E-17,-1.));
#1536=FACE_BOUND('',#1537,.T.);
#1537=EDGE_LOOP('',(#4643,#4644,#4645,#4646));
#1538=SURFACE_OF_LINEAR_EXTRUSION('',#1539,#1540);
#1539=B_SPLINE_CURVE_WITH_KNOTS('',3,
(#4647,#4648,#4649,#4650,#4651,#4652,#4653,#4654,#4655,#4656,#4657,#4658,#4659,#4660),
.UNSPECIFIED.,.F.,.F.,
(4,2,2,2,2,2,4),
(0.,0.17463522460949,0.346086959998562,0.514354152349157,0.679434713213982,0.841323486074822,
1.),
.UNSPECIFIED.);
#1540=VECTOR('',#1541,10.);
#1541=DIRECTION('',(0.,1.,6.12323399573677E-17));
#1542=FACE_BOUND('',#1543,.T.);
#1543=EDGE_LOOP('',(#4661,#4662,#4663,#4664));
#1544=SURFACE_OF_LINEAR_EXTRUSION('',#1545,#1546);
#1545=B_SPLINE_CURVE_WITH_KNOTS('',3,
(#4665,#4666,#4667,#4668,#4669,#4670,#4671,#4672,#4673,#4674,#4675,#4676,#4677,#4678),
.UNSPECIFIED.,.F.,.F.,
(4,2,2,2,2,2,4),
(0.,0.309615072314032,0.487508096599859,0.629554123255857,0.757851252196431,0.880120072523008,
1.),
.UNSPECIFIED.);
#1546=VECTOR('',#1547,10.);
#1547=DIRECTION('',(0.,1.,6.12323399573677E-17));
#1548=FACE_BOUND('',#1549,.T.);
#1549=EDGE_LOOP('',(#4679,#4680,#4681,#4682));
#1550=CYLINDRICAL_SURFACE('',#1551,13.75);
#1551=AXIS2_PLACEMENT_3D('',#1552,#1553,#1554);
#1552=CARTESIAN_POINT('',(0.,0.,0.));
#1553=DIRECTION('',(0.,-1.,-6.12323399573677E-17));
#1554=DIRECTION('',(-0.949721949999014,-1.91715139241525E-17,0.313094582658452));
#1555=FACE_BOUND('',#1556,.T.);
#1556=EDGE_LOOP('',(#4683,#4684,#4685,#4686));
#1557=SURFACE_OF_LINEAR_EXTRUSION('',#1558,#1559);
#1558=B_SPLINE_CURVE_WITH_KNOTS('',3,
(#4687,#4688,#4689,#4690,#4691,#4692,#4693,#4694,#4695,#4696,#4697,#4698,#4699,#4700),
.UNSPECIFIED.,.F.,.F.,
(4,2,2,2,2,2,4),
(0.,0.119879927476995,0.242148747803577,0.370445876744151,0.512491903400153,0.69038492768598,
1.),
.UNSPECIFIED.);
#1559=VECTOR('',#1560,10.);
#1560=DIRECTION('',(0.,1.,6.12323399573677E-17));
#1561=FACE_BOUND('',#1562,.T.);
#1562=EDGE_LOOP('',(#4701,#4702,#4703,#4704));
#1563=SURFACE_OF_LINEAR_EXTRUSION('',#1564,#1565);
#1564=B_SPLINE_CURVE_WITH_KNOTS('',3,
(#4705,#4706,#4707,#4708,#4709,#4710,#4711,#4712,#4713,#4714,#4715,#4716,#4717,#4718),
.UNSPECIFIED.,.F.,.F.,
(4,2,2,2,2,2,4),
(0.,0.158676513925184,0.320565286786023,0.485645847650847,0.653913040001441,0.825364775390512,
1.),
.UNSPECIFIED.);
#1565=VECTOR('',#1566,10.);
#1566=DIRECTION('',(0.,1.,6.12323399573677E-17));
#1567=FACE_BOUND('',#1568,.T.);
#1568=EDGE_LOOP('',(#4719,#4720,#4721,#4722));
#1569=CYLINDRICAL_SURFACE('',#1570,16.);
#1570=AXIS2_PLACEMENT_3D('',#1571,#1572,#1573);
#1571=CARTESIAN_POINT('',(0.,0.,0.));
#1572=DIRECTION('',(0.,1.,6.12323399573677E-17));
#1573=DIRECTION('',(0.,6.12323399573677E-17,-1.));
#1574=FACE_BOUND('',#1575,.T.);
#1575=EDGE_LOOP('',(#4723,#4724,#4725,#4726));
#1576=SURFACE_OF_LINEAR_EXTRUSION('',#1577,#1578);
#1577=B_SPLINE_CURVE_WITH_KNOTS('',3,
(#4727,#4728,#4729,#4730,#4731,#4732,#4733,#4734,#4735,#4736,#4737,#4738,#4739,#4740),
.UNSPECIFIED.,.F.,.F.,
(4,2,2,2,2,2,4),
(0.,0.17463522460949,0.346086959998562,0.514354152349157,0.679434713213982,0.841323486074822,
1.),
.UNSPECIFIED.);
#1578=VECTOR('',#1579,10.);
#1579=DIRECTION('',(0.,1.,6.12323399573677E-17));
#1580=FACE_BOUND('',#1581,.T.);
#1581=EDGE_LOOP('',(#4741,#4742,#4743,#4744));
#1582=SURFACE_OF_LINEAR_EXTRUSION('',#1583,#1584);
#1583=B_SPLINE_CURVE_WITH_KNOTS('',3,
(#4745,#4746,#4747,#4748,#4749,#4750,#4751,#4752,#4753,#4754,#4755,#4756,#4757,#4758),
.UNSPECIFIED.,.F.,.F.,
(4,2,2,2,2,2,4),
(0.,0.309615072314032,0.487508096599859,0.629554123255857,0.757851252196431,0.880120072523008,
1.),
.UNSPECIFIED.);
#1584=VECTOR('',#1585,10.);
#1585=DIRECTION('',(0.,1.,6.12323399573677E-17));
#1586=FACE_BOUND('',#1587,.T.);
#1587=EDGE_LOOP('',(#4759,#4760,#4761,#4762));
#1588=CYLINDRICAL_SURFACE('',#1589,13.75);
#1589=AXIS2_PLACEMENT_3D('',#1590,#1591,#1592);
#1590=CARTESIAN_POINT('',(0.,0.,0.));
#1591=DIRECTION('',(0.,-1.,-6.12323399573677E-17));
#1592=DIRECTION('',(-0.994064270822166,-6.6617368128767E-18,0.108794418399082));
#1593=FACE_BOUND('',#1594,.T.);
#1594=EDGE_LOOP('',(#4763,#4764,#4765,#4766));
#1595=SURFACE_OF_LINEAR_EXTRUSION('',#1596,#1597);
#1596=B_SPLINE_CURVE_WITH_KNOTS('',3,
(#4767,#4768,#4769,#4770,#4771,#4772,#4773,#4774,#4775,#4776,#4777,#4778,#4779,#4780),
.UNSPECIFIED.,.F.,.F.,
(4,2,2,2,2,2,4),
(0.,0.119879927476995,0.242148747803577,0.370445876744151,0.512491903400153,0.69038492768598,
1.),
.UNSPECIFIED.);
#1597=VECTOR('',#1598,10.);
#1598=DIRECTION('',(0.,1.,6.12323399573677E-17));
#1599=FACE_BOUND('',#1600,.T.);
#1600=EDGE_LOOP('',(#4781,#4782,#4783,#4784));
#1601=SURFACE_OF_LINEAR_EXTRUSION('',#1602,#1603);
#1602=B_SPLINE_CURVE_WITH_KNOTS('',3,
(#4785,#4786,#4787,#4788,#4789,#4790,#4791,#4792,#4793,#4794,#4795,#4796,#4797,#4798),
.UNSPECIFIED.,.F.,.F.,
(4,2,2,2,2,2,4),
(0.,0.158676513925184,0.320565286786023,0.485645847650847,0.653913040001441,0.825364775390512,
1.),
.UNSPECIFIED.);
#1603=VECTOR('',#1604,10.);
#1604=DIRECTION('',(0.,1.,6.12323399573677E-17));
#1605=FACE_BOUND('',#1606,.T.);
#1606=EDGE_LOOP('',(#4799,#4800,#4801,#4802));
#1607=CYLINDRICAL_SURFACE('',#1608,16.);
#1608=AXIS2_PLACEMENT_3D('',#1609,#1610,#1611);
#1609=CARTESIAN_POINT('',(0.,0.,0.));
#1610=DIRECTION('',(0.,1.,6.12323399573677E-17));
#1611=DIRECTION('',(0.,6.12323399573677E-17,-1.));
#1612=FACE_BOUND('',#1613,.T.);
#1613=EDGE_LOOP('',(#4803,#4804,#4805,#4806));
#1614=SURFACE_OF_LINEAR_EXTRUSION('',#1615,#1616);
#1615=B_SPLINE_CURVE_WITH_KNOTS('',3,
(#4807,#4808,#4809,#4810,#4811,#4812,#4813,#4814,#4815,#4816,#4817,#4818,#4819,#4820),
.UNSPECIFIED.,.F.,.F.,
(4,2,2,2,2,2,4),
(0.,0.17463522460949,0.346086959998562,0.514354152349157,0.679434713213982,0.841323486074822,
1.),
.UNSPECIFIED.);
#1616=VECTOR('',#1617,10.);
#1617=DIRECTION('',(0.,1.,6.12323399573677E-17));
#1618=FACE_BOUND('',#1619,.T.);
#1619=EDGE_LOOP('',(#4821,#4822,#4823,#4824));
#1620=SURFACE_OF_LINEAR_EXTRUSION('',#1621,#1622);
#1621=B_SPLINE_CURVE_WITH_KNOTS('',3,
(#4825,#4826,#4827,#4828,#4829,#4830,#4831,#4832,#4833,#4834,#4835,#4836,#4837,#4838),
.UNSPECIFIED.,.F.,.F.,
(4,2,2,2,2,2,4),
(0.,0.309615072314032,0.487508096599859,0.629554123255857,0.757851252196431,0.880120072523008,
1.),
.UNSPECIFIED.);
#1622=VECTOR('',#1623,10.);
#1623=DIRECTION('',(0.,1.,6.12323399573677E-17));
#1624=FACE_BOUND('',#1625,.T.);
#1625=EDGE_LOOP('',(#4839,#4840,#4841,#4842));
#1626=CYLINDRICAL_SURFACE('',#1627,13.75);
#1627=AXIS2_PLACEMENT_3D('',#1628,#1629,#1630);
#1628=CARTESIAN_POINT('',(0.,0.,0.));
#1629=DIRECTION('',(0.,-1.,-6.12323399573677E-17));
#1630=DIRECTION('',(-0.99496121296079,6.13919016368165E-18,-0.100260583997868));
#1631=FACE_BOUND('',#1632,.T.);
#1632=EDGE_LOOP('',(#4843,#4844,#4845,#4846));
#1633=SURFACE_OF_LINEAR_EXTRUSION('',#1634,#1635);
#1634=B_SPLINE_CURVE_WITH_KNOTS('',3,
(#4847,#4848,#4849,#4850,#4851,#4852,#4853,#4854,#4855,#4856,#4857,#4858,#4859,#4860),
.UNSPECIFIED.,.F.,.F.,
(4,2,2,2,2,2,4),
(0.,0.119879927476995,0.242148747803577,0.370445876744151,0.512491903400153,0.69038492768598,
1.),
.UNSPECIFIED.);
#1635=VECTOR('',#1636,10.);
#1636=DIRECTION('',(0.,1.,6.12323399573677E-17));
#1637=FACE_OUTER_BOUND('',#1638,.T.);
#1638=EDGE_LOOP('',(#4861));
#1639=FACE_OUTER_BOUND('',#1640,.T.);
#1640=EDGE_LOOP('',(#4862));
#1641=CYLINDRICAL_SURFACE('',#1642,1.6);
#1642=AXIS2_PLACEMENT_3D('',#1643,#1644,#1645);
#1643=CARTESIAN_POINT('',(8.,72.5000000001,3.4596272075974E-15));
#1644=DIRECTION('',(0.,-1.,-6.12323399573677E-17));
#1645=DIRECTION('',(-1.,-7.49879891330929E-33,1.22464679914735E-16));
#1646=FACE_OUTER_BOUND('',#1647,.T.);
#1647=EDGE_LOOP('',(#4863));
#1648=FACE_OUTER_BOUND('',#1649,.T.);
#1649=EDGE_LOOP('',(#4864));
#1650=CYLINDRICAL_SURFACE('',#1651,1.6);
#1651=AXIS2_PLACEMENT_3D('',#1652,#1653,#1654);
#1652=CARTESIAN_POINT('',(-9.15390196177573E-17,72.5000000001,-8.));
#1653=DIRECTION('',(0.,-1.,-6.12323399573677E-17));
#1654=DIRECTION('',(-1.,-7.49879891330929E-33,1.22464679914735E-16));
#1655=FACE_OUTER_BOUND('',#1656,.T.);
#1656=EDGE_LOOP('',(#4865));
#1657=FACE_OUTER_BOUND('',#1658,.T.);
#1658=EDGE_LOOP('',(#4866));
#1659=CYLINDRICAL_SURFACE('',#1660,1.6);
#1660=AXIS2_PLACEMENT_3D('',#1661,#1662,#1663);
#1661=CARTESIAN_POINT('',(-8.,72.5000000001,4.92920336657422E-15));
#1662=DIRECTION('',(0.,-1.,-6.12323399573677E-17));
#1663=DIRECTION('',(-1.,-7.49879891330929E-33,1.22464679914735E-16));
#1664=FACE_OUTER_BOUND('',#1665,.T.);
#1665=EDGE_LOOP('',(#4867));
#1666=FACE_OUTER_BOUND('',#1667,.T.);
#1667=EDGE_LOOP('',(#4868));
#1668=CYLINDRICAL_SURFACE('',#1669,1.6);
#1669=AXIS2_PLACEMENT_3D('',#1670,#1671,#1672);
#1670=CARTESIAN_POINT('',(1.46957615897682E-15,72.5000000001,8.));
#1671=DIRECTION('',(0.,-1.,-6.12323399573677E-17));
#1672=DIRECTION('',(-1.,-7.49879891330929E-33,1.22464679914735E-16));
#1673=FACE_BOUND('',#1674,.T.);
#1674=EDGE_LOOP('',(#4869,#4870,#4871,#4872));
#1675=PLANE('',#1676);
#1676=AXIS2_PLACEMENT_3D('',#1677,#1678,#1679);
#1677=CARTESIAN_POINT('',(3.29089653438094,7.4,8.));
#1678=DIRECTION('',(0.866025403784439,3.41607084500048E-16,-0.5));
#1679=DIRECTION('',(-0.5,2.46374057321108E-16,-0.866025403784439));
#1680=FACE_BOUND('',#1681,.T.);
#1681=EDGE_LOOP('',(#4873,#4874,#4875,#4876));
#1682=PLANE('',#1683);
#1683=AXIS2_PLACEMENT_3D('',#1684,#1685,#1686);
#1684=CARTESIAN_POINT('',(1.64544826719047,7.4,10.8500000000001));
#1685=DIRECTION('',(0.866025403784439,0.,0.5));
#1686=DIRECTION('',(0.5,0.,-0.866025403784439));
#1687=FACE_BOUND('',#1688,.T.);
#1688=EDGE_LOOP('',(#4877,#4878,#4879,#4880));
#1689=PLANE('',#1690);
#1690=AXIS2_PLACEMENT_3D('',#1691,#1692,#1693);
#1691=CARTESIAN_POINT('',(-1.64544826719047,7.4,10.8500000000001));
#1692=DIRECTION('',(0.,0.,1.));
#1693=DIRECTION('',(1.,0.,0.));
#1694=FACE_BOUND('',#1695,.T.);
#1695=EDGE_LOOP('',(#4881,#4882,#4883,#4884));
#1696=PLANE('',#1697);
#1697=AXIS2_PLACEMENT_3D('',#1698,#1699,#1700);
#1698=CARTESIAN_POINT('',(-3.29089653438093,7.4,8.));
#1699=DIRECTION('',(-0.866025403784439,0.,0.5));
#1700=DIRECTION('',(0.5,0.,0.866025403784439));
#1701=FACE_BOUND('',#1702,.T.);
#1702=EDGE_LOOP('',(#4885,#4886,#4887,#4888));
#1703=PLANE('',#1704);
#1704=AXIS2_PLACEMENT_3D('',#1705,#1706,#1707);
#1705=CARTESIAN_POINT('',(-1.48839664994206,7.4,4.87797861951484));
#1706=DIRECTION('',(-0.866025403784439,0.,-0.5));
#1707=DIRECTION('',(-0.5,-2.46374057321124E-16,0.866025403784439));
#1708=FACE_BOUND('',#1709,.T.);
#1709=EDGE_LOOP('',(#4889,#4890,#4891,#4892));
#1710=PLANE('',#1711);
#1711=AXIS2_PLACEMENT_3D('',#1712,#1713,#1714);
#1712=CARTESIAN_POINT('',(-8.,7.4,3.29089653438087));
#1713=DIRECTION('',(0.5,0.,0.866025403784439));
#1714=DIRECTION('',(0.866025403784439,0.,-0.5));
#1715=FACE_BOUND('',#1716,.T.);
#1716=EDGE_LOOP('',(#4893,#4894,#4895,#4896));
#1717=PLANE('',#1718);
#1718=AXIS2_PLACEMENT_3D('',#1719,#1720,#1721);
#1719=CARTESIAN_POINT('',(-10.85,7.4,1.64544826719043));
#1720=DIRECTION('',(-0.5,-7.39601033224448E-17,0.866025403784439));
#1721=DIRECTION('',(0.866025403784439,0.,0.5));
#1722=FACE_BOUND('',#1723,.T.);
#1723=EDGE_LOOP('',(#4897,#4898,#4899,#4900));
#1724=PLANE('',#1725);
#1725=AXIS2_PLACEMENT_3D('',#1726,#1727,#1728);
#1726=CARTESIAN_POINT('',(-10.85,7.4,-1.64544826719043));
#1727=DIRECTION('',(-1.,0.,0.));
#1728=DIRECTION('',(0.,0.,1.));
#1729=FACE_BOUND('',#1730,.T.);
#1730=EDGE_LOOP('',(#4901,#4902,#4903,#4904));
#1731=PLANE('',#1732);
#1732=AXIS2_PLACEMENT_3D('',#1733,#1734,#1735);
#1733=CARTESIAN_POINT('',(-8.,7.4,-3.29089653438087));
#1734=DIRECTION('',(-0.5,0.,-0.866025403784439));
#1735=DIRECTION('',(-0.866025403784439,0.,0.5));
#1736=FACE_BOUND('',#1737,.T.);
#1737=EDGE_LOOP('',(#4905,#4906,#4907,#4908));
#1738=PLANE('',#1739);
#1739=AXIS2_PLACEMENT_3D('',#1740,#1741,#1742);
#1740=CARTESIAN_POINT('',(-4.87797861951496,7.4,-1.48839664994206));
#1741=DIRECTION('',(0.5,7.39601033224448E-17,-0.866025403784439));
#1742=DIRECTION('',(-0.866025403784439,0.,-0.5));
#1743=FACE_BOUND('',#1744,.T.);
#1744=EDGE_LOOP('',(#4909,#4910,#4911,#4912));
#1745=PLANE('',#1746);
#1746=AXIS2_PLACEMENT_3D('',#1747,#1748,#1749);
#1747=CARTESIAN_POINT('',(-3.29089653438087,7.4,-8.));
#1748=DIRECTION('',(-0.866025403784438,-1.23259516440783E-32,0.500000000000001));
#1749=DIRECTION('',(0.500000000000001,-2.46374057321129E-16,0.866025403784438));
#1750=FACE_BOUND('',#1751,.T.);
#1751=EDGE_LOOP('',(#4913,#4914,#4915,#4916));
#1752=PLANE('',#1753);
#1753=AXIS2_PLACEMENT_3D('',#1754,#1755,#1756);
#1754=CARTESIAN_POINT('',(-1.64544826719043,7.4,-10.85));
#1755=DIRECTION('',(-0.866025403784439,0.,-0.5));
#1756=DIRECTION('',(-0.5,0.,0.866025403784439));
#1757=FACE_BOUND('',#1758,.T.);
#1758=EDGE_LOOP('',(#4917,#4918,#4919,#4920));
#1759=PLANE('',#1760);
#1760=AXIS2_PLACEMENT_3D('',#1761,#1762,#1763);
#1761=CARTESIAN_POINT('',(1.64544826719043,7.4,-10.85));
#1762=DIRECTION('',(-5.39778999686615E-16,0.,-1.));
#1763=DIRECTION('',(-1.,0.,5.39778999686615E-16));
#1764=FACE_BOUND('',#1765,.T.);
#1765=EDGE_LOOP('',(#4921,#4922,#4923,#4924));
#1766=PLANE('',#1767);
#1767=AXIS2_PLACEMENT_3D('',#1768,#1769,#1770);
#1768=CARTESIAN_POINT('',(3.29089653438087,7.4,-8.));
#1769=DIRECTION('',(0.866025403784439,3.41607084500048E-16,-0.5));
#1770=DIRECTION('',(-0.5,0.,-0.866025403784439));
#1771=FACE_BOUND('',#1772,.T.);
#1772=EDGE_LOOP('',(#4925,#4926,#4927,#4928));
#1773=PLANE('',#1774);
#1774=AXIS2_PLACEMENT_3D('',#1775,#1776,#1777);
#1775=CARTESIAN_POINT('',(1.48839664994191,7.4,-4.87797861951469));
#1776=DIRECTION('',(0.866025403784439,-1.23259516440783E-32,0.499999999999999));
#1777=DIRECTION('',(0.499999999999999,2.46374057321112E-16,-0.866025403784439));
#1778=FACE_BOUND('',#1779,.T.);
#1779=EDGE_LOOP('',(#4929,#4930,#4931,#4932));
#1780=PLANE('',#1781);
#1781=AXIS2_PLACEMENT_3D('',#1782,#1783,#1784);
#1782=CARTESIAN_POINT('',(8.,7.4,-3.29089653438087));
#1783=DIRECTION('',(-0.5,1.4792020664489E-16,-0.866025403784439));
#1784=DIRECTION('',(-0.866025403784439,0.,0.5));
#1785=FACE_BOUND('',#1786,.T.);
#1786=EDGE_LOOP('',(#4933,#4934,#4935,#4936));
#1787=PLANE('',#1788);
#1788=AXIS2_PLACEMENT_3D('',#1789,#1790,#1791);
#1789=CARTESIAN_POINT('',(10.85,7.4,-1.64544826719043));
#1790=DIRECTION('',(0.5,7.39601033224448E-17,-0.866025403784439));
#1791=DIRECTION('',(-0.866025403784439,0.,-0.5));
#1792=FACE_BOUND('',#1793,.T.);
#1793=EDGE_LOOP('',(#4937,#4938,#4939,#4940));
#1794=PLANE('',#1795);
#1795=AXIS2_PLACEMENT_3D('',#1796,#1797,#1798);
#1796=CARTESIAN_POINT('',(10.85,7.4,1.64544826719043));
#1797=DIRECTION('',(1.,9.21961651786484E-32,-1.07955799937323E-15));
#1798=DIRECTION('',(-1.07955799937323E-15,0.,-1.));
#1799=FACE_BOUND('',#1800,.T.);
#1800=EDGE_LOOP('',(#4941,#4942,#4943,#4944));
#1801=PLANE('',#1802);
#1802=AXIS2_PLACEMENT_3D('',#1803,#1804,#1805);
#1803=CARTESIAN_POINT('',(8.,7.4,3.29089653438087));
#1804=DIRECTION('',(0.5,-1.4792020664489E-16,0.866025403784439));
#1805=DIRECTION('',(0.866025403784439,0.,-0.5));
#1806=FACE_BOUND('',#1807,.T.);
#1807=EDGE_LOOP('',(#4945,#4946,#4947,#4948));
#1808=PLANE('',#1809);
#1809=AXIS2_PLACEMENT_3D('',#1810,#1811,#1812);
#1810=CARTESIAN_POINT('',(4.87797861951464,7.4,1.48839664994188));
#1811=DIRECTION('',(-0.5,0.,0.866025403784439));
#1812=DIRECTION('',(0.866025403784439,0.,0.5));
#1813=ORIENTED_EDGE('',*,*,#4949,.T.);
#1814=ORIENTED_EDGE('',*,*,#4950,.T.);
#1815=ORIENTED_EDGE('',*,*,#4951,.F.);
#1816=ORIENTED_EDGE('',*,*,#4952,.F.);
#1817=ORIENTED_EDGE('',*,*,#4953,.F.);
#1818=ORIENTED_EDGE('',*,*,#4954,.F.);
#1819=ORIENTED_EDGE('',*,*,#4955,.F.);
#1820=CARTESIAN_POINT('',(-12.7241380342224,5.9397361760363E-16,-9.70032531856823));
#1821=CARTESIAN_POINT('',(-12.6170961616781,5.92935357280441E-16,-9.6833692407193));
#1822=CARTESIAN_POINT('',(-12.5105680024277,5.9174485839228E-16,-9.66392691842703));
#1823=CARTESIAN_POINT('',(-12.3004716865261,5.89083860736911E-16,-9.62046952879891));
#1824=CARTESIAN_POINT('',(-12.1967021592997,5.87633157612623E-16,-9.59677774884573));
#1825=CARTESIAN_POINT('',(-11.992796088203,5.84411292599902E-16,-9.5441607001593));
#1826=CARTESIAN_POINT('',(-11.8922081844908,5.82679099406174E-16,-9.51587183850655));
#1827=CARTESIAN_POINT('',(-11.6951961276774,5.78865963312181E-16,-9.45359860026924));
#1828=CARTESIAN_POINT('',(-11.5981355561227,5.76837572500063E-16,-9.42047246441471));
#1829=CARTESIAN_POINT('',(-11.4090231591283,5.72380503116662E-16,-9.34768299750059));
#1830=CARTESIAN_POINT('',(-11.3159125995868,5.70035822111688E-16,-9.30939145080147));
#1831=CARTESIAN_POINT('',(-11.1364514873533,5.64827282857766E-16,-9.22432954956516));
#1832=CARTESIAN_POINT('',(-11.0493763592062,5.62021975372884E-16,-9.17851540157025));
#1833=CARTESIAN_POINT('',(-10.96405750434,5.58989533666176E-16,-9.12899187023338));
#1834=ORIENTED_EDGE('',*,*,#4956,.T.);
#1835=ORIENTED_EDGE('',*,*,#4957,.F.);
#1836=ORIENTED_EDGE('',*,*,#4958,.F.);
#1837=ORIENTED_EDGE('',*,*,#4951,.T.);
#1838=CARTESIAN_POINT('',(-10.96405750434,5.58989533666176E-16,-9.12899187023338));
#1839=CARTESIAN_POINT('',(-10.8952184073009,5.56243155052603E-16,-9.08414010374063));
#1840=CARTESIAN_POINT('',(-10.8226523831882,5.54268282111493E-16,-9.05188798104721));
#1841=CARTESIAN_POINT('',(-10.7025244089948,5.52373505858309E-16,-9.0209439365357));
#1842=CARTESIAN_POINT('',(-10.6564668321025,5.51830297041271E-16,-9.01207266332589));
#1843=CARTESIAN_POINT('',(-10.5749889116567,5.51694443315094E-16,-9.00985400360667));
#1844=CARTESIAN_POINT('',(-10.5377158170998,5.51838468009629E-16,-9.01220610536589));
#1845=CARTESIAN_POINT('',(-10.4700924504863,5.5264960989904E-16,-9.02545305771127));
#1846=CARTESIAN_POINT('',(-10.4378383650153,5.532461821348E-16,-9.03519582168493));
#1847=CARTESIAN_POINT('',(-10.3792782983095,5.54809372688379E-16,-9.06072466077008));
#1848=CARTESIAN_POINT('',(-10.351349277224,5.55777394841954E-16,-9.07653366225932));
#1849=CARTESIAN_POINT('',(-10.3013493544697,5.57995537395501E-16,-9.11275867922081));
#1850=CARTESIAN_POINT('',(-10.2785222986199,5.59256836768536E-16,-9.13335726117788));
#1851=CARTESIAN_POINT('',(-10.2576215138239,5.60681305663163E-16,-9.15662060364721));
#1852=ORIENTED_EDGE('',*,*,#4959,.T.);
#1853=ORIENTED_EDGE('',*,*,#4955,.T.);
#1854=ORIENTED_EDGE('',*,*,#4960,.F.);
#1855=ORIENTED_EDGE('',*,*,#4961,.F.);
#1856=CARTESIAN_POINT('',(-10.96405750434,5.58989533666176E-16,-9.12899187023338));
#1857=CARTESIAN_POINT('',(-10.8952184073009,5.56243155052603E-16,-9.08414010374063));
#1858=CARTESIAN_POINT('',(-10.8226523831882,5.54268282111493E-16,-9.05188798104721));
#1859=CARTESIAN_POINT('',(-10.7025244089948,5.52373505858309E-16,-9.0209439365357));
#1860=CARTESIAN_POINT('',(-10.6564668321025,5.51830297041271E-16,-9.01207266332589));
#1861=CARTESIAN_POINT('',(-10.5749889116567,5.51694443315094E-16,-9.00985400360667));
#1862=CARTESIAN_POINT('',(-10.5377158170998,5.51838468009629E-16,-9.01220610536589));
#1863=CARTESIAN_POINT('',(-10.4700924504863,5.5264960989904E-16,-9.02545305771127));
#1864=CARTESIAN_POINT('',(-10.4378383650153,5.532461821348E-16,-9.03519582168493));
#1865=CARTESIAN_POINT('',(-10.3792782983095,5.54809372688379E-16,-9.06072466077008));
#1866=CARTESIAN_POINT('',(-10.351349277224,5.55777394841954E-16,-9.07653366225932));
#1867=CARTESIAN_POINT('',(-10.3013493544697,5.57995537395501E-16,-9.11275867922081));
#1868=CARTESIAN_POINT('',(-10.2785222986199,5.59256836768536E-16,-9.13335726117788));
#1869=CARTESIAN_POINT('',(-10.2576215138239,5.60681305663163E-16,-9.15662060364721));
#1870=ORIENTED_EDGE('',*,*,#4962,.T.);
#1871=ORIENTED_EDGE('',*,*,#4963,.F.);
#1872=ORIENTED_EDGE('',*,*,#4964,.F.);
#1873=ORIENTED_EDGE('',*,*,#4957,.T.);
#1874=ORIENTED_EDGE('',*,*,#4965,.T.);
#1875=ORIENTED_EDGE('',*,*,#4961,.T.);
#1876=ORIENTED_EDGE('',*,*,#4966,.F.);
#1877=ORIENTED_EDGE('',*,*,#4967,.F.);
#1878=ORIENTED_EDGE('',*,*,#4968,.T.);
#1879=ORIENTED_EDGE('',*,*,#4969,.F.);
#1880=ORIENTED_EDGE('',*,*,#4970,.F.);
#1881=ORIENTED_EDGE('',*,*,#4963,.T.);
#1882=CARTESIAN_POINT('',(-10.1786730915286,5.6605022494301E-16,-9.24430170947438));
#1883=CARTESIAN_POINT('',(-10.1577219149993,5.67471915547541E-16,-9.26751967902317));
#1884=CARTESIAN_POINT('',(-10.1396222512983,5.68993854233839E-16,-9.29237482398998));
#1885=CARTESIAN_POINT('',(-10.108822093859,5.7227055370186E-16,-9.34588738729072));
#1886=CARTESIAN_POINT('',(-10.0960190733887,5.74072530452107E-16,-9.3753159009079));
#1887=CARTESIAN_POINT('',(-10.0767512777368,5.77802055048157E-16,-9.43622365975962));
#1888=CARTESIAN_POINT('',(-10.070433355632,5.79828587734772E-16,-9.4693194501218));
#1889=CARTESIAN_POINT('',(-10.0643275380707,5.84031428733111E-16,-9.53795705242909));
#1890=CARTESIAN_POINT('',(-10.0658844206663,5.86316299429097E-16,-9.57527182265634));
#1891=CARTESIAN_POINT('',(-10.0766076881499,5.91263851848971E-16,-9.65607148543779));
#1892=CARTESIAN_POINT('',(-10.0902446913312,5.9401183484895E-16,-9.70094945354896));
#1893=CARTESIAN_POINT('',(-10.133576013667,6.01129198366056E-16,-9.81718482071052));
#1894=CARTESIAN_POINT('',(-10.1732366708437,6.05341814048783E-16,-9.88598205572816));
#1895=CARTESIAN_POINT('',(-10.2250383796929,6.09246827113447E-16,-9.94975575876454));
#1896=ORIENTED_EDGE('',*,*,#4971,.T.);
#1897=ORIENTED_EDGE('',*,*,#4967,.T.);
#1898=ORIENTED_EDGE('',*,*,#4972,.F.);
#1899=ORIENTED_EDGE('',*,*,#4973,.F.);
#1900=CARTESIAN_POINT('',(-10.1786730915286,5.6605022494301E-16,-9.24430170947438));
#1901=CARTESIAN_POINT('',(-10.1577219149993,5.67471915547541E-16,-9.26751967902317));
#1902=CARTESIAN_POINT('',(-10.1396222512983,5.68993854233839E-16,-9.29237482398998));
#1903=CARTESIAN_POINT('',(-10.108822093859,5.7227055370186E-16,-9.34588738729072));
#1904=CARTESIAN_POINT('',(-10.0960190733887,5.74072530452107E-16,-9.3753159009079));
#1905=CARTESIAN_POINT('',(-10.0767512777368,5.77802055048157E-16,-9.43622365975962));
#1906=CARTESIAN_POINT('',(-10.070433355632,5.79828587734772E-16,-9.4693194501218));
#1907=CARTESIAN_POINT('',(-10.0643275380707,5.84031428733111E-16,-9.53795705242909));
#1908=CARTESIAN_POINT('',(-10.0658844206663,5.86316299429097E-16,-9.57527182265634));
#1909=CARTESIAN_POINT('',(-10.0766076881499,5.91263851848971E-16,-9.65607148543779));
#1910=CARTESIAN_POINT('',(-10.0902446913312,5.9401183484895E-16,-9.70094945354896));
#1911=CARTESIAN_POINT('',(-10.133576013667,6.01129198366056E-16,-9.81718482071052));
#1912=CARTESIAN_POINT('',(-10.1732366708437,6.05341814048783E-16,-9.88598205572816));
#1913=CARTESIAN_POINT('',(-10.2250383796929,6.09246827113447E-16,-9.94975575876454));
#1914=ORIENTED_EDGE('',*,*,#4974,.T.);
#1915=ORIENTED_EDGE('',*,*,#4975,.F.);
#1916=ORIENTED_EDGE('',*,*,#4976,.F.);
#1917=ORIENTED_EDGE('',*,*,#4969,.T.);
#1918=CARTESIAN_POINT('',(-10.2250383796929,6.09246827113447E-16,-9.94975575876454));
#1919=CARTESIAN_POINT('',(-10.2832088647303,6.14125504653029E-16,-10.0294306093905));
#1920=CARTESIAN_POINT('',(-10.3378738673629,6.19134875787036E-16,-10.111239848389));
#1921=CARTESIAN_POINT('',(-10.4412285848822,6.29519061089626E-16,-10.2808264640535));
#1922=CARTESIAN_POINT('',(-10.4890430701848,6.3494411988065E-16,-10.3694243976749));
#1923=CARTESIAN_POINT('',(-10.5812014170258,6.459945885239E-16,-10.5498922460528));
#1924=CARTESIAN_POINT('',(-10.6242916768306,6.51693252140333E-16,-10.6429584855661));
#1925=CARTESIAN_POINT('',(-10.7068171432969,6.63292094956861E-16,-10.8323819638229));
#1926=CARTESIAN_POINT('',(-10.745465334604,6.69236523258672E-16,-10.9294618452377));
#1927=CARTESIAN_POINT('',(-10.819108129855,6.81316994850359E-16,-11.126750918301));
#1928=CARTESIAN_POINT('',(-10.8535169929737,6.87484597894422E-16,-11.2274755198491));
#1929=CARTESIAN_POINT('',(-10.9186973635138,7.00000662825212E-16,-11.4318783719939));
#1930=CARTESIAN_POINT('',(-10.9491684035114,7.06363456764423E-16,-11.5357906827703));
#1931=CARTESIAN_POINT('',(-10.9772205166341,7.12773447515394E-16,-11.6404737759761));
#1932=ORIENTED_EDGE('',*,*,#4977,.T.);
#1933=ORIENTED_EDGE('',*,*,#4973,.T.);
#1934=ORIENTED_EDGE('',*,*,#4978,.F.);
#1935=ORIENTED_EDGE('',*,*,#4979,.F.);
#1936=CARTESIAN_POINT('',(-10.2250383796929,6.09246827113447E-16,-9.94975575876454));
#1937=CARTESIAN_POINT('',(-10.2832088647303,6.14125504653029E-16,-10.0294306093905));
#1938=CARTESIAN_POINT('',(-10.3378738673629,6.19134875787036E-16,-10.111239848389));
#1939=CARTESIAN_POINT('',(-10.4412285848822,6.29519061089626E-16,-10.2808264640535));
#1940=CARTESIAN_POINT('',(-10.4890430701848,6.3494411988065E-16,-10.3694243976749));
#1941=CARTESIAN_POINT('',(-10.5812014170258,6.459945885239E-16,-10.5498922460528));
#1942=CARTESIAN_POINT('',(-10.6242916768306,6.51693252140333E-16,-10.6429584855661));
#1943=CARTESIAN_POINT('',(-10.7068171432969,6.63292094956861E-16,-10.8323819638229));
#1944=CARTESIAN_POINT('',(-10.745465334604,6.69236523258672E-16,-10.9294618452377));
#1945=CARTESIAN_POINT('',(-10.819108129855,6.81316994850359E-16,-11.126750918301));
#1946=CARTESIAN_POINT('',(-10.8535169929737,6.87484597894422E-16,-11.2274755198491));
#1947=CARTESIAN_POINT('',(-10.9186973635138,7.00000662825212E-16,-11.4318783719939));
#1948=CARTESIAN_POINT('',(-10.9491684035114,7.06363456764423E-16,-11.5357906827703));
#1949=CARTESIAN_POINT('',(-10.9772205166341,7.12773447515394E-16,-11.6404737759761));
#1950=ORIENTED_EDGE('',*,*,#4980,.T.);
#1951=ORIENTED_EDGE('',*,*,#4981,.T.);
#1952=ORIENTED_EDGE('',*,*,#4982,.T.);
#1953=ORIENTED_EDGE('',*,*,#4975,.T.);
#1954=ORIENTED_EDGE('',*,*,#4983,.T.);
#1955=ORIENTED_EDGE('',*,*,#4979,.T.);
#1956=ORIENTED_EDGE('',*,*,#4984,.F.);
#1957=ORIENTED_EDGE('',*,*,#4985,.T.);
#1958=ORIENTED_EDGE('',*,*,#4986,.T.);
#1959=ORIENTED_EDGE('',*,*,#4985,.F.);
#1960=ORIENTED_EDGE('',*,*,#4987,.F.);
#1961=ORIENTED_EDGE('',*,*,#4988,.F.);
#1962=ORIENTED_EDGE('',*,*,#4989,.F.);
#1963=ORIENTED_EDGE('',*,*,#4981,.F.);
#1964=CARTESIAN_POINT('',(-10.4292740511145,7.42983843857173E-16,-12.1338469895886));
#1965=CARTESIAN_POINT('',(-10.3280966671226,7.40605530568466E-16,-12.0950061860139));
#1966=CARTESIAN_POINT('',(-10.2279386898423,7.38084845535197E-16,-12.0538402754015));
#1967=CARTESIAN_POINT('',(-10.0314687818763,7.3280727781308E-16,-11.967651053729));
#1968=CARTESIAN_POINT('',(-9.93489266581905,7.3006719455231E-16,-11.9229020981496));
#1969=CARTESIAN_POINT('',(-9.746382131159,7.24319823277535E-16,-11.8290404022096));
#1970=CARTESIAN_POINT('',(-9.65387389953763,7.2134490617302E-16,-11.7804563189198));
#1971=CARTESIAN_POINT('',(-9.4741143631046,7.15106951648438E-16,-11.6785827905045));
#1972=CARTESIAN_POINT('',(-9.38606210882823,7.11887215735309E-16,-11.6260005126532));
#1973=CARTESIAN_POINT('',(-9.21621605257897,7.05119969340576E-16,-11.5154829920187));
#1974=CARTESIAN_POINT('',(-9.13310144237876,7.01641142218477E-16,-11.4586694336193));
#1975=CARTESIAN_POINT('',(-8.97524734973272,6.94261717100622E-16,-11.3381542757307));
#1976=CARTESIAN_POINT('',(-8.89960031902506,6.90409165882591E-16,-11.2752373396686));
#1977=CARTESIAN_POINT('',(-8.82644240697582,6.863568028439E-16,-11.2090572289377));
#1978=ORIENTED_EDGE('',*,*,#4990,.T.);
#1979=ORIENTED_EDGE('',*,*,#4991,.F.);
#1980=ORIENTED_EDGE('',*,*,#4992,.F.);
#1981=ORIENTED_EDGE('',*,*,#4993,.F.);
#1982=ORIENTED_EDGE('',*,*,#4994,.F.);
#1983=ORIENTED_EDGE('',*,*,#4995,.F.);
#1984=CARTESIAN_POINT('',(12.7241380342224,-5.9397361760363E-16,9.70032531856823));
#1985=CARTESIAN_POINT('',(12.6170961616781,-5.92935357280441E-16,9.6833692407193));
#1986=CARTESIAN_POINT('',(12.5105680024277,-5.9174485839228E-16,9.66392691842703));
#1987=CARTESIAN_POINT('',(12.3004716865261,-5.89083860736911E-16,9.62046952879891));
#1988=CARTESIAN_POINT('',(12.1967021592997,-5.87633157612623E-16,9.59677774884573));
#1989=CARTESIAN_POINT('',(11.992796088203,-5.84411292599902E-16,9.5441607001593));
#1990=CARTESIAN_POINT('',(11.8922081844908,-5.82679099406174E-16,9.51587183850655));
#1991=CARTESIAN_POINT('',(11.6951961276774,-5.78865963312181E-16,9.45359860026924));
#1992=CARTESIAN_POINT('',(11.5981355561227,-5.76837572500063E-16,9.42047246441471));
#1993=CARTESIAN_POINT('',(11.4090231591283,-5.72380503116662E-16,9.34768299750059));
#1994=CARTESIAN_POINT('',(11.3159125995868,-5.70035822111688E-16,9.30939145080147));
#1995=CARTESIAN_POINT('',(11.1364514873533,-5.64827282857766E-16,9.22432954956516));
#1996=CARTESIAN_POINT('',(11.0493763592062,-5.62021975372885E-16,9.17851540157025));
#1997=CARTESIAN_POINT('',(10.96405750434,-5.58989533666176E-16,9.12899187023338));
#1998=ORIENTED_EDGE('',*,*,#4996,.T.);
#1999=ORIENTED_EDGE('',*,*,#4997,.F.);
#2000=ORIENTED_EDGE('',*,*,#4998,.F.);
#2001=ORIENTED_EDGE('',*,*,#4991,.T.);
#2002=CARTESIAN_POINT('',(10.96405750434,-5.58989533666176E-16,9.12899187023338));
#2003=CARTESIAN_POINT('',(10.8952184073009,-5.56243155052603E-16,9.08414010374063));
#2004=CARTESIAN_POINT('',(10.8226523831882,-5.54268282111493E-16,9.05188798104721));
#2005=CARTESIAN_POINT('',(10.7025244089948,-5.52373505858309E-16,9.0209439365357));
#2006=CARTESIAN_POINT('',(10.6564668321025,-5.51830297041271E-16,9.01207266332589));
#2007=CARTESIAN_POINT('',(10.5749889116567,-5.51694443315094E-16,9.00985400360667));
#2008=CARTESIAN_POINT('',(10.5377158170998,-5.51838468009629E-16,9.01220610536589));
#2009=CARTESIAN_POINT('',(10.4700924504863,-5.5264960989904E-16,9.02545305771127));
#2010=CARTESIAN_POINT('',(10.4378383650153,-5.532461821348E-16,9.03519582168493));
#2011=CARTESIAN_POINT('',(10.3792782983095,-5.54809372688379E-16,9.06072466077008));
#2012=CARTESIAN_POINT('',(10.351349277224,-5.55777394841954E-16,9.07653366225932));
#2013=CARTESIAN_POINT('',(10.3013493544697,-5.57995537395501E-16,9.11275867922081));
#2014=CARTESIAN_POINT('',(10.2785222986199,-5.59256836768536E-16,9.13335726117788));
#2015=CARTESIAN_POINT('',(10.2576215138239,-5.60681305663163E-16,9.15662060364721));
#2016=ORIENTED_EDGE('',*,*,#4999,.T.);
#2017=ORIENTED_EDGE('',*,*,#4995,.T.);
#2018=ORIENTED_EDGE('',*,*,#5000,.F.);
#2019=ORIENTED_EDGE('',*,*,#5001,.F.);
#2020=CARTESIAN_POINT('',(10.96405750434,-5.58989533666176E-16,9.12899187023338));
#2021=CARTESIAN_POINT('',(10.8952184073009,-5.56243155052603E-16,9.08414010374063));
#2022=CARTESIAN_POINT('',(10.8226523831882,-5.54268282111493E-16,9.05188798104721));
#2023=CARTESIAN_POINT('',(10.7025244089948,-5.52373505858309E-16,9.0209439365357));
#2024=CARTESIAN_POINT('',(10.6564668321025,-5.51830297041271E-16,9.01207266332589));
#2025=CARTESIAN_POINT('',(10.5749889116567,-5.51694443315094E-16,9.00985400360667));
#2026=CARTESIAN_POINT('',(10.5377158170998,-5.51838468009629E-16,9.01220610536589));
#2027=CARTESIAN_POINT('',(10.4700924504863,-5.5264960989904E-16,9.02545305771127));
#2028=CARTESIAN_POINT('',(10.4378383650153,-5.532461821348E-16,9.03519582168493));
#2029=CARTESIAN_POINT('',(10.3792782983095,-5.54809372688379E-16,9.06072466077008));
#2030=CARTESIAN_POINT('',(10.351349277224,-5.55777394841954E-16,9.07653366225932));
#2031=CARTESIAN_POINT('',(10.3013493544697,-5.57995537395501E-16,9.11275867922081));
#2032=CARTESIAN_POINT('',(10.2785222986199,-5.59256836768536E-16,9.13335726117788));
#2033=CARTESIAN_POINT('',(10.2576215138239,-5.60681305663163E-16,9.15662060364721));
#2034=ORIENTED_EDGE('',*,*,#5002,.T.);
#2035=ORIENTED_EDGE('',*,*,#5003,.F.);
#2036=ORIENTED_EDGE('',*,*,#5004,.F.);
#2037=ORIENTED_EDGE('',*,*,#4997,.T.);
#2038=ORIENTED_EDGE('',*,*,#5005,.T.);
#2039=ORIENTED_EDGE('',*,*,#5001,.T.);
#2040=ORIENTED_EDGE('',*,*,#5006,.F.);
#2041=ORIENTED_EDGE('',*,*,#5007,.F.);
#2042=ORIENTED_EDGE('',*,*,#5008,.T.);
#2043=ORIENTED_EDGE('',*,*,#5009,.F.);
#2044=ORIENTED_EDGE('',*,*,#5010,.F.);
#2045=ORIENTED_EDGE('',*,*,#5003,.T.);
#2046=CARTESIAN_POINT('',(10.1786730915286,-5.6605022494301E-16,9.24430170947438));
#2047=CARTESIAN_POINT('',(10.1577219149993,-5.67471915547541E-16,9.26751967902317));
#2048=CARTESIAN_POINT('',(10.1396222512983,-5.68993854233839E-16,9.29237482398998));
#2049=CARTESIAN_POINT('',(10.108822093859,-5.7227055370186E-16,9.34588738729072));
#2050=CARTESIAN_POINT('',(10.0960190733887,-5.74072530452107E-16,9.3753159009079));
#2051=CARTESIAN_POINT('',(10.0767512777368,-5.77802055048157E-16,9.43622365975962));
#2052=CARTESIAN_POINT('',(10.070433355632,-5.79828587734772E-16,9.4693194501218));
#2053=CARTESIAN_POINT('',(10.0643275380707,-5.84031428733111E-16,9.53795705242909));
#2054=CARTESIAN_POINT('',(10.0658844206663,-5.86316299429097E-16,9.57527182265634));
#2055=CARTESIAN_POINT('',(10.0766076881499,-5.91263851848971E-16,9.65607148543779));
#2056=CARTESIAN_POINT('',(10.0902446913312,-5.9401183484895E-16,9.70094945354896));
#2057=CARTESIAN_POINT('',(10.133576013667,-6.01129198366056E-16,9.81718482071052));
#2058=CARTESIAN_POINT('',(10.1732366708437,-6.05341814048783E-16,9.88598205572816));
#2059=CARTESIAN_POINT('',(10.2250383796929,-6.09246827113447E-16,9.94975575876454));
#2060=ORIENTED_EDGE('',*,*,#5011,.T.);
#2061=ORIENTED_EDGE('',*,*,#5007,.T.);
#2062=ORIENTED_EDGE('',*,*,#5012,.F.);
#2063=ORIENTED_EDGE('',*,*,#5013,.F.);
#2064=CARTESIAN_POINT('',(10.1786730915286,-5.6605022494301E-16,9.24430170947438));
#2065=CARTESIAN_POINT('',(10.1577219149993,-5.67471915547541E-16,9.26751967902317));
#2066=CARTESIAN_POINT('',(10.1396222512983,-5.68993854233839E-16,9.29237482398998));
#2067=CARTESIAN_POINT('',(10.108822093859,-5.7227055370186E-16,9.34588738729072));
#2068=CARTESIAN_POINT('',(10.0960190733887,-5.74072530452107E-16,9.3753159009079));
#2069=CARTESIAN_POINT('',(10.0767512777368,-5.77802055048157E-16,9.43622365975962));
#2070=CARTESIAN_POINT('',(10.070433355632,-5.79828587734772E-16,9.4693194501218));
#2071=CARTESIAN_POINT('',(10.0643275380707,-5.84031428733111E-16,9.53795705242909));
#2072=CARTESIAN_POINT('',(10.0658844206663,-5.86316299429097E-16,9.57527182265634));
#2073=CARTESIAN_POINT('',(10.0766076881499,-5.91263851848971E-16,9.65607148543779));
#2074=CARTESIAN_POINT('',(10.0902446913312,-5.9401183484895E-16,9.70094945354896));
#2075=CARTESIAN_POINT('',(10.133576013667,-6.01129198366056E-16,9.81718482071052));
#2076=CARTESIAN_POINT('',(10.1732366708437,-6.05341814048783E-16,9.88598205572816));
#2077=CARTESIAN_POINT('',(10.2250383796929,-6.09246827113447E-16,9.94975575876454));
#2078=ORIENTED_EDGE('',*,*,#5014,.T.);
#2079=ORIENTED_EDGE('',*,*,#5015,.F.);
#2080=ORIENTED_EDGE('',*,*,#5016,.F.);
#2081=ORIENTED_EDGE('',*,*,#5009,.T.);
#2082=CARTESIAN_POINT('',(10.2250383796929,-6.09246827113447E-16,9.94975575876454));
#2083=CARTESIAN_POINT('',(10.2832088647303,-6.14125504653029E-16,10.0294306093905));
#2084=CARTESIAN_POINT('',(10.3378738673629,-6.19134875787036E-16,10.111239848389));
#2085=CARTESIAN_POINT('',(10.4412285848822,-6.29519061089626E-16,10.2808264640535));
#2086=CARTESIAN_POINT('',(10.4890430701848,-6.3494411988065E-16,10.3694243976749));
#2087=CARTESIAN_POINT('',(10.5812014170258,-6.459945885239E-16,10.5498922460528));
#2088=CARTESIAN_POINT('',(10.6242916768306,-6.51693252140333E-16,10.6429584855661));
#2089=CARTESIAN_POINT('',(10.7068171432969,-6.63292094956861E-16,10.8323819638229));
#2090=CARTESIAN_POINT('',(10.745465334604,-6.69236523258672E-16,10.9294618452377));
#2091=CARTESIAN_POINT('',(10.819108129855,-6.81316994850359E-16,11.126750918301));
#2092=CARTESIAN_POINT('',(10.8535169929737,-6.87484597894422E-16,11.2274755198491));
#2093=CARTESIAN_POINT('',(10.9186973635138,-7.00000662825212E-16,11.4318783719939));
#2094=CARTESIAN_POINT('',(10.9491684035114,-7.06363456764423E-16,11.5357906827703));
#2095=CARTESIAN_POINT('',(10.9772205166341,-7.12773447515394E-16,11.6404737759761));
#2096=ORIENTED_EDGE('',*,*,#5017,.T.);
#2097=ORIENTED_EDGE('',*,*,#5013,.T.);
#2098=ORIENTED_EDGE('',*,*,#5018,.F.);
#2099=ORIENTED_EDGE('',*,*,#5019,.F.);
#2100=CARTESIAN_POINT('',(10.2250383796929,-6.09246827113447E-16,9.94975575876454));
#2101=CARTESIAN_POINT('',(10.2832088647303,-6.14125504653029E-16,10.0294306093905));
#2102=CARTESIAN_POINT('',(10.3378738673629,-6.19134875787036E-16,10.111239848389));
#2103=CARTESIAN_POINT('',(10.4412285848822,-6.29519061089626E-16,10.2808264640535));
#2104=CARTESIAN_POINT('',(10.4890430701848,-6.3494411988065E-16,10.3694243976749));
#2105=CARTESIAN_POINT('',(10.5812014170258,-6.459945885239E-16,10.5498922460528));
#2106=CARTESIAN_POINT('',(10.6242916768306,-6.51693252140333E-16,10.6429584855661));
#2107=CARTESIAN_POINT('',(10.7068171432969,-6.63292094956861E-16,10.8323819638229));
#2108=CARTESIAN_POINT('',(10.745465334604,-6.69236523258672E-16,10.9294618452377));
#2109=CARTESIAN_POINT('',(10.819108129855,-6.81316994850359E-16,11.126750918301));
#2110=CARTESIAN_POINT('',(10.8535169929737,-6.87484597894422E-16,11.2274755198491));
#2111=CARTESIAN_POINT('',(10.9186973635138,-7.00000662825212E-16,11.4318783719939));
#2112=CARTESIAN_POINT('',(10.9491684035114,-7.06363456764423E-16,11.5357906827703));
#2113=CARTESIAN_POINT('',(10.9772205166341,-7.12773447515394E-16,11.6404737759761));
#2114=ORIENTED_EDGE('',*,*,#5020,.T.);
#2115=ORIENTED_EDGE('',*,*,#5021,.T.);
#2116=ORIENTED_EDGE('',*,*,#5022,.T.);
#2117=ORIENTED_EDGE('',*,*,#5015,.T.);
#2118=ORIENTED_EDGE('',*,*,#5023,.T.);
#2119=ORIENTED_EDGE('',*,*,#5019,.T.);
#2120=ORIENTED_EDGE('',*,*,#5024,.F.);
#2121=ORIENTED_EDGE('',*,*,#5025,.T.);
#2122=ORIENTED_EDGE('',*,*,#5026,.T.);
#2123=ORIENTED_EDGE('',*,*,#5027,.T.);
#2124=ORIENTED_EDGE('',*,*,#5025,.F.);
#2125=ORIENTED_EDGE('',*,*,#5028,.F.);
#2126=ORIENTED_EDGE('',*,*,#5029,.F.);
#2127=ORIENTED_EDGE('',*,*,#5030,.F.);
#2128=ORIENTED_EDGE('',*,*,#5021,.F.);
#2129=CARTESIAN_POINT('',(10.4292740511145,-7.42983843857173E-16,12.1338469895886));
#2130=CARTESIAN_POINT('',(10.3280966671226,-7.40605530568467E-16,12.0950061860139));
#2131=CARTESIAN_POINT('',(10.2279386898423,-7.38084845535197E-16,12.0538402754015));
#2132=CARTESIAN_POINT('',(10.0314687818763,-7.3280727781308E-16,11.967651053729));
#2133=CARTESIAN_POINT('',(9.93489266581905,-7.3006719455231E-16,11.9229020981496));
#2134=CARTESIAN_POINT('',(9.746382131159,-7.24319823277535E-16,11.8290404022096));
#2135=CARTESIAN_POINT('',(9.65387389953763,-7.2134490617302E-16,11.7804563189198));
#2136=CARTESIAN_POINT('',(9.4741143631046,-7.15106951648438E-16,11.6785827905045));
#2137=CARTESIAN_POINT('',(9.38606210882823,-7.11887215735309E-16,11.6260005126532));
#2138=CARTESIAN_POINT('',(9.21621605257897,-7.05119969340576E-16,11.5154829920187));
#2139=CARTESIAN_POINT('',(9.13310144237876,-7.01641142218477E-16,11.4586694336193));
#2140=CARTESIAN_POINT('',(8.97524734973272,-6.94261717100622E-16,11.3381542757307));
#2141=CARTESIAN_POINT('',(8.89960031902506,-6.90409165882591E-16,11.2752373396686));
#2142=CARTESIAN_POINT('',(8.82644240697582,-6.863568028439E-16,11.2090572289377));
#2143=ORIENTED_EDGE('',*,*,#5031,.T.);
#2144=ORIENTED_EDGE('',*,*,#5032,.T.);
#2145=ORIENTED_EDGE('',*,*,#5033,.T.);
#2146=ORIENTED_EDGE('',*,*,#5034,.F.);
#2147=ORIENTED_EDGE('',*,*,#5035,.T.);
#2148=ORIENTED_EDGE('',*,*,#5036,.T.);
#2149=ORIENTED_EDGE('',*,*,#5037,.T.);
#2150=ORIENTED_EDGE('',*,*,#5038,.F.);
#2151=ORIENTED_EDGE('',*,*,#5039,.T.);
#2152=ORIENTED_EDGE('',*,*,#5040,.T.);
#2153=ORIENTED_EDGE('',*,*,#5041,.T.);
#2154=ORIENTED_EDGE('',*,*,#5042,.T.);
#2155=ORIENTED_EDGE('',*,*,#5043,.F.);
#2156=ORIENTED_EDGE('',*,*,#5044,.T.);
#2157=ORIENTED_EDGE('',*,*,#5045,.T.);
#2158=ORIENTED_EDGE('',*,*,#5046,.T.);
#2159=ORIENTED_EDGE('',*,*,#5047,.F.);
#2160=ORIENTED_EDGE('',*,*,#5048,.F.);
#2161=ORIENTED_EDGE('',*,*,#5049,.T.);
#2162=ORIENTED_EDGE('',*,*,#5050,.T.);
#2163=ORIENTED_EDGE('',*,*,#5049,.F.);
#2164=ORIENTED_EDGE('',*,*,#4971,.F.);
#2165=ORIENTED_EDGE('',*,*,#4977,.F.);
#2166=ORIENTED_EDGE('',*,*,#4983,.F.);
#2167=ORIENTED_EDGE('',*,*,#4986,.F.);
#2168=ORIENTED_EDGE('',*,*,#4980,.F.);
#2169=ORIENTED_EDGE('',*,*,#4974,.F.);
#2170=ORIENTED_EDGE('',*,*,#4968,.F.);
#2171=ORIENTED_EDGE('',*,*,#4962,.F.);
#2172=ORIENTED_EDGE('',*,*,#4956,.F.);
#2173=ORIENTED_EDGE('',*,*,#4950,.F.);
#2174=ORIENTED_EDGE('',*,*,#4949,.F.);
#2175=ORIENTED_EDGE('',*,*,#4959,.F.);
#2176=ORIENTED_EDGE('',*,*,#4965,.F.);
#2177=ORIENTED_EDGE('',*,*,#5023,.F.);
#2178=ORIENTED_EDGE('',*,*,#5027,.F.);
#2179=ORIENTED_EDGE('',*,*,#5026,.F.);
#2180=ORIENTED_EDGE('',*,*,#5020,.F.);
#2181=ORIENTED_EDGE('',*,*,#5014,.F.);
#2182=ORIENTED_EDGE('',*,*,#5008,.F.);
#2183=ORIENTED_EDGE('',*,*,#5002,.F.);
#2184=ORIENTED_EDGE('',*,*,#4996,.F.);
#2185=ORIENTED_EDGE('',*,*,#4990,.F.);
#2186=ORIENTED_EDGE('',*,*,#4999,.F.);
#2187=ORIENTED_EDGE('',*,*,#5005,.F.);
#2188=ORIENTED_EDGE('',*,*,#5011,.F.);
#2189=ORIENTED_EDGE('',*,*,#5017,.F.);
#2190=ORIENTED_EDGE('',*,*,#5050,.F.);
#2191=ORIENTED_EDGE('',*,*,#5051,.T.);
#2192=ORIENTED_EDGE('',*,*,#5052,.F.);
#2193=ORIENTED_EDGE('',*,*,#5053,.T.);
#2194=ORIENTED_EDGE('',*,*,#5054,.T.);
#2195=ORIENTED_EDGE('',*,*,#5055,.T.);
#2196=ORIENTED_EDGE('',*,*,#5056,.T.);
#2197=ORIENTED_EDGE('',*,*,#5057,.T.);
#2198=ORIENTED_EDGE('',*,*,#5058,.F.);
#2199=ORIENTED_EDGE('',*,*,#5059,.T.);
#2200=ORIENTED_EDGE('',*,*,#5060,.T.);
#2201=ORIENTED_EDGE('',*,*,#5061,.T.);
#2202=ORIENTED_EDGE('',*,*,#5062,.T.);
#2203=ORIENTED_EDGE('',*,*,#5063,.T.);
#2204=ORIENTED_EDGE('',*,*,#5064,.F.);
#2205=ORIENTED_EDGE('',*,*,#4952,.T.);
#2206=ORIENTED_EDGE('',*,*,#4958,.T.);
#2207=ORIENTED_EDGE('',*,*,#4964,.T.);
#2208=ORIENTED_EDGE('',*,*,#4970,.T.);
#2209=ORIENTED_EDGE('',*,*,#4976,.T.);
#2210=ORIENTED_EDGE('',*,*,#4982,.F.);
#2211=ORIENTED_EDGE('',*,*,#4989,.T.);
#2212=ORIENTED_EDGE('',*,*,#5065,.T.);
#2213=ORIENTED_EDGE('',*,*,#5066,.T.);
#2214=ORIENTED_EDGE('',*,*,#5067,.T.);
#2215=ORIENTED_EDGE('',*,*,#5068,.T.);
#2216=ORIENTED_EDGE('',*,*,#5069,.F.);
#2217=ORIENTED_EDGE('',*,*,#5070,.T.);
#2218=ORIENTED_EDGE('',*,*,#5071,.T.);
#2219=ORIENTED_EDGE('',*,*,#5072,.T.);
#2220=ORIENTED_EDGE('',*,*,#5073,.T.);
#2221=ORIENTED_EDGE('',*,*,#5074,.T.);
#2222=ORIENTED_EDGE('',*,*,#5075,.F.);
#2223=ORIENTED_EDGE('',*,*,#5076,.T.);
#2224=ORIENTED_EDGE('',*,*,#5077,.T.);
#2225=ORIENTED_EDGE('',*,*,#5078,.T.);
#2226=ORIENTED_EDGE('',*,*,#5079,.T.);
#2227=ORIENTED_EDGE('',*,*,#5080,.T.);
#2228=ORIENTED_EDGE('',*,*,#5081,.F.);
#2229=ORIENTED_EDGE('',*,*,#5082,.T.);
#2230=ORIENTED_EDGE('',*,*,#5083,.T.);
#2231=ORIENTED_EDGE('',*,*,#5084,.T.);
#2232=ORIENTED_EDGE('',*,*,#5085,.T.);
#2233=ORIENTED_EDGE('',*,*,#5086,.T.);
#2234=ORIENTED_EDGE('',*,*,#5087,.F.);
#2235=ORIENTED_EDGE('',*,*,#5088,.T.);
#2236=ORIENTED_EDGE('',*,*,#5089,.T.);
#2237=ORIENTED_EDGE('',*,*,#5090,.T.);
#2238=ORIENTED_EDGE('',*,*,#5091,.T.);
#2239=ORIENTED_EDGE('',*,*,#5092,.T.);
#2240=ORIENTED_EDGE('',*,*,#5093,.F.);
#2241=ORIENTED_EDGE('',*,*,#5094,.T.);
#2242=ORIENTED_EDGE('',*,*,#5095,.T.);
#2243=ORIENTED_EDGE('',*,*,#5096,.T.);
#2244=ORIENTED_EDGE('',*,*,#5097,.T.);
#2245=ORIENTED_EDGE('',*,*,#5098,.T.);
#2246=ORIENTED_EDGE('',*,*,#5099,.F.);
#2247=ORIENTED_EDGE('',*,*,#5100,.T.);
#2248=ORIENTED_EDGE('',*,*,#5101,.T.);
#2249=ORIENTED_EDGE('',*,*,#5102,.T.);
#2250=ORIENTED_EDGE('',*,*,#5103,.T.);
#2251=ORIENTED_EDGE('',*,*,#5104,.T.);
#2252=ORIENTED_EDGE('',*,*,#5105,.F.);
#2253=ORIENTED_EDGE('',*,*,#5106,.T.);
#2254=ORIENTED_EDGE('',*,*,#5107,.T.);
#2255=ORIENTED_EDGE('',*,*,#5108,.T.);
#2256=ORIENTED_EDGE('',*,*,#5109,.T.);
#2257=ORIENTED_EDGE('',*,*,#5110,.T.);
#2258=ORIENTED_EDGE('',*,*,#5111,.F.);
#2259=ORIENTED_EDGE('',*,*,#5112,.T.);
#2260=ORIENTED_EDGE('',*,*,#5113,.T.);
#2261=ORIENTED_EDGE('',*,*,#5114,.T.);
#2262=ORIENTED_EDGE('',*,*,#5115,.T.);
#2263=ORIENTED_EDGE('',*,*,#5116,.T.);
#2264=ORIENTED_EDGE('',*,*,#5117,.F.);
#2265=ORIENTED_EDGE('',*,*,#5118,.T.);
#2266=ORIENTED_EDGE('',*,*,#5119,.T.);
#2267=ORIENTED_EDGE('',*,*,#5120,.T.);
#2268=ORIENTED_EDGE('',*,*,#5121,.T.);
#2269=ORIENTED_EDGE('',*,*,#5122,.T.);
#2270=ORIENTED_EDGE('',*,*,#5123,.F.);
#2271=ORIENTED_EDGE('',*,*,#5124,.T.);
#2272=ORIENTED_EDGE('',*,*,#5125,.T.);
#2273=ORIENTED_EDGE('',*,*,#5126,.T.);
#2274=ORIENTED_EDGE('',*,*,#5127,.T.);
#2275=ORIENTED_EDGE('',*,*,#5128,.T.);
#2276=ORIENTED_EDGE('',*,*,#5129,.F.);
#2277=ORIENTED_EDGE('',*,*,#5130,.T.);
#2278=ORIENTED_EDGE('',*,*,#5131,.T.);
#2279=ORIENTED_EDGE('',*,*,#5132,.T.);
#2280=ORIENTED_EDGE('',*,*,#5133,.T.);
#2281=ORIENTED_EDGE('',*,*,#5134,.T.);
#2282=ORIENTED_EDGE('',*,*,#5135,.F.);
#2283=ORIENTED_EDGE('',*,*,#5136,.T.);
#2284=ORIENTED_EDGE('',*,*,#5137,.T.);
#2285=ORIENTED_EDGE('',*,*,#5138,.T.);
#2286=ORIENTED_EDGE('',*,*,#5139,.T.);
#2287=ORIENTED_EDGE('',*,*,#5140,.T.);
#2288=ORIENTED_EDGE('',*,*,#5141,.F.);
#2289=ORIENTED_EDGE('',*,*,#5142,.T.);
#2290=ORIENTED_EDGE('',*,*,#5143,.T.);
#2291=ORIENTED_EDGE('',*,*,#5144,.T.);
#2292=ORIENTED_EDGE('',*,*,#5145,.T.);
#2293=ORIENTED_EDGE('',*,*,#5146,.T.);
#2294=ORIENTED_EDGE('',*,*,#5147,.F.);
#2295=ORIENTED_EDGE('',*,*,#4992,.T.);
#2296=ORIENTED_EDGE('',*,*,#4998,.T.);
#2297=ORIENTED_EDGE('',*,*,#5004,.T.);
#2298=ORIENTED_EDGE('',*,*,#5010,.T.);
#2299=ORIENTED_EDGE('',*,*,#5016,.T.);
#2300=ORIENTED_EDGE('',*,*,#5022,.F.);
#2301=ORIENTED_EDGE('',*,*,#5030,.T.);
#2302=ORIENTED_EDGE('',*,*,#5148,.T.);
#2303=ORIENTED_EDGE('',*,*,#5149,.T.);
#2304=ORIENTED_EDGE('',*,*,#5150,.T.);
#2305=ORIENTED_EDGE('',*,*,#5151,.T.);
#2306=ORIENTED_EDGE('',*,*,#5152,.F.);
#2307=ORIENTED_EDGE('',*,*,#5153,.T.);
#2308=ORIENTED_EDGE('',*,*,#5154,.T.);
#2309=ORIENTED_EDGE('',*,*,#5155,.T.);
#2310=ORIENTED_EDGE('',*,*,#5156,.T.);
#2311=ORIENTED_EDGE('',*,*,#5157,.T.);
#2312=ORIENTED_EDGE('',*,*,#5158,.F.);
#2313=ORIENTED_EDGE('',*,*,#5159,.T.);
#2314=ORIENTED_EDGE('',*,*,#5160,.T.);
#2315=ORIENTED_EDGE('',*,*,#5161,.T.);
#2316=ORIENTED_EDGE('',*,*,#5162,.T.);
#2317=ORIENTED_EDGE('',*,*,#5163,.T.);
#2318=ORIENTED_EDGE('',*,*,#5164,.F.);
#2319=ORIENTED_EDGE('',*,*,#5165,.T.);
#2320=ORIENTED_EDGE('',*,*,#5166,.T.);
#2321=ORIENTED_EDGE('',*,*,#5167,.T.);
#2322=ORIENTED_EDGE('',*,*,#5168,.T.);
#2323=ORIENTED_EDGE('',*,*,#5169,.T.);
#2324=ORIENTED_EDGE('',*,*,#5170,.F.);
#2325=ORIENTED_EDGE('',*,*,#5171,.T.);
#2326=ORIENTED_EDGE('',*,*,#5172,.T.);
#2327=ORIENTED_EDGE('',*,*,#5173,.T.);
#2328=ORIENTED_EDGE('',*,*,#5174,.T.);
#2329=ORIENTED_EDGE('',*,*,#5175,.T.);
#2330=ORIENTED_EDGE('',*,*,#5176,.F.);
#2331=ORIENTED_EDGE('',*,*,#5177,.T.);
#2332=ORIENTED_EDGE('',*,*,#5178,.T.);
#2333=ORIENTED_EDGE('',*,*,#5179,.T.);
#2334=ORIENTED_EDGE('',*,*,#5180,.T.);
#2335=ORIENTED_EDGE('',*,*,#5181,.T.);
#2336=ORIENTED_EDGE('',*,*,#5182,.F.);
#2337=ORIENTED_EDGE('',*,*,#5183,.T.);
#2338=ORIENTED_EDGE('',*,*,#5184,.T.);
#2339=ORIENTED_EDGE('',*,*,#5185,.T.);
#2340=ORIENTED_EDGE('',*,*,#5186,.T.);
#2341=ORIENTED_EDGE('',*,*,#5187,.T.);
#2342=ORIENTED_EDGE('',*,*,#5188,.F.);
#2343=ORIENTED_EDGE('',*,*,#5189,.T.);
#2344=ORIENTED_EDGE('',*,*,#5190,.T.);
#2345=ORIENTED_EDGE('',*,*,#5191,.T.);
#2346=ORIENTED_EDGE('',*,*,#5192,.T.);
#2347=ORIENTED_EDGE('',*,*,#5193,.T.);
#2348=ORIENTED_EDGE('',*,*,#5194,.F.);
#2349=ORIENTED_EDGE('',*,*,#5195,.T.);
#2350=ORIENTED_EDGE('',*,*,#5196,.T.);
#2351=ORIENTED_EDGE('',*,*,#5197,.T.);
#2352=ORIENTED_EDGE('',*,*,#5198,.T.);
#2353=ORIENTED_EDGE('',*,*,#5199,.T.);
#2354=ORIENTED_EDGE('',*,*,#5200,.F.);
#2355=ORIENTED_EDGE('',*,*,#5201,.T.);
#2356=ORIENTED_EDGE('',*,*,#5202,.T.);
#2357=ORIENTED_EDGE('',*,*,#5203,.T.);
#2358=ORIENTED_EDGE('',*,*,#5204,.T.);
#2359=ORIENTED_EDGE('',*,*,#5205,.T.);
#2360=ORIENTED_EDGE('',*,*,#5206,.F.);
#2361=ORIENTED_EDGE('',*,*,#5207,.T.);
#2362=ORIENTED_EDGE('',*,*,#5208,.T.);
#2363=ORIENTED_EDGE('',*,*,#5209,.T.);
#2364=ORIENTED_EDGE('',*,*,#5210,.T.);
#2365=ORIENTED_EDGE('',*,*,#5211,.T.);
#2366=ORIENTED_EDGE('',*,*,#5212,.F.);
#2367=ORIENTED_EDGE('',*,*,#5213,.T.);
#2368=ORIENTED_EDGE('',*,*,#5214,.T.);
#2369=ORIENTED_EDGE('',*,*,#5215,.T.);
#2370=ORIENTED_EDGE('',*,*,#5216,.T.);
#2371=ORIENTED_EDGE('',*,*,#5048,.T.);
#2372=ORIENTED_EDGE('',*,*,#5217,.T.);
#2373=ORIENTED_EDGE('',*,*,#5218,.T.);
#2374=ORIENTED_EDGE('',*,*,#5219,.T.);
#2375=ORIENTED_EDGE('',*,*,#5220,.T.);
#2376=ORIENTED_EDGE('',*,*,#5221,.T.);
#2377=ORIENTED_EDGE('',*,*,#5222,.F.);
#2378=ORIENTED_EDGE('',*,*,#4953,.T.);
#2379=ORIENTED_EDGE('',*,*,#5064,.T.);
#2380=ORIENTED_EDGE('',*,*,#5223,.T.);
#2381=ORIENTED_EDGE('',*,*,#5224,.T.);
#2382=ORIENTED_EDGE('',*,*,#5225,.T.);
#2383=ORIENTED_EDGE('',*,*,#5226,.T.);
#2384=ORIENTED_EDGE('',*,*,#5227,.T.);
#2385=ORIENTED_EDGE('',*,*,#5228,.T.);
#2386=ORIENTED_EDGE('',*,*,#5229,.T.);
#2387=ORIENTED_EDGE('',*,*,#5230,.T.);
#2388=ORIENTED_EDGE('',*,*,#5231,.T.);
#2389=ORIENTED_EDGE('',*,*,#5232,.T.);
#2390=ORIENTED_EDGE('',*,*,#5233,.T.);
#2391=ORIENTED_EDGE('',*,*,#5234,.T.);
#2392=ORIENTED_EDGE('',*,*,#5235,.T.);
#2393=ORIENTED_EDGE('',*,*,#5236,.T.);
#2394=ORIENTED_EDGE('',*,*,#5237,.T.);
#2395=ORIENTED_EDGE('',*,*,#5238,.T.);
#2396=ORIENTED_EDGE('',*,*,#5239,.T.);
#2397=ORIENTED_EDGE('',*,*,#5240,.T.);
#2398=ORIENTED_EDGE('',*,*,#5241,.T.);
#2399=ORIENTED_EDGE('',*,*,#5242,.T.);
#2400=ORIENTED_EDGE('',*,*,#5243,.T.);
#2401=ORIENTED_EDGE('',*,*,#5244,.T.);
#2402=ORIENTED_EDGE('',*,*,#5245,.T.);
#2403=ORIENTED_EDGE('',*,*,#5246,.T.);
#2404=ORIENTED_EDGE('',*,*,#5247,.T.);
#2405=ORIENTED_EDGE('',*,*,#5248,.T.);
#2406=ORIENTED_EDGE('',*,*,#5249,.T.);
#2407=ORIENTED_EDGE('',*,*,#5250,.T.);
#2408=ORIENTED_EDGE('',*,*,#5251,.T.);
#2409=ORIENTED_EDGE('',*,*,#5252,.T.);
#2410=ORIENTED_EDGE('',*,*,#5253,.T.);
#2411=ORIENTED_EDGE('',*,*,#5254,.T.);
#2412=ORIENTED_EDGE('',*,*,#5255,.T.);
#2413=ORIENTED_EDGE('',*,*,#5256,.T.);
#2414=ORIENTED_EDGE('',*,*,#5257,.T.);
#2415=ORIENTED_EDGE('',*,*,#5258,.T.);
#2416=ORIENTED_EDGE('',*,*,#5259,.T.);
#2417=ORIENTED_EDGE('',*,*,#5260,.T.);
#2418=ORIENTED_EDGE('',*,*,#5261,.T.);
#2419=ORIENTED_EDGE('',*,*,#5262,.T.);
#2420=ORIENTED_EDGE('',*,*,#5263,.T.);
#2421=ORIENTED_EDGE('',*,*,#5264,.T.);
#2422=ORIENTED_EDGE('',*,*,#5265,.T.);
#2423=ORIENTED_EDGE('',*,*,#5266,.T.);
#2424=ORIENTED_EDGE('',*,*,#5267,.T.);
#2425=ORIENTED_EDGE('',*,*,#5268,.T.);
#2426=ORIENTED_EDGE('',*,*,#5269,.T.);
#2427=ORIENTED_EDGE('',*,*,#5270,.T.);
#2428=ORIENTED_EDGE('',*,*,#5271,.T.);
#2429=ORIENTED_EDGE('',*,*,#5272,.T.);
#2430=ORIENTED_EDGE('',*,*,#5273,.T.);
#2431=ORIENTED_EDGE('',*,*,#5274,.T.);
#2432=ORIENTED_EDGE('',*,*,#5275,.T.);
#2433=ORIENTED_EDGE('',*,*,#5276,.T.);
#2434=ORIENTED_EDGE('',*,*,#5277,.T.);
#2435=ORIENTED_EDGE('',*,*,#5278,.T.);
#2436=ORIENTED_EDGE('',*,*,#5279,.T.);
#2437=ORIENTED_EDGE('',*,*,#5280,.T.);
#2438=ORIENTED_EDGE('',*,*,#5281,.T.);
#2439=ORIENTED_EDGE('',*,*,#5282,.T.);
#2440=ORIENTED_EDGE('',*,*,#5283,.T.);
#2441=ORIENTED_EDGE('',*,*,#5284,.T.);
#2442=ORIENTED_EDGE('',*,*,#5285,.T.);
#2443=ORIENTED_EDGE('',*,*,#5286,.T.);
#2444=ORIENTED_EDGE('',*,*,#5287,.T.);
#2445=ORIENTED_EDGE('',*,*,#5288,.T.);
#2446=ORIENTED_EDGE('',*,*,#5289,.T.);
#2447=ORIENTED_EDGE('',*,*,#5290,.T.);
#2448=ORIENTED_EDGE('',*,*,#5291,.T.);
#2449=ORIENTED_EDGE('',*,*,#5292,.T.);
#2450=ORIENTED_EDGE('',*,*,#5028,.T.);
#2451=ORIENTED_EDGE('',*,*,#5024,.T.);
#2452=ORIENTED_EDGE('',*,*,#5018,.T.);
#2453=ORIENTED_EDGE('',*,*,#5012,.T.);
#2454=ORIENTED_EDGE('',*,*,#5006,.T.);
#2455=ORIENTED_EDGE('',*,*,#5000,.T.);
#2456=ORIENTED_EDGE('',*,*,#4994,.T.);
#2457=ORIENTED_EDGE('',*,*,#5293,.T.);
#2458=ORIENTED_EDGE('',*,*,#5294,.T.);
#2459=ORIENTED_EDGE('',*,*,#5295,.T.);
#2460=ORIENTED_EDGE('',*,*,#5296,.T.);
#2461=ORIENTED_EDGE('',*,*,#5297,.T.);
#2462=ORIENTED_EDGE('',*,*,#5298,.T.);
#2463=ORIENTED_EDGE('',*,*,#5299,.T.);
#2464=ORIENTED_EDGE('',*,*,#5300,.T.);
#2465=ORIENTED_EDGE('',*,*,#5301,.T.);
#2466=ORIENTED_EDGE('',*,*,#5302,.T.);
#2467=ORIENTED_EDGE('',*,*,#5303,.T.);
#2468=ORIENTED_EDGE('',*,*,#5304,.T.);
#2469=ORIENTED_EDGE('',*,*,#5305,.T.);
#2470=ORIENTED_EDGE('',*,*,#5306,.T.);
#2471=ORIENTED_EDGE('',*,*,#5307,.T.);
#2472=ORIENTED_EDGE('',*,*,#5308,.T.);
#2473=ORIENTED_EDGE('',*,*,#5309,.T.);
#2474=ORIENTED_EDGE('',*,*,#5310,.T.);
#2475=ORIENTED_EDGE('',*,*,#5311,.T.);
#2476=ORIENTED_EDGE('',*,*,#5312,.T.);
#2477=ORIENTED_EDGE('',*,*,#5313,.T.);
#2478=ORIENTED_EDGE('',*,*,#5314,.T.);
#2479=ORIENTED_EDGE('',*,*,#5315,.T.);
#2480=ORIENTED_EDGE('',*,*,#5316,.T.);
#2481=ORIENTED_EDGE('',*,*,#5317,.T.);
#2482=ORIENTED_EDGE('',*,*,#5318,.T.);
#2483=ORIENTED_EDGE('',*,*,#5319,.T.);
#2484=ORIENTED_EDGE('',*,*,#5320,.T.);
#2485=ORIENTED_EDGE('',*,*,#5321,.T.);
#2486=ORIENTED_EDGE('',*,*,#5322,.T.);
#2487=ORIENTED_EDGE('',*,*,#5323,.T.);
#2488=ORIENTED_EDGE('',*,*,#5324,.T.);
#2489=ORIENTED_EDGE('',*,*,#5325,.T.);
#2490=ORIENTED_EDGE('',*,*,#5326,.T.);
#2491=ORIENTED_EDGE('',*,*,#5327,.T.);
#2492=ORIENTED_EDGE('',*,*,#5328,.T.);
#2493=ORIENTED_EDGE('',*,*,#5329,.T.);
#2494=ORIENTED_EDGE('',*,*,#5330,.T.);
#2495=ORIENTED_EDGE('',*,*,#5331,.T.);
#2496=ORIENTED_EDGE('',*,*,#5332,.T.);
#2497=ORIENTED_EDGE('',*,*,#5333,.T.);
#2498=ORIENTED_EDGE('',*,*,#5334,.T.);
#2499=ORIENTED_EDGE('',*,*,#5335,.T.);
#2500=ORIENTED_EDGE('',*,*,#5336,.T.);
#2501=ORIENTED_EDGE('',*,*,#5337,.T.);
#2502=ORIENTED_EDGE('',*,*,#5338,.T.);
#2503=ORIENTED_EDGE('',*,*,#5339,.T.);
#2504=ORIENTED_EDGE('',*,*,#5340,.T.);
#2505=ORIENTED_EDGE('',*,*,#5341,.T.);
#2506=ORIENTED_EDGE('',*,*,#5342,.T.);
#2507=ORIENTED_EDGE('',*,*,#5343,.T.);
#2508=ORIENTED_EDGE('',*,*,#5344,.T.);
#2509=ORIENTED_EDGE('',*,*,#5345,.T.);
#2510=ORIENTED_EDGE('',*,*,#5346,.T.);
#2511=ORIENTED_EDGE('',*,*,#5347,.T.);
#2512=ORIENTED_EDGE('',*,*,#5348,.T.);
#2513=ORIENTED_EDGE('',*,*,#5349,.T.);
#2514=ORIENTED_EDGE('',*,*,#5350,.T.);
#2515=ORIENTED_EDGE('',*,*,#5351,.T.);
#2516=ORIENTED_EDGE('',*,*,#5352,.T.);
#2517=ORIENTED_EDGE('',*,*,#5353,.T.);
#2518=ORIENTED_EDGE('',*,*,#5354,.T.);
#2519=ORIENTED_EDGE('',*,*,#5355,.T.);
#2520=ORIENTED_EDGE('',*,*,#5356,.T.);
#2521=ORIENTED_EDGE('',*,*,#5357,.T.);
#2522=ORIENTED_EDGE('',*,*,#5358,.T.);
#2523=ORIENTED_EDGE('',*,*,#5359,.T.);
#2524=ORIENTED_EDGE('',*,*,#5360,.T.);
#2525=ORIENTED_EDGE('',*,*,#5361,.T.);
#2526=ORIENTED_EDGE('',*,*,#5362,.T.);
#2527=ORIENTED_EDGE('',*,*,#5363,.T.);
#2528=ORIENTED_EDGE('',*,*,#5364,.T.);
#2529=ORIENTED_EDGE('',*,*,#5365,.T.);
#2530=ORIENTED_EDGE('',*,*,#5366,.T.);
#2531=ORIENTED_EDGE('',*,*,#5367,.T.);
#2532=ORIENTED_EDGE('',*,*,#5368,.T.);
#2533=ORIENTED_EDGE('',*,*,#5369,.T.);
#2534=ORIENTED_EDGE('',*,*,#5370,.T.);
#2535=ORIENTED_EDGE('',*,*,#5371,.T.);
#2536=ORIENTED_EDGE('',*,*,#5372,.T.);
#2537=ORIENTED_EDGE('',*,*,#5373,.T.);
#2538=ORIENTED_EDGE('',*,*,#5374,.T.);
#2539=ORIENTED_EDGE('',*,*,#5375,.T.);
#2540=ORIENTED_EDGE('',*,*,#4987,.T.);
#2541=ORIENTED_EDGE('',*,*,#4984,.T.);
#2542=ORIENTED_EDGE('',*,*,#4978,.T.);
#2543=ORIENTED_EDGE('',*,*,#4972,.T.);
#2544=ORIENTED_EDGE('',*,*,#4966,.T.);
#2545=ORIENTED_EDGE('',*,*,#4960,.T.);
#2546=ORIENTED_EDGE('',*,*,#4954,.T.);
#2547=ORIENTED_EDGE('',*,*,#5222,.T.);
#2548=ORIENTED_EDGE('',*,*,#5376,.T.);
#2549=ORIENTED_EDGE('',*,*,#5377,.T.);
#2550=ORIENTED_EDGE('',*,*,#5378,.T.);
#2551=ORIENTED_EDGE('',*,*,#5379,.T.);
#2552=ORIENTED_EDGE('',*,*,#5380,.T.);
#2553=ORIENTED_EDGE('',*,*,#5381,.T.);
#2554=ORIENTED_EDGE('',*,*,#5382,.T.);
#2555=ORIENTED_EDGE('',*,*,#5383,.T.);
#2556=ORIENTED_EDGE('',*,*,#5384,.T.);
#2557=ORIENTED_EDGE('',*,*,#5385,.T.);
#2558=ORIENTED_EDGE('',*,*,#5386,.T.);
#2559=ORIENTED_EDGE('',*,*,#5387,.T.);
#2560=ORIENTED_EDGE('',*,*,#5388,.F.);
#2561=ORIENTED_EDGE('',*,*,#5047,.T.);
#2562=ORIENTED_EDGE('',*,*,#5389,.F.);
#2563=ORIENTED_EDGE('',*,*,#5390,.T.);
#2564=ORIENTED_EDGE('',*,*,#5391,.T.);
#2565=ORIENTED_EDGE('',*,*,#5392,.T.);
#2566=ORIENTED_EDGE('',*,*,#5393,.T.);
#2567=ORIENTED_EDGE('',*,*,#5394,.T.);
#2568=ORIENTED_EDGE('',*,*,#5395,.F.);
#2569=ORIENTED_EDGE('',*,*,#5043,.T.);
#2570=ORIENTED_EDGE('',*,*,#5396,.F.);
#2571=ORIENTED_EDGE('',*,*,#5397,.T.);
#2572=ORIENTED_EDGE('',*,*,#5398,.T.);
#2573=ORIENTED_EDGE('',*,*,#5399,.T.);
#2574=ORIENTED_EDGE('',*,*,#5400,.T.);
#2575=ORIENTED_EDGE('',*,*,#5401,.T.);
#2576=ORIENTED_EDGE('',*,*,#5402,.F.);
#2577=ORIENTED_EDGE('',*,*,#5038,.T.);
#2578=ORIENTED_EDGE('',*,*,#5403,.F.);
#2579=ORIENTED_EDGE('',*,*,#5404,.T.);
#2580=ORIENTED_EDGE('',*,*,#5405,.T.);
#2581=ORIENTED_EDGE('',*,*,#5406,.T.);
#2582=ORIENTED_EDGE('',*,*,#5407,.T.);
#2583=ORIENTED_EDGE('',*,*,#5408,.T.);
#2584=ORIENTED_EDGE('',*,*,#5409,.F.);
#2585=ORIENTED_EDGE('',*,*,#5034,.T.);
#2586=ORIENTED_EDGE('',*,*,#5410,.F.);
#2587=ORIENTED_EDGE('',*,*,#5411,.T.);
#2588=ORIENTED_EDGE('',*,*,#5412,.T.);
#2589=ORIENTED_EDGE('',*,*,#5413,.T.);
#2590=ORIENTED_EDGE('',*,*,#5414,.T.);
#2591=ORIENTED_EDGE('',*,*,#5415,.T.);
#2592=ORIENTED_EDGE('',*,*,#5065,.F.);
#2593=ORIENTED_EDGE('',*,*,#4988,.T.);
#2594=ORIENTED_EDGE('',*,*,#5375,.F.);
#2595=ORIENTED_EDGE('',*,*,#5416,.F.);
#2596=CARTESIAN_POINT('',(-8.82644240697582,6.863568028439E-16,-11.2090572289377));
#2597=CARTESIAN_POINT('',(-8.76843281597808,6.82794054200949E-16,-11.1508731280944));
#2598=CARTESIAN_POINT('',(-8.7041581269591,6.79938504772534E-16,-11.104238466894));
#2599=CARTESIAN_POINT('',(-8.59308886583587,6.76555794377428E-16,-11.048994613769));
#2600=CARTESIAN_POINT('',(-8.5498821989158,6.75438100680244E-16,-11.0307412904767));
#2601=CARTESIAN_POINT('',(-8.47064605181254,6.74267926851295E-16,-11.0116309015913));
#2602=CARTESIAN_POINT('',(-8.43369843434611,6.73934283500597E-16,-11.0061820921725));
#2603=CARTESIAN_POINT('',(-8.36479860427926,6.73866792368179E-16,-11.0050798783347));
#2604=CARTESIAN_POINT('',(-8.33122371343089,6.74039703908951E-16,-11.007903738094));
#2605=CARTESIAN_POINT('',(-8.26863558058499,6.74823211513042E-16,-11.0206993883115));
#2606=CARTESIAN_POINT('',(-8.23802999938962,6.75414517945523E-16,-11.0303561551914));
#2607=CARTESIAN_POINT('',(-8.18159109038422,6.76947643779106E-16,-11.0553940001382));
#2608=CARTESIAN_POINT('',(-8.15498017446985,6.77890771328009E-16,-11.0707964418799));
#2609=CARTESIAN_POINT('',(-8.12969940110132,6.79018025954367E-16,-11.089205906995));
#2610=ORIENTED_EDGE('',*,*,#5417,.T.);
#2611=ORIENTED_EDGE('',*,*,#5293,.F.);
#2612=ORIENTED_EDGE('',*,*,#4993,.T.);
#2613=ORIENTED_EDGE('',*,*,#5147,.T.);
#2614=ORIENTED_EDGE('',*,*,#5148,.F.);
#2615=ORIENTED_EDGE('',*,*,#5029,.T.);
#2616=ORIENTED_EDGE('',*,*,#5292,.F.);
#2617=ORIENTED_EDGE('',*,*,#5418,.F.);
#2618=CARTESIAN_POINT('',(8.82644240697582,-6.863568028439E-16,11.2090572289377));
#2619=CARTESIAN_POINT('',(8.76843281597808,-6.82794054200949E-16,11.1508731280944));
#2620=CARTESIAN_POINT('',(8.7041581269591,-6.79938504772534E-16,11.104238466894));
#2621=CARTESIAN_POINT('',(8.59308886583587,-6.76555794377428E-16,11.048994613769));
#2622=CARTESIAN_POINT('',(8.5498821989158,-6.75438100680244E-16,11.0307412904767));
#2623=CARTESIAN_POINT('',(8.47064605181254,-6.74267926851295E-16,11.0116309015913));
#2624=CARTESIAN_POINT('',(8.43369843434611,-6.73934283500597E-16,11.0061820921725));
#2625=CARTESIAN_POINT('',(8.36479860427926,-6.73866792368179E-16,11.0050798783347));
#2626=CARTESIAN_POINT('',(8.33122371343089,-6.74039703908951E-16,11.007903738094));
#2627=CARTESIAN_POINT('',(8.26863558058499,-6.74823211513042E-16,11.0206993883115));
#2628=CARTESIAN_POINT('',(8.23802999938962,-6.75414517945523E-16,11.0303561551914));
#2629=CARTESIAN_POINT('',(8.18159109038422,-6.76947643779106E-16,11.0553940001382));
#2630=CARTESIAN_POINT('',(8.15498017446985,-6.77890771328009E-16,11.0707964418799));
#2631=CARTESIAN_POINT('',(8.12969940110132,-6.79018025954367E-16,11.089205906995));
#2632=ORIENTED_EDGE('',*,*,#5031,.F.);
#2633=ORIENTED_EDGE('',*,*,#5388,.T.);
#2634=ORIENTED_EDGE('',*,*,#5419,.T.);
#2635=ORIENTED_EDGE('',*,*,#5420,.T.);
#2636=ORIENTED_EDGE('',*,*,#5420,.F.);
#2637=ORIENTED_EDGE('',*,*,#5421,.T.);
#2638=ORIENTED_EDGE('',*,*,#5422,.T.);
#2639=ORIENTED_EDGE('',*,*,#5423,.T.);
#2640=ORIENTED_EDGE('',*,*,#5424,.T.);
#2641=ORIENTED_EDGE('',*,*,#5425,.T.);
#2642=ORIENTED_EDGE('',*,*,#5426,.F.);
#2643=ORIENTED_EDGE('',*,*,#5032,.F.);
#2644=ORIENTED_EDGE('',*,*,#5427,.F.);
#2645=ORIENTED_EDGE('',*,*,#5033,.F.);
#2646=ORIENTED_EDGE('',*,*,#5426,.T.);
#2647=ORIENTED_EDGE('',*,*,#5428,.T.);
#2648=ORIENTED_EDGE('',*,*,#5410,.T.);
#2649=ORIENTED_EDGE('',*,*,#5035,.F.);
#2650=ORIENTED_EDGE('',*,*,#5409,.T.);
#2651=ORIENTED_EDGE('',*,*,#5429,.T.);
#2652=ORIENTED_EDGE('',*,*,#5430,.T.);
#2653=ORIENTED_EDGE('',*,*,#5431,.F.);
#2654=ORIENTED_EDGE('',*,*,#5036,.F.);
#2655=ORIENTED_EDGE('',*,*,#5430,.F.);
#2656=ORIENTED_EDGE('',*,*,#5432,.T.);
#2657=ORIENTED_EDGE('',*,*,#5433,.T.);
#2658=ORIENTED_EDGE('',*,*,#5434,.T.);
#2659=ORIENTED_EDGE('',*,*,#5435,.T.);
#2660=ORIENTED_EDGE('',*,*,#5436,.T.);
#2661=ORIENTED_EDGE('',*,*,#5437,.F.);
#2662=ORIENTED_EDGE('',*,*,#5037,.F.);
#2663=ORIENTED_EDGE('',*,*,#5431,.T.);
#2664=ORIENTED_EDGE('',*,*,#5438,.T.);
#2665=ORIENTED_EDGE('',*,*,#5403,.T.);
#2666=ORIENTED_EDGE('',*,*,#5039,.F.);
#2667=ORIENTED_EDGE('',*,*,#5402,.T.);
#2668=ORIENTED_EDGE('',*,*,#5439,.T.);
#2669=ORIENTED_EDGE('',*,*,#5440,.T.);
#2670=ORIENTED_EDGE('',*,*,#5441,.F.);
#2671=ORIENTED_EDGE('',*,*,#5041,.F.);
#2672=ORIENTED_EDGE('',*,*,#5040,.F.);
#2673=ORIENTED_EDGE('',*,*,#5440,.F.);
#2674=ORIENTED_EDGE('',*,*,#5442,.T.);
#2675=ORIENTED_EDGE('',*,*,#5443,.T.);
#2676=ORIENTED_EDGE('',*,*,#5444,.T.);
#2677=ORIENTED_EDGE('',*,*,#5445,.T.);
#2678=ORIENTED_EDGE('',*,*,#5446,.T.);
#2679=ORIENTED_EDGE('',*,*,#5447,.F.);
#2680=ORIENTED_EDGE('',*,*,#5042,.F.);
#2681=ORIENTED_EDGE('',*,*,#5441,.T.);
#2682=ORIENTED_EDGE('',*,*,#5448,.T.);
#2683=ORIENTED_EDGE('',*,*,#5396,.T.);
#2684=ORIENTED_EDGE('',*,*,#5044,.F.);
#2685=ORIENTED_EDGE('',*,*,#5395,.T.);
#2686=ORIENTED_EDGE('',*,*,#5449,.T.);
#2687=ORIENTED_EDGE('',*,*,#5450,.T.);
#2688=ORIENTED_EDGE('',*,*,#5451,.F.);
#2689=ORIENTED_EDGE('',*,*,#5045,.F.);
#2690=ORIENTED_EDGE('',*,*,#5450,.F.);
#2691=ORIENTED_EDGE('',*,*,#5452,.T.);
#2692=ORIENTED_EDGE('',*,*,#5453,.T.);
#2693=ORIENTED_EDGE('',*,*,#5454,.T.);
#2694=ORIENTED_EDGE('',*,*,#5455,.T.);
#2695=ORIENTED_EDGE('',*,*,#5456,.T.);
#2696=ORIENTED_EDGE('',*,*,#5457,.F.);
#2697=ORIENTED_EDGE('',*,*,#5046,.F.);
#2698=ORIENTED_EDGE('',*,*,#5451,.T.);
#2699=ORIENTED_EDGE('',*,*,#5458,.T.);
#2700=ORIENTED_EDGE('',*,*,#5389,.T.);
#2701=ORIENTED_EDGE('',*,*,#5051,.F.);
#2702=ORIENTED_EDGE('',*,*,#5459,.T.);
#2703=ORIENTED_EDGE('',*,*,#5223,.F.);
#2704=ORIENTED_EDGE('',*,*,#5460,.F.);
#2705=CARTESIAN_POINT('',(-14.1205495162215,1.24876911721551E-16,-2.0393947350125));
#2706=CARTESIAN_POINT('',(-14.2144421293644,1.26730203704018E-16,-2.06966128996952));
#2707=CARTESIAN_POINT('',(-14.3067533096763,1.28815396477582E-16,-2.10371507225216));
#2708=CARTESIAN_POINT('',(-14.490049544272,1.33496491018244E-16,-2.18016314763063));
#2709=CARTESIAN_POINT('',(-14.5808088342253,1.36164542334925E-16,-2.22373573228997));
#2710=CARTESIAN_POINT('',(-14.7614428427827,1.4178764522021E-16,-2.3155679714172));
#2711=CARTESIAN_POINT('',(-14.851006558329,1.44847079293618E-16,-2.36553232155534));
#2712=CARTESIAN_POINT('',(-15.0291113901263,1.51260527694604E-16,-2.47027188247121));
#2713=CARTESIAN_POINT('',(-15.1174405562855,1.54678666134139E-16,-2.52609431946962));
#2714=CARTESIAN_POINT('',(-15.2929824367419,1.61801460761713E-16,-2.64241838339619));
#2715=CARTESIAN_POINT('',(-15.380024227095,1.65552730998455E-16,-2.70368127551094));
#2716=CARTESIAN_POINT('',(-15.5529012365789,1.73332503114563E-16,-2.83073459605241));
#2717=CARTESIAN_POINT('',(-15.6386309495792,1.77383414131138E-16,-2.89689099346259));
#2718=CARTESIAN_POINT('',(-15.7228567641744,1.81559568895827E-16,-2.96509277650072));
#2719=ORIENTED_EDGE('',*,*,#5460,.T.);
#2720=ORIENTED_EDGE('',*,*,#5387,.F.);
#2721=ORIENTED_EDGE('',*,*,#5461,.T.);
#2722=ORIENTED_EDGE('',*,*,#5052,.T.);
#2723=ORIENTED_EDGE('',*,*,#5053,.F.);
#2724=ORIENTED_EDGE('',*,*,#5461,.F.);
#2725=ORIENTED_EDGE('',*,*,#5386,.F.);
#2726=ORIENTED_EDGE('',*,*,#5462,.F.);
#2727=CARTESIAN_POINT('',(-15.5695562603989,2.2572168974056E-16,-3.6863149423608));
#2728=CARTESIAN_POINT('',(-15.4648719857746,2.27439116287455E-16,-3.71436264636966));
#2729=CARTESIAN_POINT('',(-15.3596457648775,2.29004671731075E-16,-3.73993010704012));
#2730=CARTESIAN_POINT('',(-15.150037517044,2.31806269844183E-16,-3.78568367639674));
#2731=CARTESIAN_POINT('',(-15.045603021758,2.33065411955397E-16,-3.80624702759468));
#2732=CARTESIAN_POINT('',(-14.8379242749706,2.35200461493556E-16,-3.84111503263327));
#2733=CARTESIAN_POINT('',(-14.7345265358155,2.36123209908374E-16,-3.85618465785844));
#2734=CARTESIAN_POINT('',(-14.5292182583387,2.37546408001714E-16,-3.87942724656779));
#2735=CARTESIAN_POINT('',(-14.4270754007831,2.38110716680972E-16,-3.88864310667784));
#2736=CARTESIAN_POINT('',(-14.224706486101,2.3874890796753E-16,-3.89906556133174));
#2737=CARTESIAN_POINT('',(-14.1240711822108,2.38925894404823E-16,-3.90195596920145));
#2738=CARTESIAN_POINT('',(-13.9255275061438,2.38637214345803E-16,-3.89724146606109));
#2739=CARTESIAN_POINT('',(-13.8273461255906,2.38243082501956E-16,-3.89080480458252));
#2740=CARTESIAN_POINT('',(-13.7292604383871,2.37597712468983E-16,-3.88026511210265));
#2741=ORIENTED_EDGE('',*,*,#5054,.F.);
#2742=ORIENTED_EDGE('',*,*,#5462,.T.);
#2743=ORIENTED_EDGE('',*,*,#5385,.F.);
#2744=ORIENTED_EDGE('',*,*,#5463,.F.);
#2745=CARTESIAN_POINT('',(-13.7292604383871,2.37597712468983E-16,-3.88026511210265));
#2746=CARTESIAN_POINT('',(-13.6481299370395,2.3680323851486E-16,-3.86729036779798));
#2747=CARTESIAN_POINT('',(-13.5687194552158,2.36806390808568E-16,-3.86734184866104));
#2748=CARTESIAN_POINT('',(-13.4463910132678,2.3806726619059E-16,-3.88793350631941));
#2749=CARTESIAN_POINT('',(-13.4007070512226,2.38718104295353E-16,-3.89856249918846));
#2750=CARTESIAN_POINT('',(-13.3253708568949,2.40623238906725E-16,-3.92967570852683));
#2751=CARTESIAN_POINT('',(-13.2922768766439,2.41683114698194E-16,-3.94698479376198));
#2752=CARTESIAN_POINT('',(-13.2358878781716,2.44108319143247E-16,-3.98659138803457));
#2753=CARTESIAN_POINT('',(-13.210385044012,2.45456617073783E-16,-4.00861076425756));
#2754=CARTESIAN_POINT('',(-13.1672712753848,2.48343126720469E-16,-4.05575104419291));
#2755=CARTESIAN_POINT('',(-13.1481869452319,2.49923043420178E-16,-4.08155304197396));
#2756=CARTESIAN_POINT('',(-13.1172437847114,2.53194687370635E-16,-4.13498304240731));
#2757=CARTESIAN_POINT('',(-13.1047684296059,2.54915459471307E-16,-4.16308538345569));
#2758=CARTESIAN_POINT('',(-13.095136666417,2.56737319726034E-16,-4.1928386193437));
#2759=ORIENTED_EDGE('',*,*,#5055,.F.);
#2760=ORIENTED_EDGE('',*,*,#5463,.T.);
#2761=ORIENTED_EDGE('',*,*,#5384,.F.);
#2762=ORIENTED_EDGE('',*,*,#5464,.F.);
#2763=ORIENTED_EDGE('',*,*,#5056,.F.);
#2764=ORIENTED_EDGE('',*,*,#5464,.T.);
#2765=ORIENTED_EDGE('',*,*,#5383,.F.);
#2766=ORIENTED_EDGE('',*,*,#5465,.F.);
#2767=CARTESIAN_POINT('',(-13.0586768124864,2.63608316457096E-16,-4.30505051155371));
#2768=CARTESIAN_POINT('',(-13.0489805593291,2.65428893645637E-16,-4.33478279338074));
#2769=CARTESIAN_POINT('',(-13.0425551919972,2.67270033842515E-16,-4.36485089461875));
#2770=CARTESIAN_POINT('',(-13.0361833684332,2.7103053911986E-16,-4.42626460639201));
#2771=CARTESIAN_POINT('',(-13.0364568820778,2.72995591606902E-16,-4.45835634889948));
#2772=CARTESIAN_POINT('',(-13.0436282922538,2.76882554720004E-16,-4.52183527385659));
#2773=CARTESIAN_POINT('',(-13.0513178538851,2.78891235057799E-16,-4.55463951323718));
#2774=CARTESIAN_POINT('',(-13.073657339938,2.82882789411979E-16,-4.6198265427866));
#2775=CARTESIAN_POINT('',(-13.0902569073406,2.84931347817129E-16,-4.65328204043009));
#2776=CARTESIAN_POINT('',(-13.1329172832427,2.8918409420042E-16,-4.72273465952406));
#2777=CARTESIAN_POINT('',(-13.1636288196525,2.91354866072284E-16,-4.75818605454466));
#2778=CARTESIAN_POINT('',(-13.250491135392,2.96777715691081E-16,-4.8467479096456));
#2779=CARTESIAN_POINT('',(-13.3147053050269,2.99638365637858E-16,-4.89346586863213));
#2780=CARTESIAN_POINT('',(-13.3879676227337,3.01915628419861E-16,-4.93065639219514));
#2781=ORIENTED_EDGE('',*,*,#5057,.F.);
#2782=ORIENTED_EDGE('',*,*,#5465,.T.);
#2783=ORIENTED_EDGE('',*,*,#5382,.F.);
#2784=ORIENTED_EDGE('',*,*,#5466,.F.);
#2785=CARTESIAN_POINT('',(-13.3879676227337,3.01915628419861E-16,-4.93065639219514));
#2786=CARTESIAN_POINT('',(-13.4735156863897,3.04923760809881E-16,-4.97978292226265));
#2787=CARTESIAN_POINT('',(-13.5567294664795,3.0813859330852E-16,-5.03228512127836));
#2788=CARTESIAN_POINT('',(-13.7201257899612,3.15050924279005E-16,-5.14517205284585));
#2789=CARTESIAN_POINT('',(-13.7998425219235,3.18816121472192E-16,-5.20666238941978));
#2790=CARTESIAN_POINT('',(-13.9574362478963,3.26615983059901E-16,-5.33404379593044));
#2791=CARTESIAN_POINT('',(-14.0346546088529,3.30748789596215E-16,-5.40153764867544));
#2792=CARTESIAN_POINT('',(-14.187090843549,3.39289527008546E-16,-5.541018475609));
#2793=CARTESIAN_POINT('',(-14.2618836682405,3.437574824113E-16,-5.61398572471079));
#2794=CARTESIAN_POINT('',(-14.4094044046235,3.52959436406481E-16,-5.76426503792319));
#2795=CARTESIAN_POINT('',(-14.481806851537,3.57736854399863E-16,-5.84228619466337));
#2796=CARTESIAN_POINT('',(-14.6244902128879,3.67547503091805E-16,-6.00250624666158));
#2797=CARTESIAN_POINT('',(-14.6945918375268,3.72601310044125E-16,-6.08504117764476));
#2798=CARTESIAN_POINT('',(-14.7627971679646,3.77758477858888E-16,-6.16926411961225));
#2799=ORIENTED_EDGE('',*,*,#5466,.T.);
#2800=ORIENTED_EDGE('',*,*,#5381,.F.);
#2801=ORIENTED_EDGE('',*,*,#5467,.T.);
#2802=ORIENTED_EDGE('',*,*,#5058,.T.);
#2803=ORIENTED_EDGE('',*,*,#5059,.F.);
#2804=ORIENTED_EDGE('',*,*,#5467,.F.);
#2805=ORIENTED_EDGE('',*,*,#5380,.F.);
#2806=ORIENTED_EDGE('',*,*,#5468,.F.);
#2807=CARTESIAN_POINT('',(-14.4628961280462,4.19003894059166E-16,-6.84285288380116));
#2808=CARTESIAN_POINT('',(-14.3546680104238,4.19351063659744E-16,-6.84852259364435));
#2809=CARTESIAN_POINT('',(-14.2464254609412,4.19542781430752E-16,-6.85165358245095));
#2810=CARTESIAN_POINT('',(-14.0318849542629,4.19614652208553E-16,-6.85282732132572));
#2811=CARTESIAN_POINT('',(-13.9254572421486,4.19516731908524E-16,-6.8512281614684));
#2812=CARTESIAN_POINT('',(-13.7150673083721,4.18961184119138E-16,-6.8421553775478));
#2813=CARTESIAN_POINT('',(-13.6107959066356,4.18547419990747E-16,-6.83539809653128));
#2814=CARTESIAN_POINT('',(-13.4051417016934,4.17325754672108E-16,-6.81544678780309));
#2815=CARTESIAN_POINT('',(-13.3033148255854,4.16577359372788E-16,-6.80322456503909));
#2816=CARTESIAN_POINT('',(-13.1032012070565,4.14625262320167E-16,-6.77134440083206));
#2817=CARTESIAN_POINT('',(-13.0041640764198,4.13517201243263E-16,-6.75324839016718));
#2818=CARTESIAN_POINT('',(-12.8109392563533,4.10707186012014E-16,-6.70735735883953));
#2819=CARTESIAN_POINT('',(-12.7162416316997,4.09071727658731E-16,-6.68064829701988));
#2820=CARTESIAN_POINT('',(-12.6224906773794,4.07191739537857E-16,-6.64994576103673));
#2821=ORIENTED_EDGE('',*,*,#5060,.F.);
#2822=ORIENTED_EDGE('',*,*,#5468,.T.);
#2823=ORIENTED_EDGE('',*,*,#5379,.F.);
#2824=ORIENTED_EDGE('',*,*,#5469,.F.);
#2825=CARTESIAN_POINT('',(-12.6224906773794,4.07191739537857E-16,-6.64994576103673));
#2826=CARTESIAN_POINT('',(-12.5458306731663,4.05381760877663E-16,-6.62038656631293));
#2827=CARTESIAN_POINT('',(-12.4681447974241,4.04373875847877E-16,-6.60392655465099));
#2828=CARTESIAN_POINT('',(-12.3442082790706,4.04049844551022E-16,-6.59863472198412));
#2829=CARTESIAN_POINT('',(-12.297312729325,4.04104861446041E-16,-6.59953321606514));
#2830=CARTESIAN_POINT('',(-12.2171540116346,4.05009265282367E-16,-6.61430325158814));
#2831=CARTESIAN_POINT('',(-12.1811844530756,4.05624663451878E-16,-6.62435346639193));
#2832=CARTESIAN_POINT('',(-12.1177930155294,4.0727898757026E-16,-6.651370629537));
#2833=CARTESIAN_POINT('',(-12.088269393743,4.08273147431633E-16,-6.66760649218842));
#2834=CARTESIAN_POINT('',(-12.0362967490947,4.10547702006488E-16,-6.70475278737228));
#2835=CARTESIAN_POINT('',(-12.0122649203589,4.11850132667961E-16,-6.72602309424574));
#2836=CARTESIAN_POINT('',(-11.9708892204062,4.14656348468054E-16,-6.77185207615378));
#2837=CARTESIAN_POINT('',(-11.9528436764982,4.16180694830234E-16,-6.79674654145171));
#2838=CARTESIAN_POINT('',(-11.9372363448634,4.17840121867073E-16,-6.82384704157949));
#2839=ORIENTED_EDGE('',*,*,#5061,.F.);
#2840=ORIENTED_EDGE('',*,*,#5469,.T.);
#2841=ORIENTED_EDGE('',*,*,#5378,.F.);
#2842=ORIENTED_EDGE('',*,*,#5470,.F.);
#2843=ORIENTED_EDGE('',*,*,#5062,.F.);
#2844=ORIENTED_EDGE('',*,*,#5470,.T.);
#2845=ORIENTED_EDGE('',*,*,#5377,.F.);
#2846=ORIENTED_EDGE('',*,*,#5471,.F.);
#2847=CARTESIAN_POINT('',(-11.8782430619788,4.24096803374919E-16,-6.92602640484083));
#2848=CARTESIAN_POINT('',(-11.8625770062303,4.25754154367059E-16,-6.95309300058573));
#2849=CARTESIAN_POINT('',(-11.8500405388227,4.27473260400061E-16,-6.98116813268421));
#2850=CARTESIAN_POINT('',(-11.8310393262371,4.31070470442843E-16,-7.0399150308966));
#2851=CARTESIAN_POINT('',(-11.8246346145063,4.32996063898505E-16,-7.07136235851796));
#2852=CARTESIAN_POINT('',(-11.8184513015447,4.36889386186183E-16,-7.13494513667717));
#2853=CARTESIAN_POINT('',(-11.8191524429294,4.38952067228075E-16,-7.16863127448159));
#2854=CARTESIAN_POINT('',(-11.8274506120807,4.43140798737702E-16,-7.23703845135158));
#2855=CARTESIAN_POINT('',(-11.8367316500266,4.45355918980232E-16,-7.27321411022845));
#2856=CARTESIAN_POINT('',(-11.8640197828941,4.50058838455914E-16,-7.35001861384462));
#2857=CARTESIAN_POINT('',(-11.8866894390676,4.52573159846752E-16,-7.39108059828925));
#2858=CARTESIAN_POINT('',(-11.9532405597664,4.58983344325298E-16,-7.49576685530653));
#2859=CARTESIAN_POINT('',(-12.0063382858834,4.62598987620951E-16,-7.55481479138361));
#2860=CARTESIAN_POINT('',(-12.0702673015362,4.65759183404301E-16,-7.60642470512447));
#2861=ORIENTED_EDGE('',*,*,#5063,.F.);
#2862=ORIENTED_EDGE('',*,*,#5471,.T.);
#2863=ORIENTED_EDGE('',*,*,#5376,.F.);
#2864=ORIENTED_EDGE('',*,*,#5221,.F.);
#2865=CARTESIAN_POINT('',(-12.0702673015362,4.65759183404301E-16,-7.60642470512447));
#2866=CARTESIAN_POINT('',(-12.1437319548183,4.6979068638181E-16,-7.67226414520327));
#2867=CARTESIAN_POINT('',(-12.2142114931922,4.73994654998855E-16,-7.74092016292156));
#2868=CARTESIAN_POINT('',(-12.350566702161,4.82836120366709E-16,-7.88531225007697));
#2869=CARTESIAN_POINT('',(-12.4157568724223,4.87533906251639E-16,-7.96203291579383));
#2870=CARTESIAN_POINT('',(-12.5434227137669,4.97169635162499E-16,-8.1193963109796));
#2871=CARTESIAN_POINT('',(-12.6049209072252,5.02195190684678E-16,-8.20146986109507));
#2872=CARTESIAN_POINT('',(-12.7250263498937,5.1248994590043E-16,-8.36959597260606));
#2873=CARTESIAN_POINT('',(-12.7830140277827,5.17812447175674E-16,-8.45651901488977));
#2874=CARTESIAN_POINT('',(-12.8960662560293,5.28691390992999E-16,-8.63418565028046));
#2875=CARTESIAN_POINT('',(-12.9506650251476,5.34286160652115E-16,-8.72555517270948));
#2876=CARTESIAN_POINT('',(-13.0569187908038,5.45698913495337E-16,-8.911939571071));
#2877=CARTESIAN_POINT('',(-13.1083285496996,5.51534740768729E-16,-9.00724586309668));
#2878=CARTESIAN_POINT('',(-13.1575324957545,5.57447528653224E-16,-9.10380901728304));
#2879=ORIENTED_EDGE('',*,*,#5066,.F.);
#2880=ORIENTED_EDGE('',*,*,#5416,.T.);
#2881=ORIENTED_EDGE('',*,*,#5374,.F.);
#2882=ORIENTED_EDGE('',*,*,#5472,.F.);
#2883=ORIENTED_EDGE('',*,*,#5067,.F.);
#2884=ORIENTED_EDGE('',*,*,#5472,.T.);
#2885=ORIENTED_EDGE('',*,*,#5373,.F.);
#2886=ORIENTED_EDGE('',*,*,#5473,.F.);
#2887=CARTESIAN_POINT('',(-8.03424626428616,6.83264535470754E-16,-11.1585566703227));
#2888=CARTESIAN_POINT('',(-8.00892563392516,6.84388430986229E-16,-11.1769112769939));
#2889=CARTESIAN_POINT('',(-7.98605381608641,6.85646686302159E-16,-11.1974601457258));
#2890=CARTESIAN_POINT('',(-7.94480082846911,6.88459667705319E-16,-11.2433996183169));
#2891=CARTESIAN_POINT('',(-7.92615905268952,6.90059272719321E-16,-11.2695231506712));
#2892=CARTESIAN_POINT('',(-7.8946488694744,6.93462001502651E-16,-11.3250939288857));
#2893=CARTESIAN_POINT('',(-7.8815880073928,6.95363816631202E-16,-11.3561529269556));
#2894=CARTESIAN_POINT('',(-7.86134505664532,6.99397082799156E-16,-11.4220211621196));
#2895=CARTESIAN_POINT('',(-7.85510974065038,7.01651844135157E-16,-11.4588442091822));
#2896=CARTESIAN_POINT('',(-7.84879948450508,7.06627797717484E-16,-11.5401076981456));
#2897=CARTESIAN_POINT('',(-7.85280783221764,7.0948934228322E-16,-11.5868402673684));
#2898=CARTESIAN_POINT('',(-7.87102556947769,7.17002821900289E-16,-11.7095447013701));
#2899=CARTESIAN_POINT('',(-7.89551579668245,7.21628298450383E-16,-11.7850844660323));
#2900=CARTESIAN_POINT('',(-7.93292621547921,7.26107460987102E-16,-11.8582347415213));
#2901=ORIENTED_EDGE('',*,*,#5068,.F.);
#2902=ORIENTED_EDGE('',*,*,#5473,.T.);
#2903=ORIENTED_EDGE('',*,*,#5372,.F.);
#2904=ORIENTED_EDGE('',*,*,#5474,.F.);
#2905=CARTESIAN_POINT('',(-7.93292621547921,7.26107460987102E-16,-11.8582347415213));
#2906=CARTESIAN_POINT('',(-7.97326020294277,7.31620091469786E-16,-11.9482628293998));
#2907=CARTESIAN_POINT('',(-8.00972154690729,7.37215931564568E-16,-12.0396498333699));
#2908=CARTESIAN_POINT('',(-8.07555867587039,7.48688998075322E-16,-12.2270192286721));
#2909=CARTESIAN_POINT('',(-8.10390775376732,7.54604228670952E-16,-12.3236222753587));
#2910=CARTESIAN_POINT('',(-8.15653084412291,7.66586478540851E-16,-12.5193072659738));
#2911=CARTESIAN_POINT('',(-8.17932991915068,7.72709191306277E-16,-12.6192987536368));
#2912=CARTESIAN_POINT('',(-8.22066865052927,7.85105196635076E-16,-12.8217408836849));
#2913=CARTESIAN_POINT('',(-8.23828824383962,7.91411751922134E-16,-12.924734747572));
#2914=CARTESIAN_POINT('',(-8.26930306256525,8.04165776711091E-16,-13.1330237791171));
#2915=CARTESIAN_POINT('',(-8.28201818725395,8.10636659291634E-16,-13.2387013113664));
#2916=CARTESIAN_POINT('',(-8.30327646771528,8.23709024213773E-16,-13.4521892318221));
#2917=CARTESIAN_POINT('',(-8.31147705815056,8.30320700191586E-16,-13.5601660947416));
#2918=CARTESIAN_POINT('',(-8.31715132638855,8.36947746454666E-16,-13.6683939734686));
#2919=ORIENTED_EDGE('',*,*,#5474,.T.);
#2920=ORIENTED_EDGE('',*,*,#5371,.F.);
#2921=ORIENTED_EDGE('',*,*,#5475,.T.);
#2922=ORIENTED_EDGE('',*,*,#5069,.T.);
#2923=ORIENTED_EDGE('',*,*,#5070,.F.);
#2924=ORIENTED_EDGE('',*,*,#5475,.F.);
#2925=ORIENTED_EDGE('',*,*,#5370,.F.);
#2926=ORIENTED_EDGE('',*,*,#5476,.F.);
#2927=CARTESIAN_POINT('',(-7.67860074676367,8.59522110902119E-16,-14.0370613225062));
#2928=CARTESIAN_POINT('',(-7.58770978850734,8.55907688351024E-16,-13.9780333227007));
#2929=CARTESIAN_POINT('',(-7.49829937741579,8.52166983204189E-16,-13.916942971598));
#2930=CARTESIAN_POINT('',(-7.32404255513065,8.44503500449361E-16,-13.7917888004498));
#2931=CARTESIAN_POINT('',(-7.23888068993789,8.40593791838983E-16,-13.7279384133325));
#2932=CARTESIAN_POINT('',(-7.07400450665303,8.32572102005807E-16,-13.5969342766498));
#2933=CARTESIAN_POINT('',(-6.99361900074806,8.2848447914321E-16,-13.5301783292952));
#2934=CARTESIAN_POINT('',(-6.83896833901947,8.20094334733789E-16,-13.393156872737));
#2935=CARTESIAN_POINT('',(-6.76377270805496,8.15823971629062E-16,-13.3234165507487));
#2936=CARTESIAN_POINT('',(-6.62061608022074,8.07042309363296E-16,-13.1800011223675));
#2937=CARTESIAN_POINT('',(-6.55112992665567,8.02581377562573E-16,-13.1071485773916));
#2938=CARTESIAN_POINT('',(-6.42178183491374,7.93353582868846E-16,-12.9564472535462));
#2939=CARTESIAN_POINT('',(-6.36086903988215,7.88622162892485E-16,-12.8791773014318));
#2940=CARTESIAN_POINT('',(-6.30306942245706,7.83726986231998E-16,-12.7992329997132));
#2941=ORIENTED_EDGE('',*,*,#5071,.F.);
#2942=ORIENTED_EDGE('',*,*,#5476,.T.);
#2943=ORIENTED_EDGE('',*,*,#5369,.F.);
#2944=ORIENTED_EDGE('',*,*,#5477,.F.);
#2945=CARTESIAN_POINT('',(-6.30306942245706,7.83726986231998E-16,-12.7992329997132));
#2946=CARTESIAN_POINT('',(-6.25842463498811,7.7950357677133E-16,-12.7302594889245));
#2947=CARTESIAN_POINT('',(-6.20525039339716,7.75892152068077E-16,-12.6712804476896));
#2948=CARTESIAN_POINT('',(-6.10809410502471,7.71169348207363E-16,-12.5941512074221));
#2949=CARTESIAN_POINT('',(-6.06962668674987,7.69526018207887E-16,-12.5673135918644));
#2950=CARTESIAN_POINT('',(-5.99609531283478,7.6737266648761E-16,-12.5321466895089));
#2951=CARTESIAN_POINT('',(-5.96108796063638,7.66575936907102E-16,-12.5191351080299));
#2952=CARTESIAN_POINT('',(-5.89392292030817,7.656327624392E-16,-12.5037319000427));
#2953=CARTESIAN_POINT('',(-5.86049460792275,7.65374456220932E-16,-12.4995134393658));
#2954=CARTESIAN_POINT('',(-5.7966138106733,7.6534403783355E-16,-12.4990166694007));
#2955=CARTESIAN_POINT('',(-5.76466928012814,7.65532785616433E-16,-12.5020991546204));
#2956=CARTESIAN_POINT('',(-5.70425803601916,7.6631388977437E-16,-12.5148555535834));
#2957=CARTESIAN_POINT('',(-5.67502628475894,7.66897626299625E-16,-12.5243886944965));
#2958=CARTESIAN_POINT('',(-5.6464704139247,7.67678400221376E-16,-12.5371397002934));
#2959=ORIENTED_EDGE('',*,*,#5072,.F.);
#2960=ORIENTED_EDGE('',*,*,#5477,.T.);
#2961=ORIENTED_EDGE('',*,*,#5368,.F.);
#2962=ORIENTED_EDGE('',*,*,#5478,.F.);
#2963=ORIENTED_EDGE('',*,*,#5073,.F.);
#2964=ORIENTED_EDGE('',*,*,#5478,.T.);
#2965=ORIENTED_EDGE('',*,*,#5367,.F.);
#2966=ORIENTED_EDGE('',*,*,#5479,.F.);
#2967=CARTESIAN_POINT('',(-5.53868432270347,7.70616907131422E-16,-12.5851291599824));
#2968=CARTESIAN_POINT('',(-5.51010087155947,7.71393887930767E-16,-12.5978182193893));
#2969=CARTESIAN_POINT('',(-5.48345650777365,7.72333468081244E-16,-12.6131627277183));
#2970=CARTESIAN_POINT('',(-5.43355364349099,7.74559790634041E-16,-12.6495213342054));
#2971=CARTESIAN_POINT('',(-5.40988784745687,7.75887113496931E-16,-12.6711981615782));
#2972=CARTESIAN_POINT('',(-5.36751242288766,7.78814330891604E-16,-12.7190032494895));
#2973=CARTESIAN_POINT('',(-5.34827944317521,7.80508310015052E-16,-12.7466680280138));
#2974=CARTESIAN_POINT('',(-5.31478407332567,7.84195728267324E-16,-12.806888138087));
#2975=CARTESIAN_POINT('',(-5.30102907196956,7.86321836353412E-16,-12.8416101181317));
#2976=CARTESIAN_POINT('',(-5.27796108066889,7.9110871804937E-16,-12.9197858288638));
#2977=CARTESIAN_POINT('',(-5.27216558888346,7.93958760952126E-16,-12.9663305616756));
#2978=CARTESIAN_POINT('',(-5.26447353853104,8.01539981556216E-16,-13.0901412899504));
#2979=CARTESIAN_POINT('',(-5.27272299531792,8.06376163452938E-16,-13.1691221340613));
#2980=CARTESIAN_POINT('',(-5.29410710924571,8.11233714565452E-16,-13.2484519639502));
#2981=ORIENTED_EDGE('',*,*,#5074,.F.);
#2982=ORIENTED_EDGE('',*,*,#5479,.T.);
#2983=ORIENTED_EDGE('',*,*,#5366,.F.);
#2984=ORIENTED_EDGE('',*,*,#5480,.F.);
#2985=CARTESIAN_POINT('',(-5.29410710924571,8.11233714565452E-16,-13.2484519639502));
#2986=CARTESIAN_POINT('',(-5.31484181033931,8.17139369586609E-16,-13.3448986296381));
#2987=CARTESIAN_POINT('',(-5.33150595994355,8.23077113578205E-16,-13.4418693479828));
#2988=CARTESIAN_POINT('',(-5.35694810189322,8.35137633236721E-16,-13.63883258125));
#2989=CARTESIAN_POINT('',(-5.36459278164636,8.41284511675501E-16,-13.7392187243087));
#2990=CARTESIAN_POINT('',(-5.37538073395443,8.5367486095552E-16,-13.9415684840704));
#2991=CARTESIAN_POINT('',(-5.37689219522439,8.59954030942056E-16,-14.0441151120599));
#2992=CARTESIAN_POINT('',(-5.37523749058869,8.72605433867624E-16,-14.2507282013911));
#2993=CARTESIAN_POINT('',(-5.37105842512649,8.78998489411674E-16,-14.3551347216792));
#2994=CARTESIAN_POINT('',(-5.35808977092284,8.91868655314024E-16,-14.5653204815458));
#2995=CARTESIAN_POINT('',(-5.34855544521873,8.98360008811536E-16,-14.6713323292399));
#2996=CARTESIAN_POINT('',(-5.32496254673658,9.1141734864976E-16,-14.8845748714539));
#2997=CARTESIAN_POINT('',(-5.31053428245667,9.17988944699604E-16,-14.9918971794765));
#2998=CARTESIAN_POINT('',(-5.29358271305982,9.24543412753001E-16,-15.0989397660894));
#2999=ORIENTED_EDGE('',*,*,#5480,.T.);
#3000=ORIENTED_EDGE('',*,*,#5365,.F.);
#3001=ORIENTED_EDGE('',*,*,#5481,.T.);
#3002=ORIENTED_EDGE('',*,*,#5075,.T.);
#3003=ORIENTED_EDGE('',*,*,#5076,.F.);
#3004=ORIENTED_EDGE('',*,*,#5481,.F.);
#3005=ORIENTED_EDGE('',*,*,#5364,.F.);
#3006=ORIENTED_EDGE('',*,*,#5482,.F.);
#3007=CARTESIAN_POINT('',(-4.59233574376485,9.38495137255954E-16,-15.3267887183369));
#3008=CARTESIAN_POINT('',(-4.51570358226317,9.33802573051878E-16,-15.2501533291399));
#3009=CARTESIAN_POINT('',(-4.44094840136376,9.29005334556287E-16,-15.1718084790341));
#3010=CARTESIAN_POINT('',(-4.29652052407037,9.19290867738605E-16,-15.0131591962458));
#3011=CARTESIAN_POINT('',(-4.22649489190299,9.14382406805756E-16,-14.9329979458957));
#3012=CARTESIAN_POINT('',(-4.09245894036658,9.04436984752228E-16,-14.770576877871));
#3013=CARTESIAN_POINT('',(-4.02770939251851,8.99415304865234E-16,-14.6885666216813));
#3014=CARTESIAN_POINT('',(-3.9049265815081,8.89239660142047E-16,-14.5223857321339));
#3015=CARTESIAN_POINT('',(-3.84587398375728,8.84105305204872E-16,-14.4385353527306));
#3016=CARTESIAN_POINT('',(-3.73566341591617,8.7369302784818E-16,-14.2684899590066));
#3017=CARTESIAN_POINT('',(-3.68284259732859,8.68444955494449E-16,-14.182782433255));
#3018=CARTESIAN_POINT('',(-3.58765363878089,8.57772090132838E-16,-14.0084813144501));
#3019=CARTESIAN_POINT('',(-3.54413726086028,8.52368587154985E-16,-13.920235413973));
#3020=CARTESIAN_POINT('',(-3.50422205869415,8.4684453958243E-16,-13.8300208708672));
#3021=ORIENTED_EDGE('',*,*,#5077,.F.);
#3022=ORIENTED_EDGE('',*,*,#5482,.T.);
#3023=ORIENTED_EDGE('',*,*,#5363,.F.);
#3024=ORIENTED_EDGE('',*,*,#5483,.F.);
#3025=CARTESIAN_POINT('',(-3.50422205869415,8.4684453958243E-16,-13.8300208708672));
#3026=CARTESIAN_POINT('',(-3.47489326619585,8.42145052563643E-16,-13.7532724235261));
#3027=CARTESIAN_POINT('',(-3.43514344154877,8.37935589174624E-16,-13.6845266693716));
#3028=CARTESIAN_POINT('',(-3.35614632193657,8.3207910103954E-16,-13.5888829598684));
#3029=CARTESIAN_POINT('',(-3.32409936307273,8.29981956144324E-16,-13.5546339846263));
#3030=CARTESIAN_POINT('',(-3.25948643622858,8.26939538335821E-16,-13.5049475311832));
#3031=CARTESIAN_POINT('',(-3.22794933857319,8.25714543431305E-16,-13.4849418461911));
#3032=CARTESIAN_POINT('',(-3.16545452253958,8.23936906878019E-16,-13.4559108381564));
#3033=CARTESIAN_POINT('',(-3.13363376627519,8.2325867212194E-16,-13.4448344240172));
#3034=CARTESIAN_POINT('',(-3.07125220199607,8.22415657172576E-16,-13.4310669451008));
#3035=CARTESIAN_POINT('',(-3.03936485137282,8.22193597122038E-16,-13.4274404292647));
#3036=CARTESIAN_POINT('',(-2.97762153341312,8.22188541604474E-16,-13.4273578663973));
#3037=CARTESIAN_POINT('',(-2.94704651460664,8.22387375018848E-16,-13.4306050624789));
#3038=CARTESIAN_POINT('',(-2.9164635748884,8.22787544669043E-16,-13.4371403288181));
#3039=ORIENTED_EDGE('',*,*,#5078,.F.);
#3040=ORIENTED_EDGE('',*,*,#5483,.T.);
#3041=ORIENTED_EDGE('',*,*,#5362,.F.);
#3042=ORIENTED_EDGE('',*,*,#5484,.F.);
#3043=ORIENTED_EDGE('',*,*,#5079,.F.);
#3044=ORIENTED_EDGE('',*,*,#5484,.T.);
#3045=ORIENTED_EDGE('',*,*,#5361,.F.);
#3046=ORIENTED_EDGE('',*,*,#5485,.F.);
#3047=CARTESIAN_POINT('',(-2.80105529866251,8.24289622120259E-16,-13.4616711152009));
#3048=CARTESIAN_POINT('',(-2.77045826070914,8.24685730414174E-16,-13.4681400545586));
#3049=CARTESIAN_POINT('',(-2.74120583752752,8.25265571238017E-16,-13.4776095738396));
#3050=CARTESIAN_POINT('',(-2.68483409120918,8.26807933961813E-16,-13.5027982686513));
#3051=CARTESIAN_POINT('',(-2.65717858376829,8.2780496429528E-16,-13.5190810096696));
#3052=CARTESIAN_POINT('',(-2.60578992723853,8.30128736854803E-16,-13.5570310955415));
#3053=CARTESIAN_POINT('',(-2.58122540339874,8.31540844956839E-16,-13.5800925709485));
#3054=CARTESIAN_POINT('',(-2.53594152283817,8.34721257421608E-16,-13.6320326481525));
#3055=CARTESIAN_POINT('',(-2.51526799568397,8.36625791132223E-16,-13.6631360440368));
#3056=CARTESIAN_POINT('',(-2.47645045114028,8.41014391241691E-16,-13.73480732285));
#3057=CARTESIAN_POINT('',(-2.46110441065773,8.43728371930593E-16,-13.7791299910804));
#3058=CARTESIAN_POINT('',(-2.4278387522038,8.51045997802574E-16,-13.8986358906928));
#3059=CARTESIAN_POINT('',(-2.41948689772592,8.55881520690461E-16,-13.9776059723728));
#3060=CARTESIAN_POINT('',(-2.42391011839373,8.60905162086037E-16,-14.0596482624285));
#3061=ORIENTED_EDGE('',*,*,#5080,.F.);
#3062=ORIENTED_EDGE('',*,*,#5485,.T.);
#3063=ORIENTED_EDGE('',*,*,#5360,.F.);
#3064=ORIENTED_EDGE('',*,*,#5486,.F.);
#3065=CARTESIAN_POINT('',(-2.42391011839373,8.60905162086037E-16,-14.0596482624285));
#3066=CARTESIAN_POINT('',(-2.42413932718346,8.66945736182765E-16,-14.1582983238329));
#3067=CARTESIAN_POINT('',(-2.42027797912625,8.72965876166286E-16,-14.2566146708435));
#3068=CARTESIAN_POINT('',(-2.40421319037434,8.85086746390692E-16,-14.4545635036473));
#3069=CARTESIAN_POINT('',(-2.39081936279524,8.91196624588854E-16,-14.5543453869204));
#3070=CARTESIAN_POINT('',(-2.3593006917736,9.03453555559963E-16,-14.7545162603451));
#3071=CARTESIAN_POINT('',(-2.33945848117545,9.09614752908396E-16,-14.8551362489447));
#3072=CARTESIAN_POINT('',(-2.29488265905818,9.2196862641472E-16,-15.0568903141155));
#3073=CARTESIAN_POINT('',(-2.26908758003752,9.28168775011202E-16,-15.1581464248701));
#3074=CARTESIAN_POINT('',(-2.21270224532379,9.40592594019104E-16,-15.3610427867689));
#3075=CARTESIAN_POINT('',(-2.18133516501091,9.46820715136775E-16,-15.4627557234623));
#3076=CARTESIAN_POINT('',(-2.11392221046024,9.59292361484085E-16,-15.6664331650886));
#3077=CARTESIAN_POINT('',(-2.07749567584867,9.65536667324566E-16,-15.7684104183641));
#3078=CARTESIAN_POINT('',(-2.03865913374227,9.71732095462518E-16,-15.8695894381805));
#3079=ORIENTED_EDGE('',*,*,#5486,.T.);
#3080=ORIENTED_EDGE('',*,*,#5359,.F.);
#3081=ORIENTED_EDGE('',*,*,#5487,.T.);
#3082=ORIENTED_EDGE('',*,*,#5081,.T.);
#3083=ORIENTED_EDGE('',*,*,#5082,.F.);
#3084=ORIENTED_EDGE('',*,*,#5487,.F.);
#3085=ORIENTED_EDGE('',*,*,#5358,.F.);
#3086=ORIENTED_EDGE('',*,*,#5488,.F.);
#3087=CARTESIAN_POINT('',(-1.3053636322917,9.76451422712391E-16,-15.9466619010842));
#3088=CARTESIAN_POINT('',(-1.24633946072421,9.70885804428473E-16,-15.855768456741));
#3089=CARTESIAN_POINT('',(-1.1895066701374,9.65241694926089E-16,-15.7635931535219));
#3090=CARTESIAN_POINT('',(-1.08121992911532,9.53900812860669E-16,-15.5783824940352));
#3091=CARTESIAN_POINT('',(-1.0293909861193,9.48208122901523E-16,-15.4854138117489));
#3092=CARTESIAN_POINT('',(-0.932053280589328,9.36773631294812E-16,-15.2986743924376));
#3093=CARTESIAN_POINT('',(-0.885769556741924,9.31037365891177E-16,-15.2049940691373));
#3094=CARTESIAN_POINT('',(-0.800220794468154,9.19520945356786E-16,-15.0169166488982));
#3095=CARTESIAN_POINT('',(-0.75989211181853,9.13746994535288E-16,-14.9226208760187));
#3096=CARTESIAN_POINT('',(-0.687444334634172,9.02159168571806E-16,-14.7333773166259));
#3097=CARTESIAN_POINT('',(-0.653597374258763,8.96353321609972E-16,-14.6385606402442));
#3098=CARTESIAN_POINT('',(-0.596727763161141,8.84701841010869E-16,-14.4482775217611));
#3099=CARTESIAN_POINT('',(-0.572509676881378,8.7886241404054E-16,-14.3529124422232));
#3100=CARTESIAN_POINT('',(-0.552223375843265,8.72950922942158E-16,-14.2563704661612));
#3101=ORIENTED_EDGE('',*,*,#5083,.F.);
#3102=ORIENTED_EDGE('',*,*,#5488,.T.);
#3103=ORIENTED_EDGE('',*,*,#5357,.F.);
#3104=ORIENTED_EDGE('',*,*,#5489,.F.);
#3105=CARTESIAN_POINT('',(-0.552223375843265,8.72950922942158E-16,-14.2563704661612));
#3106=CARTESIAN_POINT('',(-0.539492387282943,8.67980748498614E-16,-14.1752013576965));
#3107=CARTESIAN_POINT('',(-0.514904237657633,8.63357220173175E-16,-14.0996934099575));
#3108=CARTESIAN_POINT('',(-0.457518840002969,8.56623004397774E-16,-13.9897153202734));
#3109=CARTESIAN_POINT('',(-0.433292946430861,8.54163699901955E-16,-13.9495518299098));
#3110=CARTESIAN_POINT('',(-0.380422361607945,8.50365184262599E-16,-13.8875173618166));
#3111=CARTESIAN_POINT('',(-0.353733840994893,8.48765462189579E-16,-13.8613919177435));
#3112=CARTESIAN_POINT('',(-0.298640572599956,8.46231054798335E-16,-13.8200019040186));
#3113=CARTESIAN_POINT('',(-0.269818092198292,8.45162533617816E-16,-13.8025516288656));
#3114=CARTESIAN_POINT('',(-0.21166213458845,8.43543765904993E-16,-13.7761151458902));
#3115=CARTESIAN_POINT('',(-0.181225594121824,8.42920603110804E-16,-13.7659381251423));
#3116=CARTESIAN_POINT('',(-0.120848681583557,8.42129608868115E-16,-13.753020208838));
#3117=CARTESIAN_POINT('',(-0.0902666702678694,8.41934849197293E-16,-13.7498395420374));
#3118=CARTESIAN_POINT('',(-0.0589932828845592,8.41936925241991E-16,-13.7498734464203));
#3119=ORIENTED_EDGE('',*,*,#5084,.F.);
#3120=ORIENTED_EDGE('',*,*,#5489,.T.);
#3121=ORIENTED_EDGE('',*,*,#5356,.F.);
#3122=ORIENTED_EDGE('',*,*,#5490,.F.);
#3123=ORIENTED_EDGE('',*,*,#5085,.F.);
#3124=ORIENTED_EDGE('',*,*,#5490,.T.);
#3125=ORIENTED_EDGE('',*,*,#5355,.F.);
#3126=ORIENTED_EDGE('',*,*,#5491,.F.);
#3127=CARTESIAN_POINT('',(0.0589932828845623,8.41936925241991E-16,-13.7498734464203));
#3128=CARTESIAN_POINT('',(0.0902666702678723,8.41934849197294E-16,-13.7498395420375));
#3129=CARTESIAN_POINT('',(0.120848681583559,8.42129608868115E-16,-13.753020208838));
#3130=CARTESIAN_POINT('',(0.181225594121827,8.42920603110804E-16,-13.7659381251423));
#3131=CARTESIAN_POINT('',(0.211662134588453,8.43543765904993E-16,-13.7761151458902));
#3132=CARTESIAN_POINT('',(0.269818092198295,8.45162533617816E-16,-13.8025516288656));
#3133=CARTESIAN_POINT('',(0.298640572599959,8.46231054798335E-16,-13.8200019040186));
#3134=CARTESIAN_POINT('',(0.353733840994896,8.48765462189579E-16,-13.8613919177435));
#3135=CARTESIAN_POINT('',(0.380422361607948,8.50365184262599E-16,-13.8875173618166));
#3136=CARTESIAN_POINT('',(0.433292946430863,8.54163699901955E-16,-13.9495518299098));
#3137=CARTESIAN_POINT('',(0.457518840002972,8.56623004397774E-16,-13.9897153202734));
#3138=CARTESIAN_POINT('',(0.514904237657636,8.63357220173175E-16,-14.0996934099575));
#3139=CARTESIAN_POINT('',(0.539492387282946,8.67980748498614E-16,-14.1752013576965));
#3140=CARTESIAN_POINT('',(0.552223375843267,8.72950922942158E-16,-14.2563704661612));
#3141=ORIENTED_EDGE('',*,*,#5086,.F.);
#3142=ORIENTED_EDGE('',*,*,#5491,.T.);
#3143=ORIENTED_EDGE('',*,*,#5354,.F.);
#3144=ORIENTED_EDGE('',*,*,#5492,.F.);
#3145=CARTESIAN_POINT('',(0.552223375843267,8.72950922942158E-16,-14.2563704661612));
#3146=CARTESIAN_POINT('',(0.572509676881381,8.7886241404054E-16,-14.3529124422232));
#3147=CARTESIAN_POINT('',(0.596727763161144,8.84701841010869E-16,-14.4482775217611));
#3148=CARTESIAN_POINT('',(0.653597374258766,8.96353321609972E-16,-14.6385606402442));
#3149=CARTESIAN_POINT('',(0.687444334634175,9.02159168571806E-16,-14.7333773166259));
#3150=CARTESIAN_POINT('',(0.759892111818533,9.13746994535288E-16,-14.9226208760187));
#3151=CARTESIAN_POINT('',(0.800220794468158,9.19520945356787E-16,-15.0169166488982));
#3152=CARTESIAN_POINT('',(0.885769556741927,9.31037365891177E-16,-15.2049940691373));
#3153=CARTESIAN_POINT('',(0.932053280589332,9.36773631294813E-16,-15.2986743924376));
#3154=CARTESIAN_POINT('',(1.0293909861193,9.48208122901523E-16,-15.4854138117489));
#3155=CARTESIAN_POINT('',(1.08121992911533,9.53900812860669E-16,-15.5783824940352));
#3156=CARTESIAN_POINT('',(1.18950667013741,9.65241694926089E-16,-15.763593153522));
#3157=CARTESIAN_POINT('',(1.24633946072421,9.70885804428473E-16,-15.855768456741));
#3158=CARTESIAN_POINT('',(1.3053636322917,9.76451422712391E-16,-15.9466619010842));
#3159=ORIENTED_EDGE('',*,*,#5492,.T.);
#3160=ORIENTED_EDGE('',*,*,#5353,.F.);
#3161=ORIENTED_EDGE('',*,*,#5493,.T.);
#3162=ORIENTED_EDGE('',*,*,#5087,.T.);
#3163=ORIENTED_EDGE('',*,*,#5088,.F.);
#3164=ORIENTED_EDGE('',*,*,#5493,.F.);
#3165=ORIENTED_EDGE('',*,*,#5352,.F.);
#3166=ORIENTED_EDGE('',*,*,#5494,.F.);
#3167=CARTESIAN_POINT('',(2.03865913374227,9.71732095462519E-16,-15.8695894381805));
#3168=CARTESIAN_POINT('',(2.07749567584867,9.65536667324566E-16,-15.7684104183641));
#3169=CARTESIAN_POINT('',(2.11392221046024,9.59292361484085E-16,-15.6664331650886));
#3170=CARTESIAN_POINT('',(2.18133516501091,9.46820715136775E-16,-15.4627557234623));
#3171=CARTESIAN_POINT('',(2.21270224532379,9.40592594019104E-16,-15.3610427867689));
#3172=CARTESIAN_POINT('',(2.26908758003753,9.28168775011202E-16,-15.1581464248701));
#3173=CARTESIAN_POINT('',(2.29488265905819,9.2196862641472E-16,-15.0568903141155));
#3174=CARTESIAN_POINT('',(2.33945848117545,9.09614752908396E-16,-14.8551362489447));
#3175=CARTESIAN_POINT('',(2.3593006917736,9.03453555559963E-16,-14.7545162603451));
#3176=CARTESIAN_POINT('',(2.39081936279525,8.91196624588854E-16,-14.5543453869204));
#3177=CARTESIAN_POINT('',(2.40421319037434,8.85086746390693E-16,-14.4545635036473));
#3178=CARTESIAN_POINT('',(2.42027797912625,8.72965876166286E-16,-14.2566146708435));
#3179=CARTESIAN_POINT('',(2.42413932718347,8.66945736182765E-16,-14.1582983238329));
#3180=CARTESIAN_POINT('',(2.42391011839373,8.60905162086037E-16,-14.0596482624285));
#3181=ORIENTED_EDGE('',*,*,#5089,.F.);
#3182=ORIENTED_EDGE('',*,*,#5494,.T.);
#3183=ORIENTED_EDGE('',*,*,#5351,.F.);
#3184=ORIENTED_EDGE('',*,*,#5495,.F.);
#3185=CARTESIAN_POINT('',(2.42391011839373,8.60905162086037E-16,-14.0596482624285));
#3186=CARTESIAN_POINT('',(2.41948689772592,8.55881520690461E-16,-13.9776059723728));
#3187=CARTESIAN_POINT('',(2.4278387522038,8.51045997802574E-16,-13.8986358906928));
#3188=CARTESIAN_POINT('',(2.46110441065773,8.43728371930593E-16,-13.7791299910804));
#3189=CARTESIAN_POINT('',(2.47645045114028,8.41014391241691E-16,-13.73480732285));
#3190=CARTESIAN_POINT('',(2.51526799568398,8.36625791132223E-16,-13.6631360440368));
#3191=CARTESIAN_POINT('',(2.53594152283817,8.34721257421608E-16,-13.6320326481525));
#3192=CARTESIAN_POINT('',(2.58122540339874,8.31540844956839E-16,-13.5800925709485));
#3193=CARTESIAN_POINT('',(2.60578992723853,8.30128736854803E-16,-13.5570310955415));
#3194=CARTESIAN_POINT('',(2.6571785837683,8.2780496429528E-16,-13.5190810096696));
#3195=CARTESIAN_POINT('',(2.68483409120918,8.26807933961813E-16,-13.5027982686513));
#3196=CARTESIAN_POINT('',(2.74120583752752,8.25265571238017E-16,-13.4776095738396));
#3197=CARTESIAN_POINT('',(2.77045826070915,8.24685730414174E-16,-13.4681400545586));
#3198=CARTESIAN_POINT('',(2.80105529866252,8.24289622120259E-16,-13.4616711152009));
#3199=ORIENTED_EDGE('',*,*,#5090,.F.);
#3200=ORIENTED_EDGE('',*,*,#5495,.T.);
#3201=ORIENTED_EDGE('',*,*,#5350,.F.);
#3202=ORIENTED_EDGE('',*,*,#5496,.F.);
#3203=ORIENTED_EDGE('',*,*,#5091,.F.);
#3204=ORIENTED_EDGE('',*,*,#5496,.T.);
#3205=ORIENTED_EDGE('',*,*,#5349,.F.);
#3206=ORIENTED_EDGE('',*,*,#5497,.F.);
#3207=CARTESIAN_POINT('',(2.91646357488841,8.22787544669044E-16,-13.4371403288181));
#3208=CARTESIAN_POINT('',(2.94704651460664,8.22387375018849E-16,-13.4306050624789));
#3209=CARTESIAN_POINT('',(2.97762153341312,8.22188541604474E-16,-13.4273578663973));
#3210=CARTESIAN_POINT('',(3.03936485137282,8.22193597122038E-16,-13.4274404292647));
#3211=CARTESIAN_POINT('',(3.07125220199608,8.22415657172576E-16,-13.4310669451008));
#3212=CARTESIAN_POINT('',(3.1336337662752,8.2325867212194E-16,-13.4448344240172));
#3213=CARTESIAN_POINT('',(3.16545452253958,8.23936906878019E-16,-13.4559108381564));
#3214=CARTESIAN_POINT('',(3.22794933857319,8.25714543431305E-16,-13.4849418461911));
#3215=CARTESIAN_POINT('',(3.25948643622858,8.26939538335822E-16,-13.5049475311832));
#3216=CARTESIAN_POINT('',(3.32409936307274,8.29981956144324E-16,-13.5546339846263));
#3217=CARTESIAN_POINT('',(3.35614632193657,8.3207910103954E-16,-13.5888829598684));
#3218=CARTESIAN_POINT('',(3.43514344154877,8.37935589174624E-16,-13.6845266693716));
#3219=CARTESIAN_POINT('',(3.47489326619585,8.42145052563643E-16,-13.7532724235261));
#3220=CARTESIAN_POINT('',(3.50422205869416,8.4684453958243E-16,-13.8300208708672));
#3221=ORIENTED_EDGE('',*,*,#5092,.F.);
#3222=ORIENTED_EDGE('',*,*,#5497,.T.);
#3223=ORIENTED_EDGE('',*,*,#5348,.F.);
#3224=ORIENTED_EDGE('',*,*,#5498,.F.);
#3225=CARTESIAN_POINT('',(3.50422205869416,8.4684453958243E-16,-13.8300208708672));
#3226=CARTESIAN_POINT('',(3.54413726086028,8.52368587154985E-16,-13.920235413973));
#3227=CARTESIAN_POINT('',(3.5876536387809,8.57772090132838E-16,-14.0084813144501));
#3228=CARTESIAN_POINT('',(3.68284259732859,8.68444955494449E-16,-14.182782433255));
#3229=CARTESIAN_POINT('',(3.73566341591618,8.7369302784818E-16,-14.2684899590066));
#3230=CARTESIAN_POINT('',(3.84587398375728,8.84105305204872E-16,-14.4385353527306));
#3231=CARTESIAN_POINT('',(3.90492658150811,8.89239660142047E-16,-14.5223857321339));
#3232=CARTESIAN_POINT('',(4.02770939251851,8.99415304865235E-16,-14.6885666216813));
#3233=CARTESIAN_POINT('',(4.09245894036658,9.04436984752228E-16,-14.770576877871));
#3234=CARTESIAN_POINT('',(4.22649489190299,9.14382406805756E-16,-14.9329979458957));
#3235=CARTESIAN_POINT('',(4.29652052407037,9.19290867738605E-16,-15.0131591962458));
#3236=CARTESIAN_POINT('',(4.44094840136377,9.29005334556288E-16,-15.1718084790341));
#3237=CARTESIAN_POINT('',(4.51570358226318,9.33802573051878E-16,-15.2501533291399));
#3238=CARTESIAN_POINT('',(4.59233574376485,9.38495137255954E-16,-15.3267887183369));
#3239=ORIENTED_EDGE('',*,*,#5498,.T.);
#3240=ORIENTED_EDGE('',*,*,#5347,.F.);
#3241=ORIENTED_EDGE('',*,*,#5499,.T.);
#3242=ORIENTED_EDGE('',*,*,#5093,.T.);
#3243=ORIENTED_EDGE('',*,*,#5094,.F.);
#3244=ORIENTED_EDGE('',*,*,#5499,.F.);
#3245=ORIENTED_EDGE('',*,*,#5346,.F.);
#3246=ORIENTED_EDGE('',*,*,#5500,.F.);
#3247=CARTESIAN_POINT('',(5.29358271305982,9.24543412753001E-16,-15.0989397660893));
#3248=CARTESIAN_POINT('',(5.31053428245668,9.17988944699604E-16,-14.9918971794765));
#3249=CARTESIAN_POINT('',(5.32496254673658,9.1141734864976E-16,-14.8845748714539));
#3250=CARTESIAN_POINT('',(5.34855544521873,8.98360008811536E-16,-14.6713323292399));
#3251=CARTESIAN_POINT('',(5.35808977092284,8.91868655314024E-16,-14.5653204815458));
#3252=CARTESIAN_POINT('',(5.3710584251265,8.78998489411673E-16,-14.3551347216792));
#3253=CARTESIAN_POINT('',(5.37523749058869,8.72605433867624E-16,-14.2507282013911));
#3254=CARTESIAN_POINT('',(5.3768921952244,8.59954030942055E-16,-14.0441151120599));
#3255=CARTESIAN_POINT('',(5.37538073395444,8.5367486095552E-16,-13.9415684840704));
#3256=CARTESIAN_POINT('',(5.36459278164637,8.41284511675501E-16,-13.7392187243087));
#3257=CARTESIAN_POINT('',(5.35694810189322,8.35137633236721E-16,-13.63883258125));
#3258=CARTESIAN_POINT('',(5.33150595994356,8.23077113578205E-16,-13.4418693479828));
#3259=CARTESIAN_POINT('',(5.31484181033932,8.17139369586608E-16,-13.3448986296381));
#3260=CARTESIAN_POINT('',(5.29410710924571,8.11233714565451E-16,-13.2484519639502));
#3261=ORIENTED_EDGE('',*,*,#5095,.F.);
#3262=ORIENTED_EDGE('',*,*,#5500,.T.);
#3263=ORIENTED_EDGE('',*,*,#5345,.F.);
#3264=ORIENTED_EDGE('',*,*,#5501,.F.);
#3265=CARTESIAN_POINT('',(5.29410710924571,8.11233714565451E-16,-13.2484519639502));
#3266=CARTESIAN_POINT('',(5.27272299531792,8.06376163452937E-16,-13.1691221340613));
#3267=CARTESIAN_POINT('',(5.26447353853104,8.01539981556216E-16,-13.0901412899504));
#3268=CARTESIAN_POINT('',(5.27216558888346,7.93958760952125E-16,-12.9663305616756));
#3269=CARTESIAN_POINT('',(5.27796108066889,7.9110871804937E-16,-12.9197858288638));
#3270=CARTESIAN_POINT('',(5.30102907196956,7.86321836353412E-16,-12.8416101181317));
#3271=CARTESIAN_POINT('',(5.31478407332567,7.84195728267323E-16,-12.806888138087));
#3272=CARTESIAN_POINT('',(5.34827944317522,7.80508310015052E-16,-12.7466680280138));
#3273=CARTESIAN_POINT('',(5.36751242288766,7.78814330891604E-16,-12.7190032494895));
#3274=CARTESIAN_POINT('',(5.40988784745687,7.75887113496931E-16,-12.6711981615782));
#3275=CARTESIAN_POINT('',(5.433553643491,7.74559790634041E-16,-12.6495213342054));
#3276=CARTESIAN_POINT('',(5.48345650777365,7.72333468081244E-16,-12.6131627277183));
#3277=CARTESIAN_POINT('',(5.51010087155948,7.71393887930766E-16,-12.5978182193893));
#3278=CARTESIAN_POINT('',(5.53868432270347,7.70616907131422E-16,-12.5851291599824));
#3279=ORIENTED_EDGE('',*,*,#5096,.F.);
#3280=ORIENTED_EDGE('',*,*,#5501,.T.);
#3281=ORIENTED_EDGE('',*,*,#5344,.F.);
#3282=ORIENTED_EDGE('',*,*,#5502,.F.);
#3283=ORIENTED_EDGE('',*,*,#5097,.F.);
#3284=ORIENTED_EDGE('',*,*,#5502,.T.);
#3285=ORIENTED_EDGE('',*,*,#5343,.F.);
#3286=ORIENTED_EDGE('',*,*,#5503,.F.);
#3287=CARTESIAN_POINT('',(5.6464704139247,7.67678400221376E-16,-12.5371397002934));
#3288=CARTESIAN_POINT('',(5.67502628475895,7.66897626299625E-16,-12.5243886944965));
#3289=CARTESIAN_POINT('',(5.70425803601916,7.6631388977437E-16,-12.5148555535834));
#3290=CARTESIAN_POINT('',(5.76466928012815,7.65532785616432E-16,-12.5020991546204));
#3291=CARTESIAN_POINT('',(5.79661381067331,7.65344037833549E-16,-12.4990166694007));
#3292=CARTESIAN_POINT('',(5.86049460792275,7.65374456220932E-16,-12.4995134393658));
#3293=CARTESIAN_POINT('',(5.89392292030817,7.656327624392E-16,-12.5037319000427));
#3294=CARTESIAN_POINT('',(5.96108796063638,7.66575936907102E-16,-12.5191351080299));
#3295=CARTESIAN_POINT('',(5.99609531283479,7.6737266648761E-16,-12.5321466895089));
#3296=CARTESIAN_POINT('',(6.06962668674988,7.69526018207887E-16,-12.5673135918644));
#3297=CARTESIAN_POINT('',(6.10809410502471,7.71169348207362E-16,-12.5941512074221));
#3298=CARTESIAN_POINT('',(6.20525039339716,7.75892152068077E-16,-12.6712804476896));
#3299=CARTESIAN_POINT('',(6.25842463498811,7.7950357677133E-16,-12.7302594889245));
#3300=CARTESIAN_POINT('',(6.30306942245707,7.83726986231998E-16,-12.7992329997132));
#3301=ORIENTED_EDGE('',*,*,#5098,.F.);
#3302=ORIENTED_EDGE('',*,*,#5503,.T.);
#3303=ORIENTED_EDGE('',*,*,#5342,.F.);
#3304=ORIENTED_EDGE('',*,*,#5504,.F.);
#3305=CARTESIAN_POINT('',(6.30306942245707,7.83726986231998E-16,-12.7992329997132));
#3306=CARTESIAN_POINT('',(6.36086903988215,7.88622162892484E-16,-12.8791773014318));
#3307=CARTESIAN_POINT('',(6.42178183491374,7.93353582868846E-16,-12.9564472535462));
#3308=CARTESIAN_POINT('',(6.55112992665567,8.02581377562573E-16,-13.1071485773916));
#3309=CARTESIAN_POINT('',(6.62061608022075,8.07042309363296E-16,-13.1800011223675));
#3310=CARTESIAN_POINT('',(6.76377270805496,8.15823971629061E-16,-13.3234165507487));
#3311=CARTESIAN_POINT('',(6.83896833901947,8.20094334733789E-16,-13.393156872737));
#3312=CARTESIAN_POINT('',(6.99361900074806,8.2848447914321E-16,-13.5301783292952));
#3313=CARTESIAN_POINT('',(7.07400450665303,8.32572102005807E-16,-13.5969342766498));
#3314=CARTESIAN_POINT('',(7.23888068993789,8.40593791838983E-16,-13.7279384133325));
#3315=CARTESIAN_POINT('',(7.32404255513065,8.44503500449361E-16,-13.7917888004498));
#3316=CARTESIAN_POINT('',(7.49829937741579,8.52166983204188E-16,-13.916942971598));
#3317=CARTESIAN_POINT('',(7.58770978850734,8.55907688351024E-16,-13.9780333227007));
#3318=CARTESIAN_POINT('',(7.67860074676367,8.59522110902119E-16,-14.0370613225062));
#3319=ORIENTED_EDGE('',*,*,#5504,.T.);
#3320=ORIENTED_EDGE('',*,*,#5341,.F.);
#3321=ORIENTED_EDGE('',*,*,#5505,.T.);
#3322=ORIENTED_EDGE('',*,*,#5099,.T.);
#3323=ORIENTED_EDGE('',*,*,#5100,.F.);
#3324=ORIENTED_EDGE('',*,*,#5505,.F.);
#3325=ORIENTED_EDGE('',*,*,#5340,.F.);
#3326=ORIENTED_EDGE('',*,*,#5506,.F.);
#3327=CARTESIAN_POINT('',(8.31715132638856,8.36947746454666E-16,-13.6683939734686));
#3328=CARTESIAN_POINT('',(8.31147705815057,8.30320700191586E-16,-13.5601660947416));
#3329=CARTESIAN_POINT('',(8.30327646771529,8.23709024213773E-16,-13.4521892318221));
#3330=CARTESIAN_POINT('',(8.28201818725395,8.10636659291634E-16,-13.2387013113664));
#3331=CARTESIAN_POINT('',(8.26930306256526,8.04165776711091E-16,-13.1330237791171));
#3332=CARTESIAN_POINT('',(8.23828824383963,7.91411751922134E-16,-12.924734747572));
#3333=CARTESIAN_POINT('',(8.22066865052927,7.85105196635076E-16,-12.8217408836849));
#3334=CARTESIAN_POINT('',(8.17932991915069,7.72709191306277E-16,-12.6192987536368));
#3335=CARTESIAN_POINT('',(8.15653084412291,7.66586478540851E-16,-12.5193072659738));
#3336=CARTESIAN_POINT('',(8.10390775376733,7.54604228670952E-16,-12.3236222753587));
#3337=CARTESIAN_POINT('',(8.0755586758704,7.48688998075322E-16,-12.2270192286721));
#3338=CARTESIAN_POINT('',(8.0097215469073,7.37215931564568E-16,-12.0396498333699));
#3339=CARTESIAN_POINT('',(7.97326020294277,7.31620091469786E-16,-11.9482628293998));
#3340=CARTESIAN_POINT('',(7.93292621547922,7.26107460987102E-16,-11.8582347415213));
#3341=ORIENTED_EDGE('',*,*,#5101,.F.);
#3342=ORIENTED_EDGE('',*,*,#5506,.T.);
#3343=ORIENTED_EDGE('',*,*,#5339,.F.);
#3344=ORIENTED_EDGE('',*,*,#5507,.F.);
#3345=CARTESIAN_POINT('',(7.93292621547922,7.26107460987102E-16,-11.8582347415213));
#3346=CARTESIAN_POINT('',(7.89551579668246,7.21628298450382E-16,-11.7850844660323));
#3347=CARTESIAN_POINT('',(7.8710255694777,7.17002821900289E-16,-11.7095447013701));
#3348=CARTESIAN_POINT('',(7.85280783221765,7.0948934228322E-16,-11.5868402673684));
#3349=CARTESIAN_POINT('',(7.84879948450508,7.06627797717484E-16,-11.5401076981456));
#3350=CARTESIAN_POINT('',(7.85510974065039,7.01651844135157E-16,-11.4588442091822));
#3351=CARTESIAN_POINT('',(7.86134505664533,6.99397082799156E-16,-11.4220211621196));
#3352=CARTESIAN_POINT('',(7.8815880073928,6.95363816631202E-16,-11.3561529269556));
#3353=CARTESIAN_POINT('',(7.8946488694744,6.93462001502651E-16,-11.3250939288857));
#3354=CARTESIAN_POINT('',(7.92615905268953,6.90059272719321E-16,-11.2695231506712));
#3355=CARTESIAN_POINT('',(7.94480082846911,6.88459667705318E-16,-11.2433996183169));
#3356=CARTESIAN_POINT('',(7.98605381608642,6.85646686302159E-16,-11.1974601457258));
#3357=CARTESIAN_POINT('',(8.00892563392516,6.84388430986229E-16,-11.1769112769939));
#3358=CARTESIAN_POINT('',(8.03424626428617,6.83264535470754E-16,-11.1585566703227));
#3359=ORIENTED_EDGE('',*,*,#5102,.F.);
#3360=ORIENTED_EDGE('',*,*,#5507,.T.);
#3361=ORIENTED_EDGE('',*,*,#5338,.F.);
#3362=ORIENTED_EDGE('',*,*,#5508,.F.);
#3363=ORIENTED_EDGE('',*,*,#5103,.F.);
#3364=ORIENTED_EDGE('',*,*,#5508,.T.);
#3365=ORIENTED_EDGE('',*,*,#5337,.F.);
#3366=ORIENTED_EDGE('',*,*,#5509,.F.);
#3367=CARTESIAN_POINT('',(8.12969940110132,6.79018025954367E-16,-11.089205906995));
#3368=CARTESIAN_POINT('',(8.15498017446985,6.77890771328009E-16,-11.0707964418799));
#3369=CARTESIAN_POINT('',(8.18159109038422,6.76947643779106E-16,-11.0553940001382));
#3370=CARTESIAN_POINT('',(8.23802999938962,6.75414517945523E-16,-11.0303561551914));
#3371=CARTESIAN_POINT('',(8.268635580585,6.74823211513042E-16,-11.0206993883115));
#3372=CARTESIAN_POINT('',(8.33122371343089,6.74039703908951E-16,-11.007903738094));
#3373=CARTESIAN_POINT('',(8.36479860427926,6.73866792368179E-16,-11.0050798783347));
#3374=CARTESIAN_POINT('',(8.43369843434612,6.73934283500597E-16,-11.0061820921725));
#3375=CARTESIAN_POINT('',(8.47064605181255,6.74267926851295E-16,-11.0116309015913));
#3376=CARTESIAN_POINT('',(8.5498821989158,6.75438100680244E-16,-11.0307412904767));
#3377=CARTESIAN_POINT('',(8.59308886583588,6.76555794377428E-16,-11.048994613769));
#3378=CARTESIAN_POINT('',(8.7041581269591,6.79938504772534E-16,-11.104238466894));
#3379=CARTESIAN_POINT('',(8.76843281597808,6.82794054200949E-16,-11.1508731280944));
#3380=CARTESIAN_POINT('',(8.82644240697583,6.863568028439E-16,-11.2090572289377));
#3381=ORIENTED_EDGE('',*,*,#5104,.F.);
#3382=ORIENTED_EDGE('',*,*,#5509,.T.);
#3383=ORIENTED_EDGE('',*,*,#5336,.F.);
#3384=ORIENTED_EDGE('',*,*,#5510,.F.);
#3385=CARTESIAN_POINT('',(8.82644240697583,6.863568028439E-16,-11.2090572289377));
#3386=CARTESIAN_POINT('',(8.89960031902506,6.90409165882591E-16,-11.2752373396686));
#3387=CARTESIAN_POINT('',(8.97524734973273,6.94261717100622E-16,-11.3381542757307));
#3388=CARTESIAN_POINT('',(9.13310144237876,7.01641142218477E-16,-11.4586694336193));
#3389=CARTESIAN_POINT('',(9.21621605257898,7.05119969340576E-16,-11.5154829920187));
#3390=CARTESIAN_POINT('',(9.38606210882823,7.11887215735309E-16,-11.6260005126532));
#3391=CARTESIAN_POINT('',(9.47411436310461,7.15106951648438E-16,-11.6785827905045));
#3392=CARTESIAN_POINT('',(9.65387389953764,7.2134490617302E-16,-11.7804563189198));
#3393=CARTESIAN_POINT('',(9.746382131159,7.24319823277535E-16,-11.8290404022096));
#3394=CARTESIAN_POINT('',(9.93489266581905,7.3006719455231E-16,-11.9229020981496));
#3395=CARTESIAN_POINT('',(10.0314687818763,7.3280727781308E-16,-11.967651053729));
#3396=CARTESIAN_POINT('',(10.2279386898423,7.38084845535197E-16,-12.0538402754015));
#3397=CARTESIAN_POINT('',(10.3280966671226,7.40605530568466E-16,-12.0950061860139));
#3398=CARTESIAN_POINT('',(10.4292740511145,7.42983843857173E-16,-12.1338469895886));
#3399=ORIENTED_EDGE('',*,*,#5510,.T.);
#3400=ORIENTED_EDGE('',*,*,#5335,.F.);
#3401=ORIENTED_EDGE('',*,*,#5511,.T.);
#3402=ORIENTED_EDGE('',*,*,#5105,.T.);
#3403=ORIENTED_EDGE('',*,*,#5106,.F.);
#3404=ORIENTED_EDGE('',*,*,#5511,.F.);
#3405=ORIENTED_EDGE('',*,*,#5334,.F.);
#3406=ORIENTED_EDGE('',*,*,#5512,.F.);
#3407=CARTESIAN_POINT('',(10.9772205166341,7.12773447515393E-16,-11.6404737759761));
#3408=CARTESIAN_POINT('',(10.9491684035114,7.06363456764423E-16,-11.5357906827703));
#3409=CARTESIAN_POINT('',(10.9186973635138,7.00000662825212E-16,-11.4318783719939));
#3410=CARTESIAN_POINT('',(10.8535169929737,6.87484597894422E-16,-11.2274755198491));
#3411=CARTESIAN_POINT('',(10.819108129855,6.81316994850359E-16,-11.126750918301));
#3412=CARTESIAN_POINT('',(10.745465334604,6.69236523258672E-16,-10.9294618452377));
#3413=CARTESIAN_POINT('',(10.7068171432969,6.6329209495686E-16,-10.8323819638229));
#3414=CARTESIAN_POINT('',(10.6242916768306,6.51693252140333E-16,-10.6429584855661));
#3415=CARTESIAN_POINT('',(10.5812014170258,6.459945885239E-16,-10.5498922460528));
#3416=CARTESIAN_POINT('',(10.4890430701848,6.3494411988065E-16,-10.3694243976749));
#3417=CARTESIAN_POINT('',(10.4412285848822,6.29519061089626E-16,-10.2808264640535));
#3418=CARTESIAN_POINT('',(10.3378738673629,6.19134875787036E-16,-10.111239848389));
#3419=CARTESIAN_POINT('',(10.2832088647303,6.14125504653029E-16,-10.0294306093905));
#3420=CARTESIAN_POINT('',(10.2250383796929,6.09246827113447E-16,-9.94975575876454));
#3421=ORIENTED_EDGE('',*,*,#5107,.F.);
#3422=ORIENTED_EDGE('',*,*,#5512,.T.);
#3423=ORIENTED_EDGE('',*,*,#5333,.F.);
#3424=ORIENTED_EDGE('',*,*,#5513,.F.);
#3425=CARTESIAN_POINT('',(10.2250383796929,6.09246827113447E-16,-9.94975575876454));
#3426=CARTESIAN_POINT('',(10.1732366708437,6.05341814048783E-16,-9.88598205572816));
#3427=CARTESIAN_POINT('',(10.133576013667,6.01129198366056E-16,-9.81718482071052));
#3428=CARTESIAN_POINT('',(10.0902446913312,5.9401183484895E-16,-9.70094945354896));
#3429=CARTESIAN_POINT('',(10.0766076881499,5.91263851848971E-16,-9.65607148543779));
#3430=CARTESIAN_POINT('',(10.0658844206663,5.86316299429097E-16,-9.57527182265634));
#3431=CARTESIAN_POINT('',(10.0643275380707,5.84031428733111E-16,-9.53795705242909));
#3432=CARTESIAN_POINT('',(10.070433355632,5.79828587734772E-16,-9.4693194501218));
#3433=CARTESIAN_POINT('',(10.0767512777368,5.77802055048157E-16,-9.43622365975962));
#3434=CARTESIAN_POINT('',(10.0960190733887,5.74072530452107E-16,-9.3753159009079));
#3435=CARTESIAN_POINT('',(10.108822093859,5.7227055370186E-16,-9.34588738729072));
#3436=CARTESIAN_POINT('',(10.1396222512983,5.68993854233839E-16,-9.29237482398998));
#3437=CARTESIAN_POINT('',(10.1577219149993,5.67471915547541E-16,-9.26751967902316));
#3438=CARTESIAN_POINT('',(10.1786730915286,5.6605022494301E-16,-9.24430170947437));
#3439=ORIENTED_EDGE('',*,*,#5108,.F.);
#3440=ORIENTED_EDGE('',*,*,#5513,.T.);
#3441=ORIENTED_EDGE('',*,*,#5332,.F.);
#3442=ORIENTED_EDGE('',*,*,#5514,.F.);
#3443=ORIENTED_EDGE('',*,*,#5109,.F.);
#3444=ORIENTED_EDGE('',*,*,#5514,.T.);
#3445=ORIENTED_EDGE('',*,*,#5331,.F.);
#3446=ORIENTED_EDGE('',*,*,#5515,.F.);
#3447=CARTESIAN_POINT('',(10.2576215138239,5.60681305663163E-16,-9.15662060364721));
#3448=CARTESIAN_POINT('',(10.2785222986199,5.59256836768536E-16,-9.13335726117788));
#3449=CARTESIAN_POINT('',(10.3013493544697,5.57995537395501E-16,-9.11275867922081));
#3450=CARTESIAN_POINT('',(10.351349277224,5.55777394841954E-16,-9.07653366225932));
#3451=CARTESIAN_POINT('',(10.3792782983095,5.54809372688379E-16,-9.06072466077008));
#3452=CARTESIAN_POINT('',(10.4378383650153,5.53246182134799E-16,-9.03519582168493));
#3453=CARTESIAN_POINT('',(10.4700924504863,5.5264960989904E-16,-9.02545305771127));
#3454=CARTESIAN_POINT('',(10.5377158170998,5.51838468009629E-16,-9.01220610536589));
#3455=CARTESIAN_POINT('',(10.5749889116567,5.51694443315094E-16,-9.00985400360667));
#3456=CARTESIAN_POINT('',(10.6564668321025,5.51830297041271E-16,-9.01207266332589));
#3457=CARTESIAN_POINT('',(10.7025244089948,5.52373505858309E-16,-9.0209439365357));
#3458=CARTESIAN_POINT('',(10.8226523831882,5.54268282111493E-16,-9.05188798104721));
#3459=CARTESIAN_POINT('',(10.8952184073009,5.56243155052603E-16,-9.08414010374063));
#3460=CARTESIAN_POINT('',(10.96405750434,5.58989533666176E-16,-9.12899187023338));
#3461=ORIENTED_EDGE('',*,*,#5110,.F.);
#3462=ORIENTED_EDGE('',*,*,#5515,.T.);
#3463=ORIENTED_EDGE('',*,*,#5330,.F.);
#3464=ORIENTED_EDGE('',*,*,#5516,.F.);
#3465=CARTESIAN_POINT('',(10.96405750434,5.58989533666176E-16,-9.12899187023338));
#3466=CARTESIAN_POINT('',(11.0493763592062,5.62021975372884E-16,-9.17851540157025));
#3467=CARTESIAN_POINT('',(11.1364514873533,5.64827282857766E-16,-9.22432954956516));
#3468=CARTESIAN_POINT('',(11.3159125995868,5.70035822111688E-16,-9.30939145080147));
#3469=CARTESIAN_POINT('',(11.4090231591283,5.72380503116662E-16,-9.34768299750059));
#3470=CARTESIAN_POINT('',(11.5981355561227,5.76837572500062E-16,-9.42047246441471));
#3471=CARTESIAN_POINT('',(11.6951961276774,5.78865963312181E-16,-9.45359860026924));
#3472=CARTESIAN_POINT('',(11.8922081844908,5.82679099406174E-16,-9.51587183850655));
#3473=CARTESIAN_POINT('',(11.992796088203,5.84411292599902E-16,-9.5441607001593));
#3474=CARTESIAN_POINT('',(12.1967021592997,5.87633157612623E-16,-9.59677774884572));
#3475=CARTESIAN_POINT('',(12.3004716865261,5.89083860736911E-16,-9.62046952879891));
#3476=CARTESIAN_POINT('',(12.5105680024277,5.9174485839228E-16,-9.66392691842703));
#3477=CARTESIAN_POINT('',(12.6170961616781,5.92935357280441E-16,-9.68336924071929));
#3478=CARTESIAN_POINT('',(12.7241380342224,5.9397361760363E-16,-9.70032531856822));
#3479=ORIENTED_EDGE('',*,*,#5516,.T.);
#3480=ORIENTED_EDGE('',*,*,#5329,.F.);
#3481=ORIENTED_EDGE('',*,*,#5517,.T.);
#3482=ORIENTED_EDGE('',*,*,#5111,.T.);
#3483=ORIENTED_EDGE('',*,*,#5112,.F.);
#3484=ORIENTED_EDGE('',*,*,#5517,.F.);
#3485=ORIENTED_EDGE('',*,*,#5328,.F.);
#3486=ORIENTED_EDGE('',*,*,#5518,.F.);
#3487=CARTESIAN_POINT('',(13.1575324957545,5.57447528653224E-16,-9.10380901728304));
#3488=CARTESIAN_POINT('',(13.1083285496996,5.51534740768729E-16,-9.00724586309668));
#3489=CARTESIAN_POINT('',(13.0569187908038,5.45698913495337E-16,-8.911939571071));
#3490=CARTESIAN_POINT('',(12.9506650251476,5.34286160652115E-16,-8.72555517270948));
#3491=CARTESIAN_POINT('',(12.8960662560293,5.28691390992999E-16,-8.63418565028046));
#3492=CARTESIAN_POINT('',(12.7830140277827,5.17812447175674E-16,-8.45651901488977));
#3493=CARTESIAN_POINT('',(12.7250263498937,5.1248994590043E-16,-8.36959597260606));
#3494=CARTESIAN_POINT('',(12.6049209072252,5.02195190684678E-16,-8.20146986109507));
#3495=CARTESIAN_POINT('',(12.5434227137669,4.97169635162499E-16,-8.1193963109796));
#3496=CARTESIAN_POINT('',(12.4157568724223,4.87533906251639E-16,-7.96203291579383));
#3497=CARTESIAN_POINT('',(12.350566702161,4.82836120366709E-16,-7.88531225007697));
#3498=CARTESIAN_POINT('',(12.2142114931922,4.73994654998855E-16,-7.74092016292156));
#3499=CARTESIAN_POINT('',(12.1437319548183,4.6979068638181E-16,-7.67226414520327));
#3500=CARTESIAN_POINT('',(12.0702673015362,4.65759183404301E-16,-7.60642470512447));
#3501=ORIENTED_EDGE('',*,*,#5113,.F.);
#3502=ORIENTED_EDGE('',*,*,#5518,.T.);
#3503=ORIENTED_EDGE('',*,*,#5327,.F.);
#3504=ORIENTED_EDGE('',*,*,#5519,.F.);
#3505=CARTESIAN_POINT('',(12.0702673015362,4.65759183404301E-16,-7.60642470512447));
#3506=CARTESIAN_POINT('',(12.0063382858834,4.62598987620951E-16,-7.55481479138361));
#3507=CARTESIAN_POINT('',(11.9532405597664,4.58983344325298E-16,-7.49576685530653));
#3508=CARTESIAN_POINT('',(11.8866894390676,4.52573159846751E-16,-7.39108059828925));
#3509=CARTESIAN_POINT('',(11.8640197828941,4.50058838455914E-16,-7.35001861384462));
#3510=CARTESIAN_POINT('',(11.8367316500266,4.45355918980232E-16,-7.27321411022845));
#3511=CARTESIAN_POINT('',(11.8274506120807,4.43140798737701E-16,-7.23703845135158));
#3512=CARTESIAN_POINT('',(11.8191524429294,4.38952067228074E-16,-7.16863127448159));
#3513=CARTESIAN_POINT('',(11.8184513015447,4.36889386186183E-16,-7.13494513667716));
#3514=CARTESIAN_POINT('',(11.8246346145063,4.32996063898505E-16,-7.07136235851796));
#3515=CARTESIAN_POINT('',(11.8310393262371,4.31070470442843E-16,-7.0399150308966));
#3516=CARTESIAN_POINT('',(11.8500405388227,4.27473260400061E-16,-6.98116813268421));
#3517=CARTESIAN_POINT('',(11.8625770062303,4.25754154367059E-16,-6.95309300058573));
#3518=CARTESIAN_POINT('',(11.8782430619788,4.24096803374919E-16,-6.92602640484083));
#3519=ORIENTED_EDGE('',*,*,#5114,.F.);
#3520=ORIENTED_EDGE('',*,*,#5519,.T.);
#3521=ORIENTED_EDGE('',*,*,#5326,.F.);
#3522=ORIENTED_EDGE('',*,*,#5520,.F.);
#3523=ORIENTED_EDGE('',*,*,#5115,.F.);
#3524=ORIENTED_EDGE('',*,*,#5520,.T.);
#3525=ORIENTED_EDGE('',*,*,#5325,.F.);
#3526=ORIENTED_EDGE('',*,*,#5521,.F.);
#3527=CARTESIAN_POINT('',(11.9372363448634,4.17840121867073E-16,-6.82384704157949));
#3528=CARTESIAN_POINT('',(11.9528436764982,4.16180694830234E-16,-6.79674654145171));
#3529=CARTESIAN_POINT('',(11.9708892204062,4.14656348468054E-16,-6.77185207615377));
#3530=CARTESIAN_POINT('',(12.0122649203589,4.11850132667961E-16,-6.72602309424574));
#3531=CARTESIAN_POINT('',(12.0362967490947,4.10547702006488E-16,-6.70475278737228));
#3532=CARTESIAN_POINT('',(12.088269393743,4.08273147431633E-16,-6.66760649218842));
#3533=CARTESIAN_POINT('',(12.1177930155294,4.0727898757026E-16,-6.651370629537));
#3534=CARTESIAN_POINT('',(12.1811844530756,4.05624663451878E-16,-6.62435346639193));
#3535=CARTESIAN_POINT('',(12.2171540116346,4.05009265282368E-16,-6.61430325158814));
#3536=CARTESIAN_POINT('',(12.297312729325,4.04104861446041E-16,-6.59953321606514));
#3537=CARTESIAN_POINT('',(12.3442082790706,4.04049844551022E-16,-6.59863472198412));
#3538=CARTESIAN_POINT('',(12.4681447974241,4.04373875847877E-16,-6.60392655465098));
#3539=CARTESIAN_POINT('',(12.5458306731663,4.05381760877663E-16,-6.62038656631293));
#3540=CARTESIAN_POINT('',(12.6224906773794,4.07191739537857E-16,-6.64994576103673));
#3541=ORIENTED_EDGE('',*,*,#5116,.F.);
#3542=ORIENTED_EDGE('',*,*,#5521,.T.);
#3543=ORIENTED_EDGE('',*,*,#5324,.F.);
#3544=ORIENTED_EDGE('',*,*,#5522,.F.);
#3545=CARTESIAN_POINT('',(12.6224906773794,4.07191739537857E-16,-6.64994576103673));
#3546=CARTESIAN_POINT('',(12.7162416316997,4.09071727658731E-16,-6.68064829701988));
#3547=CARTESIAN_POINT('',(12.8109392563533,4.10707186012014E-16,-6.70735735883953));
#3548=CARTESIAN_POINT('',(13.0041640764198,4.13517201243263E-16,-6.75324839016718));
#3549=CARTESIAN_POINT('',(13.1032012070565,4.14625262320167E-16,-6.77134440083206));
#3550=CARTESIAN_POINT('',(13.3033148255854,4.16577359372788E-16,-6.80322456503909));
#3551=CARTESIAN_POINT('',(13.4051417016934,4.17325754672108E-16,-6.81544678780309));
#3552=CARTESIAN_POINT('',(13.6107959066356,4.18547419990747E-16,-6.83539809653128));
#3553=CARTESIAN_POINT('',(13.7150673083721,4.18961184119138E-16,-6.8421553775478));
#3554=CARTESIAN_POINT('',(13.9254572421486,4.19516731908524E-16,-6.8512281614684));
#3555=CARTESIAN_POINT('',(14.0318849542629,4.19614652208553E-16,-6.85282732132572));
#3556=CARTESIAN_POINT('',(14.2464254609412,4.19542781430752E-16,-6.85165358245094));
#3557=CARTESIAN_POINT('',(14.3546680104238,4.19351063659744E-16,-6.84852259364435));
#3558=CARTESIAN_POINT('',(14.4628961280462,4.19003894059166E-16,-6.84285288380116));
#3559=ORIENTED_EDGE('',*,*,#5522,.T.);
#3560=ORIENTED_EDGE('',*,*,#5323,.F.);
#3561=ORIENTED_EDGE('',*,*,#5523,.T.);
#3562=ORIENTED_EDGE('',*,*,#5117,.T.);
#3563=ORIENTED_EDGE('',*,*,#5118,.F.);
#3564=ORIENTED_EDGE('',*,*,#5523,.F.);
#3565=ORIENTED_EDGE('',*,*,#5322,.F.);
#3566=ORIENTED_EDGE('',*,*,#5524,.F.);
#3567=CARTESIAN_POINT('',(14.7627971679646,3.77758477858888E-16,-6.16926411961225));
#3568=CARTESIAN_POINT('',(14.6945918375268,3.72601310044125E-16,-6.08504117764476));
#3569=CARTESIAN_POINT('',(14.6244902128879,3.67547503091805E-16,-6.00250624666158));
#3570=CARTESIAN_POINT('',(14.481806851537,3.57736854399863E-16,-5.84228619466337));
#3571=CARTESIAN_POINT('',(14.4094044046235,3.52959436406481E-16,-5.76426503792319));
#3572=CARTESIAN_POINT('',(14.2618836682405,3.437574824113E-16,-5.61398572471079));
#3573=CARTESIAN_POINT('',(14.187090843549,3.39289527008545E-16,-5.541018475609));
#3574=CARTESIAN_POINT('',(14.0346546088529,3.30748789596215E-16,-5.40153764867544));
#3575=CARTESIAN_POINT('',(13.9574362478963,3.26615983059901E-16,-5.33404379593044));
#3576=CARTESIAN_POINT('',(13.7998425219235,3.18816121472192E-16,-5.20666238941978));
#3577=CARTESIAN_POINT('',(13.7201257899612,3.15050924279004E-16,-5.14517205284585));
#3578=CARTESIAN_POINT('',(13.5567294664795,3.0813859330852E-16,-5.03228512127836));
#3579=CARTESIAN_POINT('',(13.4735156863897,3.04923760809881E-16,-4.97978292226265));
#3580=CARTESIAN_POINT('',(13.3879676227337,3.01915628419861E-16,-4.93065639219515));
#3581=ORIENTED_EDGE('',*,*,#5119,.F.);
#3582=ORIENTED_EDGE('',*,*,#5524,.T.);
#3583=ORIENTED_EDGE('',*,*,#5321,.F.);
#3584=ORIENTED_EDGE('',*,*,#5525,.F.);
#3585=CARTESIAN_POINT('',(13.3879676227337,3.01915628419861E-16,-4.93065639219515));
#3586=CARTESIAN_POINT('',(13.3147053050269,2.99638365637858E-16,-4.89346586863213));
#3587=CARTESIAN_POINT('',(13.250491135392,2.96777715691081E-16,-4.8467479096456));
#3588=CARTESIAN_POINT('',(13.1636288196525,2.91354866072284E-16,-4.75818605454466));
#3589=CARTESIAN_POINT('',(13.1329172832427,2.8918409420042E-16,-4.72273465952406));
#3590=CARTESIAN_POINT('',(13.0902569073406,2.84931347817129E-16,-4.65328204043009));
#3591=CARTESIAN_POINT('',(13.073657339938,2.82882789411979E-16,-4.6198265427866));
#3592=CARTESIAN_POINT('',(13.0513178538851,2.78891235057799E-16,-4.55463951323718));
#3593=CARTESIAN_POINT('',(13.0436282922538,2.76882554720003E-16,-4.52183527385659));
#3594=CARTESIAN_POINT('',(13.0364568820778,2.72995591606902E-16,-4.45835634889948));
#3595=CARTESIAN_POINT('',(13.0361833684332,2.7103053911986E-16,-4.42626460639201));
#3596=CARTESIAN_POINT('',(13.0425551919972,2.67270033842516E-16,-4.36485089461875));
#3597=CARTESIAN_POINT('',(13.0489805593291,2.65428893645637E-16,-4.33478279338074));
#3598=CARTESIAN_POINT('',(13.0586768124864,2.63608316457096E-16,-4.30505051155371));
#3599=ORIENTED_EDGE('',*,*,#5120,.F.);
#3600=ORIENTED_EDGE('',*,*,#5525,.T.);
#3601=ORIENTED_EDGE('',*,*,#5320,.F.);
#3602=ORIENTED_EDGE('',*,*,#5526,.F.);
#3603=ORIENTED_EDGE('',*,*,#5121,.F.);
#3604=ORIENTED_EDGE('',*,*,#5526,.T.);
#3605=ORIENTED_EDGE('',*,*,#5319,.F.);
#3606=ORIENTED_EDGE('',*,*,#5527,.F.);
#3607=CARTESIAN_POINT('',(13.095136666417,2.56737319726034E-16,-4.1928386193437));
#3608=CARTESIAN_POINT('',(13.1047684296059,2.54915459471307E-16,-4.16308538345569));
#3609=CARTESIAN_POINT('',(13.1172437847114,2.53194687370635E-16,-4.13498304240731));
#3610=CARTESIAN_POINT('',(13.1481869452319,2.49923043420178E-16,-4.08155304197396));
#3611=CARTESIAN_POINT('',(13.1672712753848,2.48343126720469E-16,-4.05575104419291));
#3612=CARTESIAN_POINT('',(13.210385044012,2.45456617073783E-16,-4.00861076425756));
#3613=CARTESIAN_POINT('',(13.2358878781716,2.44108319143247E-16,-3.98659138803457));
#3614=CARTESIAN_POINT('',(13.2922768766439,2.41683114698194E-16,-3.94698479376198));
#3615=CARTESIAN_POINT('',(13.3253708568949,2.40623238906725E-16,-3.92967570852683));
#3616=CARTESIAN_POINT('',(13.4007070512226,2.38718104295353E-16,-3.89856249918846));
#3617=CARTESIAN_POINT('',(13.4463910132678,2.3806726619059E-16,-3.88793350631941));
#3618=CARTESIAN_POINT('',(13.5687194552158,2.36806390808568E-16,-3.86734184866104));
#3619=CARTESIAN_POINT('',(13.6481299370395,2.3680323851486E-16,-3.86729036779798));
#3620=CARTESIAN_POINT('',(13.7292604383871,2.37597712468983E-16,-3.88026511210265));
#3621=ORIENTED_EDGE('',*,*,#5122,.F.);
#3622=ORIENTED_EDGE('',*,*,#5527,.T.);
#3623=ORIENTED_EDGE('',*,*,#5318,.F.);
#3624=ORIENTED_EDGE('',*,*,#5528,.F.);
#3625=CARTESIAN_POINT('',(13.7292604383871,2.37597712468983E-16,-3.88026511210265));
#3626=CARTESIAN_POINT('',(13.8273461255906,2.38243082501956E-16,-3.89080480458252));
#3627=CARTESIAN_POINT('',(13.9255275061438,2.38637214345803E-16,-3.89724146606109));
#3628=CARTESIAN_POINT('',(14.1240711822108,2.38925894404823E-16,-3.90195596920145));
#3629=CARTESIAN_POINT('',(14.224706486101,2.3874890796753E-16,-3.89906556133174));
#3630=CARTESIAN_POINT('',(14.4270754007831,2.38110716680972E-16,-3.88864310667784));
#3631=CARTESIAN_POINT('',(14.5292182583387,2.37546408001714E-16,-3.87942724656779));
#3632=CARTESIAN_POINT('',(14.7345265358155,2.36123209908374E-16,-3.85618465785844));
#3633=CARTESIAN_POINT('',(14.8379242749706,2.35200461493556E-16,-3.84111503263327));
#3634=CARTESIAN_POINT('',(15.045603021758,2.33065411955397E-16,-3.80624702759468));
#3635=CARTESIAN_POINT('',(15.150037517044,2.31806269844183E-16,-3.78568367639674));
#3636=CARTESIAN_POINT('',(15.3596457648775,2.29004671731075E-16,-3.73993010704012));
#3637=CARTESIAN_POINT('',(15.4648719857746,2.27439116287455E-16,-3.71436264636966));
#3638=CARTESIAN_POINT('',(15.5695562603989,2.2572168974056E-16,-3.6863149423608));
#3639=ORIENTED_EDGE('',*,*,#5528,.T.);
#3640=ORIENTED_EDGE('',*,*,#5317,.F.);
#3641=ORIENTED_EDGE('',*,*,#5529,.T.);
#3642=ORIENTED_EDGE('',*,*,#5123,.T.);
#3643=ORIENTED_EDGE('',*,*,#5124,.F.);
#3644=ORIENTED_EDGE('',*,*,#5529,.F.);
#3645=ORIENTED_EDGE('',*,*,#5316,.F.);
#3646=ORIENTED_EDGE('',*,*,#5530,.F.);
#3647=CARTESIAN_POINT('',(15.7228567641744,1.81559568895827E-16,-2.96509277650072));
#3648=CARTESIAN_POINT('',(15.6386309495792,1.77383414131138E-16,-2.89689099346259));
#3649=CARTESIAN_POINT('',(15.5529012365789,1.73332503114563E-16,-2.83073459605241));
#3650=CARTESIAN_POINT('',(15.380024227095,1.65552730998455E-16,-2.70368127551094));
#3651=CARTESIAN_POINT('',(15.2929824367419,1.61801460761713E-16,-2.64241838339619));
#3652=CARTESIAN_POINT('',(15.1174405562855,1.54678666134139E-16,-2.52609431946962));
#3653=CARTESIAN_POINT('',(15.0291113901263,1.51260527694603E-16,-2.47027188247121));
#3654=CARTESIAN_POINT('',(14.851006558329,1.44847079293618E-16,-2.36553232155534));
#3655=CARTESIAN_POINT('',(14.7614428427827,1.4178764522021E-16,-2.3155679714172));
#3656=CARTESIAN_POINT('',(14.5808088342253,1.36164542334925E-16,-2.22373573228997));
#3657=CARTESIAN_POINT('',(14.490049544272,1.33496491018244E-16,-2.18016314763063));
#3658=CARTESIAN_POINT('',(14.3067533096763,1.28815396477582E-16,-2.10371507225216));
#3659=CARTESIAN_POINT('',(14.2144421293644,1.26730203704017E-16,-2.06966128996952));
#3660=CARTESIAN_POINT('',(14.1205495162215,1.24876911721551E-16,-2.0393947350125));
#3661=ORIENTED_EDGE('',*,*,#5125,.F.);
#3662=ORIENTED_EDGE('',*,*,#5530,.T.);
#3663=ORIENTED_EDGE('',*,*,#5315,.F.);
#3664=ORIENTED_EDGE('',*,*,#5531,.F.);
#3665=CARTESIAN_POINT('',(14.1205495162215,1.24876911721551E-16,-2.0393947350125));
#3666=CARTESIAN_POINT('',(14.041155811296,1.23582109251988E-16,-2.01824900596696));
#3667=CARTESIAN_POINT('',(13.9686316654901,1.21601476783682E-16,-1.98590282305635));
#3668=CARTESIAN_POINT('',(13.8652544547193,1.17402966574697E-16,-1.91733594790657));
#3669=CARTESIAN_POINT('',(13.8278432795847,1.15670617369126E-16,-1.88904453838707));
#3670=CARTESIAN_POINT('',(13.7716751237821,1.12053909502116E-16,-1.82997921654035));
#3671=CARTESIAN_POINT('',(13.7484825076718,1.10261444766727E-16,-1.80070604591454));
#3672=CARTESIAN_POINT('',(13.7130780474545,1.06641517646873E-16,-1.74158814967908));
#3673=CARTESIAN_POINT('',(13.6987361363186,1.04774626982653E-16,-1.71109951139546));
#3674=CARTESIAN_POINT('',(13.6785234280419,1.01063901983888E-16,-1.65049877326675));
#3675=CARTESIAN_POINT('',(13.6715836428806,9.91452726885179E-17,-1.61916517901401));
#3676=CARTESIAN_POINT('',(13.6650475981579,9.53858243021379E-17,-1.55776872758005));
#3677=CARTESIAN_POINT('',(13.6650810460293,9.35031166027579E-17,-1.52702177750938));
#3678=CARTESIAN_POINT('',(13.6683837238048,9.15988811770545E-17,-1.49592325298738));
#3679=ORIENTED_EDGE('',*,*,#5126,.F.);
#3680=ORIENTED_EDGE('',*,*,#5531,.T.);
#3681=ORIENTED_EDGE('',*,*,#5314,.F.);
#3682=ORIENTED_EDGE('',*,*,#5532,.F.);
#3683=ORIENTED_EDGE('',*,*,#5127,.F.);
#3684=ORIENTED_EDGE('',*,*,#5532,.T.);
#3685=ORIENTED_EDGE('',*,*,#5313,.F.);
#3686=ORIENTED_EDGE('',*,*,#5533,.F.);
#3687=CARTESIAN_POINT('',(13.6807166782109,8.44138647506226E-17,-1.37858302997068));
#3688=CARTESIAN_POINT('',(13.6839519186841,8.25091953133953E-17,-1.3474774175026));
#3689=CARTESIAN_POINT('',(13.6903118521056,8.06672034722103E-17,-1.31739540785758));
#3690=CARTESIAN_POINT('',(13.7094701085973,7.70731179111139E-17,-1.25869953630345));
#3691=CARTESIAN_POINT('',(13.7227728633628,7.52847651142281E-17,-1.22949351872955));
#3692=CARTESIAN_POINT('',(13.7551434773971,7.19124547182808E-17,-1.17441951048007));
#3693=CARTESIAN_POINT('',(13.775510927701,7.02689458079981E-17,-1.14757897308713));
#3694=CARTESIAN_POINT('',(13.8224330172817,6.7178854107946E-17,-1.09711394591026));
#3695=CARTESIAN_POINT('',(13.8512050534852,6.57208223524525E-17,-1.07330248032674));
#3696=CARTESIAN_POINT('',(13.918426171255,6.28982204904028E-17,-1.02720589371883));
#3697=CARTESIAN_POINT('',(13.9609019372424,6.16800059241422E-17,-1.00731094005368));
#3698=CARTESIAN_POINT('',(14.0762759628749,5.88893301677879E-17,-0.961735746319493));
#3699=CARTESIAN_POINT('',(14.1539404316706,5.7875278320947E-17,-0.945175022892185));
#3700=CARTESIAN_POINT('',(14.2359956379363,5.76195252448959E-17,-0.940998258191878));
#3701=ORIENTED_EDGE('',*,*,#5128,.F.);
#3702=ORIENTED_EDGE('',*,*,#5533,.T.);
#3703=ORIENTED_EDGE('',*,*,#5312,.F.);
#3704=ORIENTED_EDGE('',*,*,#5534,.F.);
#3705=CARTESIAN_POINT('',(14.2359956379363,5.76195252448959E-17,-0.940998258191878));
#3706=CARTESIAN_POINT('',(14.3341292428249,5.70020714226982E-17,-0.930914472032022));
#3707=CARTESIAN_POINT('',(14.431503381821,5.61376513042775E-17,-0.916797420176377));
#3708=CARTESIAN_POINT('',(14.6266886025261,5.38923794872505E-17,-0.880129348719525));
#3709=CARTESIAN_POINT('',(14.7245238339881,5.24380806923443E-17,-0.856378847008848));
#3710=CARTESIAN_POINT('',(14.9203035521779,4.92374930882107E-17,-0.804109284774872));
#3711=CARTESIAN_POINT('',(15.0182982581702,4.73851434275119E-17,-0.773858119100189));
#3712=CARTESIAN_POINT('',(15.2142876512773,4.33792825081339E-17,-0.708437445610216));
#3713=CARTESIAN_POINT('',(15.3122927504927,4.11603500836732E-17,-0.672199529077783));
#3714=CARTESIAN_POINT('',(15.5081837525031,3.64280151278917E-17,-0.594914634215422));
#3715=CARTESIAN_POINT('',(15.6060607423846,3.38668411577271E-17,-0.553087489083489));
#3716=CARTESIAN_POINT('',(15.8015758451311,2.84579589904156E-17,-0.464753739775896));
#3717=CARTESIAN_POINT('',(15.8991868466579,2.5586988159438E-17,-0.417867227959158));
#3718=CARTESIAN_POINT('',(15.9957520731522,2.25743644474528E-17,-0.368667349037616));
#3719=ORIENTED_EDGE('',*,*,#5534,.T.);
#3720=ORIENTED_EDGE('',*,*,#5311,.F.);
#3721=ORIENTED_EDGE('',*,*,#5535,.T.);
#3722=ORIENTED_EDGE('',*,*,#5129,.T.);
#3723=ORIENTED_EDGE('',*,*,#5130,.F.);
#3724=ORIENTED_EDGE('',*,*,#5535,.F.);
#3725=ORIENTED_EDGE('',*,*,#5310,.F.);
#3726=ORIENTED_EDGE('',*,*,#5536,.F.);
#3727=CARTESIAN_POINT('',(15.9957520731522,-2.25743644474529E-17,0.368667349037617));
#3728=CARTESIAN_POINT('',(15.8991868466579,-2.55869881594381E-17,0.417867227959158));
#3729=CARTESIAN_POINT('',(15.8015758451311,-2.84579589904157E-17,0.464753739775897));
#3730=CARTESIAN_POINT('',(15.6060607423846,-3.38668411577272E-17,0.55308748908349));
#3731=CARTESIAN_POINT('',(15.5081837525031,-3.64280151278918E-17,0.594914634215423));
#3732=CARTESIAN_POINT('',(15.3122927504927,-4.11603500836733E-17,0.672199529077784));
#3733=CARTESIAN_POINT('',(15.2142876512773,-4.3379282508134E-17,0.708437445610217));
#3734=CARTESIAN_POINT('',(15.0182982581702,-4.7385143427512E-17,0.77385811910019));
#3735=CARTESIAN_POINT('',(14.9203035521779,-4.92374930882108E-17,0.804109284774873));
#3736=CARTESIAN_POINT('',(14.7245238339881,-5.24380806923444E-17,0.856378847008849));
#3737=CARTESIAN_POINT('',(14.6266886025261,-5.38923794872506E-17,0.880129348719526));
#3738=CARTESIAN_POINT('',(14.431503381821,-5.61376513042777E-17,0.916797420176378));
#3739=CARTESIAN_POINT('',(14.3341292428249,-5.70020714226983E-17,0.930914472032023));
#3740=CARTESIAN_POINT('',(14.2359956379363,-5.7619525244896E-17,0.940998258191879));
#3741=ORIENTED_EDGE('',*,*,#5131,.F.);
#3742=ORIENTED_EDGE('',*,*,#5536,.T.);
#3743=ORIENTED_EDGE('',*,*,#5309,.F.);
#3744=ORIENTED_EDGE('',*,*,#5537,.F.);
#3745=CARTESIAN_POINT('',(14.2359956379363,-5.7619525244896E-17,0.940998258191879));
#3746=CARTESIAN_POINT('',(14.1539404316706,-5.78752783209471E-17,0.945175022892186));
#3747=CARTESIAN_POINT('',(14.0762759628749,-5.88893301677879E-17,0.961735746319494));
#3748=CARTESIAN_POINT('',(13.9609019372424,-6.16800059241424E-17,1.00731094005368));
#3749=CARTESIAN_POINT('',(13.918426171255,-6.28982204904029E-17,1.02720589371883));
#3750=CARTESIAN_POINT('',(13.8512050534852,-6.57208223524526E-17,1.07330248032674));
#3751=CARTESIAN_POINT('',(13.8224330172817,-6.71788541079462E-17,1.09711394591026));
#3752=CARTESIAN_POINT('',(13.775510927701,-7.02689458079982E-17,1.14757897308713));
#3753=CARTESIAN_POINT('',(13.7551434773971,-7.19124547182809E-17,1.17441951048007));
#3754=CARTESIAN_POINT('',(13.7227728633628,-7.52847651142282E-17,1.22949351872955));
#3755=CARTESIAN_POINT('',(13.7094701085973,-7.7073117911114E-17,1.25869953630345));
#3756=CARTESIAN_POINT('',(13.6903118521056,-8.06672034722104E-17,1.31739540785758));
#3757=CARTESIAN_POINT('',(13.6839519186841,-8.25091953133954E-17,1.34747741750261));
#3758=CARTESIAN_POINT('',(13.6807166782109,-8.44138647506226E-17,1.37858302997068));
#3759=ORIENTED_EDGE('',*,*,#5132,.F.);
#3760=ORIENTED_EDGE('',*,*,#5537,.T.);
#3761=ORIENTED_EDGE('',*,*,#5308,.F.);
#3762=ORIENTED_EDGE('',*,*,#5538,.F.);
#3763=ORIENTED_EDGE('',*,*,#5133,.F.);
#3764=ORIENTED_EDGE('',*,*,#5538,.T.);
#3765=ORIENTED_EDGE('',*,*,#5307,.F.);
#3766=ORIENTED_EDGE('',*,*,#5539,.F.);
#3767=CARTESIAN_POINT('',(13.6683837238048,-9.15988811770546E-17,1.49592325298738));
#3768=CARTESIAN_POINT('',(13.6650810460293,-9.3503116602758E-17,1.52702177750938));
#3769=CARTESIAN_POINT('',(13.6650475981579,-9.5385824302138E-17,1.55776872758005));
#3770=CARTESIAN_POINT('',(13.6715836428806,-9.91452726885181E-17,1.61916517901401));
#3771=CARTESIAN_POINT('',(13.6785234280419,-1.01063901983888E-16,1.65049877326675));
#3772=CARTESIAN_POINT('',(13.6987361363186,-1.04774626982653E-16,1.71109951139547));
#3773=CARTESIAN_POINT('',(13.7130780474545,-1.06641517646873E-16,1.74158814967909));
#3774=CARTESIAN_POINT('',(13.7484825076718,-1.10261444766727E-16,1.80070604591454));
#3775=CARTESIAN_POINT('',(13.7716751237821,-1.12053909502116E-16,1.82997921654036));
#3776=CARTESIAN_POINT('',(13.8278432795847,-1.15670617369126E-16,1.88904453838708));
#3777=CARTESIAN_POINT('',(13.8652544547193,-1.17402966574697E-16,1.91733594790657));
#3778=CARTESIAN_POINT('',(13.9686316654901,-1.21601476783682E-16,1.98590282305635));
#3779=CARTESIAN_POINT('',(14.041155811296,-1.23582109251988E-16,2.01824900596696));
#3780=CARTESIAN_POINT('',(14.1205495162215,-1.24876911721551E-16,2.0393947350125));
#3781=ORIENTED_EDGE('',*,*,#5134,.F.);
#3782=ORIENTED_EDGE('',*,*,#5539,.T.);
#3783=ORIENTED_EDGE('',*,*,#5306,.F.);
#3784=ORIENTED_EDGE('',*,*,#5540,.F.);
#3785=CARTESIAN_POINT('',(14.1205495162215,-1.24876911721551E-16,2.0393947350125));
#3786=CARTESIAN_POINT('',(14.2144421293644,-1.26730203704018E-16,2.06966128996952));
#3787=CARTESIAN_POINT('',(14.3067533096763,-1.28815396477582E-16,2.10371507225216));
#3788=CARTESIAN_POINT('',(14.490049544272,-1.33496491018244E-16,2.18016314763063));
#3789=CARTESIAN_POINT('',(14.5808088342253,-1.36164542334925E-16,2.22373573228997));
#3790=CARTESIAN_POINT('',(14.7614428427827,-1.4178764522021E-16,2.3155679714172));
#3791=CARTESIAN_POINT('',(14.851006558329,-1.44847079293618E-16,2.36553232155534));
#3792=CARTESIAN_POINT('',(15.0291113901263,-1.51260527694604E-16,2.47027188247121));
#3793=CARTESIAN_POINT('',(15.1174405562855,-1.54678666134139E-16,2.52609431946962));
#3794=CARTESIAN_POINT('',(15.2929824367419,-1.61801460761713E-16,2.64241838339619));
#3795=CARTESIAN_POINT('',(15.380024227095,-1.65552730998455E-16,2.70368127551094));
#3796=CARTESIAN_POINT('',(15.5529012365789,-1.73332503114563E-16,2.83073459605241));
#3797=CARTESIAN_POINT('',(15.6386309495792,-1.77383414131138E-16,2.89689099346259));
#3798=CARTESIAN_POINT('',(15.7228567641744,-1.81559568895827E-16,2.96509277650072));
#3799=ORIENTED_EDGE('',*,*,#5540,.T.);
#3800=ORIENTED_EDGE('',*,*,#5305,.F.);
#3801=ORIENTED_EDGE('',*,*,#5541,.T.);
#3802=ORIENTED_EDGE('',*,*,#5135,.T.);
#3803=ORIENTED_EDGE('',*,*,#5136,.F.);
#3804=ORIENTED_EDGE('',*,*,#5541,.F.);
#3805=ORIENTED_EDGE('',*,*,#5304,.F.);
#3806=ORIENTED_EDGE('',*,*,#5542,.F.);
#3807=CARTESIAN_POINT('',(15.5695562603989,-2.25721689740561E-16,3.6863149423608));
#3808=CARTESIAN_POINT('',(15.4648719857746,-2.27439116287455E-16,3.71436264636966));
#3809=CARTESIAN_POINT('',(15.3596457648775,-2.29004671731075E-16,3.73993010704012));
#3810=CARTESIAN_POINT('',(15.150037517044,-2.31806269844183E-16,3.78568367639674));
#3811=CARTESIAN_POINT('',(15.045603021758,-2.33065411955398E-16,3.80624702759468));
#3812=CARTESIAN_POINT('',(14.8379242749706,-2.35200461493556E-16,3.84111503263327));
#3813=CARTESIAN_POINT('',(14.7345265358155,-2.36123209908374E-16,3.85618465785844));
#3814=CARTESIAN_POINT('',(14.5292182583387,-2.37546408001714E-16,3.87942724656779));
#3815=CARTESIAN_POINT('',(14.4270754007831,-2.38110716680972E-16,3.88864310667784));
#3816=CARTESIAN_POINT('',(14.224706486101,-2.3874890796753E-16,3.89906556133174));
#3817=CARTESIAN_POINT('',(14.1240711822108,-2.38925894404823E-16,3.90195596920145));
#3818=CARTESIAN_POINT('',(13.9255275061438,-2.38637214345803E-16,3.89724146606109));
#3819=CARTESIAN_POINT('',(13.8273461255906,-2.38243082501956E-16,3.89080480458252));
#3820=CARTESIAN_POINT('',(13.7292604383871,-2.37597712468983E-16,3.88026511210265));
#3821=ORIENTED_EDGE('',*,*,#5137,.F.);
#3822=ORIENTED_EDGE('',*,*,#5542,.T.);
#3823=ORIENTED_EDGE('',*,*,#5303,.F.);
#3824=ORIENTED_EDGE('',*,*,#5543,.F.);
#3825=CARTESIAN_POINT('',(13.7292604383871,-2.37597712468983E-16,3.88026511210265));
#3826=CARTESIAN_POINT('',(13.6481299370395,-2.3680323851486E-16,3.86729036779798));
#3827=CARTESIAN_POINT('',(13.5687194552158,-2.36806390808568E-16,3.86734184866104));
#3828=CARTESIAN_POINT('',(13.4463910132678,-2.3806726619059E-16,3.88793350631941));
#3829=CARTESIAN_POINT('',(13.4007070512226,-2.38718104295353E-16,3.89856249918846));
#3830=CARTESIAN_POINT('',(13.3253708568949,-2.40623238906725E-16,3.92967570852683));
#3831=CARTESIAN_POINT('',(13.2922768766439,-2.41683114698194E-16,3.94698479376198));
#3832=CARTESIAN_POINT('',(13.2358878781716,-2.44108319143247E-16,3.98659138803457));
#3833=CARTESIAN_POINT('',(13.210385044012,-2.45456617073783E-16,4.00861076425756));
#3834=CARTESIAN_POINT('',(13.1672712753848,-2.48343126720469E-16,4.05575104419291));
#3835=CARTESIAN_POINT('',(13.1481869452319,-2.49923043420178E-16,4.08155304197396));
#3836=CARTESIAN_POINT('',(13.1172437847114,-2.53194687370635E-16,4.13498304240731));
#3837=CARTESIAN_POINT('',(13.1047684296059,-2.54915459471307E-16,4.16308538345569));
#3838=CARTESIAN_POINT('',(13.095136666417,-2.56737319726034E-16,4.1928386193437));
#3839=ORIENTED_EDGE('',*,*,#5138,.F.);
#3840=ORIENTED_EDGE('',*,*,#5543,.T.);
#3841=ORIENTED_EDGE('',*,*,#5302,.F.);
#3842=ORIENTED_EDGE('',*,*,#5544,.F.);
#3843=ORIENTED_EDGE('',*,*,#5139,.F.);
#3844=ORIENTED_EDGE('',*,*,#5544,.T.);
#3845=ORIENTED_EDGE('',*,*,#5301,.F.);
#3846=ORIENTED_EDGE('',*,*,#5545,.F.);
#3847=CARTESIAN_POINT('',(13.0586768124864,-2.63608316457096E-16,4.30505051155371));
#3848=CARTESIAN_POINT('',(13.0489805593291,-2.65428893645637E-16,4.33478279338074));
#3849=CARTESIAN_POINT('',(13.0425551919972,-2.67270033842516E-16,4.36485089461875));
#3850=CARTESIAN_POINT('',(13.0361833684332,-2.7103053911986E-16,4.42626460639201));
#3851=CARTESIAN_POINT('',(13.0364568820778,-2.72995591606902E-16,4.45835634889948));
#3852=CARTESIAN_POINT('',(13.0436282922538,-2.76882554720004E-16,4.52183527385659));
#3853=CARTESIAN_POINT('',(13.0513178538851,-2.78891235057799E-16,4.55463951323718));
#3854=CARTESIAN_POINT('',(13.073657339938,-2.8288278941198E-16,4.6198265427866));
#3855=CARTESIAN_POINT('',(13.0902569073406,-2.84931347817129E-16,4.65328204043009));
#3856=CARTESIAN_POINT('',(13.1329172832427,-2.8918409420042E-16,4.72273465952406));
#3857=CARTESIAN_POINT('',(13.1636288196525,-2.91354866072284E-16,4.75818605454466));
#3858=CARTESIAN_POINT('',(13.250491135392,-2.96777715691081E-16,4.8467479096456));
#3859=CARTESIAN_POINT('',(13.3147053050269,-2.99638365637858E-16,4.89346586863213));
#3860=CARTESIAN_POINT('',(13.3879676227337,-3.01915628419861E-16,4.93065639219514));
#3861=ORIENTED_EDGE('',*,*,#5140,.F.);
#3862=ORIENTED_EDGE('',*,*,#5545,.T.);
#3863=ORIENTED_EDGE('',*,*,#5300,.F.);
#3864=ORIENTED_EDGE('',*,*,#5546,.F.);
#3865=CARTESIAN_POINT('',(13.3879676227337,-3.01915628419861E-16,4.93065639219514));
#3866=CARTESIAN_POINT('',(13.4735156863897,-3.04923760809881E-16,4.97978292226265));
#3867=CARTESIAN_POINT('',(13.5567294664795,-3.0813859330852E-16,5.03228512127836));
#3868=CARTESIAN_POINT('',(13.7201257899612,-3.15050924279005E-16,5.14517205284585));
#3869=CARTESIAN_POINT('',(13.7998425219235,-3.18816121472192E-16,5.20666238941978));
#3870=CARTESIAN_POINT('',(13.9574362478963,-3.26615983059901E-16,5.33404379593044));
#3871=CARTESIAN_POINT('',(14.0346546088529,-3.30748789596215E-16,5.40153764867544));
#3872=CARTESIAN_POINT('',(14.187090843549,-3.39289527008546E-16,5.541018475609));
#3873=CARTESIAN_POINT('',(14.2618836682405,-3.437574824113E-16,5.61398572471079));
#3874=CARTESIAN_POINT('',(14.4094044046235,-3.52959436406481E-16,5.76426503792319));
#3875=CARTESIAN_POINT('',(14.481806851537,-3.57736854399863E-16,5.84228619466337));
#3876=CARTESIAN_POINT('',(14.6244902128879,-3.67547503091805E-16,6.00250624666158));
#3877=CARTESIAN_POINT('',(14.6945918375268,-3.72601310044125E-16,6.08504117764476));
#3878=CARTESIAN_POINT('',(14.7627971679646,-3.77758477858888E-16,6.16926411961225));
#3879=ORIENTED_EDGE('',*,*,#5546,.T.);
#3880=ORIENTED_EDGE('',*,*,#5299,.F.);
#3881=ORIENTED_EDGE('',*,*,#5547,.T.);
#3882=ORIENTED_EDGE('',*,*,#5141,.T.);
#3883=ORIENTED_EDGE('',*,*,#5142,.F.);
#3884=ORIENTED_EDGE('',*,*,#5547,.F.);
#3885=ORIENTED_EDGE('',*,*,#5298,.F.);
#3886=ORIENTED_EDGE('',*,*,#5548,.F.);
#3887=CARTESIAN_POINT('',(14.4628961280462,-4.19003894059166E-16,6.84285288380116));
#3888=CARTESIAN_POINT('',(14.3546680104238,-4.19351063659744E-16,6.84852259364435));
#3889=CARTESIAN_POINT('',(14.2464254609412,-4.19542781430752E-16,6.85165358245095));
#3890=CARTESIAN_POINT('',(14.0318849542629,-4.19614652208553E-16,6.85282732132572));
#3891=CARTESIAN_POINT('',(13.9254572421486,-4.19516731908524E-16,6.8512281614684));
#3892=CARTESIAN_POINT('',(13.7150673083721,-4.18961184119138E-16,6.8421553775478));
#3893=CARTESIAN_POINT('',(13.6107959066356,-4.18547419990747E-16,6.83539809653128));
#3894=CARTESIAN_POINT('',(13.4051417016934,-4.17325754672108E-16,6.81544678780309));
#3895=CARTESIAN_POINT('',(13.3033148255854,-4.16577359372788E-16,6.80322456503909));
#3896=CARTESIAN_POINT('',(13.1032012070565,-4.14625262320167E-16,6.77134440083206));
#3897=CARTESIAN_POINT('',(13.0041640764198,-4.13517201243263E-16,6.75324839016718));
#3898=CARTESIAN_POINT('',(12.8109392563533,-4.10707186012014E-16,6.70735735883953));
#3899=CARTESIAN_POINT('',(12.7162416316997,-4.09071727658731E-16,6.68064829701988));
#3900=CARTESIAN_POINT('',(12.6224906773794,-4.07191739537857E-16,6.64994576103673));
#3901=ORIENTED_EDGE('',*,*,#5143,.F.);
#3902=ORIENTED_EDGE('',*,*,#5548,.T.);
#3903=ORIENTED_EDGE('',*,*,#5297,.F.);
#3904=ORIENTED_EDGE('',*,*,#5549,.F.);
#3905=CARTESIAN_POINT('',(12.6224906773794,-4.07191739537857E-16,6.64994576103673));
#3906=CARTESIAN_POINT('',(12.5458306731663,-4.05381760877663E-16,6.62038656631293));
#3907=CARTESIAN_POINT('',(12.4681447974241,-4.04373875847877E-16,6.60392655465099));
#3908=CARTESIAN_POINT('',(12.3442082790706,-4.04049844551022E-16,6.59863472198412));
#3909=CARTESIAN_POINT('',(12.297312729325,-4.04104861446041E-16,6.59953321606514));
#3910=CARTESIAN_POINT('',(12.2171540116346,-4.05009265282368E-16,6.61430325158814));
#3911=CARTESIAN_POINT('',(12.1811844530756,-4.05624663451878E-16,6.62435346639193));
#3912=CARTESIAN_POINT('',(12.1177930155294,-4.0727898757026E-16,6.651370629537));
#3913=CARTESIAN_POINT('',(12.088269393743,-4.08273147431633E-16,6.66760649218842));
#3914=CARTESIAN_POINT('',(12.0362967490947,-4.10547702006488E-16,6.70475278737228));
#3915=CARTESIAN_POINT('',(12.0122649203589,-4.11850132667961E-16,6.72602309424574));
#3916=CARTESIAN_POINT('',(11.9708892204062,-4.14656348468054E-16,6.77185207615378));
#3917=CARTESIAN_POINT('',(11.9528436764982,-4.16180694830234E-16,6.79674654145171));
#3918=CARTESIAN_POINT('',(11.9372363448634,-4.17840121867073E-16,6.82384704157949));
#3919=ORIENTED_EDGE('',*,*,#5144,.F.);
#3920=ORIENTED_EDGE('',*,*,#5549,.T.);
#3921=ORIENTED_EDGE('',*,*,#5296,.F.);
#3922=ORIENTED_EDGE('',*,*,#5550,.F.);
#3923=ORIENTED_EDGE('',*,*,#5145,.F.);
#3924=ORIENTED_EDGE('',*,*,#5550,.T.);
#3925=ORIENTED_EDGE('',*,*,#5295,.F.);
#3926=ORIENTED_EDGE('',*,*,#5551,.F.);
#3927=CARTESIAN_POINT('',(11.8782430619788,-4.24096803374919E-16,6.92602640484083));
#3928=CARTESIAN_POINT('',(11.8625770062303,-4.25754154367059E-16,6.95309300058573));
#3929=CARTESIAN_POINT('',(11.8500405388227,-4.27473260400061E-16,6.98116813268421));
#3930=CARTESIAN_POINT('',(11.8310393262371,-4.31070470442843E-16,7.0399150308966));
#3931=CARTESIAN_POINT('',(11.8246346145063,-4.32996063898505E-16,7.07136235851796));
#3932=CARTESIAN_POINT('',(11.8184513015447,-4.36889386186183E-16,7.13494513667717));
#3933=CARTESIAN_POINT('',(11.8191524429294,-4.38952067228075E-16,7.16863127448159));
#3934=CARTESIAN_POINT('',(11.8274506120807,-4.43140798737702E-16,7.23703845135158));
#3935=CARTESIAN_POINT('',(11.8367316500266,-4.45355918980232E-16,7.27321411022845));
#3936=CARTESIAN_POINT('',(11.8640197828941,-4.50058838455914E-16,7.35001861384462));
#3937=CARTESIAN_POINT('',(11.8866894390676,-4.52573159846752E-16,7.39108059828925));
#3938=CARTESIAN_POINT('',(11.9532405597664,-4.58983344325298E-16,7.49576685530653));
#3939=CARTESIAN_POINT('',(12.0063382858834,-4.62598987620951E-16,7.55481479138361));
#3940=CARTESIAN_POINT('',(12.0702673015362,-4.65759183404301E-16,7.60642470512447));
#3941=ORIENTED_EDGE('',*,*,#5146,.F.);
#3942=ORIENTED_EDGE('',*,*,#5551,.T.);
#3943=ORIENTED_EDGE('',*,*,#5294,.F.);
#3944=ORIENTED_EDGE('',*,*,#5417,.F.);
#3945=CARTESIAN_POINT('',(12.0702673015362,-4.65759183404301E-16,7.60642470512447));
#3946=CARTESIAN_POINT('',(12.1437319548183,-4.6979068638181E-16,7.67226414520327));
#3947=CARTESIAN_POINT('',(12.2142114931922,-4.73994654998855E-16,7.74092016292156));
#3948=CARTESIAN_POINT('',(12.350566702161,-4.82836120366709E-16,7.88531225007697));
#3949=CARTESIAN_POINT('',(12.4157568724223,-4.87533906251639E-16,7.96203291579383));
#3950=CARTESIAN_POINT('',(12.5434227137669,-4.97169635162499E-16,8.1193963109796));
#3951=CARTESIAN_POINT('',(12.6049209072252,-5.02195190684678E-16,8.20146986109507));
#3952=CARTESIAN_POINT('',(12.7250263498937,-5.1248994590043E-16,8.36959597260606));
#3953=CARTESIAN_POINT('',(12.7830140277827,-5.17812447175674E-16,8.45651901488977));
#3954=CARTESIAN_POINT('',(12.8960662560293,-5.28691390992999E-16,8.63418565028046));
#3955=CARTESIAN_POINT('',(12.9506650251476,-5.34286160652115E-16,8.72555517270948));
#3956=CARTESIAN_POINT('',(13.0569187908038,-5.45698913495337E-16,8.911939571071));
#3957=CARTESIAN_POINT('',(13.1083285496996,-5.51534740768729E-16,9.00724586309668));
#3958=CARTESIAN_POINT('',(13.1575324957545,-5.57447528653224E-16,9.10380901728304));
#3959=ORIENTED_EDGE('',*,*,#5149,.F.);
#3960=ORIENTED_EDGE('',*,*,#5418,.T.);
#3961=ORIENTED_EDGE('',*,*,#5291,.F.);
#3962=ORIENTED_EDGE('',*,*,#5552,.F.);
#3963=ORIENTED_EDGE('',*,*,#5150,.F.);
#3964=ORIENTED_EDGE('',*,*,#5552,.T.);
#3965=ORIENTED_EDGE('',*,*,#5290,.F.);
#3966=ORIENTED_EDGE('',*,*,#5553,.F.);
#3967=CARTESIAN_POINT('',(8.03424626428616,-6.83264535470754E-16,11.1585566703227));
#3968=CARTESIAN_POINT('',(8.00892563392516,-6.84388430986229E-16,11.1769112769939));
#3969=CARTESIAN_POINT('',(7.98605381608641,-6.85646686302159E-16,11.1974601457258));
#3970=CARTESIAN_POINT('',(7.94480082846911,-6.88459667705319E-16,11.2433996183169));
#3971=CARTESIAN_POINT('',(7.92615905268952,-6.90059272719321E-16,11.2695231506712));
#3972=CARTESIAN_POINT('',(7.8946488694744,-6.93462001502651E-16,11.3250939288857));
#3973=CARTESIAN_POINT('',(7.8815880073928,-6.95363816631202E-16,11.3561529269556));
#3974=CARTESIAN_POINT('',(7.86134505664532,-6.99397082799156E-16,11.4220211621196));
#3975=CARTESIAN_POINT('',(7.85510974065038,-7.01651844135157E-16,11.4588442091822));
#3976=CARTESIAN_POINT('',(7.84879948450508,-7.06627797717484E-16,11.5401076981456));
#3977=CARTESIAN_POINT('',(7.85280783221764,-7.0948934228322E-16,11.5868402673684));
#3978=CARTESIAN_POINT('',(7.87102556947769,-7.17002821900289E-16,11.7095447013701));
#3979=CARTESIAN_POINT('',(7.89551579668245,-7.21628298450383E-16,11.7850844660323));
#3980=CARTESIAN_POINT('',(7.93292621547921,-7.26107460987102E-16,11.8582347415213));
#3981=ORIENTED_EDGE('',*,*,#5151,.F.);
#3982=ORIENTED_EDGE('',*,*,#5553,.T.);
#3983=ORIENTED_EDGE('',*,*,#5289,.F.);
#3984=ORIENTED_EDGE('',*,*,#5554,.F.);
#3985=CARTESIAN_POINT('',(7.93292621547921,-7.26107460987102E-16,11.8582347415213));
#3986=CARTESIAN_POINT('',(7.97326020294277,-7.31620091469786E-16,11.9482628293998));
#3987=CARTESIAN_POINT('',(8.00972154690729,-7.37215931564568E-16,12.0396498333699));
#3988=CARTESIAN_POINT('',(8.07555867587039,-7.48688998075322E-16,12.2270192286721));
#3989=CARTESIAN_POINT('',(8.10390775376732,-7.54604228670952E-16,12.3236222753587));
#3990=CARTESIAN_POINT('',(8.15653084412291,-7.66586478540851E-16,12.5193072659738));
#3991=CARTESIAN_POINT('',(8.17932991915068,-7.72709191306277E-16,12.6192987536368));
#3992=CARTESIAN_POINT('',(8.22066865052927,-7.85105196635076E-16,12.8217408836849));
#3993=CARTESIAN_POINT('',(8.23828824383962,-7.91411751922134E-16,12.924734747572));
#3994=CARTESIAN_POINT('',(8.26930306256525,-8.04165776711091E-16,13.1330237791171));
#3995=CARTESIAN_POINT('',(8.28201818725395,-8.10636659291634E-16,13.2387013113664));
#3996=CARTESIAN_POINT('',(8.30327646771528,-8.23709024213773E-16,13.4521892318221));
#3997=CARTESIAN_POINT('',(8.31147705815056,-8.30320700191586E-16,13.5601660947416));
#3998=CARTESIAN_POINT('',(8.31715132638855,-8.36947746454666E-16,13.6683939734686));
#3999=ORIENTED_EDGE('',*,*,#5554,.T.);
#4000=ORIENTED_EDGE('',*,*,#5288,.F.);
#4001=ORIENTED_EDGE('',*,*,#5555,.T.);
#4002=ORIENTED_EDGE('',*,*,#5152,.T.);
#4003=ORIENTED_EDGE('',*,*,#5153,.F.);
#4004=ORIENTED_EDGE('',*,*,#5555,.F.);
#4005=ORIENTED_EDGE('',*,*,#5287,.F.);
#4006=ORIENTED_EDGE('',*,*,#5556,.F.);
#4007=CARTESIAN_POINT('',(7.67860074676367,-8.59522110902119E-16,14.0370613225062));
#4008=CARTESIAN_POINT('',(7.58770978850734,-8.55907688351024E-16,13.9780333227007));
#4009=CARTESIAN_POINT('',(7.49829937741579,-8.52166983204189E-16,13.916942971598));
#4010=CARTESIAN_POINT('',(7.32404255513065,-8.44503500449361E-16,13.7917888004498));
#4011=CARTESIAN_POINT('',(7.23888068993789,-8.40593791838983E-16,13.7279384133325));
#4012=CARTESIAN_POINT('',(7.07400450665303,-8.32572102005807E-16,13.5969342766498));
#4013=CARTESIAN_POINT('',(6.99361900074806,-8.2848447914321E-16,13.5301783292952));
#4014=CARTESIAN_POINT('',(6.83896833901947,-8.20094334733789E-16,13.393156872737));
#4015=CARTESIAN_POINT('',(6.76377270805496,-8.15823971629062E-16,13.3234165507487));
#4016=CARTESIAN_POINT('',(6.62061608022074,-8.07042309363296E-16,13.1800011223675));
#4017=CARTESIAN_POINT('',(6.55112992665567,-8.02581377562573E-16,13.1071485773916));
#4018=CARTESIAN_POINT('',(6.42178183491374,-7.93353582868846E-16,12.9564472535462));
#4019=CARTESIAN_POINT('',(6.36086903988215,-7.88622162892485E-16,12.8791773014318));
#4020=CARTESIAN_POINT('',(6.30306942245706,-7.83726986231998E-16,12.7992329997132));
#4021=ORIENTED_EDGE('',*,*,#5154,.F.);
#4022=ORIENTED_EDGE('',*,*,#5556,.T.);
#4023=ORIENTED_EDGE('',*,*,#5286,.F.);
#4024=ORIENTED_EDGE('',*,*,#5557,.F.);
#4025=CARTESIAN_POINT('',(6.30306942245706,-7.83726986231998E-16,12.7992329997132));
#4026=CARTESIAN_POINT('',(6.25842463498811,-7.7950357677133E-16,12.7302594889245));
#4027=CARTESIAN_POINT('',(6.20525039339716,-7.75892152068077E-16,12.6712804476896));
#4028=CARTESIAN_POINT('',(6.10809410502471,-7.71169348207363E-16,12.5941512074221));
#4029=CARTESIAN_POINT('',(6.06962668674987,-7.69526018207887E-16,12.5673135918644));
#4030=CARTESIAN_POINT('',(5.99609531283478,-7.6737266648761E-16,12.5321466895089));
#4031=CARTESIAN_POINT('',(5.96108796063638,-7.66575936907102E-16,12.5191351080299));
#4032=CARTESIAN_POINT('',(5.89392292030817,-7.656327624392E-16,12.5037319000427));
#4033=CARTESIAN_POINT('',(5.86049460792275,-7.65374456220932E-16,12.4995134393658));
#4034=CARTESIAN_POINT('',(5.7966138106733,-7.6534403783355E-16,12.4990166694007));
#4035=CARTESIAN_POINT('',(5.76466928012814,-7.65532785616433E-16,12.5020991546204));
#4036=CARTESIAN_POINT('',(5.70425803601916,-7.6631388977437E-16,12.5148555535834));
#4037=CARTESIAN_POINT('',(5.67502628475894,-7.66897626299625E-16,12.5243886944965));
#4038=CARTESIAN_POINT('',(5.6464704139247,-7.67678400221376E-16,12.5371397002934));
#4039=ORIENTED_EDGE('',*,*,#5155,.F.);
#4040=ORIENTED_EDGE('',*,*,#5557,.T.);
#4041=ORIENTED_EDGE('',*,*,#5285,.F.);
#4042=ORIENTED_EDGE('',*,*,#5558,.F.);
#4043=ORIENTED_EDGE('',*,*,#5156,.F.);
#4044=ORIENTED_EDGE('',*,*,#5558,.T.);
#4045=ORIENTED_EDGE('',*,*,#5284,.F.);
#4046=ORIENTED_EDGE('',*,*,#5559,.F.);
#4047=CARTESIAN_POINT('',(5.53868432270347,-7.70616907131422E-16,12.5851291599824));
#4048=CARTESIAN_POINT('',(5.51010087155947,-7.71393887930767E-16,12.5978182193893));
#4049=CARTESIAN_POINT('',(5.48345650777365,-7.72333468081244E-16,12.6131627277183));
#4050=CARTESIAN_POINT('',(5.43355364349099,-7.74559790634041E-16,12.6495213342054));
#4051=CARTESIAN_POINT('',(5.40988784745687,-7.75887113496931E-16,12.6711981615782));
#4052=CARTESIAN_POINT('',(5.36751242288766,-7.78814330891604E-16,12.7190032494895));
#4053=CARTESIAN_POINT('',(5.34827944317521,-7.80508310015052E-16,12.7466680280138));
#4054=CARTESIAN_POINT('',(5.31478407332567,-7.84195728267324E-16,12.806888138087));
#4055=CARTESIAN_POINT('',(5.30102907196956,-7.86321836353412E-16,12.8416101181317));
#4056=CARTESIAN_POINT('',(5.27796108066889,-7.9110871804937E-16,12.9197858288638));
#4057=CARTESIAN_POINT('',(5.27216558888346,-7.93958760952126E-16,12.9663305616756));
#4058=CARTESIAN_POINT('',(5.26447353853104,-8.01539981556216E-16,13.0901412899504));
#4059=CARTESIAN_POINT('',(5.27272299531792,-8.06376163452938E-16,13.1691221340613));
#4060=CARTESIAN_POINT('',(5.29410710924571,-8.11233714565452E-16,13.2484519639502));
#4061=ORIENTED_EDGE('',*,*,#5157,.F.);
#4062=ORIENTED_EDGE('',*,*,#5559,.T.);
#4063=ORIENTED_EDGE('',*,*,#5283,.F.);
#4064=ORIENTED_EDGE('',*,*,#5560,.F.);
#4065=CARTESIAN_POINT('',(5.29410710924571,-8.11233714565452E-16,13.2484519639502));
#4066=CARTESIAN_POINT('',(5.31484181033931,-8.17139369586609E-16,13.3448986296381));
#4067=CARTESIAN_POINT('',(5.33150595994355,-8.23077113578205E-16,13.4418693479828));
#4068=CARTESIAN_POINT('',(5.35694810189322,-8.35137633236721E-16,13.63883258125));
#4069=CARTESIAN_POINT('',(5.36459278164636,-8.41284511675501E-16,13.7392187243087));
#4070=CARTESIAN_POINT('',(5.37538073395443,-8.5367486095552E-16,13.9415684840704));
#4071=CARTESIAN_POINT('',(5.37689219522439,-8.59954030942056E-16,14.0441151120599));
#4072=CARTESIAN_POINT('',(5.37523749058869,-8.72605433867624E-16,14.2507282013911));
#4073=CARTESIAN_POINT('',(5.37105842512649,-8.78998489411674E-16,14.3551347216792));
#4074=CARTESIAN_POINT('',(5.35808977092284,-8.91868655314024E-16,14.5653204815458));
#4075=CARTESIAN_POINT('',(5.34855544521873,-8.98360008811536E-16,14.6713323292399));
#4076=CARTESIAN_POINT('',(5.32496254673658,-9.1141734864976E-16,14.8845748714539));
#4077=CARTESIAN_POINT('',(5.31053428245667,-9.17988944699604E-16,14.9918971794765));
#4078=CARTESIAN_POINT('',(5.29358271305982,-9.24543412753001E-16,15.0989397660894));
#4079=ORIENTED_EDGE('',*,*,#5560,.T.);
#4080=ORIENTED_EDGE('',*,*,#5282,.F.);
#4081=ORIENTED_EDGE('',*,*,#5561,.T.);
#4082=ORIENTED_EDGE('',*,*,#5158,.T.);
#4083=ORIENTED_EDGE('',*,*,#5159,.F.);
#4084=ORIENTED_EDGE('',*,*,#5561,.F.);
#4085=ORIENTED_EDGE('',*,*,#5281,.F.);
#4086=ORIENTED_EDGE('',*,*,#5562,.F.);
#4087=CARTESIAN_POINT('',(4.59233574376485,-9.38495137255954E-16,15.3267887183369));
#4088=CARTESIAN_POINT('',(4.51570358226317,-9.33802573051878E-16,15.2501533291399));
#4089=CARTESIAN_POINT('',(4.44094840136376,-9.29005334556287E-16,15.1718084790341));
#4090=CARTESIAN_POINT('',(4.29652052407037,-9.19290867738605E-16,15.0131591962458));
#4091=CARTESIAN_POINT('',(4.22649489190299,-9.14382406805756E-16,14.9329979458957));
#4092=CARTESIAN_POINT('',(4.09245894036658,-9.04436984752228E-16,14.770576877871));
#4093=CARTESIAN_POINT('',(4.02770939251851,-8.99415304865234E-16,14.6885666216813));
#4094=CARTESIAN_POINT('',(3.9049265815081,-8.89239660142047E-16,14.5223857321339));
#4095=CARTESIAN_POINT('',(3.84587398375728,-8.84105305204872E-16,14.4385353527306));
#4096=CARTESIAN_POINT('',(3.73566341591617,-8.7369302784818E-16,14.2684899590066));
#4097=CARTESIAN_POINT('',(3.68284259732859,-8.68444955494449E-16,14.182782433255));
#4098=CARTESIAN_POINT('',(3.58765363878089,-8.57772090132838E-16,14.0084813144501));
#4099=CARTESIAN_POINT('',(3.54413726086028,-8.52368587154985E-16,13.920235413973));
#4100=CARTESIAN_POINT('',(3.50422205869415,-8.4684453958243E-16,13.8300208708672));
#4101=ORIENTED_EDGE('',*,*,#5160,.F.);
#4102=ORIENTED_EDGE('',*,*,#5562,.T.);
#4103=ORIENTED_EDGE('',*,*,#5280,.F.);
#4104=ORIENTED_EDGE('',*,*,#5563,.F.);
#4105=CARTESIAN_POINT('',(3.50422205869415,-8.4684453958243E-16,13.8300208708672));
#4106=CARTESIAN_POINT('',(3.47489326619585,-8.42145052563643E-16,13.7532724235261));
#4107=CARTESIAN_POINT('',(3.43514344154877,-8.37935589174624E-16,13.6845266693716));
#4108=CARTESIAN_POINT('',(3.35614632193657,-8.3207910103954E-16,13.5888829598684));
#4109=CARTESIAN_POINT('',(3.32409936307273,-8.29981956144324E-16,13.5546339846263));
#4110=CARTESIAN_POINT('',(3.25948643622858,-8.26939538335821E-16,13.5049475311832));
#4111=CARTESIAN_POINT('',(3.22794933857319,-8.25714543431305E-16,13.4849418461911));
#4112=CARTESIAN_POINT('',(3.16545452253958,-8.23936906878019E-16,13.4559108381564));
#4113=CARTESIAN_POINT('',(3.13363376627519,-8.2325867212194E-16,13.4448344240172));
#4114=CARTESIAN_POINT('',(3.07125220199607,-8.22415657172576E-16,13.4310669451008));
#4115=CARTESIAN_POINT('',(3.03936485137282,-8.22193597122038E-16,13.4274404292647));
#4116=CARTESIAN_POINT('',(2.97762153341312,-8.22188541604474E-16,13.4273578663973));
#4117=CARTESIAN_POINT('',(2.94704651460664,-8.22387375018848E-16,13.4306050624789));
#4118=CARTESIAN_POINT('',(2.9164635748884,-8.22787544669043E-16,13.4371403288181));
#4119=ORIENTED_EDGE('',*,*,#5161,.F.);
#4120=ORIENTED_EDGE('',*,*,#5563,.T.);
#4121=ORIENTED_EDGE('',*,*,#5279,.F.);
#4122=ORIENTED_EDGE('',*,*,#5564,.F.);
#4123=ORIENTED_EDGE('',*,*,#5162,.F.);
#4124=ORIENTED_EDGE('',*,*,#5564,.T.);
#4125=ORIENTED_EDGE('',*,*,#5278,.F.);
#4126=ORIENTED_EDGE('',*,*,#5565,.F.);
#4127=CARTESIAN_POINT('',(2.80105529866251,-8.24289622120259E-16,13.4616711152009));
#4128=CARTESIAN_POINT('',(2.77045826070914,-8.24685730414174E-16,13.4681400545586));
#4129=CARTESIAN_POINT('',(2.74120583752752,-8.25265571238017E-16,13.4776095738396));
#4130=CARTESIAN_POINT('',(2.68483409120918,-8.26807933961813E-16,13.5027982686513));
#4131=CARTESIAN_POINT('',(2.65717858376829,-8.2780496429528E-16,13.5190810096696));
#4132=CARTESIAN_POINT('',(2.60578992723853,-8.30128736854803E-16,13.5570310955415));
#4133=CARTESIAN_POINT('',(2.58122540339874,-8.31540844956839E-16,13.5800925709485));
#4134=CARTESIAN_POINT('',(2.53594152283817,-8.34721257421608E-16,13.6320326481525));
#4135=CARTESIAN_POINT('',(2.51526799568397,-8.36625791132223E-16,13.6631360440368));
#4136=CARTESIAN_POINT('',(2.47645045114028,-8.41014391241691E-16,13.73480732285));
#4137=CARTESIAN_POINT('',(2.46110441065773,-8.43728371930593E-16,13.7791299910804));
#4138=CARTESIAN_POINT('',(2.4278387522038,-8.51045997802574E-16,13.8986358906928));
#4139=CARTESIAN_POINT('',(2.41948689772592,-8.55881520690461E-16,13.9776059723728));
#4140=CARTESIAN_POINT('',(2.42391011839373,-8.60905162086037E-16,14.0596482624285));
#4141=ORIENTED_EDGE('',*,*,#5163,.F.);
#4142=ORIENTED_EDGE('',*,*,#5565,.T.);
#4143=ORIENTED_EDGE('',*,*,#5277,.F.);
#4144=ORIENTED_EDGE('',*,*,#5566,.F.);
#4145=CARTESIAN_POINT('',(2.42391011839373,-8.60905162086037E-16,14.0596482624285));
#4146=CARTESIAN_POINT('',(2.42413932718346,-8.66945736182765E-16,14.1582983238329));
#4147=CARTESIAN_POINT('',(2.42027797912625,-8.72965876166286E-16,14.2566146708435));
#4148=CARTESIAN_POINT('',(2.40421319037434,-8.85086746390692E-16,14.4545635036473));
#4149=CARTESIAN_POINT('',(2.39081936279524,-8.91196624588854E-16,14.5543453869204));
#4150=CARTESIAN_POINT('',(2.3593006917736,-9.03453555559963E-16,14.7545162603451));
#4151=CARTESIAN_POINT('',(2.33945848117545,-9.09614752908396E-16,14.8551362489447));
#4152=CARTESIAN_POINT('',(2.29488265905818,-9.2196862641472E-16,15.0568903141155));
#4153=CARTESIAN_POINT('',(2.26908758003752,-9.28168775011202E-16,15.1581464248701));
#4154=CARTESIAN_POINT('',(2.21270224532379,-9.40592594019104E-16,15.3610427867689));
#4155=CARTESIAN_POINT('',(2.18133516501091,-9.46820715136775E-16,15.4627557234623));
#4156=CARTESIAN_POINT('',(2.11392221046024,-9.59292361484085E-16,15.6664331650886));
#4157=CARTESIAN_POINT('',(2.07749567584867,-9.65536667324566E-16,15.7684104183641));
#4158=CARTESIAN_POINT('',(2.03865913374227,-9.71732095462518E-16,15.8695894381805));
#4159=ORIENTED_EDGE('',*,*,#5566,.T.);
#4160=ORIENTED_EDGE('',*,*,#5276,.F.);
#4161=ORIENTED_EDGE('',*,*,#5567,.T.);
#4162=ORIENTED_EDGE('',*,*,#5164,.T.);
#4163=ORIENTED_EDGE('',*,*,#5165,.F.);
#4164=ORIENTED_EDGE('',*,*,#5567,.F.);
#4165=ORIENTED_EDGE('',*,*,#5275,.F.);
#4166=ORIENTED_EDGE('',*,*,#5568,.F.);
#4167=CARTESIAN_POINT('',(1.3053636322917,-9.76451422712391E-16,15.9466619010842));
#4168=CARTESIAN_POINT('',(1.24633946072421,-9.70885804428473E-16,15.855768456741));
#4169=CARTESIAN_POINT('',(1.1895066701374,-9.65241694926089E-16,15.7635931535219));
#4170=CARTESIAN_POINT('',(1.08121992911532,-9.53900812860669E-16,15.5783824940352));
#4171=CARTESIAN_POINT('',(1.0293909861193,-9.48208122901523E-16,15.4854138117489));
#4172=CARTESIAN_POINT('',(0.932053280589328,-9.36773631294813E-16,15.2986743924376));
#4173=CARTESIAN_POINT('',(0.885769556741924,-9.31037365891177E-16,15.2049940691373));
#4174=CARTESIAN_POINT('',(0.800220794468154,-9.19520945356786E-16,15.0169166488982));
#4175=CARTESIAN_POINT('',(0.75989211181853,-9.13746994535288E-16,14.9226208760187));
#4176=CARTESIAN_POINT('',(0.687444334634172,-9.02159168571806E-16,14.7333773166259));
#4177=CARTESIAN_POINT('',(0.653597374258763,-8.96353321609972E-16,14.6385606402442));
#4178=CARTESIAN_POINT('',(0.596727763161141,-8.84701841010869E-16,14.4482775217611));
#4179=CARTESIAN_POINT('',(0.572509676881378,-8.7886241404054E-16,14.3529124422232));
#4180=CARTESIAN_POINT('',(0.552223375843265,-8.72950922942158E-16,14.2563704661612));
#4181=ORIENTED_EDGE('',*,*,#5166,.F.);
#4182=ORIENTED_EDGE('',*,*,#5568,.T.);
#4183=ORIENTED_EDGE('',*,*,#5274,.F.);
#4184=ORIENTED_EDGE('',*,*,#5569,.F.);
#4185=CARTESIAN_POINT('',(0.552223375843265,-8.72950922942158E-16,14.2563704661612));
#4186=CARTESIAN_POINT('',(0.539492387282943,-8.67980748498614E-16,14.1752013576965));
#4187=CARTESIAN_POINT('',(0.514904237657633,-8.63357220173175E-16,14.0996934099575));
#4188=CARTESIAN_POINT('',(0.457518840002969,-8.56623004397774E-16,13.9897153202734));
#4189=CARTESIAN_POINT('',(0.433292946430861,-8.54163699901955E-16,13.9495518299098));
#4190=CARTESIAN_POINT('',(0.380422361607945,-8.50365184262599E-16,13.8875173618166));
#4191=CARTESIAN_POINT('',(0.353733840994893,-8.48765462189579E-16,13.8613919177435));
#4192=CARTESIAN_POINT('',(0.298640572599956,-8.46231054798335E-16,13.8200019040186));
#4193=CARTESIAN_POINT('',(0.269818092198292,-8.45162533617816E-16,13.8025516288656));
#4194=CARTESIAN_POINT('',(0.21166213458845,-8.43543765904993E-16,13.7761151458902));
#4195=CARTESIAN_POINT('',(0.181225594121824,-8.42920603110804E-16,13.7659381251423));
#4196=CARTESIAN_POINT('',(0.120848681583557,-8.42129608868115E-16,13.753020208838));
#4197=CARTESIAN_POINT('',(0.0902666702678694,-8.41934849197293E-16,13.7498395420374));
#4198=CARTESIAN_POINT('',(0.0589932828845592,-8.41936925241991E-16,13.7498734464203));
#4199=ORIENTED_EDGE('',*,*,#5167,.F.);
#4200=ORIENTED_EDGE('',*,*,#5569,.T.);
#4201=ORIENTED_EDGE('',*,*,#5273,.F.);
#4202=ORIENTED_EDGE('',*,*,#5570,.F.);
#4203=ORIENTED_EDGE('',*,*,#5168,.F.);
#4204=ORIENTED_EDGE('',*,*,#5570,.T.);
#4205=ORIENTED_EDGE('',*,*,#5272,.F.);
#4206=ORIENTED_EDGE('',*,*,#5571,.F.);
#4207=CARTESIAN_POINT('',(-0.0589932828845623,-8.41936925241991E-16,13.7498734464203));
#4208=CARTESIAN_POINT('',(-0.0902666702678723,-8.41934849197294E-16,13.7498395420375));
#4209=CARTESIAN_POINT('',(-0.120848681583559,-8.42129608868115E-16,13.753020208838));
#4210=CARTESIAN_POINT('',(-0.181225594121827,-8.42920603110804E-16,13.7659381251423));
#4211=CARTESIAN_POINT('',(-0.211662134588453,-8.43543765904993E-16,13.7761151458902));
#4212=CARTESIAN_POINT('',(-0.269818092198295,-8.45162533617816E-16,13.8025516288656));
#4213=CARTESIAN_POINT('',(-0.298640572599959,-8.46231054798335E-16,13.8200019040186));
#4214=CARTESIAN_POINT('',(-0.353733840994896,-8.48765462189579E-16,13.8613919177435));
#4215=CARTESIAN_POINT('',(-0.380422361607948,-8.50365184262599E-16,13.8875173618166));
#4216=CARTESIAN_POINT('',(-0.433292946430863,-8.54163699901955E-16,13.9495518299098));
#4217=CARTESIAN_POINT('',(-0.457518840002972,-8.56623004397774E-16,13.9897153202734));
#4218=CARTESIAN_POINT('',(-0.514904237657636,-8.63357220173175E-16,14.0996934099575));
#4219=CARTESIAN_POINT('',(-0.539492387282946,-8.67980748498614E-16,14.1752013576965));
#4220=CARTESIAN_POINT('',(-0.552223375843267,-8.72950922942158E-16,14.2563704661612));
#4221=ORIENTED_EDGE('',*,*,#5169,.F.);
#4222=ORIENTED_EDGE('',*,*,#5571,.T.);
#4223=ORIENTED_EDGE('',*,*,#5271,.F.);
#4224=ORIENTED_EDGE('',*,*,#5572,.F.);
#4225=CARTESIAN_POINT('',(-0.552223375843267,-8.72950922942158E-16,14.2563704661612));
#4226=CARTESIAN_POINT('',(-0.572509676881381,-8.78862414040541E-16,14.3529124422232));
#4227=CARTESIAN_POINT('',(-0.596727763161144,-8.84701841010869E-16,14.4482775217611));
#4228=CARTESIAN_POINT('',(-0.653597374258766,-8.96353321609972E-16,14.6385606402442));
#4229=CARTESIAN_POINT('',(-0.687444334634175,-9.02159168571806E-16,14.7333773166259));
#4230=CARTESIAN_POINT('',(-0.759892111818533,-9.13746994535288E-16,14.9226208760187));
#4231=CARTESIAN_POINT('',(-0.800220794468158,-9.19520945356787E-16,15.0169166488982));
#4232=CARTESIAN_POINT('',(-0.885769556741927,-9.31037365891177E-16,15.2049940691373));
#4233=CARTESIAN_POINT('',(-0.932053280589332,-9.36773631294813E-16,15.2986743924376));
#4234=CARTESIAN_POINT('',(-1.0293909861193,-9.48208122901523E-16,15.4854138117489));
#4235=CARTESIAN_POINT('',(-1.08121992911533,-9.53900812860669E-16,15.5783824940352));
#4236=CARTESIAN_POINT('',(-1.18950667013741,-9.65241694926089E-16,15.763593153522));
#4237=CARTESIAN_POINT('',(-1.24633946072421,-9.70885804428473E-16,15.855768456741));
#4238=CARTESIAN_POINT('',(-1.3053636322917,-9.76451422712391E-16,15.9466619010842));
#4239=ORIENTED_EDGE('',*,*,#5572,.T.);
#4240=ORIENTED_EDGE('',*,*,#5270,.F.);
#4241=ORIENTED_EDGE('',*,*,#5573,.T.);
#4242=ORIENTED_EDGE('',*,*,#5170,.T.);
#4243=ORIENTED_EDGE('',*,*,#5171,.F.);
#4244=ORIENTED_EDGE('',*,*,#5573,.F.);
#4245=ORIENTED_EDGE('',*,*,#5269,.F.);
#4246=ORIENTED_EDGE('',*,*,#5574,.F.);
#4247=CARTESIAN_POINT('',(-2.03865913374227,-9.71732095462519E-16,15.8695894381805));
#4248=CARTESIAN_POINT('',(-2.07749567584867,-9.65536667324566E-16,15.7684104183641));
#4249=CARTESIAN_POINT('',(-2.11392221046024,-9.59292361484085E-16,15.6664331650886));
#4250=CARTESIAN_POINT('',(-2.18133516501091,-9.46820715136775E-16,15.4627557234623));
#4251=CARTESIAN_POINT('',(-2.21270224532379,-9.40592594019104E-16,15.3610427867689));
#4252=CARTESIAN_POINT('',(-2.26908758003753,-9.28168775011202E-16,15.1581464248701));
#4253=CARTESIAN_POINT('',(-2.29488265905819,-9.2196862641472E-16,15.0568903141155));
#4254=CARTESIAN_POINT('',(-2.33945848117545,-9.09614752908396E-16,14.8551362489447));
#4255=CARTESIAN_POINT('',(-2.3593006917736,-9.03453555559963E-16,14.7545162603451));
#4256=CARTESIAN_POINT('',(-2.39081936279525,-8.91196624588854E-16,14.5543453869204));
#4257=CARTESIAN_POINT('',(-2.40421319037434,-8.85086746390693E-16,14.4545635036473));
#4258=CARTESIAN_POINT('',(-2.42027797912625,-8.72965876166286E-16,14.2566146708435));
#4259=CARTESIAN_POINT('',(-2.42413932718347,-8.66945736182765E-16,14.1582983238329));
#4260=CARTESIAN_POINT('',(-2.42391011839373,-8.60905162086037E-16,14.0596482624285));
#4261=ORIENTED_EDGE('',*,*,#5172,.F.);
#4262=ORIENTED_EDGE('',*,*,#5574,.T.);
#4263=ORIENTED_EDGE('',*,*,#5268,.F.);
#4264=ORIENTED_EDGE('',*,*,#5575,.F.);
#4265=CARTESIAN_POINT('',(-2.42391011839373,-8.60905162086037E-16,14.0596482624285));
#4266=CARTESIAN_POINT('',(-2.41948689772592,-8.55881520690462E-16,13.9776059723728));
#4267=CARTESIAN_POINT('',(-2.4278387522038,-8.51045997802574E-16,13.8986358906928));
#4268=CARTESIAN_POINT('',(-2.46110441065773,-8.43728371930593E-16,13.7791299910804));
#4269=CARTESIAN_POINT('',(-2.47645045114028,-8.41014391241691E-16,13.73480732285));
#4270=CARTESIAN_POINT('',(-2.51526799568398,-8.36625791132223E-16,13.6631360440368));
#4271=CARTESIAN_POINT('',(-2.53594152283817,-8.34721257421608E-16,13.6320326481525));
#4272=CARTESIAN_POINT('',(-2.58122540339874,-8.31540844956839E-16,13.5800925709485));
#4273=CARTESIAN_POINT('',(-2.60578992723853,-8.30128736854803E-16,13.5570310955415));
#4274=CARTESIAN_POINT('',(-2.6571785837683,-8.2780496429528E-16,13.5190810096696));
#4275=CARTESIAN_POINT('',(-2.68483409120918,-8.26807933961813E-16,13.5027982686513));
#4276=CARTESIAN_POINT('',(-2.74120583752752,-8.25265571238017E-16,13.4776095738396));
#4277=CARTESIAN_POINT('',(-2.77045826070915,-8.24685730414174E-16,13.4681400545586));
#4278=CARTESIAN_POINT('',(-2.80105529866252,-8.24289622120259E-16,13.4616711152009));
#4279=ORIENTED_EDGE('',*,*,#5173,.F.);
#4280=ORIENTED_EDGE('',*,*,#5575,.T.);
#4281=ORIENTED_EDGE('',*,*,#5267,.F.);
#4282=ORIENTED_EDGE('',*,*,#5576,.F.);
#4283=ORIENTED_EDGE('',*,*,#5174,.F.);
#4284=ORIENTED_EDGE('',*,*,#5576,.T.);
#4285=ORIENTED_EDGE('',*,*,#5266,.F.);
#4286=ORIENTED_EDGE('',*,*,#5577,.F.);
#4287=CARTESIAN_POINT('',(-2.91646357488841,-8.22787544669044E-16,13.4371403288181));
#4288=CARTESIAN_POINT('',(-2.94704651460664,-8.22387375018849E-16,13.4306050624789));
#4289=CARTESIAN_POINT('',(-2.97762153341312,-8.22188541604474E-16,13.4273578663973));
#4290=CARTESIAN_POINT('',(-3.03936485137282,-8.22193597122038E-16,13.4274404292647));
#4291=CARTESIAN_POINT('',(-3.07125220199608,-8.22415657172576E-16,13.4310669451008));
#4292=CARTESIAN_POINT('',(-3.1336337662752,-8.2325867212194E-16,13.4448344240172));
#4293=CARTESIAN_POINT('',(-3.16545452253958,-8.23936906878019E-16,13.4559108381564));
#4294=CARTESIAN_POINT('',(-3.22794933857319,-8.25714543431305E-16,13.4849418461911));
#4295=CARTESIAN_POINT('',(-3.25948643622858,-8.26939538335822E-16,13.5049475311832));
#4296=CARTESIAN_POINT('',(-3.32409936307274,-8.29981956144324E-16,13.5546339846263));
#4297=CARTESIAN_POINT('',(-3.35614632193657,-8.3207910103954E-16,13.5888829598684));
#4298=CARTESIAN_POINT('',(-3.43514344154877,-8.37935589174624E-16,13.6845266693716));
#4299=CARTESIAN_POINT('',(-3.47489326619585,-8.42145052563643E-16,13.7532724235261));
#4300=CARTESIAN_POINT('',(-3.50422205869416,-8.4684453958243E-16,13.8300208708672));
#4301=ORIENTED_EDGE('',*,*,#5175,.F.);
#4302=ORIENTED_EDGE('',*,*,#5577,.T.);
#4303=ORIENTED_EDGE('',*,*,#5265,.F.);
#4304=ORIENTED_EDGE('',*,*,#5578,.F.);
#4305=CARTESIAN_POINT('',(-3.50422205869416,-8.4684453958243E-16,13.8300208708672));
#4306=CARTESIAN_POINT('',(-3.54413726086028,-8.52368587154985E-16,13.920235413973));
#4307=CARTESIAN_POINT('',(-3.5876536387809,-8.57772090132838E-16,14.0084813144501));
#4308=CARTESIAN_POINT('',(-3.68284259732859,-8.68444955494449E-16,14.182782433255));
#4309=CARTESIAN_POINT('',(-3.73566341591618,-8.7369302784818E-16,14.2684899590066));
#4310=CARTESIAN_POINT('',(-3.84587398375728,-8.84105305204872E-16,14.4385353527306));
#4311=CARTESIAN_POINT('',(-3.90492658150811,-8.89239660142047E-16,14.5223857321339));
#4312=CARTESIAN_POINT('',(-4.02770939251851,-8.99415304865235E-16,14.6885666216813));
#4313=CARTESIAN_POINT('',(-4.09245894036658,-9.04436984752228E-16,14.770576877871));
#4314=CARTESIAN_POINT('',(-4.22649489190299,-9.14382406805756E-16,14.9329979458957));
#4315=CARTESIAN_POINT('',(-4.29652052407037,-9.19290867738605E-16,15.0131591962458));
#4316=CARTESIAN_POINT('',(-4.44094840136377,-9.29005334556288E-16,15.1718084790341));
#4317=CARTESIAN_POINT('',(-4.51570358226318,-9.33802573051878E-16,15.2501533291399));
#4318=CARTESIAN_POINT('',(-4.59233574376485,-9.38495137255954E-16,15.3267887183369));
#4319=ORIENTED_EDGE('',*,*,#5578,.T.);
#4320=ORIENTED_EDGE('',*,*,#5264,.F.);
#4321=ORIENTED_EDGE('',*,*,#5579,.T.);
#4322=ORIENTED_EDGE('',*,*,#5176,.T.);
#4323=ORIENTED_EDGE('',*,*,#5177,.F.);
#4324=ORIENTED_EDGE('',*,*,#5579,.F.);
#4325=ORIENTED_EDGE('',*,*,#5263,.F.);
#4326=ORIENTED_EDGE('',*,*,#5580,.F.);
#4327=CARTESIAN_POINT('',(-5.29358271305982,-9.24543412753001E-16,15.0989397660893));
#4328=CARTESIAN_POINT('',(-5.31053428245668,-9.17988944699604E-16,14.9918971794765));
#4329=CARTESIAN_POINT('',(-5.32496254673658,-9.1141734864976E-16,14.8845748714539));
#4330=CARTESIAN_POINT('',(-5.34855544521873,-8.98360008811536E-16,14.6713323292399));
#4331=CARTESIAN_POINT('',(-5.35808977092284,-8.91868655314024E-16,14.5653204815458));
#4332=CARTESIAN_POINT('',(-5.3710584251265,-8.78998489411673E-16,14.3551347216792));
#4333=CARTESIAN_POINT('',(-5.37523749058869,-8.72605433867624E-16,14.2507282013911));
#4334=CARTESIAN_POINT('',(-5.3768921952244,-8.59954030942055E-16,14.0441151120599));
#4335=CARTESIAN_POINT('',(-5.37538073395444,-8.5367486095552E-16,13.9415684840704));
#4336=CARTESIAN_POINT('',(-5.36459278164637,-8.41284511675501E-16,13.7392187243087));
#4337=CARTESIAN_POINT('',(-5.35694810189322,-8.35137633236721E-16,13.63883258125));
#4338=CARTESIAN_POINT('',(-5.33150595994356,-8.23077113578205E-16,13.4418693479828));
#4339=CARTESIAN_POINT('',(-5.31484181033932,-8.17139369586608E-16,13.3448986296381));
#4340=CARTESIAN_POINT('',(-5.29410710924571,-8.11233714565451E-16,13.2484519639502));
#4341=ORIENTED_EDGE('',*,*,#5178,.F.);
#4342=ORIENTED_EDGE('',*,*,#5580,.T.);
#4343=ORIENTED_EDGE('',*,*,#5262,.F.);
#4344=ORIENTED_EDGE('',*,*,#5581,.F.);
#4345=CARTESIAN_POINT('',(-5.29410710924571,-8.11233714565451E-16,13.2484519639502));
#4346=CARTESIAN_POINT('',(-5.27272299531792,-8.06376163452937E-16,13.1691221340613));
#4347=CARTESIAN_POINT('',(-5.26447353853104,-8.01539981556216E-16,13.0901412899504));
#4348=CARTESIAN_POINT('',(-5.27216558888346,-7.93958760952125E-16,12.9663305616756));
#4349=CARTESIAN_POINT('',(-5.27796108066889,-7.9110871804937E-16,12.9197858288638));
#4350=CARTESIAN_POINT('',(-5.30102907196956,-7.86321836353412E-16,12.8416101181317));
#4351=CARTESIAN_POINT('',(-5.31478407332567,-7.84195728267323E-16,12.806888138087));
#4352=CARTESIAN_POINT('',(-5.34827944317522,-7.80508310015052E-16,12.7466680280138));
#4353=CARTESIAN_POINT('',(-5.36751242288766,-7.78814330891604E-16,12.7190032494895));
#4354=CARTESIAN_POINT('',(-5.40988784745687,-7.75887113496931E-16,12.6711981615782));
#4355=CARTESIAN_POINT('',(-5.433553643491,-7.74559790634041E-16,12.6495213342054));
#4356=CARTESIAN_POINT('',(-5.48345650777365,-7.72333468081244E-16,12.6131627277183));
#4357=CARTESIAN_POINT('',(-5.51010087155948,-7.71393887930766E-16,12.5978182193893));
#4358=CARTESIAN_POINT('',(-5.53868432270347,-7.70616907131422E-16,12.5851291599824));
#4359=ORIENTED_EDGE('',*,*,#5179,.F.);
#4360=ORIENTED_EDGE('',*,*,#5581,.T.);
#4361=ORIENTED_EDGE('',*,*,#5261,.F.);
#4362=ORIENTED_EDGE('',*,*,#5582,.F.);
#4363=ORIENTED_EDGE('',*,*,#5180,.F.);
#4364=ORIENTED_EDGE('',*,*,#5582,.T.);
#4365=ORIENTED_EDGE('',*,*,#5260,.F.);
#4366=ORIENTED_EDGE('',*,*,#5583,.F.);
#4367=CARTESIAN_POINT('',(-5.6464704139247,-7.67678400221376E-16,12.5371397002934));
#4368=CARTESIAN_POINT('',(-5.67502628475895,-7.66897626299625E-16,12.5243886944965));
#4369=CARTESIAN_POINT('',(-5.70425803601916,-7.6631388977437E-16,12.5148555535834));
#4370=CARTESIAN_POINT('',(-5.76466928012815,-7.65532785616432E-16,12.5020991546204));
#4371=CARTESIAN_POINT('',(-5.79661381067331,-7.65344037833549E-16,12.4990166694007));
#4372=CARTESIAN_POINT('',(-5.86049460792275,-7.65374456220932E-16,12.4995134393658));
#4373=CARTESIAN_POINT('',(-5.89392292030817,-7.656327624392E-16,12.5037319000427));
#4374=CARTESIAN_POINT('',(-5.96108796063638,-7.66575936907102E-16,12.5191351080299));
#4375=CARTESIAN_POINT('',(-5.99609531283479,-7.6737266648761E-16,12.5321466895089));
#4376=CARTESIAN_POINT('',(-6.06962668674988,-7.69526018207887E-16,12.5673135918644));
#4377=CARTESIAN_POINT('',(-6.10809410502471,-7.71169348207362E-16,12.5941512074221));
#4378=CARTESIAN_POINT('',(-6.20525039339716,-7.75892152068077E-16,12.6712804476896));
#4379=CARTESIAN_POINT('',(-6.25842463498811,-7.7950357677133E-16,12.7302594889245));
#4380=CARTESIAN_POINT('',(-6.30306942245707,-7.83726986231998E-16,12.7992329997132));
#4381=ORIENTED_EDGE('',*,*,#5181,.F.);
#4382=ORIENTED_EDGE('',*,*,#5583,.T.);
#4383=ORIENTED_EDGE('',*,*,#5259,.F.);
#4384=ORIENTED_EDGE('',*,*,#5584,.F.);
#4385=CARTESIAN_POINT('',(-6.30306942245707,-7.83726986231998E-16,12.7992329997132));
#4386=CARTESIAN_POINT('',(-6.36086903988215,-7.88622162892484E-16,12.8791773014318));
#4387=CARTESIAN_POINT('',(-6.42178183491374,-7.93353582868846E-16,12.9564472535462));
#4388=CARTESIAN_POINT('',(-6.55112992665567,-8.02581377562573E-16,13.1071485773916));
#4389=CARTESIAN_POINT('',(-6.62061608022075,-8.07042309363296E-16,13.1800011223675));
#4390=CARTESIAN_POINT('',(-6.76377270805496,-8.15823971629061E-16,13.3234165507487));
#4391=CARTESIAN_POINT('',(-6.83896833901947,-8.20094334733789E-16,13.393156872737));
#4392=CARTESIAN_POINT('',(-6.99361900074806,-8.2848447914321E-16,13.5301783292952));
#4393=CARTESIAN_POINT('',(-7.07400450665303,-8.32572102005807E-16,13.5969342766498));
#4394=CARTESIAN_POINT('',(-7.23888068993789,-8.40593791838983E-16,13.7279384133325));
#4395=CARTESIAN_POINT('',(-7.32404255513065,-8.44503500449361E-16,13.7917888004498));
#4396=CARTESIAN_POINT('',(-7.49829937741579,-8.52166983204188E-16,13.916942971598));
#4397=CARTESIAN_POINT('',(-7.58770978850734,-8.55907688351024E-16,13.9780333227007));
#4398=CARTESIAN_POINT('',(-7.67860074676367,-8.59522110902119E-16,14.0370613225062));
#4399=ORIENTED_EDGE('',*,*,#5584,.T.);
#4400=ORIENTED_EDGE('',*,*,#5258,.F.);
#4401=ORIENTED_EDGE('',*,*,#5585,.T.);
#4402=ORIENTED_EDGE('',*,*,#5182,.T.);
#4403=ORIENTED_EDGE('',*,*,#5183,.F.);
#4404=ORIENTED_EDGE('',*,*,#5585,.F.);
#4405=ORIENTED_EDGE('',*,*,#5257,.F.);
#4406=ORIENTED_EDGE('',*,*,#5586,.F.);
#4407=CARTESIAN_POINT('',(-8.31715132638856,-8.36947746454666E-16,13.6683939734686));
#4408=CARTESIAN_POINT('',(-8.31147705815057,-8.30320700191586E-16,13.5601660947416));
#4409=CARTESIAN_POINT('',(-8.30327646771529,-8.23709024213773E-16,13.4521892318221));
#4410=CARTESIAN_POINT('',(-8.28201818725395,-8.10636659291634E-16,13.2387013113664));
#4411=CARTESIAN_POINT('',(-8.26930306256526,-8.04165776711091E-16,13.1330237791171));
#4412=CARTESIAN_POINT('',(-8.23828824383963,-7.91411751922134E-16,12.924734747572));
#4413=CARTESIAN_POINT('',(-8.22066865052927,-7.85105196635076E-16,12.8217408836849));
#4414=CARTESIAN_POINT('',(-8.17932991915069,-7.72709191306277E-16,12.6192987536368));
#4415=CARTESIAN_POINT('',(-8.15653084412291,-7.66586478540851E-16,12.5193072659738));
#4416=CARTESIAN_POINT('',(-8.10390775376733,-7.54604228670952E-16,12.3236222753587));
#4417=CARTESIAN_POINT('',(-8.0755586758704,-7.48688998075322E-16,12.2270192286721));
#4418=CARTESIAN_POINT('',(-8.0097215469073,-7.37215931564568E-16,12.0396498333699));
#4419=CARTESIAN_POINT('',(-7.97326020294277,-7.31620091469786E-16,11.9482628293998));
#4420=CARTESIAN_POINT('',(-7.93292621547922,-7.26107460987102E-16,11.8582347415213));
#4421=ORIENTED_EDGE('',*,*,#5184,.F.);
#4422=ORIENTED_EDGE('',*,*,#5586,.T.);
#4423=ORIENTED_EDGE('',*,*,#5256,.F.);
#4424=ORIENTED_EDGE('',*,*,#5587,.F.);
#4425=CARTESIAN_POINT('',(-7.93292621547922,-7.26107460987102E-16,11.8582347415213));
#4426=CARTESIAN_POINT('',(-7.89551579668246,-7.21628298450382E-16,11.7850844660323));
#4427=CARTESIAN_POINT('',(-7.8710255694777,-7.17002821900289E-16,11.7095447013701));
#4428=CARTESIAN_POINT('',(-7.85280783221765,-7.0948934228322E-16,11.5868402673684));
#4429=CARTESIAN_POINT('',(-7.84879948450508,-7.06627797717484E-16,11.5401076981456));
#4430=CARTESIAN_POINT('',(-7.85510974065039,-7.01651844135157E-16,11.4588442091822));
#4431=CARTESIAN_POINT('',(-7.86134505664533,-6.99397082799156E-16,11.4220211621196));
#4432=CARTESIAN_POINT('',(-7.8815880073928,-6.95363816631202E-16,11.3561529269556));
#4433=CARTESIAN_POINT('',(-7.8946488694744,-6.93462001502651E-16,11.3250939288857));
#4434=CARTESIAN_POINT('',(-7.92615905268953,-6.90059272719321E-16,11.2695231506712));
#4435=CARTESIAN_POINT('',(-7.94480082846911,-6.88459667705318E-16,11.2433996183169));
#4436=CARTESIAN_POINT('',(-7.98605381608642,-6.85646686302159E-16,11.1974601457258));
#4437=CARTESIAN_POINT('',(-8.00892563392516,-6.84388430986229E-16,11.1769112769939));
#4438=CARTESIAN_POINT('',(-8.03424626428617,-6.83264535470754E-16,11.1585566703227));
#4439=ORIENTED_EDGE('',*,*,#5185,.F.);
#4440=ORIENTED_EDGE('',*,*,#5587,.T.);
#4441=ORIENTED_EDGE('',*,*,#5255,.F.);
#4442=ORIENTED_EDGE('',*,*,#5588,.F.);
#4443=ORIENTED_EDGE('',*,*,#5186,.F.);
#4444=ORIENTED_EDGE('',*,*,#5588,.T.);
#4445=ORIENTED_EDGE('',*,*,#5254,.F.);
#4446=ORIENTED_EDGE('',*,*,#5589,.F.);
#4447=CARTESIAN_POINT('',(-8.12969940110132,-6.79018025954367E-16,11.089205906995));
#4448=CARTESIAN_POINT('',(-8.15498017446985,-6.77890771328009E-16,11.0707964418799));
#4449=CARTESIAN_POINT('',(-8.18159109038422,-6.76947643779106E-16,11.0553940001382));
#4450=CARTESIAN_POINT('',(-8.23802999938962,-6.75414517945523E-16,11.0303561551914));
#4451=CARTESIAN_POINT('',(-8.268635580585,-6.74823211513042E-16,11.0206993883115));
#4452=CARTESIAN_POINT('',(-8.33122371343089,-6.74039703908951E-16,11.007903738094));
#4453=CARTESIAN_POINT('',(-8.36479860427926,-6.73866792368179E-16,11.0050798783347));
#4454=CARTESIAN_POINT('',(-8.43369843434612,-6.73934283500597E-16,11.0061820921725));
#4455=CARTESIAN_POINT('',(-8.47064605181255,-6.74267926851295E-16,11.0116309015913));
#4456=CARTESIAN_POINT('',(-8.5498821989158,-6.75438100680244E-16,11.0307412904767));
#4457=CARTESIAN_POINT('',(-8.59308886583588,-6.76555794377428E-16,11.048994613769));
#4458=CARTESIAN_POINT('',(-8.7041581269591,-6.79938504772534E-16,11.104238466894));
#4459=CARTESIAN_POINT('',(-8.76843281597808,-6.82794054200949E-16,11.1508731280944));
#4460=CARTESIAN_POINT('',(-8.82644240697583,-6.863568028439E-16,11.2090572289377));
#4461=ORIENTED_EDGE('',*,*,#5187,.F.);
#4462=ORIENTED_EDGE('',*,*,#5589,.T.);
#4463=ORIENTED_EDGE('',*,*,#5253,.F.);
#4464=ORIENTED_EDGE('',*,*,#5590,.F.);
#4465=CARTESIAN_POINT('',(-8.82644240697583,-6.863568028439E-16,11.2090572289377));
#4466=CARTESIAN_POINT('',(-8.89960031902506,-6.90409165882591E-16,11.2752373396686));
#4467=CARTESIAN_POINT('',(-8.97524734973273,-6.94261717100622E-16,11.3381542757307));
#4468=CARTESIAN_POINT('',(-9.13310144237876,-7.01641142218477E-16,11.4586694336193));
#4469=CARTESIAN_POINT('',(-9.21621605257898,-7.05119969340576E-16,11.5154829920187));
#4470=CARTESIAN_POINT('',(-9.38606210882823,-7.11887215735309E-16,11.6260005126532));
#4471=CARTESIAN_POINT('',(-9.47411436310461,-7.15106951648438E-16,11.6785827905045));
#4472=CARTESIAN_POINT('',(-9.65387389953764,-7.2134490617302E-16,11.7804563189198));
#4473=CARTESIAN_POINT('',(-9.746382131159,-7.24319823277535E-16,11.8290404022096));
#4474=CARTESIAN_POINT('',(-9.93489266581905,-7.3006719455231E-16,11.9229020981496));
#4475=CARTESIAN_POINT('',(-10.0314687818763,-7.3280727781308E-16,11.967651053729));
#4476=CARTESIAN_POINT('',(-10.2279386898423,-7.38084845535197E-16,12.0538402754015));
#4477=CARTESIAN_POINT('',(-10.3280966671226,-7.40605530568466E-16,12.0950061860139));
#4478=CARTESIAN_POINT('',(-10.4292740511145,-7.42983843857173E-16,12.1338469895886));
#4479=ORIENTED_EDGE('',*,*,#5590,.T.);
#4480=ORIENTED_EDGE('',*,*,#5252,.F.);
#4481=ORIENTED_EDGE('',*,*,#5591,.T.);
#4482=ORIENTED_EDGE('',*,*,#5188,.T.);
#4483=ORIENTED_EDGE('',*,*,#5189,.F.);
#4484=ORIENTED_EDGE('',*,*,#5591,.F.);
#4485=ORIENTED_EDGE('',*,*,#5251,.F.);
#4486=ORIENTED_EDGE('',*,*,#5592,.F.);
#4487=CARTESIAN_POINT('',(-10.9772205166341,-7.12773447515393E-16,11.6404737759761));
#4488=CARTESIAN_POINT('',(-10.9491684035114,-7.06363456764423E-16,11.5357906827703));
#4489=CARTESIAN_POINT('',(-10.9186973635138,-7.00000662825212E-16,11.4318783719939));
#4490=CARTESIAN_POINT('',(-10.8535169929737,-6.87484597894422E-16,11.2274755198491));
#4491=CARTESIAN_POINT('',(-10.819108129855,-6.81316994850359E-16,11.126750918301));
#4492=CARTESIAN_POINT('',(-10.745465334604,-6.69236523258672E-16,10.9294618452377));
#4493=CARTESIAN_POINT('',(-10.7068171432969,-6.63292094956861E-16,10.8323819638229));
#4494=CARTESIAN_POINT('',(-10.6242916768306,-6.51693252140333E-16,10.6429584855661));
#4495=CARTESIAN_POINT('',(-10.5812014170258,-6.459945885239E-16,10.5498922460528));
#4496=CARTESIAN_POINT('',(-10.4890430701848,-6.3494411988065E-16,10.3694243976749));
#4497=CARTESIAN_POINT('',(-10.4412285848822,-6.29519061089626E-16,10.2808264640535));
#4498=CARTESIAN_POINT('',(-10.3378738673629,-6.19134875787036E-16,10.111239848389));
#4499=CARTESIAN_POINT('',(-10.2832088647303,-6.14125504653029E-16,10.0294306093905));
#4500=CARTESIAN_POINT('',(-10.2250383796929,-6.09246827113447E-16,9.94975575876454));
#4501=ORIENTED_EDGE('',*,*,#5190,.F.);
#4502=ORIENTED_EDGE('',*,*,#5592,.T.);
#4503=ORIENTED_EDGE('',*,*,#5250,.F.);
#4504=ORIENTED_EDGE('',*,*,#5593,.F.);
#4505=CARTESIAN_POINT('',(-10.2250383796929,-6.09246827113447E-16,9.94975575876454));
#4506=CARTESIAN_POINT('',(-10.1732366708437,-6.05341814048783E-16,9.88598205572816));
#4507=CARTESIAN_POINT('',(-10.133576013667,-6.01129198366056E-16,9.81718482071052));
#4508=CARTESIAN_POINT('',(-10.0902446913312,-5.9401183484895E-16,9.70094945354896));
#4509=CARTESIAN_POINT('',(-10.0766076881499,-5.91263851848971E-16,9.65607148543779));
#4510=CARTESIAN_POINT('',(-10.0658844206663,-5.86316299429097E-16,9.57527182265634));
#4511=CARTESIAN_POINT('',(-10.0643275380707,-5.84031428733111E-16,9.53795705242909));
#4512=CARTESIAN_POINT('',(-10.070433355632,-5.79828587734772E-16,9.4693194501218));
#4513=CARTESIAN_POINT('',(-10.0767512777368,-5.77802055048157E-16,9.43622365975962));
#4514=CARTESIAN_POINT('',(-10.0960190733887,-5.74072530452107E-16,9.3753159009079));
#4515=CARTESIAN_POINT('',(-10.108822093859,-5.7227055370186E-16,9.34588738729072));
#4516=CARTESIAN_POINT('',(-10.1396222512983,-5.68993854233839E-16,9.29237482398998));
#4517=CARTESIAN_POINT('',(-10.1577219149993,-5.67471915547541E-16,9.26751967902316));
#4518=CARTESIAN_POINT('',(-10.1786730915286,-5.6605022494301E-16,9.24430170947437));
#4519=ORIENTED_EDGE('',*,*,#5191,.F.);
#4520=ORIENTED_EDGE('',*,*,#5593,.T.);
#4521=ORIENTED_EDGE('',*,*,#5249,.F.);
#4522=ORIENTED_EDGE('',*,*,#5594,.F.);
#4523=ORIENTED_EDGE('',*,*,#5192,.F.);
#4524=ORIENTED_EDGE('',*,*,#5594,.T.);
#4525=ORIENTED_EDGE('',*,*,#5248,.F.);
#4526=ORIENTED_EDGE('',*,*,#5595,.F.);
#4527=CARTESIAN_POINT('',(-10.2576215138239,-5.60681305663163E-16,9.15662060364721));
#4528=CARTESIAN_POINT('',(-10.2785222986199,-5.59256836768536E-16,9.13335726117788));
#4529=CARTESIAN_POINT('',(-10.3013493544697,-5.57995537395501E-16,9.11275867922081));
#4530=CARTESIAN_POINT('',(-10.351349277224,-5.55777394841954E-16,9.07653366225932));
#4531=CARTESIAN_POINT('',(-10.3792782983095,-5.54809372688379E-16,9.06072466077008));
#4532=CARTESIAN_POINT('',(-10.4378383650153,-5.53246182134799E-16,9.03519582168493));
#4533=CARTESIAN_POINT('',(-10.4700924504863,-5.5264960989904E-16,9.02545305771127));
#4534=CARTESIAN_POINT('',(-10.5377158170998,-5.51838468009629E-16,9.01220610536589));
#4535=CARTESIAN_POINT('',(-10.5749889116567,-5.51694443315094E-16,9.00985400360667));
#4536=CARTESIAN_POINT('',(-10.6564668321025,-5.51830297041271E-16,9.01207266332589));
#4537=CARTESIAN_POINT('',(-10.7025244089948,-5.52373505858309E-16,9.0209439365357));
#4538=CARTESIAN_POINT('',(-10.8226523831882,-5.54268282111493E-16,9.05188798104721));
#4539=CARTESIAN_POINT('',(-10.8952184073009,-5.56243155052603E-16,9.08414010374063));
#4540=CARTESIAN_POINT('',(-10.96405750434,-5.58989533666176E-16,9.12899187023338));
#4541=ORIENTED_EDGE('',*,*,#5193,.F.);
#4542=ORIENTED_EDGE('',*,*,#5595,.T.);
#4543=ORIENTED_EDGE('',*,*,#5247,.F.);
#4544=ORIENTED_EDGE('',*,*,#5596,.F.);
#4545=CARTESIAN_POINT('',(-10.96405750434,-5.58989533666176E-16,9.12899187023338));
#4546=CARTESIAN_POINT('',(-11.0493763592062,-5.62021975372884E-16,9.17851540157025));
#4547=CARTESIAN_POINT('',(-11.1364514873533,-5.64827282857766E-16,9.22432954956516));
#4548=CARTESIAN_POINT('',(-11.3159125995868,-5.70035822111688E-16,9.30939145080147));
#4549=CARTESIAN_POINT('',(-11.4090231591283,-5.72380503116662E-16,9.34768299750059));
#4550=CARTESIAN_POINT('',(-11.5981355561227,-5.76837572500062E-16,9.42047246441471));
#4551=CARTESIAN_POINT('',(-11.6951961276774,-5.78865963312181E-16,9.45359860026924));
#4552=CARTESIAN_POINT('',(-11.8922081844908,-5.82679099406174E-16,9.51587183850655));
#4553=CARTESIAN_POINT('',(-11.992796088203,-5.84411292599902E-16,9.5441607001593));
#4554=CARTESIAN_POINT('',(-12.1967021592997,-5.87633157612623E-16,9.59677774884572));
#4555=CARTESIAN_POINT('',(-12.3004716865261,-5.89083860736911E-16,9.62046952879891));
#4556=CARTESIAN_POINT('',(-12.5105680024277,-5.9174485839228E-16,9.66392691842703));
#4557=CARTESIAN_POINT('',(-12.6170961616781,-5.92935357280441E-16,9.68336924071929));
#4558=CARTESIAN_POINT('',(-12.7241380342224,-5.9397361760363E-16,9.70032531856822));
#4559=ORIENTED_EDGE('',*,*,#5596,.T.);
#4560=ORIENTED_EDGE('',*,*,#5246,.F.);
#4561=ORIENTED_EDGE('',*,*,#5597,.T.);
#4562=ORIENTED_EDGE('',*,*,#5194,.T.);
#4563=ORIENTED_EDGE('',*,*,#5195,.F.);
#4564=ORIENTED_EDGE('',*,*,#5597,.F.);
#4565=ORIENTED_EDGE('',*,*,#5245,.F.);
#4566=ORIENTED_EDGE('',*,*,#5598,.F.);
#4567=CARTESIAN_POINT('',(-13.1575324957545,-5.57447528653224E-16,9.10380901728304));
#4568=CARTESIAN_POINT('',(-13.1083285496996,-5.51534740768729E-16,9.00724586309668));
#4569=CARTESIAN_POINT('',(-13.0569187908038,-5.45698913495337E-16,8.911939571071));
#4570=CARTESIAN_POINT('',(-12.9506650251476,-5.34286160652115E-16,8.72555517270948));
#4571=CARTESIAN_POINT('',(-12.8960662560293,-5.28691390992999E-16,8.63418565028046));
#4572=CARTESIAN_POINT('',(-12.7830140277827,-5.17812447175674E-16,8.45651901488977));
#4573=CARTESIAN_POINT('',(-12.7250263498937,-5.1248994590043E-16,8.36959597260606));
#4574=CARTESIAN_POINT('',(-12.6049209072252,-5.02195190684678E-16,8.20146986109507));
#4575=CARTESIAN_POINT('',(-12.5434227137669,-4.971696351625E-16,8.1193963109796));
#4576=CARTESIAN_POINT('',(-12.4157568724223,-4.87533906251639E-16,7.96203291579383));
#4577=CARTESIAN_POINT('',(-12.350566702161,-4.82836120366709E-16,7.88531225007697));
#4578=CARTESIAN_POINT('',(-12.2142114931922,-4.73994654998855E-16,7.74092016292156));
#4579=CARTESIAN_POINT('',(-12.1437319548183,-4.6979068638181E-16,7.67226414520327));
#4580=CARTESIAN_POINT('',(-12.0702673015362,-4.65759183404301E-16,7.60642470512447));
#4581=ORIENTED_EDGE('',*,*,#5196,.F.);
#4582=ORIENTED_EDGE('',*,*,#5598,.T.);
#4583=ORIENTED_EDGE('',*,*,#5244,.F.);
#4584=ORIENTED_EDGE('',*,*,#5599,.F.);
#4585=CARTESIAN_POINT('',(-12.0702673015362,-4.65759183404301E-16,7.60642470512447));
#4586=CARTESIAN_POINT('',(-12.0063382858834,-4.62598987620951E-16,7.55481479138361));
#4587=CARTESIAN_POINT('',(-11.9532405597664,-4.58983344325298E-16,7.49576685530653));
#4588=CARTESIAN_POINT('',(-11.8866894390676,-4.52573159846751E-16,7.39108059828925));
#4589=CARTESIAN_POINT('',(-11.8640197828941,-4.50058838455914E-16,7.35001861384462));
#4590=CARTESIAN_POINT('',(-11.8367316500266,-4.45355918980232E-16,7.27321411022845));
#4591=CARTESIAN_POINT('',(-11.8274506120807,-4.43140798737702E-16,7.23703845135158));
#4592=CARTESIAN_POINT('',(-11.8191524429294,-4.38952067228075E-16,7.16863127448159));
#4593=CARTESIAN_POINT('',(-11.8184513015447,-4.36889386186183E-16,7.13494513667716));
#4594=CARTESIAN_POINT('',(-11.8246346145063,-4.32996063898505E-16,7.07136235851796));
#4595=CARTESIAN_POINT('',(-11.8310393262371,-4.31070470442843E-16,7.0399150308966));
#4596=CARTESIAN_POINT('',(-11.8500405388227,-4.27473260400061E-16,6.98116813268421));
#4597=CARTESIAN_POINT('',(-11.8625770062303,-4.25754154367059E-16,6.95309300058573));
#4598=CARTESIAN_POINT('',(-11.8782430619788,-4.24096803374919E-16,6.92602640484083));
#4599=ORIENTED_EDGE('',*,*,#5197,.F.);
#4600=ORIENTED_EDGE('',*,*,#5599,.T.);
#4601=ORIENTED_EDGE('',*,*,#5243,.F.);
#4602=ORIENTED_EDGE('',*,*,#5600,.F.);
#4603=ORIENTED_EDGE('',*,*,#5198,.F.);
#4604=ORIENTED_EDGE('',*,*,#5600,.T.);
#4605=ORIENTED_EDGE('',*,*,#5242,.F.);
#4606=ORIENTED_EDGE('',*,*,#5601,.F.);
#4607=CARTESIAN_POINT('',(-11.9372363448634,-4.17840121867073E-16,6.82384704157949));
#4608=CARTESIAN_POINT('',(-11.9528436764982,-4.16180694830234E-16,6.79674654145171));
#4609=CARTESIAN_POINT('',(-11.9708892204062,-4.14656348468054E-16,6.77185207615377));
#4610=CARTESIAN_POINT('',(-12.0122649203589,-4.11850132667961E-16,6.72602309424574));
#4611=CARTESIAN_POINT('',(-12.0362967490947,-4.10547702006488E-16,6.70475278737228));
#4612=CARTESIAN_POINT('',(-12.088269393743,-4.08273147431633E-16,6.66760649218842));
#4613=CARTESIAN_POINT('',(-12.1177930155294,-4.0727898757026E-16,6.651370629537));
#4614=CARTESIAN_POINT('',(-12.1811844530756,-4.05624663451878E-16,6.62435346639193));
#4615=CARTESIAN_POINT('',(-12.2171540116346,-4.05009265282368E-16,6.61430325158814));
#4616=CARTESIAN_POINT('',(-12.297312729325,-4.04104861446041E-16,6.59953321606514));
#4617=CARTESIAN_POINT('',(-12.3442082790706,-4.04049844551022E-16,6.59863472198412));
#4618=CARTESIAN_POINT('',(-12.4681447974241,-4.04373875847877E-16,6.60392655465098));
#4619=CARTESIAN_POINT('',(-12.5458306731663,-4.05381760877663E-16,6.62038656631293));
#4620=CARTESIAN_POINT('',(-12.6224906773794,-4.07191739537857E-16,6.64994576103673));
#4621=ORIENTED_EDGE('',*,*,#5199,.F.);
#4622=ORIENTED_EDGE('',*,*,#5601,.T.);
#4623=ORIENTED_EDGE('',*,*,#5241,.F.);
#4624=ORIENTED_EDGE('',*,*,#5602,.F.);
#4625=CARTESIAN_POINT('',(-12.6224906773794,-4.07191739537857E-16,6.64994576103673));
#4626=CARTESIAN_POINT('',(-12.7162416316997,-4.09071727658731E-16,6.68064829701988));
#4627=CARTESIAN_POINT('',(-12.8109392563533,-4.10707186012014E-16,6.70735735883953));
#4628=CARTESIAN_POINT('',(-13.0041640764198,-4.13517201243263E-16,6.75324839016718));
#4629=CARTESIAN_POINT('',(-13.1032012070565,-4.14625262320167E-16,6.77134440083206));
#4630=CARTESIAN_POINT('',(-13.3033148255854,-4.16577359372788E-16,6.80322456503909));
#4631=CARTESIAN_POINT('',(-13.4051417016934,-4.17325754672108E-16,6.81544678780309));
#4632=CARTESIAN_POINT('',(-13.6107959066356,-4.18547419990747E-16,6.83539809653128));
#4633=CARTESIAN_POINT('',(-13.7150673083721,-4.18961184119138E-16,6.8421553775478));
#4634=CARTESIAN_POINT('',(-13.9254572421486,-4.19516731908524E-16,6.8512281614684));
#4635=CARTESIAN_POINT('',(-14.0318849542629,-4.19614652208553E-16,6.85282732132572));
#4636=CARTESIAN_POINT('',(-14.2464254609412,-4.19542781430752E-16,6.85165358245094));
#4637=CARTESIAN_POINT('',(-14.3546680104238,-4.19351063659744E-16,6.84852259364435));
#4638=CARTESIAN_POINT('',(-14.4628961280462,-4.19003894059166E-16,6.84285288380116));
#4639=ORIENTED_EDGE('',*,*,#5602,.T.);
#4640=ORIENTED_EDGE('',*,*,#5240,.F.);
#4641=ORIENTED_EDGE('',*,*,#5603,.T.);
#4642=ORIENTED_EDGE('',*,*,#5200,.T.);
#4643=ORIENTED_EDGE('',*,*,#5201,.F.);
#4644=ORIENTED_EDGE('',*,*,#5603,.F.);
#4645=ORIENTED_EDGE('',*,*,#5239,.F.);
#4646=ORIENTED_EDGE('',*,*,#5604,.F.);
#4647=CARTESIAN_POINT('',(-14.7627971679646,-3.77758477858888E-16,6.16926411961225));
#4648=CARTESIAN_POINT('',(-14.6945918375268,-3.72601310044125E-16,6.08504117764476));
#4649=CARTESIAN_POINT('',(-14.6244902128879,-3.67547503091805E-16,6.00250624666158));
#4650=CARTESIAN_POINT('',(-14.481806851537,-3.57736854399863E-16,5.84228619466337));
#4651=CARTESIAN_POINT('',(-14.4094044046235,-3.52959436406481E-16,5.76426503792319));
#4652=CARTESIAN_POINT('',(-14.2618836682405,-3.437574824113E-16,5.61398572471079));
#4653=CARTESIAN_POINT('',(-14.187090843549,-3.39289527008546E-16,5.541018475609));
#4654=CARTESIAN_POINT('',(-14.0346546088529,-3.30748789596215E-16,5.40153764867544));
#4655=CARTESIAN_POINT('',(-13.9574362478963,-3.26615983059901E-16,5.33404379593044));
#4656=CARTESIAN_POINT('',(-13.7998425219235,-3.18816121472192E-16,5.20666238941978));
#4657=CARTESIAN_POINT('',(-13.7201257899612,-3.15050924279005E-16,5.14517205284585));
#4658=CARTESIAN_POINT('',(-13.5567294664795,-3.0813859330852E-16,5.03228512127836));
#4659=CARTESIAN_POINT('',(-13.4735156863897,-3.04923760809881E-16,4.97978292226265));
#4660=CARTESIAN_POINT('',(-13.3879676227337,-3.01915628419861E-16,4.93065639219515));
#4661=ORIENTED_EDGE('',*,*,#5202,.F.);
#4662=ORIENTED_EDGE('',*,*,#5604,.T.);
#4663=ORIENTED_EDGE('',*,*,#5238,.F.);
#4664=ORIENTED_EDGE('',*,*,#5605,.F.);
#4665=CARTESIAN_POINT('',(-13.3879676227337,-3.01915628419861E-16,4.93065639219515));
#4666=CARTESIAN_POINT('',(-13.3147053050269,-2.99638365637858E-16,4.89346586863213));
#4667=CARTESIAN_POINT('',(-13.250491135392,-2.96777715691081E-16,4.8467479096456));
#4668=CARTESIAN_POINT('',(-13.1636288196525,-2.91354866072284E-16,4.75818605454466));
#4669=CARTESIAN_POINT('',(-13.1329172832427,-2.8918409420042E-16,4.72273465952406));
#4670=CARTESIAN_POINT('',(-13.0902569073406,-2.84931347817129E-16,4.65328204043009));
#4671=CARTESIAN_POINT('',(-13.073657339938,-2.8288278941198E-16,4.6198265427866));
#4672=CARTESIAN_POINT('',(-13.0513178538851,-2.78891235057799E-16,4.55463951323718));
#4673=CARTESIAN_POINT('',(-13.0436282922538,-2.76882554720004E-16,4.52183527385659));
#4674=CARTESIAN_POINT('',(-13.0364568820778,-2.72995591606902E-16,4.45835634889948));
#4675=CARTESIAN_POINT('',(-13.0361833684332,-2.7103053911986E-16,4.42626460639201));
#4676=CARTESIAN_POINT('',(-13.0425551919972,-2.67270033842516E-16,4.36485089461875));
#4677=CARTESIAN_POINT('',(-13.0489805593291,-2.65428893645637E-16,4.33478279338074));
#4678=CARTESIAN_POINT('',(-13.0586768124864,-2.63608316457096E-16,4.30505051155371));
#4679=ORIENTED_EDGE('',*,*,#5203,.F.);
#4680=ORIENTED_EDGE('',*,*,#5605,.T.);
#4681=ORIENTED_EDGE('',*,*,#5237,.F.);
#4682=ORIENTED_EDGE('',*,*,#5606,.F.);
#4683=ORIENTED_EDGE('',*,*,#5204,.F.);
#4684=ORIENTED_EDGE('',*,*,#5606,.T.);
#4685=ORIENTED_EDGE('',*,*,#5236,.F.);
#4686=ORIENTED_EDGE('',*,*,#5607,.F.);
#4687=CARTESIAN_POINT('',(-13.095136666417,-2.56737319726034E-16,4.1928386193437));
#4688=CARTESIAN_POINT('',(-13.1047684296059,-2.54915459471307E-16,4.16308538345569));
#4689=CARTESIAN_POINT('',(-13.1172437847114,-2.53194687370635E-16,4.13498304240731));
#4690=CARTESIAN_POINT('',(-13.1481869452319,-2.49923043420178E-16,4.08155304197396));
#4691=CARTESIAN_POINT('',(-13.1672712753848,-2.48343126720469E-16,4.05575104419291));
#4692=CARTESIAN_POINT('',(-13.210385044012,-2.45456617073783E-16,4.00861076425756));
#4693=CARTESIAN_POINT('',(-13.2358878781716,-2.44108319143247E-16,3.98659138803457));
#4694=CARTESIAN_POINT('',(-13.2922768766439,-2.41683114698194E-16,3.94698479376198));
#4695=CARTESIAN_POINT('',(-13.3253708568949,-2.40623238906725E-16,3.92967570852683));
#4696=CARTESIAN_POINT('',(-13.4007070512226,-2.38718104295353E-16,3.89856249918846));
#4697=CARTESIAN_POINT('',(-13.4463910132678,-2.3806726619059E-16,3.88793350631941));
#4698=CARTESIAN_POINT('',(-13.5687194552158,-2.36806390808568E-16,3.86734184866104));
#4699=CARTESIAN_POINT('',(-13.6481299370395,-2.3680323851486E-16,3.86729036779798));
#4700=CARTESIAN_POINT('',(-13.7292604383871,-2.37597712468983E-16,3.88026511210265));
#4701=ORIENTED_EDGE('',*,*,#5205,.F.);
#4702=ORIENTED_EDGE('',*,*,#5607,.T.);
#4703=ORIENTED_EDGE('',*,*,#5235,.F.);
#4704=ORIENTED_EDGE('',*,*,#5608,.F.);
#4705=CARTESIAN_POINT('',(-13.7292604383871,-2.37597712468983E-16,3.88026511210265));
#4706=CARTESIAN_POINT('',(-13.8273461255906,-2.38243082501956E-16,3.89080480458252));
#4707=CARTESIAN_POINT('',(-13.9255275061438,-2.38637214345803E-16,3.89724146606109));
#4708=CARTESIAN_POINT('',(-14.1240711822108,-2.38925894404823E-16,3.90195596920145));
#4709=CARTESIAN_POINT('',(-14.224706486101,-2.3874890796753E-16,3.89906556133174));
#4710=CARTESIAN_POINT('',(-14.4270754007831,-2.38110716680972E-16,3.88864310667784));
#4711=CARTESIAN_POINT('',(-14.5292182583387,-2.37546408001714E-16,3.87942724656779));
#4712=CARTESIAN_POINT('',(-14.7345265358155,-2.36123209908374E-16,3.85618465785844));
#4713=CARTESIAN_POINT('',(-14.8379242749706,-2.35200461493556E-16,3.84111503263327));
#4714=CARTESIAN_POINT('',(-15.045603021758,-2.33065411955397E-16,3.80624702759468));
#4715=CARTESIAN_POINT('',(-15.150037517044,-2.31806269844183E-16,3.78568367639674));
#4716=CARTESIAN_POINT('',(-15.3596457648775,-2.29004671731075E-16,3.73993010704012));
#4717=CARTESIAN_POINT('',(-15.4648719857746,-2.27439116287455E-16,3.71436264636966));
#4718=CARTESIAN_POINT('',(-15.5695562603989,-2.2572168974056E-16,3.6863149423608));
#4719=ORIENTED_EDGE('',*,*,#5608,.T.);
#4720=ORIENTED_EDGE('',*,*,#5234,.F.);
#4721=ORIENTED_EDGE('',*,*,#5609,.T.);
#4722=ORIENTED_EDGE('',*,*,#5206,.T.);
#4723=ORIENTED_EDGE('',*,*,#5609,.F.);
#4724=ORIENTED_EDGE('',*,*,#5233,.F.);
#4725=ORIENTED_EDGE('',*,*,#5610,.F.);
#4726=ORIENTED_EDGE('',*,*,#5207,.F.);
#4727=CARTESIAN_POINT('',(-15.7228567641744,-1.81559568895827E-16,2.96509277650072));
#4728=CARTESIAN_POINT('',(-15.6386309495792,-1.77383414131138E-16,2.89689099346259));
#4729=CARTESIAN_POINT('',(-15.5529012365789,-1.73332503114563E-16,2.83073459605241));
#4730=CARTESIAN_POINT('',(-15.380024227095,-1.65552730998455E-16,2.70368127551094));
#4731=CARTESIAN_POINT('',(-15.2929824367419,-1.61801460761713E-16,2.64241838339619));
#4732=CARTESIAN_POINT('',(-15.1174405562855,-1.54678666134139E-16,2.52609431946962));
#4733=CARTESIAN_POINT('',(-15.0291113901263,-1.51260527694603E-16,2.47027188247121));
#4734=CARTESIAN_POINT('',(-14.851006558329,-1.44847079293618E-16,2.36553232155534));
#4735=CARTESIAN_POINT('',(-14.7614428427827,-1.4178764522021E-16,2.3155679714172));
#4736=CARTESIAN_POINT('',(-14.5808088342253,-1.36164542334925E-16,2.22373573228997));
#4737=CARTESIAN_POINT('',(-14.490049544272,-1.33496491018244E-16,2.18016314763063));
#4738=CARTESIAN_POINT('',(-14.3067533096763,-1.28815396477582E-16,2.10371507225216));
#4739=CARTESIAN_POINT('',(-14.2144421293644,-1.26730203704018E-16,2.06966128996952));
#4740=CARTESIAN_POINT('',(-14.1205495162215,-1.24876911721551E-16,2.0393947350125));
#4741=ORIENTED_EDGE('',*,*,#5232,.F.);
#4742=ORIENTED_EDGE('',*,*,#5611,.F.);
#4743=ORIENTED_EDGE('',*,*,#5208,.F.);
#4744=ORIENTED_EDGE('',*,*,#5610,.T.);
#4745=CARTESIAN_POINT('',(-14.1205495162215,-1.24876911721551E-16,2.0393947350125));
#4746=CARTESIAN_POINT('',(-14.041155811296,-1.23582109251988E-16,2.01824900596696));
#4747=CARTESIAN_POINT('',(-13.9686316654901,-1.21601476783682E-16,1.98590282305635));
#4748=CARTESIAN_POINT('',(-13.8652544547193,-1.17402966574697E-16,1.91733594790657));
#4749=CARTESIAN_POINT('',(-13.8278432795847,-1.15670617369126E-16,1.88904453838708));
#4750=CARTESIAN_POINT('',(-13.7716751237821,-1.12053909502116E-16,1.82997921654036));
#4751=CARTESIAN_POINT('',(-13.7484825076718,-1.10261444766727E-16,1.80070604591454));
#4752=CARTESIAN_POINT('',(-13.7130780474545,-1.06641517646873E-16,1.74158814967908));
#4753=CARTESIAN_POINT('',(-13.6987361363186,-1.04774626982653E-16,1.71109951139546));
#4754=CARTESIAN_POINT('',(-13.6785234280419,-1.01063901983888E-16,1.65049877326675));
#4755=CARTESIAN_POINT('',(-13.6715836428806,-9.9145272688518E-17,1.61916517901401));
#4756=CARTESIAN_POINT('',(-13.6650475981579,-9.5385824302138E-17,1.55776872758005));
#4757=CARTESIAN_POINT('',(-13.6650810460293,-9.3503116602758E-17,1.52702177750938));
#4758=CARTESIAN_POINT('',(-13.6683837238048,-9.15988811770545E-17,1.49592325298738));
#4759=ORIENTED_EDGE('',*,*,#5231,.F.);
#4760=ORIENTED_EDGE('',*,*,#5612,.F.);
#4761=ORIENTED_EDGE('',*,*,#5209,.F.);
#4762=ORIENTED_EDGE('',*,*,#5611,.T.);
#4763=ORIENTED_EDGE('',*,*,#5230,.F.);
#4764=ORIENTED_EDGE('',*,*,#5613,.F.);
#4765=ORIENTED_EDGE('',*,*,#5210,.F.);
#4766=ORIENTED_EDGE('',*,*,#5612,.T.);
#4767=CARTESIAN_POINT('',(-13.6807166782109,-8.44138647506226E-17,1.37858302997068));
#4768=CARTESIAN_POINT('',(-13.6839519186841,-8.25091953133953E-17,1.3474774175026));
#4769=CARTESIAN_POINT('',(-13.6903118521056,-8.06672034722104E-17,1.31739540785758));
#4770=CARTESIAN_POINT('',(-13.7094701085973,-7.7073117911114E-17,1.25869953630345));
#4771=CARTESIAN_POINT('',(-13.7227728633628,-7.52847651142281E-17,1.22949351872955));
#4772=CARTESIAN_POINT('',(-13.7551434773971,-7.19124547182809E-17,1.17441951048007));
#4773=CARTESIAN_POINT('',(-13.775510927701,-7.02689458079982E-17,1.14757897308713));
#4774=CARTESIAN_POINT('',(-13.8224330172817,-6.71788541079461E-17,1.09711394591026));
#4775=CARTESIAN_POINT('',(-13.8512050534852,-6.57208223524526E-17,1.07330248032674));
#4776=CARTESIAN_POINT('',(-13.918426171255,-6.28982204904029E-17,1.02720589371883));
#4777=CARTESIAN_POINT('',(-13.9609019372424,-6.16800059241423E-17,1.00731094005368));
#4778=CARTESIAN_POINT('',(-14.0762759628749,-5.88893301677879E-17,0.961735746319493));
#4779=CARTESIAN_POINT('',(-14.1539404316706,-5.78752783209471E-17,0.945175022892186));
#4780=CARTESIAN_POINT('',(-14.2359956379363,-5.76195252448959E-17,0.940998258191879));
#4781=ORIENTED_EDGE('',*,*,#5614,.F.);
#4782=ORIENTED_EDGE('',*,*,#5211,.F.);
#4783=ORIENTED_EDGE('',*,*,#5613,.T.);
#4784=ORIENTED_EDGE('',*,*,#5229,.F.);
#4785=CARTESIAN_POINT('',(-14.2359956379363,-5.76195252448959E-17,0.940998258191879));
#4786=CARTESIAN_POINT('',(-14.3341292428249,-5.70020714226982E-17,0.930914472032022));
#4787=CARTESIAN_POINT('',(-14.431503381821,-5.61376513042776E-17,0.916797420176378));
#4788=CARTESIAN_POINT('',(-14.6266886025261,-5.38923794872506E-17,0.880129348719526));
#4789=CARTESIAN_POINT('',(-14.7245238339881,-5.24380806923443E-17,0.856378847008848));
#4790=CARTESIAN_POINT('',(-14.9203035521779,-4.92374930882107E-17,0.804109284774872));
#4791=CARTESIAN_POINT('',(-15.0182982581702,-4.73851434275119E-17,0.773858119100189));
#4792=CARTESIAN_POINT('',(-15.2142876512773,-4.33792825081339E-17,0.708437445610216));
#4793=CARTESIAN_POINT('',(-15.3122927504927,-4.11603500836733E-17,0.672199529077783));
#4794=CARTESIAN_POINT('',(-15.5081837525031,-3.64280151278918E-17,0.594914634215423));
#4795=CARTESIAN_POINT('',(-15.6060607423846,-3.38668411577271E-17,0.55308748908349));
#4796=CARTESIAN_POINT('',(-15.8015758451311,-2.84579589904157E-17,0.464753739775896));
#4797=CARTESIAN_POINT('',(-15.8991868466579,-2.5586988159438E-17,0.417867227959158));
#4798=CARTESIAN_POINT('',(-15.9957520731522,-2.25743644474529E-17,0.368667349037617));
#4799=ORIENTED_EDGE('',*,*,#5615,.T.);
#4800=ORIENTED_EDGE('',*,*,#5212,.T.);
#4801=ORIENTED_EDGE('',*,*,#5614,.T.);
#4802=ORIENTED_EDGE('',*,*,#5228,.F.);
#4803=ORIENTED_EDGE('',*,*,#5213,.F.);
#4804=ORIENTED_EDGE('',*,*,#5615,.F.);
#4805=ORIENTED_EDGE('',*,*,#5227,.F.);
#4806=ORIENTED_EDGE('',*,*,#5616,.F.);
#4807=CARTESIAN_POINT('',(-15.9957520731522,2.25743644474528E-17,-0.368667349037617));
#4808=CARTESIAN_POINT('',(-15.8991868466579,2.5586988159438E-17,-0.417867227959158));
#4809=CARTESIAN_POINT('',(-15.8015758451311,2.84579589904157E-17,-0.464753739775896));
#4810=CARTESIAN_POINT('',(-15.6060607423846,3.38668411577271E-17,-0.55308748908349));
#4811=CARTESIAN_POINT('',(-15.5081837525031,3.64280151278918E-17,-0.594914634215423));
#4812=CARTESIAN_POINT('',(-15.3122927504927,4.11603500836733E-17,-0.672199529077783));
#4813=CARTESIAN_POINT('',(-15.2142876512773,4.33792825081339E-17,-0.708437445610216));
#4814=CARTESIAN_POINT('',(-15.0182982581702,4.73851434275119E-17,-0.773858119100189));
#4815=CARTESIAN_POINT('',(-14.9203035521779,4.92374930882107E-17,-0.804109284774872));
#4816=CARTESIAN_POINT('',(-14.7245238339881,5.24380806923443E-17,-0.856378847008848));
#4817=CARTESIAN_POINT('',(-14.6266886025261,5.38923794872506E-17,-0.880129348719526));
#4818=CARTESIAN_POINT('',(-14.431503381821,5.61376513042776E-17,-0.916797420176378));
#4819=CARTESIAN_POINT('',(-14.3341292428249,5.70020714226982E-17,-0.930914472032022));
#4820=CARTESIAN_POINT('',(-14.2359956379363,5.76195252448959E-17,-0.940998258191879));
#4821=ORIENTED_EDGE('',*,*,#5214,.F.);
#4822=ORIENTED_EDGE('',*,*,#5616,.T.);
#4823=ORIENTED_EDGE('',*,*,#5226,.F.);
#4824=ORIENTED_EDGE('',*,*,#5617,.F.);
#4825=CARTESIAN_POINT('',(-14.2359956379363,5.76195252448959E-17,-0.940998258191879));
#4826=CARTESIAN_POINT('',(-14.1539404316706,5.78752783209471E-17,-0.945175022892186));
#4827=CARTESIAN_POINT('',(-14.0762759628749,5.88893301677879E-17,-0.961735746319493));
#4828=CARTESIAN_POINT('',(-13.9609019372424,6.16800059241423E-17,-1.00731094005368));
#4829=CARTESIAN_POINT('',(-13.918426171255,6.28982204904029E-17,-1.02720589371883));
#4830=CARTESIAN_POINT('',(-13.8512050534852,6.57208223524526E-17,-1.07330248032674));
#4831=CARTESIAN_POINT('',(-13.8224330172817,6.71788541079461E-17,-1.09711394591026));
#4832=CARTESIAN_POINT('',(-13.775510927701,7.02689458079982E-17,-1.14757897308713));
#4833=CARTESIAN_POINT('',(-13.7551434773971,7.19124547182809E-17,-1.17441951048007));
#4834=CARTESIAN_POINT('',(-13.7227728633628,7.52847651142281E-17,-1.22949351872955));
#4835=CARTESIAN_POINT('',(-13.7094701085973,7.7073117911114E-17,-1.25869953630345));
#4836=CARTESIAN_POINT('',(-13.6903118521056,8.06672034722104E-17,-1.31739540785758));
#4837=CARTESIAN_POINT('',(-13.6839519186841,8.25091953133953E-17,-1.3474774175026));
#4838=CARTESIAN_POINT('',(-13.6807166782109,8.44138647506226E-17,-1.37858302997068));
#4839=ORIENTED_EDGE('',*,*,#5215,.F.);
#4840=ORIENTED_EDGE('',*,*,#5617,.T.);
#4841=ORIENTED_EDGE('',*,*,#5225,.F.);
#4842=ORIENTED_EDGE('',*,*,#5618,.F.);
#4843=ORIENTED_EDGE('',*,*,#5216,.F.);
#4844=ORIENTED_EDGE('',*,*,#5618,.T.);
#4845=ORIENTED_EDGE('',*,*,#5224,.F.);
#4846=ORIENTED_EDGE('',*,*,#5459,.F.);
#4847=CARTESIAN_POINT('',(-13.6683837238048,9.15988811770545E-17,-1.49592325298738));
#4848=CARTESIAN_POINT('',(-13.6650810460293,9.3503116602758E-17,-1.52702177750938));
#4849=CARTESIAN_POINT('',(-13.6650475981579,9.5385824302138E-17,-1.55776872758005));
#4850=CARTESIAN_POINT('',(-13.6715836428806,9.9145272688518E-17,-1.61916517901401));
#4851=CARTESIAN_POINT('',(-13.6785234280419,1.01063901983888E-16,-1.65049877326675));
#4852=CARTESIAN_POINT('',(-13.6987361363186,1.04774626982653E-16,-1.71109951139547));
#4853=CARTESIAN_POINT('',(-13.7130780474545,1.06641517646873E-16,-1.74158814967908));
#4854=CARTESIAN_POINT('',(-13.7484825076718,1.10261444766727E-16,-1.80070604591454));
#4855=CARTESIAN_POINT('',(-13.7716751237821,1.12053909502116E-16,-1.82997921654036));
#4856=CARTESIAN_POINT('',(-13.8278432795847,1.15670617369126E-16,-1.88904453838708));
#4857=CARTESIAN_POINT('',(-13.8652544547193,1.17402966574697E-16,-1.91733594790657));
#4858=CARTESIAN_POINT('',(-13.9686316654901,1.21601476783682E-16,-1.98590282305635));
#4859=CARTESIAN_POINT('',(-14.041155811296,1.23582109251988E-16,-2.01824900596696));
#4860=CARTESIAN_POINT('',(-14.1205495162215,1.24876911721551E-16,-2.0393947350125));
#4861=ORIENTED_EDGE('',*,*,#5427,.T.);
#4862=ORIENTED_EDGE('',*,*,#5217,.F.);
#4863=ORIENTED_EDGE('',*,*,#5437,.T.);
#4864=ORIENTED_EDGE('',*,*,#5218,.F.);
#4865=ORIENTED_EDGE('',*,*,#5447,.T.);
#4866=ORIENTED_EDGE('',*,*,#5219,.F.);
#4867=ORIENTED_EDGE('',*,*,#5457,.T.);
#4868=ORIENTED_EDGE('',*,*,#5220,.F.);
#4869=ORIENTED_EDGE('',*,*,#5458,.F.);
#4870=ORIENTED_EDGE('',*,*,#5456,.F.);
#4871=ORIENTED_EDGE('',*,*,#5619,.T.);
#4872=ORIENTED_EDGE('',*,*,#5390,.F.);
#4873=ORIENTED_EDGE('',*,*,#5391,.F.);
#4874=ORIENTED_EDGE('',*,*,#5619,.F.);
#4875=ORIENTED_EDGE('',*,*,#5455,.F.);
#4876=ORIENTED_EDGE('',*,*,#5620,.T.);
#4877=ORIENTED_EDGE('',*,*,#5392,.F.);
#4878=ORIENTED_EDGE('',*,*,#5620,.F.);
#4879=ORIENTED_EDGE('',*,*,#5454,.F.);
#4880=ORIENTED_EDGE('',*,*,#5621,.T.);
#4881=ORIENTED_EDGE('',*,*,#5393,.F.);
#4882=ORIENTED_EDGE('',*,*,#5621,.F.);
#4883=ORIENTED_EDGE('',*,*,#5453,.F.);
#4884=ORIENTED_EDGE('',*,*,#5622,.T.);
#4885=ORIENTED_EDGE('',*,*,#5449,.F.);
#4886=ORIENTED_EDGE('',*,*,#5394,.F.);
#4887=ORIENTED_EDGE('',*,*,#5622,.F.);
#4888=ORIENTED_EDGE('',*,*,#5452,.F.);
#4889=ORIENTED_EDGE('',*,*,#5448,.F.);
#4890=ORIENTED_EDGE('',*,*,#5446,.F.);
#4891=ORIENTED_EDGE('',*,*,#5623,.T.);
#4892=ORIENTED_EDGE('',*,*,#5397,.F.);
#4893=ORIENTED_EDGE('',*,*,#5398,.F.);
#4894=ORIENTED_EDGE('',*,*,#5623,.F.);
#4895=ORIENTED_EDGE('',*,*,#5445,.F.);
#4896=ORIENTED_EDGE('',*,*,#5624,.T.);
#4897=ORIENTED_EDGE('',*,*,#5399,.F.);
#4898=ORIENTED_EDGE('',*,*,#5624,.F.);
#4899=ORIENTED_EDGE('',*,*,#5444,.F.);
#4900=ORIENTED_EDGE('',*,*,#5625,.T.);
#4901=ORIENTED_EDGE('',*,*,#5400,.F.);
#4902=ORIENTED_EDGE('',*,*,#5625,.F.);
#4903=ORIENTED_EDGE('',*,*,#5443,.F.);
#4904=ORIENTED_EDGE('',*,*,#5626,.T.);
#4905=ORIENTED_EDGE('',*,*,#5439,.F.);
#4906=ORIENTED_EDGE('',*,*,#5401,.F.);
#4907=ORIENTED_EDGE('',*,*,#5626,.F.);
#4908=ORIENTED_EDGE('',*,*,#5442,.F.);
#4909=ORIENTED_EDGE('',*,*,#5438,.F.);
#4910=ORIENTED_EDGE('',*,*,#5436,.F.);
#4911=ORIENTED_EDGE('',*,*,#5627,.T.);
#4912=ORIENTED_EDGE('',*,*,#5404,.F.);
#4913=ORIENTED_EDGE('',*,*,#5405,.F.);
#4914=ORIENTED_EDGE('',*,*,#5627,.F.);
#4915=ORIENTED_EDGE('',*,*,#5435,.F.);
#4916=ORIENTED_EDGE('',*,*,#5628,.T.);
#4917=ORIENTED_EDGE('',*,*,#5406,.F.);
#4918=ORIENTED_EDGE('',*,*,#5628,.F.);
#4919=ORIENTED_EDGE('',*,*,#5434,.F.);
#4920=ORIENTED_EDGE('',*,*,#5629,.T.);
#4921=ORIENTED_EDGE('',*,*,#5407,.F.);
#4922=ORIENTED_EDGE('',*,*,#5629,.F.);
#4923=ORIENTED_EDGE('',*,*,#5433,.F.);
#4924=ORIENTED_EDGE('',*,*,#5630,.T.);
#4925=ORIENTED_EDGE('',*,*,#5429,.F.);
#4926=ORIENTED_EDGE('',*,*,#5408,.F.);
#4927=ORIENTED_EDGE('',*,*,#5630,.F.);
#4928=ORIENTED_EDGE('',*,*,#5432,.F.);
#4929=ORIENTED_EDGE('',*,*,#5428,.F.);
#4930=ORIENTED_EDGE('',*,*,#5425,.F.);
#4931=ORIENTED_EDGE('',*,*,#5631,.T.);
#4932=ORIENTED_EDGE('',*,*,#5411,.F.);
#4933=ORIENTED_EDGE('',*,*,#5412,.F.);
#4934=ORIENTED_EDGE('',*,*,#5631,.F.);
#4935=ORIENTED_EDGE('',*,*,#5424,.F.);
#4936=ORIENTED_EDGE('',*,*,#5632,.T.);
#4937=ORIENTED_EDGE('',*,*,#5413,.F.);
#4938=ORIENTED_EDGE('',*,*,#5632,.F.);
#4939=ORIENTED_EDGE('',*,*,#5423,.F.);
#4940=ORIENTED_EDGE('',*,*,#5633,.T.);
#4941=ORIENTED_EDGE('',*,*,#5414,.F.);
#4942=ORIENTED_EDGE('',*,*,#5633,.F.);
#4943=ORIENTED_EDGE('',*,*,#5422,.F.);
#4944=ORIENTED_EDGE('',*,*,#5634,.T.);
#4945=ORIENTED_EDGE('',*,*,#5419,.F.);
#4946=ORIENTED_EDGE('',*,*,#5415,.F.);
#4947=ORIENTED_EDGE('',*,*,#5634,.F.);
#4948=ORIENTED_EDGE('',*,*,#5421,.F.);
#4949=EDGE_CURVE('',#5635,#5636,#5637,.T.);
#4950=EDGE_CURVE('',#5636,#5638,#5639,.T.);
#4951=EDGE_CURVE('',#5640,#5638,#5641,.T.);
#4952=EDGE_CURVE('',#5642,#5640,#5643,.T.);
#4953=EDGE_CURVE('',#5644,#5642,#5645,.F.);
#4954=EDGE_CURVE('',#5646,#5644,#5647,.F.);
#4955=EDGE_CURVE('',#5635,#5646,#5648,.T.);
#4956=EDGE_CURVE('',#5638,#5649,#5650,.T.);
#4957=EDGE_CURVE('',#5651,#5649,#5652,.T.);
#4958=EDGE_CURVE('',#5640,#5651,#5653,.T.);
#4959=EDGE_CURVE('',#5654,#5635,#5655,.F.);
#4960=EDGE_CURVE('',#5656,#5646,#5657,.F.);
#4961=EDGE_CURVE('',#5654,#5656,#5658,.T.);
#4962=EDGE_CURVE('',#5649,#5659,#5660,.T.);
#4963=EDGE_CURVE('',#5661,#5659,#5662,.T.);
#4964=EDGE_CURVE('',#5651,#5661,#5663,.T.);
#4965=EDGE_CURVE('',#5664,#5654,#5665,.T.);
#4966=EDGE_CURVE('',#5666,#5656,#5667,.F.);
#4967=EDGE_CURVE('',#5664,#5666,#5668,.T.);
#4968=EDGE_CURVE('',#5659,#5669,#5670,.T.);
#4969=EDGE_CURVE('',#5671,#5669,#5672,.T.);
#4970=EDGE_CURVE('',#5661,#5671,#5673,.T.);
#4971=EDGE_CURVE('',#5674,#5664,#5675,.T.);
#4972=EDGE_CURVE('',#5676,#5666,#5677,.F.);
#4973=EDGE_CURVE('',#5674,#5676,#5678,.T.);
#4974=EDGE_CURVE('',#5669,#5679,#5680,.T.);
#4975=EDGE_CURVE('',#5681,#5679,#5682,.T.);
#4976=EDGE_CURVE('',#5671,#5681,#5683,.T.);
#4977=EDGE_CURVE('',#5684,#5674,#5685,.F.);
#4978=EDGE_CURVE('',#5686,#5676,#5687,.F.);
#4979=EDGE_CURVE('',#5684,#5686,#5688,.T.);
#4980=EDGE_CURVE('',#5679,#5689,#5690,.F.);
#4981=EDGE_CURVE('',#5689,#5691,#5692,.F.);
#4982=EDGE_CURVE('',#5691,#5681,#5693,.T.);
#4983=EDGE_CURVE('',#5694,#5684,#5695,.F.);
#4984=EDGE_CURVE('',#5696,#5686,#5697,.T.);
#4985=EDGE_CURVE('',#5696,#5694,#5698,.F.);
#4986=EDGE_CURVE('',#5689,#5694,#5699,.T.);
#4987=EDGE_CURVE('',#5700,#5696,#5701,.F.);
#4988=EDGE_CURVE('',#5702,#5700,#5703,.T.);
#4989=EDGE_CURVE('',#5691,#5702,#5704,.T.);
#4990=EDGE_CURVE('',#5705,#5706,#5707,.T.);
#4991=EDGE_CURVE('',#5708,#5706,#5709,.T.);
#4992=EDGE_CURVE('',#5710,#5708,#5711,.T.);
#4993=EDGE_CURVE('',#5712,#5710,#5713,.F.);
#4994=EDGE_CURVE('',#5714,#5712,#5715,.F.);
#4995=EDGE_CURVE('',#5705,#5714,#5716,.T.);
#4996=EDGE_CURVE('',#5706,#5717,#5718,.T.);
#4997=EDGE_CURVE('',#5719,#5717,#5720,.T.);
#4998=EDGE_CURVE('',#5708,#5719,#5721,.T.);
#4999=EDGE_CURVE('',#5722,#5705,#5723,.F.);
#5000=EDGE_CURVE('',#5724,#5714,#5725,.F.);
#5001=EDGE_CURVE('',#5722,#5724,#5726,.T.);
#5002=EDGE_CURVE('',#5717,#5727,#5728,.T.);
#5003=EDGE_CURVE('',#5729,#5727,#5730,.T.);
#5004=EDGE_CURVE('',#5719,#5729,#5731,.T.);
#5005=EDGE_CURVE('',#5732,#5722,#5733,.T.);
#5006=EDGE_CURVE('',#5734,#5724,#5735,.F.);
#5007=EDGE_CURVE('',#5732,#5734,#5736,.T.);
#5008=EDGE_CURVE('',#5727,#5737,#5738,.T.);
#5009=EDGE_CURVE('',#5739,#5737,#5740,.T.);
#5010=EDGE_CURVE('',#5729,#5739,#5741,.T.);
#5011=EDGE_CURVE('',#5742,#5732,#5743,.F.);
#5012=EDGE_CURVE('',#5744,#5734,#5745,.F.);
#5013=EDGE_CURVE('',#5742,#5744,#5746,.T.);
#5014=EDGE_CURVE('',#5737,#5747,#5748,.T.);
#5015=EDGE_CURVE('',#5749,#5747,#5750,.T.);
#5016=EDGE_CURVE('',#5739,#5749,#5751,.T.);
#5017=EDGE_CURVE('',#5752,#5742,#5753,.F.);
#5018=EDGE_CURVE('',#5754,#5744,#5755,.F.);
#5019=EDGE_CURVE('',#5752,#5754,#5756,.T.);
#5020=EDGE_CURVE('',#5747,#5757,#5758,.F.);
#5021=EDGE_CURVE('',#5757,#5759,#5760,.F.);
#5022=EDGE_CURVE('',#5759,#5749,#5761,.T.);
#5023=EDGE_CURVE('',#5762,#5752,#5763,.F.);
#5024=EDGE_CURVE('',#5764,#5754,#5765,.T.);
#5025=EDGE_CURVE('',#5764,#5762,#5766,.F.);
#5026=EDGE_CURVE('',#5757,#5767,#5768,.T.);
#5027=EDGE_CURVE('',#5767,#5762,#5769,.T.);
#5028=EDGE_CURVE('',#5770,#5764,#5771,.F.);
#5029=EDGE_CURVE('',#5772,#5770,#5773,.T.);
#5030=EDGE_CURVE('',#5759,#5772,#5774,.T.);
#5031=EDGE_CURVE('',#5775,#5776,#5777,.T.);
#5032=EDGE_CURVE('',#5776,#5778,#5779,.F.);
#5033=EDGE_CURVE('',#5778,#5780,#5781,.F.);
#5034=EDGE_CURVE('',#5782,#5780,#5783,.T.);
#5035=EDGE_CURVE('',#5782,#5784,#5785,.T.);
#5036=EDGE_CURVE('',#5784,#5786,#5787,.F.);
#5037=EDGE_CURVE('',#5786,#5788,#5789,.F.);
#5038=EDGE_CURVE('',#5790,#5788,#5791,.T.);
#5039=EDGE_CURVE('',#5790,#5792,#5793,.T.);
#5040=EDGE_CURVE('',#5792,#5794,#5795,.F.);
#5041=EDGE_CURVE('',#5794,#5796,#5797,.F.);
#5042=EDGE_CURVE('',#5796,#5798,#5799,.F.);
#5043=EDGE_CURVE('',#5800,#5798,#5801,.T.);
#5044=EDGE_CURVE('',#5800,#5802,#5803,.T.);
#5045=EDGE_CURVE('',#5802,#5804,#5805,.F.);
#5046=EDGE_CURVE('',#5804,#5806,#5807,.F.);
#5047=EDGE_CURVE('',#5775,#5806,#5808,.T.);
#5048=EDGE_CURVE('',#5809,#5809,#5810,.F.);
#5049=EDGE_CURVE('',#5811,#5811,#5812,.T.);
#5050=EDGE_CURVE('',#5813,#5813,#5814,.T.);
#5051=EDGE_CURVE('',#5815,#5816,#5817,.T.);
#5052=EDGE_CURVE('',#5818,#5816,#5819,.T.);
#5053=EDGE_CURVE('',#5818,#5820,#5821,.T.);
#5054=EDGE_CURVE('',#5820,#5822,#5823,.T.);
#5055=EDGE_CURVE('',#5822,#5824,#5825,.T.);
#5056=EDGE_CURVE('',#5824,#5826,#5827,.T.);
#5057=EDGE_CURVE('',#5826,#5828,#5829,.T.);
#5058=EDGE_CURVE('',#5830,#5828,#5831,.T.);
#5059=EDGE_CURVE('',#5830,#5832,#5833,.T.);
#5060=EDGE_CURVE('',#5832,#5834,#5835,.T.);
#5061=EDGE_CURVE('',#5834,#5836,#5837,.T.);
#5062=EDGE_CURVE('',#5836,#5838,#5839,.T.);
#5063=EDGE_CURVE('',#5838,#5840,#5841,.T.);
#5064=EDGE_CURVE('',#5642,#5840,#5842,.T.);
#5065=EDGE_CURVE('',#5702,#5843,#5844,.T.);
#5066=EDGE_CURVE('',#5843,#5845,#5846,.T.);
#5067=EDGE_CURVE('',#5845,#5847,#5848,.T.);
#5068=EDGE_CURVE('',#5847,#5849,#5850,.T.);
#5069=EDGE_CURVE('',#5851,#5849,#5852,.T.);
#5070=EDGE_CURVE('',#5851,#5853,#5854,.T.);
#5071=EDGE_CURVE('',#5853,#5855,#5856,.T.);
#5072=EDGE_CURVE('',#5855,#5857,#5858,.T.);
#5073=EDGE_CURVE('',#5857,#5859,#5860,.T.);
#5074=EDGE_CURVE('',#5859,#5861,#5862,.T.);
#5075=EDGE_CURVE('',#5863,#5861,#5864,.T.);
#5076=EDGE_CURVE('',#5863,#5865,#5866,.T.);
#5077=EDGE_CURVE('',#5865,#5867,#5868,.T.);
#5078=EDGE_CURVE('',#5867,#5869,#5870,.T.);
#5079=EDGE_CURVE('',#5869,#5871,#5872,.T.);
#5080=EDGE_CURVE('',#5871,#5873,#5874,.T.);
#5081=EDGE_CURVE('',#5875,#5873,#5876,.T.);
#5082=EDGE_CURVE('',#5875,#5877,#5878,.T.);
#5083=EDGE_CURVE('',#5877,#5879,#5880,.T.);
#5084=EDGE_CURVE('',#5879,#5881,#5882,.T.);
#5085=EDGE_CURVE('',#5881,#5883,#5884,.T.);
#5086=EDGE_CURVE('',#5883,#5885,#5886,.T.);
#5087=EDGE_CURVE('',#5887,#5885,#5888,.T.);
#5088=EDGE_CURVE('',#5887,#5889,#5890,.T.);
#5089=EDGE_CURVE('',#5889,#5891,#5892,.T.);
#5090=EDGE_CURVE('',#5891,#5893,#5894,.T.);
#5091=EDGE_CURVE('',#5893,#5895,#5896,.T.);
#5092=EDGE_CURVE('',#5895,#5897,#5898,.T.);
#5093=EDGE_CURVE('',#5899,#5897,#5900,.T.);
#5094=EDGE_CURVE('',#5899,#5901,#5902,.T.);
#5095=EDGE_CURVE('',#5901,#5903,#5904,.T.);
#5096=EDGE_CURVE('',#5903,#5905,#5906,.T.);
#5097=EDGE_CURVE('',#5905,#5907,#5908,.T.);
#5098=EDGE_CURVE('',#5907,#5909,#5910,.T.);
#5099=EDGE_CURVE('',#5911,#5909,#5912,.T.);
#5100=EDGE_CURVE('',#5911,#5913,#5914,.T.);
#5101=EDGE_CURVE('',#5913,#5915,#5916,.T.);
#5102=EDGE_CURVE('',#5915,#5917,#5918,.T.);
#5103=EDGE_CURVE('',#5917,#5919,#5920,.T.);
#5104=EDGE_CURVE('',#5919,#5921,#5922,.T.);
#5105=EDGE_CURVE('',#5923,#5921,#5924,.T.);
#5106=EDGE_CURVE('',#5923,#5925,#5926,.T.);
#5107=EDGE_CURVE('',#5925,#5927,#5928,.T.);
#5108=EDGE_CURVE('',#5927,#5929,#5930,.T.);
#5109=EDGE_CURVE('',#5929,#5931,#5932,.T.);
#5110=EDGE_CURVE('',#5931,#5933,#5934,.T.);
#5111=EDGE_CURVE('',#5935,#5933,#5936,.T.);
#5112=EDGE_CURVE('',#5935,#5937,#5938,.T.);
#5113=EDGE_CURVE('',#5937,#5939,#5940,.T.);
#5114=EDGE_CURVE('',#5939,#5941,#5942,.T.);
#5115=EDGE_CURVE('',#5941,#5943,#5944,.T.);
#5116=EDGE_CURVE('',#5943,#5945,#5946,.T.);
#5117=EDGE_CURVE('',#5947,#5945,#5948,.T.);
#5118=EDGE_CURVE('',#5947,#5949,#5950,.T.);
#5119=EDGE_CURVE('',#5949,#5951,#5952,.T.);
#5120=EDGE_CURVE('',#5951,#5953,#5954,.T.);
#5121=EDGE_CURVE('',#5953,#5955,#5956,.T.);
#5122=EDGE_CURVE('',#5955,#5957,#5958,.T.);
#5123=EDGE_CURVE('',#5959,#5957,#5960,.T.);
#5124=EDGE_CURVE('',#5959,#5961,#5962,.T.);
#5125=EDGE_CURVE('',#5961,#5963,#5964,.T.);
#5126=EDGE_CURVE('',#5963,#5965,#5966,.T.);
#5127=EDGE_CURVE('',#5965,#5967,#5968,.T.);
#5128=EDGE_CURVE('',#5967,#5969,#5970,.T.);
#5129=EDGE_CURVE('',#5971,#5969,#5972,.T.);
#5130=EDGE_CURVE('',#5971,#5973,#5974,.T.);
#5131=EDGE_CURVE('',#5973,#5975,#5976,.T.);
#5132=EDGE_CURVE('',#5975,#5977,#5978,.T.);
#5133=EDGE_CURVE('',#5977,#5979,#5980,.T.);
#5134=EDGE_CURVE('',#5979,#5981,#5982,.T.);
#5135=EDGE_CURVE('',#5983,#5981,#5984,.T.);
#5136=EDGE_CURVE('',#5983,#5985,#5986,.T.);
#5137=EDGE_CURVE('',#5985,#5987,#5988,.T.);
#5138=EDGE_CURVE('',#5987,#5989,#5990,.T.);
#5139=EDGE_CURVE('',#5989,#5991,#5992,.T.);
#5140=EDGE_CURVE('',#5991,#5993,#5994,.T.);
#5141=EDGE_CURVE('',#5995,#5993,#5996,.T.);
#5142=EDGE_CURVE('',#5995,#5997,#5998,.T.);
#5143=EDGE_CURVE('',#5997,#5999,#6000,.T.);
#5144=EDGE_CURVE('',#5999,#6001,#6002,.T.);
#5145=EDGE_CURVE('',#6001,#6003,#6004,.T.);
#5146=EDGE_CURVE('',#6003,#6005,#6006,.T.);
#5147=EDGE_CURVE('',#5710,#6005,#6007,.T.);
#5148=EDGE_CURVE('',#5772,#6008,#6009,.T.);
#5149=EDGE_CURVE('',#6008,#6010,#6011,.T.);
#5150=EDGE_CURVE('',#6010,#6012,#6013,.T.);
#5151=EDGE_CURVE('',#6012,#6014,#6015,.T.);
#5152=EDGE_CURVE('',#6016,#6014,#6017,.T.);
#5153=EDGE_CURVE('',#6016,#6018,#6019,.T.);
#5154=EDGE_CURVE('',#6018,#6020,#6021,.T.);
#5155=EDGE_CURVE('',#6020,#6022,#6023,.T.);
#5156=EDGE_CURVE('',#6022,#6024,#6025,.T.);
#5157=EDGE_CURVE('',#6024,#6026,#6027,.T.);
#5158=EDGE_CURVE('',#6028,#6026,#6029,.T.);
#5159=EDGE_CURVE('',#6028,#6030,#6031,.T.);
#5160=EDGE_CURVE('',#6030,#6032,#6033,.T.);
#5161=EDGE_CURVE('',#6032,#6034,#6035,.T.);
#5162=EDGE_CURVE('',#6034,#6036,#6037,.T.);
#5163=EDGE_CURVE('',#6036,#6038,#6039,.T.);
#5164=EDGE_CURVE('',#6040,#6038,#6041,.T.);
#5165=EDGE_CURVE('',#6040,#6042,#6043,.T.);
#5166=EDGE_CURVE('',#6042,#6044,#6045,.T.);
#5167=EDGE_CURVE('',#6044,#6046,#6047,.T.);
#5168=EDGE_CURVE('',#6046,#6048,#6049,.T.);
#5169=EDGE_CURVE('',#6048,#6050,#6051,.T.);
#5170=EDGE_CURVE('',#6052,#6050,#6053,.T.);
#5171=EDGE_CURVE('',#6052,#6054,#6055,.T.);
#5172=EDGE_CURVE('',#6054,#6056,#6057,.T.);
#5173=EDGE_CURVE('',#6056,#6058,#6059,.T.);
#5174=EDGE_CURVE('',#6058,#6060,#6061,.T.);
#5175=EDGE_CURVE('',#6060,#6062,#6063,.T.);
#5176=EDGE_CURVE('',#6064,#6062,#6065,.T.);
#5177=EDGE_CURVE('',#6064,#6066,#6067,.T.);
#5178=EDGE_CURVE('',#6066,#6068,#6069,.T.);
#5179=EDGE_CURVE('',#6068,#6070,#6071,.T.);
#5180=EDGE_CURVE('',#6070,#6072,#6073,.T.);
#5181=EDGE_CURVE('',#6072,#6074,#6075,.T.);
#5182=EDGE_CURVE('',#6076,#6074,#6077,.T.);
#5183=EDGE_CURVE('',#6076,#6078,#6079,.T.);
#5184=EDGE_CURVE('',#6078,#6080,#6081,.T.);
#5185=EDGE_CURVE('',#6080,#6082,#6083,.T.);
#5186=EDGE_CURVE('',#6082,#6084,#6085,.T.);
#5187=EDGE_CURVE('',#6084,#6086,#6087,.T.);
#5188=EDGE_CURVE('',#6088,#6086,#6089,.T.);
#5189=EDGE_CURVE('',#6088,#6090,#6091,.T.);
#5190=EDGE_CURVE('',#6090,#6092,#6093,.T.);
#5191=EDGE_CURVE('',#6092,#6094,#6095,.T.);
#5192=EDGE_CURVE('',#6094,#6096,#6097,.T.);
#5193=EDGE_CURVE('',#6096,#6098,#6099,.T.);
#5194=EDGE_CURVE('',#6100,#6098,#6101,.T.);
#5195=EDGE_CURVE('',#6100,#6102,#6103,.T.);
#5196=EDGE_CURVE('',#6102,#6104,#6105,.T.);
#5197=EDGE_CURVE('',#6104,#6106,#6107,.T.);
#5198=EDGE_CURVE('',#6106,#6108,#6109,.T.);
#5199=EDGE_CURVE('',#6108,#6110,#6111,.T.);
#5200=EDGE_CURVE('',#6112,#6110,#6113,.T.);
#5201=EDGE_CURVE('',#6112,#6114,#6115,.T.);
#5202=EDGE_CURVE('',#6114,#6116,#6117,.T.);
#5203=EDGE_CURVE('',#6116,#6118,#6119,.T.);
#5204=EDGE_CURVE('',#6118,#6120,#6121,.T.);
#5205=EDGE_CURVE('',#6120,#6122,#6123,.T.);
#5206=EDGE_CURVE('',#6124,#6122,#6125,.T.);
#5207=EDGE_CURVE('',#6124,#6126,#6127,.T.);
#5208=EDGE_CURVE('',#6126,#6128,#6129,.T.);
#5209=EDGE_CURVE('',#6128,#6130,#6131,.T.);
#5210=EDGE_CURVE('',#6130,#6132,#6133,.T.);
#5211=EDGE_CURVE('',#6132,#6134,#6135,.T.);
#5212=EDGE_CURVE('',#6136,#6134,#6137,.T.);
#5213=EDGE_CURVE('',#6136,#6138,#6139,.T.);
#5214=EDGE_CURVE('',#6138,#6140,#6141,.T.);
#5215=EDGE_CURVE('',#6140,#6142,#6143,.T.);
#5216=EDGE_CURVE('',#6142,#5815,#6144,.T.);
#5217=EDGE_CURVE('',#6145,#6145,#6146,.F.);
#5218=EDGE_CURVE('',#6147,#6147,#6148,.F.);
#5219=EDGE_CURVE('',#6149,#6149,#6150,.F.);
#5220=EDGE_CURVE('',#6151,#6151,#6152,.F.);
#5221=EDGE_CURVE('',#5840,#6153,#6154,.T.);
#5222=EDGE_CURVE('',#5644,#6153,#6155,.T.);
#5223=EDGE_CURVE('',#6156,#6157,#6158,.F.);
#5224=EDGE_CURVE('',#6157,#6159,#6160,.F.);
#5225=EDGE_CURVE('',#6159,#6161,#6162,.F.);
#5226=EDGE_CURVE('',#6161,#6163,#6164,.F.);
#5227=EDGE_CURVE('',#6163,#6165,#6166,.F.);
#5228=EDGE_CURVE('',#6165,#6167,#6168,.T.);
#5229=EDGE_CURVE('',#6167,#6169,#6170,.F.);
#5230=EDGE_CURVE('',#6169,#6171,#6172,.F.);
#5231=EDGE_CURVE('',#6171,#6173,#6174,.F.);
#5232=EDGE_CURVE('',#6173,#6175,#6176,.F.);
#5233=EDGE_CURVE('',#6175,#6177,#6178,.F.);
#5234=EDGE_CURVE('',#6177,#6179,#6180,.T.);
#5235=EDGE_CURVE('',#6179,#6181,#6182,.F.);
#5236=EDGE_CURVE('',#6181,#6183,#6184,.F.);
#5237=EDGE_CURVE('',#6183,#6185,#6186,.F.);
#5238=EDGE_CURVE('',#6185,#6187,#6188,.F.);
#5239=EDGE_CURVE('',#6187,#6189,#6190,.F.);
#5240=EDGE_CURVE('',#6189,#6191,#6192,.T.);
#5241=EDGE_CURVE('',#6191,#6193,#6194,.F.);
#5242=EDGE_CURVE('',#6193,#6195,#6196,.F.);
#5243=EDGE_CURVE('',#6195,#6197,#6198,.F.);
#5244=EDGE_CURVE('',#6197,#6199,#6200,.F.);
#5245=EDGE_CURVE('',#6199,#6201,#6202,.F.);
#5246=EDGE_CURVE('',#6201,#6203,#6204,.T.);
#5247=EDGE_CURVE('',#6203,#6205,#6206,.F.);
#5248=EDGE_CURVE('',#6205,#6207,#6208,.F.);
#5249=EDGE_CURVE('',#6207,#6209,#6210,.F.);
#5250=EDGE_CURVE('',#6209,#6211,#6212,.F.);
#5251=EDGE_CURVE('',#6211,#6213,#6214,.F.);
#5252=EDGE_CURVE('',#6213,#6215,#6216,.T.);
#5253=EDGE_CURVE('',#6215,#6217,#6218,.F.);
#5254=EDGE_CURVE('',#6217,#6219,#6220,.F.);
#5255=EDGE_CURVE('',#6219,#6221,#6222,.F.);
#5256=EDGE_CURVE('',#6221,#6223,#6224,.F.);
#5257=EDGE_CURVE('',#6223,#6225,#6226,.F.);
#5258=EDGE_CURVE('',#6225,#6227,#6228,.T.);
#5259=EDGE_CURVE('',#6227,#6229,#6230,.F.);
#5260=EDGE_CURVE('',#6229,#6231,#6232,.F.);
#5261=EDGE_CURVE('',#6231,#6233,#6234,.F.);
#5262=EDGE_CURVE('',#6233,#6235,#6236,.F.);
#5263=EDGE_CURVE('',#6235,#6237,#6238,.F.);
#5264=EDGE_CURVE('',#6237,#6239,#6240,.T.);
#5265=EDGE_CURVE('',#6239,#6241,#6242,.F.);
#5266=EDGE_CURVE('',#6241,#6243,#6244,.F.);
#5267=EDGE_CURVE('',#6243,#6245,#6246,.F.);
#5268=EDGE_CURVE('',#6245,#6247,#6248,.F.);
#5269=EDGE_CURVE('',#6247,#6249,#6250,.F.);
#5270=EDGE_CURVE('',#6249,#6251,#6252,.T.);
#5271=EDGE_CURVE('',#6251,#6253,#6254,.F.);
#5272=EDGE_CURVE('',#6253,#6255,#6256,.F.);
#5273=EDGE_CURVE('',#6255,#6257,#6258,.F.);
#5274=EDGE_CURVE('',#6257,#6259,#6260,.F.);
#5275=EDGE_CURVE('',#6259,#6261,#6262,.F.);
#5276=EDGE_CURVE('',#6261,#6263,#6264,.T.);
#5277=EDGE_CURVE('',#6263,#6265,#6266,.F.);
#5278=EDGE_CURVE('',#6265,#6267,#6268,.F.);
#5279=EDGE_CURVE('',#6267,#6269,#6270,.F.);
#5280=EDGE_CURVE('',#6269,#6271,#6272,.F.);
#5281=EDGE_CURVE('',#6271,#6273,#6274,.F.);
#5282=EDGE_CURVE('',#6273,#6275,#6276,.T.);
#5283=EDGE_CURVE('',#6275,#6277,#6278,.F.);
#5284=EDGE_CURVE('',#6277,#6279,#6280,.F.);
#5285=EDGE_CURVE('',#6279,#6281,#6282,.F.);
#5286=EDGE_CURVE('',#6281,#6283,#6284,.F.);
#5287=EDGE_CURVE('',#6283,#6285,#6286,.F.);
#5288=EDGE_CURVE('',#6285,#6287,#6288,.T.);
#5289=EDGE_CURVE('',#6287,#6289,#6290,.F.);
#5290=EDGE_CURVE('',#6289,#6291,#6292,.F.);
#5291=EDGE_CURVE('',#6291,#6293,#6294,.F.);
#5292=EDGE_CURVE('',#6293,#5770,#6295,.F.);
#5293=EDGE_CURVE('',#5712,#6296,#6297,.T.);
#5294=EDGE_CURVE('',#6296,#6298,#6299,.F.);
#5295=EDGE_CURVE('',#6298,#6300,#6301,.F.);
#5296=EDGE_CURVE('',#6300,#6302,#6303,.F.);
#5297=EDGE_CURVE('',#6302,#6304,#6305,.F.);
#5298=EDGE_CURVE('',#6304,#6306,#6307,.F.);
#5299=EDGE_CURVE('',#6306,#6308,#6309,.T.);
#5300=EDGE_CURVE('',#6308,#6310,#6311,.F.);
#5301=EDGE_CURVE('',#6310,#6312,#6313,.F.);
#5302=EDGE_CURVE('',#6312,#6314,#6315,.F.);
#5303=EDGE_CURVE('',#6314,#6316,#6317,.F.);
#5304=EDGE_CURVE('',#6316,#6318,#6319,.F.);
#5305=EDGE_CURVE('',#6318,#6320,#6321,.T.);
#5306=EDGE_CURVE('',#6320,#6322,#6323,.F.);
#5307=EDGE_CURVE('',#6322,#6324,#6325,.F.);
#5308=EDGE_CURVE('',#6324,#6326,#6327,.F.);
#5309=EDGE_CURVE('',#6326,#6328,#6329,.F.);
#5310=EDGE_CURVE('',#6328,#6330,#6331,.F.);
#5311=EDGE_CURVE('',#6330,#6332,#6333,.T.);
#5312=EDGE_CURVE('',#6332,#6334,#6335,.F.);
#5313=EDGE_CURVE('',#6334,#6336,#6337,.F.);
#5314=EDGE_CURVE('',#6336,#6338,#6339,.F.);
#5315=EDGE_CURVE('',#6338,#6340,#6341,.F.);
#5316=EDGE_CURVE('',#6340,#6342,#6343,.F.);
#5317=EDGE_CURVE('',#6342,#6344,#6345,.T.);
#5318=EDGE_CURVE('',#6344,#6346,#6347,.F.);
#5319=EDGE_CURVE('',#6346,#6348,#6349,.F.);
#5320=EDGE_CURVE('',#6348,#6350,#6351,.F.);
#5321=EDGE_CURVE('',#6350,#6352,#6353,.F.);
#5322=EDGE_CURVE('',#6352,#6354,#6355,.F.);
#5323=EDGE_CURVE('',#6354,#6356,#6357,.T.);
#5324=EDGE_CURVE('',#6356,#6358,#6359,.F.);
#5325=EDGE_CURVE('',#6358,#6360,#6361,.F.);
#5326=EDGE_CURVE('',#6360,#6362,#6363,.F.);
#5327=EDGE_CURVE('',#6362,#6364,#6365,.F.);
#5328=EDGE_CURVE('',#6364,#6366,#6367,.F.);
#5329=EDGE_CURVE('',#6366,#6368,#6369,.T.);
#5330=EDGE_CURVE('',#6368,#6370,#6371,.F.);
#5331=EDGE_CURVE('',#6370,#6372,#6373,.F.);
#5332=EDGE_CURVE('',#6372,#6374,#6375,.F.);
#5333=EDGE_CURVE('',#6374,#6376,#6377,.F.);
#5334=EDGE_CURVE('',#6376,#6378,#6379,.F.);
#5335=EDGE_CURVE('',#6378,#6380,#6381,.T.);
#5336=EDGE_CURVE('',#6380,#6382,#6383,.F.);
#5337=EDGE_CURVE('',#6382,#6384,#6385,.F.);
#5338=EDGE_CURVE('',#6384,#6386,#6387,.F.);
#5339=EDGE_CURVE('',#6386,#6388,#6389,.F.);
#5340=EDGE_CURVE('',#6388,#6390,#6391,.F.);
#5341=EDGE_CURVE('',#6390,#6392,#6393,.T.);
#5342=EDGE_CURVE('',#6392,#6394,#6395,.F.);
#5343=EDGE_CURVE('',#6394,#6396,#6397,.F.);
#5344=EDGE_CURVE('',#6396,#6398,#6399,.F.);
#5345=EDGE_CURVE('',#6398,#6400,#6401,.F.);
#5346=EDGE_CURVE('',#6400,#6402,#6403,.F.);
#5347=EDGE_CURVE('',#6402,#6404,#6405,.T.);
#5348=EDGE_CURVE('',#6404,#6406,#6407,.F.);
#5349=EDGE_CURVE('',#6406,#6408,#6409,.F.);
#5350=EDGE_CURVE('',#6408,#6410,#6411,.F.);
#5351=EDGE_CURVE('',#6410,#6412,#6413,.F.);
#5352=EDGE_CURVE('',#6412,#6414,#6415,.F.);
#5353=EDGE_CURVE('',#6414,#6416,#6417,.T.);
#5354=EDGE_CURVE('',#6416,#6418,#6419,.F.);
#5355=EDGE_CURVE('',#6418,#6420,#6421,.F.);
#5356=EDGE_CURVE('',#6420,#6422,#6423,.F.);
#5357=EDGE_CURVE('',#6422,#6424,#6425,.F.);
#5358=EDGE_CURVE('',#6424,#6426,#6427,.F.);
#5359=EDGE_CURVE('',#6426,#6428,#6429,.T.);
#5360=EDGE_CURVE('',#6428,#6430,#6431,.F.);
#5361=EDGE_CURVE('',#6430,#6432,#6433,.F.);
#5362=EDGE_CURVE('',#6432,#6434,#6435,.F.);
#5363=EDGE_CURVE('',#6434,#6436,#6437,.F.);
#5364=EDGE_CURVE('',#6436,#6438,#6439,.F.);
#5365=EDGE_CURVE('',#6438,#6440,#6441,.T.);
#5366=EDGE_CURVE('',#6440,#6442,#6443,.F.);
#5367=EDGE_CURVE('',#6442,#6444,#6445,.F.);
#5368=EDGE_CURVE('',#6444,#6446,#6447,.F.);
#5369=EDGE_CURVE('',#6446,#6448,#6449,.F.);
#5370=EDGE_CURVE('',#6448,#6450,#6451,.F.);
#5371=EDGE_CURVE('',#6450,#6452,#6453,.T.);
#5372=EDGE_CURVE('',#6452,#6454,#6455,.F.);
#5373=EDGE_CURVE('',#6454,#6456,#6457,.F.);
#5374=EDGE_CURVE('',#6456,#6458,#6459,.F.);
#5375=EDGE_CURVE('',#6458,#5700,#6460,.F.);
#5376=EDGE_CURVE('',#6153,#6461,#6462,.F.);
#5377=EDGE_CURVE('',#6461,#6463,#6464,.F.);
#5378=EDGE_CURVE('',#6463,#6465,#6466,.F.);
#5379=EDGE_CURVE('',#6465,#6467,#6468,.F.);
#5380=EDGE_CURVE('',#6467,#6469,#6470,.F.);
#5381=EDGE_CURVE('',#6469,#6471,#6472,.T.);
#5382=EDGE_CURVE('',#6471,#6473,#6474,.F.);
#5383=EDGE_CURVE('',#6473,#6475,#6476,.F.);
#5384=EDGE_CURVE('',#6475,#6477,#6478,.F.);
#5385=EDGE_CURVE('',#6477,#6479,#6480,.F.);
#5386=EDGE_CURVE('',#6479,#6481,#6482,.F.);
#5387=EDGE_CURVE('',#6481,#6156,#6483,.T.);
#5388=EDGE_CURVE('',#5775,#6484,#6485,.F.);
#5389=EDGE_CURVE('',#6486,#5806,#6487,.F.);
#5390=EDGE_CURVE('',#6486,#6488,#6489,.F.);
#5391=EDGE_CURVE('',#6488,#6490,#6491,.F.);
#5392=EDGE_CURVE('',#6490,#6492,#6493,.F.);
#5393=EDGE_CURVE('',#6492,#6494,#6495,.F.);
#5394=EDGE_CURVE('',#6494,#6496,#6497,.F.);
#5395=EDGE_CURVE('',#5800,#6496,#6498,.F.);
#5396=EDGE_CURVE('',#6499,#5798,#6500,.F.);
#5397=EDGE_CURVE('',#6499,#6501,#6502,.F.);
#5398=EDGE_CURVE('',#6501,#6503,#6504,.F.);
#5399=EDGE_CURVE('',#6503,#6505,#6506,.F.);
#5400=EDGE_CURVE('',#6505,#6507,#6508,.F.);
#5401=EDGE_CURVE('',#6507,#6509,#6510,.F.);
#5402=EDGE_CURVE('',#5790,#6509,#6511,.F.);
#5403=EDGE_CURVE('',#6512,#5788,#6513,.F.);
#5404=EDGE_CURVE('',#6512,#6514,#6515,.F.);
#5405=EDGE_CURVE('',#6514,#6516,#6517,.F.);
#5406=EDGE_CURVE('',#6516,#6518,#6519,.F.);
#5407=EDGE_CURVE('',#6518,#6520,#6521,.F.);
#5408=EDGE_CURVE('',#6520,#6522,#6523,.F.);
#5409=EDGE_CURVE('',#5782,#6522,#6524,.F.);
#5410=EDGE_CURVE('',#6525,#5780,#6526,.F.);
#5411=EDGE_CURVE('',#6525,#6527,#6528,.F.);
#5412=EDGE_CURVE('',#6527,#6529,#6530,.F.);
#5413=EDGE_CURVE('',#6529,#6531,#6532,.F.);
#5414=EDGE_CURVE('',#6531,#6533,#6534,.F.);
#5415=EDGE_CURVE('',#6533,#6484,#6535,.F.);
#5416=EDGE_CURVE('',#5843,#6458,#6536,.T.);
#5417=EDGE_CURVE('',#6005,#6296,#6537,.T.);
#5418=EDGE_CURVE('',#6008,#6293,#6538,.T.);
#5419=EDGE_CURVE('',#6484,#6539,#6540,.T.);
#5420=EDGE_CURVE('',#6539,#5776,#6541,.F.);
#5421=EDGE_CURVE('',#6539,#6542,#6543,.T.);
#5422=EDGE_CURVE('',#6542,#6544,#6545,.T.);
#5423=EDGE_CURVE('',#6544,#6546,#6547,.T.);
#5424=EDGE_CURVE('',#6546,#6548,#6549,.T.);
#5425=EDGE_CURVE('',#6548,#6550,#6551,.T.);
#5426=EDGE_CURVE('',#5778,#6550,#6552,.F.);
#5427=EDGE_CURVE('',#6553,#6553,#6554,.F.);
#5428=EDGE_CURVE('',#6550,#6525,#6555,.F.);
#5429=EDGE_CURVE('',#6522,#6556,#6557,.T.);
#5430=EDGE_CURVE('',#6556,#5784,#6558,.F.);
#5431=EDGE_CURVE('',#5786,#6559,#6560,.F.);
#5432=EDGE_CURVE('',#6556,#6561,#6562,.T.);
#5433=EDGE_CURVE('',#6561,#6563,#6564,.T.);
#5434=EDGE_CURVE('',#6563,#6565,#6566,.T.);
#5435=EDGE_CURVE('',#6565,#6567,#6568,.T.);
#5436=EDGE_CURVE('',#6567,#6559,#6569,.T.);
#5437=EDGE_CURVE('',#6570,#6570,#6571,.F.);
#5438=EDGE_CURVE('',#6559,#6512,#6572,.F.);
#5439=EDGE_CURVE('',#6509,#6573,#6574,.T.);
#5440=EDGE_CURVE('',#6573,#5792,#6575,.F.);
#5441=EDGE_CURVE('',#5796,#6576,#6577,.F.);
#5442=EDGE_CURVE('',#6573,#6578,#6579,.T.);
#5443=EDGE_CURVE('',#6578,#6580,#6581,.T.);
#5444=EDGE_CURVE('',#6580,#6582,#6583,.T.);
#5445=EDGE_CURVE('',#6582,#6584,#6585,.T.);
#5446=EDGE_CURVE('',#6584,#6576,#6586,.T.);
#5447=EDGE_CURVE('',#6587,#6587,#6588,.F.);
#5448=EDGE_CURVE('',#6576,#6499,#6589,.F.);
#5449=EDGE_CURVE('',#6496,#6590,#6591,.T.);
#5450=EDGE_CURVE('',#6590,#5802,#6592,.F.);
#5451=EDGE_CURVE('',#5804,#6593,#6594,.F.);
#5452=EDGE_CURVE('',#6590,#6595,#6596,.T.);
#5453=EDGE_CURVE('',#6595,#6597,#6598,.T.);
#5454=EDGE_CURVE('',#6597,#6599,#6600,.T.);
#5455=EDGE_CURVE('',#6599,#6601,#6602,.T.);
#5456=EDGE_CURVE('',#6601,#6593,#6603,.T.);
#5457=EDGE_CURVE('',#6604,#6604,#6605,.F.);
#5458=EDGE_CURVE('',#6593,#6486,#6606,.F.);
#5459=EDGE_CURVE('',#5815,#6157,#6607,.T.);
#5460=EDGE_CURVE('',#5816,#6156,#6608,.T.);
#5461=EDGE_CURVE('',#6481,#5818,#6609,.F.);
#5462=EDGE_CURVE('',#5820,#6479,#6610,.T.);
#5463=EDGE_CURVE('',#5822,#6477,#6611,.T.);
#5464=EDGE_CURVE('',#5824,#6475,#6612,.T.);
#5465=EDGE_CURVE('',#5826,#6473,#6613,.T.);
#5466=EDGE_CURVE('',#5828,#6471,#6614,.T.);
#5467=EDGE_CURVE('',#6469,#5830,#6615,.F.);
#5468=EDGE_CURVE('',#5832,#6467,#6616,.T.);
#5469=EDGE_CURVE('',#5834,#6465,#6617,.T.);
#5470=EDGE_CURVE('',#5836,#6463,#6618,.T.);
#5471=EDGE_CURVE('',#5838,#6461,#6619,.T.);
#5472=EDGE_CURVE('',#5845,#6456,#6620,.T.);
#5473=EDGE_CURVE('',#5847,#6454,#6621,.T.);
#5474=EDGE_CURVE('',#5849,#6452,#6622,.T.);
#5475=EDGE_CURVE('',#6450,#5851,#6623,.F.);
#5476=EDGE_CURVE('',#5853,#6448,#6624,.T.);
#5477=EDGE_CURVE('',#5855,#6446,#6625,.T.);
#5478=EDGE_CURVE('',#5857,#6444,#6626,.T.);
#5479=EDGE_CURVE('',#5859,#6442,#6627,.T.);
#5480=EDGE_CURVE('',#5861,#6440,#6628,.T.);
#5481=EDGE_CURVE('',#6438,#5863,#6629,.F.);
#5482=EDGE_CURVE('',#5865,#6436,#6630,.T.);
#5483=EDGE_CURVE('',#5867,#6434,#6631,.T.);
#5484=EDGE_CURVE('',#5869,#6432,#6632,.T.);
#5485=EDGE_CURVE('',#5871,#6430,#6633,.T.);
#5486=EDGE_CURVE('',#5873,#6428,#6634,.T.);
#5487=EDGE_CURVE('',#6426,#5875,#6635,.F.);
#5488=EDGE_CURVE('',#5877,#6424,#6636,.T.);
#5489=EDGE_CURVE('',#5879,#6422,#6637,.T.);
#5490=EDGE_CURVE('',#5881,#6420,#6638,.T.);
#5491=EDGE_CURVE('',#5883,#6418,#6639,.T.);
#5492=EDGE_CURVE('',#5885,#6416,#6640,.T.);
#5493=EDGE_CURVE('',#6414,#5887,#6641,.F.);
#5494=EDGE_CURVE('',#5889,#6412,#6642,.T.);
#5495=EDGE_CURVE('',#5891,#6410,#6643,.T.);
#5496=EDGE_CURVE('',#5893,#6408,#6644,.T.);
#5497=EDGE_CURVE('',#5895,#6406,#6645,.T.);
#5498=EDGE_CURVE('',#5897,#6404,#6646,.T.);
#5499=EDGE_CURVE('',#6402,#5899,#6647,.F.);
#5500=EDGE_CURVE('',#5901,#6400,#6648,.T.);
#5501=EDGE_CURVE('',#5903,#6398,#6649,.T.);
#5502=EDGE_CURVE('',#5905,#6396,#6650,.T.);
#5503=EDGE_CURVE('',#5907,#6394,#6651,.T.);
#5504=EDGE_CURVE('',#5909,#6392,#6652,.T.);
#5505=EDGE_CURVE('',#6390,#5911,#6653,.F.);
#5506=EDGE_CURVE('',#5913,#6388,#6654,.T.);
#5507=EDGE_CURVE('',#5915,#6386,#6655,.T.);
#5508=EDGE_CURVE('',#5917,#6384,#6656,.T.);
#5509=EDGE_CURVE('',#5919,#6382,#6657,.T.);
#5510=EDGE_CURVE('',#5921,#6380,#6658,.T.);
#5511=EDGE_CURVE('',#6378,#5923,#6659,.F.);
#5512=EDGE_CURVE('',#5925,#6376,#6660,.T.);
#5513=EDGE_CURVE('',#5927,#6374,#6661,.T.);
#5514=EDGE_CURVE('',#5929,#6372,#6662,.T.);
#5515=EDGE_CURVE('',#5931,#6370,#6663,.T.);
#5516=EDGE_CURVE('',#5933,#6368,#6664,.T.);
#5517=EDGE_CURVE('',#6366,#5935,#6665,.F.);
#5518=EDGE_CURVE('',#5937,#6364,#6666,.T.);
#5519=EDGE_CURVE('',#5939,#6362,#6667,.T.);
#5520=EDGE_CURVE('',#5941,#6360,#6668,.T.);
#5521=EDGE_CURVE('',#5943,#6358,#6669,.T.);
#5522=EDGE_CURVE('',#5945,#6356,#6670,.T.);
#5523=EDGE_CURVE('',#6354,#5947,#6671,.F.);
#5524=EDGE_CURVE('',#5949,#6352,#6672,.T.);
#5525=EDGE_CURVE('',#5951,#6350,#6673,.T.);
#5526=EDGE_CURVE('',#5953,#6348,#6674,.T.);
#5527=EDGE_CURVE('',#5955,#6346,#6675,.T.);
#5528=EDGE_CURVE('',#5957,#6344,#6676,.T.);
#5529=EDGE_CURVE('',#6342,#5959,#6677,.F.);
#5530=EDGE_CURVE('',#5961,#6340,#6678,.T.);
#5531=EDGE_CURVE('',#5963,#6338,#6679,.T.);
#5532=EDGE_CURVE('',#5965,#6336,#6680,.T.);
#5533=EDGE_CURVE('',#5967,#6334,#6681,.T.);
#5534=EDGE_CURVE('',#5969,#6332,#6682,.T.);
#5535=EDGE_CURVE('',#6330,#5971,#6683,.F.);
#5536=EDGE_CURVE('',#5973,#6328,#6684,.T.);
#5537=EDGE_CURVE('',#5975,#6326,#6685,.T.);
#5538=EDGE_CURVE('',#5977,#6324,#6686,.T.);
#5539=EDGE_CURVE('',#5979,#6322,#6687,.T.);
#5540=EDGE_CURVE('',#5981,#6320,#6688,.T.);
#5541=EDGE_CURVE('',#6318,#5983,#6689,.F.);
#5542=EDGE_CURVE('',#5985,#6316,#6690,.T.);
#5543=EDGE_CURVE('',#5987,#6314,#6691,.T.);
#5544=EDGE_CURVE('',#5989,#6312,#6692,.T.);
#5545=EDGE_CURVE('',#5991,#6310,#6693,.T.);
#5546=EDGE_CURVE('',#5993,#6308,#6694,.T.);
#5547=EDGE_CURVE('',#6306,#5995,#6695,.F.);
#5548=EDGE_CURVE('',#5997,#6304,#6696,.T.);
#5549=EDGE_CURVE('',#5999,#6302,#6697,.T.);
#5550=EDGE_CURVE('',#6001,#6300,#6698,.T.);
#5551=EDGE_CURVE('',#6003,#6298,#6699,.T.);
#5552=EDGE_CURVE('',#6010,#6291,#6700,.T.);
#5553=EDGE_CURVE('',#6012,#6289,#6701,.T.);
#5554=EDGE_CURVE('',#6014,#6287,#6702,.T.);
#5555=EDGE_CURVE('',#6285,#6016,#6703,.F.);
#5556=EDGE_CURVE('',#6018,#6283,#6704,.T.);
#5557=EDGE_CURVE('',#6020,#6281,#6705,.T.);
#5558=EDGE_CURVE('',#6022,#6279,#6706,.T.);
#5559=EDGE_CURVE('',#6024,#6277,#6707,.T.);
#5560=EDGE_CURVE('',#6026,#6275,#6708,.T.);
#5561=EDGE_CURVE('',#6273,#6028,#6709,.F.);
#5562=EDGE_CURVE('',#6030,#6271,#6710,.T.);
#5563=EDGE_CURVE('',#6032,#6269,#6711,.T.);
#5564=EDGE_CURVE('',#6034,#6267,#6712,.T.);
#5565=EDGE_CURVE('',#6036,#6265,#6713,.T.);
#5566=EDGE_CURVE('',#6038,#6263,#6714,.T.);
#5567=EDGE_CURVE('',#6261,#6040,#6715,.F.);
#5568=EDGE_CURVE('',#6042,#6259,#6716,.T.);
#5569=EDGE_CURVE('',#6044,#6257,#6717,.T.);
#5570=EDGE_CURVE('',#6046,#6255,#6718,.T.);
#5571=EDGE_CURVE('',#6048,#6253,#6719,.T.);
#5572=EDGE_CURVE('',#6050,#6251,#6720,.T.);
#5573=EDGE_CURVE('',#6249,#6052,#6721,.F.);
#5574=EDGE_CURVE('',#6054,#6247,#6722,.T.);
#5575=EDGE_CURVE('',#6056,#6245,#6723,.T.);
#5576=EDGE_CURVE('',#6058,#6243,#6724,.T.);
#5577=EDGE_CURVE('',#6060,#6241,#6725,.T.);
#5578=EDGE_CURVE('',#6062,#6239,#6726,.T.);
#5579=EDGE_CURVE('',#6237,#6064,#6727,.F.);
#5580=EDGE_CURVE('',#6066,#6235,#6728,.T.);
#5581=EDGE_CURVE('',#6068,#6233,#6729,.T.);
#5582=EDGE_CURVE('',#6070,#6231,#6730,.T.);
#5583=EDGE_CURVE('',#6072,#6229,#6731,.T.);
#5584=EDGE_CURVE('',#6074,#6227,#6732,.T.);
#5585=EDGE_CURVE('',#6225,#6076,#6733,.F.);
#5586=EDGE_CURVE('',#6078,#6223,#6734,.T.);
#5587=EDGE_CURVE('',#6080,#6221,#6735,.T.);
#5588=EDGE_CURVE('',#6082,#6219,#6736,.T.);
#5589=EDGE_CURVE('',#6084,#6217,#6737,.T.);
#5590=EDGE_CURVE('',#6086,#6215,#6738,.T.);
#5591=EDGE_CURVE('',#6213,#6088,#6739,.F.);
#5592=EDGE_CURVE('',#6090,#6211,#6740,.T.);
#5593=EDGE_CURVE('',#6092,#6209,#6741,.T.);
#5594=EDGE_CURVE('',#6094,#6207,#6742,.T.);
#5595=EDGE_CURVE('',#6096,#6205,#6743,.T.);
#5596=EDGE_CURVE('',#6098,#6203,#6744,.T.);
#5597=EDGE_CURVE('',#6201,#6100,#6745,.F.);
#5598=EDGE_CURVE('',#6102,#6199,#6746,.T.);
#5599=EDGE_CURVE('',#6104,#6197,#6747,.T.);
#5600=EDGE_CURVE('',#6106,#6195,#6748,.T.);
#5601=EDGE_CURVE('',#6108,#6193,#6749,.T.);
#5602=EDGE_CURVE('',#6110,#6191,#6750,.T.);
#5603=EDGE_CURVE('',#6189,#6112,#6751,.F.);
#5604=EDGE_CURVE('',#6114,#6187,#6752,.T.);
#5605=EDGE_CURVE('',#6116,#6185,#6753,.T.);
#5606=EDGE_CURVE('',#6118,#6183,#6754,.T.);
#5607=EDGE_CURVE('',#6120,#6181,#6755,.T.);
#5608=EDGE_CURVE('',#6122,#6179,#6756,.T.);
#5609=EDGE_CURVE('',#6177,#6124,#6757,.F.);
#5610=EDGE_CURVE('',#6126,#6175,#6758,.T.);
#5611=EDGE_CURVE('',#6128,#6173,#6759,.T.);
#5612=EDGE_CURVE('',#6130,#6171,#6760,.T.);
#5613=EDGE_CURVE('',#6132,#6169,#6761,.T.);
#5614=EDGE_CURVE('',#6134,#6167,#6762,.T.);
#5615=EDGE_CURVE('',#6165,#6136,#6763,.F.);
#5616=EDGE_CURVE('',#6138,#6163,#6764,.T.);
#5617=EDGE_CURVE('',#6140,#6161,#6765,.T.);
#5618=EDGE_CURVE('',#6142,#6159,#6766,.T.);
#5619=EDGE_CURVE('',#6601,#6488,#6767,.T.);
#5620=EDGE_CURVE('',#6599,#6490,#6768,.T.);
#5621=EDGE_CURVE('',#6597,#6492,#6769,.T.);
#5622=EDGE_CURVE('',#6595,#6494,#6770,.T.);
#5623=EDGE_CURVE('',#6584,#6501,#6771,.T.);
#5624=EDGE_CURVE('',#6582,#6503,#6772,.T.);
#5625=EDGE_CURVE('',#6580,#6505,#6773,.T.);
#5626=EDGE_CURVE('',#6578,#6507,#6774,.T.);
#5627=EDGE_CURVE('',#6567,#6514,#6775,.T.);
#5628=EDGE_CURVE('',#6565,#6516,#6776,.T.);
#5629=EDGE_CURVE('',#6563,#6518,#6777,.T.);
#5630=EDGE_CURVE('',#6561,#6520,#6778,.T.);
#5631=EDGE_CURVE('',#6548,#6527,#6779,.T.);
#5632=EDGE_CURVE('',#6546,#6529,#6780,.T.);
#5633=EDGE_CURVE('',#6544,#6531,#6781,.T.);
#5634=EDGE_CURVE('',#6542,#6533,#6782,.T.);
#5635=VERTEX_POINT('',#6783);
#5636=VERTEX_POINT('',#6784);
#5637=B_SPLINE_CURVE_WITH_KNOTS('',3,
(#6785,#6786,#6787,#6788,#6789,#6790,#6791,#6792,#6793,#6794,#6795,#6796,#6797,#6798,
#6799,#6800,#6801,#6802,#6803,#6804,#6805,#6806,#6807,#6808,#6809,#6810,#6811,#6812,
#6813,#6814,#6815,#6816,#6817,#6818,#6819,#6820,#6821,#6822),
.UNSPECIFIED.,.F.,.F.,
(4,1,1,1,1,1,1,1,1,1,1,1,1,1,1,1,1,1,1,1,1,1,1,1,1,1,1,1,1,1,1,1,1,1,1,4),
(0.,0.0323542400580903,0.0643256564384819,0.0960989661740344,0.127464545341926,0.158635708486488,
0.189334845531458,0.21974579418371,0.249745881440399,0.279604337547808,0.308791465923416,
0.337456675562803,0.365212928964878,0.392588625085631,0.418902203675577,0.444539840199428,
0.477272450487734,0.509027671973193,0.539812869177166,0.561459919847632,0.582688785474336,
0.613323667895975,0.656389254764662,0.710786715289942,0.761911278130583,0.806201977190067,
0.844560578371359,0.875486315544196,0.899970357834818,0.916691288242769,0.931880337132527,
0.945546480031529,0.959203847319907,0.972833949114287,0.986434777700914,1.),
.UNSPECIFIED.);
#5638=VERTEX_POINT('',#6823);
#5639=B_SPLINE_CURVE_WITH_KNOTS('',3,
(#6824,#6825,#6826,#6827,#6828,#6829,#6830,#6831,#6832,#6833,#6834,#6835,#6836,#6837,
#6838,#6839,#6840,#6841,#6842,#6843,#6844,#6845,#6846,#6847,#6848,#6849,#6850,#6851,
#6852,#6853,#6854,#6855,#6856,#6857,#6858,#6859,#6860,#6861,#6862,#6863,#6864,#6865,
#6866,#6867,#6868,#6869,#6870),
.UNSPECIFIED.,.F.,.F.,
(4,1,1,1,1,1,1,1,1,1,1,1,1,1,1,1,1,1,1,1,1,1,1,1,1,1,1,1,1,1,1,1,1,1,1,1,1,1,1,1,
1,1,1,1,4),
(0.,0.0138058094715208,0.027694459602909,0.0416755351923163,0.0558059310898608,0.0700082776252488,
0.0843857189668413,0.0988738635008358,0.113530595941547,0.128229358431575,0.143134084352436,
0.158205554735366,0.173593674579089,0.189122334280663,0.214142067657268,0.252965166811257,
0.306169455475392,0.361048015402308,0.403261835225228,0.43223309229853,0.45143083782499,
0.470777025649636,0.497278318820814,0.530995657789699,0.565207870384349,0.592903232120199,
0.613936600534926,0.635024840980388,0.66316998920942,0.698223154371796,0.73298617071618,
0.760444382507758,0.780523006982325,0.800416829173741,0.819841436406964,0.83897429189756,
0.857702292518753,0.876314321481848,0.894590645173071,0.912647518214514,0.930373760850327,
0.947991834032594,0.965371858919067,0.982667033868057,1.),
.UNSPECIFIED.);
#5640=VERTEX_POINT('',#6871);
#5641=LINE('',#6872,#6873);
#5642=VERTEX_POINT('',#6875);
#5643=B_SPLINE_CURVE_WITH_KNOTS('',3,
(#6876,#6877,#6878,#6879,#6880,#6881,#6882,#6883,#6884,#6885,#6886,#6887,#6888,#6889),
.UNSPECIFIED.,.F.,.F.,
(4,2,2,2,2,2,4),
(0.,0.17463522460949,0.346086959998562,0.514354152349157,0.679434713213982,0.841323486074822,
1.),
.UNSPECIFIED.);
#5644=VERTEX_POINT('',#6890);
#5645=LINE('',#6891,#6892);
#5646=VERTEX_POINT('',#6894);
#5647=B_SPLINE_CURVE_WITH_KNOTS('',3,
(#6895,#6896,#6897,#6898,#6899,#6900,#6901,#6902,#6903,#6904,#6905,#6906,#6907,#6908),
.UNSPECIFIED.,.F.,.F.,
(4,2,2,2,2,2,4),
(0.,0.17463522460949,0.346086959998562,0.514354152349157,0.679434713213982,0.841323486074822,
1.),
.UNSPECIFIED.);
#5648=LINE('',#6909,#6910);
#5649=VERTEX_POINT('',#6912);
#5650=B_SPLINE_CURVE_WITH_KNOTS('',3,
(#6913,#6914,#6915,#6916,#6917,#6918,#6919,#6920,#6921,#6922,#6923,#6924,#6925,#6926,
#6927,#6928,#6929,#6930,#6931,#6932,#6933,#6934,#6935,#6936,#6937,#6938,#6939,#6940,
#6941,#6942,#6943,#6944,#6945,#6946,#6947,#6948,#6949,#6950,#6951,#6952,#6953,#6954,
#6955,#6956,#6957,#6958,#6959,#6960,#6961,#6962,#6963,#6964,#6965),
.UNSPECIFIED.,.F.,.F.,
(4,1,1,1,1,1,1,1,1,1,1,1,1,1,1,1,1,1,1,1,1,1,1,1,1,1,1,1,1,1,1,1,1,1,1,1,1,1,1,1,
1,1,1,1,1,1,1,1,1,1,4),
(0.,0.0173732347614791,0.0349329519854494,0.0526624356591877,0.0706573791379633,
0.0887893221193373,0.107287320956083,0.126012995724159,0.145059895589156,0.164198362455509,
0.183678150997482,0.203399114327247,0.223510300027979,0.243769966421708,0.264358954426868,
0.285119490134697,0.306118854128734,0.327192423244178,0.348427110527224,0.369751766472835,
0.391192133098298,0.412670574213004,0.434145454041986,0.45558313861564,0.476943728491617,
0.492745298306623,0.498314375386884,0.519408704808784,0.540240763860833,0.560638997659086,
0.580858683357004,0.600550005895569,0.61985605593325,0.638671925225799,0.657403422206169,
0.675675607047957,0.693598152671281,0.710935526159107,0.728025028853034,0.749902067316902,
0.771435356338319,0.792675274730665,0.809866960543639,0.82837601136859,0.857286672579015,
0.894630691613495,0.931137188217768,0.957695559885204,0.973388940435579,0.98748855705382,
1.),
.UNSPECIFIED.);
#5651=VERTEX_POINT('',#6966);
#5652=LINE('',#6967,#6968);
#5653=B_SPLINE_CURVE_WITH_KNOTS('',3,
(#6970,#6971,#6972,#6973,#6974,#6975,#6976,#6977,#6978,#6979,#6980,#6981,#6982,#6983),
.UNSPECIFIED.,.F.,.F.,
(4,2,2,2,2,2,4),
(0.,0.309615072314032,0.487508096599859,0.629554123255857,0.757851252196431,0.880120072523008,
1.),
.UNSPECIFIED.);
#5654=VERTEX_POINT('',#6984);
#5655=B_SPLINE_CURVE_WITH_KNOTS('',3,
(#6985,#6986,#6987,#6988,#6989,#6990,#6991,#6992,#6993,#6994,#6995,#6996,#6997,#6998,
#6999,#7000,#7001,#7002,#7003,#7004,#7005,#7006,#7007,#7008,#7009,#7010,#7011,#7012,
#7013,#7014,#7015,#7016,#7017,#7018,#7019,#7020,#7021,#7022,#7023,#7024,#7025,#7026,
#7027,#7028,#7029,#7030,#7031,#7032,#7033,#7034,#7035),
.UNSPECIFIED.,.F.,.F.,
(4,1,1,1,1,1,1,1,1,1,1,1,1,1,1,1,1,1,1,1,1,1,1,1,1,1,1,1,1,1,1,1,1,1,1,1,1,1,1,1,
1,1,1,1,1,1,1,1,4),
(0.,0.0188769000815249,0.037475923240855,0.0559637303347989,0.0746914431782594,0.0937723010036987,
0.113167314802077,0.132733416083678,0.152527676675715,0.172389801999111,0.192474226710418,
0.212712033301126,0.233170277027668,0.253678766870254,0.274304424796134,0.294944335262714,
0.322735458030335,0.350692585938048,0.378687592255108,0.406760021838776,0.434877478206287,
0.463001485431845,0.484094999760971,0.49272344168509,0.505246431211634,0.526260878773071,
0.547159717882574,0.567840400791435,0.588426222812166,0.615256611326519,0.648276210408209,
0.686963277442712,0.718404092729701,0.742761059380255,0.760347715095291,0.777615199823627,
0.799931106761744,0.821657631206267,0.842814398689347,0.857736791742443,0.872349630130081,
0.890388300776255,0.911823301339263,0.932226700546843,0.94781252649013,0.958753791575084,
0.969496940137001,0.983177242432486,1.),
.UNSPECIFIED.);
#5656=VERTEX_POINT('',#7036);
#5657=B_SPLINE_CURVE_WITH_KNOTS('',3,
(#7037,#7038,#7039,#7040,#7041,#7042,#7043,#7044,#7045,#7046,#7047,#7048,#7049,#7050),
.UNSPECIFIED.,.F.,.F.,
(4,2,2,2,2,2,4),
(0.,0.309615072314032,0.487508096599859,0.629554123255857,0.757851252196431,0.880120072523008,
1.),
.UNSPECIFIED.);
#5658=LINE('',#7051,#7052);
#5659=VERTEX_POINT('',#7054);
#5660=B_SPLINE_CURVE_WITH_KNOTS('',3,
(#7055,#7056,#7057,#7058,#7059,#7060),
.UNSPECIFIED.,.F.,.F.,
(4,1,1,4),
(0.,0.254001458745792,0.587316424353907,1.),
.UNSPECIFIED.);
#5661=VERTEX_POINT('',#7061);
#5662=LINE('',#7062,#7063);
#5663=CIRCLE('',#7065,13.75);
#5664=VERTEX_POINT('',#7069);
#5665=B_SPLINE_CURVE_WITH_KNOTS('',3,
(#7070,#7071,#7072,#7073,#7074,#7075,#7076),
.UNSPECIFIED.,.F.,.F.,
(4,1,1,1,4),
(0.,0.27526811304088,0.538560889810434,0.789882415509533,1.),
.UNSPECIFIED.);
#5666=VERTEX_POINT('',#7077);
#5667=CIRCLE('',#7078,13.75);
#5668=LINE('',#7082,#7083);
#5669=VERTEX_POINT('',#7085);
#5670=B_SPLINE_CURVE_WITH_KNOTS('',3,
(#7086,#7087,#7088,#7089,#7090,#7091,#7092,#7093,#7094,#7095,#7096,#7097,#7098,#7099,
#7100,#7101,#7102,#7103,#7104,#7105,#7106,#7107,#7108,#7109,#7110,#7111,#7112,#7113,
#7114,#7115,#7116,#7117,#7118,#7119,#7120,#7121,#7122,#7123,#7124,#7125,#7126,#7127,
#7128,#7129,#7130,#7131,#7132,#7133),
.UNSPECIFIED.,.F.,.F.,
(4,1,1,1,1,1,1,1,1,1,1,1,1,1,1,1,1,1,1,1,1,1,1,1,1,1,1,1,1,1,1,1,1,1,1,1,1,1,1,1,
1,1,1,1,1,4),
(0.,0.0176145683601741,0.0370748786049315,0.0583723785282866,0.0893168321705112,
0.12799524951772,0.164667807843779,0.191638360971038,0.214696283926673,0.243451340423561,
0.277830169605552,0.306426563955899,0.329265328939237,0.346333350467634,0.363395056228314,
0.382284376764185,0.403072081178172,0.43155309242006,0.433385571839411,0.463731375125685,
0.494107505092464,0.515109801234696,0.534266167157495,0.551761359212073,0.56934463595937,
0.586985640062855,0.604653451406408,0.6224895653998,0.640472334710456,0.658640025070347,
0.676802149101322,0.694935877426914,0.713034457523785,0.731363138049458,0.749892677491526,
0.76866851542641,0.787525669577318,0.812890023857048,0.844747298887365,0.876816871513427,
0.90266623493534,0.922022863686702,0.941119729956076,0.960177007345231,0.979682413674486,
1.),
.UNSPECIFIED.);
#5671=VERTEX_POINT('',#7134);
#5672=LINE('',#7135,#7136);
#5673=B_SPLINE_CURVE_WITH_KNOTS('',3,
(#7138,#7139,#7140,#7141,#7142,#7143,#7144,#7145,#7146,#7147,#7148,#7149,#7150,#7151),
.UNSPECIFIED.,.F.,.F.,
(4,2,2,2,2,2,4),
(0.,0.119879927476995,0.242148747803577,0.370445876744151,0.512491903400153,0.69038492768598,
1.),
.UNSPECIFIED.);
#5674=VERTEX_POINT('',#7152);
#5675=B_SPLINE_CURVE_WITH_KNOTS('',3,
(#7153,#7154,#7155,#7156,#7157,#7158,#7159,#7160,#7161,#7162,#7163,#7164,#7165,#7166,
#7167,#7168,#7169,#7170,#7171,#7172,#7173,#7174,#7175,#7176,#7177,#7178,#7179,#7180,
#7181,#7182,#7183,#7184,#7185,#7186,#7187,#7188,#7189,#7190,#7191,#7192,#7193,#7194,
#7195,#7196,#7197,#7198,#7199,#7200,#7201,#7202,#7203,#7204,#7205,#7206,#7207,#7208,
#7209,#7210),
.UNSPECIFIED.,.F.,.F.,
(4,1,1,1,1,1,1,1,1,1,1,1,1,1,1,1,1,1,1,1,1,1,1,1,1,1,1,1,1,1,1,1,1,1,1,1,1,1,1,1,
1,1,1,1,1,1,1,1,1,1,1,1,1,1,1,4),
(0.,0.0231926248537692,0.0449764758006734,0.0658485220526293,0.0859439386995938,
0.105860189586234,0.126163879886511,0.146958961186005,0.168044165749945,0.189163107969898,
0.210275558837534,0.231376872358805,0.25952145161853,0.287638238987752,0.315702055622122,
0.336832006432597,0.35797821060538,0.385554440616673,0.412826534714814,0.439797322629857,
0.459338132471981,0.478416386449952,0.503183421893217,0.527634484459527,0.551680282502127,
0.568520207949673,0.568968594158902,0.586007885247494,0.602559498159586,0.618839577484055,
0.640259747129811,0.661624032095379,0.682893465332877,0.698535866455078,0.714042008189155,
0.729205346629565,0.744141292175075,0.758800440729027,0.77343202603566,0.787773531982313,
0.801879309896067,0.819970342687576,0.837539194183831,0.854562921478168,0.870619368991364,
0.886103204524769,0.901044198019177,0.911330795110647,0.921323349695216,0.934908700493402,
0.951660572259936,0.968002765178439,0.980099826558603,0.987698355932509,0.994332554619184,
1.),
.UNSPECIFIED.);
#5676=VERTEX_POINT('',#7211);
#5677=B_SPLINE_CURVE_WITH_KNOTS('',3,
(#7212,#7213,#7214,#7215,#7216,#7217,#7218,#7219,#7220,#7221,#7222,#7223,#7224,#7225),
.UNSPECIFIED.,.F.,.F.,
(4,2,2,2,2,2,4),
(0.,0.119879927476995,0.242148747803577,0.370445876744151,0.512491903400153,0.69038492768598,
1.),
.UNSPECIFIED.);
#5678=LINE('',#7226,#7227);
#5679=VERTEX_POINT('',#7229);
#5680=B_SPLINE_CURVE_WITH_KNOTS('',3,
(#7230,#7231,#7232,#7233,#7234,#7235,#7236,#7237,#7238,#7239,#7240,#7241,#7242,#7243,
#7244,#7245,#7246,#7247,#7248,#7249,#7250,#7251,#7252,#7253,#7254,#7255,#7256,#7257,
#7258,#7259,#7260,#7261,#7262,#7263,#7264,#7265,#7266,#7267,#7268,#7269,#7270,#7271,
#7272),
.UNSPECIFIED.,.F.,.F.,
(4,1,1,1,1,1,1,1,1,1,1,1,1,1,1,1,1,1,1,1,1,1,1,1,1,1,1,1,1,1,1,1,1,1,1,1,1,1,1,1,
4),
(0.,0.0192408362336586,0.0382029044758686,0.0569923407927174,0.0757543678869267,
0.094591555741397,0.11398229569015,0.133798737543806,0.154056119550606,0.174353444635921,
0.195170733739612,0.216462772730625,0.238703000456237,0.261388759258543,0.28521677269152,
0.3098201757767,0.335389331066009,0.361149412143923,0.387606393709141,0.408303676534547,
0.414545122600416,0.442242499236916,0.470238019759834,0.498730142514131,0.527434180204335,
0.556311200861235,0.585176412009696,0.613917074402343,0.642552983692677,0.670984368646713,
0.69931279974728,0.727374428739014,0.755273510471879,0.792144961724348,0.828844071985862,
0.865362426792356,0.892479487194556,0.91952314054465,0.9464236765835,0.973252964516273,
1.),
.UNSPECIFIED.);
#5681=VERTEX_POINT('',#7273);
#5682=LINE('',#7274,#7275);
#5683=B_SPLINE_CURVE_WITH_KNOTS('',3,
(#7277,#7278,#7279,#7280,#7281,#7282,#7283,#7284,#7285,#7286,#7287,#7288,#7289,#7290),
.UNSPECIFIED.,.F.,.F.,
(4,2,2,2,2,2,4),
(0.,0.158676513925184,0.320565286786023,0.485645847650847,0.653913040001441,0.825364775390512,
1.),
.UNSPECIFIED.);
#5684=VERTEX_POINT('',#7291);
#5685=B_SPLINE_CURVE_WITH_KNOTS('',3,
(#7292,#7293,#7294,#7295,#7296,#7297,#7298,#7299,#7300,#7301,#7302,#7303,#7304,#7305,
#7306,#7307,#7308,#7309,#7310,#7311,#7312,#7313,#7314,#7315,#7316,#7317,#7318,#7319,
#7320,#7321,#7322,#7323,#7324,#7325,#7326,#7327,#7328,#7329,#7330,#7331,#7332,#7333,
#7334),
.UNSPECIFIED.,.F.,.F.,
(4,1,1,1,1,1,1,1,1,1,1,1,1,1,1,1,1,1,1,1,1,1,1,1,1,1,1,1,1,1,1,1,1,1,1,1,1,1,1,1,
4),
(0.,0.0192408362336543,0.0382029044758629,0.0569923407927162,0.0757543678869303,
0.0945915557414058,0.113982295690169,0.133798737543829,0.154056119550636,0.17435344463595,
0.19517073373965,0.216462772730667,0.238703000456286,0.261388759258596,0.285216772691581,
0.309820175776767,0.335389331066084,0.361149412144009,0.387606393709231,0.408303676534542,
0.414545122600513,0.442242499237018,0.47023801975994,0.498730142514243,0.52743418020445,
0.556311200861356,0.585176412009816,0.613917074402466,0.642552983692798,0.670984368646833,
0.699312799747394,0.727374428739128,0.755273510471987,0.792144961724447,0.82884407198595,
0.865362426792428,0.89247948719462,0.9195231405447,0.946423676583534,0.97325296451629,
1.),
.UNSPECIFIED.);
#5686=VERTEX_POINT('',#7335);
#5687=B_SPLINE_CURVE_WITH_KNOTS('',3,
(#7336,#7337,#7338,#7339,#7340,#7341,#7342,#7343,#7344,#7345,#7346,#7347,#7348,#7349),
.UNSPECIFIED.,.F.,.F.,
(4,2,2,2,2,2,4),
(0.,0.158676513925184,0.320565286786023,0.485645847650847,0.653913040001441,0.825364775390512,
1.),
.UNSPECIFIED.);
#5688=LINE('',#7350,#7351);
#5689=VERTEX_POINT('',#7353);
#5690=B_SPLINE_CURVE_WITH_KNOTS('',3,
(#7354,#7355,#7356,#7357,#7358,#7359,#7360,#7361,#7362),
.UNSPECIFIED.,.F.,.F.,
(4,1,1,1,1,1,4),
(0.,0.155324375138819,0.314538969266782,0.477477072153023,0.647958126594213,0.822129109448437,
1.),
.UNSPECIFIED.);
#5691=VERTEX_POINT('',#7363);
#5692=LINE('',#7364,#7365);
#5693=CIRCLE('',#7367,16.);
#5694=VERTEX_POINT('',#7371);
#5695=B_SPLINE_CURVE_WITH_KNOTS('',3,
(#7372,#7373,#7374,#7375,#7376,#7377,#7378,#7379,#7380,#7381,#7382),
.UNSPECIFIED.,.F.,.F.,
(4,1,1,1,1,1,1,1,4),
(0.,0.12173292187566,0.245136125341695,0.369979519019782,0.496355295197524,0.622503868508262,
0.74847292721395,0.87427776628817,1.),
.UNSPECIFIED.);
#5696=VERTEX_POINT('',#7383);
#5697=CIRCLE('',#7384,16.);
#5698=LINE('',#7388,#7389);
#5699=B_SPLINE_CURVE_WITH_KNOTS('',3,
(#7391,#7392,#7393,#7394,#7395,#7396,#7397,#7398,#7399,#7400,#7401,#7402,#7403,#7404,
#7405,#7406,#7407,#7408,#7409,#7410,#7411,#7412,#7413,#7414,#7415,#7416,#7417,#7418,
#7419,#7420,#7421,#7422,#7423,#7424,#7425,#7426,#7427,#7428,#7429,#7430,#7431,#7432,
#7433,#7434,#7435,#7436,#7437,#7438,#7439,#7440,#7441,#7442,#7443,#7444,#7445,#7446,
#7447,#7448,#7449,#7450,#7451,#7452,#7453,#7454,#7455,#7456,#7457,#7458,#7459,#7460,
#7461,#7462,#7463,#7464,#7465,#7466,#7467,#7468,#7469,#7470,#7471,#7472,#7473,#7474,
#7475,#7476,#7477,#7478,#7479,#7480,#7481,#7482,#7483,#7484,#7485,#7486,#7487),
.UNSPECIFIED.,.F.,.F.,
(4,1,1,1,1,1,1,1,1,1,1,1,1,1,1,1,1,1,1,1,1,1,1,1,1,1,1,1,1,1,1,1,1,1,1,1,1,1,1,1,
1,1,1,1,1,1,1,1,1,1,1,1,1,1,1,1,1,1,1,1,1,1,1,1,1,1,1,1,1,1,1,1,1,1,1,1,1,1,1,1,
1,1,1,1,1,1,1,1,1,1,1,1,1,1,4),
(0.,0.0308584229614234,0.0604149761205911,0.0888393680556995,0.115694356379035,0.14181470715996,
0.166505963597946,0.190406877447786,0.213302104737198,0.236015032804797,0.257502244665728,
0.278029677198108,0.296846161529182,0.314964702024859,0.331200526131581,0.346264710699686,
0.359714485943171,0.372704061343513,0.384328464928822,0.395034379248725,0.404298380021583,
0.413064859474339,0.420685358833424,0.427645483446013,0.435793550679111,0.443523828445582,
0.450832572889869,0.455680549981103,0.460343763556836,0.464579428430411,0.468541248446063,
0.472174855141309,0.475744567687014,0.479181999548784,0.482545689865827,0.485794502407169,
0.489034992928303,0.492154691358166,0.495171528417315,0.498037097127391,0.499959309695029,
0.500851885380715,0.50360577210161,0.506341866580227,0.509078318952078,0.511840132583186,
0.514601130813653,0.517344745786269,0.520057066582645,0.522764841225596,0.525485119453355,
0.528214195404746,0.530978727177472,0.53377057853208,0.536639647493061,0.539571347766509,
0.542583307957251,0.545613131871912,0.548728466459323,0.551913910710601,0.555216696885044,
0.558566774415332,0.562050971623481,0.565621865771406,0.569307528512012,0.573021460966204,
0.576902148296222,0.580919625654587,0.585175663016359,0.589540836449734,0.597002036067583,
0.607906558987763,0.620032635761842,0.630403964449917,0.640644238193799,0.65322250331137,
0.671477724356313,0.694414226474735,0.717606068337058,0.737733227304914,0.753092953256092,
0.767868157114708,0.782477909543717,0.797487994509417,0.813497474739071,0.830095071677487,
0.847462911968275,0.865003469054635,0.883109048700131,0.901596409718725,0.920685937719018,
0.939991748063149,0.959746206721881,0.97974512114431,1.),
.UNSPECIFIED.);
#5700=VERTEX_POINT('',#7488);
#5701=B_SPLINE_CURVE_WITH_KNOTS('',3,
(#7489,#7490,#7491,#7492,#7493,#7494,#7495,#7496,#7497,#7498,#7499,#7500,#7501,#7502),
.UNSPECIFIED.,.F.,.F.,
(4,2,2,2,2,2,4),
(0.,0.17463522460949,0.346086959998562,0.514354152349157,0.679434713213982,0.841323486074822,
1.),
.UNSPECIFIED.);
#5702=VERTEX_POINT('',#7503);
#5703=LINE('',#7504,#7505);
#5704=B_SPLINE_CURVE_WITH_KNOTS('',3,
(#7507,#7508,#7509,#7510,#7511,#7512,#7513,#7514,#7515,#7516,#7517,#7518,#7519,#7520),
.UNSPECIFIED.,.F.,.F.,
(4,2,2,2,2,2,4),
(0.,0.17463522460949,0.346086959998562,0.514354152349157,0.679434713213982,0.841323486074822,
1.),
.UNSPECIFIED.);
#5705=VERTEX_POINT('',#7521);
#5706=VERTEX_POINT('',#7522);
#5707=B_SPLINE_CURVE_WITH_KNOTS('',3,
(#7523,#7524,#7525,#7526,#7527,#7528,#7529,#7530,#7531,#7532,#7533,#7534,#7535,#7536,
#7537,#7538,#7539,#7540,#7541,#7542,#7543,#7544,#7545,#7546,#7547,#7548,#7549,#7550,
#7551,#7552,#7553,#7554,#7555,#7556,#7557,#7558,#7559,#7560,#7561,#7562,#7563,#7564,
#7565,#7566,#7567,#7568,#7569,#7570,#7571,#7572,#7573,#7574,#7575,#7576,#7577,#7578,
#7579,#7580,#7581,#7582,#7583,#7584,#7585,#7586,#7587,#7588,#7589,#7590,#7591,#7592,
#7593,#7594),
.UNSPECIFIED.,.F.,.F.,
(4,1,1,1,1,1,1,1,1,1,1,1,1,1,1,1,1,1,1,1,1,1,1,1,1,1,1,1,1,1,1,1,1,1,1,1,1,1,1,1,
1,1,1,1,1,1,1,1,1,1,1,1,1,1,1,1,1,1,1,1,1,1,1,1,1,1,1,1,1,4),
(0.,0.0308501030739144,0.0602498408318292,0.0869682560335131,0.112188107775514,0.140295264447966,
0.172960823148965,0.206674711927753,0.235976217341756,0.256738690774688,0.271238372121536,
0.281849049958603,0.292270050821768,0.302358330979162,0.312305501267616,0.322799819580259,
0.333983669017286,0.34930412083579,0.367555022093985,0.387929130460998,0.406799071961339,
0.424467598277924,0.438139818430271,0.447993568758105,0.454200366599976,0.460408972279291,
0.46874786024345,0.4771279047563,0.485517733483825,0.495338930713406,0.500008264424743,
0.508773352494733,0.523000404013406,0.534497476616496,0.543278449889544,0.552153450132663,
0.565905501343862,0.586260421886627,0.613749143570509,0.642324967909697,0.668813325567022,
0.688193409470141,0.701753423336753,0.710975232656626,0.720323224036313,0.729978355130076,
0.739814583470343,0.749902032895147,0.760059457763575,0.770401089531862,0.780864349488282,
0.791500666684208,0.802194199600125,0.816618545344211,0.834706112781037,0.852784280319585,
0.867176572669515,0.877856277097589,0.888485809635395,0.898985636997392,0.909404324493155,
0.919707760488514,0.929975569794824,0.940145023367166,0.950251682766735,0.960259784121385,
0.97023091105134,0.980122008607426,0.990020897305467,1.),
.UNSPECIFIED.);
#5708=VERTEX_POINT('',#7595);
#5709=LINE('',#7596,#7597);
#5710=VERTEX_POINT('',#7599);
#5711=B_SPLINE_CURVE_WITH_KNOTS('',3,
(#7600,#7601,#7602,#7603,#7604,#7605,#7606,#7607,#7608,#7609,#7610,#7611,#7612,#7613),
.UNSPECIFIED.,.F.,.F.,
(4,2,2,2,2,2,4),
(0.,0.17463522460949,0.346086959998562,0.514354152349157,0.679434713213982,0.841323486074822,
1.),
.UNSPECIFIED.);
#5712=VERTEX_POINT('',#7614);
#5713=LINE('',#7615,#7616);
#5714=VERTEX_POINT('',#7618);
#5715=B_SPLINE_CURVE_WITH_KNOTS('',3,
(#7619,#7620,#7621,#7622,#7623,#7624,#7625,#7626,#7627,#7628,#7629,#7630,#7631,#7632),
.UNSPECIFIED.,.F.,.F.,
(4,2,2,2,2,2,4),
(0.,0.17463522460949,0.346086959998562,0.514354152349157,0.679434713213982,0.841323486074822,
1.),
.UNSPECIFIED.);
#5716=LINE('',#7633,#7634);
#5717=VERTEX_POINT('',#7636);
#5718=B_SPLINE_CURVE_WITH_KNOTS('',3,
(#7637,#7638,#7639,#7640,#7641,#7642,#7643,#7644,#7645,#7646,#7647,#7648,#7649,#7650,
#7651,#7652,#7653,#7654,#7655,#7656,#7657,#7658,#7659,#7660,#7661,#7662,#7663,#7664,
#7665,#7666,#7667,#7668,#7669,#7670,#7671,#7672,#7673,#7674,#7675,#7676,#7677,#7678,
#7679,#7680,#7681,#7682,#7683,#7684,#7685,#7686,#7687,#7688,#7689),
.UNSPECIFIED.,.F.,.F.,
(4,1,1,1,1,1,1,1,1,1,1,1,1,1,1,1,1,1,1,1,1,1,1,1,1,1,1,1,1,1,1,1,1,1,1,1,1,1,1,1,
1,1,1,1,1,1,1,1,1,1,4),
(0.,0.0197770906044511,0.0396562771841414,0.0596568993431049,0.0797841588753476,
0.0999731688068782,0.120302075432765,0.140696292104762,0.161176525310264,0.181670093569538,
0.202167801269648,0.222645717208068,0.2430737220248,0.263456387192265,0.283705198808184,
0.303865255601264,0.323903634645168,0.343882962570062,0.363763006894367,0.383580381712637,
0.403277523176675,0.422945345897504,0.442553508274541,0.462127189446311,0.488120210589785,
0.492698298734161,0.514016980453557,0.539822358186625,0.55889234509167,0.577827728011312,
0.602423092530878,0.632604747423895,0.66225019930666,0.685486114249643,0.707992437036837,
0.730249699333138,0.752202301542871,0.768388207112665,0.784559155653775,0.800571741061885,
0.816449636495686,0.83719841594472,0.857579465527575,0.877544170700386,0.896767319240445,
0.915689159736723,0.934277207750333,0.947750182161639,0.961088009072021,0.978456919561382,
1.),
.UNSPECIFIED.);
#5719=VERTEX_POINT('',#7690);
#5720=LINE('',#7691,#7692);
#5721=B_SPLINE_CURVE_WITH_KNOTS('',3,
(#7694,#7695,#7696,#7697,#7698,#7699,#7700,#7701,#7702,#7703,#7704,#7705,#7706,#7707),
.UNSPECIFIED.,.F.,.F.,
(4,2,2,2,2,2,4),
(0.,0.309615072314032,0.487508096599859,0.629554123255857,0.757851252196431,0.880120072523008,
1.),
.UNSPECIFIED.);
#5722=VERTEX_POINT('',#7708);
#5723=B_SPLINE_CURVE_WITH_KNOTS('',3,
(#7709,#7710,#7711,#7712,#7713,#7714,#7715,#7716,#7717,#7718,#7719,#7720,#7721,#7722,
#7723,#7724,#7725,#7726,#7727,#7728,#7729,#7730,#7731,#7732,#7733,#7734,#7735,#7736,
#7737,#7738,#7739,#7740,#7741,#7742,#7743,#7744,#7745,#7746,#7747,#7748,#7749,#7750,
#7751,#7752,#7753,#7754,#7755,#7756,#7757,#7758,#7759),
.UNSPECIFIED.,.F.,.F.,
(4,1,1,1,1,1,1,1,1,1,1,1,1,1,1,1,1,1,1,1,1,1,1,1,1,1,1,1,1,1,1,1,1,1,1,1,1,1,1,1,
1,1,1,1,1,1,1,1,4),
(0.,0.018876900081788,0.0374759232407435,0.055963730334313,0.0746914431774308,0.093772301002659,
0.113167314800901,0.132733416082421,0.152527676674352,0.172389801997668,0.192474226708907,
0.212712033299578,0.233170277026113,0.253678766868704,0.274304424794619,0.294944335261264,
0.322735458028992,0.350692585936849,0.378687592254077,0.406760021837931,0.434877478205627,
0.463001485431359,0.484094999760597,0.492723441684969,0.505246431211367,0.52626087877288,
0.547159717882441,0.567840400791354,0.588426222812124,0.615256611326498,0.648276210408205,
0.6869632774427,0.718404092729696,0.742761059380244,0.760347715095281,0.777615199823619,
0.799931106761748,0.821657631206281,0.842814398689369,0.857736791742465,0.872349630130114,
0.890388300776281,0.911823301339274,0.93222670054683,0.94781252649011,0.958753791575045,
0.969496940136955,0.98317724243246,1.),
.UNSPECIFIED.);
#5724=VERTEX_POINT('',#7760);
#5725=B_SPLINE_CURVE_WITH_KNOTS('',3,
(#7761,#7762,#7763,#7764,#7765,#7766,#7767,#7768,#7769,#7770,#7771,#7772,#7773,#7774),
.UNSPECIFIED.,.F.,.F.,
(4,2,2,2,2,2,4),
(0.,0.309615072314032,0.487508096599859,0.629554123255857,0.757851252196431,0.880120072523008,
1.),
.UNSPECIFIED.);
#5726=LINE('',#7775,#7776);
#5727=VERTEX_POINT('',#7778);
#5728=B_SPLINE_CURVE_WITH_KNOTS('',3,
(#7779,#7780,#7781,#7782,#7783,#7784),
.UNSPECIFIED.,.F.,.F.,
(4,1,1,4),
(0.,0.291885772640306,0.625507963337623,1.),
.UNSPECIFIED.);
#5729=VERTEX_POINT('',#7785);
#5730=LINE('',#7786,#7787);
#5731=CIRCLE('',#7789,13.75);
#5732=VERTEX_POINT('',#7793);
#5733=B_SPLINE_CURVE_WITH_KNOTS('',3,
(#7794,#7795,#7796,#7797,#7798,#7799),
.UNSPECIFIED.,.F.,.F.,
(4,1,1,4),
(0.,0.291163158197892,0.624362560107967,1.),
.UNSPECIFIED.);
#5734=VERTEX_POINT('',#7800);
#5735=CIRCLE('',#7801,13.75);
#5736=LINE('',#7805,#7806);
#5737=VERTEX_POINT('',#7808);
#5738=B_SPLINE_CURVE_WITH_KNOTS('',3,
(#7809,#7810,#7811,#7812,#7813,#7814,#7815,#7816,#7817,#7818,#7819,#7820,#7821,#7822,
#7823,#7824,#7825,#7826,#7827,#7828,#7829,#7830,#7831,#7832,#7833,#7834,#7835,#7836,
#7837,#7838,#7839,#7840,#7841,#7842,#7843,#7844,#7845,#7846,#7847,#7848,#7849,#7850,
#7851,#7852,#7853,#7854,#7855,#7856,#7857,#7858,#7859,#7860,#7861,#7862,#7863,#7864,
#7865),
.UNSPECIFIED.,.F.,.F.,
(4,1,1,1,1,1,1,1,1,1,1,1,1,1,1,1,1,1,1,1,1,1,1,1,1,1,1,1,1,1,1,1,1,1,1,1,1,1,1,1,
1,1,1,1,1,1,1,1,1,1,1,1,1,1,4),
(0.,0.0165701824050514,0.0330866398302334,0.049554501743749,0.0660329457460071,0.0825726731448708,
0.0991599591931784,0.115759890894076,0.132368757314426,0.148988879145083,0.16566170900567,
0.18237292453251,0.199124848687678,0.215894891854391,0.232618121148613,0.249269582772195,
0.265850256737077,0.28243553742728,0.304541783310935,0.326656735421519,0.348774630821497,
0.370896339629383,0.398554624855095,0.431547979123209,0.431949564449602,0.465573600206036,
0.493775948196826,0.516442792149436,0.539223873037204,0.562204933354834,0.585200321361926,
0.6025455609784,0.619972123705536,0.64360080079297,0.667321533712926,0.691007041722723,
0.70861947401573,0.726259566463017,0.743821063320734,0.761332470403549,0.780151415192816,
0.800335863637885,0.827904766163751,0.860466939585585,0.88976161026651,0.909650313665381,
0.920936345909076,0.931944366677308,0.942269440764574,0.952203392491515,0.961738962137232,
0.971260543190572,0.980714677363343,0.990272839330598,1.),
.UNSPECIFIED.);
#5739=VERTEX_POINT('',#7866);
#5740=LINE('',#7867,#7868);
#5741=B_SPLINE_CURVE_WITH_KNOTS('',3,
(#7870,#7871,#7872,#7873,#7874,#7875,#7876,#7877,#7878,#7879,#7880,#7881,#7882,#7883),
.UNSPECIFIED.,.F.,.F.,
(4,2,2,2,2,2,4),
(0.,0.119879927476995,0.242148747803577,0.370445876744151,0.512491903400153,0.69038492768598,
1.),
.UNSPECIFIED.);
#5742=VERTEX_POINT('',#7884);
#5743=B_SPLINE_CURVE_WITH_KNOTS('',3,
(#7885,#7886,#7887,#7888,#7889,#7890,#7891,#7892,#7893,#7894,#7895,#7896,#7897,#7898,
#7899,#7900,#7901,#7902,#7903,#7904,#7905,#7906,#7907,#7908,#7909,#7910,#7911,#7912,
#7913,#7914,#7915,#7916,#7917,#7918,#7919,#7920,#7921,#7922,#7923,#7924,#7925,#7926,
#7927,#7928,#7929,#7930,#7931,#7932),
.UNSPECIFIED.,.F.,.F.,
(4,1,1,1,1,1,1,1,1,1,1,1,1,1,1,1,1,1,1,1,1,1,1,1,1,1,1,1,1,1,1,1,1,1,1,1,1,1,1,1,
1,1,1,1,1,4),
(0.,0.0176145683601764,0.0370748786049346,0.0583723785282877,0.0893168321705154,
0.127995249517729,0.164667807843797,0.191638360971048,0.214696283926684,0.243451340423557,
0.277830169605553,0.306426563955904,0.32926532893925,0.346333350467651,0.363395056228324,
0.382284376764194,0.403072081178191,0.431553092420071,0.433385571839428,0.463731375125709,
0.494107505092484,0.515109801234726,0.534266167157528,0.551761359212107,0.569344635959407,
0.586985640062887,0.604653451406428,0.62248956539983,0.640472334710493,0.658640025070381,
0.676802149101361,0.694935877426944,0.713034457523819,0.73136313804948,0.749892677491559,
0.768668515426432,0.787525669577346,0.812890023857083,0.844747298887402,0.876816871513487,
0.902666234935405,0.922022863686752,0.941119729956107,0.960177007345253,0.979682413674492,
1.),
.UNSPECIFIED.);
#5744=VERTEX_POINT('',#7933);
#5745=B_SPLINE_CURVE_WITH_KNOTS('',3,
(#7934,#7935,#7936,#7937,#7938,#7939,#7940,#7941,#7942,#7943,#7944,#7945,#7946,#7947),
.UNSPECIFIED.,.F.,.F.,
(4,2,2,2,2,2,4),
(0.,0.119879927476995,0.242148747803577,0.370445876744151,0.512491903400153,0.69038492768598,
1.),
.UNSPECIFIED.);
#5746=LINE('',#7948,#7949);
#5747=VERTEX_POINT('',#7951);
#5748=B_SPLINE_CURVE_WITH_KNOTS('',3,
(#7952,#7953,#7954,#7955,#7956,#7957,#7958,#7959,#7960,#7961,#7962,#7963,#7964,#7965,
#7966,#7967,#7968,#7969,#7970,#7971,#7972,#7973,#7974,#7975,#7976,#7977,#7978,#7979,
#7980,#7981,#7982,#7983,#7984,#7985,#7986,#7987,#7988,#7989,#7990,#7991,#7992,#7993,
#7994),
.UNSPECIFIED.,.F.,.F.,
(4,1,1,1,1,1,1,1,1,1,1,1,1,1,1,1,1,1,1,1,1,1,1,1,1,1,1,1,1,1,1,1,1,1,1,1,1,1,1,1,
4),
(0.,0.0192408362336621,0.038202904475872,0.05699234079272,0.0757543678869325,0.0945915557414057,
0.113982295690175,0.13379873754384,0.154056119550657,0.17435344463598,0.195170733739695,
0.216462772730714,0.238703000456332,0.261388759258643,0.285216772691619,0.309820175776796,
0.335389331066105,0.361149412144041,0.387606393709282,0.40830367653456,0.41454512260058,
0.442242499237102,0.470238019760039,0.498730142514312,0.527434180204453,0.55631120086118,
0.585176412009361,0.613917074401557,0.64255298369129,0.670984368644627,0.699312799744498,
0.727374428736433,0.755273510470645,0.792144961728481,0.828844071997534,0.865362426813179,
0.89247948722387,0.91952314058415,0.946423676628185,0.97325296455659,1.),
.UNSPECIFIED.);
#5749=VERTEX_POINT('',#7995);
#5750=LINE('',#7996,#7997);
#5751=B_SPLINE_CURVE_WITH_KNOTS('',3,
(#7999,#8000,#8001,#8002,#8003,#8004,#8005,#8006,#8007,#8008,#8009,#8010,#8011,#8012),
.UNSPECIFIED.,.F.,.F.,
(4,2,2,2,2,2,4),
(0.,0.158676513925184,0.320565286786023,0.485645847650847,0.653913040001441,0.825364775390512,
1.),
.UNSPECIFIED.);
#5752=VERTEX_POINT('',#8013);
#5753=B_SPLINE_CURVE_WITH_KNOTS('',3,
(#8014,#8015,#8016,#8017,#8018,#8019,#8020,#8021,#8022,#8023,#8024,#8025,#8026,#8027,
#8028,#8029,#8030,#8031,#8032,#8033,#8034,#8035,#8036,#8037,#8038,#8039,#8040,#8041,
#8042,#8043,#8044,#8045,#8046,#8047,#8048,#8049,#8050,#8051,#8052,#8053,#8054,#8055,
#8056),
.UNSPECIFIED.,.F.,.F.,
(4,1,1,1,1,1,1,1,1,1,1,1,1,1,1,1,1,1,1,1,1,1,1,1,1,1,1,1,1,1,1,1,1,1,1,1,1,1,1,1,
4),
(0.,0.0192408362336577,0.0382029044758649,0.0569923407927224,0.0757543678869389,
0.0945915557414118,0.113982295690182,0.133798737543854,0.154056119550679,0.174353444636019,
0.195170733739741,0.216462772730772,0.23870300045639,0.261388759258695,0.285216772691664,
0.30982017577684,0.335389331066146,0.361149412144083,0.387606393709338,0.408303676534562,
0.414545122600656,0.442242499237202,0.470238019760161,0.498730142514426,0.527434180204509,
0.556311200861063,0.585176412008988,0.613917074400756,0.642552983689924,0.6709843686426,
0.6993127997418,0.727374428733924,0.755273510469409,0.792144961732329,0.828844072008488,
0.865362426832778,0.89247948725148,0.91952314062139,0.946423676670322,0.973252964594615,
1.),
.UNSPECIFIED.);
#5754=VERTEX_POINT('',#8057);
#5755=B_SPLINE_CURVE_WITH_KNOTS('',3,
(#8058,#8059,#8060,#8061,#8062,#8063,#8064,#8065,#8066,#8067,#8068,#8069,#8070,#8071),
.UNSPECIFIED.,.F.,.F.,
(4,2,2,2,2,2,4),
(0.,0.158676513925184,0.320565286786023,0.485645847650847,0.653913040001441,0.825364775390512,
1.),
.UNSPECIFIED.);
#5756=LINE('',#8072,#8073);
#5757=VERTEX_POINT('',#8075);
#5758=B_SPLINE_CURVE_WITH_KNOTS('',3,
(#8076,#8077,#8078,#8079,#8080,#8081,#8082,#8083,#8084,#8085,#8086,#8087),
.UNSPECIFIED.,.F.,.F.,
(4,1,1,1,1,1,1,1,1,4),
(0.,0.0757040839195937,0.175265161503353,0.290388499013703,0.414165655371624,0.53166430756639,
0.651376531333233,0.770314357921849,0.886591621818229,1.),
.UNSPECIFIED.);
#5759=VERTEX_POINT('',#8088);
#5760=LINE('',#8089,#8090);
#5761=CIRCLE('',#8092,16.);
#5762=VERTEX_POINT('',#8096);
#5763=B_SPLINE_CURVE_WITH_KNOTS('',3,
(#8097,#8098,#8099,#8100,#8101,#8102,#8103,#8104,#8105,#8106,#8107),
.UNSPECIFIED.,.F.,.F.,
(4,1,1,1,1,1,1,1,4),
(0.,0.0588317398278854,0.123750856301787,0.194712461555511,0.312226269610894,0.488086895231358,
0.684605614641474,0.861137667736885,1.),
.UNSPECIFIED.);
#5764=VERTEX_POINT('',#8108);
#5765=CIRCLE('',#8109,16.);
#5766=LINE('',#8113,#8114);
#5767=VERTEX_POINT('',#8116);
#5768=B_SPLINE_CURVE_WITH_KNOTS('',3,
(#8117,#8118,#8119,#8120,#8121,#8122,#8123,#8124,#8125,#8126,#8127,#8128,#8129,#8130,
#8131,#8132,#8133,#8134,#8135,#8136,#8137,#8138,#8139,#8140,#8141,#8142,#8143,#8144,
#8145,#8146,#8147,#8148,#8149,#8150,#8151,#8152,#8153,#8154,#8155,#8156,#8157,#8158,
#8159),
.UNSPECIFIED.,.F.,.F.,
(4,1,1,1,1,1,1,1,1,1,1,1,1,1,1,1,1,1,1,1,1,1,1,1,1,1,1,1,1,1,1,1,1,1,1,1,1,1,1,1,
4),
(0.,0.0570676157961216,0.112279710156922,0.1658363117691,0.216968535922024,0.26695037856731,
0.314517284574351,0.360698120474167,0.405045108288944,0.449008284147341,0.490652662422636,
0.53049611041837,0.567174222033266,0.602567082553595,0.634525352945457,0.664354130398404,
0.69126918301164,0.717369453036521,0.740968124979343,0.762844848561212,0.782029544790083,
0.80028216198222,0.816315214682616,0.831079573874363,0.848591233341016,0.86518202813095,
0.880799988750135,0.891030121812762,0.900824920934197,0.910354686879626,0.920047605652694,
0.932465169651109,0.946657520310452,0.959440346440198,0.96828016693195,0.975544088524189,
0.982480873481517,0.98907936069971,0.993245757465354,0.996885555066878,1.),
.UNSPECIFIED.);
#5769=B_SPLINE_CURVE_WITH_KNOTS('',3,
(#8160,#8161,#8162,#8163,#8164,#8165,#8166,#8167,#8168,#8169,#8170,#8171,#8172,#8173,
#8174,#8175,#8176,#8177,#8178,#8179,#8180,#8181,#8182,#8183,#8184,#8185,#8186,#8187,
#8188,#8189,#8190,#8191,#8192,#8193,#8194,#8195,#8196,#8197,#8198,#8199,#8200,#8201,
#8202,#8203,#8204,#8205,#8206,#8207,#8208,#8209,#8210,#8211,#8212,#8213,#8214,#8215,
#8216),
.UNSPECIFIED.,.F.,.F.,
(4,1,1,1,1,1,1,1,1,1,1,1,1,1,1,1,1,1,1,1,1,1,1,1,1,1,1,1,1,1,1,1,1,1,1,1,1,1,1,1,
1,1,1,1,1,1,1,1,1,1,1,1,1,1,4),
(0.,0.00556058679499646,0.0112522729141634,0.0170532247348342,0.0229603520396688,
0.0288916647326648,0.0348187308541652,0.0406924557654861,0.0465025393974738,0.0523040037248039,
0.0582303475337461,0.0643115928555701,0.070643652708367,0.0770800781846776,0.0836992280985164,
0.090432622693877,0.0972937923796693,0.104172488923285,0.111233191366021,0.118448468600529,
0.125921583588404,0.133492630569776,0.14138731625752,0.149495804605186,0.160801187744103,
0.173785736337345,0.188423367868652,0.206932907184884,0.226258446688303,0.246413938177068,
0.266151436643046,0.285747644095095,0.305200357754629,0.323401146152636,0.344525239235618,
0.383604271311259,0.427248540178507,0.475433679118407,0.511723319919592,0.546609656451672,
0.577985462566771,0.607265788913598,0.634806671222103,0.662702818418439,0.691458083781542,
0.720706399697081,0.750591074427832,0.780602906394458,0.811049778560923,0.841787070004421,
0.872975904698534,0.90434138502586,0.936039370967623,0.96792413720221,1.),
.UNSPECIFIED.);
#5770=VERTEX_POINT('',#8217);
#5771=B_SPLINE_CURVE_WITH_KNOTS('',3,
(#8218,#8219,#8220,#8221,#8222,#8223,#8224,#8225,#8226,#8227,#8228,#8229,#8230,#8231),
.UNSPECIFIED.,.F.,.F.,
(4,2,2,2,2,2,4),
(0.,0.17463522460949,0.346086959998562,0.514354152349157,0.679434713213982,0.841323486074822,
1.),
.UNSPECIFIED.);
#5772=VERTEX_POINT('',#8232);
#5773=LINE('',#8233,#8234);
#5774=B_SPLINE_CURVE_WITH_KNOTS('',3,
(#8236,#8237,#8238,#8239,#8240,#8241,#8242,#8243,#8244,#8245,#8246,#8247,#8248,#8249),
.UNSPECIFIED.,.F.,.F.,
(4,2,2,2,2,2,4),
(0.,0.17463522460949,0.346086959998562,0.514354152349157,0.679434713213982,0.841323486074822,
1.),
.UNSPECIFIED.);
#5775=VERTEX_POINT('',#8250);
#5776=VERTEX_POINT('',#8251);
#5777=LINE('',#8252,#8253);
#5778=VERTEX_POINT('',#8255);
#5779=CIRCLE('',#8256,5.1);
#5780=VERTEX_POINT('',#8260);
#5781=LINE('',#8261,#8262);
#5782=VERTEX_POINT('',#8264);
#5783=CIRCLE('',#8265,5.1);
#5784=VERTEX_POINT('',#8269);
#5785=LINE('',#8270,#8271);
#5786=VERTEX_POINT('',#8273);
#5787=CIRCLE('',#8274,5.1);
#5788=VERTEX_POINT('',#8278);
#5789=LINE('',#8279,#8280);
#5790=VERTEX_POINT('',#8282);
#5791=CIRCLE('',#8283,5.1);
#5792=VERTEX_POINT('',#8287);
#5793=LINE('',#8288,#8289);
#5794=VERTEX_POINT('',#8291);
#5795=CIRCLE('',#8292,5.1);
#5796=VERTEX_POINT('',#8296);
#5797=CIRCLE('',#8297,5.1);
#5798=VERTEX_POINT('',#8301);
#5799=LINE('',#8302,#8303);
#5800=VERTEX_POINT('',#8305);
#5801=CIRCLE('',#8306,5.1);
#5802=VERTEX_POINT('',#8310);
#5803=LINE('',#8311,#8312);
#5804=VERTEX_POINT('',#8314);
#5805=CIRCLE('',#8315,5.1);
#5806=VERTEX_POINT('',#8319);
#5807=LINE('',#8320,#8321);
#5808=CIRCLE('',#8323,5.1);
#5809=VERTEX_POINT('',#8327);
#5810=CIRCLE('',#8328,5.1);
#5811=VERTEX_POINT('',#8332);
#5812=B_SPLINE_CURVE_WITH_KNOTS('',3,
(#8333,#8334,#8335,#8336,#8337,#8338,#8339,#8340,#8341,#8342,#8343,#8344,#8345,#8346,
#8347,#8348,#8349,#8350,#8351,#8352,#8353,#8354,#8355,#8356,#8357,#8358,#8359,#8360,
#8361,#8362,#8363,#8364,#8365,#8366,#8367,#8368,#8369,#8370,#8371,#8372,#8373,#8374,
#8375,#8376,#8377,#8378,#8379,#8380,#8381,#8382,#8383,#8384,#8385,#8386,#8387,#8388,
#8389),
.UNSPECIFIED.,.T.,.F.,
(4,1,1,1,1,1,1,1,1,1,1,1,1,1,1,1,1,1,1,1,1,1,1,1,1,1,1,1,1,1,1,1,1,1,1,1,1,1,1,1,
1,1,1,1,1,1,1,1,1,1,1,1,1,1,4),
(0.,0.0135783578410237,0.0278840779278528,0.0429397612607531,0.0594720773690493,
0.0767485669144177,0.094154736084924,0.110947561581783,0.126665186830386,0.141921557479975,
0.159640672320413,0.176828723252197,0.193481029886701,0.209995589721355,0.229831561278455,
0.249999837598014,0.25222026435893,0.274178620790241,0.296366494394608,0.320088452127685,
0.346827079207812,0.376266397056079,0.407964413416888,0.434650335747532,0.455985357270405,
0.471795933220417,0.487538865639823,0.499997337698678,0.503516053297207,0.519802328569702,
0.536158788974631,0.552290590135857,0.568794153933237,0.585908056865112,0.60340766365674,
0.620686330943191,0.636969620287499,0.65247815396569,0.671152196237331,0.69370530115574,
0.716290752147363,0.734970419074069,0.749784163409997,0.749998060329827,0.764585107755818,
0.783300096710698,0.805957618589538,0.828665764678868,0.847502913295656,0.86837619683021,
0.894003409935924,0.923178317414301,0.949485285392837,0.97469531212246,1.),
.UNSPECIFIED.);
#5813=VERTEX_POINT('',#8390);
#5814=B_SPLINE_CURVE_WITH_KNOTS('',3,
(#8391,#8392,#8393,#8394,#8395,#8396,#8397,#8398,#8399,#8400,#8401,#8402,#8403,#8404,
#8405,#8406,#8407,#8408,#8409,#8410,#8411,#8412,#8413,#8414,#8415,#8416,#8417,#8418,
#8419,#8420,#8421,#8422,#8423,#8424,#8425,#8426,#8427,#8428,#8429,#8430,#8431,#8432,
#8433,#8434,#8435,#8436,#8437,#8438,#8439,#8440,#8441,#8442,#8443,#8444,#8445,#8446,
#8447),
.UNSPECIFIED.,.T.,.F.,
(4,1,1,1,1,1,1,1,1,1,1,1,1,1,1,1,1,1,1,1,1,1,1,1,1,1,1,1,1,1,1,1,1,1,1,1,1,1,1,1,
1,1,1,1,1,1,1,1,1,1,1,1,1,1,4),
(0.,0.0135783578410235,0.0278840779278547,0.0429397612607537,0.059472077369049,0.0767485669144189,
0.0941547360849241,0.110947561581784,0.126665186830386,0.141921557479974,0.159640672320413,
0.176828723252197,0.193481029886701,0.209995589721355,0.229831561278455,0.249999837598014,
0.252220264358931,0.274178620790242,0.296366494394609,0.320088452127684,0.346827079207812,
0.376266397056079,0.407964413416888,0.434650335747531,0.455985357270403,0.471795933220417,
0.487538865639823,0.499997337698454,0.503516053297207,0.519802328569701,0.536158788974629,
0.552290590135856,0.568794153933236,0.585908056865111,0.60340766365674,0.620686330943192,
0.6369696202875,0.652478153965692,0.671152196237331,0.69370530115574,0.716290752147363,
0.73497041907407,0.749784163409998,0.749998060329828,0.764585107755819,0.783300096710699,
0.805957618589538,0.828665764678868,0.847502913295656,0.868376196830211,0.894003409935925,
0.923178317414301,0.949485285392836,0.974695312122459,1.),
.UNSPECIFIED.);
#5815=VERTEX_POINT('',#8448);
#5816=VERTEX_POINT('',#8449);
#5817=B_SPLINE_CURVE_WITH_KNOTS('',3,
(#8450,#8451,#8452,#8453,#8454,#8455,#8456,#8457,#8458,#8459,#8460,#8461,#8462,#8463),
.UNSPECIFIED.,.F.,.F.,
(4,2,2,2,2,2,4),
(0.,0.158676513925184,0.320565286786023,0.485645847650847,0.653913040001441,0.825364775390512,
1.),
.UNSPECIFIED.);
#5818=VERTEX_POINT('',#8464);
#5819=CIRCLE('',#8465,16.);
#5820=VERTEX_POINT('',#8469);
#5821=B_SPLINE_CURVE_WITH_KNOTS('',3,
(#8470,#8471,#8472,#8473,#8474,#8475,#8476,#8477,#8478,#8479,#8480,#8481,#8482,#8483),
.UNSPECIFIED.,.F.,.F.,
(4,2,2,2,2,2,4),
(0.,0.17463522460949,0.346086959998562,0.514354152349157,0.679434713213982,0.841323486074822,
1.),
.UNSPECIFIED.);
#5822=VERTEX_POINT('',#8484);
#5823=B_SPLINE_CURVE_WITH_KNOTS('',3,
(#8485,#8486,#8487,#8488,#8489,#8490,#8491,#8492,#8493,#8494,#8495,#8496,#8497,#8498),
.UNSPECIFIED.,.F.,.F.,
(4,2,2,2,2,2,4),
(0.,0.309615072314032,0.487508096599859,0.629554123255857,0.757851252196431,0.880120072523008,
1.),
.UNSPECIFIED.);
#5824=VERTEX_POINT('',#8499);
#5825=CIRCLE('',#8500,13.75);
#5826=VERTEX_POINT('',#8504);
#5827=B_SPLINE_CURVE_WITH_KNOTS('',3,
(#8505,#8506,#8507,#8508,#8509,#8510,#8511,#8512,#8513,#8514,#8515,#8516,#8517,#8518),
.UNSPECIFIED.,.F.,.F.,
(4,2,2,2,2,2,4),
(0.,0.119879927476995,0.242148747803577,0.370445876744151,0.512491903400153,0.69038492768598,
1.),
.UNSPECIFIED.);
#5828=VERTEX_POINT('',#8519);
#5829=B_SPLINE_CURVE_WITH_KNOTS('',3,
(#8520,#8521,#8522,#8523,#8524,#8525,#8526,#8527,#8528,#8529,#8530,#8531,#8532,#8533),
.UNSPECIFIED.,.F.,.F.,
(4,2,2,2,2,2,4),
(0.,0.158676513925184,0.320565286786023,0.485645847650847,0.653913040001441,0.825364775390512,
1.),
.UNSPECIFIED.);
#5830=VERTEX_POINT('',#8534);
#5831=CIRCLE('',#8535,16.);
#5832=VERTEX_POINT('',#8539);
#5833=B_SPLINE_CURVE_WITH_KNOTS('',3,
(#8540,#8541,#8542,#8543,#8544,#8545,#8546,#8547,#8548,#8549,#8550,#8551,#8552,#8553),
.UNSPECIFIED.,.F.,.F.,
(4,2,2,2,2,2,4),
(0.,0.17463522460949,0.346086959998562,0.514354152349157,0.679434713213982,0.841323486074822,
1.),
.UNSPECIFIED.);
#5834=VERTEX_POINT('',#8554);
#5835=B_SPLINE_CURVE_WITH_KNOTS('',3,
(#8555,#8556,#8557,#8558,#8559,#8560,#8561,#8562,#8563,#8564,#8565,#8566,#8567,#8568),
.UNSPECIFIED.,.F.,.F.,
(4,2,2,2,2,2,4),
(0.,0.309615072314032,0.487508096599859,0.629554123255857,0.757851252196431,0.880120072523008,
1.),
.UNSPECIFIED.);
#5836=VERTEX_POINT('',#8569);
#5837=CIRCLE('',#8570,13.75);
#5838=VERTEX_POINT('',#8574);
#5839=B_SPLINE_CURVE_WITH_KNOTS('',3,
(#8575,#8576,#8577,#8578,#8579,#8580,#8581,#8582,#8583,#8584,#8585,#8586,#8587,#8588),
.UNSPECIFIED.,.F.,.F.,
(4,2,2,2,2,2,4),
(0.,0.119879927476995,0.242148747803577,0.370445876744151,0.512491903400153,0.69038492768598,
1.),
.UNSPECIFIED.);
#5840=VERTEX_POINT('',#8589);
#5841=B_SPLINE_CURVE_WITH_KNOTS('',3,
(#8590,#8591,#8592,#8593,#8594,#8595,#8596,#8597,#8598,#8599,#8600,#8601,#8602,#8603),
.UNSPECIFIED.,.F.,.F.,
(4,2,2,2,2,2,4),
(0.,0.158676513925184,0.320565286786023,0.485645847650847,0.653913040001441,0.825364775390512,
1.),
.UNSPECIFIED.);
#5842=CIRCLE('',#8604,16.);
#5843=VERTEX_POINT('',#8608);
#5844=B_SPLINE_CURVE_WITH_KNOTS('',3,
(#8609,#8610,#8611,#8612,#8613,#8614,#8615,#8616,#8617,#8618,#8619,#8620,#8621,#8622),
.UNSPECIFIED.,.F.,.F.,
(4,2,2,2,2,2,4),
(0.,0.309615072314032,0.487508096599859,0.629554123255857,0.757851252196431,0.880120072523008,
1.),
.UNSPECIFIED.);
#5845=VERTEX_POINT('',#8623);
#5846=CIRCLE('',#8624,13.75);
#5847=VERTEX_POINT('',#8628);
#5848=B_SPLINE_CURVE_WITH_KNOTS('',3,
(#8629,#8630,#8631,#8632,#8633,#8634,#8635,#8636,#8637,#8638,#8639,#8640,#8641,#8642),
.UNSPECIFIED.,.F.,.F.,
(4,2,2,2,2,2,4),
(0.,0.119879927476995,0.242148747803577,0.370445876744151,0.512491903400153,0.69038492768598,
1.),
.UNSPECIFIED.);
#5849=VERTEX_POINT('',#8643);
#5850=B_SPLINE_CURVE_WITH_KNOTS('',3,
(#8644,#8645,#8646,#8647,#8648,#8649,#8650,#8651,#8652,#8653,#8654,#8655,#8656,#8657),
.UNSPECIFIED.,.F.,.F.,
(4,2,2,2,2,2,4),
(0.,0.158676513925184,0.320565286786023,0.485645847650847,0.653913040001441,0.825364775390512,
1.),
.UNSPECIFIED.);
#5851=VERTEX_POINT('',#8658);
#5852=CIRCLE('',#8659,16.);
#5853=VERTEX_POINT('',#8663);
#5854=B_SPLINE_CURVE_WITH_KNOTS('',3,
(#8664,#8665,#8666,#8667,#8668,#8669,#8670,#8671,#8672,#8673,#8674,#8675,#8676,#8677),
.UNSPECIFIED.,.F.,.F.,
(4,2,2,2,2,2,4),
(0.,0.17463522460949,0.346086959998562,0.514354152349157,0.679434713213982,0.841323486074822,
1.),
.UNSPECIFIED.);
#5855=VERTEX_POINT('',#8678);
#5856=B_SPLINE_CURVE_WITH_KNOTS('',3,
(#8679,#8680,#8681,#8682,#8683,#8684,#8685,#8686,#8687,#8688,#8689,#8690,#8691,#8692),
.UNSPECIFIED.,.F.,.F.,
(4,2,2,2,2,2,4),
(0.,0.309615072314032,0.487508096599859,0.629554123255857,0.757851252196431,0.880120072523008,
1.),
.UNSPECIFIED.);
#5857=VERTEX_POINT('',#8693);
#5858=CIRCLE('',#8694,13.75);
#5859=VERTEX_POINT('',#8698);
#5860=B_SPLINE_CURVE_WITH_KNOTS('',3,
(#8699,#8700,#8701,#8702,#8703,#8704,#8705,#8706,#8707,#8708,#8709,#8710,#8711,#8712),
.UNSPECIFIED.,.F.,.F.,
(4,2,2,2,2,2,4),
(0.,0.119879927476995,0.242148747803577,0.370445876744151,0.512491903400153,0.69038492768598,
1.),
.UNSPECIFIED.);
#5861=VERTEX_POINT('',#8713);
#5862=B_SPLINE_CURVE_WITH_KNOTS('',3,
(#8714,#8715,#8716,#8717,#8718,#8719,#8720,#8721,#8722,#8723,#8724,#8725,#8726,#8727),
.UNSPECIFIED.,.F.,.F.,
(4,2,2,2,2,2,4),
(0.,0.158676513925184,0.320565286786023,0.485645847650847,0.653913040001441,0.825364775390512,
1.),
.UNSPECIFIED.);
#5863=VERTEX_POINT('',#8728);
#5864=CIRCLE('',#8729,16.);
#5865=VERTEX_POINT('',#8733);
#5866=B_SPLINE_CURVE_WITH_KNOTS('',3,
(#8734,#8735,#8736,#8737,#8738,#8739,#8740,#8741,#8742,#8743,#8744,#8745,#8746,#8747),
.UNSPECIFIED.,.F.,.F.,
(4,2,2,2,2,2,4),
(0.,0.17463522460949,0.346086959998562,0.514354152349157,0.679434713213982,0.841323486074822,
1.),
.UNSPECIFIED.);
#5867=VERTEX_POINT('',#8748);
#5868=B_SPLINE_CURVE_WITH_KNOTS('',3,
(#8749,#8750,#8751,#8752,#8753,#8754,#8755,#8756,#8757,#8758,#8759,#8760,#8761,#8762),
.UNSPECIFIED.,.F.,.F.,
(4,2,2,2,2,2,4),
(0.,0.309615072314032,0.487508096599859,0.629554123255857,0.757851252196431,0.880120072523008,
1.),
.UNSPECIFIED.);
#5869=VERTEX_POINT('',#8763);
#5870=CIRCLE('',#8764,13.75);
#5871=VERTEX_POINT('',#8768);
#5872=B_SPLINE_CURVE_WITH_KNOTS('',3,
(#8769,#8770,#8771,#8772,#8773,#8774,#8775,#8776,#8777,#8778,#8779,#8780,#8781,#8782),
.UNSPECIFIED.,.F.,.F.,
(4,2,2,2,2,2,4),
(0.,0.119879927476995,0.242148747803577,0.370445876744151,0.512491903400153,0.69038492768598,
1.),
.UNSPECIFIED.);
#5873=VERTEX_POINT('',#8783);
#5874=B_SPLINE_CURVE_WITH_KNOTS('',3,
(#8784,#8785,#8786,#8787,#8788,#8789,#8790,#8791,#8792,#8793,#8794,#8795,#8796,#8797),
.UNSPECIFIED.,.F.,.F.,
(4,2,2,2,2,2,4),
(0.,0.158676513925184,0.320565286786023,0.485645847650847,0.653913040001441,0.825364775390512,
1.),
.UNSPECIFIED.);
#5875=VERTEX_POINT('',#8798);
#5876=CIRCLE('',#8799,16.);
#5877=VERTEX_POINT('',#8803);
#5878=B_SPLINE_CURVE_WITH_KNOTS('',3,
(#8804,#8805,#8806,#8807,#8808,#8809,#8810,#8811,#8812,#8813,#8814,#8815,#8816,#8817),
.UNSPECIFIED.,.F.,.F.,
(4,2,2,2,2,2,4),
(0.,0.17463522460949,0.346086959998562,0.514354152349157,0.679434713213982,0.841323486074822,
1.),
.UNSPECIFIED.);
#5879=VERTEX_POINT('',#8818);
#5880=B_SPLINE_CURVE_WITH_KNOTS('',3,
(#8819,#8820,#8821,#8822,#8823,#8824,#8825,#8826,#8827,#8828,#8829,#8830,#8831,#8832),
.UNSPECIFIED.,.F.,.F.,
(4,2,2,2,2,2,4),
(0.,0.309615072314032,0.487508096599859,0.629554123255857,0.757851252196431,0.880120072523008,
1.),
.UNSPECIFIED.);
#5881=VERTEX_POINT('',#8833);
#5882=CIRCLE('',#8834,13.75);
#5883=VERTEX_POINT('',#8838);
#5884=B_SPLINE_CURVE_WITH_KNOTS('',3,
(#8839,#8840,#8841,#8842,#8843,#8844,#8845,#8846,#8847,#8848,#8849,#8850,#8851,#8852),
.UNSPECIFIED.,.F.,.F.,
(4,2,2,2,2,2,4),
(0.,0.119879927476995,0.242148747803577,0.370445876744151,0.512491903400153,0.69038492768598,
1.),
.UNSPECIFIED.);
#5885=VERTEX_POINT('',#8853);
#5886=B_SPLINE_CURVE_WITH_KNOTS('',3,
(#8854,#8855,#8856,#8857,#8858,#8859,#8860,#8861,#8862,#8863,#8864,#8865,#8866,#8867),
.UNSPECIFIED.,.F.,.F.,
(4,2,2,2,2,2,4),
(0.,0.158676513925184,0.320565286786023,0.485645847650847,0.653913040001441,0.825364775390512,
1.),
.UNSPECIFIED.);
#5887=VERTEX_POINT('',#8868);
#5888=CIRCLE('',#8869,16.);
#5889=VERTEX_POINT('',#8873);
#5890=B_SPLINE_CURVE_WITH_KNOTS('',3,
(#8874,#8875,#8876,#8877,#8878,#8879,#8880,#8881,#8882,#8883,#8884,#8885,#8886,#8887),
.UNSPECIFIED.,.F.,.F.,
(4,2,2,2,2,2,4),
(0.,0.17463522460949,0.346086959998562,0.514354152349157,0.679434713213982,0.841323486074822,
1.),
.UNSPECIFIED.);
#5891=VERTEX_POINT('',#8888);
#5892=B_SPLINE_CURVE_WITH_KNOTS('',3,
(#8889,#8890,#8891,#8892,#8893,#8894,#8895,#8896,#8897,#8898,#8899,#8900,#8901,#8902),
.UNSPECIFIED.,.F.,.F.,
(4,2,2,2,2,2,4),
(0.,0.309615072314032,0.487508096599859,0.629554123255857,0.757851252196431,0.880120072523008,
1.),
.UNSPECIFIED.);
#5893=VERTEX_POINT('',#8903);
#5894=CIRCLE('',#8904,13.75);
#5895=VERTEX_POINT('',#8908);
#5896=B_SPLINE_CURVE_WITH_KNOTS('',3,
(#8909,#8910,#8911,#8912,#8913,#8914,#8915,#8916,#8917,#8918,#8919,#8920,#8921,#8922),
.UNSPECIFIED.,.F.,.F.,
(4,2,2,2,2,2,4),
(0.,0.119879927476995,0.242148747803577,0.370445876744151,0.512491903400153,0.69038492768598,
1.),
.UNSPECIFIED.);
#5897=VERTEX_POINT('',#8923);
#5898=B_SPLINE_CURVE_WITH_KNOTS('',3,
(#8924,#8925,#8926,#8927,#8928,#8929,#8930,#8931,#8932,#8933,#8934,#8935,#8936,#8937),
.UNSPECIFIED.,.F.,.F.,
(4,2,2,2,2,2,4),
(0.,0.158676513925184,0.320565286786023,0.485645847650847,0.653913040001441,0.825364775390512,
1.),
.UNSPECIFIED.);
#5899=VERTEX_POINT('',#8938);
#5900=CIRCLE('',#8939,16.);
#5901=VERTEX_POINT('',#8943);
#5902=B_SPLINE_CURVE_WITH_KNOTS('',3,
(#8944,#8945,#8946,#8947,#8948,#8949,#8950,#8951,#8952,#8953,#8954,#8955,#8956,#8957),
.UNSPECIFIED.,.F.,.F.,
(4,2,2,2,2,2,4),
(0.,0.17463522460949,0.346086959998562,0.514354152349157,0.679434713213982,0.841323486074822,
1.),
.UNSPECIFIED.);
#5903=VERTEX_POINT('',#8958);
#5904=B_SPLINE_CURVE_WITH_KNOTS('',3,
(#8959,#8960,#8961,#8962,#8963,#8964,#8965,#8966,#8967,#8968,#8969,#8970,#8971,#8972),
.UNSPECIFIED.,.F.,.F.,
(4,2,2,2,2,2,4),
(0.,0.309615072314032,0.487508096599859,0.629554123255857,0.757851252196431,0.880120072523008,
1.),
.UNSPECIFIED.);
#5905=VERTEX_POINT('',#8973);
#5906=CIRCLE('',#8974,13.75);
#5907=VERTEX_POINT('',#8978);
#5908=B_SPLINE_CURVE_WITH_KNOTS('',3,
(#8979,#8980,#8981,#8982,#8983,#8984,#8985,#8986,#8987,#8988,#8989,#8990,#8991,#8992),
.UNSPECIFIED.,.F.,.F.,
(4,2,2,2,2,2,4),
(0.,0.119879927476995,0.242148747803577,0.370445876744151,0.512491903400153,0.69038492768598,
1.),
.UNSPECIFIED.);
#5909=VERTEX_POINT('',#8993);
#5910=B_SPLINE_CURVE_WITH_KNOTS('',3,
(#8994,#8995,#8996,#8997,#8998,#8999,#9000,#9001,#9002,#9003,#9004,#9005,#9006,#9007),
.UNSPECIFIED.,.F.,.F.,
(4,2,2,2,2,2,4),
(0.,0.158676513925184,0.320565286786023,0.485645847650847,0.653913040001441,0.825364775390512,
1.),
.UNSPECIFIED.);
#5911=VERTEX_POINT('',#9008);
#5912=CIRCLE('',#9009,16.);
#5913=VERTEX_POINT('',#9013);
#5914=B_SPLINE_CURVE_WITH_KNOTS('',3,
(#9014,#9015,#9016,#9017,#9018,#9019,#9020,#9021,#9022,#9023,#9024,#9025,#9026,#9027),
.UNSPECIFIED.,.F.,.F.,
(4,2,2,2,2,2,4),
(0.,0.17463522460949,0.346086959998562,0.514354152349157,0.679434713213982,0.841323486074822,
1.),
.UNSPECIFIED.);
#5915=VERTEX_POINT('',#9028);
#5916=B_SPLINE_CURVE_WITH_KNOTS('',3,
(#9029,#9030,#9031,#9032,#9033,#9034,#9035,#9036,#9037,#9038,#9039,#9040,#9041,#9042),
.UNSPECIFIED.,.F.,.F.,
(4,2,2,2,2,2,4),
(0.,0.309615072314032,0.487508096599859,0.629554123255857,0.757851252196431,0.880120072523008,
1.),
.UNSPECIFIED.);
#5917=VERTEX_POINT('',#9043);
#5918=CIRCLE('',#9044,13.75);
#5919=VERTEX_POINT('',#9048);
#5920=B_SPLINE_CURVE_WITH_KNOTS('',3,
(#9049,#9050,#9051,#9052,#9053,#9054,#9055,#9056,#9057,#9058,#9059,#9060,#9061,#9062),
.UNSPECIFIED.,.F.,.F.,
(4,2,2,2,2,2,4),
(0.,0.119879927476995,0.242148747803577,0.370445876744151,0.512491903400153,0.69038492768598,
1.),
.UNSPECIFIED.);
#5921=VERTEX_POINT('',#9063);
#5922=B_SPLINE_CURVE_WITH_KNOTS('',3,
(#9064,#9065,#9066,#9067,#9068,#9069,#9070,#9071,#9072,#9073,#9074,#9075,#9076,#9077),
.UNSPECIFIED.,.F.,.F.,
(4,2,2,2,2,2,4),
(0.,0.158676513925184,0.320565286786023,0.485645847650847,0.653913040001441,0.825364775390512,
1.),
.UNSPECIFIED.);
#5923=VERTEX_POINT('',#9078);
#5924=CIRCLE('',#9079,16.);
#5925=VERTEX_POINT('',#9083);
#5926=B_SPLINE_CURVE_WITH_KNOTS('',3,
(#9084,#9085,#9086,#9087,#9088,#9089,#9090,#9091,#9092,#9093,#9094,#9095,#9096,#9097),
.UNSPECIFIED.,.F.,.F.,
(4,2,2,2,2,2,4),
(0.,0.17463522460949,0.346086959998562,0.514354152349157,0.679434713213982,0.841323486074822,
1.),
.UNSPECIFIED.);
#5927=VERTEX_POINT('',#9098);
#5928=B_SPLINE_CURVE_WITH_KNOTS('',3,
(#9099,#9100,#9101,#9102,#9103,#9104,#9105,#9106,#9107,#9108,#9109,#9110,#9111,#9112),
.UNSPECIFIED.,.F.,.F.,
(4,2,2,2,2,2,4),
(0.,0.309615072314032,0.487508096599859,0.629554123255857,0.757851252196431,0.880120072523008,
1.),
.UNSPECIFIED.);
#5929=VERTEX_POINT('',#9113);
#5930=CIRCLE('',#9114,13.75);
#5931=VERTEX_POINT('',#9118);
#5932=B_SPLINE_CURVE_WITH_KNOTS('',3,
(#9119,#9120,#9121,#9122,#9123,#9124,#9125,#9126,#9127,#9128,#9129,#9130,#9131,#9132),
.UNSPECIFIED.,.F.,.F.,
(4,2,2,2,2,2,4),
(0.,0.119879927476995,0.242148747803577,0.370445876744151,0.512491903400153,0.69038492768598,
1.),
.UNSPECIFIED.);
#5933=VERTEX_POINT('',#9133);
#5934=B_SPLINE_CURVE_WITH_KNOTS('',3,
(#9134,#9135,#9136,#9137,#9138,#9139,#9140,#9141,#9142,#9143,#9144,#9145,#9146,#9147),
.UNSPECIFIED.,.F.,.F.,
(4,2,2,2,2,2,4),
(0.,0.158676513925184,0.320565286786023,0.485645847650847,0.653913040001441,0.825364775390512,
1.),
.UNSPECIFIED.);
#5935=VERTEX_POINT('',#9148);
#5936=CIRCLE('',#9149,16.);
#5937=VERTEX_POINT('',#9153);
#5938=B_SPLINE_CURVE_WITH_KNOTS('',3,
(#9154,#9155,#9156,#9157,#9158,#9159,#9160,#9161,#9162,#9163,#9164,#9165,#9166,#9167),
.UNSPECIFIED.,.F.,.F.,
(4,2,2,2,2,2,4),
(0.,0.17463522460949,0.346086959998562,0.514354152349157,0.679434713213982,0.841323486074822,
1.),
.UNSPECIFIED.);
#5939=VERTEX_POINT('',#9168);
#5940=B_SPLINE_CURVE_WITH_KNOTS('',3,
(#9169,#9170,#9171,#9172,#9173,#9174,#9175,#9176,#9177,#9178,#9179,#9180,#9181,#9182),
.UNSPECIFIED.,.F.,.F.,
(4,2,2,2,2,2,4),
(0.,0.309615072314032,0.487508096599859,0.629554123255857,0.757851252196431,0.880120072523008,
1.),
.UNSPECIFIED.);
#5941=VERTEX_POINT('',#9183);
#5942=CIRCLE('',#9184,13.75);
#5943=VERTEX_POINT('',#9188);
#5944=B_SPLINE_CURVE_WITH_KNOTS('',3,
(#9189,#9190,#9191,#9192,#9193,#9194,#9195,#9196,#9197,#9198,#9199,#9200,#9201,#9202),
.UNSPECIFIED.,.F.,.F.,
(4,2,2,2,2,2,4),
(0.,0.119879927476995,0.242148747803577,0.370445876744151,0.512491903400153,0.69038492768598,
1.),
.UNSPECIFIED.);
#5945=VERTEX_POINT('',#9203);
#5946=B_SPLINE_CURVE_WITH_KNOTS('',3,
(#9204,#9205,#9206,#9207,#9208,#9209,#9210,#9211,#9212,#9213,#9214,#9215,#9216,#9217),
.UNSPECIFIED.,.F.,.F.,
(4,2,2,2,2,2,4),
(0.,0.158676513925184,0.320565286786023,0.485645847650847,0.653913040001441,0.825364775390512,
1.),
.UNSPECIFIED.);
#5947=VERTEX_POINT('',#9218);
#5948=CIRCLE('',#9219,16.);
#5949=VERTEX_POINT('',#9223);
#5950=B_SPLINE_CURVE_WITH_KNOTS('',3,
(#9224,#9225,#9226,#9227,#9228,#9229,#9230,#9231,#9232,#9233,#9234,#9235,#9236,#9237),
.UNSPECIFIED.,.F.,.F.,
(4,2,2,2,2,2,4),
(0.,0.17463522460949,0.346086959998562,0.514354152349157,0.679434713213982,0.841323486074822,
1.),
.UNSPECIFIED.);
#5951=VERTEX_POINT('',#9238);
#5952=B_SPLINE_CURVE_WITH_KNOTS('',3,
(#9239,#9240,#9241,#9242,#9243,#9244,#9245,#9246,#9247,#9248,#9249,#9250,#9251,#9252),
.UNSPECIFIED.,.F.,.F.,
(4,2,2,2,2,2,4),
(0.,0.309615072314032,0.487508096599859,0.629554123255857,0.757851252196431,0.880120072523008,
1.),
.UNSPECIFIED.);
#5953=VERTEX_POINT('',#9253);
#5954=CIRCLE('',#9254,13.75);
#5955=VERTEX_POINT('',#9258);
#5956=B_SPLINE_CURVE_WITH_KNOTS('',3,
(#9259,#9260,#9261,#9262,#9263,#9264,#9265,#9266,#9267,#9268,#9269,#9270,#9271,#9272),
.UNSPECIFIED.,.F.,.F.,
(4,2,2,2,2,2,4),
(0.,0.119879927476995,0.242148747803577,0.370445876744151,0.512491903400153,0.69038492768598,
1.),
.UNSPECIFIED.);
#5957=VERTEX_POINT('',#9273);
#5958=B_SPLINE_CURVE_WITH_KNOTS('',3,
(#9274,#9275,#9276,#9277,#9278,#9279,#9280,#9281,#9282,#9283,#9284,#9285,#9286,#9287),
.UNSPECIFIED.,.F.,.F.,
(4,2,2,2,2,2,4),
(0.,0.158676513925184,0.320565286786023,0.485645847650847,0.653913040001441,0.825364775390512,
1.),
.UNSPECIFIED.);
#5959=VERTEX_POINT('',#9288);
#5960=CIRCLE('',#9289,16.);
#5961=VERTEX_POINT('',#9293);
#5962=B_SPLINE_CURVE_WITH_KNOTS('',3,
(#9294,#9295,#9296,#9297,#9298,#9299,#9300,#9301,#9302,#9303,#9304,#9305,#9306,#9307),
.UNSPECIFIED.,.F.,.F.,
(4,2,2,2,2,2,4),
(0.,0.17463522460949,0.346086959998562,0.514354152349157,0.679434713213982,0.841323486074822,
1.),
.UNSPECIFIED.);
#5963=VERTEX_POINT('',#9308);
#5964=B_SPLINE_CURVE_WITH_KNOTS('',3,
(#9309,#9310,#9311,#9312,#9313,#9314,#9315,#9316,#9317,#9318,#9319,#9320,#9321,#9322),
.UNSPECIFIED.,.F.,.F.,
(4,2,2,2,2,2,4),
(0.,0.309615072314032,0.487508096599859,0.629554123255857,0.757851252196431,0.880120072523008,
1.),
.UNSPECIFIED.);
#5965=VERTEX_POINT('',#9323);
#5966=CIRCLE('',#9324,13.75);
#5967=VERTEX_POINT('',#9328);
#5968=B_SPLINE_CURVE_WITH_KNOTS('',3,
(#9329,#9330,#9331,#9332,#9333,#9334,#9335,#9336,#9337,#9338,#9339,#9340,#9341,#9342),
.UNSPECIFIED.,.F.,.F.,
(4,2,2,2,2,2,4),
(0.,0.119879927476995,0.242148747803577,0.370445876744151,0.512491903400153,0.69038492768598,
1.),
.UNSPECIFIED.);
#5969=VERTEX_POINT('',#9343);
#5970=B_SPLINE_CURVE_WITH_KNOTS('',3,
(#9344,#9345,#9346,#9347,#9348,#9349,#9350,#9351,#9352,#9353,#9354,#9355,#9356,#9357),
.UNSPECIFIED.,.F.,.F.,
(4,2,2,2,2,2,4),
(0.,0.158676513925184,0.320565286786023,0.485645847650847,0.653913040001441,0.825364775390512,
1.),
.UNSPECIFIED.);
#5971=VERTEX_POINT('',#9358);
#5972=CIRCLE('',#9359,16.);
#5973=VERTEX_POINT('',#9363);
#5974=B_SPLINE_CURVE_WITH_KNOTS('',3,
(#9364,#9365,#9366,#9367,#9368,#9369,#9370,#9371,#9372,#9373,#9374,#9375,#9376,#9377),
.UNSPECIFIED.,.F.,.F.,
(4,2,2,2,2,2,4),
(0.,0.17463522460949,0.346086959998562,0.514354152349157,0.679434713213982,0.841323486074822,
1.),
.UNSPECIFIED.);
#5975=VERTEX_POINT('',#9378);
#5976=B_SPLINE_CURVE_WITH_KNOTS('',3,
(#9379,#9380,#9381,#9382,#9383,#9384,#9385,#9386,#9387,#9388,#9389,#9390,#9391,#9392),
.UNSPECIFIED.,.F.,.F.,
(4,2,2,2,2,2,4),
(0.,0.309615072314032,0.487508096599859,0.629554123255857,0.757851252196431,0.880120072523008,
1.),
.UNSPECIFIED.);
#5977=VERTEX_POINT('',#9393);
#5978=CIRCLE('',#9394,13.75);
#5979=VERTEX_POINT('',#9398);
#5980=B_SPLINE_CURVE_WITH_KNOTS('',3,
(#9399,#9400,#9401,#9402,#9403,#9404,#9405,#9406,#9407,#9408,#9409,#9410,#9411,#9412),
.UNSPECIFIED.,.F.,.F.,
(4,2,2,2,2,2,4),
(0.,0.119879927476995,0.242148747803577,0.370445876744151,0.512491903400153,0.69038492768598,
1.),
.UNSPECIFIED.);
#5981=VERTEX_POINT('',#9413);
#5982=B_SPLINE_CURVE_WITH_KNOTS('',3,
(#9414,#9415,#9416,#9417,#9418,#9419,#9420,#9421,#9422,#9423,#9424,#9425,#9426,#9427),
.UNSPECIFIED.,.F.,.F.,
(4,2,2,2,2,2,4),
(0.,0.158676513925184,0.320565286786023,0.485645847650847,0.653913040001441,0.825364775390512,
1.),
.UNSPECIFIED.);
#5983=VERTEX_POINT('',#9428);
#5984=CIRCLE('',#9429,16.);
#5985=VERTEX_POINT('',#9433);
#5986=B_SPLINE_CURVE_WITH_KNOTS('',3,
(#9434,#9435,#9436,#9437,#9438,#9439,#9440,#9441,#9442,#9443,#9444,#9445,#9446,#9447),
.UNSPECIFIED.,.F.,.F.,
(4,2,2,2,2,2,4),
(0.,0.17463522460949,0.346086959998562,0.514354152349157,0.679434713213982,0.841323486074822,
1.),
.UNSPECIFIED.);
#5987=VERTEX_POINT('',#9448);
#5988=B_SPLINE_CURVE_WITH_KNOTS('',3,
(#9449,#9450,#9451,#9452,#9453,#9454,#9455,#9456,#9457,#9458,#9459,#9460,#9461,#9462),
.UNSPECIFIED.,.F.,.F.,
(4,2,2,2,2,2,4),
(0.,0.309615072314032,0.487508096599859,0.629554123255857,0.757851252196431,0.880120072523008,
1.),
.UNSPECIFIED.);
#5989=VERTEX_POINT('',#9463);
#5990=CIRCLE('',#9464,13.75);
#5991=VERTEX_POINT('',#9468);
#5992=B_SPLINE_CURVE_WITH_KNOTS('',3,
(#9469,#9470,#9471,#9472,#9473,#9474,#9475,#9476,#9477,#9478,#9479,#9480,#9481,#9482),
.UNSPECIFIED.,.F.,.F.,
(4,2,2,2,2,2,4),
(0.,0.119879927476995,0.242148747803577,0.370445876744151,0.512491903400153,0.69038492768598,
1.),
.UNSPECIFIED.);
#5993=VERTEX_POINT('',#9483);
#5994=B_SPLINE_CURVE_WITH_KNOTS('',3,
(#9484,#9485,#9486,#9487,#9488,#9489,#9490,#9491,#9492,#9493,#9494,#9495,#9496,#9497),
.UNSPECIFIED.,.F.,.F.,
(4,2,2,2,2,2,4),
(0.,0.158676513925184,0.320565286786023,0.485645847650847,0.653913040001441,0.825364775390512,
1.),
.UNSPECIFIED.);
#5995=VERTEX_POINT('',#9498);
#5996=CIRCLE('',#9499,16.);
#5997=VERTEX_POINT('',#9503);
#5998=B_SPLINE_CURVE_WITH_KNOTS('',3,
(#9504,#9505,#9506,#9507,#9508,#9509,#9510,#9511,#9512,#9513,#9514,#9515,#9516,#9517),
.UNSPECIFIED.,.F.,.F.,
(4,2,2,2,2,2,4),
(0.,0.17463522460949,0.346086959998562,0.514354152349157,0.679434713213982,0.841323486074822,
1.),
.UNSPECIFIED.);
#5999=VERTEX_POINT('',#9518);
#6000=B_SPLINE_CURVE_WITH_KNOTS('',3,
(#9519,#9520,#9521,#9522,#9523,#9524,#9525,#9526,#9527,#9528,#9529,#9530,#9531,#9532),
.UNSPECIFIED.,.F.,.F.,
(4,2,2,2,2,2,4),
(0.,0.309615072314032,0.487508096599859,0.629554123255857,0.757851252196431,0.880120072523008,
1.),
.UNSPECIFIED.);
#6001=VERTEX_POINT('',#9533);
#6002=CIRCLE('',#9534,13.75);
#6003=VERTEX_POINT('',#9538);
#6004=B_SPLINE_CURVE_WITH_KNOTS('',3,
(#9539,#9540,#9541,#9542,#9543,#9544,#9545,#9546,#9547,#9548,#9549,#9550,#9551,#9552),
.UNSPECIFIED.,.F.,.F.,
(4,2,2,2,2,2,4),
(0.,0.119879927476995,0.242148747803577,0.370445876744151,0.512491903400153,0.69038492768598,
1.),
.UNSPECIFIED.);
#6005=VERTEX_POINT('',#9553);
#6006=B_SPLINE_CURVE_WITH_KNOTS('',3,
(#9554,#9555,#9556,#9557,#9558,#9559,#9560,#9561,#9562,#9563,#9564,#9565,#9566,#9567),
.UNSPECIFIED.,.F.,.F.,
(4,2,2,2,2,2,4),
(0.,0.158676513925184,0.320565286786023,0.485645847650847,0.653913040001441,0.825364775390512,
1.),
.UNSPECIFIED.);
#6007=CIRCLE('',#9568,16.);
#6008=VERTEX_POINT('',#9572);
#6009=B_SPLINE_CURVE_WITH_KNOTS('',3,
(#9573,#9574,#9575,#9576,#9577,#9578,#9579,#9580,#9581,#9582,#9583,#9584,#9585,#9586),
.UNSPECIFIED.,.F.,.F.,
(4,2,2,2,2,2,4),
(0.,0.309615072314032,0.487508096599859,0.629554123255857,0.757851252196431,0.880120072523008,
1.),
.UNSPECIFIED.);
#6010=VERTEX_POINT('',#9587);
#6011=CIRCLE('',#9588,13.75);
#6012=VERTEX_POINT('',#9592);
#6013=B_SPLINE_CURVE_WITH_KNOTS('',3,
(#9593,#9594,#9595,#9596,#9597,#9598,#9599,#9600,#9601,#9602,#9603,#9604,#9605,#9606),
.UNSPECIFIED.,.F.,.F.,
(4,2,2,2,2,2,4),
(0.,0.119879927476995,0.242148747803577,0.370445876744151,0.512491903400153,0.69038492768598,
1.),
.UNSPECIFIED.);
#6014=VERTEX_POINT('',#9607);
#6015=B_SPLINE_CURVE_WITH_KNOTS('',3,
(#9608,#9609,#9610,#9611,#9612,#9613,#9614,#9615,#9616,#9617,#9618,#9619,#9620,#9621),
.UNSPECIFIED.,.F.,.F.,
(4,2,2,2,2,2,4),
(0.,0.158676513925184,0.320565286786023,0.485645847650847,0.653913040001441,0.825364775390512,
1.),
.UNSPECIFIED.);
#6016=VERTEX_POINT('',#9622);
#6017=CIRCLE('',#9623,16.);
#6018=VERTEX_POINT('',#9627);
#6019=B_SPLINE_CURVE_WITH_KNOTS('',3,
(#9628,#9629,#9630,#9631,#9632,#9633,#9634,#9635,#9636,#9637,#9638,#9639,#9640,#9641),
.UNSPECIFIED.,.F.,.F.,
(4,2,2,2,2,2,4),
(0.,0.17463522460949,0.346086959998562,0.514354152349157,0.679434713213982,0.841323486074822,
1.),
.UNSPECIFIED.);
#6020=VERTEX_POINT('',#9642);
#6021=B_SPLINE_CURVE_WITH_KNOTS('',3,
(#9643,#9644,#9645,#9646,#9647,#9648,#9649,#9650,#9651,#9652,#9653,#9654,#9655,#9656),
.UNSPECIFIED.,.F.,.F.,
(4,2,2,2,2,2,4),
(0.,0.309615072314032,0.487508096599859,0.629554123255857,0.757851252196431,0.880120072523008,
1.),
.UNSPECIFIED.);
#6022=VERTEX_POINT('',#9657);
#6023=CIRCLE('',#9658,13.75);
#6024=VERTEX_POINT('',#9662);
#6025=B_SPLINE_CURVE_WITH_KNOTS('',3,
(#9663,#9664,#9665,#9666,#9667,#9668,#9669,#9670,#9671,#9672,#9673,#9674,#9675,#9676),
.UNSPECIFIED.,.F.,.F.,
(4,2,2,2,2,2,4),
(0.,0.119879927476995,0.242148747803577,0.370445876744151,0.512491903400153,0.69038492768598,
1.),
.UNSPECIFIED.);
#6026=VERTEX_POINT('',#9677);
#6027=B_SPLINE_CURVE_WITH_KNOTS('',3,
(#9678,#9679,#9680,#9681,#9682,#9683,#9684,#9685,#9686,#9687,#9688,#9689,#9690,#9691),
.UNSPECIFIED.,.F.,.F.,
(4,2,2,2,2,2,4),
(0.,0.158676513925184,0.320565286786023,0.485645847650847,0.653913040001441,0.825364775390512,
1.),
.UNSPECIFIED.);
#6028=VERTEX_POINT('',#9692);
#6029=CIRCLE('',#9693,16.);
#6030=VERTEX_POINT('',#9697);
#6031=B_SPLINE_CURVE_WITH_KNOTS('',3,
(#9698,#9699,#9700,#9701,#9702,#9703,#9704,#9705,#9706,#9707,#9708,#9709,#9710,#9711),
.UNSPECIFIED.,.F.,.F.,
(4,2,2,2,2,2,4),
(0.,0.17463522460949,0.346086959998562,0.514354152349157,0.679434713213982,0.841323486074822,
1.),
.UNSPECIFIED.);
#6032=VERTEX_POINT('',#9712);
#6033=B_SPLINE_CURVE_WITH_KNOTS('',3,
(#9713,#9714,#9715,#9716,#9717,#9718,#9719,#9720,#9721,#9722,#9723,#9724,#9725,#9726),
.UNSPECIFIED.,.F.,.F.,
(4,2,2,2,2,2,4),
(0.,0.309615072314032,0.487508096599859,0.629554123255857,0.757851252196431,0.880120072523008,
1.),
.UNSPECIFIED.);
#6034=VERTEX_POINT('',#9727);
#6035=CIRCLE('',#9728,13.75);
#6036=VERTEX_POINT('',#9732);
#6037=B_SPLINE_CURVE_WITH_KNOTS('',3,
(#9733,#9734,#9735,#9736,#9737,#9738,#9739,#9740,#9741,#9742,#9743,#9744,#9745,#9746),
.UNSPECIFIED.,.F.,.F.,
(4,2,2,2,2,2,4),
(0.,0.119879927476995,0.242148747803577,0.370445876744151,0.512491903400153,0.69038492768598,
1.),
.UNSPECIFIED.);
#6038=VERTEX_POINT('',#9747);
#6039=B_SPLINE_CURVE_WITH_KNOTS('',3,
(#9748,#9749,#9750,#9751,#9752,#9753,#9754,#9755,#9756,#9757,#9758,#9759,#9760,#9761),
.UNSPECIFIED.,.F.,.F.,
(4,2,2,2,2,2,4),
(0.,0.158676513925184,0.320565286786023,0.485645847650847,0.653913040001441,0.825364775390512,
1.),
.UNSPECIFIED.);
#6040=VERTEX_POINT('',#9762);
#6041=CIRCLE('',#9763,16.);
#6042=VERTEX_POINT('',#9767);
#6043=B_SPLINE_CURVE_WITH_KNOTS('',3,
(#9768,#9769,#9770,#9771,#9772,#9773,#9774,#9775,#9776,#9777,#9778,#9779,#9780,#9781),
.UNSPECIFIED.,.F.,.F.,
(4,2,2,2,2,2,4),
(0.,0.17463522460949,0.346086959998562,0.514354152349157,0.679434713213982,0.841323486074822,
1.),
.UNSPECIFIED.);
#6044=VERTEX_POINT('',#9782);
#6045=B_SPLINE_CURVE_WITH_KNOTS('',3,
(#9783,#9784,#9785,#9786,#9787,#9788,#9789,#9790,#9791,#9792,#9793,#9794,#9795,#9796),
.UNSPECIFIED.,.F.,.F.,
(4,2,2,2,2,2,4),
(0.,0.309615072314032,0.487508096599859,0.629554123255857,0.757851252196431,0.880120072523008,
1.),
.UNSPECIFIED.);
#6046=VERTEX_POINT('',#9797);
#6047=CIRCLE('',#9798,13.75);
#6048=VERTEX_POINT('',#9802);
#6049=B_SPLINE_CURVE_WITH_KNOTS('',3,
(#9803,#9804,#9805,#9806,#9807,#9808,#9809,#9810,#9811,#9812,#9813,#9814,#9815,#9816),
.UNSPECIFIED.,.F.,.F.,
(4,2,2,2,2,2,4),
(0.,0.119879927476995,0.242148747803577,0.370445876744151,0.512491903400153,0.69038492768598,
1.),
.UNSPECIFIED.);
#6050=VERTEX_POINT('',#9817);
#6051=B_SPLINE_CURVE_WITH_KNOTS('',3,
(#9818,#9819,#9820,#9821,#9822,#9823,#9824,#9825,#9826,#9827,#9828,#9829,#9830,#9831),
.UNSPECIFIED.,.F.,.F.,
(4,2,2,2,2,2,4),
(0.,0.158676513925184,0.320565286786023,0.485645847650847,0.653913040001441,0.825364775390512,
1.),
.UNSPECIFIED.);
#6052=VERTEX_POINT('',#9832);
#6053=CIRCLE('',#9833,16.);
#6054=VERTEX_POINT('',#9837);
#6055=B_SPLINE_CURVE_WITH_KNOTS('',3,
(#9838,#9839,#9840,#9841,#9842,#9843,#9844,#9845,#9846,#9847,#9848,#9849,#9850,#9851),
.UNSPECIFIED.,.F.,.F.,
(4,2,2,2,2,2,4),
(0.,0.17463522460949,0.346086959998562,0.514354152349157,0.679434713213982,0.841323486074822,
1.),
.UNSPECIFIED.);
#6056=VERTEX_POINT('',#9852);
#6057=B_SPLINE_CURVE_WITH_KNOTS('',3,
(#9853,#9854,#9855,#9856,#9857,#9858,#9859,#9860,#9861,#9862,#9863,#9864,#9865,#9866),
.UNSPECIFIED.,.F.,.F.,
(4,2,2,2,2,2,4),
(0.,0.309615072314032,0.487508096599859,0.629554123255857,0.757851252196431,0.880120072523008,
1.),
.UNSPECIFIED.);
#6058=VERTEX_POINT('',#9867);
#6059=CIRCLE('',#9868,13.75);
#6060=VERTEX_POINT('',#9872);
#6061=B_SPLINE_CURVE_WITH_KNOTS('',3,
(#9873,#9874,#9875,#9876,#9877,#9878,#9879,#9880,#9881,#9882,#9883,#9884,#9885,#9886),
.UNSPECIFIED.,.F.,.F.,
(4,2,2,2,2,2,4),
(0.,0.119879927476995,0.242148747803577,0.370445876744151,0.512491903400153,0.69038492768598,
1.),
.UNSPECIFIED.);
#6062=VERTEX_POINT('',#9887);
#6063=B_SPLINE_CURVE_WITH_KNOTS('',3,
(#9888,#9889,#9890,#9891,#9892,#9893,#9894,#9895,#9896,#9897,#9898,#9899,#9900,#9901),
.UNSPECIFIED.,.F.,.F.,
(4,2,2,2,2,2,4),
(0.,0.158676513925184,0.320565286786023,0.485645847650847,0.653913040001441,0.825364775390512,
1.),
.UNSPECIFIED.);
#6064=VERTEX_POINT('',#9902);
#6065=CIRCLE('',#9903,16.);
#6066=VERTEX_POINT('',#9907);
#6067=B_SPLINE_CURVE_WITH_KNOTS('',3,
(#9908,#9909,#9910,#9911,#9912,#9913,#9914,#9915,#9916,#9917,#9918,#9919,#9920,#9921),
.UNSPECIFIED.,.F.,.F.,
(4,2,2,2,2,2,4),
(0.,0.17463522460949,0.346086959998562,0.514354152349157,0.679434713213982,0.841323486074822,
1.),
.UNSPECIFIED.);
#6068=VERTEX_POINT('',#9922);
#6069=B_SPLINE_CURVE_WITH_KNOTS('',3,
(#9923,#9924,#9925,#9926,#9927,#9928,#9929,#9930,#9931,#9932,#9933,#9934,#9935,#9936),
.UNSPECIFIED.,.F.,.F.,
(4,2,2,2,2,2,4),
(0.,0.309615072314032,0.487508096599859,0.629554123255857,0.757851252196431,0.880120072523008,
1.),
.UNSPECIFIED.);
#6070=VERTEX_POINT('',#9937);
#6071=CIRCLE('',#9938,13.75);
#6072=VERTEX_POINT('',#9942);
#6073=B_SPLINE_CURVE_WITH_KNOTS('',3,
(#9943,#9944,#9945,#9946,#9947,#9948,#9949,#9950,#9951,#9952,#9953,#9954,#9955,#9956),
.UNSPECIFIED.,.F.,.F.,
(4,2,2,2,2,2,4),
(0.,0.119879927476995,0.242148747803577,0.370445876744151,0.512491903400153,0.69038492768598,
1.),
.UNSPECIFIED.);
#6074=VERTEX_POINT('',#9957);
#6075=B_SPLINE_CURVE_WITH_KNOTS('',3,
(#9958,#9959,#9960,#9961,#9962,#9963,#9964,#9965,#9966,#9967,#9968,#9969,#9970,#9971),
.UNSPECIFIED.,.F.,.F.,
(4,2,2,2,2,2,4),
(0.,0.158676513925184,0.320565286786023,0.485645847650847,0.653913040001441,0.825364775390512,
1.),
.UNSPECIFIED.);
#6076=VERTEX_POINT('',#9972);
#6077=CIRCLE('',#9973,16.);
#6078=VERTEX_POINT('',#9977);
#6079=B_SPLINE_CURVE_WITH_KNOTS('',3,
(#9978,#9979,#9980,#9981,#9982,#9983,#9984,#9985,#9986,#9987,#9988,#9989,#9990,#9991),
.UNSPECIFIED.,.F.,.F.,
(4,2,2,2,2,2,4),
(0.,0.17463522460949,0.346086959998562,0.514354152349157,0.679434713213982,0.841323486074822,
1.),
.UNSPECIFIED.);
#6080=VERTEX_POINT('',#9992);
#6081=B_SPLINE_CURVE_WITH_KNOTS('',3,
(#9993,#9994,#9995,#9996,#9997,#9998,#9999,#10000,#10001,#10002,#10003,#10004,#10005,
#10006),
.UNSPECIFIED.,.F.,.F.,
(4,2,2,2,2,2,4),
(0.,0.309615072314032,0.487508096599859,0.629554123255857,0.757851252196431,0.880120072523008,
1.),
.UNSPECIFIED.);
#6082=VERTEX_POINT('',#10007);
#6083=CIRCLE('',#10008,13.75);
#6084=VERTEX_POINT('',#10012);
#6085=B_SPLINE_CURVE_WITH_KNOTS('',3,
(#10013,#10014,#10015,#10016,#10017,#10018,#10019,#10020,#10021,#10022,#10023,#10024,
#10025,#10026),
.UNSPECIFIED.,.F.,.F.,
(4,2,2,2,2,2,4),
(0.,0.119879927476995,0.242148747803577,0.370445876744151,0.512491903400153,0.69038492768598,
1.),
.UNSPECIFIED.);
#6086=VERTEX_POINT('',#10027);
#6087=B_SPLINE_CURVE_WITH_KNOTS('',3,
(#10028,#10029,#10030,#10031,#10032,#10033,#10034,#10035,#10036,#10037,#10038,#10039,
#10040,#10041),
.UNSPECIFIED.,.F.,.F.,
(4,2,2,2,2,2,4),
(0.,0.158676513925184,0.320565286786023,0.485645847650847,0.653913040001441,0.825364775390512,
1.),
.UNSPECIFIED.);
#6088=VERTEX_POINT('',#10042);
#6089=CIRCLE('',#10043,16.);
#6090=VERTEX_POINT('',#10047);
#6091=B_SPLINE_CURVE_WITH_KNOTS('',3,
(#10048,#10049,#10050,#10051,#10052,#10053,#10054,#10055,#10056,#10057,#10058,#10059,
#10060,#10061),
.UNSPECIFIED.,.F.,.F.,
(4,2,2,2,2,2,4),
(0.,0.17463522460949,0.346086959998562,0.514354152349157,0.679434713213982,0.841323486074822,
1.),
.UNSPECIFIED.);
#6092=VERTEX_POINT('',#10062);
#6093=B_SPLINE_CURVE_WITH_KNOTS('',3,
(#10063,#10064,#10065,#10066,#10067,#10068,#10069,#10070,#10071,#10072,#10073,#10074,
#10075,#10076),
.UNSPECIFIED.,.F.,.F.,
(4,2,2,2,2,2,4),
(0.,0.309615072314032,0.487508096599859,0.629554123255857,0.757851252196431,0.880120072523008,
1.),
.UNSPECIFIED.);
#6094=VERTEX_POINT('',#10077);
#6095=CIRCLE('',#10078,13.75);
#6096=VERTEX_POINT('',#10082);
#6097=B_SPLINE_CURVE_WITH_KNOTS('',3,
(#10083,#10084,#10085,#10086,#10087,#10088,#10089,#10090,#10091,#10092,#10093,#10094,
#10095,#10096),
.UNSPECIFIED.,.F.,.F.,
(4,2,2,2,2,2,4),
(0.,0.119879927476995,0.242148747803577,0.370445876744151,0.512491903400153,0.69038492768598,
1.),
.UNSPECIFIED.);
#6098=VERTEX_POINT('',#10097);
#6099=B_SPLINE_CURVE_WITH_KNOTS('',3,
(#10098,#10099,#10100,#10101,#10102,#10103,#10104,#10105,#10106,#10107,#10108,#10109,
#10110,#10111),
.UNSPECIFIED.,.F.,.F.,
(4,2,2,2,2,2,4),
(0.,0.158676513925184,0.320565286786023,0.485645847650847,0.653913040001441,0.825364775390512,
1.),
.UNSPECIFIED.);
#6100=VERTEX_POINT('',#10112);
#6101=CIRCLE('',#10113,16.);
#6102=VERTEX_POINT('',#10117);
#6103=B_SPLINE_CURVE_WITH_KNOTS('',3,
(#10118,#10119,#10120,#10121,#10122,#10123,#10124,#10125,#10126,#10127,#10128,#10129,
#10130,#10131),
.UNSPECIFIED.,.F.,.F.,
(4,2,2,2,2,2,4),
(0.,0.17463522460949,0.346086959998562,0.514354152349157,0.679434713213982,0.841323486074822,
1.),
.UNSPECIFIED.);
#6104=VERTEX_POINT('',#10132);
#6105=B_SPLINE_CURVE_WITH_KNOTS('',3,
(#10133,#10134,#10135,#10136,#10137,#10138,#10139,#10140,#10141,#10142,#10143,#10144,
#10145,#10146),
.UNSPECIFIED.,.F.,.F.,
(4,2,2,2,2,2,4),
(0.,0.309615072314032,0.487508096599859,0.629554123255857,0.757851252196431,0.880120072523008,
1.),
.UNSPECIFIED.);
#6106=VERTEX_POINT('',#10147);
#6107=CIRCLE('',#10148,13.75);
#6108=VERTEX_POINT('',#10152);
#6109=B_SPLINE_CURVE_WITH_KNOTS('',3,
(#10153,#10154,#10155,#10156,#10157,#10158,#10159,#10160,#10161,#10162,#10163,#10164,
#10165,#10166),
.UNSPECIFIED.,.F.,.F.,
(4,2,2,2,2,2,4),
(0.,0.119879927476995,0.242148747803577,0.370445876744151,0.512491903400153,0.69038492768598,
1.),
.UNSPECIFIED.);
#6110=VERTEX_POINT('',#10167);
#6111=B_SPLINE_CURVE_WITH_KNOTS('',3,
(#10168,#10169,#10170,#10171,#10172,#10173,#10174,#10175,#10176,#10177,#10178,#10179,
#10180,#10181),
.UNSPECIFIED.,.F.,.F.,
(4,2,2,2,2,2,4),
(0.,0.158676513925184,0.320565286786023,0.485645847650847,0.653913040001441,0.825364775390512,
1.),
.UNSPECIFIED.);
#6112=VERTEX_POINT('',#10182);
#6113=CIRCLE('',#10183,16.);
#6114=VERTEX_POINT('',#10187);
#6115=B_SPLINE_CURVE_WITH_KNOTS('',3,
(#10188,#10189,#10190,#10191,#10192,#10193,#10194,#10195,#10196,#10197,#10198,#10199,
#10200,#10201),
.UNSPECIFIED.,.F.,.F.,
(4,2,2,2,2,2,4),
(0.,0.17463522460949,0.346086959998562,0.514354152349157,0.679434713213982,0.841323486074822,
1.),
.UNSPECIFIED.);
#6116=VERTEX_POINT('',#10202);
#6117=B_SPLINE_CURVE_WITH_KNOTS('',3,
(#10203,#10204,#10205,#10206,#10207,#10208,#10209,#10210,#10211,#10212,#10213,#10214,
#10215,#10216),
.UNSPECIFIED.,.F.,.F.,
(4,2,2,2,2,2,4),
(0.,0.309615072314032,0.487508096599859,0.629554123255857,0.757851252196431,0.880120072523008,
1.),
.UNSPECIFIED.);
#6118=VERTEX_POINT('',#10217);
#6119=CIRCLE('',#10218,13.75);
#6120=VERTEX_POINT('',#10222);
#6121=B_SPLINE_CURVE_WITH_KNOTS('',3,
(#10223,#10224,#10225,#10226,#10227,#10228,#10229,#10230,#10231,#10232,#10233,#10234,
#10235,#10236),
.UNSPECIFIED.,.F.,.F.,
(4,2,2,2,2,2,4),
(0.,0.119879927476995,0.242148747803577,0.370445876744151,0.512491903400153,0.69038492768598,
1.),
.UNSPECIFIED.);
#6122=VERTEX_POINT('',#10237);
#6123=B_SPLINE_CURVE_WITH_KNOTS('',3,
(#10238,#10239,#10240,#10241,#10242,#10243,#10244,#10245,#10246,#10247,#10248,#10249,
#10250,#10251),
.UNSPECIFIED.,.F.,.F.,
(4,2,2,2,2,2,4),
(0.,0.158676513925184,0.320565286786023,0.485645847650847,0.653913040001441,0.825364775390512,
1.),
.UNSPECIFIED.);
#6124=VERTEX_POINT('',#10252);
#6125=CIRCLE('',#10253,16.);
#6126=VERTEX_POINT('',#10257);
#6127=B_SPLINE_CURVE_WITH_KNOTS('',3,
(#10258,#10259,#10260,#10261,#10262,#10263,#10264,#10265,#10266,#10267,#10268,#10269,
#10270,#10271),
.UNSPECIFIED.,.F.,.F.,
(4,2,2,2,2,2,4),
(0.,0.17463522460949,0.346086959998562,0.514354152349157,0.679434713213982,0.841323486074822,
1.),
.UNSPECIFIED.);
#6128=VERTEX_POINT('',#10272);
#6129=B_SPLINE_CURVE_WITH_KNOTS('',3,
(#10273,#10274,#10275,#10276,#10277,#10278,#10279,#10280,#10281,#10282,#10283,#10284,
#10285,#10286),
.UNSPECIFIED.,.F.,.F.,
(4,2,2,2,2,2,4),
(0.,0.309615072314032,0.487508096599859,0.629554123255857,0.757851252196431,0.880120072523008,
1.),
.UNSPECIFIED.);
#6130=VERTEX_POINT('',#10287);
#6131=CIRCLE('',#10288,13.75);
#6132=VERTEX_POINT('',#10292);
#6133=B_SPLINE_CURVE_WITH_KNOTS('',3,
(#10293,#10294,#10295,#10296,#10297,#10298,#10299,#10300,#10301,#10302,#10303,#10304,
#10305,#10306),
.UNSPECIFIED.,.F.,.F.,
(4,2,2,2,2,2,4),
(0.,0.119879927476995,0.242148747803577,0.370445876744151,0.512491903400153,0.69038492768598,
1.),
.UNSPECIFIED.);
#6134=VERTEX_POINT('',#10307);
#6135=B_SPLINE_CURVE_WITH_KNOTS('',3,
(#10308,#10309,#10310,#10311,#10312,#10313,#10314,#10315,#10316,#10317,#10318,#10319,
#10320,#10321),
.UNSPECIFIED.,.F.,.F.,
(4,2,2,2,2,2,4),
(0.,0.158676513925184,0.320565286786023,0.485645847650847,0.653913040001441,0.825364775390512,
1.),
.UNSPECIFIED.);
#6136=VERTEX_POINT('',#10322);
#6137=CIRCLE('',#10323,16.);
#6138=VERTEX_POINT('',#10327);
#6139=B_SPLINE_CURVE_WITH_KNOTS('',3,
(#10328,#10329,#10330,#10331,#10332,#10333,#10334,#10335,#10336,#10337,#10338,#10339,
#10340,#10341),
.UNSPECIFIED.,.F.,.F.,
(4,2,2,2,2,2,4),
(0.,0.17463522460949,0.346086959998562,0.514354152349157,0.679434713213982,0.841323486074822,
1.),
.UNSPECIFIED.);
#6140=VERTEX_POINT('',#10342);
#6141=B_SPLINE_CURVE_WITH_KNOTS('',3,
(#10343,#10344,#10345,#10346,#10347,#10348,#10349,#10350,#10351,#10352,#10353,#10354,
#10355,#10356),
.UNSPECIFIED.,.F.,.F.,
(4,2,2,2,2,2,4),
(0.,0.309615072314032,0.487508096599859,0.629554123255857,0.757851252196431,0.880120072523008,
1.),
.UNSPECIFIED.);
#6142=VERTEX_POINT('',#10357);
#6143=CIRCLE('',#10358,13.75);
#6144=B_SPLINE_CURVE_WITH_KNOTS('',3,
(#10362,#10363,#10364,#10365,#10366,#10367,#10368,#10369,#10370,#10371,#10372,#10373,
#10374,#10375),
.UNSPECIFIED.,.F.,.F.,
(4,2,2,2,2,2,4),
(0.,0.119879927476995,0.242148747803577,0.370445876744151,0.512491903400153,0.69038492768598,
1.),
.UNSPECIFIED.);
#6145=VERTEX_POINT('',#10376);
#6146=CIRCLE('',#10377,1.6);
#6147=VERTEX_POINT('',#10381);
#6148=CIRCLE('',#10382,1.6);
#6149=VERTEX_POINT('',#10386);
#6150=CIRCLE('',#10387,1.6);
#6151=VERTEX_POINT('',#10391);
#6152=CIRCLE('',#10392,1.6);
#6153=VERTEX_POINT('',#10396);
#6154=LINE('',#10397,#10398);
#6155=CIRCLE('',#10400,16.);
#6156=VERTEX_POINT('',#10404);
#6157=VERTEX_POINT('',#10405);
#6158=B_SPLINE_CURVE_WITH_KNOTS('',3,
(#10406,#10407,#10408,#10409,#10410,#10411,#10412,#10413,#10414,#10415,#10416,#10417,
#10418,#10419),
.UNSPECIFIED.,.F.,.F.,
(4,2,2,2,2,2,4),
(0.,0.158676513925184,0.320565286786023,0.485645847650847,0.653913040001441,0.825364775390512,
1.),
.UNSPECIFIED.);
#6159=VERTEX_POINT('',#10420);
#6160=B_SPLINE_CURVE_WITH_KNOTS('',3,
(#10421,#10422,#10423,#10424,#10425,#10426,#10427,#10428,#10429,#10430,#10431,#10432,
#10433,#10434),
.UNSPECIFIED.,.F.,.F.,
(4,2,2,2,2,2,4),
(0.,0.119879927476995,0.242148747803577,0.370445876744151,0.512491903400153,0.69038492768598,
1.),
.UNSPECIFIED.);
#6161=VERTEX_POINT('',#10435);
#6162=CIRCLE('',#10436,13.75);
#6163=VERTEX_POINT('',#10440);
#6164=B_SPLINE_CURVE_WITH_KNOTS('',3,
(#10441,#10442,#10443,#10444,#10445,#10446,#10447,#10448,#10449,#10450,#10451,#10452,
#10453,#10454),
.UNSPECIFIED.,.F.,.F.,
(4,2,2,2,2,2,4),
(0.,0.309615072314032,0.487508096599859,0.629554123255857,0.757851252196431,0.880120072523008,
1.),
.UNSPECIFIED.);
#6165=VERTEX_POINT('',#10455);
#6166=B_SPLINE_CURVE_WITH_KNOTS('',3,
(#10456,#10457,#10458,#10459,#10460,#10461,#10462,#10463,#10464,#10465,#10466,#10467,
#10468,#10469),
.UNSPECIFIED.,.F.,.F.,
(4,2,2,2,2,2,4),
(0.,0.17463522460949,0.346086959998562,0.514354152349157,0.679434713213982,0.841323486074822,
1.),
.UNSPECIFIED.);
#6167=VERTEX_POINT('',#10470);
#6168=CIRCLE('',#10471,16.);
#6169=VERTEX_POINT('',#10475);
#6170=B_SPLINE_CURVE_WITH_KNOTS('',3,
(#10476,#10477,#10478,#10479,#10480,#10481,#10482,#10483,#10484,#10485,#10486,#10487,
#10488,#10489),
.UNSPECIFIED.,.F.,.F.,
(4,2,2,2,2,2,4),
(0.,0.158676513925184,0.320565286786023,0.485645847650847,0.653913040001441,0.825364775390512,
1.),
.UNSPECIFIED.);
#6171=VERTEX_POINT('',#10490);
#6172=B_SPLINE_CURVE_WITH_KNOTS('',3,
(#10491,#10492,#10493,#10494,#10495,#10496,#10497,#10498,#10499,#10500,#10501,#10502,
#10503,#10504),
.UNSPECIFIED.,.F.,.F.,
(4,2,2,2,2,2,4),
(0.,0.119879927476995,0.242148747803577,0.370445876744151,0.512491903400153,0.69038492768598,
1.),
.UNSPECIFIED.);
#6173=VERTEX_POINT('',#10505);
#6174=CIRCLE('',#10506,13.75);
#6175=VERTEX_POINT('',#10510);
#6176=B_SPLINE_CURVE_WITH_KNOTS('',3,
(#10511,#10512,#10513,#10514,#10515,#10516,#10517,#10518,#10519,#10520,#10521,#10522,
#10523,#10524),
.UNSPECIFIED.,.F.,.F.,
(4,2,2,2,2,2,4),
(0.,0.309615072314032,0.487508096599859,0.629554123255857,0.757851252196431,0.880120072523008,
1.),
.UNSPECIFIED.);
#6177=VERTEX_POINT('',#10525);
#6178=B_SPLINE_CURVE_WITH_KNOTS('',3,
(#10526,#10527,#10528,#10529,#10530,#10531,#10532,#10533,#10534,#10535,#10536,#10537,
#10538,#10539),
.UNSPECIFIED.,.F.,.F.,
(4,2,2,2,2,2,4),
(0.,0.17463522460949,0.346086959998562,0.514354152349157,0.679434713213982,0.841323486074822,
1.),
.UNSPECIFIED.);
#6179=VERTEX_POINT('',#10540);
#6180=CIRCLE('',#10541,16.);
#6181=VERTEX_POINT('',#10545);
#6182=B_SPLINE_CURVE_WITH_KNOTS('',3,
(#10546,#10547,#10548,#10549,#10550,#10551,#10552,#10553,#10554,#10555,#10556,#10557,
#10558,#10559),
.UNSPECIFIED.,.F.,.F.,
(4,2,2,2,2,2,4),
(0.,0.158676513925184,0.320565286786023,0.485645847650847,0.653913040001441,0.825364775390512,
1.),
.UNSPECIFIED.);
#6183=VERTEX_POINT('',#10560);
#6184=B_SPLINE_CURVE_WITH_KNOTS('',3,
(#10561,#10562,#10563,#10564,#10565,#10566,#10567,#10568,#10569,#10570,#10571,#10572,
#10573,#10574),
.UNSPECIFIED.,.F.,.F.,
(4,2,2,2,2,2,4),
(0.,0.119879927476995,0.242148747803577,0.370445876744151,0.512491903400153,0.69038492768598,
1.),
.UNSPECIFIED.);
#6185=VERTEX_POINT('',#10575);
#6186=CIRCLE('',#10576,13.75);
#6187=VERTEX_POINT('',#10580);
#6188=B_SPLINE_CURVE_WITH_KNOTS('',3,
(#10581,#10582,#10583,#10584,#10585,#10586,#10587,#10588,#10589,#10590,#10591,#10592,
#10593,#10594),
.UNSPECIFIED.,.F.,.F.,
(4,2,2,2,2,2,4),
(0.,0.309615072314032,0.487508096599859,0.629554123255857,0.757851252196431,0.880120072523008,
1.),
.UNSPECIFIED.);
#6189=VERTEX_POINT('',#10595);
#6190=B_SPLINE_CURVE_WITH_KNOTS('',3,
(#10596,#10597,#10598,#10599,#10600,#10601,#10602,#10603,#10604,#10605,#10606,#10607,
#10608,#10609),
.UNSPECIFIED.,.F.,.F.,
(4,2,2,2,2,2,4),
(0.,0.17463522460949,0.346086959998562,0.514354152349157,0.679434713213982,0.841323486074822,
1.),
.UNSPECIFIED.);
#6191=VERTEX_POINT('',#10610);
#6192=CIRCLE('',#10611,16.);
#6193=VERTEX_POINT('',#10615);
#6194=B_SPLINE_CURVE_WITH_KNOTS('',3,
(#10616,#10617,#10618,#10619,#10620,#10621,#10622,#10623,#10624,#10625,#10626,#10627,
#10628,#10629),
.UNSPECIFIED.,.F.,.F.,
(4,2,2,2,2,2,4),
(0.,0.158676513925184,0.320565286786023,0.485645847650847,0.653913040001441,0.825364775390512,
1.),
.UNSPECIFIED.);
#6195=VERTEX_POINT('',#10630);
#6196=B_SPLINE_CURVE_WITH_KNOTS('',3,
(#10631,#10632,#10633,#10634,#10635,#10636,#10637,#10638,#10639,#10640,#10641,#10642,
#10643,#10644),
.UNSPECIFIED.,.F.,.F.,
(4,2,2,2,2,2,4),
(0.,0.119879927476995,0.242148747803577,0.370445876744151,0.512491903400153,0.69038492768598,
1.),
.UNSPECIFIED.);
#6197=VERTEX_POINT('',#10645);
#6198=CIRCLE('',#10646,13.75);
#6199=VERTEX_POINT('',#10650);
#6200=B_SPLINE_CURVE_WITH_KNOTS('',3,
(#10651,#10652,#10653,#10654,#10655,#10656,#10657,#10658,#10659,#10660,#10661,#10662,
#10663,#10664),
.UNSPECIFIED.,.F.,.F.,
(4,2,2,2,2,2,4),
(0.,0.309615072314032,0.487508096599859,0.629554123255857,0.757851252196431,0.880120072523008,
1.),
.UNSPECIFIED.);
#6201=VERTEX_POINT('',#10665);
#6202=B_SPLINE_CURVE_WITH_KNOTS('',3,
(#10666,#10667,#10668,#10669,#10670,#10671,#10672,#10673,#10674,#10675,#10676,#10677,
#10678,#10679),
.UNSPECIFIED.,.F.,.F.,
(4,2,2,2,2,2,4),
(0.,0.17463522460949,0.346086959998562,0.514354152349157,0.679434713213982,0.841323486074822,
1.),
.UNSPECIFIED.);
#6203=VERTEX_POINT('',#10680);
#6204=CIRCLE('',#10681,16.);
#6205=VERTEX_POINT('',#10685);
#6206=B_SPLINE_CURVE_WITH_KNOTS('',3,
(#10686,#10687,#10688,#10689,#10690,#10691,#10692,#10693,#10694,#10695,#10696,#10697,
#10698,#10699),
.UNSPECIFIED.,.F.,.F.,
(4,2,2,2,2,2,4),
(0.,0.158676513925184,0.320565286786023,0.485645847650847,0.653913040001441,0.825364775390512,
1.),
.UNSPECIFIED.);
#6207=VERTEX_POINT('',#10700);
#6208=B_SPLINE_CURVE_WITH_KNOTS('',3,
(#10701,#10702,#10703,#10704,#10705,#10706,#10707,#10708,#10709,#10710,#10711,#10712,
#10713,#10714),
.UNSPECIFIED.,.F.,.F.,
(4,2,2,2,2,2,4),
(0.,0.119879927476995,0.242148747803577,0.370445876744151,0.512491903400153,0.69038492768598,
1.),
.UNSPECIFIED.);
#6209=VERTEX_POINT('',#10715);
#6210=CIRCLE('',#10716,13.75);
#6211=VERTEX_POINT('',#10720);
#6212=B_SPLINE_CURVE_WITH_KNOTS('',3,
(#10721,#10722,#10723,#10724,#10725,#10726,#10727,#10728,#10729,#10730,#10731,#10732,
#10733,#10734),
.UNSPECIFIED.,.F.,.F.,
(4,2,2,2,2,2,4),
(0.,0.309615072314032,0.487508096599859,0.629554123255857,0.757851252196431,0.880120072523008,
1.),
.UNSPECIFIED.);
#6213=VERTEX_POINT('',#10735);
#6214=B_SPLINE_CURVE_WITH_KNOTS('',3,
(#10736,#10737,#10738,#10739,#10740,#10741,#10742,#10743,#10744,#10745,#10746,#10747,
#10748,#10749),
.UNSPECIFIED.,.F.,.F.,
(4,2,2,2,2,2,4),
(0.,0.17463522460949,0.346086959998562,0.514354152349157,0.679434713213982,0.841323486074822,
1.),
.UNSPECIFIED.);
#6215=VERTEX_POINT('',#10750);
#6216=CIRCLE('',#10751,16.);
#6217=VERTEX_POINT('',#10755);
#6218=B_SPLINE_CURVE_WITH_KNOTS('',3,
(#10756,#10757,#10758,#10759,#10760,#10761,#10762,#10763,#10764,#10765,#10766,#10767,
#10768,#10769),
.UNSPECIFIED.,.F.,.F.,
(4,2,2,2,2,2,4),
(0.,0.158676513925184,0.320565286786023,0.485645847650847,0.653913040001441,0.825364775390512,
1.),
.UNSPECIFIED.);
#6219=VERTEX_POINT('',#10770);
#6220=B_SPLINE_CURVE_WITH_KNOTS('',3,
(#10771,#10772,#10773,#10774,#10775,#10776,#10777,#10778,#10779,#10780,#10781,#10782,
#10783,#10784),
.UNSPECIFIED.,.F.,.F.,
(4,2,2,2,2,2,4),
(0.,0.119879927476995,0.242148747803577,0.370445876744151,0.512491903400153,0.69038492768598,
1.),
.UNSPECIFIED.);
#6221=VERTEX_POINT('',#10785);
#6222=CIRCLE('',#10786,13.75);
#6223=VERTEX_POINT('',#10790);
#6224=B_SPLINE_CURVE_WITH_KNOTS('',3,
(#10791,#10792,#10793,#10794,#10795,#10796,#10797,#10798,#10799,#10800,#10801,#10802,
#10803,#10804),
.UNSPECIFIED.,.F.,.F.,
(4,2,2,2,2,2,4),
(0.,0.309615072314032,0.487508096599859,0.629554123255857,0.757851252196431,0.880120072523008,
1.),
.UNSPECIFIED.);
#6225=VERTEX_POINT('',#10805);
#6226=B_SPLINE_CURVE_WITH_KNOTS('',3,
(#10806,#10807,#10808,#10809,#10810,#10811,#10812,#10813,#10814,#10815,#10816,#10817,
#10818,#10819),
.UNSPECIFIED.,.F.,.F.,
(4,2,2,2,2,2,4),
(0.,0.17463522460949,0.346086959998562,0.514354152349157,0.679434713213982,0.841323486074822,
1.),
.UNSPECIFIED.);
#6227=VERTEX_POINT('',#10820);
#6228=CIRCLE('',#10821,16.);
#6229=VERTEX_POINT('',#10825);
#6230=B_SPLINE_CURVE_WITH_KNOTS('',3,
(#10826,#10827,#10828,#10829,#10830,#10831,#10832,#10833,#10834,#10835,#10836,#10837,
#10838,#10839),
.UNSPECIFIED.,.F.,.F.,
(4,2,2,2,2,2,4),
(0.,0.158676513925184,0.320565286786023,0.485645847650847,0.653913040001441,0.825364775390512,
1.),
.UNSPECIFIED.);
#6231=VERTEX_POINT('',#10840);
#6232=B_SPLINE_CURVE_WITH_KNOTS('',3,
(#10841,#10842,#10843,#10844,#10845,#10846,#10847,#10848,#10849,#10850,#10851,#10852,
#10853,#10854),
.UNSPECIFIED.,.F.,.F.,
(4,2,2,2,2,2,4),
(0.,0.119879927476995,0.242148747803577,0.370445876744151,0.512491903400153,0.69038492768598,
1.),
.UNSPECIFIED.);
#6233=VERTEX_POINT('',#10855);
#6234=CIRCLE('',#10856,13.75);
#6235=VERTEX_POINT('',#10860);
#6236=B_SPLINE_CURVE_WITH_KNOTS('',3,
(#10861,#10862,#10863,#10864,#10865,#10866,#10867,#10868,#10869,#10870,#10871,#10872,
#10873,#10874),
.UNSPECIFIED.,.F.,.F.,
(4,2,2,2,2,2,4),
(0.,0.309615072314032,0.487508096599859,0.629554123255857,0.757851252196431,0.880120072523008,
1.),
.UNSPECIFIED.);
#6237=VERTEX_POINT('',#10875);
#6238=B_SPLINE_CURVE_WITH_KNOTS('',3,
(#10876,#10877,#10878,#10879,#10880,#10881,#10882,#10883,#10884,#10885,#10886,#10887,
#10888,#10889),
.UNSPECIFIED.,.F.,.F.,
(4,2,2,2,2,2,4),
(0.,0.17463522460949,0.346086959998562,0.514354152349157,0.679434713213982,0.841323486074822,
1.),
.UNSPECIFIED.);
#6239=VERTEX_POINT('',#10890);
#6240=CIRCLE('',#10891,16.);
#6241=VERTEX_POINT('',#10895);
#6242=B_SPLINE_CURVE_WITH_KNOTS('',3,
(#10896,#10897,#10898,#10899,#10900,#10901,#10902,#10903,#10904,#10905,#10906,#10907,
#10908,#10909),
.UNSPECIFIED.,.F.,.F.,
(4,2,2,2,2,2,4),
(0.,0.158676513925184,0.320565286786023,0.485645847650847,0.653913040001441,0.825364775390512,
1.),
.UNSPECIFIED.);
#6243=VERTEX_POINT('',#10910);
#6244=B_SPLINE_CURVE_WITH_KNOTS('',3,
(#10911,#10912,#10913,#10914,#10915,#10916,#10917,#10918,#10919,#10920,#10921,#10922,
#10923,#10924),
.UNSPECIFIED.,.F.,.F.,
(4,2,2,2,2,2,4),
(0.,0.119879927476995,0.242148747803577,0.370445876744151,0.512491903400153,0.69038492768598,
1.),
.UNSPECIFIED.);
#6245=VERTEX_POINT('',#10925);
#6246=CIRCLE('',#10926,13.75);
#6247=VERTEX_POINT('',#10930);
#6248=B_SPLINE_CURVE_WITH_KNOTS('',3,
(#10931,#10932,#10933,#10934,#10935,#10936,#10937,#10938,#10939,#10940,#10941,#10942,
#10943,#10944),
.UNSPECIFIED.,.F.,.F.,
(4,2,2,2,2,2,4),
(0.,0.309615072314032,0.487508096599859,0.629554123255857,0.757851252196431,0.880120072523008,
1.),
.UNSPECIFIED.);
#6249=VERTEX_POINT('',#10945);
#6250=B_SPLINE_CURVE_WITH_KNOTS('',3,
(#10946,#10947,#10948,#10949,#10950,#10951,#10952,#10953,#10954,#10955,#10956,#10957,
#10958,#10959),
.UNSPECIFIED.,.F.,.F.,
(4,2,2,2,2,2,4),
(0.,0.17463522460949,0.346086959998562,0.514354152349157,0.679434713213982,0.841323486074822,
1.),
.UNSPECIFIED.);
#6251=VERTEX_POINT('',#10960);
#6252=CIRCLE('',#10961,16.);
#6253=VERTEX_POINT('',#10965);
#6254=B_SPLINE_CURVE_WITH_KNOTS('',3,
(#10966,#10967,#10968,#10969,#10970,#10971,#10972,#10973,#10974,#10975,#10976,#10977,
#10978,#10979),
.UNSPECIFIED.,.F.,.F.,
(4,2,2,2,2,2,4),
(0.,0.158676513925184,0.320565286786023,0.485645847650847,0.653913040001441,0.825364775390512,
1.),
.UNSPECIFIED.);
#6255=VERTEX_POINT('',#10980);
#6256=B_SPLINE_CURVE_WITH_KNOTS('',3,
(#10981,#10982,#10983,#10984,#10985,#10986,#10987,#10988,#10989,#10990,#10991,#10992,
#10993,#10994),
.UNSPECIFIED.,.F.,.F.,
(4,2,2,2,2,2,4),
(0.,0.119879927476995,0.242148747803577,0.370445876744151,0.512491903400153,0.69038492768598,
1.),
.UNSPECIFIED.);
#6257=VERTEX_POINT('',#10995);
#6258=CIRCLE('',#10996,13.75);
#6259=VERTEX_POINT('',#11000);
#6260=B_SPLINE_CURVE_WITH_KNOTS('',3,
(#11001,#11002,#11003,#11004,#11005,#11006,#11007,#11008,#11009,#11010,#11011,#11012,
#11013,#11014),
.UNSPECIFIED.,.F.,.F.,
(4,2,2,2,2,2,4),
(0.,0.309615072314032,0.487508096599859,0.629554123255857,0.757851252196431,0.880120072523008,
1.),
.UNSPECIFIED.);
#6261=VERTEX_POINT('',#11015);
#6262=B_SPLINE_CURVE_WITH_KNOTS('',3,
(#11016,#11017,#11018,#11019,#11020,#11021,#11022,#11023,#11024,#11025,#11026,#11027,
#11028,#11029),
.UNSPECIFIED.,.F.,.F.,
(4,2,2,2,2,2,4),
(0.,0.17463522460949,0.346086959998562,0.514354152349157,0.679434713213982,0.841323486074822,
1.),
.UNSPECIFIED.);
#6263=VERTEX_POINT('',#11030);
#6264=CIRCLE('',#11031,16.);
#6265=VERTEX_POINT('',#11035);
#6266=B_SPLINE_CURVE_WITH_KNOTS('',3,
(#11036,#11037,#11038,#11039,#11040,#11041,#11042,#11043,#11044,#11045,#11046,#11047,
#11048,#11049),
.UNSPECIFIED.,.F.,.F.,
(4,2,2,2,2,2,4),
(0.,0.158676513925184,0.320565286786023,0.485645847650847,0.653913040001441,0.825364775390512,
1.),
.UNSPECIFIED.);
#6267=VERTEX_POINT('',#11050);
#6268=B_SPLINE_CURVE_WITH_KNOTS('',3,
(#11051,#11052,#11053,#11054,#11055,#11056,#11057,#11058,#11059,#11060,#11061,#11062,
#11063,#11064),
.UNSPECIFIED.,.F.,.F.,
(4,2,2,2,2,2,4),
(0.,0.119879927476995,0.242148747803577,0.370445876744151,0.512491903400153,0.69038492768598,
1.),
.UNSPECIFIED.);
#6269=VERTEX_POINT('',#11065);
#6270=CIRCLE('',#11066,13.75);
#6271=VERTEX_POINT('',#11070);
#6272=B_SPLINE_CURVE_WITH_KNOTS('',3,
(#11071,#11072,#11073,#11074,#11075,#11076,#11077,#11078,#11079,#11080,#11081,#11082,
#11083,#11084),
.UNSPECIFIED.,.F.,.F.,
(4,2,2,2,2,2,4),
(0.,0.309615072314032,0.487508096599859,0.629554123255857,0.757851252196431,0.880120072523008,
1.),
.UNSPECIFIED.);
#6273=VERTEX_POINT('',#11085);
#6274=B_SPLINE_CURVE_WITH_KNOTS('',3,
(#11086,#11087,#11088,#11089,#11090,#11091,#11092,#11093,#11094,#11095,#11096,#11097,
#11098,#11099),
.UNSPECIFIED.,.F.,.F.,
(4,2,2,2,2,2,4),
(0.,0.17463522460949,0.346086959998562,0.514354152349157,0.679434713213982,0.841323486074822,
1.),
.UNSPECIFIED.);
#6275=VERTEX_POINT('',#11100);
#6276=CIRCLE('',#11101,16.);
#6277=VERTEX_POINT('',#11105);
#6278=B_SPLINE_CURVE_WITH_KNOTS('',3,
(#11106,#11107,#11108,#11109,#11110,#11111,#11112,#11113,#11114,#11115,#11116,#11117,
#11118,#11119),
.UNSPECIFIED.,.F.,.F.,
(4,2,2,2,2,2,4),
(0.,0.158676513925184,0.320565286786023,0.485645847650847,0.653913040001441,0.825364775390512,
1.),
.UNSPECIFIED.);
#6279=VERTEX_POINT('',#11120);
#6280=B_SPLINE_CURVE_WITH_KNOTS('',3,
(#11121,#11122,#11123,#11124,#11125,#11126,#11127,#11128,#11129,#11130,#11131,#11132,
#11133,#11134),
.UNSPECIFIED.,.F.,.F.,
(4,2,2,2,2,2,4),
(0.,0.119879927476995,0.242148747803577,0.370445876744151,0.512491903400153,0.69038492768598,
1.),
.UNSPECIFIED.);
#6281=VERTEX_POINT('',#11135);
#6282=CIRCLE('',#11136,13.75);
#6283=VERTEX_POINT('',#11140);
#6284=B_SPLINE_CURVE_WITH_KNOTS('',3,
(#11141,#11142,#11143,#11144,#11145,#11146,#11147,#11148,#11149,#11150,#11151,#11152,
#11153,#11154),
.UNSPECIFIED.,.F.,.F.,
(4,2,2,2,2,2,4),
(0.,0.309615072314032,0.487508096599859,0.629554123255857,0.757851252196431,0.880120072523008,
1.),
.UNSPECIFIED.);
#6285=VERTEX_POINT('',#11155);
#6286=B_SPLINE_CURVE_WITH_KNOTS('',3,
(#11156,#11157,#11158,#11159,#11160,#11161,#11162,#11163,#11164,#11165,#11166,#11167,
#11168,#11169),
.UNSPECIFIED.,.F.,.F.,
(4,2,2,2,2,2,4),
(0.,0.17463522460949,0.346086959998562,0.514354152349157,0.679434713213982,0.841323486074822,
1.),
.UNSPECIFIED.);
#6287=VERTEX_POINT('',#11170);
#6288=CIRCLE('',#11171,16.);
#6289=VERTEX_POINT('',#11175);
#6290=B_SPLINE_CURVE_WITH_KNOTS('',3,
(#11176,#11177,#11178,#11179,#11180,#11181,#11182,#11183,#11184,#11185,#11186,#11187,
#11188,#11189),
.UNSPECIFIED.,.F.,.F.,
(4,2,2,2,2,2,4),
(0.,0.158676513925184,0.320565286786023,0.485645847650847,0.653913040001441,0.825364775390512,
1.),
.UNSPECIFIED.);
#6291=VERTEX_POINT('',#11190);
#6292=B_SPLINE_CURVE_WITH_KNOTS('',3,
(#11191,#11192,#11193,#11194,#11195,#11196,#11197,#11198,#11199,#11200,#11201,#11202,
#11203,#11204),
.UNSPECIFIED.,.F.,.F.,
(4,2,2,2,2,2,4),
(0.,0.119879927476995,0.242148747803577,0.370445876744151,0.512491903400153,0.69038492768598,
1.),
.UNSPECIFIED.);
#6293=VERTEX_POINT('',#11205);
#6294=CIRCLE('',#11206,13.75);
#6295=B_SPLINE_CURVE_WITH_KNOTS('',3,
(#11210,#11211,#11212,#11213,#11214,#11215,#11216,#11217,#11218,#11219,#11220,#11221,
#11222,#11223),
.UNSPECIFIED.,.F.,.F.,
(4,2,2,2,2,2,4),
(0.,0.309615072314032,0.487508096599859,0.629554123255857,0.757851252196431,0.880120072523008,
1.),
.UNSPECIFIED.);
#6296=VERTEX_POINT('',#11224);
#6297=CIRCLE('',#11225,16.);
#6298=VERTEX_POINT('',#11229);
#6299=B_SPLINE_CURVE_WITH_KNOTS('',3,
(#11230,#11231,#11232,#11233,#11234,#11235,#11236,#11237,#11238,#11239,#11240,#11241,
#11242,#11243),
.UNSPECIFIED.,.F.,.F.,
(4,2,2,2,2,2,4),
(0.,0.158676513925184,0.320565286786023,0.485645847650847,0.653913040001441,0.825364775390512,
1.),
.UNSPECIFIED.);
#6300=VERTEX_POINT('',#11244);
#6301=B_SPLINE_CURVE_WITH_KNOTS('',3,
(#11245,#11246,#11247,#11248,#11249,#11250,#11251,#11252,#11253,#11254,#11255,#11256,
#11257,#11258),
.UNSPECIFIED.,.F.,.F.,
(4,2,2,2,2,2,4),
(0.,0.119879927476995,0.242148747803577,0.370445876744151,0.512491903400153,0.69038492768598,
1.),
.UNSPECIFIED.);
#6302=VERTEX_POINT('',#11259);
#6303=CIRCLE('',#11260,13.75);
#6304=VERTEX_POINT('',#11264);
#6305=B_SPLINE_CURVE_WITH_KNOTS('',3,
(#11265,#11266,#11267,#11268,#11269,#11270,#11271,#11272,#11273,#11274,#11275,#11276,
#11277,#11278),
.UNSPECIFIED.,.F.,.F.,
(4,2,2,2,2,2,4),
(0.,0.309615072314032,0.487508096599859,0.629554123255857,0.757851252196431,0.880120072523008,
1.),
.UNSPECIFIED.);
#6306=VERTEX_POINT('',#11279);
#6307=B_SPLINE_CURVE_WITH_KNOTS('',3,
(#11280,#11281,#11282,#11283,#11284,#11285,#11286,#11287,#11288,#11289,#11290,#11291,
#11292,#11293),
.UNSPECIFIED.,.F.,.F.,
(4,2,2,2,2,2,4),
(0.,0.17463522460949,0.346086959998562,0.514354152349157,0.679434713213982,0.841323486074822,
1.),
.UNSPECIFIED.);
#6308=VERTEX_POINT('',#11294);
#6309=CIRCLE('',#11295,16.);
#6310=VERTEX_POINT('',#11299);
#6311=B_SPLINE_CURVE_WITH_KNOTS('',3,
(#11300,#11301,#11302,#11303,#11304,#11305,#11306,#11307,#11308,#11309,#11310,#11311,
#11312,#11313),
.UNSPECIFIED.,.F.,.F.,
(4,2,2,2,2,2,4),
(0.,0.158676513925184,0.320565286786023,0.485645847650847,0.653913040001441,0.825364775390512,
1.),
.UNSPECIFIED.);
#6312=VERTEX_POINT('',#11314);
#6313=B_SPLINE_CURVE_WITH_KNOTS('',3,
(#11315,#11316,#11317,#11318,#11319,#11320,#11321,#11322,#11323,#11324,#11325,#11326,
#11327,#11328),
.UNSPECIFIED.,.F.,.F.,
(4,2,2,2,2,2,4),
(0.,0.119879927476995,0.242148747803577,0.370445876744151,0.512491903400153,0.69038492768598,
1.),
.UNSPECIFIED.);
#6314=VERTEX_POINT('',#11329);
#6315=CIRCLE('',#11330,13.75);
#6316=VERTEX_POINT('',#11334);
#6317=B_SPLINE_CURVE_WITH_KNOTS('',3,
(#11335,#11336,#11337,#11338,#11339,#11340,#11341,#11342,#11343,#11344,#11345,#11346,
#11347,#11348),
.UNSPECIFIED.,.F.,.F.,
(4,2,2,2,2,2,4),
(0.,0.309615072314032,0.487508096599859,0.629554123255857,0.757851252196431,0.880120072523008,
1.),
.UNSPECIFIED.);
#6318=VERTEX_POINT('',#11349);
#6319=B_SPLINE_CURVE_WITH_KNOTS('',3,
(#11350,#11351,#11352,#11353,#11354,#11355,#11356,#11357,#11358,#11359,#11360,#11361,
#11362,#11363),
.UNSPECIFIED.,.F.,.F.,
(4,2,2,2,2,2,4),
(0.,0.17463522460949,0.346086959998562,0.514354152349157,0.679434713213982,0.841323486074822,
1.),
.UNSPECIFIED.);
#6320=VERTEX_POINT('',#11364);
#6321=CIRCLE('',#11365,16.);
#6322=VERTEX_POINT('',#11369);
#6323=B_SPLINE_CURVE_WITH_KNOTS('',3,
(#11370,#11371,#11372,#11373,#11374,#11375,#11376,#11377,#11378,#11379,#11380,#11381,
#11382,#11383),
.UNSPECIFIED.,.F.,.F.,
(4,2,2,2,2,2,4),
(0.,0.158676513925184,0.320565286786023,0.485645847650847,0.653913040001441,0.825364775390512,
1.),
.UNSPECIFIED.);
#6324=VERTEX_POINT('',#11384);
#6325=B_SPLINE_CURVE_WITH_KNOTS('',3,
(#11385,#11386,#11387,#11388,#11389,#11390,#11391,#11392,#11393,#11394,#11395,#11396,
#11397,#11398),
.UNSPECIFIED.,.F.,.F.,
(4,2,2,2,2,2,4),
(0.,0.119879927476995,0.242148747803577,0.370445876744151,0.512491903400153,0.69038492768598,
1.),
.UNSPECIFIED.);
#6326=VERTEX_POINT('',#11399);
#6327=CIRCLE('',#11400,13.75);
#6328=VERTEX_POINT('',#11404);
#6329=B_SPLINE_CURVE_WITH_KNOTS('',3,
(#11405,#11406,#11407,#11408,#11409,#11410,#11411,#11412,#11413,#11414,#11415,#11416,
#11417,#11418),
.UNSPECIFIED.,.F.,.F.,
(4,2,2,2,2,2,4),
(0.,0.309615072314032,0.487508096599859,0.629554123255857,0.757851252196431,0.880120072523008,
1.),
.UNSPECIFIED.);
#6330=VERTEX_POINT('',#11419);
#6331=B_SPLINE_CURVE_WITH_KNOTS('',3,
(#11420,#11421,#11422,#11423,#11424,#11425,#11426,#11427,#11428,#11429,#11430,#11431,
#11432,#11433),
.UNSPECIFIED.,.F.,.F.,
(4,2,2,2,2,2,4),
(0.,0.17463522460949,0.346086959998562,0.514354152349157,0.679434713213982,0.841323486074822,
1.),
.UNSPECIFIED.);
#6332=VERTEX_POINT('',#11434);
#6333=CIRCLE('',#11435,16.);
#6334=VERTEX_POINT('',#11439);
#6335=B_SPLINE_CURVE_WITH_KNOTS('',3,
(#11440,#11441,#11442,#11443,#11444,#11445,#11446,#11447,#11448,#11449,#11450,#11451,
#11452,#11453),
.UNSPECIFIED.,.F.,.F.,
(4,2,2,2,2,2,4),
(0.,0.158676513925184,0.320565286786023,0.485645847650847,0.653913040001441,0.825364775390512,
1.),
.UNSPECIFIED.);
#6336=VERTEX_POINT('',#11454);
#6337=B_SPLINE_CURVE_WITH_KNOTS('',3,
(#11455,#11456,#11457,#11458,#11459,#11460,#11461,#11462,#11463,#11464,#11465,#11466,
#11467,#11468),
.UNSPECIFIED.,.F.,.F.,
(4,2,2,2,2,2,4),
(0.,0.119879927476995,0.242148747803577,0.370445876744151,0.512491903400153,0.69038492768598,
1.),
.UNSPECIFIED.);
#6338=VERTEX_POINT('',#11469);
#6339=CIRCLE('',#11470,13.75);
#6340=VERTEX_POINT('',#11474);
#6341=B_SPLINE_CURVE_WITH_KNOTS('',3,
(#11475,#11476,#11477,#11478,#11479,#11480,#11481,#11482,#11483,#11484,#11485,#11486,
#11487,#11488),
.UNSPECIFIED.,.F.,.F.,
(4,2,2,2,2,2,4),
(0.,0.309615072314032,0.487508096599859,0.629554123255857,0.757851252196431,0.880120072523008,
1.),
.UNSPECIFIED.);
#6342=VERTEX_POINT('',#11489);
#6343=B_SPLINE_CURVE_WITH_KNOTS('',3,
(#11490,#11491,#11492,#11493,#11494,#11495,#11496,#11497,#11498,#11499,#11500,#11501,
#11502,#11503),
.UNSPECIFIED.,.F.,.F.,
(4,2,2,2,2,2,4),
(0.,0.17463522460949,0.346086959998562,0.514354152349157,0.679434713213982,0.841323486074822,
1.),
.UNSPECIFIED.);
#6344=VERTEX_POINT('',#11504);
#6345=CIRCLE('',#11505,16.);
#6346=VERTEX_POINT('',#11509);
#6347=B_SPLINE_CURVE_WITH_KNOTS('',3,
(#11510,#11511,#11512,#11513,#11514,#11515,#11516,#11517,#11518,#11519,#11520,#11521,
#11522,#11523),
.UNSPECIFIED.,.F.,.F.,
(4,2,2,2,2,2,4),
(0.,0.158676513925184,0.320565286786023,0.485645847650847,0.653913040001441,0.825364775390512,
1.),
.UNSPECIFIED.);
#6348=VERTEX_POINT('',#11524);
#6349=B_SPLINE_CURVE_WITH_KNOTS('',3,
(#11525,#11526,#11527,#11528,#11529,#11530,#11531,#11532,#11533,#11534,#11535,#11536,
#11537,#11538),
.UNSPECIFIED.,.F.,.F.,
(4,2,2,2,2,2,4),
(0.,0.119879927476995,0.242148747803577,0.370445876744151,0.512491903400153,0.69038492768598,
1.),
.UNSPECIFIED.);
#6350=VERTEX_POINT('',#11539);
#6351=CIRCLE('',#11540,13.75);
#6352=VERTEX_POINT('',#11544);
#6353=B_SPLINE_CURVE_WITH_KNOTS('',3,
(#11545,#11546,#11547,#11548,#11549,#11550,#11551,#11552,#11553,#11554,#11555,#11556,
#11557,#11558),
.UNSPECIFIED.,.F.,.F.,
(4,2,2,2,2,2,4),
(0.,0.309615072314032,0.487508096599859,0.629554123255857,0.757851252196431,0.880120072523008,
1.),
.UNSPECIFIED.);
#6354=VERTEX_POINT('',#11559);
#6355=B_SPLINE_CURVE_WITH_KNOTS('',3,
(#11560,#11561,#11562,#11563,#11564,#11565,#11566,#11567,#11568,#11569,#11570,#11571,
#11572,#11573),
.UNSPECIFIED.,.F.,.F.,
(4,2,2,2,2,2,4),
(0.,0.17463522460949,0.346086959998562,0.514354152349157,0.679434713213982,0.841323486074822,
1.),
.UNSPECIFIED.);
#6356=VERTEX_POINT('',#11574);
#6357=CIRCLE('',#11575,16.);
#6358=VERTEX_POINT('',#11579);
#6359=B_SPLINE_CURVE_WITH_KNOTS('',3,
(#11580,#11581,#11582,#11583,#11584,#11585,#11586,#11587,#11588,#11589,#11590,#11591,
#11592,#11593),
.UNSPECIFIED.,.F.,.F.,
(4,2,2,2,2,2,4),
(0.,0.158676513925184,0.320565286786023,0.485645847650847,0.653913040001441,0.825364775390512,
1.),
.UNSPECIFIED.);
#6360=VERTEX_POINT('',#11594);
#6361=B_SPLINE_CURVE_WITH_KNOTS('',3,
(#11595,#11596,#11597,#11598,#11599,#11600,#11601,#11602,#11603,#11604,#11605,#11606,
#11607,#11608),
.UNSPECIFIED.,.F.,.F.,
(4,2,2,2,2,2,4),
(0.,0.119879927476995,0.242148747803577,0.370445876744151,0.512491903400153,0.69038492768598,
1.),
.UNSPECIFIED.);
#6362=VERTEX_POINT('',#11609);
#6363=CIRCLE('',#11610,13.75);
#6364=VERTEX_POINT('',#11614);
#6365=B_SPLINE_CURVE_WITH_KNOTS('',3,
(#11615,#11616,#11617,#11618,#11619,#11620,#11621,#11622,#11623,#11624,#11625,#11626,
#11627,#11628),
.UNSPECIFIED.,.F.,.F.,
(4,2,2,2,2,2,4),
(0.,0.309615072314032,0.487508096599859,0.629554123255857,0.757851252196431,0.880120072523008,
1.),
.UNSPECIFIED.);
#6366=VERTEX_POINT('',#11629);
#6367=B_SPLINE_CURVE_WITH_KNOTS('',3,
(#11630,#11631,#11632,#11633,#11634,#11635,#11636,#11637,#11638,#11639,#11640,#11641,
#11642,#11643),
.UNSPECIFIED.,.F.,.F.,
(4,2,2,2,2,2,4),
(0.,0.17463522460949,0.346086959998562,0.514354152349157,0.679434713213982,0.841323486074822,
1.),
.UNSPECIFIED.);
#6368=VERTEX_POINT('',#11644);
#6369=CIRCLE('',#11645,16.);
#6370=VERTEX_POINT('',#11649);
#6371=B_SPLINE_CURVE_WITH_KNOTS('',3,
(#11650,#11651,#11652,#11653,#11654,#11655,#11656,#11657,#11658,#11659,#11660,#11661,
#11662,#11663),
.UNSPECIFIED.,.F.,.F.,
(4,2,2,2,2,2,4),
(0.,0.158676513925184,0.320565286786023,0.485645847650847,0.653913040001441,0.825364775390512,
1.),
.UNSPECIFIED.);
#6372=VERTEX_POINT('',#11664);
#6373=B_SPLINE_CURVE_WITH_KNOTS('',3,
(#11665,#11666,#11667,#11668,#11669,#11670,#11671,#11672,#11673,#11674,#11675,#11676,
#11677,#11678),
.UNSPECIFIED.,.F.,.F.,
(4,2,2,2,2,2,4),
(0.,0.119879927476995,0.242148747803577,0.370445876744151,0.512491903400153,0.69038492768598,
1.),
.UNSPECIFIED.);
#6374=VERTEX_POINT('',#11679);
#6375=CIRCLE('',#11680,13.75);
#6376=VERTEX_POINT('',#11684);
#6377=B_SPLINE_CURVE_WITH_KNOTS('',3,
(#11685,#11686,#11687,#11688,#11689,#11690,#11691,#11692,#11693,#11694,#11695,#11696,
#11697,#11698),
.UNSPECIFIED.,.F.,.F.,
(4,2,2,2,2,2,4),
(0.,0.309615072314032,0.487508096599859,0.629554123255857,0.757851252196431,0.880120072523008,
1.),
.UNSPECIFIED.);
#6378=VERTEX_POINT('',#11699);
#6379=B_SPLINE_CURVE_WITH_KNOTS('',3,
(#11700,#11701,#11702,#11703,#11704,#11705,#11706,#11707,#11708,#11709,#11710,#11711,
#11712,#11713),
.UNSPECIFIED.,.F.,.F.,
(4,2,2,2,2,2,4),
(0.,0.17463522460949,0.346086959998562,0.514354152349157,0.679434713213982,0.841323486074822,
1.),
.UNSPECIFIED.);
#6380=VERTEX_POINT('',#11714);
#6381=CIRCLE('',#11715,16.);
#6382=VERTEX_POINT('',#11719);
#6383=B_SPLINE_CURVE_WITH_KNOTS('',3,
(#11720,#11721,#11722,#11723,#11724,#11725,#11726,#11727,#11728,#11729,#11730,#11731,
#11732,#11733),
.UNSPECIFIED.,.F.,.F.,
(4,2,2,2,2,2,4),
(0.,0.158676513925184,0.320565286786023,0.485645847650847,0.653913040001441,0.825364775390512,
1.),
.UNSPECIFIED.);
#6384=VERTEX_POINT('',#11734);
#6385=B_SPLINE_CURVE_WITH_KNOTS('',3,
(#11735,#11736,#11737,#11738,#11739,#11740,#11741,#11742,#11743,#11744,#11745,#11746,
#11747,#11748),
.UNSPECIFIED.,.F.,.F.,
(4,2,2,2,2,2,4),
(0.,0.119879927476995,0.242148747803577,0.370445876744151,0.512491903400153,0.69038492768598,
1.),
.UNSPECIFIED.);
#6386=VERTEX_POINT('',#11749);
#6387=CIRCLE('',#11750,13.75);
#6388=VERTEX_POINT('',#11754);
#6389=B_SPLINE_CURVE_WITH_KNOTS('',3,
(#11755,#11756,#11757,#11758,#11759,#11760,#11761,#11762,#11763,#11764,#11765,#11766,
#11767,#11768),
.UNSPECIFIED.,.F.,.F.,
(4,2,2,2,2,2,4),
(0.,0.309615072314032,0.487508096599859,0.629554123255857,0.757851252196431,0.880120072523008,
1.),
.UNSPECIFIED.);
#6390=VERTEX_POINT('',#11769);
#6391=B_SPLINE_CURVE_WITH_KNOTS('',3,
(#11770,#11771,#11772,#11773,#11774,#11775,#11776,#11777,#11778,#11779,#11780,#11781,
#11782,#11783),
.UNSPECIFIED.,.F.,.F.,
(4,2,2,2,2,2,4),
(0.,0.17463522460949,0.346086959998562,0.514354152349157,0.679434713213982,0.841323486074822,
1.),
.UNSPECIFIED.);
#6392=VERTEX_POINT('',#11784);
#6393=CIRCLE('',#11785,16.);
#6394=VERTEX_POINT('',#11789);
#6395=B_SPLINE_CURVE_WITH_KNOTS('',3,
(#11790,#11791,#11792,#11793,#11794,#11795,#11796,#11797,#11798,#11799,#11800,#11801,
#11802,#11803),
.UNSPECIFIED.,.F.,.F.,
(4,2,2,2,2,2,4),
(0.,0.158676513925184,0.320565286786023,0.485645847650847,0.653913040001441,0.825364775390512,
1.),
.UNSPECIFIED.);
#6396=VERTEX_POINT('',#11804);
#6397=B_SPLINE_CURVE_WITH_KNOTS('',3,
(#11805,#11806,#11807,#11808,#11809,#11810,#11811,#11812,#11813,#11814,#11815,#11816,
#11817,#11818),
.UNSPECIFIED.,.F.,.F.,
(4,2,2,2,2,2,4),
(0.,0.119879927476995,0.242148747803577,0.370445876744151,0.512491903400153,0.69038492768598,
1.),
.UNSPECIFIED.);
#6398=VERTEX_POINT('',#11819);
#6399=CIRCLE('',#11820,13.75);
#6400=VERTEX_POINT('',#11824);
#6401=B_SPLINE_CURVE_WITH_KNOTS('',3,
(#11825,#11826,#11827,#11828,#11829,#11830,#11831,#11832,#11833,#11834,#11835,#11836,
#11837,#11838),
.UNSPECIFIED.,.F.,.F.,
(4,2,2,2,2,2,4),
(0.,0.309615072314032,0.487508096599859,0.629554123255857,0.757851252196431,0.880120072523008,
1.),
.UNSPECIFIED.);
#6402=VERTEX_POINT('',#11839);
#6403=B_SPLINE_CURVE_WITH_KNOTS('',3,
(#11840,#11841,#11842,#11843,#11844,#11845,#11846,#11847,#11848,#11849,#11850,#11851,
#11852,#11853),
.UNSPECIFIED.,.F.,.F.,
(4,2,2,2,2,2,4),
(0.,0.17463522460949,0.346086959998562,0.514354152349157,0.679434713213982,0.841323486074822,
1.),
.UNSPECIFIED.);
#6404=VERTEX_POINT('',#11854);
#6405=CIRCLE('',#11855,16.);
#6406=VERTEX_POINT('',#11859);
#6407=B_SPLINE_CURVE_WITH_KNOTS('',3,
(#11860,#11861,#11862,#11863,#11864,#11865,#11866,#11867,#11868,#11869,#11870,#11871,
#11872,#11873),
.UNSPECIFIED.,.F.,.F.,
(4,2,2,2,2,2,4),
(0.,0.158676513925184,0.320565286786023,0.485645847650847,0.653913040001441,0.825364775390512,
1.),
.UNSPECIFIED.);
#6408=VERTEX_POINT('',#11874);
#6409=B_SPLINE_CURVE_WITH_KNOTS('',3,
(#11875,#11876,#11877,#11878,#11879,#11880,#11881,#11882,#11883,#11884,#11885,#11886,
#11887,#11888),
.UNSPECIFIED.,.F.,.F.,
(4,2,2,2,2,2,4),
(0.,0.119879927476995,0.242148747803577,0.370445876744151,0.512491903400153,0.69038492768598,
1.),
.UNSPECIFIED.);
#6410=VERTEX_POINT('',#11889);
#6411=CIRCLE('',#11890,13.75);
#6412=VERTEX_POINT('',#11894);
#6413=B_SPLINE_CURVE_WITH_KNOTS('',3,
(#11895,#11896,#11897,#11898,#11899,#11900,#11901,#11902,#11903,#11904,#11905,#11906,
#11907,#11908),
.UNSPECIFIED.,.F.,.F.,
(4,2,2,2,2,2,4),
(0.,0.309615072314032,0.487508096599859,0.629554123255857,0.757851252196431,0.880120072523008,
1.),
.UNSPECIFIED.);
#6414=VERTEX_POINT('',#11909);
#6415=B_SPLINE_CURVE_WITH_KNOTS('',3,
(#11910,#11911,#11912,#11913,#11914,#11915,#11916,#11917,#11918,#11919,#11920,#11921,
#11922,#11923),
.UNSPECIFIED.,.F.,.F.,
(4,2,2,2,2,2,4),
(0.,0.17463522460949,0.346086959998562,0.514354152349157,0.679434713213982,0.841323486074822,
1.),
.UNSPECIFIED.);
#6416=VERTEX_POINT('',#11924);
#6417=CIRCLE('',#11925,16.);
#6418=VERTEX_POINT('',#11929);
#6419=B_SPLINE_CURVE_WITH_KNOTS('',3,
(#11930,#11931,#11932,#11933,#11934,#11935,#11936,#11937,#11938,#11939,#11940,#11941,
#11942,#11943),
.UNSPECIFIED.,.F.,.F.,
(4,2,2,2,2,2,4),
(0.,0.158676513925184,0.320565286786023,0.485645847650847,0.653913040001441,0.825364775390512,
1.),
.UNSPECIFIED.);
#6420=VERTEX_POINT('',#11944);
#6421=B_SPLINE_CURVE_WITH_KNOTS('',3,
(#11945,#11946,#11947,#11948,#11949,#11950,#11951,#11952,#11953,#11954,#11955,#11956,
#11957,#11958),
.UNSPECIFIED.,.F.,.F.,
(4,2,2,2,2,2,4),
(0.,0.119879927476995,0.242148747803577,0.370445876744151,0.512491903400153,0.69038492768598,
1.),
.UNSPECIFIED.);
#6422=VERTEX_POINT('',#11959);
#6423=CIRCLE('',#11960,13.75);
#6424=VERTEX_POINT('',#11964);
#6425=B_SPLINE_CURVE_WITH_KNOTS('',3,
(#11965,#11966,#11967,#11968,#11969,#11970,#11971,#11972,#11973,#11974,#11975,#11976,
#11977,#11978),
.UNSPECIFIED.,.F.,.F.,
(4,2,2,2,2,2,4),
(0.,0.309615072314032,0.487508096599859,0.629554123255857,0.757851252196431,0.880120072523008,
1.),
.UNSPECIFIED.);
#6426=VERTEX_POINT('',#11979);
#6427=B_SPLINE_CURVE_WITH_KNOTS('',3,
(#11980,#11981,#11982,#11983,#11984,#11985,#11986,#11987,#11988,#11989,#11990,#11991,
#11992,#11993),
.UNSPECIFIED.,.F.,.F.,
(4,2,2,2,2,2,4),
(0.,0.17463522460949,0.346086959998562,0.514354152349157,0.679434713213982,0.841323486074822,
1.),
.UNSPECIFIED.);
#6428=VERTEX_POINT('',#11994);
#6429=CIRCLE('',#11995,16.);
#6430=VERTEX_POINT('',#11999);
#6431=B_SPLINE_CURVE_WITH_KNOTS('',3,
(#12000,#12001,#12002,#12003,#12004,#12005,#12006,#12007,#12008,#12009,#12010,#12011,
#12012,#12013),
.UNSPECIFIED.,.F.,.F.,
(4,2,2,2,2,2,4),
(0.,0.158676513925184,0.320565286786023,0.485645847650847,0.653913040001441,0.825364775390512,
1.),
.UNSPECIFIED.);
#6432=VERTEX_POINT('',#12014);
#6433=B_SPLINE_CURVE_WITH_KNOTS('',3,
(#12015,#12016,#12017,#12018,#12019,#12020,#12021,#12022,#12023,#12024,#12025,#12026,
#12027,#12028),
.UNSPECIFIED.,.F.,.F.,
(4,2,2,2,2,2,4),
(0.,0.119879927476995,0.242148747803577,0.370445876744151,0.512491903400153,0.69038492768598,
1.),
.UNSPECIFIED.);
#6434=VERTEX_POINT('',#12029);
#6435=CIRCLE('',#12030,13.75);
#6436=VERTEX_POINT('',#12034);
#6437=B_SPLINE_CURVE_WITH_KNOTS('',3,
(#12035,#12036,#12037,#12038,#12039,#12040,#12041,#12042,#12043,#12044,#12045,#12046,
#12047,#12048),
.UNSPECIFIED.,.F.,.F.,
(4,2,2,2,2,2,4),
(0.,0.309615072314032,0.487508096599859,0.629554123255857,0.757851252196431,0.880120072523008,
1.),
.UNSPECIFIED.);
#6438=VERTEX_POINT('',#12049);
#6439=B_SPLINE_CURVE_WITH_KNOTS('',3,
(#12050,#12051,#12052,#12053,#12054,#12055,#12056,#12057,#12058,#12059,#12060,#12061,
#12062,#12063),
.UNSPECIFIED.,.F.,.F.,
(4,2,2,2,2,2,4),
(0.,0.17463522460949,0.346086959998562,0.514354152349157,0.679434713213982,0.841323486074822,
1.),
.UNSPECIFIED.);
#6440=VERTEX_POINT('',#12064);
#6441=CIRCLE('',#12065,16.);
#6442=VERTEX_POINT('',#12069);
#6443=B_SPLINE_CURVE_WITH_KNOTS('',3,
(#12070,#12071,#12072,#12073,#12074,#12075,#12076,#12077,#12078,#12079,#12080,#12081,
#12082,#12083),
.UNSPECIFIED.,.F.,.F.,
(4,2,2,2,2,2,4),
(0.,0.158676513925184,0.320565286786023,0.485645847650847,0.653913040001441,0.825364775390512,
1.),
.UNSPECIFIED.);
#6444=VERTEX_POINT('',#12084);
#6445=B_SPLINE_CURVE_WITH_KNOTS('',3,
(#12085,#12086,#12087,#12088,#12089,#12090,#12091,#12092,#12093,#12094,#12095,#12096,
#12097,#12098),
.UNSPECIFIED.,.F.,.F.,
(4,2,2,2,2,2,4),
(0.,0.119879927476995,0.242148747803577,0.370445876744151,0.512491903400153,0.69038492768598,
1.),
.UNSPECIFIED.);
#6446=VERTEX_POINT('',#12099);
#6447=CIRCLE('',#12100,13.75);
#6448=VERTEX_POINT('',#12104);
#6449=B_SPLINE_CURVE_WITH_KNOTS('',3,
(#12105,#12106,#12107,#12108,#12109,#12110,#12111,#12112,#12113,#12114,#12115,#12116,
#12117,#12118),
.UNSPECIFIED.,.F.,.F.,
(4,2,2,2,2,2,4),
(0.,0.309615072314032,0.487508096599859,0.629554123255857,0.757851252196431,0.880120072523008,
1.),
.UNSPECIFIED.);
#6450=VERTEX_POINT('',#12119);
#6451=B_SPLINE_CURVE_WITH_KNOTS('',3,
(#12120,#12121,#12122,#12123,#12124,#12125,#12126,#12127,#12128,#12129,#12130,#12131,
#12132,#12133),
.UNSPECIFIED.,.F.,.F.,
(4,2,2,2,2,2,4),
(0.,0.17463522460949,0.346086959998562,0.514354152349157,0.679434713213982,0.841323486074822,
1.),
.UNSPECIFIED.);
#6452=VERTEX_POINT('',#12134);
#6453=CIRCLE('',#12135,16.);
#6454=VERTEX_POINT('',#12139);
#6455=B_SPLINE_CURVE_WITH_KNOTS('',3,
(#12140,#12141,#12142,#12143,#12144,#12145,#12146,#12147,#12148,#12149,#12150,#12151,
#12152,#12153),
.UNSPECIFIED.,.F.,.F.,
(4,2,2,2,2,2,4),
(0.,0.158676513925184,0.320565286786023,0.485645847650847,0.653913040001441,0.825364775390512,
1.),
.UNSPECIFIED.);
#6456=VERTEX_POINT('',#12154);
#6457=B_SPLINE_CURVE_WITH_KNOTS('',3,
(#12155,#12156,#12157,#12158,#12159,#12160,#12161,#12162,#12163,#12164,#12165,#12166,
#12167,#12168),
.UNSPECIFIED.,.F.,.F.,
(4,2,2,2,2,2,4),
(0.,0.119879927476995,0.242148747803577,0.370445876744151,0.512491903400153,0.69038492768598,
1.),
.UNSPECIFIED.);
#6458=VERTEX_POINT('',#12169);
#6459=CIRCLE('',#12170,13.75);
#6460=B_SPLINE_CURVE_WITH_KNOTS('',3,
(#12174,#12175,#12176,#12177,#12178,#12179,#12180,#12181,#12182,#12183,#12184,#12185,
#12186,#12187),
.UNSPECIFIED.,.F.,.F.,
(4,2,2,2,2,2,4),
(0.,0.309615072314032,0.487508096599859,0.629554123255857,0.757851252196431,0.880120072523008,
1.),
.UNSPECIFIED.);
#6461=VERTEX_POINT('',#12188);
#6462=B_SPLINE_CURVE_WITH_KNOTS('',3,
(#12189,#12190,#12191,#12192,#12193,#12194,#12195,#12196,#12197,#12198,#12199,#12200,
#12201,#12202),
.UNSPECIFIED.,.F.,.F.,
(4,2,2,2,2,2,4),
(0.,0.158676513925184,0.320565286786023,0.485645847650847,0.653913040001441,0.825364775390512,
1.),
.UNSPECIFIED.);
#6463=VERTEX_POINT('',#12203);
#6464=B_SPLINE_CURVE_WITH_KNOTS('',3,
(#12204,#12205,#12206,#12207,#12208,#12209,#12210,#12211,#12212,#12213,#12214,#12215,
#12216,#12217),
.UNSPECIFIED.,.F.,.F.,
(4,2,2,2,2,2,4),
(0.,0.119879927476995,0.242148747803577,0.370445876744151,0.512491903400153,0.69038492768598,
1.),
.UNSPECIFIED.);
#6465=VERTEX_POINT('',#12218);
#6466=CIRCLE('',#12219,13.75);
#6467=VERTEX_POINT('',#12223);
#6468=B_SPLINE_CURVE_WITH_KNOTS('',3,
(#12224,#12225,#12226,#12227,#12228,#12229,#12230,#12231,#12232,#12233,#12234,#12235,
#12236,#12237),
.UNSPECIFIED.,.F.,.F.,
(4,2,2,2,2,2,4),
(0.,0.309615072314032,0.487508096599859,0.629554123255857,0.757851252196431,0.880120072523008,
1.),
.UNSPECIFIED.);
#6469=VERTEX_POINT('',#12238);
#6470=B_SPLINE_CURVE_WITH_KNOTS('',3,
(#12239,#12240,#12241,#12242,#12243,#12244,#12245,#12246,#12247,#12248,#12249,#12250,
#12251,#12252),
.UNSPECIFIED.,.F.,.F.,
(4,2,2,2,2,2,4),
(0.,0.17463522460949,0.346086959998562,0.514354152349157,0.679434713213982,0.841323486074822,
1.),
.UNSPECIFIED.);
#6471=VERTEX_POINT('',#12253);
#6472=CIRCLE('',#12254,16.);
#6473=VERTEX_POINT('',#12258);
#6474=B_SPLINE_CURVE_WITH_KNOTS('',3,
(#12259,#12260,#12261,#12262,#12263,#12264,#12265,#12266,#12267,#12268,#12269,#12270,
#12271,#12272),
.UNSPECIFIED.,.F.,.F.,
(4,2,2,2,2,2,4),
(0.,0.158676513925184,0.320565286786023,0.485645847650847,0.653913040001441,0.825364775390512,
1.),
.UNSPECIFIED.);
#6475=VERTEX_POINT('',#12273);
#6476=B_SPLINE_CURVE_WITH_KNOTS('',3,
(#12274,#12275,#12276,#12277,#12278,#12279,#12280,#12281,#12282,#12283,#12284,#12285,
#12286,#12287),
.UNSPECIFIED.,.F.,.F.,
(4,2,2,2,2,2,4),
(0.,0.119879927476995,0.242148747803577,0.370445876744151,0.512491903400153,0.69038492768598,
1.),
.UNSPECIFIED.);
#6477=VERTEX_POINT('',#12288);
#6478=CIRCLE('',#12289,13.75);
#6479=VERTEX_POINT('',#12293);
#6480=B_SPLINE_CURVE_WITH_KNOTS('',3,
(#12294,#12295,#12296,#12297,#12298,#12299,#12300,#12301,#12302,#12303,#12304,#12305,
#12306,#12307),
.UNSPECIFIED.,.F.,.F.,
(4,2,2,2,2,2,4),
(0.,0.309615072314032,0.487508096599859,0.629554123255857,0.757851252196431,0.880120072523008,
1.),
.UNSPECIFIED.);
#6481=VERTEX_POINT('',#12308);
#6482=B_SPLINE_CURVE_WITH_KNOTS('',3,
(#12309,#12310,#12311,#12312,#12313,#12314,#12315,#12316,#12317,#12318,#12319,#12320,
#12321,#12322),
.UNSPECIFIED.,.F.,.F.,
(4,2,2,2,2,2,4),
(0.,0.17463522460949,0.346086959998562,0.514354152349157,0.679434713213982,0.841323486074822,
1.),
.UNSPECIFIED.);
#6483=CIRCLE('',#12323,16.);
#6484=VERTEX_POINT('',#12327);
#6485=CIRCLE('',#12328,1.);
#6486=VERTEX_POINT('',#12332);
#6487=CIRCLE('',#12333,1.);
#6488=VERTEX_POINT('',#12337);
#6489=LINE('',#12338,#12339);
#6490=VERTEX_POINT('',#12341);
#6491=LINE('',#12342,#12343);
#6492=VERTEX_POINT('',#12345);
#6493=LINE('',#12346,#12347);
#6494=VERTEX_POINT('',#12349);
#6495=LINE('',#12350,#12351);
#6496=VERTEX_POINT('',#12353);
#6497=LINE('',#12354,#12355);
#6498=CIRCLE('',#12357,1.);
#6499=VERTEX_POINT('',#12361);
#6500=CIRCLE('',#12362,1.);
#6501=VERTEX_POINT('',#12366);
#6502=LINE('',#12367,#12368);
#6503=VERTEX_POINT('',#12370);
#6504=LINE('',#12371,#12372);
#6505=VERTEX_POINT('',#12374);
#6506=LINE('',#12375,#12376);
#6507=VERTEX_POINT('',#12378);
#6508=LINE('',#12379,#12380);
#6509=VERTEX_POINT('',#12382);
#6510=LINE('',#12383,#12384);
#6511=CIRCLE('',#12386,0.999999999999999);
#6512=VERTEX_POINT('',#12390);
#6513=CIRCLE('',#12391,1.);
#6514=VERTEX_POINT('',#12395);
#6515=LINE('',#12396,#12397);
#6516=VERTEX_POINT('',#12399);
#6517=LINE('',#12400,#12401);
#6518=VERTEX_POINT('',#12403);
#6519=LINE('',#12404,#12405);
#6520=VERTEX_POINT('',#12407);
#6521=LINE('',#12408,#12409);
#6522=VERTEX_POINT('',#12411);
#6523=LINE('',#12412,#12413);
#6524=CIRCLE('',#12415,1.);
#6525=VERTEX_POINT('',#12419);
#6526=CIRCLE('',#12420,1.);
#6527=VERTEX_POINT('',#12424);
#6528=LINE('',#12425,#12426);
#6529=VERTEX_POINT('',#12428);
#6530=LINE('',#12429,#12430);
#6531=VERTEX_POINT('',#12432);
#6532=LINE('',#12433,#12434);
#6533=VERTEX_POINT('',#12436);
#6534=LINE('',#12437,#12438);
#6535=LINE('',#12440,#12441);
#6536=LINE('',#12443,#12444);
#6537=LINE('',#12446,#12447);
#6538=LINE('',#12449,#12450);
#6539=VERTEX_POINT('',#12452);
#6540=LINE('',#12453,#12454);
#6541=CIRCLE('',#12456,0.999999999999999);
#6542=VERTEX_POINT('',#12460);
#6543=LINE('',#12461,#12462);
#6544=VERTEX_POINT('',#12464);
#6545=LINE('',#12465,#12466);
#6546=VERTEX_POINT('',#12468);
#6547=LINE('',#12469,#12470);
#6548=VERTEX_POINT('',#12472);
#6549=LINE('',#12473,#12474);
#6550=VERTEX_POINT('',#12476);
#6551=LINE('',#12477,#12478);
#6552=CIRCLE('',#12480,0.999999999999999);
#6553=VERTEX_POINT('',#12484);
#6554=CIRCLE('',#12485,1.6);
#6555=LINE('',#12489,#12490);
#6556=VERTEX_POINT('',#12492);
#6557=LINE('',#12493,#12494);
#6558=CIRCLE('',#12496,1.);
#6559=VERTEX_POINT('',#12500);
#6560=CIRCLE('',#12501,1.);
#6561=VERTEX_POINT('',#12505);
#6562=LINE('',#12506,#12507);
#6563=VERTEX_POINT('',#12509);
#6564=LINE('',#12510,#12511);
#6565=VERTEX_POINT('',#12513);
#6566=LINE('',#12514,#12515);
#6567=VERTEX_POINT('',#12517);
#6568=LINE('',#12518,#12519);
#6569=LINE('',#12521,#12522);
#6570=VERTEX_POINT('',#12524);
#6571=CIRCLE('',#12525,1.6);
#6572=LINE('',#12529,#12530);
#6573=VERTEX_POINT('',#12532);
#6574=LINE('',#12533,#12534);
#6575=CIRCLE('',#12536,0.999999999999998);
#6576=VERTEX_POINT('',#12540);
#6577=CIRCLE('',#12541,0.999999999999996);
#6578=VERTEX_POINT('',#12545);
#6579=LINE('',#12546,#12547);
#6580=VERTEX_POINT('',#12549);
#6581=LINE('',#12550,#12551);
#6582=VERTEX_POINT('',#12553);
#6583=LINE('',#12554,#12555);
#6584=VERTEX_POINT('',#12557);
#6585=LINE('',#12558,#12559);
#6586=LINE('',#12561,#12562);
#6587=VERTEX_POINT('',#12564);
#6588=CIRCLE('',#12565,1.6);
#6589=LINE('',#12569,#12570);
#6590=VERTEX_POINT('',#12572);
#6591=LINE('',#12573,#12574);
#6592=CIRCLE('',#12576,0.999999999999999);
#6593=VERTEX_POINT('',#12580);
#6594=CIRCLE('',#12581,0.999999999999998);
#6595=VERTEX_POINT('',#12585);
#6596=LINE('',#12586,#12587);
#6597=VERTEX_POINT('',#12589);
#6598=LINE('',#12590,#12591);
#6599=VERTEX_POINT('',#12593);
#6600=LINE('',#12594,#12595);
#6601=VERTEX_POINT('',#12597);
#6602=LINE('',#12598,#12599);
#6603=LINE('',#12601,#12602);
#6604=VERTEX_POINT('',#12604);
#6605=CIRCLE('',#12605,1.6);
#6606=LINE('',#12609,#12610);
#6607=LINE('',#12612,#12613);
#6608=LINE('',#12615,#12616);
#6609=LINE('',#12618,#12619);
#6610=LINE('',#12621,#12622);
#6611=LINE('',#12624,#12625);
#6612=LINE('',#12627,#12628);
#6613=LINE('',#12630,#12631);
#6614=LINE('',#12633,#12634);
#6615=LINE('',#12636,#12637);
#6616=LINE('',#12639,#12640);
#6617=LINE('',#12642,#12643);
#6618=LINE('',#12645,#12646);
#6619=LINE('',#12648,#12649);
#6620=LINE('',#12651,#12652);
#6621=LINE('',#12654,#12655);
#6622=LINE('',#12657,#12658);
#6623=LINE('',#12660,#12661);
#6624=LINE('',#12663,#12664);
#6625=LINE('',#12666,#12667);
#6626=LINE('',#12669,#12670);
#6627=LINE('',#12672,#12673);
#6628=LINE('',#12675,#12676);
#6629=LINE('',#12678,#12679);
#6630=LINE('',#12681,#12682);
#6631=LINE('',#12684,#12685);
#6632=LINE('',#12687,#12688);
#6633=LINE('',#12690,#12691);
#6634=LINE('',#12693,#12694);
#6635=LINE('',#12696,#12697);
#6636=LINE('',#12699,#12700);
#6637=LINE('',#12702,#12703);
#6638=LINE('',#12705,#12706);
#6639=LINE('',#12708,#12709);
#6640=LINE('',#12711,#12712);
#6641=LINE('',#12714,#12715);
#6642=LINE('',#12717,#12718);
#6643=LINE('',#12720,#12721);
#6644=LINE('',#12723,#12724);
#6645=LINE('',#12726,#12727);
#6646=LINE('',#12729,#12730);
#6647=LINE('',#12732,#12733);
#6648=LINE('',#12735,#12736);
#6649=LINE('',#12738,#12739);
#6650=LINE('',#12741,#12742);
#6651=LINE('',#12744,#12745);
#6652=LINE('',#12747,#12748);
#6653=LINE('',#12750,#12751);
#6654=LINE('',#12753,#12754);
#6655=LINE('',#12756,#12757);
#6656=LINE('',#12759,#12760);
#6657=LINE('',#12762,#12763);
#6658=LINE('',#12765,#12766);
#6659=LINE('',#12768,#12769);
#6660=LINE('',#12771,#12772);
#6661=LINE('',#12774,#12775);
#6662=LINE('',#12777,#12778);
#6663=LINE('',#12780,#12781);
#6664=LINE('',#12783,#12784);
#6665=LINE('',#12786,#12787);
#6666=LINE('',#12789,#12790);
#6667=LINE('',#12792,#12793);
#6668=LINE('',#12795,#12796);
#6669=LINE('',#12798,#12799);
#6670=LINE('',#12801,#12802);
#6671=LINE('',#12804,#12805);
#6672=LINE('',#12807,#12808);
#6673=LINE('',#12810,#12811);
#6674=LINE('',#12813,#12814);
#6675=LINE('',#12816,#12817);
#6676=LINE('',#12819,#12820);
#6677=LINE('',#12822,#12823);
#6678=LINE('',#12825,#12826);
#6679=LINE('',#12828,#12829);
#6680=LINE('',#12831,#12832);
#6681=LINE('',#12834,#12835);
#6682=LINE('',#12837,#12838);
#6683=LINE('',#12840,#12841);
#6684=LINE('',#12843,#12844);
#6685=LINE('',#12846,#12847);
#6686=LINE('',#12849,#12850);
#6687=LINE('',#12852,#12853);
#6688=LINE('',#12855,#12856);
#6689=LINE('',#12858,#12859);
#6690=LINE('',#12861,#12862);
#6691=LINE('',#12864,#12865);
#6692=LINE('',#12867,#12868);
#6693=LINE('',#12870,#12871);
#6694=LINE('',#12873,#12874);
#6695=LINE('',#12876,#12877);
#6696=LINE('',#12879,#12880);
#6697=LINE('',#12882,#12883);
#6698=LINE('',#12885,#12886);
#6699=LINE('',#12888,#12889);
#6700=LINE('',#12891,#12892);
#6701=LINE('',#12894,#12895);
#6702=LINE('',#12897,#12898);
#6703=LINE('',#12900,#12901);
#6704=LINE('',#12903,#12904);
#6705=LINE('',#12906,#12907);
#6706=LINE('',#12909,#12910);
#6707=LINE('',#12912,#12913);
#6708=LINE('',#12915,#12916);
#6709=LINE('',#12918,#12919);
#6710=LINE('',#12921,#12922);
#6711=LINE('',#12924,#12925);
#6712=LINE('',#12927,#12928);
#6713=LINE('',#12930,#12931);
#6714=LINE('',#12933,#12934);
#6715=LINE('',#12936,#12937);
#6716=LINE('',#12939,#12940);
#6717=LINE('',#12942,#12943);
#6718=LINE('',#12945,#12946);
#6719=LINE('',#12948,#12949);
#6720=LINE('',#12951,#12952);
#6721=LINE('',#12954,#12955);
#6722=LINE('',#12957,#12958);
#6723=LINE('',#12960,#12961);
#6724=LINE('',#12963,#12964);
#6725=LINE('',#12966,#12967);
#6726=LINE('',#12969,#12970);
#6727=LINE('',#12972,#12973);
#6728=LINE('',#12975,#12976);
#6729=LINE('',#12978,#12979);
#6730=LINE('',#12981,#12982);
#6731=LINE('',#12984,#12985);
#6732=LINE('',#12987,#12988);
#6733=LINE('',#12990,#12991);
#6734=LINE('',#12993,#12994);
#6735=LINE('',#12996,#12997);
#6736=LINE('',#12999,#13000);
#6737=LINE('',#13002,#13003);
#6738=LINE('',#13005,#13006);
#6739=LINE('',#13008,#13009);
#6740=LINE('',#13011,#13012);
#6741=LINE('',#13014,#13015);
#6742=LINE('',#13017,#13018);
#6743=LINE('',#13020,#13021);
#6744=LINE('',#13023,#13024);
#6745=LINE('',#13026,#13027);
#6746=LINE('',#13029,#13030);
#6747=LINE('',#13032,#13033);
#6748=LINE('',#13035,#13036);
#6749=LINE('',#13038,#13039);
#6750=LINE('',#13041,#13042);
#6751=LINE('',#13044,#13045);
#6752=LINE('',#13047,#13048);
#6753=LINE('',#13050,#13051);
#6754=LINE('',#13053,#13054);
#6755=LINE('',#13056,#13057);
#6756=LINE('',#13059,#13060);
#6757=LINE('',#13062,#13063);
#6758=LINE('',#13065,#13066);
#6759=LINE('',#13068,#13069);
#6760=LINE('',#13071,#13072);
#6761=LINE('',#13074,#13075);
#6762=LINE('',#13077,#13078);
#6763=LINE('',#13080,#13081);
#6764=LINE('',#13083,#13084);
#6765=LINE('',#13086,#13087);
#6766=LINE('',#13089,#13090);
#6767=LINE('',#13092,#13093);
#6768=LINE('',#13095,#13096);
#6769=LINE('',#13098,#13099);
#6770=LINE('',#13101,#13102);
#6771=LINE('',#13104,#13105);
#6772=LINE('',#13107,#13108);
#6773=LINE('',#13110,#13111);
#6774=LINE('',#13113,#13114);
#6775=LINE('',#13116,#13117);
#6776=LINE('',#13119,#13120);
#6777=LINE('',#13122,#13123);
#6778=LINE('',#13125,#13126);
#6779=LINE('',#13128,#13129);
#6780=LINE('',#13131,#13132);
#6781=LINE('',#13134,#13135);
#6782=LINE('',#13137,#13138);
#6783=CARTESIAN_POINT('',(-10.96405750434,5.93609137335011,-9.12899187023338));
#6784=CARTESIAN_POINT('',(-11.7255147825234,5.,-9.46277308272647));
#6785=CARTESIAN_POINT('',(-10.9640575029276,5.93609137611891,-9.12899187164578));
#6786=CARTESIAN_POINT('',(-10.975713165719,5.93129822223835,-9.13575771076848));
#6787=CARTESIAN_POINT('',(-10.9989162733605,5.92147312634419,-9.14905002482525));
#6788=CARTESIAN_POINT('',(-11.0336053532936,5.90589458300394,-9.16840842390169));
#6789=CARTESIAN_POINT('',(-11.0679014123629,5.88957083755977,-9.18705135262861));
#6790=CARTESIAN_POINT('',(-11.1018113493112,5.87247483638179,-9.20500757168211));
#6791=CARTESIAN_POINT('',(-11.1351790878582,5.85466307717262,-9.22222049867655));
#6792=CARTESIAN_POINT('',(-11.1679962356586,5.83612353102101,-9.238716133299));
#6793=CARTESIAN_POINT('',(-11.2001352125518,5.81690773358573,-9.25445584967475));
#6794=CARTESIAN_POINT('',(-11.2316714112051,5.79697880431752,-9.26952586809371));
#6795=CARTESIAN_POINT('',(-11.2624153916131,5.77633962651725,-9.28378483109221));
#6796=CARTESIAN_POINT('',(-11.2922847706371,5.75505602898546,-9.2972464620876));
#6797=CARTESIAN_POINT('',(-11.3209946815618,5.73339029603077,-9.30985558672315));
#6798=CARTESIAN_POINT('',(-11.3486297005427,5.71134062488791,-9.32171152929491));
#6799=CARTESIAN_POINT('',(-11.3750041723142,5.68911922462447,-9.3327900029566));
#6800=CARTESIAN_POINT('',(-11.4002010942451,5.6667266578269,-9.34317545130815));
#6801=CARTESIAN_POINT('',(-11.4265591657616,5.64204608878547,-9.3538581997207));
#6802=CARTESIAN_POINT('',(-11.4539265991462,5.61484869242587,-9.3647604844644));
#6803=CARTESIAN_POINT('',(-11.481983789682,5.58500208268382,-9.37574708551718));
#6804=CARTESIAN_POINT('',(-11.5059587287879,5.55772461922632,-9.38501505787274));
#6805=CARTESIAN_POINT('',(-11.5262398499048,5.53314665390043,-9.39273027400798));
#6806=CARTESIAN_POINT('',(-11.5458683578782,5.50803090783472,-9.40009335056518));
#6807=CARTESIAN_POINT('',(-11.5702123874782,5.47469036893287,-9.40908200762146));
#6808=CARTESIAN_POINT('',(-11.6009856500834,5.42798506470291,-9.42020772651247));
#6809=CARTESIAN_POINT('',(-11.6331561749742,5.37124724429541,-9.43155460972163));
#6810=CARTESIAN_POINT('',(-11.6612127011432,5.31148702903096,-9.4412342801581));
#6811=CARTESIAN_POINT('',(-11.6823624117731,5.25624312626807,-9.44841344152417));
#6812=CARTESIAN_POINT('',(-11.6972094185112,5.2081434642256,-9.45339599590716));
#6813=CARTESIAN_POINT('',(-11.7071863006156,5.16774412140871,-9.4567188827178));
#6814=CARTESIAN_POINT('',(-11.7134031036232,5.13632495258081,-9.45877945735271));
#6815=CARTESIAN_POINT('',(-11.717396626084,5.11159293659151,-9.46009935851192));
#6816=CARTESIAN_POINT('',(-11.7200744199188,5.0915127433845,-9.46098272604042));
#6817=CARTESIAN_POINT('',(-11.722103768339,5.07271359985135,-9.46165124829419));
#6818=CARTESIAN_POINT('',(-11.7236278548684,5.05454864772534,-9.46215278849576));
#6819=CARTESIAN_POINT('',(-11.7247167550119,5.03636582177,-9.46251083168165));
#6820=CARTESIAN_POINT('',(-11.7253695796476,5.0181855123352,-9.46272538028744));
#6821=CARTESIAN_POINT('',(-11.7255148164007,5.00605902636957,-9.46277308483574));
#6822=CARTESIAN_POINT('',(-11.7255147825139,5.00000000000054,-9.46277308271692));
#6823=CARTESIAN_POINT('',(-10.96405750434,4.0639086266499,-9.12899187023338));
#6824=CARTESIAN_POINT('',(-11.7255147825139,5.00000000000054,-9.46277308271692));
#6825=CARTESIAN_POINT('',(-11.7255148177948,4.99383469284532,-9.46277308460115));
#6826=CARTESIAN_POINT('',(-11.7253641874876,4.98147505921999,-9.462723609134));
#6827=CARTESIAN_POINT('',(-11.7246850405045,4.96290822797617,-9.46250040796922));
#6828=CARTESIAN_POINT('',(-11.7235440583508,4.94423800016451,-9.46212522871552));
#6829=CARTESIAN_POINT('',(-11.7219336450093,4.92547898568378,-9.46159524356459));
#6830=CARTESIAN_POINT('',(-11.7198428316616,4.90660473177354,-9.46090638040884));
#6831=CARTESIAN_POINT('',(-11.7172652964459,4.88764248820855,-9.46005593957351));
#6832=CARTESIAN_POINT('',(-11.7141863627549,4.86856055998043,-9.45903829249991));
#6833=CARTESIAN_POINT('',(-11.7106076356421,4.8494282742895,-9.45785301070142));
#6834=CARTESIAN_POINT('',(-11.7065156970788,4.83021518972478,-9.45649450913228));
#6835=CARTESIAN_POINT('',(-11.7019049993587,4.81093746004597,-9.45495960750353));
#6836=CARTESIAN_POINT('',(-11.6967377499505,4.79149380599779,-9.45323411867599));
#6837=CARTESIAN_POINT('',(-11.6910091440835,4.771931216368,-9.45131453786655));
#6838=CARTESIAN_POINT('',(-11.6834493455226,4.74833610017671,-9.44877153315134));
#6839=CARTESIAN_POINT('',(-11.6716473371812,4.71525522074393,-9.44477998622788));
#6840=CARTESIAN_POINT('',(-11.6518528391631,4.66749800791886,-9.43802067021481));
#6841=CARTESIAN_POINT('',(-11.6229975067884,4.60963568289329,-9.42800381566342));
#6842=CARTESIAN_POINT('',(-11.5891382446958,4.55313397437968,-9.41596396465942));
#6843=CARTESIAN_POINT('',(-11.5578864793755,4.50794950991344,-9.40455995214196));
#6844=CARTESIAN_POINT('',(-11.5341233947148,4.47673587175883,-9.39570210502912));
#6845=CARTESIAN_POINT('',(-11.5157344677913,4.45401913127297,-9.38874383961722));
#6846=CARTESIAN_POINT('',(-11.497543366059,4.43260657856267,-9.38176561755064));
#6847=CARTESIAN_POINT('',(-11.4746730224388,4.40704895607159,-9.37289903163705));
#6848=CARTESIAN_POINT('',(-11.4466462298566,4.37769781144721,-9.3618829024248));
#6849=CARTESIAN_POINT('',(-11.4173518500068,4.34912078473646,-9.35015453330208));
#6850=CARTESIAN_POINT('',(-11.3912853647546,4.32524087475437,-9.33951806132765));
#6851=CARTESIAN_POINT('',(-11.3689399534927,4.30574296889021,-9.33024840085715));
#6852=CARTESIAN_POINT('',(-11.3461203661252,4.2866465330617,-9.32063716469196));
#6853=CARTESIAN_POINT('',(-11.318315166164,4.26448355173282,-9.30870356574914));
#6854=CARTESIAN_POINT('',(-11.2854120755897,4.23984670685045,-9.29420606489664));
#6855=CARTESIAN_POINT('',(-11.2521744286687,4.2166222660931,-9.27909269034602));
#6856=CARTESIAN_POINT('',(-11.2236740177587,4.19793514470688,-9.26571366453134));
#6857=CARTESIAN_POINT('',(-11.2001187180171,4.18318321954694,-9.25441289089923));
#6858=CARTESIAN_POINT('',(-11.1792361316708,4.17057834828044,-9.24422763411203));
#6859=CARTESIAN_POINT('',(-11.1585687193451,4.15854973776868,-9.23397798308344));
#6860=CARTESIAN_POINT('',(-11.1382124276248,4.14711476467871,-9.22371781798997));
#6861=CARTESIAN_POINT('',(-11.1180584795086,4.13617956699954,-9.21339686426477));
#6862=CARTESIAN_POINT('',(-11.09813716833,4.1257332126513,-9.20303434539384));
#6863=CARTESIAN_POINT('',(-11.0783959120184,4.11572382662862,-9.1926061468234));
#6864=CARTESIAN_POINT('',(-11.058924729404,4.10617296017631,-9.18216397389614));
#6865=CARTESIAN_POINT('',(-11.0396535163669,4.09702350384281,-9.17167462128447));
#6866=CARTESIAN_POINT('',(-11.0205995962904,4.08826425519922,-9.1611511168905));
#6867=CARTESIAN_POINT('',(-11.001683715092,4.07984216245109,-9.15055248227615));
#6868=CARTESIAN_POINT('',(-10.9828618820852,4.07172396426552,-9.13985584756192));
#6869=CARTESIAN_POINT('',(-10.9703293579257,4.06648780260879,-9.13263240305826));
#6870=CARTESIAN_POINT('',(-10.9640575029276,4.0639086238811,-9.12899187164578));
#6871=CARTESIAN_POINT('',(-10.96405750434,5.58989533666176E-16,-9.12899187023338));
#6872=CARTESIAN_POINT('',(-10.96405750434,5.58989533666176E-16,-9.12899187023338));
#6873=VECTOR('',#6874,1.);
#6874=DIRECTION('',(0.,1.,0.));
#6875=CARTESIAN_POINT('',(-12.7241380342224,5.9397361760363E-16,-9.70032531856822));
#6876=CARTESIAN_POINT('',(-12.7241380342224,5.9397361760363E-16,-9.70032531856823));
#6877=CARTESIAN_POINT('',(-12.6170961616781,5.92935357280441E-16,-9.6833692407193));
#6878=CARTESIAN_POINT('',(-12.5105680024277,5.9174485839228E-16,-9.66392691842703));
#6879=CARTESIAN_POINT('',(-12.3004716865261,5.89083860736911E-16,-9.62046952879891));
#6880=CARTESIAN_POINT('',(-12.1967021592997,5.87633157612623E-16,-9.59677774884573));
#6881=CARTESIAN_POINT('',(-11.992796088203,5.84411292599902E-16,-9.5441607001593));
#6882=CARTESIAN_POINT('',(-11.8922081844908,5.82679099406174E-16,-9.51587183850655));
#6883=CARTESIAN_POINT('',(-11.6951961276774,5.78865963312181E-16,-9.45359860026924));
#6884=CARTESIAN_POINT('',(-11.5981355561227,5.76837572500063E-16,-9.42047246441471));
#6885=CARTESIAN_POINT('',(-11.4090231591283,5.72380503116662E-16,-9.34768299750059));
#6886=CARTESIAN_POINT('',(-11.3159125995868,5.70035822111688E-16,-9.30939145080147));
#6887=CARTESIAN_POINT('',(-11.1364514873533,5.64827282857766E-16,-9.22432954956516));
#6888=CARTESIAN_POINT('',(-11.0493763592062,5.62021975372885E-16,-9.17851540157025));
#6889=CARTESIAN_POINT('',(-10.96405750434,5.58989533666176E-16,-9.12899187023338));
#6890=CARTESIAN_POINT('',(-12.7241380342224,10.,-9.70032531856822));
#6891=CARTESIAN_POINT('',(-12.7241380342236,5.93973617603532E-16,-9.70032531856662));
#6892=VECTOR('',#6893,1.);
#6893=DIRECTION('',(0.,1.,0.));
#6894=CARTESIAN_POINT('',(-10.96405750434,10.,-9.12899187023338));
#6895=CARTESIAN_POINT('',(-12.7241380342224,10.,-9.70032531856823));
#6896=CARTESIAN_POINT('',(-12.6170961616781,10.,-9.6833692407193));
#6897=CARTESIAN_POINT('',(-12.5105680024277,10.,-9.66392691842703));
#6898=CARTESIAN_POINT('',(-12.3004716865261,10.,-9.62046952879891));
#6899=CARTESIAN_POINT('',(-12.1967021592997,10.,-9.59677774884573));
#6900=CARTESIAN_POINT('',(-11.992796088203,10.,-9.5441607001593));
#6901=CARTESIAN_POINT('',(-11.8922081844908,10.,-9.51587183850655));
#6902=CARTESIAN_POINT('',(-11.6951961276774,10.,-9.45359860026924));
#6903=CARTESIAN_POINT('',(-11.5981355561227,10.,-9.42047246441471));
#6904=CARTESIAN_POINT('',(-11.4090231591283,10.,-9.34768299750059));
#6905=CARTESIAN_POINT('',(-11.3159125995868,10.,-9.30939145080147));
#6906=CARTESIAN_POINT('',(-11.1364514873533,10.,-9.22432954956516));
#6907=CARTESIAN_POINT('',(-11.0493763592062,10.,-9.17851540157025));
#6908=CARTESIAN_POINT('',(-10.96405750434,10.,-9.12899187023338));
#6909=CARTESIAN_POINT('',(-10.96405750434,5.93609137335011,-9.12899187023338));
#6910=VECTOR('',#6911,1.);
#6911=DIRECTION('',(0.,1.,0.));
#6912=CARTESIAN_POINT('',(-10.2576215138239,3.60218080643632,-9.1566206036472));
#6913=CARTESIAN_POINT('',(-10.96405750434,4.0639086266499,-9.12899187023338));
#6914=CARTESIAN_POINT('',(-10.9598196166588,4.06246121501633,-9.12623068828287));
#6915=CARTESIAN_POINT('',(-10.9512848290837,4.05944415325437,-9.12078442448462));
#6916=CARTESIAN_POINT('',(-10.9383793540395,4.05458422010837,-9.11289202871509));
#6917=CARTESIAN_POINT('',(-10.9252836151898,4.04936048757907,-9.10522891856187));
#6918=CARTESIAN_POINT('',(-10.9120106279892,4.04378006808003,-9.09781072197512));
#6919=CARTESIAN_POINT('',(-10.8985129133147,4.03782538069493,-9.09061931595194));
#6920=CARTESIAN_POINT('',(-10.8848001035333,4.03150239700654,-9.0836700463711));
#6921=CARTESIAN_POINT('',(-10.8708268201496,4.02479166914803,-9.07695173552449));
#6922=CARTESIAN_POINT('',(-10.8566620662813,4.01772960485714,-9.07050814663052));
#6923=CARTESIAN_POINT('',(-10.8422788331898,4.0103087176203,-9.06433497182064));
#6924=CARTESIAN_POINT('',(-10.8277004853445,4.00254758122306,-9.05845032030786));
#6925=CARTESIAN_POINT('',(-10.812855920494,3.99441417533073,-9.05283593333953));
#6926=CARTESIAN_POINT('',(-10.7977950272019,3.98594206277973,-9.0475218123231));
#6927=CARTESIAN_POINT('',(-10.7824982280317,3.97712814936492,-9.04251061709822));
#6928=CARTESIAN_POINT('',(-10.7670245327933,3.96801694727987,-9.03782818849636));
#6929=CARTESIAN_POINT('',(-10.7513551585307,3.95860496645952,-9.03347907273882));
#6930=CARTESIAN_POINT('',(-10.735558574419,3.94895771233413,-9.02947206981077));
#6931=CARTESIAN_POINT('',(-10.7196274229672,3.93917339530305,-9.02569434214241));
#6932=CARTESIAN_POINT('',(-10.7036157883583,3.92923552642264,-9.02223295988497));
#6933=CARTESIAN_POINT('',(-10.6875226381656,3.91912758364076,-9.01912309912229));
#6934=CARTESIAN_POINT('',(-10.6713875903587,3.90885050920434,-9.0164194545985));
#6935=CARTESIAN_POINT('',(-10.6552423073018,3.89840475886126,-9.01417060493588));
#6936=CARTESIAN_POINT('',(-10.6391429463701,3.8878052091313,-9.01243083430804));
#6937=CARTESIAN_POINT('',(-10.623126743232,3.87706728349296,-9.01123402940807));
#6938=CARTESIAN_POINT('',(-10.6086026766955,3.86710965027621,-9.01071615488586));
#6939=CARTESIAN_POINT('',(-10.5980398427318,3.85979966397173,-9.01061090962626));
#6940=CARTESIAN_POINT('',(-10.5875544246562,3.85251579637004,-9.0106487504969));
#6941=CARTESIAN_POINT('',(-10.5758456306835,3.84433924512044,-9.01089812461692));
#6942=CARTESIAN_POINT('',(-10.5605272671907,3.83355425835098,-9.0116656127274));
#6943=CARTESIAN_POINT('',(-10.5454800057735,3.82287173499453,-9.0128672554237));
#6944=CARTESIAN_POINT('',(-10.5307776518402,3.81234298141327,-9.0144978621861));
#6945=CARTESIAN_POINT('',(-10.5164223103877,3.80196980792746,-9.01655324699267));
#6946=CARTESIAN_POINT('',(-10.5025069195102,3.79181004500208,-9.0190275328739));
#6947=CARTESIAN_POINT('',(-10.4889194994042,3.78180567349173,-9.02189502755458));
#6948=CARTESIAN_POINT('',(-10.4756597823586,3.77199709336952,-9.02508340927495));
#6949=CARTESIAN_POINT('',(-10.4627007354257,3.76236253106739,-9.0285957178507));
#6950=CARTESIAN_POINT('',(-10.4501597949975,3.75299567129833,-9.03237790711745));
#6951=CARTESIAN_POINT('',(-10.4379893804307,3.74386285644158,-9.03642613030834));
#6952=CARTESIAN_POINT('',(-10.4250072983905,3.73407337016222,-9.04115639861915));
#6953=CARTESIAN_POINT('',(-10.4112038508329,3.72359991040479,-9.04671221766847));
#6954=CARTESIAN_POINT('',(-10.3966504558561,3.71247010053128,-9.05323588324694));
#6955=CARTESIAN_POINT('',(-10.3833176223757,3.70222233005653,-9.05978637282013));
#6956=CARTESIAN_POINT('',(-10.3708125501101,3.69256617135863,-9.06643618031202));
#6957=CARTESIAN_POINT('',(-10.3567987390262,3.681698141654,-9.07443466610057));
#6958=CARTESIAN_POINT('',(-10.3387468131462,3.66761377231349,-9.08571958764348));
#6959=CARTESIAN_POINT('',(-10.3175394133148,3.65087437393343,-9.10080113498527));
#6960=CARTESIAN_POINT('',(-10.2976504988249,3.6349547870425,-9.11703800515856));
#6961=CARTESIAN_POINT('',(-10.2826483732704,3.622791089672,-9.13076340852144));
#6962=CARTESIAN_POINT('',(-10.2722172564679,3.6142535098862,-9.14105233990466));
#6963=CARTESIAN_POINT('',(-10.2645509911786,3.60793499361394,-9.14902135406518));
#6964=CARTESIAN_POINT('',(-10.259823097474,3.6040129113552,-9.1541701210078));
#6965=CARTESIAN_POINT('',(-10.2576215136215,3.60218080627684,-9.15662060384967));
#6966=CARTESIAN_POINT('',(-10.2576215138239,5.60681305663163E-16,-9.1566206036472));
#6967=CARTESIAN_POINT('',(-10.2576215138239,5.60681305663162E-16,-9.1566206036472));
#6968=VECTOR('',#6969,1.);
#6969=DIRECTION('',(0.,1.,0.));
#6970=CARTESIAN_POINT('',(-10.96405750434,5.58989533666176E-16,-9.12899187023338));
#6971=CARTESIAN_POINT('',(-10.8952184073009,5.56243155052603E-16,-9.08414010374063));
#6972=CARTESIAN_POINT('',(-10.8226523831882,5.54268282111493E-16,-9.05188798104721));
#6973=CARTESIAN_POINT('',(-10.7025244089948,5.52373505858309E-16,-9.0209439365357));
#6974=CARTESIAN_POINT('',(-10.6564668321025,5.51830297041271E-16,-9.01207266332589));
#6975=CARTESIAN_POINT('',(-10.5749889116567,5.51694443315094E-16,-9.00985400360667));
#6976=CARTESIAN_POINT('',(-10.5377158170998,5.51838468009629E-16,-9.01220610536589));
#6977=CARTESIAN_POINT('',(-10.4700924504863,5.5264960989904E-16,-9.02545305771127));
#6978=CARTESIAN_POINT('',(-10.4378383650153,5.532461821348E-16,-9.03519582168493));
#6979=CARTESIAN_POINT('',(-10.3792782983095,5.54809372688379E-16,-9.06072466077008));
#6980=CARTESIAN_POINT('',(-10.351349277224,5.55777394841954E-16,-9.07653366225932));
#6981=CARTESIAN_POINT('',(-10.3013493544697,5.57995537395501E-16,-9.11275867922081));
#6982=CARTESIAN_POINT('',(-10.2785222986199,5.59256836768537E-16,-9.13335726117788));
#6983=CARTESIAN_POINT('',(-10.2576215138239,5.60681305663163E-16,-9.15662060364721));
#6984=CARTESIAN_POINT('',(-10.2576215138239,6.39781919356368,-9.1566206036472));
#6985=CARTESIAN_POINT('',(-10.96405750434,5.9360913733501,-9.12899187023338));
#6986=CARTESIAN_POINT('',(-10.9594477976135,5.93766577337049,-9.12598843105215));
#6987=CARTESIAN_POINT('',(-10.9502816480756,5.94091563819008,-9.12015006880481));
#6988=CARTESIAN_POINT('',(-10.9365526181058,5.94612219078838,-9.11179650904105));
#6989=CARTESIAN_POINT('',(-10.9228219245706,5.95164934797661,-9.1038220880156));
#6990=CARTESIAN_POINT('',(-10.9089362450066,5.95754785829637,-9.09613652581185));
#6991=CARTESIAN_POINT('',(-10.8947915181293,5.96385974544998,-9.08869260261879));
#6992=CARTESIAN_POINT('',(-10.8804052069606,5.97057621158313,-9.08151275742845));
#6993=CARTESIAN_POINT('',(-10.865809209968,5.97767772867732,-9.07462275744726));
#6994=CARTESIAN_POINT('',(-10.8510663894954,5.98512568475349,-9.06805850793681));
#6995=CARTESIAN_POINT('',(-10.8361660522798,5.99291502987315,-9.06181887958375));
#6996=CARTESIAN_POINT('',(-10.8211298318568,6.00102329354459,-9.05591605038564));
#6997=CARTESIAN_POINT('',(-10.8059228360987,6.00945843381825,-9.05034059582121));
#6998=CARTESIAN_POINT('',(-10.7905898919758,6.01818357366055,-9.04511213586933));
#6999=CARTESIAN_POINT('',(-10.7751426453651,6.02718040269615,-9.04023778132361));
#7000=CARTESIAN_POINT('',(-10.7596341113289,6.03639722225722,-9.03572522756368));
#7001=CARTESIAN_POINT('',(-10.742288642897,6.04691887267882,-9.03112912262268));
#7002=CARTESIAN_POINT('',(-10.7230683988063,6.05869589796225,-9.02644664738816));
#7003=CARTESIAN_POINT('',(-10.7019776825806,6.07177177648465,-9.02185233495301));
#7004=CARTESIAN_POINT('',(-10.6808350452625,6.085095726686,-9.01789858835084));
#7005=CARTESIAN_POINT('',(-10.6596912826721,6.09867840821529,-9.01468395898992));
#7006=CARTESIAN_POINT('',(-10.6385829419712,6.11254218899026,-9.01231337783197));
#7007=CARTESIAN_POINT('',(-10.6193152199475,6.12551063868382,-9.01100529438029));
#7008=CARTESIAN_POINT('',(-10.6049934698877,6.13538742522553,-9.01066786753878));
#7009=CARTESIAN_POINT('',(-10.5945495052074,6.14262129296706,-9.0106070376425));
#7010=CARTESIAN_POINT('',(-10.5841407724946,6.14986244624882,-9.0106930697564));
#7011=CARTESIAN_POINT('',(-10.5707343989969,6.15924931860998,-9.01110375080895));
#7012=CARTESIAN_POINT('',(-10.5553721399178,6.17009497899325,-9.01202396235516));
#7013=CARTESIAN_POINT('',(-10.5401780928617,6.18091384652933,-9.01339860246884));
#7014=CARTESIAN_POINT('',(-10.5236142290703,6.19281353046257,-9.0154282736213));
#7015=CARTESIAN_POINT('',(-10.5041926223987,6.20692985759592,-9.01858629897808));
#7016=CARTESIAN_POINT('',(-10.4806607094005,6.22427978211851,-9.0236592984526));
#7017=CARTESIAN_POINT('',(-10.4563104819486,6.24238323600968,-9.03028761822059));
#7018=CARTESIAN_POINT('',(-10.4343327973726,6.25887766292612,-9.03761208938103));
#7019=CARTESIAN_POINT('',(-10.4175017569244,6.2716108584693,-9.04410129600172));
#7020=CARTESIAN_POINT('',(-10.4040962635771,6.28183191055048,-9.0498567241199));
#7021=CARTESIAN_POINT('',(-10.3912884725161,6.29164561319143,-9.05581055586727));
#7022=CARTESIAN_POINT('',(-10.3777186498344,6.30209302187837,-9.06266903818968));
#7023=CARTESIAN_POINT('',(-10.3634983351522,6.31309859704633,-9.07052406105094));
#7024=CARTESIAN_POINT('',(-10.3510909759808,6.32275282453573,-9.07797575290748));
#7025=CARTESIAN_POINT('',(-10.3403749438976,6.33113468599747,-9.08487659088545));
#7026=CARTESIAN_POINT('',(-10.3304542855372,6.33893226728918,-9.09163911943412));
#7027=CARTESIAN_POINT('',(-10.3193650947641,6.3477053416386,-9.09969721303764));
#7028=CARTESIAN_POINT('',(-10.3073453088891,6.35728250277084,-9.10909480634493));
#7029=CARTESIAN_POINT('',(-10.2960974648993,6.36631805944566,-9.1185890081783));
#7030=CARTESIAN_POINT('',(-10.2871097695313,6.3735918777058,-9.1266843825182));
#7031=CARTESIAN_POINT('',(-10.2800954533482,6.37930135149306,-9.13330890885132));
#7032=CARTESIAN_POINT('',(-10.2735372261389,6.384665612386,-9.1397454889942));
#7033=CARTESIAN_POINT('',(-10.266018780857,6.39085023300479,-9.14744910721934));
#7034=CARTESIAN_POINT('',(-10.2605817015157,6.39535579299973,-9.15332572667004));
#7035=CARTESIAN_POINT('',(-10.2576215136215,6.39781919372315,-9.15662060384967));
#7036=CARTESIAN_POINT('',(-10.2576215138239,10.,-9.1566206036472));
#7037=CARTESIAN_POINT('',(-10.96405750434,10.,-9.12899187023338));
#7038=CARTESIAN_POINT('',(-10.8952184073009,10.,-9.08414010374063));
#7039=CARTESIAN_POINT('',(-10.8226523831882,10.,-9.05188798104721));
#7040=CARTESIAN_POINT('',(-10.7025244089948,10.,-9.0209439365357));
#7041=CARTESIAN_POINT('',(-10.6564668321025,10.,-9.01207266332589));
#7042=CARTESIAN_POINT('',(-10.5749889116567,10.,-9.00985400360667));
#7043=CARTESIAN_POINT('',(-10.5377158170998,10.,-9.01220610536589));
#7044=CARTESIAN_POINT('',(-10.4700924504863,10.,-9.02545305771127));
#7045=CARTESIAN_POINT('',(-10.4378383650153,10.,-9.03519582168493));
#7046=CARTESIAN_POINT('',(-10.3792782983095,10.,-9.06072466077008));
#7047=CARTESIAN_POINT('',(-10.351349277224,10.,-9.07653366225932));
#7048=CARTESIAN_POINT('',(-10.3013493544697,10.,-9.11275867922081));
#7049=CARTESIAN_POINT('',(-10.2785222986199,10.,-9.13335726117788));
#7050=CARTESIAN_POINT('',(-10.2576215138239,10.,-9.15662060364721));
#7051=CARTESIAN_POINT('',(-10.2576215138239,6.39781919356368,-9.1566206036472));
#7052=VECTOR('',#7053,1.);
#7053=DIRECTION('',(0.,1.,0.));
#7054=CARTESIAN_POINT('',(-10.1786730915286,3.54278517019658,-9.24430170947438));
#7055=CARTESIAN_POINT('',(-10.2576215138239,3.60218080643632,-9.15662060364721));
#7056=CARTESIAN_POINT('',(-10.2511076180503,3.59674195441505,-9.16391771068538));
#7057=CARTESIAN_POINT('',(-10.235950927113,3.5844097699538,-9.18086065600611));
#7058=CARTESIAN_POINT('',(-10.2097550138129,3.56436311196324,-9.20999753686074));
#7059=CARTESIAN_POINT('',(-10.1898246603613,3.55029798461126,-9.23202290403805));
#7060=CARTESIAN_POINT('',(-10.1786730915283,3.54278517019636,-9.24430170947472));
#7061=CARTESIAN_POINT('',(-10.1786730915286,5.6605022494301E-16,-9.24430170947438));
#7062=CARTESIAN_POINT('',(-10.1786730915286,5.6605022494301E-16,-9.24430170947438));
#7063=VECTOR('',#7064,1.);
#7064=DIRECTION('',(0.,1.,0.));
#7065=AXIS2_PLACEMENT_3D('',#7066,#7067,#7068);
#7066=CARTESIAN_POINT('',(0.,0.,0.));
#7067=DIRECTION('',(0.,-1.,-6.12323399573677E-17));
#7068=DIRECTION('',(-0.746008837369013,4.07768222300482E-17,-0.665936043901615));
#7069=CARTESIAN_POINT('',(-10.1786730915286,6.45721482973858,-9.24430170947438));
#7070=CARTESIAN_POINT('',(-10.1786730904491,6.4572148304632,-9.24430171055392));
#7071=CARTESIAN_POINT('',(-10.1860937787076,6.45221646840347,-9.23613101749369));
#7072=CARTESIAN_POINT('',(-10.2005281305725,6.44218535636677,-9.22019895103259));
#7073=CARTESIAN_POINT('',(-10.2214307355718,6.42677101463163,-9.19701911791102));
#7074=CARTESIAN_POINT('',(-10.2403524878592,6.41202881945306,-9.17594258312724));
#7075=CARTESIAN_POINT('',(-10.2522422075319,6.40231110021549,-9.16264674123569));
#7076=CARTESIAN_POINT('',(-10.2576215138239,6.39781919356368,-9.15662060364721));
#7077=CARTESIAN_POINT('',(-10.1786730915286,10.,-9.24430170947438));
#7078=AXIS2_PLACEMENT_3D('',#7079,#7080,#7081);
#7079=CARTESIAN_POINT('',(0.,10.,6.12323399573677E-16));
#7080=DIRECTION('',(0.,-1.,-6.12323399573677E-17));
#7081=DIRECTION('',(-0.746008837369013,4.07768222300482E-17,-0.665936043901615));
#7082=CARTESIAN_POINT('',(-10.1786730915286,6.45721482973858,-9.24430170947438));
#7083=VECTOR('',#7084,1.);
#7084=DIRECTION('',(0.,1.,0.));
#7085=CARTESIAN_POINT('',(-10.2250383796929,3.41188484696247,-9.94975575876454));
#7086=CARTESIAN_POINT('',(-10.1786730915286,3.54278517019658,-9.24430170947438));
#7087=CARTESIAN_POINT('',(-10.1758480517874,3.54087575517095,-9.24743224754382));
#7088=CARTESIAN_POINT('',(-10.1699794451629,3.53689668816667,-9.25411963015367));
#7089=CARTESIAN_POINT('',(-10.1610145300162,3.53076952445471,-9.26497077786074));
#7090=CARTESIAN_POINT('',(-10.150400552606,3.52343769861117,-9.27873026387676));
#7091=CARTESIAN_POINT('',(-10.1376369236715,3.5144708206848,-9.29686636682227));
#7092=CARTESIAN_POINT('',(-10.1238815342359,3.50452733530404,-9.31909766598822));
#7093=CARTESIAN_POINT('',(-10.1120009175493,3.49554672186741,-9.34153086196193));
#7094=CARTESIAN_POINT('',(-10.1029325817979,3.48836924450178,-9.36119588483258));
#7095=CARTESIAN_POINT('',(-10.0954168176119,3.48215889060398,-9.37948710888093));
#7096=CARTESIAN_POINT('',(-10.0880334820552,3.47572035238551,-9.39993337033691));
#7097=CARTESIAN_POINT('',(-10.081352985275,3.46933752900884,-9.42221748777685));
#7098=CARTESIAN_POINT('',(-10.0762692162878,3.46380500036702,-9.44349123064791));
#7099=CARTESIAN_POINT('',(-10.0729302304428,3.45966090763768,-9.46070079618541));
#7100=CARTESIAN_POINT('',(-10.0706157809722,3.45638618959208,-9.47513907539743));
#7101=CARTESIAN_POINT('',(-10.0688323861626,3.45347316502182,-9.48866465915144));
#7102=CARTESIAN_POINT('',(-10.0673286606229,3.45050372034353,-9.50321778884259));
#7103=CARTESIAN_POINT('',(-10.0661439453875,3.44714229266919,-9.52079137012352));
#7104=CARTESIAN_POINT('',(-10.0658396499308,3.44480934152273,-9.53402628035474));
#7105=CARTESIAN_POINT('',(-10.0658630484238,3.44216437844214,-9.5497567106367));
#7106=CARTESIAN_POINT('',(-10.0663090996915,3.43957272665988,-9.5659989991109));
#7107=CARTESIAN_POINT('',(-10.0678576114066,3.43649327979838,-9.58722426464039));
#7108=CARTESIAN_POINT('',(-10.0698514651599,3.43404248404059,-9.60550329938535));
#7109=CARTESIAN_POINT('',(-10.0718955909529,3.43216634912928,-9.6204036319227));
#7110=CARTESIAN_POINT('',(-10.0743153448573,3.43052982887848,-9.63435145965452));
#7111=CARTESIAN_POINT('',(-10.0770601500725,3.42904316905721,-9.64784255356594));
#7112=CARTESIAN_POINT('',(-10.0801855739473,3.42764821204122,-9.66131178662804));
#7113=CARTESIAN_POINT('',(-10.0836658718298,3.42633489912133,-9.67477778125274));
#7114=CARTESIAN_POINT('',(-10.0874819481879,3.42509483531915,-9.68825939534609));
#7115=CARTESIAN_POINT('',(-10.0916221657683,3.42391902603839,-9.70179271232433));
#7116=CARTESIAN_POINT('',(-10.0960506510874,3.42280579971513,-9.71533478339931));
#7117=CARTESIAN_POINT('',(-10.1007310013213,3.4217535487498,-9.72884108563506));
#7118=CARTESIAN_POINT('',(-10.1056065279434,3.42075864968809,-9.74226411740581));
#7119=CARTESIAN_POINT('',(-10.1107129151265,3.41981733638227,-9.75565243732261));
#7120=CARTESIAN_POINT('',(-10.1161433656866,3.41893546010541,-9.76902583683158));
#7121=CARTESIAN_POINT('',(-10.1219129384834,3.41810503947121,-9.78244888432823));
#7122=CARTESIAN_POINT('',(-10.1280180072238,3.41732848746716,-9.79587468574114));
#7123=CARTESIAN_POINT('',(-10.1351780069298,3.41652408608963,-9.81078674036502));
#7124=CARTESIAN_POINT('',(-10.1442631908881,3.41564300292315,-9.82857955661004));
#7125=CARTESIAN_POINT('',(-10.1555804279297,3.41473771992834,-9.84912263968176));
#7126=CARTESIAN_POINT('',(-10.1676725283039,3.41396141584429,-9.86937498968755));
#7127=CARTESIAN_POINT('',(-10.1786192284256,3.41338976661703,-9.88648126315601));
#7128=CARTESIAN_POINT('',(-10.1880675158502,3.41297305785178,-9.90049826797705));
#7129=CARTESIAN_POINT('',(-10.1967696460972,3.41264325767476,-9.91286623050347));
#7130=CARTESIAN_POINT('',(-10.2057383037716,3.41235347382132,-9.92509586569026));
#7131=CARTESIAN_POINT('',(-10.2151416909358,3.41209800874639,-9.93740601803373));
#7132=CARTESIAN_POINT('',(-10.221667301491,3.41195238315213,-9.94560563881069));
#7133=CARTESIAN_POINT('',(-10.2250383796929,3.41188484696247,-9.94975575876454));
#7134=CARTESIAN_POINT('',(-10.2250383796929,6.09246827113447E-16,-9.94975575876454));
#7135=CARTESIAN_POINT('',(-10.2250383796929,6.09246827113447E-16,-9.94975575876454));
#7136=VECTOR('',#7137,1.);
#7137=DIRECTION('',(0.,1.,0.));
#7138=CARTESIAN_POINT('',(-10.1786730915286,5.6605022494301E-16,-9.24430170947438));
#7139=CARTESIAN_POINT('',(-10.1577219149993,5.67471915547541E-16,-9.26751967902317));
#7140=CARTESIAN_POINT('',(-10.1396222512983,5.68993854233839E-16,-9.29237482398998));
#7141=CARTESIAN_POINT('',(-10.108822093859,5.7227055370186E-16,-9.34588738729072));
#7142=CARTESIAN_POINT('',(-10.0960190733887,5.74072530452107E-16,-9.3753159009079));
#7143=CARTESIAN_POINT('',(-10.0767512777368,5.77802055048157E-16,-9.43622365975962));
#7144=CARTESIAN_POINT('',(-10.070433355632,5.79828587734772E-16,-9.4693194501218));
#7145=CARTESIAN_POINT('',(-10.0643275380707,5.84031428733111E-16,-9.53795705242909));
#7146=CARTESIAN_POINT('',(-10.0658844206663,5.86316299429097E-16,-9.57527182265634));
#7147=CARTESIAN_POINT('',(-10.0766076881499,5.91263851848971E-16,-9.65607148543779));
#7148=CARTESIAN_POINT('',(-10.0902446913312,5.9401183484895E-16,-9.70094945354896));
#7149=CARTESIAN_POINT('',(-10.133576013667,6.01129198366056E-16,-9.81718482071052));
#7150=CARTESIAN_POINT('',(-10.1732366708437,6.05341814048783E-16,-9.88598205572816));
#7151=CARTESIAN_POINT('',(-10.2250383796929,6.09246827113447E-16,-9.94975575876454));
#7152=CARTESIAN_POINT('',(-10.2250383796929,6.58811515303753,-9.94975575876454));
#7153=CARTESIAN_POINT('',(-10.2250383796929,6.58811515303753,-9.94975575876454));
#7154=CARTESIAN_POINT('',(-10.2211920728447,6.58803809143733,-9.94502063545749));
#7155=CARTESIAN_POINT('',(-10.2138366105965,6.58787155314972,-9.93575153170054));
#7156=CARTESIAN_POINT('',(-10.2033745736849,6.58757661136323,-9.92194045534509));
#7157=CARTESIAN_POINT('',(-10.1936931101185,6.58724721446001,-9.90856576164975));
#7158=CARTESIAN_POINT('',(-10.1845778807413,6.58688044744702,-9.89539465541086));
#7159=CARTESIAN_POINT('',(-10.1758249835041,6.58646932781175,-9.88216250397175));
#7160=CARTESIAN_POINT('',(-10.1672604663285,6.58600256406612,-9.86859471558489));
#7161=CARTESIAN_POINT('',(-10.1588417111648,6.58547129005925,-9.85458296088985));
#7162=CARTESIAN_POINT('',(-10.1506401988997,6.58487278907887,-9.84020393596939));
#7163=CARTESIAN_POINT('',(-10.1427363462327,6.58420711067543,-9.82557352444336));
#7164=CARTESIAN_POINT('',(-10.1351759073944,6.58347369381115,-9.81076681201139));
#7165=CARTESIAN_POINT('',(-10.127165934201,6.58258007447082,-9.79413378057827));
#7166=CARTESIAN_POINT('',(-10.1188661980462,6.58149089828168,-9.77561879351363));
#7167=CARTESIAN_POINT('',(-10.1104509761375,6.58016302477944,-9.75517201792625));
#7168=CARTESIAN_POINT('',(-10.103343657326,6.57880347824003,-9.73618437465105));
#7169=CARTESIAN_POINT('',(-10.097205417382,6.57747133977093,-9.71878094742721));
#7170=CARTESIAN_POINT('',(-10.0914506708933,6.57605402641523,-9.70137284409569));
#7171=CARTESIAN_POINT('',(-10.085680710302,6.57438118853188,-9.68229080521364));
#7172=CARTESIAN_POINT('',(-10.0801707850118,6.57239743558981,-9.66158219588106));
#7173=CARTESIAN_POINT('',(-10.0759285670554,6.57041910457925,-9.6427558011052));
#7174=CARTESIAN_POINT('',(-10.0727840959028,6.56849661877221,-9.62591712591165));
#7175=CARTESIAN_POINT('',(-10.0703340462844,6.56648737847442,-9.60956266548752));
#7176=CARTESIAN_POINT('',(-10.0683123497181,6.56414721372627,-9.59187660738762));
#7177=CARTESIAN_POINT('',(-10.0667651914943,6.56143839503698,-9.57287290093122));
#7178=CARTESIAN_POINT('',(-10.0659961581848,6.55882971324307,-9.55591251055119));
#7179=CARTESIAN_POINT('',(-10.0658490389863,6.55706976636627,-9.54518772192623));
#7180=CARTESIAN_POINT('',(-10.0658522853088,6.55556747396291,-9.53628559572474));
#7181=CARTESIAN_POINT('',(-10.0659817057944,6.55403690446047,-9.52746311396958));
#7182=CARTESIAN_POINT('',(-10.0665399923437,6.55167489871801,-9.51456696881493));
#7183=CARTESIAN_POINT('',(-10.0675718261885,6.54897018395537,-9.50058663741642));
#7184=CARTESIAN_POINT('',(-10.0691925652661,6.54585867067004,-9.48544318654922));
#7185=CARTESIAN_POINT('',(-10.0714973558509,6.54228528344711,-9.46913623905976));
#7186=CARTESIAN_POINT('',(-10.0741026352752,6.53884685453097,-9.45442420523639));
#7187=CARTESIAN_POINT('',(-10.0768416350248,6.5356049608057,-9.44130391115834));
#7188=CARTESIAN_POINT('',(-10.0795604781455,6.53262727131862,-9.42980608566937));
#7189=CARTESIAN_POINT('',(-10.0825312566165,6.52958336560611,-9.41858670027764));
#7190=CARTESIAN_POINT('',(-10.085735302224,6.52648646134915,-9.40768608569335));
#7191=CARTESIAN_POINT('',(-10.0891851395942,6.52331851281972,-9.39703318150211));
#7192=CARTESIAN_POINT('',(-10.0928385175616,6.52009117512622,-9.38663839443308));
#7193=CARTESIAN_POINT('',(-10.0966870514371,6.51680488083366,-9.37649419848147));
#7194=CARTESIAN_POINT('',(-10.1010941495265,6.51314923139758,-9.36566707019849));
#7195=CARTESIAN_POINT('',(-10.1061036164578,6.50911311766369,-9.35425731947929));
#7196=CARTESIAN_POINT('',(-10.1117484764435,6.50469272320577,-9.34238997436567));
#7197=CARTESIAN_POINT('',(-10.1174899537163,6.50030682187433,-9.33119236544407));
#7198=CARTESIAN_POINT('',(-10.1232827279201,6.49597785989286,-9.32066369311653));
#7199=CARTESIAN_POINT('',(-10.1290870818396,6.49172306718142,-9.31078653077783));
#7200=CARTESIAN_POINT('',(-10.1343756320369,6.48790423086859,-9.30230225972845));
#7201=CARTESIAN_POINT('',(-10.1390947789284,6.48453523335201,-9.29508560687773));
#7202=CARTESIAN_POINT('',(-10.1437405712703,6.48124611953732,-9.28824288413105));
#7203=CARTESIAN_POINT('',(-10.149419916882,6.47726091732883,-9.28022830327548));
#7204=CARTESIAN_POINT('',(-10.1562043438377,6.47254859287907,-9.27115449812297));
#7205=CARTESIAN_POINT('',(-10.1629852556379,6.46788375732425,-9.2625862866001));
#7206=CARTESIAN_POINT('',(-10.1685310520331,6.46409556504345,-9.25590350477657));
#7207=CARTESIAN_POINT('',(-10.1726500289785,6.46129420396187,-9.25109729346113));
#7208=CARTESIAN_POINT('',(-10.1757988396075,6.45915884881312,-9.2475065481641));
#7209=CARTESIAN_POINT('',(-10.17776391238,6.45782933563495,-9.24530925489951));
#7210=CARTESIAN_POINT('',(-10.1786730915286,6.457214829771,-9.24430170947438));
#7211=CARTESIAN_POINT('',(-10.2250383796929,10.,-9.94975575876454));
#7212=CARTESIAN_POINT('',(-10.1786730915286,10.,-9.24430170947438));
#7213=CARTESIAN_POINT('',(-10.1577219149993,10.,-9.26751967902317));
#7214=CARTESIAN_POINT('',(-10.1396222512983,10.,-9.29237482398998));
#7215=CARTESIAN_POINT('',(-10.108822093859,10.,-9.34588738729072));
#7216=CARTESIAN_POINT('',(-10.0960190733887,10.,-9.3753159009079));
#7217=CARTESIAN_POINT('',(-10.0767512777368,10.,-9.43622365975962));
#7218=CARTESIAN_POINT('',(-10.070433355632,10.,-9.4693194501218));
#7219=CARTESIAN_POINT('',(-10.0643275380707,10.,-9.53795705242909));
#7220=CARTESIAN_POINT('',(-10.0658844206663,10.,-9.57527182265634));
#7221=CARTESIAN_POINT('',(-10.0766076881499,10.,-9.65607148543779));
#7222=CARTESIAN_POINT('',(-10.0902446913312,10.,-9.70094945354896));
#7223=CARTESIAN_POINT('',(-10.133576013667,10.,-9.81718482071052));
#7224=CARTESIAN_POINT('',(-10.1732366708437,10.,-9.88598205572816));
#7225=CARTESIAN_POINT('',(-10.2250383796929,10.,-9.94975575876454));
#7226=CARTESIAN_POINT('',(-10.2250383796929,6.58811515303753,-9.94975575876454));
#7227=VECTOR('',#7228,1.);
#7228=DIRECTION('',(0.,1.,0.));
#7229=CARTESIAN_POINT('',(-10.9772205152771,3.47027860265696,-11.6404737772558));
#7230=CARTESIAN_POINT('',(-10.2250383796929,3.41188484696247,-9.94975575876454));
#7231=CARTESIAN_POINT('',(-10.2321052274421,3.41165844472997,-9.95943505874057));
#7232=CARTESIAN_POINT('',(-10.2460350684336,3.41120098137389,-9.97871771646558));
#7233=CARTESIAN_POINT('',(-10.2665145347582,3.41049903319649,-10.0076734928101));
#7234=CARTESIAN_POINT('',(-10.2865255730426,3.4097876974756,-10.0365704347767));
#7235=CARTESIAN_POINT('',(-10.3061972390166,3.40906681592236,-10.0655851957509));
#7236=CARTESIAN_POINT('',(-10.3257790311239,3.40833126454564,-10.0950920392611));
#7237=CARTESIAN_POINT('',(-10.3454127909855,3.40757956925447,-10.1253330861619));
#7238=CARTESIAN_POINT('',(-10.3651987641775,3.40681193894404,-10.1565118274779));
#7239=CARTESIAN_POINT('',(-10.3849516684802,3.40604158289457,-10.1883674898939));
#7240=CARTESIAN_POINT('',(-10.4046663252147,3.40527179759912,-10.2209731641456));
#7241=CARTESIAN_POINT('',(-10.4242765567837,3.40450534945135,-10.2543879493467));
#7242=CARTESIAN_POINT('',(-10.4440910928606,3.40374644183349,-10.2890794206046));
#7243=CARTESIAN_POINT('',(-10.4640785594086,3.40301054933633,-10.3250074657346));
#7244=CARTESIAN_POINT('',(-10.4844413815685,3.4023076880844,-10.3625267845731));
#7245=CARTESIAN_POINT('',(-10.5051319422301,3.40165878105651,-10.4015398955875));
#7246=CARTESIAN_POINT('',(-10.5263072343642,3.40108120140432,-10.4423258335296));
#7247=CARTESIAN_POINT('',(-10.5477224098245,3.40060419833846,-10.484343483961));
#7248=CARTESIAN_POINT('',(-10.5691368964762,3.40024266633498,-10.527657746962));
#7249=CARTESIAN_POINT('',(-10.5887732931355,3.40004155107744,-10.5684776671783));
#7250=CARTESIAN_POINT('',(-10.6028781472789,3.39999450191707,-10.5985033816667));
#7251=CARTESIAN_POINT('',(-10.6171603660856,3.40000901439798,-10.6292979381513));
#7252=CARTESIAN_POINT('',(-10.6331401311043,3.40011655829738,-10.6643051834794));
#7253=CARTESIAN_POINT('',(-10.6544250647816,3.4004818007136,-10.7120869022715));
#7254=CARTESIAN_POINT('',(-10.6755782752414,3.40108943445401,-10.7606091426216));
#7255=CARTESIAN_POINT('',(-10.6964166554438,3.40196853548337,-10.8098603161628));
#7256=CARTESIAN_POINT('',(-10.7168470710149,3.40313800823653,-10.8595259986673));
#7257=CARTESIAN_POINT('',(-10.736810159557,3.40461288880241,-10.9093950558722));
#7258=CARTESIAN_POINT('',(-10.756273452081,3.40640330875797,-10.9592882581393));
#7259=CARTESIAN_POINT('',(-10.7752262791071,3.40851655094345,-11.0090738785299));
#7260=CARTESIAN_POINT('',(-10.7937057101572,3.41096144794266,-11.058745732978));
#7261=CARTESIAN_POINT('',(-10.8115921067562,3.41375499069549,-11.1082343237198));
#7262=CARTESIAN_POINT('',(-10.8289411315773,3.4169059466967,-11.1575396447904));
#7263=CARTESIAN_POINT('',(-10.8475994628397,3.42080325937464,-11.2119679388211));
#7264=CARTESIAN_POINT('',(-10.8674493031124,3.42562449758061,-11.2716022929492));
#7265=CARTESIAN_POINT('',(-10.8883717931808,3.4315756046609,-11.3364422453766));
#7266=CARTESIAN_POINT('',(-10.9068627361633,3.43769058927636,-11.395654986885));
#7267=CARTESIAN_POINT('',(-10.9230960808274,3.44379382005391,-11.4492563057049));
#7268=CARTESIAN_POINT('',(-10.9372478626674,3.44970489643901,-11.4972298700595));
#7269=CARTESIAN_POINT('',(-10.9509902263544,3.45606464343837,-11.5450834874536));
#7270=CARTESIAN_POINT('',(-10.964325419262,3.46288494513254,-11.5928041320648));
#7271=CARTESIAN_POINT('',(-10.9729660181249,3.46775908378636,-11.624597043684));
#7272=CARTESIAN_POINT('',(-10.9772205166341,3.47027860208546,-11.6404737759761));
#7273=CARTESIAN_POINT('',(-10.9772205166341,7.12773447515393E-16,-11.6404737759761));
#7274=CARTESIAN_POINT('',(-10.9772205139202,7.12773447672102E-16,-11.6404737785354));
#7275=VECTOR('',#7276,1.);
#7276=DIRECTION('',(0.,1.,0.));
#7277=CARTESIAN_POINT('',(-10.2250383796929,6.09246827113447E-16,-9.94975575876454));
#7278=CARTESIAN_POINT('',(-10.2832088647303,6.14125504653029E-16,-10.0294306093905));
#7279=CARTESIAN_POINT('',(-10.3378738673629,6.19134875787036E-16,-10.111239848389));
#7280=CARTESIAN_POINT('',(-10.4412285848822,6.29519061089626E-16,-10.2808264640535));
#7281=CARTESIAN_POINT('',(-10.4890430701848,6.3494411988065E-16,-10.3694243976749));
#7282=CARTESIAN_POINT('',(-10.5812014170258,6.45994588523901E-16,-10.5498922460528));
#7283=CARTESIAN_POINT('',(-10.6242916768306,6.51693252140333E-16,-10.6429584855661));
#7284=CARTESIAN_POINT('',(-10.7068171432969,6.63292094956861E-16,-10.8323819638229));
#7285=CARTESIAN_POINT('',(-10.745465334604,6.69236523258672E-16,-10.9294618452377));
#7286=CARTESIAN_POINT('',(-10.819108129855,6.81316994850359E-16,-11.126750918301));
#7287=CARTESIAN_POINT('',(-10.8535169929737,6.87484597894422E-16,-11.2274755198491));
#7288=CARTESIAN_POINT('',(-10.9186973635138,7.00000662825212E-16,-11.4318783719939));
#7289=CARTESIAN_POINT('',(-10.9491684035114,7.06363456764423E-16,-11.5357906827703));
#7290=CARTESIAN_POINT('',(-10.9772205166341,7.12773447515393E-16,-11.6404737759761));
#7291=CARTESIAN_POINT('',(-10.9772205152771,6.52972139734304,-11.6404737772558));
#7292=CARTESIAN_POINT('',(-10.2250383796929,6.58811515303753,-9.94975575876454));
#7293=CARTESIAN_POINT('',(-10.2321052274421,6.58834155527003,-9.95943505874057));
#7294=CARTESIAN_POINT('',(-10.2460350684336,6.58879901862611,-9.97871771646557));
#7295=CARTESIAN_POINT('',(-10.2665145347582,6.58950096680351,-10.0076734928101));
#7296=CARTESIAN_POINT('',(-10.2865255730426,6.5902123025244,-10.0365704347767));
#7297=CARTESIAN_POINT('',(-10.3061972390166,6.59093318407764,-10.0655851957509));
#7298=CARTESIAN_POINT('',(-10.3257790311239,6.59166873545436,-10.0950920392612));
#7299=CARTESIAN_POINT('',(-10.3454127909855,6.59242043074553,-10.1253330861619));
#7300=CARTESIAN_POINT('',(-10.3651987641775,6.59318806105596,-10.1565118274779));
#7301=CARTESIAN_POINT('',(-10.3849516684802,6.59395841710542,-10.1883674898939));
#7302=CARTESIAN_POINT('',(-10.4046663252148,6.59472820240089,-10.2209731641456));
#7303=CARTESIAN_POINT('',(-10.4242765567837,6.59549465054865,-10.2543879493468));
#7304=CARTESIAN_POINT('',(-10.4440910928607,6.59625355816651,-10.2890794206047));
#7305=CARTESIAN_POINT('',(-10.4640785594087,6.59698945066367,-10.3250074657346));
#7306=CARTESIAN_POINT('',(-10.4844413815686,6.5976923119156,-10.3625267845732));
#7307=CARTESIAN_POINT('',(-10.5051319422302,6.59834121894349,-10.4015398955876));
#7308=CARTESIAN_POINT('',(-10.5263072343642,6.59891879859568,-10.4423258335297));
#7309=CARTESIAN_POINT('',(-10.5477224098246,6.59939580166154,-10.4843434839611));
#7310=CARTESIAN_POINT('',(-10.5691368964763,6.59975733366502,-10.5276577469621));
#7311=CARTESIAN_POINT('',(-10.5887732931355,6.59995844892256,-10.5684776671784));
#7312=CARTESIAN_POINT('',(-10.602878147279,6.60000549808293,-10.5985033816668));
#7313=CARTESIAN_POINT('',(-10.6171603660857,6.59999098560202,-10.6292979381514));
#7314=CARTESIAN_POINT('',(-10.6331401311044,6.59988344170262,-10.6643051834796));
#7315=CARTESIAN_POINT('',(-10.6544250647816,6.5995181992864,-10.7120869022717));
#7316=CARTESIAN_POINT('',(-10.6755782752415,6.59891056554599,-10.7606091426218));
#7317=CARTESIAN_POINT('',(-10.6964166554439,6.59803146451663,-10.809860316163));
#7318=CARTESIAN_POINT('',(-10.716847071015,6.59686199176347,-10.8595259986675));
#7319=CARTESIAN_POINT('',(-10.7368101595571,6.59538711119758,-10.9093950558724));
#7320=CARTESIAN_POINT('',(-10.756273452081,6.59359669124202,-10.9592882581396));
#7321=CARTESIAN_POINT('',(-10.7752262791072,6.59148344905654,-11.0090738785301));
#7322=CARTESIAN_POINT('',(-10.7937057101573,6.58903855205733,-11.0587457329782));
#7323=CARTESIAN_POINT('',(-10.8115921067563,6.5862450093045,-11.10823432372));
#7324=CARTESIAN_POINT('',(-10.8289411315774,6.58309405330329,-11.1575396447906));
#7325=CARTESIAN_POINT('',(-10.8475994628398,6.57919674062535,-11.2119679388213));
#7326=CARTESIAN_POINT('',(-10.8674493031124,6.57437550241938,-11.2716022929494));
#7327=CARTESIAN_POINT('',(-10.8883717931808,6.56842439533909,-11.3364422453767));
#7328=CARTESIAN_POINT('',(-10.9068627361634,6.56230941072363,-11.3956549868851));
#7329=CARTESIAN_POINT('',(-10.9230960808274,6.55620617994607,-11.449256305705));
#7330=CARTESIAN_POINT('',(-10.9372478626674,6.55029510356098,-11.4972298700595));
#7331=CARTESIAN_POINT('',(-10.9509902263544,6.54393535656162,-11.5450834874537));
#7332=CARTESIAN_POINT('',(-10.964325419262,6.53711505486746,-11.5928041320648));
#7333=CARTESIAN_POINT('',(-10.9729660181249,6.53224091621363,-11.624597043684));
#7334=CARTESIAN_POINT('',(-10.9772205166341,6.52972139791454,-11.6404737759761));
#7335=CARTESIAN_POINT('',(-10.9772205166341,10.,-11.6404737759761));
#7336=CARTESIAN_POINT('',(-10.2250383796929,10.,-9.94975575876454));
#7337=CARTESIAN_POINT('',(-10.2832088647303,10.,-10.0294306093905));
#7338=CARTESIAN_POINT('',(-10.3378738673629,10.,-10.111239848389));
#7339=CARTESIAN_POINT('',(-10.4412285848822,10.,-10.2808264640535));
#7340=CARTESIAN_POINT('',(-10.4890430701848,10.,-10.3694243976749));
#7341=CARTESIAN_POINT('',(-10.5812014170258,10.,-10.5498922460528));
#7342=CARTESIAN_POINT('',(-10.6242916768306,10.,-10.6429584855661));
#7343=CARTESIAN_POINT('',(-10.7068171432969,10.,-10.8323819638229));
#7344=CARTESIAN_POINT('',(-10.745465334604,10.,-10.9294618452377));
#7345=CARTESIAN_POINT('',(-10.819108129855,10.,-11.126750918301));
#7346=CARTESIAN_POINT('',(-10.8535169929737,10.,-11.2274755198491));
#7347=CARTESIAN_POINT('',(-10.9186973635138,10.,-11.4318783719939));
#7348=CARTESIAN_POINT('',(-10.9491684035114,10.,-11.5357906827703));
#7349=CARTESIAN_POINT('',(-10.9772205166341,10.,-11.6404737759761));
#7350=CARTESIAN_POINT('',(-10.9772205139202,6.52972139734304,-11.6404737785354));
#7351=VECTOR('',#7352,1.);
#7352=DIRECTION('',(0.,1.,0.));
#7353=CARTESIAN_POINT('',(-10.4292740523714,3.94775689425544,-12.1338469885084));
#7354=CARTESIAN_POINT('',(-10.4292740524436,3.94775689529698,-12.1338469884362));
#7355=CARTESIAN_POINT('',(-10.4522926051401,3.91307827143168,-12.1140628435124));
#7356=CARTESIAN_POINT('',(-10.501089399489,3.84552840006188,-12.0718891980134));
#7357=CARTESIAN_POINT('',(-10.5811755675981,3.75189122356893,-12.0017869394188));
#7358=CARTESIAN_POINT('',(-10.6694207230815,3.6654432197464,-11.9234453980912));
#7359=CARTESIAN_POINT('',(-10.765438401988,3.58795969528833,-11.836868059127));
#7360=CARTESIAN_POINT('',(-10.8686642382429,3.52127193674267,-11.7421917128717));
#7361=CARTESIAN_POINT('',(-10.9405156235843,3.48572987072027,-11.675091711275));
#7362=CARTESIAN_POINT('',(-10.9772205152772,3.47027860208545,-11.6404737772557));
#7363=CARTESIAN_POINT('',(-10.4292740511145,7.42983843857173E-16,-12.1338469895886));
#7364=CARTESIAN_POINT('',(-10.4292740536282,7.42983843724877E-16,-12.1338469874281));
#7365=VECTOR('',#7366,1.);
#7366=DIRECTION('',(0.,1.,0.));
#7367=AXIS2_PLACEMENT_3D('',#7368,#7369,#7370);
#7368=CARTESIAN_POINT('',(0.,0.,0.));
#7369=DIRECTION('',(0.,1.,6.12323399573677E-17));
#7370=DIRECTION('',(-0.651829628194658,4.64364902410733E-17,-0.758365436849289));
#7371=CARTESIAN_POINT('',(-10.4292740523714,6.05224310383452,-12.1338469885084));
#7372=CARTESIAN_POINT('',(-10.9772205152772,6.52972139791455,-11.6404737772557));
#7373=CARTESIAN_POINT('',(-10.9521024356915,6.51914338098406,-11.6641617743894));
#7374=CARTESIAN_POINT('',(-10.9018962231773,6.49548530801802,-11.7111959873644));
#7375=CARTESIAN_POINT('',(-10.8276313355569,6.45281377605416,-11.7798878099714));
#7376=CARTESIAN_POINT('',(-10.7543682344145,6.40265879261662,-11.8468040253864));
#7377=CARTESIAN_POINT('',(-10.6829433819582,6.34530411657892,-11.9112424631086));
#7378=CARTESIAN_POINT('',(-10.6140974017253,6.28117000197738,-11.9726199226258));
#7379=CARTESIAN_POINT('',(-10.5485284105965,6.21085909250817,-12.0304176052543));
#7380=CARTESIAN_POINT('',(-10.4865821123302,6.13471926652501,-12.0844402371304));
#7381=CARTESIAN_POINT('',(-10.4479009443527,6.08030227916525,-12.1178370768512));
#7382=CARTESIAN_POINT('',(-10.4292740524436,6.052243103748,-12.1338469884362));
#7383=CARTESIAN_POINT('',(-10.4292740511145,10.,-12.1338469895886));
#7384=AXIS2_PLACEMENT_3D('',#7385,#7386,#7387);
#7385=CARTESIAN_POINT('',(0.,10.,6.12323399573677E-16));
#7386=DIRECTION('',(0.,1.,6.12323399573677E-17));
#7387=DIRECTION('',(-0.651829628194658,4.64364902410733E-17,-0.758365436849289));
#7388=CARTESIAN_POINT('',(-10.4292740536282,6.05224310383452,-12.1338469874281));
#7389=VECTOR('',#7390,1.);
#7390=DIRECTION('',(0.,1.,0.));
#7391=CARTESIAN_POINT('',(-10.4292740515204,3.94775689475651,-12.1338469891828));
#7392=CARTESIAN_POINT('',(-10.4012763034076,3.96172885162713,-12.1231011135718));
#7393=CARTESIAN_POINT('',(-10.3461608944116,3.98986357153796,-12.1015322030351));
#7394=CARTESIAN_POINT('',(-10.2646837080819,4.03343620714473,-12.068433624569));
#7395=CARTESIAN_POINT('',(-10.1868728340036,4.07702564643973,-12.0356909325073));
#7396=CARTESIAN_POINT('',(-10.1125266096928,4.12061718372372,-12.0033394402086));
#7397=CARTESIAN_POINT('',(-10.0421676120484,4.16391045711551,-11.9718376657701));
#7398=CARTESIAN_POINT('',(-9.97530883210143,4.20705272682451,-11.9410365184828));
#7399=CARTESIAN_POINT('',(-9.9123321843362,4.24962294085906,-11.9111829414329));
#7400=CARTESIAN_POINT('',(-9.85224493017526,4.29213994063307,-11.881864293711));
#7401=CARTESIAN_POINT('',(-9.7955237642399,4.33422470377988,-11.8534165543971));
#7402=CARTESIAN_POINT('',(-9.74211883188353,4.37605934547171,-11.8260427652163));
#7403=CARTESIAN_POINT('',(-9.69315772182128,4.41651009263537,-11.8003592965043));
#7404=CARTESIAN_POINT('',(-9.64806376758657,4.45582285232556,-11.7761748212338));
#7405=CARTESIAN_POINT('',(-9.60741330342309,4.49325067228301,-11.7539024160212));
#7406=CARTESIAN_POINT('',(-9.57061519685173,4.52905729441769,-11.733320922577));
#7407=CARTESIAN_POINT('',(-9.53817825305392,4.56247721448385,-11.7148523300228));
#7408=CARTESIAN_POINT('',(-9.50897034793597,4.59457028223742,-11.6980220745485));
#7409=CARTESIAN_POINT('',(-9.48298067344429,4.62504096400401,-11.6828556846319));
#7410=CARTESIAN_POINT('',(-9.45971485332149,4.65424817038306,-11.6691186465925));
#7411=CARTESIAN_POINT('',(-9.43971944282957,4.68116187582319,-11.6571844073215));
#7412=CARTESIAN_POINT('',(-9.42230386431064,4.70631303649525,-11.6466897791788));
#7413=CARTESIAN_POINT('',(-9.40746164127768,4.72933523803897,-11.6376689041882));
#7414=CARTESIAN_POINT('',(-9.39460686060305,4.75079063393176,-11.6297963303709));
#7415=CARTESIAN_POINT('',(-9.38272041982729,4.77213722793804,-11.622468696131));
#7416=CARTESIAN_POINT('',(-9.37149103871231,4.79410032204328,-11.6154999580349));
#7417=CARTESIAN_POINT('',(-9.36094649788993,4.81698332003786,-11.6089129194322));
#7418=CARTESIAN_POINT('',(-9.35269667272295,4.83707360125205,-11.6037291726591));
#7419=CARTESIAN_POINT('',(-9.34632524236727,4.85437977618122,-11.5997085851352));
#7420=CARTESIAN_POINT('',(-9.34153312402336,4.86872333768033,-11.5966750198069));
#7421=CARTESIAN_POINT('',(-9.33743743479607,4.8823131921321,-11.5940752434779));
#7422=CARTESIAN_POINT('',(-9.33401647365924,4.89495703804855,-11.5918987474008));
#7423=CARTESIAN_POINT('',(-9.33110621893357,4.9070110086884,-11.590043581114));
#7424=CARTESIAN_POINT('',(-9.32863239825356,4.91860701721986,-11.5884639944591));
#7425=CARTESIAN_POINT('',(-9.32651788458716,4.93000248142123,-11.5871118917619));
#7426=CARTESIAN_POINT('',(-9.3247579542519,4.94112497134156,-11.5859851535211));
#7427=CARTESIAN_POINT('',(-9.32331676564639,4.95209719606467,-11.5850615527109));
#7428=CARTESIAN_POINT('',(-9.32219036262658,4.96285458929256,-11.5843390985));
#7429=CARTESIAN_POINT('',(-9.32136384986759,4.973399150991,-11.5838086610659));
#7430=CARTESIAN_POINT('',(-9.32082723819847,4.98355858446466,-11.5834641280591));
#7431=CARTESIAN_POINT('',(-9.32057818144371,4.9923914137111,-11.5833041805167));
#7432=CARTESIAN_POINT('',(-9.32052611370313,4.99883176010024,-11.5832707400477));
#7433=CARTESIAN_POINT('',(-9.32054981035974,5.00514906536881,-11.5832859590294));
#7434=CARTESIAN_POINT('',(-9.32068805708196,5.01239282764361,-11.5833747474113));
#7435=CARTESIAN_POINT('',(-9.32108146072008,5.02172246911867,-11.5836273637023));
#7436=CARTESIAN_POINT('',(-9.32168827347495,5.031041478642,-11.584016892618));
#7437=CARTESIAN_POINT('',(-9.32250859217845,5.04035608199913,-11.5845432382736));
#7438=CARTESIAN_POINT('',(-9.32353797810173,5.04963232225417,-11.5852033400874));
#7439=CARTESIAN_POINT('',(-9.32476190168394,5.05879362904359,-11.5859876286625));
#7440=CARTESIAN_POINT('',(-9.326168718275,5.06782405463301,-11.5868883642138));
#7441=CARTESIAN_POINT('',(-9.32775262225241,5.07674517969003,-11.5879015284378));
#7442=CARTESIAN_POINT('',(-9.32951634550674,5.08560654665165,-11.5890285304939));
#7443=CARTESIAN_POINT('',(-9.33146612713878,5.09445618998667,-11.5902729745325));
#7444=CARTESIAN_POINT('',(-9.33360521991774,5.10331375989026,-11.5916365058903));
#7445=CARTESIAN_POINT('',(-9.3359535631492,5.11225534975211,-11.5931313370252));
#7446=CARTESIAN_POINT('',(-9.33852421325715,5.1213108734867,-11.5947651911793));
#7447=CARTESIAN_POINT('',(-9.34134129471975,5.13053660712312,-11.5965526993763));
#7448=CARTESIAN_POINT('',(-9.34439418741559,5.13987123870523,-11.5984863390728));
#7449=CARTESIAN_POINT('',(-9.34769706785384,5.14934038931798,-11.6005742548267));
#7450=CARTESIAN_POINT('',(-9.3512491840722,5.15892465907551,-11.6028150638327));
#7451=CARTESIAN_POINT('',(-9.35509344971786,5.16871560917311,-11.6052347655528));
#7452=CARTESIAN_POINT('',(-9.35922057299958,5.17866230138776,-11.6078262897949));
#7453=CARTESIAN_POINT('',(-9.36366161827592,5.18881656080443,-11.6106078194649));
#7454=CARTESIAN_POINT('',(-9.36840758638793,5.19913477381102,-11.6135722731296));
#7455=CARTESIAN_POINT('',(-9.37349352067468,5.20966886964431,-11.6167399087969));
#7456=CARTESIAN_POINT('',(-9.37887061279821,5.22029987401584,-11.6200786674937));
#7457=CARTESIAN_POINT('',(-9.38457544094387,5.23109058050031,-11.6236096392757));
#7458=CARTESIAN_POINT('',(-9.39062475467447,5.24205706424937,-11.6273413425055));
#7459=CARTESIAN_POINT('',(-9.39713915035948,5.2533883289168,-11.6313457467359));
#7460=CARTESIAN_POINT('',(-9.40410190632687,5.26501786941739,-11.6356096605127));
#7461=CARTESIAN_POINT('',(-9.41319865150426,5.2796216178611,-11.6411582444393));
#7462=CARTESIAN_POINT('',(-9.42648826904214,5.2998983708152,-11.6492198528575));
#7463=CARTESIAN_POINT('',(-9.44512943861493,5.32638299515503,-11.6604299760069));
#7464=CARTESIAN_POINT('',(-9.46652069885687,5.35448940668283,-11.6731522376571));
#7465=CARTESIAN_POINT('',(-9.48829927172161,5.38125213885792,-11.6859647213189));
#7466=CARTESIAN_POINT('',(-9.5110530666867,5.40770218239085,-11.6992207862185));
#7467=CARTESIAN_POINT('',(-9.54003237904478,5.43955777666879,-11.7159203699953));
#7468=CARTESIAN_POINT('',(-9.57925299963486,5.47975150060235,-11.7382320316704));
#7469=CARTESIAN_POINT('',(-9.62786380929618,5.52606743057608,-11.7652187355221));
#7470=CARTESIAN_POINT('',(-9.67951538933582,5.57190780069609,-11.7931218286007));
#7471=CARTESIAN_POINT('',(-9.72641819891806,5.61110770829089,-11.8178428018362));
#7472=CARTESIAN_POINT('',(-9.76733134322937,5.64377407644307,-11.8389927189318));
#7473=CARTESIAN_POINT('',(-9.80427792610964,5.67220493571882,-11.8577875529966));
#7474=CARTESIAN_POINT('',(-9.84142177064896,5.69979469560384,-11.8764132851827));
#7475=CARTESIAN_POINT('',(-9.88006002304349,5.7275985959585,-11.8954667036721));
#7476=CARTESIAN_POINT('',(-9.92085498505786,5.75608278830805,-11.915196540803));
#7477=CARTESIAN_POINT('',(-9.96417690734567,5.78539223673,-11.9357464814588));
#7478=CARTESIAN_POINT('',(-10.0093486038059,5.81498964509236,-11.9567524700879));
#7479=CARTESIAN_POINT('',(-10.056375084498,5.84481809377826,-11.9781928810939));
#7480=CARTESIAN_POINT('',(-10.104913462375,5.87461558200238,-11.9998917917352));
#7481=CARTESIAN_POINT('',(-10.1553502792211,5.90455803945127,-12.0220129658537));
#7482=CARTESIAN_POINT('',(-10.2073610979411,5.93447354409532,-12.044322078023));
#7483=CARTESIAN_POINT('',(-10.2609979978618,5.96436252998496,-12.066804577994));
#7484=CARTESIAN_POINT('',(-10.3159175380307,5.99401689410348,-12.0892789992703));
#7485=CARTESIAN_POINT('',(-10.3721388860342,6.02343125937374,-12.1117196778351));
#7486=CARTESIAN_POINT('',(-10.4101097586662,6.04267922756568,-12.1264901860264));
#7487=CARTESIAN_POINT('',(-10.4292740511858,6.05224310374652,-12.1338469895174));
#7488=CARTESIAN_POINT('',(-8.82644240697582,10.,-11.2090572289377));
#7489=CARTESIAN_POINT('',(-10.4292740511145,10.,-12.1338469895886));
#7490=CARTESIAN_POINT('',(-10.3280966671226,10.,-12.0950061860139));
#7491=CARTESIAN_POINT('',(-10.2279386898423,10.,-12.0538402754015));
#7492=CARTESIAN_POINT('',(-10.0314687818763,10.,-11.967651053729));
#7493=CARTESIAN_POINT('',(-9.93489266581905,10.,-11.9229020981496));
#7494=CARTESIAN_POINT('',(-9.746382131159,10.,-11.8290404022096));
#7495=CARTESIAN_POINT('',(-9.65387389953763,10.,-11.7804563189198));
#7496=CARTESIAN_POINT('',(-9.4741143631046,10.,-11.6785827905045));
#7497=CARTESIAN_POINT('',(-9.38606210882823,10.,-11.6260005126532));
#7498=CARTESIAN_POINT('',(-9.21621605257897,10.,-11.5154829920187));
#7499=CARTESIAN_POINT('',(-9.13310144237876,10.,-11.4586694336193));
#7500=CARTESIAN_POINT('',(-8.97524734973272,10.,-11.3381542757307));
#7501=CARTESIAN_POINT('',(-8.89960031902506,10.,-11.2752373396686));
#7502=CARTESIAN_POINT('',(-8.82644240697582,10.,-11.2090572289377));
#7503=CARTESIAN_POINT('',(-8.82644240697582,6.863568028439E-16,-11.2090572289377));
#7504=CARTESIAN_POINT('',(-8.82644240697582,6.863568028439E-16,-11.2090572289377));
#7505=VECTOR('',#7506,1.);
#7506=DIRECTION('',(0.,1.,0.));
#7507=CARTESIAN_POINT('',(-10.4292740511145,7.42983843857173E-16,-12.1338469895886));
#7508=CARTESIAN_POINT('',(-10.3280966671226,7.40605530568466E-16,-12.0950061860139));
#7509=CARTESIAN_POINT('',(-10.2279386898423,7.38084845535197E-16,-12.0538402754015));
#7510=CARTESIAN_POINT('',(-10.0314687818763,7.3280727781308E-16,-11.967651053729));
#7511=CARTESIAN_POINT('',(-9.93489266581905,7.3006719455231E-16,-11.9229020981496));
#7512=CARTESIAN_POINT('',(-9.746382131159,7.24319823277535E-16,-11.8290404022096));
#7513=CARTESIAN_POINT('',(-9.65387389953763,7.2134490617302E-16,-11.7804563189198));
#7514=CARTESIAN_POINT('',(-9.4741143631046,7.15106951648438E-16,-11.6785827905045));
#7515=CARTESIAN_POINT('',(-9.38606210882823,7.11887215735309E-16,-11.6260005126532));
#7516=CARTESIAN_POINT('',(-9.21621605257897,7.05119969340576E-16,-11.5154829920187));
#7517=CARTESIAN_POINT('',(-9.13310144237876,7.01641142218477E-16,-11.4586694336193));
#7518=CARTESIAN_POINT('',(-8.97524734973272,6.94261717100622E-16,-11.3381542757307));
#7519=CARTESIAN_POINT('',(-8.89960031902506,6.90409165882591E-16,-11.2752373396686));
#7520=CARTESIAN_POINT('',(-8.82644240697582,6.863568028439E-16,-11.2090572289377));
#7521=CARTESIAN_POINT('',(10.96405750434,5.93609137335077,9.12899187023338));
#7522=CARTESIAN_POINT('',(10.96405750434,4.06390862664991,9.12899187023338));
#7523=CARTESIAN_POINT('',(10.9640575029276,5.93609137611924,9.12899187164578));
#7524=CARTESIAN_POINT('',(10.9864193476087,5.92689404074582,9.14197408332442));
#7525=CARTESIAN_POINT('',(11.0300778771189,5.90791851528608,9.16667712041405));
#7526=CARTESIAN_POINT('',(11.0927630600739,5.87749628550791,9.20043307922923));
#7527=CARTESIAN_POINT('',(11.1508502319292,5.84626123511017,9.23028046970189));
#7528=CARTESIAN_POINT('',(11.2073306909003,5.81285515667714,9.25807089482063));
#7529=CARTESIAN_POINT('',(11.2669640647653,5.77386697476691,9.28608406451369));
#7530=CARTESIAN_POINT('',(11.3306929145933,5.72671891164232,9.31425206334155));
#7531=CARTESIAN_POINT('',(11.3927357165829,5.67442421520885,9.34025761047322));
#7532=CARTESIAN_POINT('',(11.4444959839782,5.62491035619827,9.36107273115603));
#7533=CARTESIAN_POINT('',(11.4825386420553,5.58448942527744,9.3759686232192));
#7534=CARTESIAN_POINT('',(11.5085631857108,5.55464111833454,9.38601260963099));
#7535=CARTESIAN_POINT('',(11.5280725520401,5.53085105506852,9.39342115828082));
#7536=CARTESIAN_POINT('',(11.5446485692694,5.50952870959567,9.39963153955523));
#7537=CARTESIAN_POINT('',(11.5603558630593,5.48820449418343,9.40544402431097));
#7538=CARTESIAN_POINT('',(11.5755685993241,5.466389317552,9.41100888111967));
#7539=CARTESIAN_POINT('',(11.5907390562468,5.44333046189192,9.41649654203112));
#7540=CARTESIAN_POINT('',(11.607723200341,5.4157869724398,9.4225718341865));
#7541=CARTESIAN_POINT('',(11.6270808107206,5.38164419499094,9.42940713407196));
#7542=CARTESIAN_POINT('',(11.6484742584864,5.33927013452155,9.43685007951755));
#7543=CARTESIAN_POINT('',(11.6686920552928,5.29272685745475,9.44377960062119));
#7544=CARTESIAN_POINT('',(11.6858954611051,5.24540063763075,9.44960181242493));
#7545=CARTESIAN_POINT('',(11.6986131128715,5.20274186151351,9.45386403802612));
#7546=CARTESIAN_POINT('',(11.7072247384653,5.16720618708599,9.45673104932561));
#7547=CARTESIAN_POINT('',(11.7124206387155,5.14130990576414,9.45845387681611));
#7548=CARTESIAN_POINT('',(11.7157805026653,5.12180375921877,9.45956534314382));
#7549=CARTESIAN_POINT('',(11.7185244999576,5.10355248548328,9.46047159506871));
#7550=CARTESIAN_POINT('',(11.7210491619816,5.0833091251471,9.46130399522048));
#7551=CARTESIAN_POINT('',(11.723168849368,5.0610590362273,9.46200182650985));
#7552=CARTESIAN_POINT('',(11.7247222575537,5.03743215258697,9.46251266666087));
#7553=CARTESIAN_POINT('',(11.7254088005581,5.01706444744688,9.46273825979863));
#7554=CARTESIAN_POINT('',(11.7255788919408,4.99635223108784,9.46279414700681));
#7555=CARTESIAN_POINT('',(11.7251990844686,4.97171512911867,9.46266935720389));
#7556=CARTESIAN_POINT('',(11.7234843992509,4.94103756413224,9.46210579325988));
#7557=CARTESIAN_POINT('',(11.7203913684587,4.91046922825627,9.46108739549709));
#7558=CARTESIAN_POINT('',(11.7168725136753,4.88476621126912,9.45992636721618));
#7559=CARTESIAN_POINT('',(11.7122433255496,4.85722057593283,9.45839563510576));
#7560=CARTESIAN_POINT('',(11.7044618899949,4.81982878534075,9.45581419690708));
#7561=CARTESIAN_POINT('',(11.6902779591918,4.76704527418396,9.45107967695816));
#7562=CARTESIAN_POINT('',(11.667667490625,4.70325171096618,9.44344551268601));
#7563=CARTESIAN_POINT('',(11.6374628170637,4.63699061064617,9.4330579248974));
#7564=CARTESIAN_POINT('',(11.6056468288709,4.57988233416332,9.4218623347708));
#7565=CARTESIAN_POINT('',(11.5775591628438,4.53621173552409,9.41174923851972));
#7566=CARTESIAN_POINT('',(11.5563797005469,4.50623122167293,9.40398275932215));
#7567=CARTESIAN_POINT('',(11.5396193909878,4.48391749806296,9.39775320095794));
#7568=CARTESIAN_POINT('',(11.5244703627912,4.4646989396104,9.39205794338098));
#7569=CARTESIAN_POINT('',(11.508567663765,4.44546727833787,9.38600585308404));
#7570=CARTESIAN_POINT('',(11.491836090022,4.42617318567448,9.37955526214275));
#7571=CARTESIAN_POINT('',(11.474434894961,4.40696167964648,9.37279377176102));
#7572=CARTESIAN_POINT('',(11.4563629568761,4.38786473804254,9.36570226436122));
#7573=CARTESIAN_POINT('',(11.4377019535317,4.36897891900229,9.35830202002129));
#7574=CARTESIAN_POINT('',(11.4183928214399,4.35026065785624,9.35055480936231));
#7575=CARTESIAN_POINT('',(11.3985190168677,4.33180507891995,9.34247853054753));
#7576=CARTESIAN_POINT('',(11.3757957531604,4.31158897759665,9.33311493124417));
#7577=CARTESIAN_POINT('',(11.347838583679,4.28793096771125,9.32139115573267));
#7578=CARTESIAN_POINT('',(11.3144135448897,4.26140789674923,9.30702349400224));
#7579=CARTESIAN_POINT('',(11.2803326607868,4.23622937635866,9.29191830091992));
#7580=CARTESIAN_POINT('',(11.2507851168872,4.21576314050816,9.27842276439669));
#7581=CARTESIAN_POINT('',(11.2260725858383,4.19949826381272,9.26684415920826));
#7582=CARTESIAN_POINT('',(11.2038766368587,4.1854926054314,9.25623060396638));
#7583=CARTESIAN_POINT('',(11.1817090829859,4.17203709624957,9.24544652191));
#7584=CARTESIAN_POINT('',(11.1596342949447,4.15914878913978,9.23451476846525));
#7585=CARTESIAN_POINT('',(11.1376060704337,4.14676846228847,9.22341463803847));
#7586=CARTESIAN_POINT('',(11.1156543256214,4.1348878333574,9.21216023723808));
#7587=CARTESIAN_POINT('',(11.0937588596101,4.12347206426221,9.20074102224251));
#7588=CARTESIAN_POINT('',(11.0719813524308,4.11253009196172,9.18918957027102));
#7589=CARTESIAN_POINT('',(11.0502928941984,4.10202514974172,9.17749144366409));
#7590=CARTESIAN_POINT('',(11.0287201270438,4.09195004286469,9.16566177203742));
#7591=CARTESIAN_POINT('',(11.0071998587244,4.08225741039733,9.15366629175717));
#7592=CARTESIAN_POINT('',(10.9856601993378,4.07290116535403,9.14146374069774));
#7593=CARTESIAN_POINT('',(10.9712764777065,4.06687728932352,9.13318217566671));
#7594=CARTESIAN_POINT('',(10.9640575029276,4.0639086238811,9.12899187164578));
#7595=CARTESIAN_POINT('',(10.96405750434,-5.58989533666176E-16,9.12899187023338));
#7596=CARTESIAN_POINT('',(10.96405750434,-5.58989533666176E-16,9.12899187023338));
#7597=VECTOR('',#7598,1.);
#7598=DIRECTION('',(0.,1.,0.));
#7599=CARTESIAN_POINT('',(12.7241380342224,-5.9397361760363E-16,9.70032531856822));
#7600=CARTESIAN_POINT('',(12.7241380342224,-5.9397361760363E-16,9.70032531856823));
#7601=CARTESIAN_POINT('',(12.6170961616781,-5.92935357280441E-16,9.6833692407193));
#7602=CARTESIAN_POINT('',(12.5105680024277,-5.9174485839228E-16,9.66392691842703));
#7603=CARTESIAN_POINT('',(12.3004716865261,-5.89083860736911E-16,9.62046952879891));
#7604=CARTESIAN_POINT('',(12.1967021592997,-5.87633157612623E-16,9.59677774884573));
#7605=CARTESIAN_POINT('',(11.992796088203,-5.84411292599902E-16,9.5441607001593));
#7606=CARTESIAN_POINT('',(11.8922081844908,-5.82679099406174E-16,9.51587183850655));
#7607=CARTESIAN_POINT('',(11.6951961276774,-5.78865963312181E-16,9.45359860026924));
#7608=CARTESIAN_POINT('',(11.5981355561227,-5.76837572500063E-16,9.42047246441471));
#7609=CARTESIAN_POINT('',(11.4090231591283,-5.72380503116662E-16,9.34768299750059));
#7610=CARTESIAN_POINT('',(11.3159125995868,-5.70035822111688E-16,9.30939145080147));
#7611=CARTESIAN_POINT('',(11.1364514873533,-5.64827282857766E-16,9.22432954956516));
#7612=CARTESIAN_POINT('',(11.0493763592062,-5.62021975372885E-16,9.17851540157025));
#7613=CARTESIAN_POINT('',(10.96405750434,-5.58989533666176E-16,9.12899187023338));
#7614=CARTESIAN_POINT('',(12.7241380342224,10.,9.70032531856822));
#7615=CARTESIAN_POINT('',(12.72413803541,-5.93973617508236E-16,9.70032531701032));
#7616=VECTOR('',#7617,1.);
#7617=DIRECTION('',(0.,1.,0.));
#7618=CARTESIAN_POINT('',(10.96405750434,10.,9.12899187023338));
#7619=CARTESIAN_POINT('',(12.7241380342224,10.,9.70032531856823));
#7620=CARTESIAN_POINT('',(12.6170961616781,10.,9.6833692407193));
#7621=CARTESIAN_POINT('',(12.5105680024277,10.,9.66392691842703));
#7622=CARTESIAN_POINT('',(12.3004716865261,10.,9.62046952879891));
#7623=CARTESIAN_POINT('',(12.1967021592997,10.,9.59677774884573));
#7624=CARTESIAN_POINT('',(11.992796088203,10.,9.5441607001593));
#7625=CARTESIAN_POINT('',(11.8922081844908,10.,9.51587183850655));
#7626=CARTESIAN_POINT('',(11.6951961276774,10.,9.45359860026924));
#7627=CARTESIAN_POINT('',(11.5981355561227,10.,9.42047246441471));
#7628=CARTESIAN_POINT('',(11.4090231591283,10.,9.34768299750059));
#7629=CARTESIAN_POINT('',(11.3159125995868,10.,9.30939145080147));
#7630=CARTESIAN_POINT('',(11.1364514873533,10.,9.22432954956516));
#7631=CARTESIAN_POINT('',(11.0493763592062,10.,9.17851540157025));
#7632=CARTESIAN_POINT('',(10.96405750434,10.,9.12899187023338));
#7633=CARTESIAN_POINT('',(10.96405750434,5.93609137335077,9.12899187023338));
#7634=VECTOR('',#7635,1.);
#7635=DIRECTION('',(0.,1.,0.));
#7636=CARTESIAN_POINT('',(10.2576215138239,3.60218080643632,9.1566206036472));
#7637=CARTESIAN_POINT('',(10.96405750434,4.06390862664991,9.12899187023338));
#7638=CARTESIAN_POINT('',(10.9592300619348,4.06225987074938,9.12584656052359));
#7639=CARTESIAN_POINT('',(10.9495330897286,4.05881585515322,9.11967676028342));
#7640=CARTESIAN_POINT('',(10.9348967049269,4.05323616839386,9.11080492315253));
#7641=CARTESIAN_POINT('',(10.9201281773923,4.04723814921288,9.1022917057154));
#7642=CARTESIAN_POINT('',(10.9052397829346,4.04083782572314,9.09414588533883));
#7643=CARTESIAN_POINT('',(10.890229433556,4.03404676889878,9.08636698033882));
#7644=CARTESIAN_POINT('',(10.875114805457,4.02688621766671,9.07896442767866));
#7645=CARTESIAN_POINT('',(10.859892529371,4.01936859213717,9.07193639785789));
#7646=CARTESIAN_POINT('',(10.8445971693523,4.01152629007138,9.0652971879559));
#7647=CARTESIAN_POINT('',(10.8292472795163,4.00338564096028,9.05905117082436));
#7648=CARTESIAN_POINT('',(10.8138728929625,3.99498060201153,9.05320480733009));
#7649=CARTESIAN_POINT('',(10.7984938470658,3.98634070020164,9.04775832745723));
#7650=CARTESIAN_POINT('',(10.7831263181542,3.9774939614388,9.04270887435959));
#7651=CARTESIAN_POINT('',(10.7678022010351,3.96847786939824,9.03805699413439));
#7652=CARTESIAN_POINT('',(10.7525335241099,3.95931824409433,9.03379522999115));
#7653=CARTESIAN_POINT('',(10.7373438841044,3.95004918539649,9.02991672536532));
#7654=CARTESIAN_POINT('',(10.7221980887771,3.94075714256608,9.02628771413321));
#7655=CARTESIAN_POINT('',(10.707114361132,3.9314140130689,9.02296657944302));
#7656=CARTESIAN_POINT('',(10.6920909266493,3.9220074211839,9.01997468499762));
#7657=CARTESIAN_POINT('',(10.6771552267235,3.91253793735047,9.01734665366646));
#7658=CARTESIAN_POINT('',(10.6622966483098,3.90298536292495,9.01510706968383));
#7659=CARTESIAN_POINT('',(10.6475219241312,3.89334087786599,9.0132846654572));
#7660=CARTESIAN_POINT('',(10.6328232077604,3.88358630179285,9.01190810019042));
#7661=CARTESIAN_POINT('',(10.6166041117099,3.87263219157907,9.01090749039693));
#7662=CARTESIAN_POINT('',(10.6041979692307,3.86406482586929,9.01064850516827));
#7663=CARTESIAN_POINT('',(10.5913769933889,3.85517693507193,9.01060859682644));
#7664=CARTESIAN_POINT('',(10.5786252521404,3.84629053131853,9.01078754014032));
#7665=CARTESIAN_POINT('',(10.5623534622962,3.83484753713344,9.01153595781269));
#7666=CARTESIAN_POINT('',(10.5467308845237,3.82376136156976,9.01275948483793));
#7667=CARTESIAN_POINT('',(10.5314665867609,3.81284113251856,9.01439669227387));
#7668=CARTESIAN_POINT('',(10.51359611519,3.79993383189749,9.01693332886979));
#7669=CARTESIAN_POINT('',(10.4933386340691,3.78507905579668,9.0208146074151));
#7670=CARTESIAN_POINT('',(10.4736016605912,3.7704778588741,9.02554471939926));
#7671=CARTESIAN_POINT('',(10.4558582564065,3.757261941015,9.03056997607194));
#7672=CARTESIAN_POINT('',(10.4400032490283,3.74538197335866,9.03568688793312));
#7673=CARTESIAN_POINT('',(10.4246104211194,3.73377635584672,9.04128413505552));
#7674=CARTESIAN_POINT('',(10.4108449891213,3.72332304947948,9.04689014482977));
#7675=CARTESIAN_POINT('',(10.398614171038,3.71397102779006,9.05236388811591));
#7676=CARTESIAN_POINT('',(10.3878234921303,3.70568845746215,9.05754296683085));
#7677=CARTESIAN_POINT('',(10.377210545592,3.69751006405266,9.06299214673798));
#7678=CARTESIAN_POINT('',(10.3657112944194,3.68861526923557,9.06928759694084));
#7679=CARTESIAN_POINT('',(10.3534237505828,3.67906763721582,9.07651478350119));
#7680=CARTESIAN_POINT('',(10.3404758507341,3.66894971628652,9.0847588442513));
#7681=CARTESIAN_POINT('',(10.3280883157922,3.65920417503287,9.09328565091714));
#7682=CARTESIAN_POINT('',(10.3162526918315,3.64982019255286,9.1020764291043));
#7683=CARTESIAN_POINT('',(10.3049352413972,3.6407853731154,9.11109238696254));
#7684=CARTESIAN_POINT('',(10.2949865072443,3.6327838486514,9.11958008511092));
#7685=CARTESIAN_POINT('',(10.2863025378562,3.62575293406113,9.12742917743494));
#7686=CARTESIAN_POINT('',(10.2779982495724,3.61899014272236,9.13530302742118));
#7687=CARTESIAN_POINT('',(10.2683804138741,3.61110294759798,9.14493187940033));
#7688=CARTESIAN_POINT('',(10.2614151226325,3.60533777640722,9.15239797288248));
#7689=CARTESIAN_POINT('',(10.2576215136215,3.60218080627685,9.15662060384967));
#7690=CARTESIAN_POINT('',(10.2576215138239,-5.60681305663163E-16,9.1566206036472));
#7691=CARTESIAN_POINT('',(10.2576215138239,-5.60681305663162E-16,9.1566206036472));
#7692=VECTOR('',#7693,1.);
#7693=DIRECTION('',(0.,1.,0.));
#7694=CARTESIAN_POINT('',(10.96405750434,-5.58989533666176E-16,9.12899187023338));
#7695=CARTESIAN_POINT('',(10.8952184073009,-5.56243155052603E-16,9.08414010374063));
#7696=CARTESIAN_POINT('',(10.8226523831882,-5.54268282111493E-16,9.05188798104721));
#7697=CARTESIAN_POINT('',(10.7025244089948,-5.52373505858309E-16,9.0209439365357));
#7698=CARTESIAN_POINT('',(10.6564668321025,-5.51830297041271E-16,9.01207266332589));
#7699=CARTESIAN_POINT('',(10.5749889116567,-5.51694443315094E-16,9.00985400360667));
#7700=CARTESIAN_POINT('',(10.5377158170998,-5.51838468009629E-16,9.01220610536589));
#7701=CARTESIAN_POINT('',(10.4700924504863,-5.5264960989904E-16,9.02545305771127));
#7702=CARTESIAN_POINT('',(10.4378383650153,-5.532461821348E-16,9.03519582168493));
#7703=CARTESIAN_POINT('',(10.3792782983095,-5.54809372688379E-16,9.06072466077008));
#7704=CARTESIAN_POINT('',(10.351349277224,-5.55777394841954E-16,9.07653366225932));
#7705=CARTESIAN_POINT('',(10.3013493544697,-5.57995537395501E-16,9.11275867922081));
#7706=CARTESIAN_POINT('',(10.2785222986199,-5.59256836768537E-16,9.13335726117788));
#7707=CARTESIAN_POINT('',(10.2576215138239,-5.60681305663163E-16,9.15662060364721));
#7708=CARTESIAN_POINT('',(10.2576215138239,6.39781919356386,9.1566206036472));
#7709=CARTESIAN_POINT('',(10.9640575043399,5.93609137335065,9.12899187023349));
#7710=CARTESIAN_POINT('',(10.9594477976133,5.93766577337076,9.12598843105209));
#7711=CARTESIAN_POINT('',(10.9502816480753,5.94091563819007,9.12015006880465));
#7712=CARTESIAN_POINT('',(10.9365526181057,5.94612219078845,9.11179650904101));
#7713=CARTESIAN_POINT('',(10.9228219245708,5.95164934797651,9.1038220880157));
#7714=CARTESIAN_POINT('',(10.908936245007,5.95754785829619,9.09613652581208));
#7715=CARTESIAN_POINT('',(10.8947915181299,5.96385974544971,9.08869260261909));
#7716=CARTESIAN_POINT('',(10.8804052069614,5.97057621158279,9.0815127574288));
#7717=CARTESIAN_POINT('',(10.8658092099688,5.97767772867692,9.07462275744763));
#7718=CARTESIAN_POINT('',(10.8510663894963,5.98512568475304,9.06805850793719));
#7719=CARTESIAN_POINT('',(10.8361660522807,5.99291502987265,9.06181887958414));
#7720=CARTESIAN_POINT('',(10.8211298318577,6.00102329354404,9.05591605038601));
#7721=CARTESIAN_POINT('',(10.8059228360997,6.00945843381768,9.05034059582158));
#7722=CARTESIAN_POINT('',(10.7905898919768,6.01818357365994,9.04511213586968));
#7723=CARTESIAN_POINT('',(10.7751426453661,6.02718040269554,9.04023778132391));
#7724=CARTESIAN_POINT('',(10.7596341113299,6.03639722225661,9.03572522756397));
#7725=CARTESIAN_POINT('',(10.7422886428979,6.04691887267823,9.03112912262291));
#7726=CARTESIAN_POINT('',(10.7230683988072,6.05869589796171,9.02644664738837));
#7727=CARTESIAN_POINT('',(10.7019776825814,6.07177177648416,9.02185233495318));
#7728=CARTESIAN_POINT('',(10.6808350452631,6.08509572668558,9.01789858835095));
#7729=CARTESIAN_POINT('',(10.6596912826726,6.09867840821494,9.01468395898997));
#7730=CARTESIAN_POINT('',(10.6385829419716,6.11254218898999,9.012313377832));
#7731=CARTESIAN_POINT('',(10.6193152199478,6.12551063868363,9.0110052943803));
#7732=CARTESIAN_POINT('',(10.6049934698879,6.13538742522542,9.01066786753878));
#7733=CARTESIAN_POINT('',(10.5945495052075,6.142621292967,9.0106070376425));
#7734=CARTESIAN_POINT('',(10.5841407724947,6.14986244624877,9.01069306975639));
#7735=CARTESIAN_POINT('',(10.5707343989969,6.15924931860993,9.01110375080895));
#7736=CARTESIAN_POINT('',(10.5553721399178,6.17009497899323,9.01202396235516));
#7737=CARTESIAN_POINT('',(10.5401780928617,6.18091384652934,9.01339860246883));
#7738=CARTESIAN_POINT('',(10.5236142290703,6.1928135304626,9.0154282736213));
#7739=CARTESIAN_POINT('',(10.5041926223986,6.20692985759595,9.01858629897809));
#7740=CARTESIAN_POINT('',(10.4806607094005,6.22427978211854,9.02365929845262));
#7741=CARTESIAN_POINT('',(10.4563104819485,6.24238323600971,9.0302876182206));
#7742=CARTESIAN_POINT('',(10.4343327973726,6.25887766292615,9.03761208938105));
#7743=CARTESIAN_POINT('',(10.4175017569243,6.27161085846933,9.04410129600174));
#7744=CARTESIAN_POINT('',(10.4040962635771,6.2818319105505,9.04985672411992));
#7745=CARTESIAN_POINT('',(10.3912884725161,6.29164561319146,9.05581055586729));
#7746=CARTESIAN_POINT('',(10.3777186498344,6.3020930218784,9.0626690381897));
#7747=CARTESIAN_POINT('',(10.3634983351522,6.31309859704636,9.07052406105096));
#7748=CARTESIAN_POINT('',(10.3510909759807,6.32275282453575,9.0779757529075));
#7749=CARTESIAN_POINT('',(10.3403749438975,6.3311346859975,9.08487659088548));
#7750=CARTESIAN_POINT('',(10.3304542855371,6.3389322672892,9.09163911943413));
#7751=CARTESIAN_POINT('',(10.3193650947641,6.34770534163863,9.09969721303767));
#7752=CARTESIAN_POINT('',(10.3073453088891,6.35728250277085,9.10909480634494));
#7753=CARTESIAN_POINT('',(10.2960974648993,6.36631805944567,9.1185890081783));
#7754=CARTESIAN_POINT('',(10.2871097695313,6.3735918777058,9.12668438251821));
#7755=CARTESIAN_POINT('',(10.2800954533482,6.37930135149305,9.13330890885132));
#7756=CARTESIAN_POINT('',(10.2735372261389,6.384665612386,9.1397454889942));
#7757=CARTESIAN_POINT('',(10.266018780857,6.39085023300478,9.14744910721935));
#7758=CARTESIAN_POINT('',(10.2605817015157,6.39535579299977,9.15332572667006));
#7759=CARTESIAN_POINT('',(10.2576215136214,6.39781919372325,9.15662060384967));
#7760=CARTESIAN_POINT('',(10.2576215138239,10.,9.1566206036472));
#7761=CARTESIAN_POINT('',(10.96405750434,10.,9.12899187023338));
#7762=CARTESIAN_POINT('',(10.8952184073009,10.,9.08414010374063));
#7763=CARTESIAN_POINT('',(10.8226523831882,10.,9.05188798104721));
#7764=CARTESIAN_POINT('',(10.7025244089948,10.,9.0209439365357));
#7765=CARTESIAN_POINT('',(10.6564668321025,10.,9.01207266332589));
#7766=CARTESIAN_POINT('',(10.5749889116567,10.,9.00985400360667));
#7767=CARTESIAN_POINT('',(10.5377158170998,10.,9.01220610536589));
#7768=CARTESIAN_POINT('',(10.4700924504863,10.,9.02545305771127));
#7769=CARTESIAN_POINT('',(10.4378383650153,10.,9.03519582168493));
#7770=CARTESIAN_POINT('',(10.3792782983095,10.,9.06072466077008));
#7771=CARTESIAN_POINT('',(10.351349277224,10.,9.07653366225932));
#7772=CARTESIAN_POINT('',(10.3013493544697,10.,9.11275867922081));
#7773=CARTESIAN_POINT('',(10.2785222986199,10.,9.13335726117788));
#7774=CARTESIAN_POINT('',(10.2576215138239,10.,9.15662060364721));
#7775=CARTESIAN_POINT('',(10.2576215138239,6.39781919356386,9.1566206036472));
#7776=VECTOR('',#7777,1.);
#7777=DIRECTION('',(0.,1.,0.));
#7778=CARTESIAN_POINT('',(10.1786730915286,3.54278517019658,9.24430170947438));
#7779=CARTESIAN_POINT('',(10.2576215138239,3.60218080643632,9.15662060364721));
#7780=CARTESIAN_POINT('',(10.250131846005,3.59592704771641,9.16501083103683));
#7781=CARTESIAN_POINT('',(10.2339625425537,3.58282257563554,9.18307995041398));
#7782=CARTESIAN_POINT('',(10.2077023445116,3.56289013867943,9.21226903884978));
#7783=CARTESIAN_POINT('',(10.1887758804896,3.54959083739931,9.23317776732582));
#7784=CARTESIAN_POINT('',(10.1786730904491,3.54278516950438,9.24430171055392));
#7785=CARTESIAN_POINT('',(10.1786730915286,-5.6605022494301E-16,9.24430170947438));
#7786=CARTESIAN_POINT('',(10.1786730915286,-5.6605022494301E-16,9.24430170947438));
#7787=VECTOR('',#7788,1.);
#7788=DIRECTION('',(0.,1.,0.));
#7789=AXIS2_PLACEMENT_3D('',#7790,#7791,#7792);
#7790=CARTESIAN_POINT('',(0.,0.,0.));
#7791=DIRECTION('',(0.,-1.,-6.12323399573677E-17));
#7792=DIRECTION('',(0.746008837369013,-4.07768222300482E-17,0.665936043901615));
#7793=CARTESIAN_POINT('',(10.1786730915286,6.45721482980342,9.24430170947438));
#7794=CARTESIAN_POINT('',(10.1786730915283,6.45721482980364,9.24430170947472));
#7795=CARTESIAN_POINT('',(10.1865346119281,6.45191905926268,9.2356455760439));
#7796=CARTESIAN_POINT('',(10.2032671816897,6.44026988053091,9.21717419034675));
#7797=CARTESIAN_POINT('',(10.2296389362485,6.42060665517275,9.18790319273357));
#7798=CARTESIAN_POINT('',(10.2479909971865,6.40586041459616,9.16740908999152));
#7799=CARTESIAN_POINT('',(10.2576215138239,6.39781919356377,9.15662060364721));
#7800=CARTESIAN_POINT('',(10.1786730915286,10.,9.24430170947438));
#7801=AXIS2_PLACEMENT_3D('',#7802,#7803,#7804);
#7802=CARTESIAN_POINT('',(0.,10.,6.12323399573677E-16));
#7803=DIRECTION('',(0.,-1.,-6.12323399573677E-17));
#7804=DIRECTION('',(0.746008837369013,-4.07768222300482E-17,0.665936043901615));
#7805=CARTESIAN_POINT('',(10.1786730915286,6.45721482980342,9.24430170947438));
#7806=VECTOR('',#7807,1.);
#7807=DIRECTION('',(0.,1.,0.));
#7808=CARTESIAN_POINT('',(10.2250383796929,3.41188484696246,9.94975575876454));
#7809=CARTESIAN_POINT('',(10.1786730915286,3.54278517019658,9.24430170947437));
#7810=CARTESIAN_POINT('',(10.1760165351592,3.54098963052357,9.24724558871386));
#7811=CARTESIAN_POINT('',(10.170776759391,3.53743760014529,9.25320645755541));
#7812=CARTESIAN_POINT('',(10.1631357149003,3.53222121043689,9.26237897164904));
#7813=CARTESIAN_POINT('',(10.1557276420913,3.52712179000272,9.27177599328854));
#7814=CARTESIAN_POINT('',(10.1485471829615,3.52213099471874,9.28141564071838));
#7815=CARTESIAN_POINT('',(10.1415934094894,3.51724313642753,9.29131424746577));
#7816=CARTESIAN_POINT('',(10.1348792459809,3.51246213941488,9.30146939919801));
#7817=CARTESIAN_POINT('',(10.1284245611417,3.50779669185064,9.31186644431143));
#7818=CARTESIAN_POINT('',(10.1222421628499,3.50325256716523,9.32249128783237));
#7819=CARTESIAN_POINT('',(10.11634916159,3.49882952203254,9.33335469407947));
#7820=CARTESIAN_POINT('',(10.1107428127629,3.49452668668816,9.34444984774232));
#7821=CARTESIAN_POINT('',(10.1054236506829,3.49034349918434,9.35577192216955));
#7822=CARTESIAN_POINT('',(10.1004008671205,3.48628480383672,9.36730194003399));
#7823=CARTESIAN_POINT('',(10.095689258436,3.48235896491738,9.3790091907705));
#7824=CARTESIAN_POINT('',(10.0913059642148,3.47857508999206,9.3908573166124));
#7825=CARTESIAN_POINT('',(10.0872620377914,3.47493886215488,9.40281372212662));
#7826=CARTESIAN_POINT('',(10.0835702150035,3.47144694388069,9.41488465796432));
#7827=CARTESIAN_POINT('',(10.0798738561031,3.46772288564495,9.42843523285852));
#7828=CARTESIAN_POINT('',(10.0762995416187,3.46381298977881,9.4435232360683));
#7829=CARTESIAN_POINT('',(10.0730041430536,3.4597750481369,9.46017922415984));
#7830=CARTESIAN_POINT('',(10.0703063308457,3.45595898382097,9.47700377518232));
#7831=CARTESIAN_POINT('',(10.068028602022,3.45206067478121,9.49537809890528));
#7832=CARTESIAN_POINT('',(10.0662649062376,3.44787679484063,9.51667723035276));
#7833=CARTESIAN_POINT('',(10.065847850437,3.4450719906169,9.53248489588182));
#7834=CARTESIAN_POINT('',(10.0658535007296,3.44214296460549,9.54986494488602));
#7835=CARTESIAN_POINT('',(10.066303648864,3.43956626343935,9.56602867467981));
#7836=CARTESIAN_POINT('',(10.0679294155195,3.43639157831913,9.5879610802218));
#7837=CARTESIAN_POINT('',(10.070016829304,3.43383671333779,9.60703946944075));
#7838=CARTESIAN_POINT('',(10.0725424890041,3.43163743743247,9.62471058364901));
#7839=CARTESIAN_POINT('',(10.0758546197814,3.42962391251176,9.64237377802206));
#7840=CARTESIAN_POINT('',(10.0794945502927,3.42792366923788,9.6585443499089));
#7841=CARTESIAN_POINT('',(10.0832455451243,3.42648423267971,9.67321085240662));
#7842=CARTESIAN_POINT('',(10.0873760823356,3.42511769221353,9.68795970126416));
#7843=CARTESIAN_POINT('',(10.0923602330737,3.4237079592716,9.70421496984011));
#7844=CARTESIAN_POINT('',(10.0982684459092,3.42228025855173,9.7219090742868));
#7845=CARTESIAN_POINT('',(10.1040187606362,3.42106873628312,9.73798039107507));
#7846=CARTESIAN_POINT('',(10.1094649504735,3.42003727254086,9.75245371258018));
#7847=CARTESIAN_POINT('',(10.1146105661896,3.41917539720055,9.76531624402965));
#7848=CARTESIAN_POINT('',(10.119991788781,3.41837215708881,9.77804994384524));
#7849=CARTESIAN_POINT('',(10.1257465418266,3.41760731952346,9.7909574104362));
#7850=CARTESIAN_POINT('',(10.1320536012288,3.41686364547755,9.80437087304344));
#7851=CARTESIAN_POINT('',(10.1398254394972,3.41605815208438,9.82001361067614));
#7852=CARTESIAN_POINT('',(10.1497015860413,3.41518553313357,9.83864514441067));
#7853=CARTESIAN_POINT('',(10.1613855677862,3.41434401136338,9.85903768997326));
#7854=CARTESIAN_POINT('',(10.1726907654031,3.41368812289248,9.87732499324305));
#7855=CARTESIAN_POINT('',(10.1814062882815,3.41326528194037,9.89063186957472));
#7856=CARTESIAN_POINT('',(10.1876368365345,3.41299667101302,9.89981292013089));
#7857=CARTESIAN_POINT('',(10.1925362632623,3.4128031746696,9.9068548407391));
#7858=CARTESIAN_POINT('',(10.1973060731899,3.41263040591281,9.91355150402915));
#7859=CARTESIAN_POINT('',(10.2019166468435,3.4124770027028,9.91988408134559));
#7860=CARTESIAN_POINT('',(10.2064630222959,3.41233800386476,9.92599995949123));
#7861=CARTESIAN_POINT('',(10.2109910835937,3.41221098227337,9.93197007516592));
#7862=CARTESIAN_POINT('',(10.2155784390253,3.412093306676,9.93790015289731));
#7863=CARTESIAN_POINT('',(10.22025395475,3.41198412755282,9.94382733743581));
#7864=CARTESIAN_POINT('',(10.2234281897898,3.41191710027929,9.94777343835399));
#7865=CARTESIAN_POINT('',(10.2250383796929,3.41188484696246,9.94975575876454));
#7866=CARTESIAN_POINT('',(10.2250383796929,-6.09246827113447E-16,9.94975575876454));
#7867=CARTESIAN_POINT('',(10.2250383796929,-6.09246827113447E-16,9.94975575876454));
#7868=VECTOR('',#7869,1.);
#7869=DIRECTION('',(0.,1.,0.));
#7870=CARTESIAN_POINT('',(10.1786730915286,-5.6605022494301E-16,9.24430170947438));
#7871=CARTESIAN_POINT('',(10.1577219149993,-5.67471915547541E-16,9.26751967902317));
#7872=CARTESIAN_POINT('',(10.1396222512983,-5.68993854233839E-16,9.29237482398998));
#7873=CARTESIAN_POINT('',(10.108822093859,-5.7227055370186E-16,9.34588738729072));
#7874=CARTESIAN_POINT('',(10.0960190733887,-5.74072530452107E-16,9.3753159009079));
#7875=CARTESIAN_POINT('',(10.0767512777368,-5.77802055048157E-16,9.43622365975962));
#7876=CARTESIAN_POINT('',(10.070433355632,-5.79828587734772E-16,9.4693194501218));
#7877=CARTESIAN_POINT('',(10.0643275380707,-5.84031428733111E-16,9.53795705242909));
#7878=CARTESIAN_POINT('',(10.0658844206663,-5.86316299429097E-16,9.57527182265634));
#7879=CARTESIAN_POINT('',(10.0766076881499,-5.91263851848971E-16,9.65607148543779));
#7880=CARTESIAN_POINT('',(10.0902446913312,-5.9401183484895E-16,9.70094945354896));
#7881=CARTESIAN_POINT('',(10.133576013667,-6.01129198366056E-16,9.81718482071052));
#7882=CARTESIAN_POINT('',(10.1732366708437,-6.05341814048783E-16,9.88598205572816));
#7883=CARTESIAN_POINT('',(10.2250383796929,-6.09246827113447E-16,9.94975575876454));
#7884=CARTESIAN_POINT('',(10.2250383796929,6.58811515303754,9.94975575876454));
#7885=CARTESIAN_POINT('',(10.1786730915286,6.45721482980342,9.24430170947438));
#7886=CARTESIAN_POINT('',(10.1758480517873,6.45912424482905,9.24743224754382));
#7887=CARTESIAN_POINT('',(10.1699794451629,6.46310331183334,9.25411963015367));
#7888=CARTESIAN_POINT('',(10.1610145300162,6.46923047554528,9.26497077786074));
#7889=CARTESIAN_POINT('',(10.150400552606,6.47656230138884,9.27873026387676));
#7890=CARTESIAN_POINT('',(10.1376369236715,6.4855291793152,9.29686636682227));
#7891=CARTESIAN_POINT('',(10.1238815342359,6.49547266469597,9.31909766598823));
#7892=CARTESIAN_POINT('',(10.1120009175493,6.50445327813259,9.34153086196194));
#7893=CARTESIAN_POINT('',(10.1029325817979,6.51163075549822,9.36119588483258));
#7894=CARTESIAN_POINT('',(10.0954168176119,6.51784110939602,9.37948710888094));
#7895=CARTESIAN_POINT('',(10.0880334820552,6.52427964761449,9.39993337033691));
#7896=CARTESIAN_POINT('',(10.081352985275,6.53066247099116,9.42221748777686));
#7897=CARTESIAN_POINT('',(10.0762692162878,6.53619499963298,9.44349123064791));
#7898=CARTESIAN_POINT('',(10.0729302304427,6.54033909236232,9.46070079618542));
#7899=CARTESIAN_POINT('',(10.0706157809722,6.54361381040792,9.47513907539745));
#7900=CARTESIAN_POINT('',(10.0688323861626,6.54652683497819,9.48866465915145));
#7901=CARTESIAN_POINT('',(10.0673286606229,6.54949627965647,9.5032177888426));
#7902=CARTESIAN_POINT('',(10.0661439453875,6.55285770733081,9.52079137012353));
#7903=CARTESIAN_POINT('',(10.0658396499308,6.55519065847727,9.53402628035475));
#7904=CARTESIAN_POINT('',(10.0658630484238,6.55783562155786,9.54975671063671));
#7905=CARTESIAN_POINT('',(10.0663090996915,6.56042727334013,9.56599899911091));
#7906=CARTESIAN_POINT('',(10.0678576114066,6.56350672020162,9.5872242646404));
#7907=CARTESIAN_POINT('',(10.0698514651599,6.56595751595941,9.60550329938537));
#7908=CARTESIAN_POINT('',(10.0718955909529,6.56783365087072,9.62040363192272));
#7909=CARTESIAN_POINT('',(10.0743153448573,6.56947017112152,9.63435145965455));
#7910=CARTESIAN_POINT('',(10.0770601500725,6.5709568309428,9.64784255356596));
#7911=CARTESIAN_POINT('',(10.0801855739473,6.57235178795878,9.66131178662806));
#7912=CARTESIAN_POINT('',(10.0836658718298,6.57366510087867,9.67477778125276));
#7913=CARTESIAN_POINT('',(10.0874819481879,6.57490516468085,9.68825939534612));
#7914=CARTESIAN_POINT('',(10.0916221657683,6.57608097396161,9.70179271232435));
#7915=CARTESIAN_POINT('',(10.0960506510874,6.57719420028487,9.71533478339934));
#7916=CARTESIAN_POINT('',(10.1007310013213,6.5782464512502,9.72884108563509));
#7917=CARTESIAN_POINT('',(10.1056065279434,6.57924135031191,9.74226411740584));
#7918=CARTESIAN_POINT('',(10.1107129151265,6.58018266361773,9.75565243732263));
#7919=CARTESIAN_POINT('',(10.1161433656866,6.58106453989459,9.7690258368316));
#7920=CARTESIAN_POINT('',(10.1219129384834,6.5818949605288,9.78244888432825));
#7921=CARTESIAN_POINT('',(10.1280180072238,6.58267151253284,9.79587468574116));
#7922=CARTESIAN_POINT('',(10.1351780069298,6.58347591391037,9.81078674036504));
#7923=CARTESIAN_POINT('',(10.1442631908881,6.58435699707685,9.82857955661006));
#7924=CARTESIAN_POINT('',(10.1555804279298,6.58526228007166,9.84912263968179));
#7925=CARTESIAN_POINT('',(10.167672528304,6.58603858415572,9.86937498968757));
#7926=CARTESIAN_POINT('',(10.1786192284256,6.58661023338296,9.88648126315605));
#7927=CARTESIAN_POINT('',(10.1880675158503,6.58702694214822,9.90049826797708));
#7928=CARTESIAN_POINT('',(10.1967696460972,6.58735674232524,9.91286623050349));
#7929=CARTESIAN_POINT('',(10.2057383037716,6.58764652617868,9.92509586569027));
#7930=CARTESIAN_POINT('',(10.2151416909358,6.58790199125361,9.93740601803374));
#7931=CARTESIAN_POINT('',(10.221667301491,6.58804761684787,9.94560563881069));
#7932=CARTESIAN_POINT('',(10.2250383796929,6.58811515303753,9.94975575876454));
#7933=CARTESIAN_POINT('',(10.2250383796929,10.,9.94975575876454));
#7934=CARTESIAN_POINT('',(10.1786730915286,10.,9.24430170947438));
#7935=CARTESIAN_POINT('',(10.1577219149993,10.,9.26751967902317));
#7936=CARTESIAN_POINT('',(10.1396222512983,10.,9.29237482398998));
#7937=CARTESIAN_POINT('',(10.108822093859,10.,9.34588738729072));
#7938=CARTESIAN_POINT('',(10.0960190733887,10.,9.3753159009079));
#7939=CARTESIAN_POINT('',(10.0767512777368,10.,9.43622365975962));
#7940=CARTESIAN_POINT('',(10.070433355632,10.,9.4693194501218));
#7941=CARTESIAN_POINT('',(10.0643275380707,10.,9.53795705242909));
#7942=CARTESIAN_POINT('',(10.0658844206663,10.,9.57527182265634));
#7943=CARTESIAN_POINT('',(10.0766076881499,10.,9.65607148543779));
#7944=CARTESIAN_POINT('',(10.0902446913312,10.,9.70094945354896));
#7945=CARTESIAN_POINT('',(10.133576013667,10.,9.81718482071052));
#7946=CARTESIAN_POINT('',(10.1732366708437,10.,9.88598205572816));
#7947=CARTESIAN_POINT('',(10.2250383796929,10.,9.94975575876454));
#7948=CARTESIAN_POINT('',(10.2250383796929,6.58811515303754,9.94975575876454));
#7949=VECTOR('',#7950,1.);
#7950=DIRECTION('',(0.,1.,0.));
#7951=CARTESIAN_POINT('',(10.9772205166341,3.4702786015138,11.6404737759761));
#7952=CARTESIAN_POINT('',(10.2250383796929,3.41188484696246,9.94975575876454));
#7953=CARTESIAN_POINT('',(10.2321052274421,3.41165844472996,9.95943505874058));
#7954=CARTESIAN_POINT('',(10.2460350684336,3.41120098137389,9.97871771646558));
#7955=CARTESIAN_POINT('',(10.2665145347582,3.41049903319649,10.0076734928101));
#7956=CARTESIAN_POINT('',(10.2865255730426,3.4097876974756,10.0365704347767));
#7957=CARTESIAN_POINT('',(10.3061972390167,3.40906681592236,10.065585195751));
#7958=CARTESIAN_POINT('',(10.3257790311239,3.40833126454564,10.0950920392612));
#7959=CARTESIAN_POINT('',(10.3454127909855,3.40757956925447,10.1253330861619));
#7960=CARTESIAN_POINT('',(10.3651987641775,3.40681193894404,10.1565118274779));
#7961=CARTESIAN_POINT('',(10.3849516684803,3.40604158289457,10.188367489894));
#7962=CARTESIAN_POINT('',(10.4046663252148,3.40527179759911,10.2209731641457));
#7963=CARTESIAN_POINT('',(10.4242765567838,3.40450534945135,10.2543879493469));
#7964=CARTESIAN_POINT('',(10.4440910928607,3.40374644183349,10.2890794206048));
#7965=CARTESIAN_POINT('',(10.4640785594087,3.40301054933633,10.3250074657347));
#7966=CARTESIAN_POINT('',(10.4844413815686,3.40230768808439,10.3625267845732));
#7967=CARTESIAN_POINT('',(10.5051319422302,3.40165878105651,10.4015398955876));
#7968=CARTESIAN_POINT('',(10.5263072343643,3.40108120140431,10.4423258335297));
#7969=CARTESIAN_POINT('',(10.5477224098246,3.40060419833846,10.4843434839612));
#7970=CARTESIAN_POINT('',(10.5691368964763,3.40024266633498,10.5276577469622));
#7971=CARTESIAN_POINT('',(10.5887732931355,3.40004155107744,10.5684776671785));
#7972=CARTESIAN_POINT('',(10.602878147279,3.39999450191707,10.5985033816669));
#7973=CARTESIAN_POINT('',(10.6171603660857,3.40000901439798,10.6292979381515));
#7974=CARTESIAN_POINT('',(10.6331401311045,3.40011655829739,10.6643051834797));
#7975=CARTESIAN_POINT('',(10.6544250647817,3.4004818007136,10.7120869022718));
#7976=CARTESIAN_POINT('',(10.6755782752415,3.40108943445401,10.7606091426218));
#7977=CARTESIAN_POINT('',(10.6964166554438,3.40196853548337,10.8098603161629));
#7978=CARTESIAN_POINT('',(10.7168470710148,3.40313800823652,10.8595259986671));
#7979=CARTESIAN_POINT('',(10.7368101595568,3.40461288880239,10.9093950558717));
#7980=CARTESIAN_POINT('',(10.7562734520805,3.40640330875793,10.9592882581382));
#7981=CARTESIAN_POINT('',(10.7752262791065,3.40851655094338,11.0090738785283));
#7982=CARTESIAN_POINT('',(10.7937057101564,3.41096144794254,11.0587457329758));
#7983=CARTESIAN_POINT('',(10.8115921067555,3.41375499069536,11.1082343237177));
#7984=CARTESIAN_POINT('',(10.8289411315769,3.41690594669662,11.1575396447892));
#7985=CARTESIAN_POINT('',(10.8475994628405,3.42080325937479,11.2119679388235));
#7986=CARTESIAN_POINT('',(10.8674493031151,3.42562449758136,11.2716022929575));
#7987=CARTESIAN_POINT('',(10.8883717931858,3.43157560466219,11.3364422453925));
#7988=CARTESIAN_POINT('',(10.9068627361711,3.4376905892798,11.3956549869103));
#7989=CARTESIAN_POINT('',(10.9230960808377,3.443793820056,11.4492563057395));
#7990=CARTESIAN_POINT('',(10.9372478626784,3.44970489645121,11.497229870097));
#7991=CARTESIAN_POINT('',(10.950990226365,3.45606464341611,11.5450834874915));
#7992=CARTESIAN_POINT('',(10.9643254192567,3.46288494523232,11.5928041320456));
#7993=CARTESIAN_POINT('',(10.9729660181205,3.4677590835638,11.6245970436682));
#7994=CARTESIAN_POINT('',(10.9772205166341,3.47027860151388,11.6404737759761));
#7995=CARTESIAN_POINT('',(10.9772205166341,-7.12773447515392E-16,11.6404737759761));
#7996=CARTESIAN_POINT('',(10.9772205166341,-7.12773447515393E-16,11.6404737759761));
#7997=VECTOR('',#7998,1.);
#7998=DIRECTION('',(0.,1.,0.));
#7999=CARTESIAN_POINT('',(10.2250383796929,-6.09246827113447E-16,9.94975575876454));
#8000=CARTESIAN_POINT('',(10.2832088647303,-6.14125504653029E-16,10.0294306093905));
#8001=CARTESIAN_POINT('',(10.3378738673629,-6.19134875787036E-16,10.111239848389));
#8002=CARTESIAN_POINT('',(10.4412285848822,-6.29519061089626E-16,10.2808264640535));
#8003=CARTESIAN_POINT('',(10.4890430701848,-6.3494411988065E-16,10.3694243976749));
#8004=CARTESIAN_POINT('',(10.5812014170258,-6.45994588523901E-16,10.5498922460528));
#8005=CARTESIAN_POINT('',(10.6242916768306,-6.51693252140333E-16,10.6429584855661));
#8006=CARTESIAN_POINT('',(10.7068171432969,-6.63292094956861E-16,10.8323819638229));
#8007=CARTESIAN_POINT('',(10.745465334604,-6.69236523258672E-16,10.9294618452377));
#8008=CARTESIAN_POINT('',(10.819108129855,-6.81316994850359E-16,11.126750918301));
#8009=CARTESIAN_POINT('',(10.8535169929737,-6.87484597894422E-16,11.2274755198491));
#8010=CARTESIAN_POINT('',(10.9186973635138,-7.00000662825212E-16,11.4318783719939));
#8011=CARTESIAN_POINT('',(10.9491684035114,-7.06363456764423E-16,11.5357906827703));
#8012=CARTESIAN_POINT('',(10.9772205166341,-7.12773447515393E-16,11.6404737759761));
#8013=CARTESIAN_POINT('',(10.9772205166341,6.52972139956473,11.6404737759761));
#8014=CARTESIAN_POINT('',(10.2250383796929,6.58811515303753,9.94975575876454));
#8015=CARTESIAN_POINT('',(10.2321052274421,6.58834155527004,9.95943505874058));
#8016=CARTESIAN_POINT('',(10.2460350684336,6.58879901862611,9.97871771646559));
#8017=CARTESIAN_POINT('',(10.2665145347582,6.58950096680351,10.0076734928101));
#8018=CARTESIAN_POINT('',(10.2865255730426,6.59021230252439,10.0365704347767));
#8019=CARTESIAN_POINT('',(10.3061972390167,6.59093318407764,10.065585195751));
#8020=CARTESIAN_POINT('',(10.3257790311239,6.59166873545436,10.0950920392612));
#8021=CARTESIAN_POINT('',(10.3454127909855,6.59242043074553,10.125333086162));
#8022=CARTESIAN_POINT('',(10.3651987641775,6.59318806105596,10.156511827478));
#8023=CARTESIAN_POINT('',(10.3849516684803,6.59395841710543,10.188367489894));
#8024=CARTESIAN_POINT('',(10.4046663252148,6.59472820240089,10.2209731641457));
#8025=CARTESIAN_POINT('',(10.4242765567838,6.59549465054865,10.2543879493469));
#8026=CARTESIAN_POINT('',(10.4440910928607,6.59625355816652,10.2890794206048));
#8027=CARTESIAN_POINT('',(10.4640785594087,6.59698945066367,10.3250074657348));
#8028=CARTESIAN_POINT('',(10.4844413815686,6.59769231191561,10.3625267845733));
#8029=CARTESIAN_POINT('',(10.5051319422302,6.59834121894349,10.4015398955877));
#8030=CARTESIAN_POINT('',(10.5263072343643,6.59891879859569,10.4423258335298));
#8031=CARTESIAN_POINT('',(10.5477224098246,6.59939580166154,10.4843434839612));
#8032=CARTESIAN_POINT('',(10.5691368964764,6.59975733366502,10.5276577469623));
#8033=CARTESIAN_POINT('',(10.5887732931355,6.59995844892256,10.5684776671785));
#8034=CARTESIAN_POINT('',(10.602878147279,6.60000549808294,10.598503381667));
#8035=CARTESIAN_POINT('',(10.6171603660857,6.59999098560202,10.6292979381516));
#8036=CARTESIAN_POINT('',(10.6331401311045,6.59988344170261,10.6643051834798));
#8037=CARTESIAN_POINT('',(10.6544250647817,6.5995181992864,10.7120869022719));
#8038=CARTESIAN_POINT('',(10.6755782752416,6.59891056554599,10.7606091426219));
#8039=CARTESIAN_POINT('',(10.6964166554438,6.59803146451663,10.8098603161628));
#8040=CARTESIAN_POINT('',(10.7168470710147,6.59686199176349,10.8595259986669));
#8041=CARTESIAN_POINT('',(10.7368101595565,6.59538711119763,10.909395055871));
#8042=CARTESIAN_POINT('',(10.7562734520801,6.59359669124212,10.9592882581371));
#8043=CARTESIAN_POINT('',(10.7752262791059,6.5914834490567,11.0090738785266));
#8044=CARTESIAN_POINT('',(10.7937057101556,6.58903855205757,11.0587457329736));
#8045=CARTESIAN_POINT('',(10.8115921067547,6.58624500930477,11.1082343237156));
#8046=CARTESIAN_POINT('',(10.8289411315765,6.58309405330347,11.1575396447879));
#8047=CARTESIAN_POINT('',(10.8475994628413,6.57919674062507,11.2119679388256));
#8048=CARTESIAN_POINT('',(10.8674493031177,6.57437550241795,11.2716022929652));
#8049=CARTESIAN_POINT('',(10.8883717931906,6.5684243953366,11.3364422454074));
#8050=CARTESIAN_POINT('',(10.9068627361785,6.56230941071696,11.3956549869341));
#8051=CARTESIAN_POINT('',(10.9230960808474,6.55620617994203,11.449256305772));
#8052=CARTESIAN_POINT('',(10.9372478626887,6.55029510353729,11.4972298701323));
#8053=CARTESIAN_POINT('',(10.9509902263751,6.54393535660489,11.5450834875272));
#8054=CARTESIAN_POINT('',(10.9643254192516,6.53711505467354,11.5928041320275));
#8055=CARTESIAN_POINT('',(10.9729660181163,6.53224091664618,11.6245970436533));
#8056=CARTESIAN_POINT('',(10.9772205166341,6.52972139902539,11.6404737759761));
#8057=CARTESIAN_POINT('',(10.9772205166341,10.,11.6404737759761));
#8058=CARTESIAN_POINT('',(10.2250383796929,10.,9.94975575876454));
#8059=CARTESIAN_POINT('',(10.2832088647303,10.,10.0294306093905));
#8060=CARTESIAN_POINT('',(10.3378738673629,10.,10.111239848389));
#8061=CARTESIAN_POINT('',(10.4412285848822,10.,10.2808264640535));
#8062=CARTESIAN_POINT('',(10.4890430701848,10.,10.3694243976749));
#8063=CARTESIAN_POINT('',(10.5812014170258,10.,10.5498922460528));
#8064=CARTESIAN_POINT('',(10.6242916768306,10.,10.6429584855661));
#8065=CARTESIAN_POINT('',(10.7068171432969,10.,10.8323819638229));
#8066=CARTESIAN_POINT('',(10.745465334604,10.,10.9294618452377));
#8067=CARTESIAN_POINT('',(10.819108129855,10.,11.126750918301));
#8068=CARTESIAN_POINT('',(10.8535169929737,10.,11.2274755198491));
#8069=CARTESIAN_POINT('',(10.9186973635138,10.,11.4318783719939));
#8070=CARTESIAN_POINT('',(10.9491684035114,10.,11.5357906827703));
#8071=CARTESIAN_POINT('',(10.9772205166341,10.,11.6404737759761));
#8072=CARTESIAN_POINT('',(10.9772205166341,6.52972139956473,11.6404737759761));
#8073=VECTOR('',#8074,1.);
#8074=DIRECTION('',(0.,1.,0.));
#8075=CARTESIAN_POINT('',(10.4292740512792,3.94775689657101,12.1338469894471));
#8076=CARTESIAN_POINT('',(10.4292740513514,3.94775689645475,12.1338469893749));
#8077=CARTESIAN_POINT('',(10.4404824866071,3.93087296730359,12.1242132253578));
#8078=CARTESIAN_POINT('',(10.4670411658597,3.8924821020473,12.1013228575692));
#8079=CARTESIAN_POINT('',(10.5132414995842,3.83170975693416,12.0612340975605));
#8080=CARTESIAN_POINT('',(10.5698996916629,3.76531288381802,12.0116383473913));
#8081=CARTESIAN_POINT('',(10.6326631917048,3.70074719373557,11.9561288249673));
#8082=CARTESIAN_POINT('',(10.6990514168226,3.64115759002759,11.8967633151945));
#8083=CARTESIAN_POINT('',(10.7669381074844,3.58826985337966,11.8353694847547));
#8084=CARTESIAN_POINT('',(10.8366482627205,3.54171320472956,11.7715798511609));
#8085=CARTESIAN_POINT('',(10.9067745182462,3.50213933698401,11.7066353670323));
#8086=CARTESIAN_POINT('',(10.9538292749202,3.48012959352212,11.6625331034937));
#8087=CARTESIAN_POINT('',(10.9772205166341,3.47027860151387,11.6404737759761));
#8088=CARTESIAN_POINT('',(10.4292740511145,-7.42983843857172E-16,12.1338469895886));
#8089=CARTESIAN_POINT('',(10.4292740514439,-7.4298384383984E-16,12.1338469893056));
#8090=VECTOR('',#8091,1.);
#8091=DIRECTION('',(0.,1.,0.));
#8092=AXIS2_PLACEMENT_3D('',#8093,#8094,#8095);
#8093=CARTESIAN_POINT('',(0.,0.,0.));
#8094=DIRECTION('',(0.,1.,6.12323399573677E-17));
#8095=DIRECTION('',(0.651829628194658,-4.64364902410733E-17,0.758365436849289));
#8096=CARTESIAN_POINT('',(10.4292740512792,6.05224310342758,12.1338469894471));
#8097=CARTESIAN_POINT('',(10.977220516741,6.52972139907173,11.6404737758692));
#8098=CARTESIAN_POINT('',(10.9650822191852,6.52460858550004,11.6519205279015));
#8099=CARTESIAN_POINT('',(10.9396404179386,6.51328035542999,11.6758371166231));
#8100=CARTESIAN_POINT('',(10.8999580777076,6.49358038142556,11.7128979257019));
#8101=CARTESIAN_POINT('',(10.8488902989684,6.46529722175927,11.7602553826357));
#8102=CARTESIAN_POINT('',(10.7767712613803,6.4194363683977,11.8264874451809));
#8103=CARTESIAN_POINT('',(10.6831109897097,6.34722147661588,11.9112419093613));
#8104=CARTESIAN_POINT('',(10.5841023134673,6.25213710221819,11.9992651205267));
#8105=CARTESIAN_POINT('',(10.4985252219172,6.15122907937112,12.0741172646781));
#8106=CARTESIAN_POINT('',(10.4498427252273,6.08323131365876,12.1161684841794));
#8107=CARTESIAN_POINT('',(10.4292740512792,6.05224310342761,12.1338469894471));
#8108=CARTESIAN_POINT('',(10.4292740511145,10.,12.1338469895886));
#8109=AXIS2_PLACEMENT_3D('',#8110,#8111,#8112);
#8110=CARTESIAN_POINT('',(0.,10.,6.12323399573677E-16));
#8111=DIRECTION('',(0.,1.,6.12323399573677E-17));
#8112=DIRECTION('',(0.651829628194658,-4.64364902410733E-17,0.758365436849289));
#8113=CARTESIAN_POINT('',(10.4292740514439,6.05224310342758,12.1338469893056));
#8114=VECTOR('',#8115,1.);
#8115=DIRECTION('',(0.,1.,0.));
#8116=CARTESIAN_POINT('',(9.32053429407367,5.,11.5832759938706));
#8117=CARTESIAN_POINT('',(10.4292740511148,3.94775689657132,12.1338469895884));
#8118=CARTESIAN_POINT('',(10.4030140098782,3.9608618794099,12.1237673855163));
#8119=CARTESIAN_POINT('',(10.3512391919667,3.98725598003278,12.1035294604915));
#8120=CARTESIAN_POINT('',(10.2747352763666,4.02799161742056,12.0725584877992));
#8121=CARTESIAN_POINT('',(10.20119821897,4.0688875006609,12.0417815311905));
#8122=CARTESIAN_POINT('',(10.1304984089945,4.10993042721985,12.0112357847114));
#8123=CARTESIAN_POINT('',(10.0631414007697,4.15082111279697,11.9813036705411));
#8124=CARTESIAN_POINT('',(9.99880956226482,4.19169382944204,11.9519499415585));
#8125=CARTESIAN_POINT('',(9.93789777657921,4.23213444227054,11.9233885930491));
#8126=CARTESIAN_POINT('',(9.87958589604176,4.27259076255696,11.8953032483111));
#8127=CARTESIAN_POINT('',(9.82432659161884,4.31260746631487,11.8679255778625));
#8128=CARTESIAN_POINT('',(9.77209799242428,4.35234818731545,11.8414758058002));
#8129=CARTESIAN_POINT('',(9.7239641963636,4.39085623583175,11.816572697419));
#8130=CARTESIAN_POINT('',(9.6793766529543,4.42834794012063,11.7930128137253));
#8131=CARTESIAN_POINT('',(9.63886357271687,4.4641655328451,11.7711624237732));
#8132=CARTESIAN_POINT('',(9.60188145738247,4.49856717070095,11.7508227088773));
#8133=CARTESIAN_POINT('',(9.56889355827959,4.53083647248568,11.7323378589606));
#8134=CARTESIAN_POINT('',(9.53880601634027,4.56185691605259,11.7152070980118));
#8135=CARTESIAN_POINT('',(9.51170814358632,4.5915138008068,11.6996048811432));
#8136=CARTESIAN_POINT('',(9.48714512884715,4.62007623229061,11.6852932661022));
#8137=CARTESIAN_POINT('',(9.46568430899816,4.64662366221548,11.6726532829872));
#8138=CARTESIAN_POINT('',(9.44669004198146,4.67162508308015,11.6613547585953));
#8139=CARTESIAN_POINT('',(9.43020721065984,4.69472893882944,11.6514613774531));
#8140=CARTESIAN_POINT('',(9.41568809700527,4.71643058736461,11.642675120674));
#8141=CARTESIAN_POINT('',(9.40197599162706,4.73828434273697,11.6343169419344));
#8142=CARTESIAN_POINT('',(9.38878616302375,4.76094044753773,11.6262167564605));
#8143=CARTESIAN_POINT('',(9.37619147633637,4.784631535379,11.6184230458656));
#8144=CARTESIAN_POINT('',(9.36620898082924,4.80536917096799,11.6122033333516));
#8145=CARTESIAN_POINT('',(9.35840911027799,4.82313905790935,11.607318673096));
#8146=CARTESIAN_POINT('',(9.35234656811168,4.83810258685387,11.6035075471013));
#8147=CARTESIAN_POINT('',(9.34680520949049,4.85301502693247,11.6000119582706));
#8148=CARTESIAN_POINT('',(9.34123896379519,4.86951907398463,11.5964893047364));
#8149=CARTESIAN_POINT('',(9.33552376523359,4.88877851234806,11.5928597895527));
#8150=CARTESIAN_POINT('',(9.33027699267457,4.91008843915956,11.5895154739169));
#8151=CARTESIAN_POINT('',(9.32647721991984,4.92977060504354,11.5870862120667));
#8152=CARTESIAN_POINT('',(9.32408349083562,4.94579541669246,11.5855530855322));
#8153=CARTESIAN_POINT('',(9.32258713479534,4.95864213634061,11.5845936567456));
#8154=CARTESIAN_POINT('',(9.32157198505159,4.97027639370438,11.5839422702132));
#8155=CARTESIAN_POINT('',(9.32098376076903,4.98020623256339,11.5835646304726));
#8156=CARTESIAN_POINT('',(9.32068548511221,4.9883009610903,11.5833730928182));
#8157=CARTESIAN_POINT('',(9.3205590156854,4.99444409447137,11.583291871606));
#8158=CARTESIAN_POINT('',(9.32053428911172,4.99824629580373,11.5832759900909));
#8159=CARTESIAN_POINT('',(9.32053429408069,4.99999999999998,11.5832759938611));
#8160=CARTESIAN_POINT('',(9.32053429408069,4.99999999999998,11.5832759938611));
#8161=CARTESIAN_POINT('',(9.32053428204471,5.00320087207598,11.5832759812675));
#8162=CARTESIAN_POINT('',(9.32061113842615,5.00965799140931,11.5833253507184));
#8163=CARTESIAN_POINT('',(9.3209587668158,5.01938203807322,11.5835485857518));
#8164=CARTESIAN_POINT('',(9.32154946336679,5.02923878621367,11.583927804181));
#8165=CARTESIAN_POINT('',(9.32238666758705,5.03916381988056,11.5844650321355));
#8166=CARTESIAN_POINT('',(9.32346691440834,5.04909081176718,11.5851577962842));
#8167=CARTESIAN_POINT('',(9.32477626263169,5.05892967407347,11.5859968461875));
#8168=CARTESIAN_POINT('',(9.32629916213702,5.06863216081294,11.5869718666986));
#8169=CARTESIAN_POINT('',(9.32802406081236,5.07819719882738,11.5880750844382));
#8170=CARTESIAN_POINT('',(9.32996047442886,5.08772270005888,11.5893121662828));
#8171=CARTESIAN_POINT('',(9.33213237768433,5.0973251010299,11.590697917266));
#8172=CARTESIAN_POINT('',(9.33457913912034,5.10713908300998,11.5922568002608));
#8173=CARTESIAN_POINT('',(9.33731004784873,5.1171465454331,11.5939939238741));
#8174=CARTESIAN_POINT('',(9.34033956125337,5.12735516192641,11.5959175532743));
#8175=CARTESIAN_POINT('',(9.34365370538116,5.13768675444567,11.5980178114792));
#8176=CARTESIAN_POINT('',(9.34726184470276,5.14814753863841,11.6002995352499));
#8177=CARTESIAN_POINT('',(9.35113675972312,5.15864687743271,11.6027443760241));
#8178=CARTESIAN_POINT('',(9.3552902611724,5.16921536970121,11.6053586385582));
#8179=CARTESIAN_POINT('',(9.35972774525026,5.17986086775042,11.6081444718017));
#8180=CARTESIAN_POINT('',(9.36450344825082,5.19069594070422,11.6111344306786));
#8181=CARTESIAN_POINT('',(9.3696042929536,5.20166860317744,11.6143186323687));
#8182=CARTESIAN_POINT('',(9.37507295993738,5.21285157394709,11.6177218996006));
#8183=CARTESIAN_POINT('',(9.38090388182323,5.22421140039215,11.6213387516275));
#8184=CARTESIAN_POINT('',(9.38789481081106,5.23720997164321,11.6256601016561));
#8185=CARTESIAN_POINT('',(9.39650431551356,5.25239621018585,11.6309591754411));
#8186=CARTESIAN_POINT('',(9.4072777128446,5.27029043960627,11.6375536017911));
#8187=CARTESIAN_POINT('',(9.42057681589589,5.29105406782267,11.6456419471584));
#8188=CARTESIAN_POINT('',(9.43636278102187,5.31410474534618,11.6551679394556));
#8189=CARTESIAN_POINT('',(9.45454517968407,5.33891249385498,11.6660408047901));
#8190=CARTESIAN_POINT('',(9.47379801431331,5.36356989391971,11.6774446909983));
#8191=CARTESIAN_POINT('',(9.49375859501849,5.38770499985012,11.6891550203544));
#8192=CARTESIAN_POINT('',(9.51402940032803,5.4109810978868,11.7009368141357));
#8193=CARTESIAN_POINT('',(9.5342544646207,5.43313427419434,11.7125853704171));
#8194=CARTESIAN_POINT('',(9.55545709859096,5.45539692060399,11.7246925964561));
#8195=CARTESIAN_POINT('',(9.58429786710174,5.48445292819142,11.7410177744589));
#8196=CARTESIAN_POINT('',(9.62344612529814,5.52188937470308,11.7627698273182));
#8197=CARTESIAN_POINT('',(9.67423387844869,5.56740377383426,11.7903138321454));
#8198=CARTESIAN_POINT('',(9.72534620919584,5.61034323190015,11.8173134749809));
#8199=CARTESIAN_POINT('',(9.77402476836003,5.64907225958416,11.8424401956941));
#8200=CARTESIAN_POINT('',(9.81654058249342,5.68146495123114,11.8639762968521));
#8201=CARTESIAN_POINT('',(9.8567172643343,5.71089886374369,11.8840025183635));
#8202=CARTESIAN_POINT('',(9.89423202301818,5.73756750536478,11.9023507843543));
#8203=CARTESIAN_POINT('',(9.930639626539,5.76273919048493,11.919854454148));
#8204=CARTESIAN_POINT('',(9.96717137656702,5.78733535222896,11.9371305244172));
#8205=CARTESIAN_POINT('',(10.0047969028465,5.81200057872963,11.9546329776379));
#8206=CARTESIAN_POINT('',(10.043651043894,5.83679346006383,11.9724117066226));
#8207=CARTESIAN_POINT('',(10.0834187464922,5.8614892537118,11.990312404303));
#8208=CARTESIAN_POINT('',(10.1240775883076,5.88605500809123,12.0083245880026));
#8209=CARTESIAN_POINT('',(10.1654638932198,5.91039475595178,12.0263625455659));
#8210=CARTESIAN_POINT('',(10.2077147251271,5.93461856827208,12.0444417051115));
#8211=CARTESIAN_POINT('',(10.2507065471797,5.95864480884626,12.0625002832041));
#8212=CARTESIAN_POINT('',(10.2944503929978,5.98248017860274,12.0805261475391));
#8213=CARTESIAN_POINT('',(10.3388150714667,6.00605218425426,12.0984527038395));
#8214=CARTESIAN_POINT('',(10.3837979242349,6.02935950002104,12.1162666708322));
#8215=CARTESIAN_POINT('',(10.414056606469,6.04464898924698,12.1280052364917));
#8216=CARTESIAN_POINT('',(10.4292740521177,6.0522431050527,12.1338469885854));
#8217=CARTESIAN_POINT('',(8.82644240697582,10.,11.2090572289377));
#8218=CARTESIAN_POINT('',(10.4292740511145,10.,12.1338469895886));
#8219=CARTESIAN_POINT('',(10.3280966671226,10.,12.0950061860139));
#8220=CARTESIAN_POINT('',(10.2279386898423,10.,12.0538402754015));
#8221=CARTESIAN_POINT('',(10.0314687818763,10.,11.967651053729));
#8222=CARTESIAN_POINT('',(9.93489266581905,10.,11.9229020981496));
#8223=CARTESIAN_POINT('',(9.746382131159,10.,11.8290404022096));
#8224=CARTESIAN_POINT('',(9.65387389953763,10.,11.7804563189198));
#8225=CARTESIAN_POINT('',(9.4741143631046,10.,11.6785827905045));
#8226=CARTESIAN_POINT('',(9.38606210882823,10.,11.6260005126532));
#8227=CARTESIAN_POINT('',(9.21621605257897,10.,11.5154829920187));
#8228=CARTESIAN_POINT('',(9.13310144237876,10.,11.4586694336193));
#8229=CARTESIAN_POINT('',(8.97524734973272,10.,11.3381542757307));
#8230=CARTESIAN_POINT('',(8.89960031902506,10.,11.2752373396686));
#8231=CARTESIAN_POINT('',(8.82644240697582,10.,11.2090572289377));
#8232=CARTESIAN_POINT('',(8.82644240697582,-6.863568028439E-16,11.2090572289377));
#8233=CARTESIAN_POINT('',(8.82644240697582,-6.863568028439E-16,11.2090572289377));
#8234=VECTOR('',#8235,1.);
#8235=DIRECTION('',(0.,1.,0.));
#8236=CARTESIAN_POINT('',(10.4292740511145,-7.42983843857173E-16,12.1338469895886));
#8237=CARTESIAN_POINT('',(10.3280966671226,-7.40605530568466E-16,12.0950061860139));
#8238=CARTESIAN_POINT('',(10.2279386898423,-7.38084845535197E-16,12.0538402754015));
#8239=CARTESIAN_POINT('',(10.0314687818763,-7.3280727781308E-16,11.967651053729));
#8240=CARTESIAN_POINT('',(9.93489266581905,-7.3006719455231E-16,11.9229020981496));
#8241=CARTESIAN_POINT('',(9.746382131159,-7.24319823277535E-16,11.8290404022096));
#8242=CARTESIAN_POINT('',(9.65387389953763,-7.2134490617302E-16,11.7804563189198));
#8243=CARTESIAN_POINT('',(9.4741143631046,-7.15106951648438E-16,11.6785827905045));
#8244=CARTESIAN_POINT('',(9.38606210882823,-7.11887215735309E-16,11.6260005126532));
#8245=CARTESIAN_POINT('',(9.21621605257897,-7.05119969340576E-16,11.5154829920187));
#8246=CARTESIAN_POINT('',(9.13310144237876,-7.01641142218477E-16,11.4586694336193));
#8247=CARTESIAN_POINT('',(8.97524734973272,-6.94261717100622E-16,11.3381542757307));
#8248=CARTESIAN_POINT('',(8.89960031902506,-6.90409165882591E-16,11.2752373396686));
#8249=CARTESIAN_POINT('',(8.82644240697582,-6.863568028439E-16,11.2090572289377));
#8250=CARTESIAN_POINT('',(4.4780989298695,10.,2.44062081739496));
#8251=CARTESIAN_POINT('',(4.4780989298695,7.4,2.44062081739496));
#8252=CARTESIAN_POINT('',(4.4780989298695,10.,2.44062081739496));
#8253=VECTOR('',#8254,1.);
#8254=DIRECTION('',(0.,-1.,0.));
#8255=CARTESIAN_POINT('',(4.4780989298695,7.39999999999999,-2.44062081739496));
#8256=AXIS2_PLACEMENT_3D('',#8257,#8258,#8259);
#8257=CARTESIAN_POINT('',(0.,7.4,4.53119315684521E-16));
#8258=DIRECTION('',(0.,-1.,-6.12323399573677E-17));
#8259=DIRECTION('',(0.878058613699902,2.93029261956386E-17,-0.478553101449992));
#8260=CARTESIAN_POINT('',(4.4780989298695,10.,-2.44062081739496));
#8261=CARTESIAN_POINT('',(4.4780989298695,10.,-2.44062081739496));
#8262=VECTOR('',#8263,1.);
#8263=DIRECTION('',(0.,-1.,0.));
#8264=CARTESIAN_POINT('',(2.44062081739496,10.,-4.4780989298695));
#8265=AXIS2_PLACEMENT_3D('',#8266,#8267,#8268);
#8266=CARTESIAN_POINT('',(0.,10.,6.12323399573677E-16));
#8267=DIRECTION('',(0.,-1.,-6.12323399573677E-17));
#8268=DIRECTION('',(0.478553101449992,5.37655835365674E-17,-0.878058613699902));
#8269=CARTESIAN_POINT('',(2.44062081739496,7.40000000000001,-4.4780989298695));
#8270=CARTESIAN_POINT('',(2.44062081739496,10.,-4.4780989298695));
#8271=VECTOR('',#8272,1.);
#8272=DIRECTION('',(0.,-1.,0.));
#8273=CARTESIAN_POINT('',(-2.44062081739496,7.4,-4.4780989298695));
#8274=AXIS2_PLACEMENT_3D('',#8275,#8276,#8277);
#8275=CARTESIAN_POINT('',(0.,7.4,4.53119315684521E-16));
#8276=DIRECTION('',(0.,-1.,-6.12323399573677E-17));
#8277=DIRECTION('',(-0.478553101449992,5.37655835365674E-17,-0.878058613699902));
#8278=CARTESIAN_POINT('',(-2.44062081739496,10.,-4.4780989298695));
#8279=CARTESIAN_POINT('',(-2.44062081739496,10.,-4.4780989298695));
#8280=VECTOR('',#8281,1.);
#8281=DIRECTION('',(0.,-1.,0.));
#8282=CARTESIAN_POINT('',(-4.4780989298695,10.,-2.44062081739496));
#8283=AXIS2_PLACEMENT_3D('',#8284,#8285,#8286);
#8284=CARTESIAN_POINT('',(0.,10.,6.12323399573677E-16));
#8285=DIRECTION('',(0.,-1.,-6.12323399573677E-17));
#8286=DIRECTION('',(-0.878058613699902,2.93029261956386E-17,-0.478553101449992));
#8287=CARTESIAN_POINT('',(-4.4780989298695,7.4,-2.44062081739496));
#8288=CARTESIAN_POINT('',(-4.4780989298695,10.,-2.44062081739496));
#8289=VECTOR('',#8290,1.);
#8290=DIRECTION('',(0.,-1.,0.));
#8291=CARTESIAN_POINT('',(-5.1,7.40000000000001,1.70225905081482E-15));
#8292=AXIS2_PLACEMENT_3D('',#8293,#8294,#8295);
#8293=CARTESIAN_POINT('',(0.,7.4,4.53119315684521E-16));
#8294=DIRECTION('',(0.,-1.,-6.12323399573677E-17));
#8295=DIRECTION('',(-1.,-7.49879891330929E-33,1.22464679914735E-16));
#8296=CARTESIAN_POINT('',(-4.4780989298695,7.4,2.44062081739495));
#8297=AXIS2_PLACEMENT_3D('',#8298,#8299,#8300);
#8298=CARTESIAN_POINT('',(0.,7.4,4.53119315684521E-16));
#8299=DIRECTION('',(0.,-1.,-6.12323399573677E-17));
#8300=DIRECTION('',(-0.878058613699903,-2.93029261956384E-17,0.47855310144999));
#8301=CARTESIAN_POINT('',(-4.4780989298695,10.,2.44062081739495));
#8302=CARTESIAN_POINT('',(-4.4780989298695,10.,2.44062081739495));
#8303=VECTOR('',#8304,1.);
#8304=DIRECTION('',(0.,-1.,0.));
#8305=CARTESIAN_POINT('',(-2.440620817395,10.,4.47809892986947));
#8306=AXIS2_PLACEMENT_3D('',#8307,#8308,#8309);
#8307=CARTESIAN_POINT('',(0.,10.,6.12323399573677E-16));
#8308=DIRECTION('',(0.,-1.,-6.12323399573677E-17));
#8309=DIRECTION('',(-0.478553101450001,-5.37655835365671E-17,0.878058613699897));
#8310=CARTESIAN_POINT('',(-2.44062081739501,7.4,4.47809892986947));
#8311=CARTESIAN_POINT('',(-2.440620817395,10.,4.47809892986948));
#8312=VECTOR('',#8313,1.);
#8313=DIRECTION('',(0.,-1.,0.));
#8314=CARTESIAN_POINT('',(2.440620817395,7.4,4.47809892986948));
#8315=AXIS2_PLACEMENT_3D('',#8316,#8317,#8318);
#8316=CARTESIAN_POINT('',(0.,7.4,4.53119315684521E-16));
#8317=DIRECTION('',(0.,-1.,-6.12323399573677E-17));
#8318=DIRECTION('',(0.47855310145,-5.37655835365671E-17,0.878058613699898));
#8319=CARTESIAN_POINT('',(2.440620817395,10.,4.47809892986948));
#8320=CARTESIAN_POINT('',(2.440620817395,10.,4.47809892986948));
#8321=VECTOR('',#8322,1.);
#8322=DIRECTION('',(0.,-1.,0.));
#8323=AXIS2_PLACEMENT_3D('',#8324,#8325,#8326);
#8324=CARTESIAN_POINT('',(0.,10.,6.12323399573677E-16));
#8325=DIRECTION('',(0.,-1.,-6.12323399573677E-17));
#8326=DIRECTION('',(0.878058613699901,-2.93029261956386E-17,0.478553101449993));
#8327=CARTESIAN_POINT('',(-5.1,-7.64877489157547E-32,1.2491397351303E-15));
#8328=AXIS2_PLACEMENT_3D('',#8329,#8330,#8331);
#8329=CARTESIAN_POINT('',(0.,0.,0.));
#8330=DIRECTION('',(0.,-1.,-6.12323399573677E-17));
#8331=DIRECTION('',(-1.,-7.49879891330929E-33,1.22464679914735E-16));
#8332=CARTESIAN_POINT('',(-4.55554958419551,5.,-2.29280788439855));
#8333=CARTESIAN_POINT('',(-4.55554958380914,4.99999999779543,-2.29280788420409));
#8334=CARTESIAN_POINT('',(-4.55554943802023,5.04578685684145,-2.29280549483014));
#8335=CARTESIAN_POINT('',(-4.55363897094382,5.13981346347409,-2.29661099583448));
#8336=CARTESIAN_POINT('',(-4.54464841147606,5.28340991390863,-2.31439108893123));
#8337=CARTESIAN_POINT('',(-4.52821351132306,5.43414218098508,-2.34647256705391));
#8338=CARTESIAN_POINT('',(-4.50285689123029,5.58988918348823,-2.39492788880534));
#8339=CARTESIAN_POINT('',(-4.46741970041573,5.74593528200924,-2.46059304794275));
#8340=CARTESIAN_POINT('',(-4.42256860988429,5.89369401243869,-2.54050385006409));
#8341=CARTESIAN_POINT('',(-4.37017028157222,6.02676264728311,-2.62972989368395));
#8342=CARTESIAN_POINT('',(-4.31186413256894,6.14363346484325,-2.72435609346185));
#8343=CARTESIAN_POINT('',(-4.24448476825224,6.25159336664948,-2.82843566481362));
#8344=CARTESIAN_POINT('',(-4.16641017384384,6.34954130160792,-2.94253171468163));
#8345=CARTESIAN_POINT('',(-4.07693211766766,6.43457689984395,-3.06537425170695));
#8346=CARTESIAN_POINT('',(-3.98116953277161,6.5017967871064,-3.18881925875593));
#8347=CARTESIAN_POINT('',(-3.87233461608557,6.55531221148095,-3.32048949336781));
#8348=CARTESIAN_POINT('',(-3.74784392147884,6.5913774227963,-3.46080599894302));
#8349=CARTESIAN_POINT('',(-3.64915743671781,6.60047771521925,-3.56354371634878));
#8350=CARTESIAN_POINT('',(-3.54315366485031,6.59942749163789,-3.66908161955559));
#8351=CARTESIAN_POINT('',(-3.42979130220019,6.5863505835406,-3.77662374281236));
#8352=CARTESIAN_POINT('',(-3.26083580708873,6.53570245349305,-3.92346436800919));
#8353=CARTESIAN_POINT('',(-3.08116336966301,6.44786545190078,-4.06625613600718));
#8354=CARTESIAN_POINT('',(-2.89098898053838,6.31336481039732,-4.20365296132796));
#8355=CARTESIAN_POINT('',(-2.69905920398249,6.1236915761869,-4.32912932589958));
#8356=CARTESIAN_POINT('',(-2.53530553197361,5.89493375420725,-4.42620396357));
#8357=CARTESIAN_POINT('',(-2.41925161029487,5.65988811570447,-4.49004613623191));
#8358=CARTESIAN_POINT('',(-2.35190800458194,5.45794786227577,-4.52542249173881));
#8359=CARTESIAN_POINT('',(-2.31422857808927,5.28442924996112,-4.54473626592948));
#8360=CARTESIAN_POINT('',(-2.29633533402523,5.13713128982672,-4.55377595780143));
#8361=CARTESIAN_POINT('',(-2.29236814271466,5.03014833814394,-4.55577090722965));
#8362=CARTESIAN_POINT('',(-2.29350668298175,4.92134254371259,-4.55519773221599));
#8363=CARTESIAN_POINT('',(-2.30197220379062,4.79959449251213,-4.55094081278228));
#8364=CARTESIAN_POINT('',(-2.32911198525231,4.63770541536257,-4.5371502262499));
#8365=CARTESIAN_POINT('',(-2.37146068632589,4.47926452105019,-4.51521862672636));
#8366=CARTESIAN_POINT('',(-2.42893414700698,4.32433258288423,-4.48465091586797));
#8367=CARTESIAN_POINT('',(-2.50201935654832,4.17320280105813,-4.4444074895246));
#8368=CARTESIAN_POINT('',(-2.58936224016857,4.02977467814757,-4.39421775976555));
#8369=CARTESIAN_POINT('',(-2.68661801226864,3.90002948785648,-4.33552488372171));
#8370=CARTESIAN_POINT('',(-2.78897005606373,3.78713605646533,-4.27044564570037));
#8371=CARTESIAN_POINT('',(-2.9013753173195,3.68358677949656,-4.1950877472311));
#8372=CARTESIAN_POINT('',(-3.03457888125766,3.58351808855883,-4.1003207373522));
#8373=CARTESIAN_POINT('',(-3.19068195563282,3.49490890338882,-3.98057138632439));
#8374=CARTESIAN_POINT('',(-3.34961517376648,3.43457371728801,-3.84761036464035));
#8375=CARTESIAN_POINT('',(-3.48828306686364,3.40551814625064,-3.72175374896833));
#8376=CARTESIAN_POINT('',(-3.56988652505649,3.40003428054079,-3.64258743440237));
#8377=CARTESIAN_POINT('',(-3.64053135124248,3.39996672371898,-3.57197258066767));
#8378=CARTESIAN_POINT('',(-3.7193059579109,3.40518523044772,-3.49087883383672));
#8379=CARTESIAN_POINT('',(-3.84506257930124,3.43368124381701,-3.35255286953323));
#8380=CARTESIAN_POINT('',(-3.97877574726212,3.49378707947693,-3.19294927670322));
#8381=CARTESIAN_POINT('',(-4.09941805513587,3.58263088687272,-3.03582913695562));
#8382=CARTESIAN_POINT('',(-4.20374159521983,3.692621445953,-2.88924019664109));
#8383=CARTESIAN_POINT('',(-4.29949675624623,3.82962689846795,-2.74493884659794));
#8384=CARTESIAN_POINT('',(-4.39186272996322,4.01510111929404,-2.59458238911245));
#8385=CARTESIAN_POINT('',(-4.46752516981008,4.24294262317275,-2.46113581082988));
#8386=CARTESIAN_POINT('',(-4.51965441762065,4.49250791785309,-2.36327531926711));
#8387=CARTESIAN_POINT('',(-4.54910148000847,4.74433405696355,-2.30568554513252));
#8388=CARTESIAN_POINT('',(-4.55554985550199,4.91467140426316,-2.29281233705197));
#8389=CARTESIAN_POINT('',(-4.55554958380914,4.99999999779543,-2.29280788420409));
#8390=CARTESIAN_POINT('',(2.29280788439855,5.,4.55554958419551));
#8391=CARTESIAN_POINT('',(2.29280788420408,5.00000000220458,4.55554958380913));
#8392=CARTESIAN_POINT('',(2.29280549483014,4.95421314315856,4.55554943802023));
#8393=CARTESIAN_POINT('',(2.29661099583448,4.8601865365259,4.55363897094383));
#8394=CARTESIAN_POINT('',(2.31439108893123,4.71659008609138,4.54464841147606));
#8395=CARTESIAN_POINT('',(2.34647256705391,4.56585781901491,4.52821351132306));
#8396=CARTESIAN_POINT('',(2.39492788880534,4.41011081651176,4.50285689123029));
#8397=CARTESIAN_POINT('',(2.46059304794275,4.25406471799075,4.46741970041573));
#8398=CARTESIAN_POINT('',(2.54050385006409,4.1063059875613,4.42256860988429));
#8399=CARTESIAN_POINT('',(2.62972989368395,3.97323735271689,4.37017028157222));
#8400=CARTESIAN_POINT('',(2.72435609346185,3.85636653515675,4.31186413256894));
#8401=CARTESIAN_POINT('',(2.82843566481361,3.74840663335051,4.24448476825225));
#8402=CARTESIAN_POINT('',(2.94253171468163,3.65045869839208,4.16641017384384));
#8403=CARTESIAN_POINT('',(3.06537425170694,3.56542310015605,4.07693211766767));
#8404=CARTESIAN_POINT('',(3.18881925875593,3.49820321289361,3.9811695327716));
#8405=CARTESIAN_POINT('',(3.3204894933678,3.44468778851904,3.87233461608557));
#8406=CARTESIAN_POINT('',(3.46080599894302,3.4086225772037,3.74784392147884));
#8407=CARTESIAN_POINT('',(3.56354371634878,3.39952228478075,3.64915743671782));
#8408=CARTESIAN_POINT('',(3.66908161955559,3.40057250836211,3.54315366485031));
#8409=CARTESIAN_POINT('',(3.77662374281237,3.4136494164594,3.42979130220019));
#8410=CARTESIAN_POINT('',(3.92346436800919,3.46429754650696,3.26083580708874));
#8411=CARTESIAN_POINT('',(4.06625613600718,3.55213454809922,3.08116336966301));
#8412=CARTESIAN_POINT('',(4.20365296132796,3.68663518960268,2.89098898053838));
#8413=CARTESIAN_POINT('',(4.32912932589958,3.87630842381309,2.69905920398249));
#8414=CARTESIAN_POINT('',(4.42620396357,4.10506624579274,2.53530553197362));
#8415=CARTESIAN_POINT('',(4.49004613623191,4.34011188429552,2.41925161029487));
#8416=CARTESIAN_POINT('',(4.5254224917388,4.54205213772422,2.35190800458194));
#8417=CARTESIAN_POINT('',(4.54473626592948,4.71557075003887,2.31422857808928));
#8418=CARTESIAN_POINT('',(4.55377595780139,4.86286871017253,2.29633533402533));
#8419=CARTESIAN_POINT('',(4.55577090722963,4.9698516618553,2.29236814271466));
#8420=CARTESIAN_POINT('',(4.55519773221603,5.07865745628665,2.29350668298172));
#8421=CARTESIAN_POINT('',(4.55094081278227,5.20040550748786,2.30197220379062));
#8422=CARTESIAN_POINT('',(4.5371502262499,5.36229458463741,2.32911198525231));
#8423=CARTESIAN_POINT('',(4.51521862672637,5.5207354789498,2.37146068632588));
#8424=CARTESIAN_POINT('',(4.48465091586796,5.67566741711577,2.42893414700698));
#8425=CARTESIAN_POINT('',(4.44440748952461,5.82679719894187,2.50201935654832));
#8426=CARTESIAN_POINT('',(4.39421775976555,5.97022532185242,2.58936224016858));
#8427=CARTESIAN_POINT('',(4.33552488372171,6.09997051214352,2.68661801226863));
#8428=CARTESIAN_POINT('',(4.27044564570037,6.21286394353468,2.78897005606373));
#8429=CARTESIAN_POINT('',(4.19508774723109,6.31641322050344,2.90137531731951));
#8430=CARTESIAN_POINT('',(4.1003207373522,6.41648191144116,3.03457888125767));
#8431=CARTESIAN_POINT('',(3.98057138632438,6.50509109661117,3.19068195563282));
#8432=CARTESIAN_POINT('',(3.84761036464035,6.56542628271203,3.34961517376649));
#8433=CARTESIAN_POINT('',(3.72175374896831,6.59448185374926,3.48828306686364));
#8434=CARTESIAN_POINT('',(3.64258743440239,6.59996571945938,3.5698865250565));
#8435=CARTESIAN_POINT('',(3.57197258066765,6.60003327628085,3.64053135124248));
#8436=CARTESIAN_POINT('',(3.49087883383672,6.5948147695524,3.71930595791091));
#8437=CARTESIAN_POINT('',(3.35255286953322,6.56631875618295,3.84506257930124));
#8438=CARTESIAN_POINT('',(3.19294927670322,6.50621292052309,3.97877574726213));
#8439=CARTESIAN_POINT('',(3.03582913695561,6.41736911312728,4.09941805513588));
#8440=CARTESIAN_POINT('',(2.88924019664108,6.30737855404699,4.20374159521983));
#8441=CARTESIAN_POINT('',(2.74493884659795,6.17037310153204,4.29949675624622));
#8442=CARTESIAN_POINT('',(2.59458238911244,5.98489888070595,4.39186272996322));
#8443=CARTESIAN_POINT('',(2.46113581082988,5.75705737682726,4.46752516981008));
#8444=CARTESIAN_POINT('',(2.36327531926711,5.5074920821469,4.51965441762066));
#8445=CARTESIAN_POINT('',(2.30568554513251,5.25566594303645,4.54910148000847));
#8446=CARTESIAN_POINT('',(2.29281233705196,5.08532859573686,4.55554985550198));
#8447=CARTESIAN_POINT('',(2.29280788420408,5.00000000220458,4.55554958380913));
#8448=CARTESIAN_POINT('',(-14.1205495162215,1.24876911721551E-16,-2.0393947350125));
#8449=CARTESIAN_POINT('',(-15.7228567641744,1.81559568895827E-16,-2.96509277650072));
#8450=CARTESIAN_POINT('',(-14.1205495162215,1.24876911721551E-16,-2.0393947350125));
#8451=CARTESIAN_POINT('',(-14.2144421293644,1.26730203704018E-16,-2.06966128996952));
#8452=CARTESIAN_POINT('',(-14.3067533096763,1.28815396477582E-16,-2.10371507225216));
#8453=CARTESIAN_POINT('',(-14.490049544272,1.33496491018244E-16,-2.18016314763063));
#8454=CARTESIAN_POINT('',(-14.5808088342253,1.36164542334925E-16,-2.22373573228997));
#8455=CARTESIAN_POINT('',(-14.7614428427827,1.4178764522021E-16,-2.3155679714172));
#8456=CARTESIAN_POINT('',(-14.851006558329,1.44847079293618E-16,-2.36553232155534));
#8457=CARTESIAN_POINT('',(-15.0291113901263,1.51260527694604E-16,-2.47027188247121));
#8458=CARTESIAN_POINT('',(-15.1174405562855,1.54678666134139E-16,-2.52609431946962));
#8459=CARTESIAN_POINT('',(-15.2929824367419,1.61801460761713E-16,-2.64241838339619));
#8460=CARTESIAN_POINT('',(-15.380024227095,1.65552730998455E-16,-2.70368127551094));
#8461=CARTESIAN_POINT('',(-15.5529012365789,1.73332503114563E-16,-2.83073459605241));
#8462=CARTESIAN_POINT('',(-15.6386309495792,1.77383414131138E-16,-2.89689099346259));
#8463=CARTESIAN_POINT('',(-15.7228567641744,1.81559568895827E-16,-2.96509277650072));
#8464=CARTESIAN_POINT('',(-15.5695562603989,2.2572168974056E-16,-3.6863149423608));
#8465=AXIS2_PLACEMENT_3D('',#8466,#8467,#8468);
#8466=CARTESIAN_POINT('',(0.,0.,0.));
#8467=DIRECTION('',(0.,1.,6.12323399573677E-17));
#8468=DIRECTION('',(-0.973097266274933,1.4107605608785E-17,-0.23039468389755));
#8469=CARTESIAN_POINT('',(-13.7292604383871,2.37597712468983E-16,-3.88026511210265));
#8470=CARTESIAN_POINT('',(-15.5695562603989,2.2572168974056E-16,-3.6863149423608));
#8471=CARTESIAN_POINT('',(-15.4648719857746,2.27439116287455E-16,-3.71436264636966));
#8472=CARTESIAN_POINT('',(-15.3596457648775,2.29004671731075E-16,-3.73993010704012));
#8473=CARTESIAN_POINT('',(-15.150037517044,2.31806269844183E-16,-3.78568367639674));
#8474=CARTESIAN_POINT('',(-15.045603021758,2.33065411955397E-16,-3.80624702759468));
#8475=CARTESIAN_POINT('',(-14.8379242749706,2.35200461493556E-16,-3.84111503263327));
#8476=CARTESIAN_POINT('',(-14.7345265358155,2.36123209908374E-16,-3.85618465785844));
#8477=CARTESIAN_POINT('',(-14.5292182583387,2.37546408001714E-16,-3.87942724656779));
#8478=CARTESIAN_POINT('',(-14.4270754007831,2.38110716680972E-16,-3.88864310667784));
#8479=CARTESIAN_POINT('',(-14.224706486101,2.3874890796753E-16,-3.89906556133174));
#8480=CARTESIAN_POINT('',(-14.1240711822108,2.38925894404823E-16,-3.90195596920145));
#8481=CARTESIAN_POINT('',(-13.9255275061438,2.38637214345803E-16,-3.89724146606109));
#8482=CARTESIAN_POINT('',(-13.8273461255906,2.38243082501956E-16,-3.89080480458252));
#8483=CARTESIAN_POINT('',(-13.7292604383871,2.37597712468983E-16,-3.88026511210265));
#8484=CARTESIAN_POINT('',(-13.095136666417,2.56737319726033E-16,-4.1928386193437));
#8485=CARTESIAN_POINT('',(-13.7292604383871,2.37597712468983E-16,-3.88026511210265));
#8486=CARTESIAN_POINT('',(-13.6481299370395,2.3680323851486E-16,-3.86729036779798));
#8487=CARTESIAN_POINT('',(-13.5687194552158,2.36806390808568E-16,-3.86734184866104));
#8488=CARTESIAN_POINT('',(-13.4463910132678,2.3806726619059E-16,-3.88793350631941));
#8489=CARTESIAN_POINT('',(-13.4007070512226,2.38718104295353E-16,-3.89856249918846));
#8490=CARTESIAN_POINT('',(-13.3253708568949,2.40623238906725E-16,-3.92967570852683));
#8491=CARTESIAN_POINT('',(-13.2922768766439,2.41683114698194E-16,-3.94698479376198));
#8492=CARTESIAN_POINT('',(-13.2358878781716,2.44108319143247E-16,-3.98659138803457));
#8493=CARTESIAN_POINT('',(-13.210385044012,2.45456617073783E-16,-4.00861076425756));
#8494=CARTESIAN_POINT('',(-13.1672712753848,2.48343126720469E-16,-4.05575104419291));
#8495=CARTESIAN_POINT('',(-13.1481869452319,2.49923043420178E-16,-4.08155304197396));
#8496=CARTESIAN_POINT('',(-13.1172437847114,2.53194687370635E-16,-4.13498304240731));
#8497=CARTESIAN_POINT('',(-13.1047684296059,2.54915459471307E-16,-4.16308538345569));
#8498=CARTESIAN_POINT('',(-13.095136666417,2.56737319726034E-16,-4.1928386193437));
#8499=CARTESIAN_POINT('',(-13.0586768124864,2.63608316457096E-16,-4.30505051155371));
#8500=AXIS2_PLACEMENT_3D('',#8501,#8502,#8503);
#8501=CARTESIAN_POINT('',(0.,0.,0.));
#8502=DIRECTION('',(0.,-1.,-6.12323399573677E-17));
#8503=DIRECTION('',(-0.952373575739421,1.86718050709843E-17,-0.304933717770451));
#8504=CARTESIAN_POINT('',(-13.3879676227337,3.01915628419861E-16,-4.93065639219514));
#8505=CARTESIAN_POINT('',(-13.0586768124864,2.63608316457096E-16,-4.30505051155371));
#8506=CARTESIAN_POINT('',(-13.0489805593291,2.65428893645637E-16,-4.33478279338074));
#8507=CARTESIAN_POINT('',(-13.0425551919972,2.67270033842515E-16,-4.36485089461875));
#8508=CARTESIAN_POINT('',(-13.0361833684332,2.7103053911986E-16,-4.42626460639201));
#8509=CARTESIAN_POINT('',(-13.0364568820778,2.72995591606902E-16,-4.45835634889948));
#8510=CARTESIAN_POINT('',(-13.0436282922538,2.76882554720003E-16,-4.52183527385659));
#8511=CARTESIAN_POINT('',(-13.0513178538851,2.78891235057799E-16,-4.55463951323718));
#8512=CARTESIAN_POINT('',(-13.073657339938,2.82882789411979E-16,-4.6198265427866));
#8513=CARTESIAN_POINT('',(-13.0902569073406,2.84931347817129E-16,-4.65328204043009));
#8514=CARTESIAN_POINT('',(-13.1329172832427,2.8918409420042E-16,-4.72273465952406));
#8515=CARTESIAN_POINT('',(-13.1636288196525,2.91354866072284E-16,-4.75818605454466));
#8516=CARTESIAN_POINT('',(-13.250491135392,2.96777715691081E-16,-4.8467479096456));
#8517=CARTESIAN_POINT('',(-13.3147053050269,2.99638365637858E-16,-4.89346586863213));
#8518=CARTESIAN_POINT('',(-13.3879676227337,3.01915628419861E-16,-4.93065639219514));
#8519=CARTESIAN_POINT('',(-14.7627971679646,3.77758477858888E-16,-6.16926411961225));
#8520=CARTESIAN_POINT('',(-13.3879676227337,3.01915628419861E-16,-4.93065639219514));
#8521=CARTESIAN_POINT('',(-13.4735156863897,3.04923760809881E-16,-4.97978292226265));
#8522=CARTESIAN_POINT('',(-13.5567294664795,3.0813859330852E-16,-5.03228512127836));
#8523=CARTESIAN_POINT('',(-13.7201257899612,3.15050924279004E-16,-5.14517205284585));
#8524=CARTESIAN_POINT('',(-13.7998425219235,3.18816121472192E-16,-5.20666238941978));
#8525=CARTESIAN_POINT('',(-13.9574362478963,3.266159830599E-16,-5.33404379593044));
#8526=CARTESIAN_POINT('',(-14.0346546088529,3.30748789596215E-16,-5.40153764867544));
#8527=CARTESIAN_POINT('',(-14.187090843549,3.39289527008546E-16,-5.541018475609));
#8528=CARTESIAN_POINT('',(-14.2618836682405,3.437574824113E-16,-5.61398572471079));
#8529=CARTESIAN_POINT('',(-14.4094044046235,3.52959436406481E-16,-5.76426503792319));
#8530=CARTESIAN_POINT('',(-14.481806851537,3.57736854399863E-16,-5.84228619466337));
#8531=CARTESIAN_POINT('',(-14.6244902128879,3.67547503091805E-16,-6.00250624666158));
#8532=CARTESIAN_POINT('',(-14.6945918375268,3.72601310044125E-16,-6.08504117764476));
#8533=CARTESIAN_POINT('',(-14.7627971679646,3.77758477858888E-16,-6.16926411961225));
#8534=CARTESIAN_POINT('',(-14.4628961280462,4.19003894059166E-16,-6.84285288380116));
#8535=AXIS2_PLACEMENT_3D('',#8536,#8537,#8538);
#8536=CARTESIAN_POINT('',(0.,0.,0.));
#8537=DIRECTION('',(0.,1.,6.12323399573677E-17));
#8538=DIRECTION('',(-0.903931008002888,2.61877433786979E-17,-0.427678305237573));
#8539=CARTESIAN_POINT('',(-12.6224906773794,4.07191739537857E-16,-6.64994576103673));
#8540=CARTESIAN_POINT('',(-14.4628961280462,4.19003894059166E-16,-6.84285288380116));
#8541=CARTESIAN_POINT('',(-14.3546680104238,4.19351063659744E-16,-6.84852259364435));
#8542=CARTESIAN_POINT('',(-14.2464254609412,4.19542781430752E-16,-6.85165358245095));
#8543=CARTESIAN_POINT('',(-14.0318849542629,4.19614652208553E-16,-6.85282732132572));
#8544=CARTESIAN_POINT('',(-13.9254572421486,4.19516731908524E-16,-6.8512281614684));
#8545=CARTESIAN_POINT('',(-13.7150673083721,4.18961184119138E-16,-6.8421553775478));
#8546=CARTESIAN_POINT('',(-13.6107959066356,4.18547419990747E-16,-6.83539809653128));
#8547=CARTESIAN_POINT('',(-13.4051417016934,4.17325754672108E-16,-6.81544678780309));
#8548=CARTESIAN_POINT('',(-13.3033148255854,4.16577359372788E-16,-6.80322456503909));
#8549=CARTESIAN_POINT('',(-13.1032012070565,4.14625262320167E-16,-6.77134440083206));
#8550=CARTESIAN_POINT('',(-13.0041640764198,4.13517201243263E-16,-6.75324839016718));
#8551=CARTESIAN_POINT('',(-12.8109392563533,4.10707186012014E-16,-6.70735735883953));
#8552=CARTESIAN_POINT('',(-12.7162416316997,4.09071727658731E-16,-6.68064829701988));
#8553=CARTESIAN_POINT('',(-12.6224906773794,4.07191739537857E-16,-6.64994576103673));
#8554=CARTESIAN_POINT('',(-11.9372363448634,4.17840121867073E-16,-6.82384704157949));
#8555=CARTESIAN_POINT('',(-12.6224906773794,4.07191739537857E-16,-6.64994576103673));
#8556=CARTESIAN_POINT('',(-12.5458306731663,4.05381760877663E-16,-6.62038656631293));
#8557=CARTESIAN_POINT('',(-12.4681447974241,4.04373875847877E-16,-6.60392655465099));
#8558=CARTESIAN_POINT('',(-12.3442082790706,4.04049844551022E-16,-6.59863472198412));
#8559=CARTESIAN_POINT('',(-12.297312729325,4.04104861446041E-16,-6.59953321606514));
#8560=CARTESIAN_POINT('',(-12.2171540116346,4.05009265282367E-16,-6.61430325158814));
#8561=CARTESIAN_POINT('',(-12.1811844530756,4.05624663451878E-16,-6.62435346639193));
#8562=CARTESIAN_POINT('',(-12.1177930155294,4.0727898757026E-16,-6.651370629537));
#8563=CARTESIAN_POINT('',(-12.088269393743,4.08273147431633E-16,-6.66760649218842));
#8564=CARTESIAN_POINT('',(-12.0362967490947,4.10547702006488E-16,-6.70475278737228));
#8565=CARTESIAN_POINT('',(-12.0122649203589,4.11850132667961E-16,-6.72602309424574));
#8566=CARTESIAN_POINT('',(-11.9708892204062,4.14656348468054E-16,-6.77185207615378));
#8567=CARTESIAN_POINT('',(-11.9528436764982,4.16180694830234E-16,-6.79674654145171));
#8568=CARTESIAN_POINT('',(-11.9372363448634,4.17840121867073E-16,-6.82384704157949));
#8569=CARTESIAN_POINT('',(-11.8782430619788,4.24096803374919E-16,-6.92602640484083));
#8570=AXIS2_PLACEMENT_3D('',#8571,#8572,#8573);
#8571=CARTESIAN_POINT('',(0.,0.,0.));
#8572=DIRECTION('',(3.08148791101958E-33,-1.,-6.12323399573677E-17));
#8573=DIRECTION('',(-0.86816264326279,3.03883724994235E-17,-0.496279784842145));
#8574=CARTESIAN_POINT('',(-12.0702673015362,4.65759183404301E-16,-7.60642470512447));
#8575=CARTESIAN_POINT('',(-11.8782430619788,4.24096803374919E-16,-6.92602640484083));
#8576=CARTESIAN_POINT('',(-11.8625770062303,4.25754154367059E-16,-6.95309300058573));
#8577=CARTESIAN_POINT('',(-11.8500405388227,4.27473260400061E-16,-6.98116813268421));
#8578=CARTESIAN_POINT('',(-11.8310393262371,4.31070470442843E-16,-7.0399150308966));
#8579=CARTESIAN_POINT('',(-11.8246346145063,4.32996063898505E-16,-7.07136235851796));
#8580=CARTESIAN_POINT('',(-11.8184513015447,4.36889386186183E-16,-7.13494513667717));
#8581=CARTESIAN_POINT('',(-11.8191524429294,4.38952067228075E-16,-7.16863127448159));
#8582=CARTESIAN_POINT('',(-11.8274506120807,4.43140798737702E-16,-7.23703845135158));
#8583=CARTESIAN_POINT('',(-11.8367316500266,4.45355918980232E-16,-7.27321411022845));
#8584=CARTESIAN_POINT('',(-11.8640197828941,4.50058838455914E-16,-7.35001861384462));
#8585=CARTESIAN_POINT('',(-11.8866894390676,4.52573159846751E-16,-7.39108059828925));
#8586=CARTESIAN_POINT('',(-11.9532405597664,4.58983344325298E-16,-7.49576685530653));
#8587=CARTESIAN_POINT('',(-12.0063382858834,4.62598987620951E-16,-7.55481479138361));
#8588=CARTESIAN_POINT('',(-12.0702673015362,4.65759183404301E-16,-7.60642470512447));
#8589=CARTESIAN_POINT('',(-13.1575324957545,5.57447528653224E-16,-9.10380901728303));
#8590=CARTESIAN_POINT('',(-12.0702673015362,4.65759183404301E-16,-7.60642470512447));
#8591=CARTESIAN_POINT('',(-12.1437319548183,4.6979068638181E-16,-7.67226414520327));
#8592=CARTESIAN_POINT('',(-12.2142114931922,4.73994654998855E-16,-7.74092016292156));
#8593=CARTESIAN_POINT('',(-12.350566702161,4.82836120366709E-16,-7.88531225007697));
#8594=CARTESIAN_POINT('',(-12.4157568724223,4.87533906251639E-16,-7.96203291579383));
#8595=CARTESIAN_POINT('',(-12.5434227137669,4.97169635162499E-16,-8.1193963109796));
#8596=CARTESIAN_POINT('',(-12.6049209072252,5.02195190684678E-16,-8.20146986109507));
#8597=CARTESIAN_POINT('',(-12.7250263498937,5.1248994590043E-16,-8.36959597260606));
#8598=CARTESIAN_POINT('',(-12.7830140277827,5.17812447175674E-16,-8.45651901488977));
#8599=CARTESIAN_POINT('',(-12.8960662560293,5.28691390992999E-16,-8.63418565028046));
#8600=CARTESIAN_POINT('',(-12.9506650251476,5.34286160652115E-16,-8.72555517270948));
#8601=CARTESIAN_POINT('',(-13.0569187908038,5.45698913495337E-16,-8.911939571071));
#8602=CARTESIAN_POINT('',(-13.1083285496996,5.51534740768729E-16,-9.00724586309668));
#8603=CARTESIAN_POINT('',(-13.1575324957545,5.57447528653224E-16,-9.10380901728304));
#8604=AXIS2_PLACEMENT_3D('',#8605,#8606,#8607);
#8605=CARTESIAN_POINT('',(0.,0.,0.));
#8606=DIRECTION('',(0.,1.,6.12323399573677E-17));
#8607=DIRECTION('',(-0.795258627138898,3.71233511002269E-17,-0.606270332410514));
#8608=CARTESIAN_POINT('',(-8.12969940110132,6.79018025954367E-16,-11.089205906995));
#8609=CARTESIAN_POINT('',(-8.82644240697582,6.863568028439E-16,-11.2090572289377));
#8610=CARTESIAN_POINT('',(-8.76843281597808,6.82794054200949E-16,-11.1508731280944));
#8611=CARTESIAN_POINT('',(-8.7041581269591,6.79938504772534E-16,-11.104238466894));
#8612=CARTESIAN_POINT('',(-8.59308886583587,6.76555794377428E-16,-11.048994613769));
#8613=CARTESIAN_POINT('',(-8.5498821989158,6.75438100680244E-16,-11.0307412904767));
#8614=CARTESIAN_POINT('',(-8.47064605181254,6.74267926851295E-16,-11.0116309015913));
#8615=CARTESIAN_POINT('',(-8.43369843434611,6.73934283500597E-16,-11.0061820921725));
#8616=CARTESIAN_POINT('',(-8.36479860427926,6.73866792368179E-16,-11.0050798783347));
#8617=CARTESIAN_POINT('',(-8.33122371343089,6.74039703908951E-16,-11.007903738094));
#8618=CARTESIAN_POINT('',(-8.26863558058499,6.74823211513042E-16,-11.0206993883115));
#8619=CARTESIAN_POINT('',(-8.23802999938962,6.75414517945523E-16,-11.0303561551914));
#8620=CARTESIAN_POINT('',(-8.18159109038422,6.76947643779106E-16,-11.0553940001382));
#8621=CARTESIAN_POINT('',(-8.15498017446985,6.77890771328009E-16,-11.0707964418799));
#8622=CARTESIAN_POINT('',(-8.12969940110132,6.79018025954367E-16,-11.089205906995));
#8623=CARTESIAN_POINT('',(-8.03424626428616,6.83264535470754E-16,-11.1585566703227));
#8624=AXIS2_PLACEMENT_3D('',#8625,#8626,#8627);
#8625=CARTESIAN_POINT('',(0.,0.,0.));
#8626=DIRECTION('',(0.,-1.,-6.12323399573677E-17));
#8627=DIRECTION('',(-0.591250865534641,4.93831291603176E-17,-0.806487702326909));
#8628=CARTESIAN_POINT('',(-7.93292621547921,7.26107460987102E-16,-11.8582347415213));
#8629=CARTESIAN_POINT('',(-8.03424626428616,6.83264535470754E-16,-11.1585566703227));
#8630=CARTESIAN_POINT('',(-8.00892563392516,6.84388430986229E-16,-11.1769112769939));
#8631=CARTESIAN_POINT('',(-7.98605381608641,6.85646686302159E-16,-11.1974601457258));
#8632=CARTESIAN_POINT('',(-7.94480082846911,6.88459667705319E-16,-11.2433996183169));
#8633=CARTESIAN_POINT('',(-7.92615905268952,6.90059272719321E-16,-11.2695231506712));
#8634=CARTESIAN_POINT('',(-7.8946488694744,6.93462001502651E-16,-11.3250939288857));
#8635=CARTESIAN_POINT('',(-7.8815880073928,6.95363816631202E-16,-11.3561529269556));
#8636=CARTESIAN_POINT('',(-7.86134505664532,6.99397082799156E-16,-11.4220211621196));
#8637=CARTESIAN_POINT('',(-7.85510974065038,7.01651844135157E-16,-11.4588442091822));
#8638=CARTESIAN_POINT('',(-7.84879948450508,7.06627797717484E-16,-11.5401076981456));
#8639=CARTESIAN_POINT('',(-7.85280783221764,7.0948934228322E-16,-11.5868402673684));
#8640=CARTESIAN_POINT('',(-7.87102556947769,7.17002821900289E-16,-11.7095447013701));
#8641=CARTESIAN_POINT('',(-7.89551579668245,7.21628298450383E-16,-11.7850844660323));
#8642=CARTESIAN_POINT('',(-7.93292621547921,7.26107460987102E-16,-11.8582347415213));
#8643=CARTESIAN_POINT('',(-8.31715132638855,8.36947746454666E-16,-13.6683939734686));
#8644=CARTESIAN_POINT('',(-7.93292621547921,7.26107460987102E-16,-11.8582347415213));
#8645=CARTESIAN_POINT('',(-7.97326020294277,7.31620091469786E-16,-11.9482628293998));
#8646=CARTESIAN_POINT('',(-8.00972154690729,7.37215931564568E-16,-12.0396498333699));
#8647=CARTESIAN_POINT('',(-8.07555867587039,7.48688998075322E-16,-12.2270192286721));
#8648=CARTESIAN_POINT('',(-8.10390775376732,7.54604228670952E-16,-12.3236222753587));
#8649=CARTESIAN_POINT('',(-8.15653084412291,7.66586478540851E-16,-12.5193072659738));
#8650=CARTESIAN_POINT('',(-8.17932991915068,7.72709191306277E-16,-12.6192987536368));
#8651=CARTESIAN_POINT('',(-8.22066865052927,7.85105196635076E-16,-12.8217408836849));
#8652=CARTESIAN_POINT('',(-8.23828824383962,7.91411751922134E-16,-12.924734747572));
#8653=CARTESIAN_POINT('',(-8.26930306256525,8.04165776711091E-16,-13.1330237791171));
#8654=CARTESIAN_POINT('',(-8.28201818725395,8.10636659291634E-16,-13.2387013113664));
#8655=CARTESIAN_POINT('',(-8.30327646771528,8.23709024213773E-16,-13.4521892318221));
#8656=CARTESIAN_POINT('',(-8.31147705815056,8.30320700191586E-16,-13.5601660947416));
#8657=CARTESIAN_POINT('',(-8.31715132638855,8.36947746454666E-16,-13.6683939734686));
#8658=CARTESIAN_POINT('',(-7.67860074676367,8.59522110902119E-16,-14.0370613225062));
#8659=AXIS2_PLACEMENT_3D('',#8660,#8661,#8662);
#8660=CARTESIAN_POINT('',(0.,0.,0.));
#8661=DIRECTION('',(0.,1.,6.12323399573677E-17));
#8662=DIRECTION('',(-0.479912546672729,5.37201319313824E-17,-0.87731633265664));
#8663=CARTESIAN_POINT('',(-6.30306942245706,7.83726986231998E-16,-12.7992329997132));
#8664=CARTESIAN_POINT('',(-7.67860074676367,8.59522110902119E-16,-14.0370613225062));
#8665=CARTESIAN_POINT('',(-7.58770978850734,8.55907688351024E-16,-13.9780333227007));
#8666=CARTESIAN_POINT('',(-7.49829937741579,8.52166983204188E-16,-13.916942971598));
#8667=CARTESIAN_POINT('',(-7.32404255513065,8.44503500449361E-16,-13.7917888004498));
#8668=CARTESIAN_POINT('',(-7.23888068993789,8.40593791838983E-16,-13.7279384133325));
#8669=CARTESIAN_POINT('',(-7.07400450665303,8.32572102005807E-16,-13.5969342766498));
#8670=CARTESIAN_POINT('',(-6.99361900074806,8.2848447914321E-16,-13.5301783292952));
#8671=CARTESIAN_POINT('',(-6.83896833901947,8.20094334733789E-16,-13.393156872737));
#8672=CARTESIAN_POINT('',(-6.76377270805496,8.15823971629061E-16,-13.3234165507487));
#8673=CARTESIAN_POINT('',(-6.62061608022074,8.07042309363296E-16,-13.1800011223675));
#8674=CARTESIAN_POINT('',(-6.55112992665567,8.02581377562573E-16,-13.1071485773916));
#8675=CARTESIAN_POINT('',(-6.42178183491374,7.93353582868846E-16,-12.9564472535462));
#8676=CARTESIAN_POINT('',(-6.36086903988215,7.88622162892484E-16,-12.8791773014318));
#8677=CARTESIAN_POINT('',(-6.30306942245706,7.83726986231998E-16,-12.7992329997132));
#8678=CARTESIAN_POINT('',(-5.6464704139247,7.67678400221376E-16,-12.5371397002934));
#8679=CARTESIAN_POINT('',(-6.30306942245706,7.83726986231998E-16,-12.7992329997132));
#8680=CARTESIAN_POINT('',(-6.25842463498811,7.7950357677133E-16,-12.7302594889245));
#8681=CARTESIAN_POINT('',(-6.20525039339716,7.75892152068077E-16,-12.6712804476896));
#8682=CARTESIAN_POINT('',(-6.10809410502471,7.71169348207362E-16,-12.5941512074221));
#8683=CARTESIAN_POINT('',(-6.06962668674987,7.69526018207887E-16,-12.5673135918644));
#8684=CARTESIAN_POINT('',(-5.99609531283478,7.6737266648761E-16,-12.5321466895089));
#8685=CARTESIAN_POINT('',(-5.96108796063638,7.66575936907102E-16,-12.5191351080299));
#8686=CARTESIAN_POINT('',(-5.89392292030817,7.656327624392E-16,-12.5037319000427));
#8687=CARTESIAN_POINT('',(-5.86049460792275,7.65374456220932E-16,-12.4995134393658));
#8688=CARTESIAN_POINT('',(-5.7966138106733,7.65344037833549E-16,-12.4990166694007));
#8689=CARTESIAN_POINT('',(-5.76466928012814,7.65532785616433E-16,-12.5020991546204));
#8690=CARTESIAN_POINT('',(-5.70425803601916,7.6631388977437E-16,-12.5148555535834));
#8691=CARTESIAN_POINT('',(-5.67502628475894,7.66897626299625E-16,-12.5243886944965));
#8692=CARTESIAN_POINT('',(-5.6464704139247,7.67678400221376E-16,-12.5371397002934));
#8693=CARTESIAN_POINT('',(-5.53868432270347,7.70616907131422E-16,-12.5851291599824));
#8694=AXIS2_PLACEMENT_3D('',#8695,#8696,#8697);
#8695=CARTESIAN_POINT('',(0.,0.,0.));
#8696=DIRECTION('',(0.,-1.,-6.12323399573677E-17));
#8697=DIRECTION('',(-0.410652393739978,5.58311563797365E-17,-0.911791978203157));
#8698=CARTESIAN_POINT('',(-5.29410710924571,8.11233714565452E-16,-13.2484519639502));
#8699=CARTESIAN_POINT('',(-5.53868432270347,7.70616907131422E-16,-12.5851291599824));
#8700=CARTESIAN_POINT('',(-5.51010087155947,7.71393887930767E-16,-12.5978182193893));
#8701=CARTESIAN_POINT('',(-5.48345650777365,7.72333468081244E-16,-12.6131627277183));
#8702=CARTESIAN_POINT('',(-5.43355364349099,7.74559790634041E-16,-12.6495213342054));
#8703=CARTESIAN_POINT('',(-5.40988784745687,7.75887113496931E-16,-12.6711981615782));
#8704=CARTESIAN_POINT('',(-5.36751242288766,7.78814330891604E-16,-12.7190032494895));
#8705=CARTESIAN_POINT('',(-5.34827944317521,7.80508310015052E-16,-12.7466680280138));
#8706=CARTESIAN_POINT('',(-5.31478407332567,7.84195728267324E-16,-12.806888138087));
#8707=CARTESIAN_POINT('',(-5.30102907196956,7.86321836353412E-16,-12.8416101181317));
#8708=CARTESIAN_POINT('',(-5.27796108066889,7.9110871804937E-16,-12.9197858288638));
#8709=CARTESIAN_POINT('',(-5.27216558888346,7.93958760952125E-16,-12.9663305616756));
#8710=CARTESIAN_POINT('',(-5.26447353853104,8.01539981556216E-16,-13.0901412899504));
#8711=CARTESIAN_POINT('',(-5.27272299531792,8.06376163452938E-16,-13.1691221340613));
#8712=CARTESIAN_POINT('',(-5.29410710924571,8.11233714565452E-16,-13.2484519639502));
#8713=CARTESIAN_POINT('',(-5.29358271305982,9.24543412753E-16,-15.0989397660893));
#8714=CARTESIAN_POINT('',(-5.29410710924571,8.11233714565452E-16,-13.2484519639502));
#8715=CARTESIAN_POINT('',(-5.31484181033931,8.17139369586608E-16,-13.3448986296381));
#8716=CARTESIAN_POINT('',(-5.33150595994355,8.23077113578205E-16,-13.4418693479828));
#8717=CARTESIAN_POINT('',(-5.35694810189322,8.35137633236721E-16,-13.63883258125));
#8718=CARTESIAN_POINT('',(-5.36459278164636,8.41284511675501E-16,-13.7392187243087));
#8719=CARTESIAN_POINT('',(-5.37538073395443,8.5367486095552E-16,-13.9415684840704));
#8720=CARTESIAN_POINT('',(-5.37689219522439,8.59954030942056E-16,-14.0441151120599));
#8721=CARTESIAN_POINT('',(-5.37523749058869,8.72605433867624E-16,-14.2507282013911));
#8722=CARTESIAN_POINT('',(-5.37105842512649,8.78998489411674E-16,-14.3551347216792));
#8723=CARTESIAN_POINT('',(-5.35808977092284,8.91868655314024E-16,-14.5653204815458));
#8724=CARTESIAN_POINT('',(-5.34855544521873,8.98360008811536E-16,-14.6713323292399));
#8725=CARTESIAN_POINT('',(-5.32496254673658,9.1141734864976E-16,-14.8845748714539));
#8726=CARTESIAN_POINT('',(-5.31053428245667,9.17988944699604E-16,-14.9918971794765));
#8727=CARTESIAN_POINT('',(-5.29358271305982,9.24543412753001E-16,-15.0989397660894));
#8728=CARTESIAN_POINT('',(-4.59233574376485,9.38495137255953E-16,-15.3267887183369));
#8729=AXIS2_PLACEMENT_3D('',#8730,#8731,#8732);
#8730=CARTESIAN_POINT('',(0.,0.,0.));
#8731=DIRECTION('',(0.,1.,6.12323399573677E-17));
#8732=DIRECTION('',(-0.287020983985303,5.86559460784971E-17,-0.957924294896057));
#8733=CARTESIAN_POINT('',(-3.50422205869415,8.4684453958243E-16,-13.8300208708672));
#8734=CARTESIAN_POINT('',(-4.59233574376485,9.38495137255954E-16,-15.3267887183369));
#8735=CARTESIAN_POINT('',(-4.51570358226317,9.33802573051878E-16,-15.2501533291399));
#8736=CARTESIAN_POINT('',(-4.44094840136376,9.29005334556287E-16,-15.1718084790341));
#8737=CARTESIAN_POINT('',(-4.29652052407037,9.19290867738605E-16,-15.0131591962458));
#8738=CARTESIAN_POINT('',(-4.22649489190299,9.14382406805756E-16,-14.9329979458957));
#8739=CARTESIAN_POINT('',(-4.09245894036658,9.04436984752228E-16,-14.770576877871));
#8740=CARTESIAN_POINT('',(-4.02770939251851,8.99415304865234E-16,-14.6885666216813));
#8741=CARTESIAN_POINT('',(-3.9049265815081,8.89239660142047E-16,-14.5223857321339));
#8742=CARTESIAN_POINT('',(-3.84587398375728,8.84105305204872E-16,-14.4385353527306));
#8743=CARTESIAN_POINT('',(-3.73566341591617,8.7369302784818E-16,-14.2684899590066));
#8744=CARTESIAN_POINT('',(-3.68284259732859,8.68444955494449E-16,-14.182782433255));
#8745=CARTESIAN_POINT('',(-3.58765363878089,8.57772090132838E-16,-14.0084813144501));
#8746=CARTESIAN_POINT('',(-3.54413726086028,8.52368587154985E-16,-13.920235413973));
#8747=CARTESIAN_POINT('',(-3.50422205869415,8.4684453958243E-16,-13.8300208708672));
#8748=CARTESIAN_POINT('',(-2.9164635748884,8.22787544669043E-16,-13.4371403288181));
#8749=CARTESIAN_POINT('',(-3.50422205869415,8.4684453958243E-16,-13.8300208708672));
#8750=CARTESIAN_POINT('',(-3.47489326619585,8.42145052563643E-16,-13.7532724235261));
#8751=CARTESIAN_POINT('',(-3.43514344154877,8.37935589174624E-16,-13.6845266693716));
#8752=CARTESIAN_POINT('',(-3.35614632193657,8.3207910103954E-16,-13.5888829598684));
#8753=CARTESIAN_POINT('',(-3.32409936307273,8.29981956144324E-16,-13.5546339846263));
#8754=CARTESIAN_POINT('',(-3.25948643622858,8.26939538335821E-16,-13.5049475311832));
#8755=CARTESIAN_POINT('',(-3.22794933857319,8.25714543431305E-16,-13.4849418461911));
#8756=CARTESIAN_POINT('',(-3.16545452253958,8.23936906878019E-16,-13.4559108381564));
#8757=CARTESIAN_POINT('',(-3.13363376627519,8.23258672121939E-16,-13.4448344240172));
#8758=CARTESIAN_POINT('',(-3.07125220199607,8.22415657172576E-16,-13.4310669451008));
#8759=CARTESIAN_POINT('',(-3.03936485137282,8.22193597122038E-16,-13.4274404292647));
#8760=CARTESIAN_POINT('',(-2.97762153341312,8.22188541604474E-16,-13.4273578663973));
#8761=CARTESIAN_POINT('',(-2.94704651460664,8.22387375018848E-16,-13.4306050624789));
#8762=CARTESIAN_POINT('',(-2.9164635748884,8.22787544669043E-16,-13.4371403288181));
#8763=CARTESIAN_POINT('',(-2.80105529866252,8.24289622120259E-16,-13.4616711152009));
#8764=AXIS2_PLACEMENT_3D('',#8765,#8766,#8767);
#8765=CARTESIAN_POINT('',(0.,0.,0.));
#8766=DIRECTION('',(0.,-1.,-6.12323399573677E-17));
#8767=DIRECTION('',(-0.212106441810066,5.98390941577486E-17,-0.977246569368587));
#8768=CARTESIAN_POINT('',(-2.42391011839373,8.60905162086037E-16,-14.0596482624285));
#8769=CARTESIAN_POINT('',(-2.80105529866251,8.24289622120259E-16,-13.4616711152009));
#8770=CARTESIAN_POINT('',(-2.77045826070914,8.24685730414174E-16,-13.4681400545586));
#8771=CARTESIAN_POINT('',(-2.74120583752752,8.25265571238017E-16,-13.4776095738396));
#8772=CARTESIAN_POINT('',(-2.68483409120918,8.26807933961813E-16,-13.5027982686513));
#8773=CARTESIAN_POINT('',(-2.65717858376829,8.2780496429528E-16,-13.5190810096696));
#8774=CARTESIAN_POINT('',(-2.60578992723853,8.30128736854803E-16,-13.5570310955415));
#8775=CARTESIAN_POINT('',(-2.58122540339874,8.31540844956839E-16,-13.5800925709485));
#8776=CARTESIAN_POINT('',(-2.53594152283817,8.34721257421608E-16,-13.6320326481525));
#8777=CARTESIAN_POINT('',(-2.51526799568397,8.36625791132223E-16,-13.6631360440368));
#8778=CARTESIAN_POINT('',(-2.47645045114028,8.41014391241691E-16,-13.73480732285));
#8779=CARTESIAN_POINT('',(-2.46110441065773,8.43728371930593E-16,-13.7791299910804));
#8780=CARTESIAN_POINT('',(-2.4278387522038,8.51045997802574E-16,-13.8986358906928));
#8781=CARTESIAN_POINT('',(-2.41948689772592,8.55881520690461E-16,-13.9776059723728));
#8782=CARTESIAN_POINT('',(-2.42391011839373,8.60905162086037E-16,-14.0596482624285));
#8783=CARTESIAN_POINT('',(-2.03865913374228,9.71732095462518E-16,-15.8695894381805));
#8784=CARTESIAN_POINT('',(-2.42391011839373,8.60905162086037E-16,-14.0596482624285));
#8785=CARTESIAN_POINT('',(-2.42413932718346,8.66945736182765E-16,-14.1582983238329));
#8786=CARTESIAN_POINT('',(-2.42027797912625,8.72965876166286E-16,-14.2566146708435));
#8787=CARTESIAN_POINT('',(-2.40421319037434,8.85086746390692E-16,-14.4545635036473));
#8788=CARTESIAN_POINT('',(-2.39081936279524,8.91196624588854E-16,-14.5543453869204));
#8789=CARTESIAN_POINT('',(-2.3593006917736,9.03453555559963E-16,-14.7545162603451));
#8790=CARTESIAN_POINT('',(-2.33945848117545,9.09614752908396E-16,-14.8551362489447));
#8791=CARTESIAN_POINT('',(-2.29488265905818,9.2196862641472E-16,-15.0568903141155));
#8792=CARTESIAN_POINT('',(-2.26908758003752,9.28168775011202E-16,-15.1581464248701));
#8793=CARTESIAN_POINT('',(-2.21270224532379,9.40592594019104E-16,-15.3610427867689));
#8794=CARTESIAN_POINT('',(-2.18133516501091,9.46820715136775E-16,-15.4627557234623));
#8795=CARTESIAN_POINT('',(-2.11392221046024,9.59292361484085E-16,-15.6664331650886));
#8796=CARTESIAN_POINT('',(-2.07749567584867,9.65536667324566E-16,-15.7684104183641));
#8797=CARTESIAN_POINT('',(-2.03865913374227,9.71732095462518E-16,-15.8695894381805));
#8798=CARTESIAN_POINT('',(-1.3053636322917,9.7645142271239E-16,-15.9466619010842));
#8799=AXIS2_PLACEMENT_3D('',#8800,#8801,#8802);
#8800=CARTESIAN_POINT('',(0.,0.,0.));
#8801=DIRECTION('',(0.,1.,6.12323399573677E-17));
#8802=DIRECTION('',(-0.081585227018231,6.10282139195244E-17,-0.996666368817762));
#8803=CARTESIAN_POINT('',(-0.552223375843265,8.72950922942158E-16,-14.2563704661612));
#8804=CARTESIAN_POINT('',(-1.3053636322917,9.76451422712391E-16,-15.9466619010842));
#8805=CARTESIAN_POINT('',(-1.24633946072421,9.70885804428473E-16,-15.855768456741));
#8806=CARTESIAN_POINT('',(-1.1895066701374,9.65241694926089E-16,-15.7635931535219));
#8807=CARTESIAN_POINT('',(-1.08121992911532,9.53900812860669E-16,-15.5783824940352));
#8808=CARTESIAN_POINT('',(-1.0293909861193,9.48208122901523E-16,-15.4854138117489));
#8809=CARTESIAN_POINT('',(-0.932053280589328,9.36773631294812E-16,-15.2986743924376));
#8810=CARTESIAN_POINT('',(-0.885769556741924,9.31037365891177E-16,-15.2049940691373));
#8811=CARTESIAN_POINT('',(-0.800220794468154,9.19520945356786E-16,-15.0169166488982));
#8812=CARTESIAN_POINT('',(-0.75989211181853,9.13746994535288E-16,-14.9226208760187));
#8813=CARTESIAN_POINT('',(-0.687444334634172,9.02159168571806E-16,-14.7333773166259));
#8814=CARTESIAN_POINT('',(-0.653597374258763,8.96353321609972E-16,-14.6385606402442));
#8815=CARTESIAN_POINT('',(-0.596727763161141,8.84701841010869E-16,-14.4482775217611));
#8816=CARTESIAN_POINT('',(-0.572509676881378,8.78862414040541E-16,-14.3529124422232));
#8817=CARTESIAN_POINT('',(-0.552223375843265,8.72950922942158E-16,-14.2563704661612));
#8818=CARTESIAN_POINT('',(-0.0589932828845594,8.41936925241991E-16,-13.7498734464203));
#8819=CARTESIAN_POINT('',(-0.552223375843265,8.72950922942158E-16,-14.2563704661612));
#8820=CARTESIAN_POINT('',(-0.539492387282943,8.67980748498614E-16,-14.1752013576965));
#8821=CARTESIAN_POINT('',(-0.514904237657633,8.63357220173175E-16,-14.0996934099575));
#8822=CARTESIAN_POINT('',(-0.457518840002969,8.56623004397774E-16,-13.9897153202734));
#8823=CARTESIAN_POINT('',(-0.433292946430861,8.54163699901955E-16,-13.9495518299098));
#8824=CARTESIAN_POINT('',(-0.380422361607945,8.50365184262599E-16,-13.8875173618166));
#8825=CARTESIAN_POINT('',(-0.353733840994893,8.48765462189579E-16,-13.8613919177435));
#8826=CARTESIAN_POINT('',(-0.298640572599956,8.46231054798335E-16,-13.8200019040186));
#8827=CARTESIAN_POINT('',(-0.269818092198292,8.45162533617816E-16,-13.8025516288656));
#8828=CARTESIAN_POINT('',(-0.21166213458845,8.43543765904993E-16,-13.7761151458902));
#8829=CARTESIAN_POINT('',(-0.181225594121824,8.42920603110804E-16,-13.7659381251423));
#8830=CARTESIAN_POINT('',(-0.120848681583557,8.42129608868115E-16,-13.753020208838));
#8831=CARTESIAN_POINT('',(-0.0902666702678694,8.41934849197293E-16,-13.7498395420374));
#8832=CARTESIAN_POINT('',(-0.0589932828845592,8.41936925241991E-16,-13.7498734464203));
#8833=CARTESIAN_POINT('',(0.0589932828845621,8.41936925241991E-16,-13.7498734464203));
#8834=AXIS2_PLACEMENT_3D('',#8835,#8836,#8837);
#8835=CARTESIAN_POINT('',(0.,0.,0.));
#8836=DIRECTION('',(0.,-1.,-6.12323399573677E-17));
#8837=DIRECTION('',(-0.00429042057342249,6.12317763812357E-17,-0.999990796103296));
#8838=CARTESIAN_POINT('',(0.552223375843267,8.72950922942158E-16,-14.2563704661612));
#8839=CARTESIAN_POINT('',(0.0589932828845623,8.41936925241991E-16,-13.7498734464203));
#8840=CARTESIAN_POINT('',(0.0902666702678723,8.41934849197294E-16,-13.7498395420375));
#8841=CARTESIAN_POINT('',(0.120848681583559,8.42129608868115E-16,-13.753020208838));
#8842=CARTESIAN_POINT('',(0.181225594121827,8.42920603110804E-16,-13.7659381251423));
#8843=CARTESIAN_POINT('',(0.211662134588453,8.43543765904993E-16,-13.7761151458902));
#8844=CARTESIAN_POINT('',(0.269818092198295,8.45162533617816E-16,-13.8025516288656));
#8845=CARTESIAN_POINT('',(0.298640572599959,8.46231054798335E-16,-13.8200019040186));
#8846=CARTESIAN_POINT('',(0.353733840994896,8.48765462189579E-16,-13.8613919177435));
#8847=CARTESIAN_POINT('',(0.380422361607948,8.50365184262599E-16,-13.8875173618166));
#8848=CARTESIAN_POINT('',(0.433292946430863,8.54163699901955E-16,-13.9495518299098));
#8849=CARTESIAN_POINT('',(0.457518840002972,8.56623004397774E-16,-13.9897153202734));
#8850=CARTESIAN_POINT('',(0.514904237657636,8.63357220173175E-16,-14.0996934099575));
#8851=CARTESIAN_POINT('',(0.539492387282946,8.67980748498614E-16,-14.1752013576965));
#8852=CARTESIAN_POINT('',(0.552223375843267,8.72950922942158E-16,-14.2563704661612));
#8853=CARTESIAN_POINT('',(1.30536363229169,9.7645142271239E-16,-15.9466619010842));
#8854=CARTESIAN_POINT('',(0.552223375843267,8.72950922942158E-16,-14.2563704661612));
#8855=CARTESIAN_POINT('',(0.572509676881381,8.78862414040541E-16,-14.3529124422232));
#8856=CARTESIAN_POINT('',(0.596727763161144,8.84701841010869E-16,-14.4482775217611));
#8857=CARTESIAN_POINT('',(0.653597374258766,8.96353321609972E-16,-14.6385606402442));
#8858=CARTESIAN_POINT('',(0.687444334634175,9.02159168571806E-16,-14.7333773166259));
#8859=CARTESIAN_POINT('',(0.759892111818533,9.13746994535288E-16,-14.9226208760187));
#8860=CARTESIAN_POINT('',(0.800220794468158,9.19520945356786E-16,-15.0169166488982));
#8861=CARTESIAN_POINT('',(0.885769556741927,9.31037365891177E-16,-15.2049940691373));
#8862=CARTESIAN_POINT('',(0.932053280589332,9.36773631294813E-16,-15.2986743924376));
#8863=CARTESIAN_POINT('',(1.0293909861193,9.48208122901523E-16,-15.4854138117489));
#8864=CARTESIAN_POINT('',(1.08121992911533,9.53900812860669E-16,-15.5783824940352));
#8865=CARTESIAN_POINT('',(1.18950667013741,9.65241694926089E-16,-15.763593153522));
#8866=CARTESIAN_POINT('',(1.24633946072421,9.70885804428473E-16,-15.855768456741));
#8867=CARTESIAN_POINT('',(1.3053636322917,9.76451422712391E-16,-15.9466619010842));
#8868=CARTESIAN_POINT('',(2.03865913374227,9.71732095462518E-16,-15.8695894381805));
#8869=AXIS2_PLACEMENT_3D('',#8870,#8871,#8872);
#8870=CARTESIAN_POINT('',(0.,0.,0.));
#8871=DIRECTION('',(0.,1.,6.12323399573677E-17));
#8872=DIRECTION('',(0.127416195858892,6.07332559664074E-17,-0.99184933988628));
#8873=CARTESIAN_POINT('',(2.42391011839373,8.60905162086037E-16,-14.0596482624285));
#8874=CARTESIAN_POINT('',(2.03865913374227,9.71732095462518E-16,-15.8695894381805));
#8875=CARTESIAN_POINT('',(2.07749567584867,9.65536667324566E-16,-15.7684104183641));
#8876=CARTESIAN_POINT('',(2.11392221046024,9.59292361484085E-16,-15.6664331650886));
#8877=CARTESIAN_POINT('',(2.18133516501091,9.46820715136775E-16,-15.4627557234623));
#8878=CARTESIAN_POINT('',(2.21270224532379,9.40592594019104E-16,-15.3610427867689));
#8879=CARTESIAN_POINT('',(2.26908758003753,9.28168775011202E-16,-15.1581464248701));
#8880=CARTESIAN_POINT('',(2.29488265905819,9.2196862641472E-16,-15.0568903141155));
#8881=CARTESIAN_POINT('',(2.33945848117545,9.09614752908396E-16,-14.8551362489447));
#8882=CARTESIAN_POINT('',(2.3593006917736,9.03453555559963E-16,-14.7545162603451));
#8883=CARTESIAN_POINT('',(2.39081936279525,8.91196624588854E-16,-14.5543453869204));
#8884=CARTESIAN_POINT('',(2.40421319037434,8.85086746390692E-16,-14.4545635036473));
#8885=CARTESIAN_POINT('',(2.42027797912625,8.72965876166286E-16,-14.2566146708435));
#8886=CARTESIAN_POINT('',(2.42413932718347,8.66945736182765E-16,-14.1582983238329));
#8887=CARTESIAN_POINT('',(2.42391011839373,8.60905162086037E-16,-14.0596482624285));
#8888=CARTESIAN_POINT('',(2.80105529866252,8.24289622120259E-16,-13.4616711152009));
#8889=CARTESIAN_POINT('',(2.42391011839373,8.60905162086037E-16,-14.0596482624285));
#8890=CARTESIAN_POINT('',(2.41948689772592,8.55881520690461E-16,-13.9776059723728));
#8891=CARTESIAN_POINT('',(2.4278387522038,8.51045997802574E-16,-13.8986358906928));
#8892=CARTESIAN_POINT('',(2.46110441065773,8.43728371930593E-16,-13.7791299910804));
#8893=CARTESIAN_POINT('',(2.47645045114028,8.41014391241691E-16,-13.73480732285));
#8894=CARTESIAN_POINT('',(2.51526799568398,8.36625791132223E-16,-13.6631360440368));
#8895=CARTESIAN_POINT('',(2.53594152283817,8.34721257421608E-16,-13.6320326481525));
#8896=CARTESIAN_POINT('',(2.58122540339874,8.31540844956839E-16,-13.5800925709485));
#8897=CARTESIAN_POINT('',(2.60578992723853,8.30128736854803E-16,-13.5570310955415));
#8898=CARTESIAN_POINT('',(2.6571785837683,8.2780496429528E-16,-13.5190810096696));
#8899=CARTESIAN_POINT('',(2.68483409120918,8.26807933961813E-16,-13.5027982686513));
#8900=CARTESIAN_POINT('',(2.74120583752752,8.25265571238017E-16,-13.4776095738396));
#8901=CARTESIAN_POINT('',(2.77045826070915,8.24685730414174E-16,-13.4681400545586));
#8902=CARTESIAN_POINT('',(2.80105529866252,8.24289622120259E-16,-13.4616711152009));
#8903=CARTESIAN_POINT('',(2.91646357488841,8.22787544669044E-16,-13.4371403288181));
#8904=AXIS2_PLACEMENT_3D('',#8905,#8906,#8907);
#8905=CARTESIAN_POINT('',(0.,0.,0.));
#8906=DIRECTION('',(1.54074395550979E-33,-1.,-6.12323399573677E-17));
#8907=DIRECTION('',(0.203713112630001,5.99483361542007E-17,-0.979030626560067));
#8908=CARTESIAN_POINT('',(3.50422205869416,8.4684453958243E-16,-13.8300208708672));
#8909=CARTESIAN_POINT('',(2.91646357488841,8.22787544669043E-16,-13.4371403288181));
#8910=CARTESIAN_POINT('',(2.94704651460664,8.22387375018849E-16,-13.4306050624789));
#8911=CARTESIAN_POINT('',(2.97762153341312,8.22188541604474E-16,-13.4273578663973));
#8912=CARTESIAN_POINT('',(3.03936485137282,8.22193597122038E-16,-13.4274404292647));
#8913=CARTESIAN_POINT('',(3.07125220199608,8.22415657172576E-16,-13.4310669451008));
#8914=CARTESIAN_POINT('',(3.1336337662752,8.23258672121939E-16,-13.4448344240172));
#8915=CARTESIAN_POINT('',(3.16545452253958,8.23936906878019E-16,-13.4559108381564));
#8916=CARTESIAN_POINT('',(3.22794933857319,8.25714543431305E-16,-13.4849418461911));
#8917=CARTESIAN_POINT('',(3.25948643622858,8.26939538335821E-16,-13.5049475311832));
#8918=CARTESIAN_POINT('',(3.32409936307274,8.29981956144324E-16,-13.5546339846263));
#8919=CARTESIAN_POINT('',(3.35614632193657,8.3207910103954E-16,-13.5888829598684));
#8920=CARTESIAN_POINT('',(3.43514344154877,8.37935589174624E-16,-13.6845266693716));
#8921=CARTESIAN_POINT('',(3.47489326619585,8.42145052563643E-16,-13.7532724235261));
#8922=CARTESIAN_POINT('',(3.50422205869416,8.4684453958243E-16,-13.8300208708672));
#8923=CARTESIAN_POINT('',(4.59233574376483,9.38495137255954E-16,-15.3267887183369));
#8924=CARTESIAN_POINT('',(3.50422205869416,8.4684453958243E-16,-13.8300208708672));
#8925=CARTESIAN_POINT('',(3.54413726086028,8.52368587154985E-16,-13.920235413973));
#8926=CARTESIAN_POINT('',(3.5876536387809,8.57772090132838E-16,-14.0084813144501));
#8927=CARTESIAN_POINT('',(3.68284259732859,8.68444955494449E-16,-14.182782433255));
#8928=CARTESIAN_POINT('',(3.73566341591618,8.7369302784818E-16,-14.2684899590066));
#8929=CARTESIAN_POINT('',(3.84587398375728,8.84105305204872E-16,-14.4385353527306));
#8930=CARTESIAN_POINT('',(3.90492658150811,8.89239660142047E-16,-14.5223857321339));
#8931=CARTESIAN_POINT('',(4.02770939251851,8.99415304865234E-16,-14.6885666216813));
#8932=CARTESIAN_POINT('',(4.09245894036658,9.04436984752228E-16,-14.770576877871));
#8933=CARTESIAN_POINT('',(4.22649489190299,9.14382406805756E-16,-14.9329979458957));
#8934=CARTESIAN_POINT('',(4.29652052407037,9.19290867738605E-16,-15.0131591962458));
#8935=CARTESIAN_POINT('',(4.44094840136377,9.29005334556287E-16,-15.1718084790341));
#8936=CARTESIAN_POINT('',(4.51570358226318,9.33802573051878E-16,-15.2501533291399));
#8937=CARTESIAN_POINT('',(4.59233574376485,9.38495137255954E-16,-15.3267887183369));
#8938=CARTESIAN_POINT('',(5.29358271305981,9.24543412753001E-16,-15.0989397660894));
#8939=AXIS2_PLACEMENT_3D('',#8940,#8941,#8942);
#8940=CARTESIAN_POINT('',(0.,0.,0.));
#8941=DIRECTION('',(0.,1.,6.12323399573677E-17));
#8942=DIRECTION('',(0.330848919566239,5.77839632970625E-17,-0.943683735380584));
#8943=CARTESIAN_POINT('',(5.29410710924571,8.11233714565451E-16,-13.2484519639502));
#8944=CARTESIAN_POINT('',(5.29358271305982,9.24543412753E-16,-15.0989397660893));
#8945=CARTESIAN_POINT('',(5.31053428245668,9.17988944699604E-16,-14.9918971794765));
#8946=CARTESIAN_POINT('',(5.32496254673658,9.1141734864976E-16,-14.8845748714539));
#8947=CARTESIAN_POINT('',(5.34855544521873,8.98360008811535E-16,-14.6713323292399));
#8948=CARTESIAN_POINT('',(5.35808977092284,8.91868655314024E-16,-14.5653204815458));
#8949=CARTESIAN_POINT('',(5.3710584251265,8.78998489411673E-16,-14.3551347216792));
#8950=CARTESIAN_POINT('',(5.37523749058869,8.72605433867624E-16,-14.2507282013911));
#8951=CARTESIAN_POINT('',(5.3768921952244,8.59954030942056E-16,-14.0441151120599));
#8952=CARTESIAN_POINT('',(5.37538073395444,8.5367486095552E-16,-13.9415684840704));
#8953=CARTESIAN_POINT('',(5.36459278164637,8.41284511675501E-16,-13.7392187243087));
#8954=CARTESIAN_POINT('',(5.35694810189322,8.35137633236721E-16,-13.63883258125));
#8955=CARTESIAN_POINT('',(5.33150595994356,8.23077113578205E-16,-13.4418693479828));
#8956=CARTESIAN_POINT('',(5.31484181033932,8.17139369586608E-16,-13.3448986296381));
#8957=CARTESIAN_POINT('',(5.29410710924571,8.11233714565451E-16,-13.2484519639502));
#8958=CARTESIAN_POINT('',(5.53868432270347,7.70616907131422E-16,-12.5851291599824));
#8959=CARTESIAN_POINT('',(5.29410710924571,8.11233714565451E-16,-13.2484519639502));
#8960=CARTESIAN_POINT('',(5.27272299531792,8.06376163452937E-16,-13.1691221340613));
#8961=CARTESIAN_POINT('',(5.26447353853104,8.01539981556216E-16,-13.0901412899504));
#8962=CARTESIAN_POINT('',(5.27216558888346,7.93958760952125E-16,-12.9663305616756));
#8963=CARTESIAN_POINT('',(5.27796108066889,7.9110871804937E-16,-12.9197858288638));
#8964=CARTESIAN_POINT('',(5.30102907196956,7.86321836353412E-16,-12.8416101181317));
#8965=CARTESIAN_POINT('',(5.31478407332567,7.84195728267324E-16,-12.806888138087));
#8966=CARTESIAN_POINT('',(5.34827944317522,7.80508310015052E-16,-12.7466680280138));
#8967=CARTESIAN_POINT('',(5.36751242288766,7.78814330891604E-16,-12.7190032494895));
#8968=CARTESIAN_POINT('',(5.40988784745687,7.75887113496931E-16,-12.6711981615782));
#8969=CARTESIAN_POINT('',(5.433553643491,7.74559790634041E-16,-12.6495213342054));
#8970=CARTESIAN_POINT('',(5.48345650777365,7.72333468081244E-16,-12.6131627277183));
#8971=CARTESIAN_POINT('',(5.51010087155948,7.71393887930766E-16,-12.5978182193893));
#8972=CARTESIAN_POINT('',(5.53868432270347,7.70616907131422E-16,-12.5851291599824));
#8973=CARTESIAN_POINT('',(5.6464704139247,7.67678400221376E-16,-12.5371397002934));
#8974=AXIS2_PLACEMENT_3D('',#8975,#8976,#8977);
#8975=CARTESIAN_POINT('',(0.,0.,0.));
#8976=DIRECTION('',(3.08148791101958E-33,-1.,-6.12323399573677E-17));
#8977=DIRECTION('',(0.402813405287525,5.60448659731943E-17,-0.915282120725991));
#8978=CARTESIAN_POINT('',(6.30306942245707,7.83726986231998E-16,-12.7992329997132));
#8979=CARTESIAN_POINT('',(5.6464704139247,7.67678400221376E-16,-12.5371397002934));
#8980=CARTESIAN_POINT('',(5.67502628475895,7.66897626299625E-16,-12.5243886944965));
#8981=CARTESIAN_POINT('',(5.70425803601916,7.6631388977437E-16,-12.5148555535834));
#8982=CARTESIAN_POINT('',(5.76466928012815,7.65532785616432E-16,-12.5020991546204));
#8983=CARTESIAN_POINT('',(5.79661381067331,7.65344037833549E-16,-12.4990166694007));
#8984=CARTESIAN_POINT('',(5.86049460792275,7.65374456220932E-16,-12.4995134393658));
#8985=CARTESIAN_POINT('',(5.89392292030817,7.656327624392E-16,-12.5037319000427));
#8986=CARTESIAN_POINT('',(5.96108796063638,7.66575936907102E-16,-12.5191351080299));
#8987=CARTESIAN_POINT('',(5.99609531283479,7.6737266648761E-16,-12.5321466895089));
#8988=CARTESIAN_POINT('',(6.06962668674988,7.69526018207887E-16,-12.5673135918644));
#8989=CARTESIAN_POINT('',(6.10809410502471,7.71169348207362E-16,-12.5941512074221));
#8990=CARTESIAN_POINT('',(6.20525039339716,7.75892152068077E-16,-12.6712804476896));
#8991=CARTESIAN_POINT('',(6.25842463498811,7.7950357677133E-16,-12.7302594889245));
#8992=CARTESIAN_POINT('',(6.30306942245707,7.83726986231998E-16,-12.7992329997132));
#8993=CARTESIAN_POINT('',(7.67860074676366,8.59522110902119E-16,-14.0370613225062));
#8994=CARTESIAN_POINT('',(6.30306942245707,7.83726986231998E-16,-12.7992329997132));
#8995=CARTESIAN_POINT('',(6.36086903988215,7.88622162892484E-16,-12.8791773014318));
#8996=CARTESIAN_POINT('',(6.42178183491374,7.93353582868846E-16,-12.9564472535462));
#8997=CARTESIAN_POINT('',(6.55112992665567,8.02581377562573E-16,-13.1071485773916));
#8998=CARTESIAN_POINT('',(6.62061608022075,8.07042309363296E-16,-13.1800011223675));
#8999=CARTESIAN_POINT('',(6.76377270805496,8.15823971629061E-16,-13.3234165507487));
#9000=CARTESIAN_POINT('',(6.83896833901947,8.20094334733789E-16,-13.393156872737));
#9001=CARTESIAN_POINT('',(6.99361900074806,8.2848447914321E-16,-13.5301783292952));
#9002=CARTESIAN_POINT('',(7.07400450665303,8.32572102005807E-16,-13.5969342766498));
#9003=CARTESIAN_POINT('',(7.23888068993789,8.40593791838983E-16,-13.7279384133325));
#9004=CARTESIAN_POINT('',(7.32404255513065,8.44503500449361E-16,-13.7917888004498));
#9005=CARTESIAN_POINT('',(7.49829937741579,8.52166983204188E-16,-13.916942971598));
#9006=CARTESIAN_POINT('',(7.58770978850734,8.55907688351024E-16,-13.9780333227007));
#9007=CARTESIAN_POINT('',(7.67860074676367,8.59522110902119E-16,-14.0370613225062));
#9008=CARTESIAN_POINT('',(8.31715132638855,8.36947746454666E-16,-13.6683939734686));
#9009=AXIS2_PLACEMENT_3D('',#9010,#9011,#9012);
#9010=CARTESIAN_POINT('',(0.,0.,0.));
#9011=DIRECTION('',(0.,1.,6.12323399573677E-17));
#9012=DIRECTION('',(0.519821957899285,5.23092341534166E-17,-0.854274623341788));
#9013=CARTESIAN_POINT('',(7.93292621547922,7.26107460987102E-16,-11.8582347415213));
#9014=CARTESIAN_POINT('',(8.31715132638856,8.36947746454666E-16,-13.6683939734686));
#9015=CARTESIAN_POINT('',(8.31147705815057,8.30320700191586E-16,-13.5601660947416));
#9016=CARTESIAN_POINT('',(8.30327646771529,8.23709024213773E-16,-13.4521892318221));
#9017=CARTESIAN_POINT('',(8.28201818725395,8.10636659291634E-16,-13.2387013113664));
#9018=CARTESIAN_POINT('',(8.26930306256526,8.04165776711091E-16,-13.1330237791171));
#9019=CARTESIAN_POINT('',(8.23828824383963,7.91411751922134E-16,-12.924734747572));
#9020=CARTESIAN_POINT('',(8.22066865052927,7.85105196635076E-16,-12.8217408836849));
#9021=CARTESIAN_POINT('',(8.17932991915069,7.72709191306277E-16,-12.6192987536368));
#9022=CARTESIAN_POINT('',(8.15653084412291,7.66586478540851E-16,-12.5193072659738));
#9023=CARTESIAN_POINT('',(8.10390775376733,7.54604228670952E-16,-12.3236222753587));
#9024=CARTESIAN_POINT('',(8.0755586758704,7.48688998075322E-16,-12.2270192286721));
#9025=CARTESIAN_POINT('',(8.0097215469073,7.37215931564568E-16,-12.0396498333699));
#9026=CARTESIAN_POINT('',(7.97326020294277,7.31620091469786E-16,-11.9482628293998));
#9027=CARTESIAN_POINT('',(7.93292621547922,7.26107460987102E-16,-11.8582347415213));
#9028=CARTESIAN_POINT('',(8.03424626428616,6.83264535470753E-16,-11.1585566703227));
#9029=CARTESIAN_POINT('',(7.93292621547922,7.26107460987102E-16,-11.8582347415213));
#9030=CARTESIAN_POINT('',(7.89551579668246,7.21628298450382E-16,-11.7850844660323));
#9031=CARTESIAN_POINT('',(7.8710255694777,7.17002821900289E-16,-11.7095447013701));
#9032=CARTESIAN_POINT('',(7.85280783221765,7.0948934228322E-16,-11.5868402673684));
#9033=CARTESIAN_POINT('',(7.84879948450508,7.06627797717484E-16,-11.5401076981456));
#9034=CARTESIAN_POINT('',(7.85510974065039,7.01651844135157E-16,-11.4588442091822));
#9035=CARTESIAN_POINT('',(7.86134505664533,6.99397082799156E-16,-11.4220211621196));
#9036=CARTESIAN_POINT('',(7.8815880073928,6.95363816631202E-16,-11.3561529269556));
#9037=CARTESIAN_POINT('',(7.8946488694744,6.93462001502651E-16,-11.3250939288857));
#9038=CARTESIAN_POINT('',(7.92615905268953,6.90059272719321E-16,-11.2695231506712));
#9039=CARTESIAN_POINT('',(7.94480082846911,6.88459667705318E-16,-11.2433996183169));
#9040=CARTESIAN_POINT('',(7.98605381608642,6.85646686302159E-16,-11.1974601457258));
#9041=CARTESIAN_POINT('',(8.00892563392516,6.84388430986229E-16,-11.1769112769939));
#9042=CARTESIAN_POINT('',(8.03424626428617,6.83264535470754E-16,-11.1585566703227));
#9043=CARTESIAN_POINT('',(8.12969940110132,6.79018025954367E-16,-11.089205906995));
#9044=AXIS2_PLACEMENT_3D('',#9045,#9046,#9047);
#9045=CARTESIAN_POINT('',(0.,0.,0.));
#9046=DIRECTION('',(-6.16297582203915E-33,-1.,-6.12323399573677E-17));
#9047=DIRECTION('',(0.584308819220812,4.96919662160548E-17,-0.811531394205289));
#9048=CARTESIAN_POINT('',(8.82644240697583,6.863568028439E-16,-11.2090572289377));
#9049=CARTESIAN_POINT('',(8.12969940110132,6.79018025954367E-16,-11.089205906995));
#9050=CARTESIAN_POINT('',(8.15498017446985,6.77890771328009E-16,-11.0707964418799));
#9051=CARTESIAN_POINT('',(8.18159109038422,6.76947643779106E-16,-11.0553940001382));
#9052=CARTESIAN_POINT('',(8.23802999938962,6.75414517945523E-16,-11.0303561551914));
#9053=CARTESIAN_POINT('',(8.268635580585,6.74823211513042E-16,-11.0206993883115));
#9054=CARTESIAN_POINT('',(8.33122371343089,6.74039703908951E-16,-11.007903738094));
#9055=CARTESIAN_POINT('',(8.36479860427926,6.73866792368179E-16,-11.0050798783347));
#9056=CARTESIAN_POINT('',(8.43369843434612,6.73934283500597E-16,-11.0061820921725));
#9057=CARTESIAN_POINT('',(8.47064605181255,6.74267926851295E-16,-11.0116309015913));
#9058=CARTESIAN_POINT('',(8.5498821989158,6.75438100680244E-16,-11.0307412904767));
#9059=CARTESIAN_POINT('',(8.59308886583588,6.76555794377428E-16,-11.048994613769));
#9060=CARTESIAN_POINT('',(8.7041581269591,6.79938504772534E-16,-11.104238466894));
#9061=CARTESIAN_POINT('',(8.76843281597808,6.82794054200949E-16,-11.1508731280944));
#9062=CARTESIAN_POINT('',(8.82644240697583,6.863568028439E-16,-11.2090572289377));
#9063=CARTESIAN_POINT('',(10.4292740511145,7.42983843857174E-16,-12.1338469895886));
#9064=CARTESIAN_POINT('',(8.82644240697583,6.863568028439E-16,-11.2090572289377));
#9065=CARTESIAN_POINT('',(8.89960031902506,6.90409165882591E-16,-11.2752373396686));
#9066=CARTESIAN_POINT('',(8.97524734973273,6.94261717100622E-16,-11.3381542757307));
#9067=CARTESIAN_POINT('',(9.13310144237876,7.01641142218477E-16,-11.4586694336193));
#9068=CARTESIAN_POINT('',(9.21621605257898,7.05119969340576E-16,-11.5154829920187));
#9069=CARTESIAN_POINT('',(9.38606210882823,7.11887215735309E-16,-11.6260005126532));
#9070=CARTESIAN_POINT('',(9.47411436310461,7.15106951648438E-16,-11.6785827905045));
#9071=CARTESIAN_POINT('',(9.65387389953764,7.2134490617302E-16,-11.7804563189198));
#9072=CARTESIAN_POINT('',(9.746382131159,7.24319823277535E-16,-11.8290404022096));
#9073=CARTESIAN_POINT('',(9.93489266581905,7.3006719455231E-16,-11.9229020981496));
#9074=CARTESIAN_POINT('',(10.0314687818763,7.3280727781308E-16,-11.967651053729));
#9075=CARTESIAN_POINT('',(10.2279386898423,7.38084845535197E-16,-12.0538402754015));
#9076=CARTESIAN_POINT('',(10.3280966671226,7.40605530568466E-16,-12.0950061860139));
#9077=CARTESIAN_POINT('',(10.4292740511145,7.42983843857173E-16,-12.1338469895886));
#9078=CARTESIAN_POINT('',(10.9772205166341,7.12773447515393E-16,-11.6404737759761));
#9079=AXIS2_PLACEMENT_3D('',#9080,#9081,#9082);
#9080=CARTESIAN_POINT('',(0.,0.,0.));
#9081=DIRECTION('',(0.,1.,6.12323399573677E-17));
#9082=DIRECTION('',(0.686076282289631,4.4548340469712E-17,-0.727529610998507));
#9083=CARTESIAN_POINT('',(10.2250383796929,6.09246827113447E-16,-9.94975575876454));
#9084=CARTESIAN_POINT('',(10.9772205166341,7.12773447515393E-16,-11.6404737759761));
#9085=CARTESIAN_POINT('',(10.9491684035114,7.06363456764423E-16,-11.5357906827703));
#9086=CARTESIAN_POINT('',(10.9186973635138,7.00000662825212E-16,-11.4318783719939));
#9087=CARTESIAN_POINT('',(10.8535169929737,6.87484597894422E-16,-11.2274755198491));
#9088=CARTESIAN_POINT('',(10.819108129855,6.81316994850359E-16,-11.126750918301));
#9089=CARTESIAN_POINT('',(10.745465334604,6.69236523258672E-16,-10.9294618452377));
#9090=CARTESIAN_POINT('',(10.7068171432969,6.6329209495686E-16,-10.8323819638229));
#9091=CARTESIAN_POINT('',(10.6242916768306,6.51693252140333E-16,-10.6429584855661));
#9092=CARTESIAN_POINT('',(10.5812014170258,6.459945885239E-16,-10.5498922460528));
#9093=CARTESIAN_POINT('',(10.4890430701848,6.3494411988065E-16,-10.3694243976749));
#9094=CARTESIAN_POINT('',(10.4412285848822,6.29519061089626E-16,-10.2808264640535));
#9095=CARTESIAN_POINT('',(10.3378738673629,6.19134875787036E-16,-10.111239848389));
#9096=CARTESIAN_POINT('',(10.2832088647303,6.14125504653029E-16,-10.0294306093905));
#9097=CARTESIAN_POINT('',(10.2250383796929,6.09246827113447E-16,-9.94975575876454));
#9098=CARTESIAN_POINT('',(10.1786730915286,5.6605022494301E-16,-9.24430170947437));
#9099=CARTESIAN_POINT('',(10.2250383796929,6.09246827113447E-16,-9.94975575876454));
#9100=CARTESIAN_POINT('',(10.1732366708437,6.05341814048783E-16,-9.88598205572816));
#9101=CARTESIAN_POINT('',(10.133576013667,6.01129198366056E-16,-9.81718482071052));
#9102=CARTESIAN_POINT('',(10.0902446913312,5.9401183484895E-16,-9.70094945354896));
#9103=CARTESIAN_POINT('',(10.0766076881499,5.91263851848971E-16,-9.65607148543779));
#9104=CARTESIAN_POINT('',(10.0658844206663,5.86316299429097E-16,-9.57527182265634));
#9105=CARTESIAN_POINT('',(10.0643275380707,5.84031428733111E-16,-9.53795705242909));
#9106=CARTESIAN_POINT('',(10.070433355632,5.79828587734772E-16,-9.4693194501218));
#9107=CARTESIAN_POINT('',(10.0767512777368,5.77802055048157E-16,-9.43622365975962));
#9108=CARTESIAN_POINT('',(10.0960190733887,5.74072530452107E-16,-9.3753159009079));
#9109=CARTESIAN_POINT('',(10.108822093859,5.7227055370186E-16,-9.34588738729072));
#9110=CARTESIAN_POINT('',(10.1396222512983,5.68993854233839E-16,-9.29237482398998));
#9111=CARTESIAN_POINT('',(10.1577219149993,5.67471915547541E-16,-9.26751967902316));
#9112=CARTESIAN_POINT('',(10.1786730915286,5.6605022494301E-16,-9.24430170947437));
#9113=CARTESIAN_POINT('',(10.2576215138239,5.60681305663163E-16,-9.15662060364721));
#9114=AXIS2_PLACEMENT_3D('',#9115,#9116,#9117);
#9115=CARTESIAN_POINT('',(0.,0.,0.));
#9116=DIRECTION('',(0.,-1.,-6.12323399573677E-17));
#9117=DIRECTION('',(0.740267133929355,4.11672890867643E-17,-0.672312851598136));
#9118=CARTESIAN_POINT('',(10.96405750434,5.58989533666176E-16,-9.12899187023338));
#9119=CARTESIAN_POINT('',(10.2576215138239,5.60681305663163E-16,-9.15662060364721));
#9120=CARTESIAN_POINT('',(10.2785222986199,5.59256836768536E-16,-9.13335726117788));
#9121=CARTESIAN_POINT('',(10.3013493544697,5.57995537395501E-16,-9.11275867922081));
#9122=CARTESIAN_POINT('',(10.351349277224,5.55777394841954E-16,-9.07653366225932));
#9123=CARTESIAN_POINT('',(10.3792782983095,5.54809372688379E-16,-9.06072466077008));
#9124=CARTESIAN_POINT('',(10.4378383650153,5.532461821348E-16,-9.03519582168493));
#9125=CARTESIAN_POINT('',(10.4700924504863,5.5264960989904E-16,-9.02545305771127));
#9126=CARTESIAN_POINT('',(10.5377158170998,5.51838468009629E-16,-9.01220610536589));
#9127=CARTESIAN_POINT('',(10.5749889116567,5.51694443315094E-16,-9.00985400360667));
#9128=CARTESIAN_POINT('',(10.6564668321025,5.51830297041271E-16,-9.01207266332589));
#9129=CARTESIAN_POINT('',(10.7025244089948,5.52373505858309E-16,-9.0209439365357));
#9130=CARTESIAN_POINT('',(10.8226523831882,5.54268282111493E-16,-9.05188798104721));
#9131=CARTESIAN_POINT('',(10.8952184073009,5.56243155052603E-16,-9.08414010374063));
#9132=CARTESIAN_POINT('',(10.96405750434,5.58989533666176E-16,-9.12899187023338));
#9133=CARTESIAN_POINT('',(12.7241380342224,5.93973617603631E-16,-9.70032531856824));
#9134=CARTESIAN_POINT('',(10.96405750434,5.58989533666176E-16,-9.12899187023338));
#9135=CARTESIAN_POINT('',(11.0493763592062,5.62021975372884E-16,-9.17851540157025));
#9136=CARTESIAN_POINT('',(11.1364514873533,5.64827282857766E-16,-9.22432954956516));
#9137=CARTESIAN_POINT('',(11.3159125995868,5.70035822111688E-16,-9.30939145080147));
#9138=CARTESIAN_POINT('',(11.4090231591283,5.72380503116662E-16,-9.34768299750059));
#9139=CARTESIAN_POINT('',(11.5981355561227,5.76837572500062E-16,-9.42047246441471));
#9140=CARTESIAN_POINT('',(11.6951961276774,5.78865963312181E-16,-9.45359860026924));
#9141=CARTESIAN_POINT('',(11.8922081844908,5.82679099406174E-16,-9.51587183850655));
#9142=CARTESIAN_POINT('',(11.992796088203,5.84411292599902E-16,-9.5441607001593));
#9143=CARTESIAN_POINT('',(12.1967021592997,5.87633157612623E-16,-9.59677774884572));
#9144=CARTESIAN_POINT('',(12.3004716865261,5.89083860736911E-16,-9.62046952879891));
#9145=CARTESIAN_POINT('',(12.5105680024277,5.9174485839228E-16,-9.66392691842703));
#9146=CARTESIAN_POINT('',(12.6170961616781,5.92935357280441E-16,-9.68336924071929));
#9147=CARTESIAN_POINT('',(12.7241380342224,5.9397361760363E-16,-9.70032531856822));
#9148=CARTESIAN_POINT('',(13.1575324957545,5.57447528653225E-16,-9.10380901728305));
#9149=AXIS2_PLACEMENT_3D('',#9150,#9151,#9152);
#9150=CARTESIAN_POINT('',(0.,0.,0.));
#9151=DIRECTION('',(0.,1.,6.12323399573677E-17));
#9152=DIRECTION('',(0.822345780984657,3.48404705408265E-17,-0.56898806358019));
#9153=CARTESIAN_POINT('',(12.0702673015362,4.65759183404301E-16,-7.60642470512447));
#9154=CARTESIAN_POINT('',(13.1575324957545,5.57447528653224E-16,-9.10380901728304));
#9155=CARTESIAN_POINT('',(13.1083285496996,5.51534740768729E-16,-9.00724586309668));
#9156=CARTESIAN_POINT('',(13.0569187908038,5.45698913495337E-16,-8.911939571071));
#9157=CARTESIAN_POINT('',(12.9506650251476,5.34286160652115E-16,-8.72555517270948));
#9158=CARTESIAN_POINT('',(12.8960662560293,5.28691390992999E-16,-8.63418565028046));
#9159=CARTESIAN_POINT('',(12.7830140277827,5.17812447175674E-16,-8.45651901488977));
#9160=CARTESIAN_POINT('',(12.7250263498937,5.1248994590043E-16,-8.36959597260606));
#9161=CARTESIAN_POINT('',(12.6049209072252,5.02195190684678E-16,-8.20146986109507));
#9162=CARTESIAN_POINT('',(12.5434227137669,4.97169635162499E-16,-8.1193963109796));
#9163=CARTESIAN_POINT('',(12.4157568724223,4.87533906251639E-16,-7.96203291579383));
#9164=CARTESIAN_POINT('',(12.350566702161,4.82836120366709E-16,-7.88531225007697));
#9165=CARTESIAN_POINT('',(12.2142114931922,4.73994654998855E-16,-7.74092016292156));
#9166=CARTESIAN_POINT('',(12.1437319548183,4.6979068638181E-16,-7.67226414520327));
#9167=CARTESIAN_POINT('',(12.0702673015362,4.65759183404301E-16,-7.60642470512447));
#9168=CARTESIAN_POINT('',(11.8782430619788,4.24096803374918E-16,-6.92602640484083));
#9169=CARTESIAN_POINT('',(12.0702673015362,4.65759183404301E-16,-7.60642470512447));
#9170=CARTESIAN_POINT('',(12.0063382858834,4.62598987620951E-16,-7.55481479138361));
#9171=CARTESIAN_POINT('',(11.9532405597664,4.58983344325298E-16,-7.49576685530653));
#9172=CARTESIAN_POINT('',(11.8866894390676,4.52573159846751E-16,-7.39108059828925));
#9173=CARTESIAN_POINT('',(11.8640197828941,4.50058838455914E-16,-7.35001861384462));
#9174=CARTESIAN_POINT('',(11.8367316500266,4.45355918980231E-16,-7.27321411022845));
#9175=CARTESIAN_POINT('',(11.8274506120807,4.43140798737701E-16,-7.23703845135158));
#9176=CARTESIAN_POINT('',(11.8191524429294,4.38952067228075E-16,-7.16863127448159));
#9177=CARTESIAN_POINT('',(11.8184513015447,4.36889386186183E-16,-7.13494513667716));
#9178=CARTESIAN_POINT('',(11.8246346145063,4.32996063898505E-16,-7.07136235851796));
#9179=CARTESIAN_POINT('',(11.8310393262371,4.31070470442843E-16,-7.0399150308966));
#9180=CARTESIAN_POINT('',(11.8500405388227,4.27473260400061E-16,-6.98116813268421));
#9181=CARTESIAN_POINT('',(11.8625770062303,4.25754154367059E-16,-6.95309300058573));
#9182=CARTESIAN_POINT('',(11.8782430619788,4.24096803374919E-16,-6.92602640484083));
#9183=CARTESIAN_POINT('',(11.9372363448634,4.17840121867073E-16,-6.82384704157949));
#9184=AXIS2_PLACEMENT_3D('',#9185,#9186,#9187);
#9185=CARTESIAN_POINT('',(0.,0.,0.));
#9186=DIRECTION('',(0.,-1.,-6.12323399573677E-17));
#9187=DIRECTION('',(0.863872222689368,3.08434038818123E-17,-0.503711011261151));
#9188=CARTESIAN_POINT('',(12.6224906773794,4.07191739537857E-16,-6.64994576103673));
#9189=CARTESIAN_POINT('',(11.9372363448634,4.17840121867073E-16,-6.82384704157949));
#9190=CARTESIAN_POINT('',(11.9528436764982,4.16180694830234E-16,-6.79674654145171));
#9191=CARTESIAN_POINT('',(11.9708892204062,4.14656348468054E-16,-6.77185207615377));
#9192=CARTESIAN_POINT('',(12.0122649203589,4.11850132667961E-16,-6.72602309424574));
#9193=CARTESIAN_POINT('',(12.0362967490947,4.10547702006488E-16,-6.70475278737228));
#9194=CARTESIAN_POINT('',(12.088269393743,4.08273147431633E-16,-6.66760649218842));
#9195=CARTESIAN_POINT('',(12.1177930155294,4.0727898757026E-16,-6.651370629537));
#9196=CARTESIAN_POINT('',(12.1811844530756,4.05624663451878E-16,-6.62435346639193));
#9197=CARTESIAN_POINT('',(12.2171540116346,4.05009265282368E-16,-6.61430325158814));
#9198=CARTESIAN_POINT('',(12.297312729325,4.04104861446041E-16,-6.59953321606514));
#9199=CARTESIAN_POINT('',(12.3442082790706,4.04049844551022E-16,-6.59863472198412));
#9200=CARTESIAN_POINT('',(12.4681447974241,4.04373875847877E-16,-6.60392655465098));
#9201=CARTESIAN_POINT('',(12.5458306731663,4.05381760877663E-16,-6.62038656631293));
#9202=CARTESIAN_POINT('',(12.6224906773794,4.07191739537857E-16,-6.64994576103673));
#9203=CARTESIAN_POINT('',(14.4628961280462,4.19003894059167E-16,-6.84285288380118));
#9204=CARTESIAN_POINT('',(12.6224906773794,4.07191739537857E-16,-6.64994576103673));
#9205=CARTESIAN_POINT('',(12.7162416316997,4.09071727658731E-16,-6.68064829701988));
#9206=CARTESIAN_POINT('',(12.8109392563533,4.10707186012014E-16,-6.70735735883953));
#9207=CARTESIAN_POINT('',(13.0041640764198,4.13517201243263E-16,-6.75324839016718));
#9208=CARTESIAN_POINT('',(13.1032012070565,4.14625262320167E-16,-6.77134440083206));
#9209=CARTESIAN_POINT('',(13.3033148255854,4.16577359372788E-16,-6.80322456503909));
#9210=CARTESIAN_POINT('',(13.4051417016934,4.17325754672108E-16,-6.81544678780309));
#9211=CARTESIAN_POINT('',(13.6107959066356,4.18547419990747E-16,-6.83539809653128));
#9212=CARTESIAN_POINT('',(13.7150673083721,4.18961184119138E-16,-6.8421553775478));
#9213=CARTESIAN_POINT('',(13.9254572421486,4.19516731908524E-16,-6.8512281614684));
#9214=CARTESIAN_POINT('',(14.0318849542629,4.19614652208554E-16,-6.85282732132572));
#9215=CARTESIAN_POINT('',(14.2464254609412,4.19542781430752E-16,-6.85165358245094));
#9216=CARTESIAN_POINT('',(14.3546680104238,4.19351063659744E-16,-6.84852259364435));
#9217=CARTESIAN_POINT('',(14.4628961280462,4.19003894059166E-16,-6.84285288380116));
#9218=CARTESIAN_POINT('',(14.7627971679646,3.77758477858889E-16,-6.16926411961226));
#9219=AXIS2_PLACEMENT_3D('',#9220,#9221,#9222);
#9220=CARTESIAN_POINT('',(0.,0.,0.));
#9221=DIRECTION('',(0.,1.,6.12323399573677E-17));
#9222=DIRECTION('',(0.92267482299779,2.36099048661805E-17,-0.385579007475766));
#9223=CARTESIAN_POINT('',(13.3879676227337,3.01915628419861E-16,-4.93065639219515));
#9224=CARTESIAN_POINT('',(14.7627971679646,3.77758477858888E-16,-6.16926411961225));
#9225=CARTESIAN_POINT('',(14.6945918375268,3.72601310044125E-16,-6.08504117764476));
#9226=CARTESIAN_POINT('',(14.6244902128879,3.67547503091805E-16,-6.00250624666158));
#9227=CARTESIAN_POINT('',(14.481806851537,3.57736854399863E-16,-5.84228619466337));
#9228=CARTESIAN_POINT('',(14.4094044046235,3.52959436406481E-16,-5.76426503792319));
#9229=CARTESIAN_POINT('',(14.2618836682405,3.437574824113E-16,-5.61398572471079));
#9230=CARTESIAN_POINT('',(14.187090843549,3.39289527008545E-16,-5.541018475609));
#9231=CARTESIAN_POINT('',(14.0346546088529,3.30748789596215E-16,-5.40153764867544));
#9232=CARTESIAN_POINT('',(13.9574362478963,3.26615983059901E-16,-5.33404379593044));
#9233=CARTESIAN_POINT('',(13.7998425219235,3.18816121472192E-16,-5.20666238941978));
#9234=CARTESIAN_POINT('',(13.7201257899612,3.15050924279005E-16,-5.14517205284585));
#9235=CARTESIAN_POINT('',(13.5567294664795,3.0813859330852E-16,-5.03228512127836));
#9236=CARTESIAN_POINT('',(13.4735156863897,3.04923760809881E-16,-4.97978292226265));
#9237=CARTESIAN_POINT('',(13.3879676227337,3.01915628419861E-16,-4.93065639219515));
#9238=CARTESIAN_POINT('',(13.0586768124864,2.63608316457096E-16,-4.30505051155371));
#9239=CARTESIAN_POINT('',(13.3879676227337,3.01915628419861E-16,-4.93065639219515));
#9240=CARTESIAN_POINT('',(13.3147053050269,2.99638365637858E-16,-4.89346586863213));
#9241=CARTESIAN_POINT('',(13.250491135392,2.96777715691081E-16,-4.8467479096456));
#9242=CARTESIAN_POINT('',(13.1636288196525,2.91354866072284E-16,-4.75818605454466));
#9243=CARTESIAN_POINT('',(13.1329172832427,2.8918409420042E-16,-4.72273465952406));
#9244=CARTESIAN_POINT('',(13.0902569073406,2.84931347817129E-16,-4.65328204043009));
#9245=CARTESIAN_POINT('',(13.073657339938,2.82882789411979E-16,-4.6198265427866));
#9246=CARTESIAN_POINT('',(13.0513178538851,2.78891235057799E-16,-4.55463951323718));
#9247=CARTESIAN_POINT('',(13.0436282922538,2.76882554720004E-16,-4.52183527385659));
#9248=CARTESIAN_POINT('',(13.0364568820778,2.72995591606902E-16,-4.45835634889948));
#9249=CARTESIAN_POINT('',(13.0361833684332,2.7103053911986E-16,-4.42626460639201));
#9250=CARTESIAN_POINT('',(13.0425551919972,2.67270033842516E-16,-4.36485089461875));
#9251=CARTESIAN_POINT('',(13.0489805593291,2.65428893645637E-16,-4.33478279338074));
#9252=CARTESIAN_POINT('',(13.0586768124864,2.63608316457096E-16,-4.30505051155371));
#9253=CARTESIAN_POINT('',(13.095136666417,2.56737319726034E-16,-4.1928386193437));
#9254=AXIS2_PLACEMENT_3D('',#9255,#9256,#9257);
#9255=CARTESIAN_POINT('',(0.,0.,0.));
#9256=DIRECTION('',(-3.08148791101958E-33,-1.,-6.12323399573677E-17));
#9257=DIRECTION('',(0.949721949999014,1.91715139241525E-17,-0.313094582658452));
#9258=CARTESIAN_POINT('',(13.7292604383871,2.37597712468983E-16,-3.88026511210265));
#9259=CARTESIAN_POINT('',(13.095136666417,2.56737319726034E-16,-4.1928386193437));
#9260=CARTESIAN_POINT('',(13.1047684296059,2.54915459471307E-16,-4.16308538345569));
#9261=CARTESIAN_POINT('',(13.1172437847114,2.53194687370635E-16,-4.13498304240731));
#9262=CARTESIAN_POINT('',(13.1481869452319,2.49923043420178E-16,-4.08155304197396));
#9263=CARTESIAN_POINT('',(13.1672712753848,2.48343126720469E-16,-4.05575104419291));
#9264=CARTESIAN_POINT('',(13.210385044012,2.45456617073783E-16,-4.00861076425756));
#9265=CARTESIAN_POINT('',(13.2358878781716,2.44108319143247E-16,-3.98659138803457));
#9266=CARTESIAN_POINT('',(13.2922768766439,2.41683114698194E-16,-3.94698479376198));
#9267=CARTESIAN_POINT('',(13.3253708568949,2.40623238906725E-16,-3.92967570852683));
#9268=CARTESIAN_POINT('',(13.4007070512226,2.38718104295353E-16,-3.89856249918846));
#9269=CARTESIAN_POINT('',(13.4463910132678,2.3806726619059E-16,-3.88793350631941));
#9270=CARTESIAN_POINT('',(13.5687194552158,2.36806390808568E-16,-3.86734184866104));
#9271=CARTESIAN_POINT('',(13.6481299370395,2.3680323851486E-16,-3.86729036779798));
#9272=CARTESIAN_POINT('',(13.7292604383871,2.37597712468983E-16,-3.88026511210265));
#9273=CARTESIAN_POINT('',(15.5695562603989,2.25721689740562E-16,-3.68631494236082));
#9274=CARTESIAN_POINT('',(13.7292604383871,2.37597712468983E-16,-3.88026511210265));
#9275=CARTESIAN_POINT('',(13.8273461255906,2.38243082501956E-16,-3.89080480458252));
#9276=CARTESIAN_POINT('',(13.9255275061438,2.38637214345803E-16,-3.89724146606109));
#9277=CARTESIAN_POINT('',(14.1240711822108,2.38925894404823E-16,-3.90195596920145));
#9278=CARTESIAN_POINT('',(14.224706486101,2.3874890796753E-16,-3.89906556133174));
#9279=CARTESIAN_POINT('',(14.4270754007831,2.38110716680972E-16,-3.88864310667784));
#9280=CARTESIAN_POINT('',(14.5292182583387,2.37546408001714E-16,-3.87942724656779));
#9281=CARTESIAN_POINT('',(14.7345265358155,2.36123209908374E-16,-3.85618465785844));
#9282=CARTESIAN_POINT('',(14.8379242749706,2.35200461493556E-16,-3.84111503263327));
#9283=CARTESIAN_POINT('',(15.045603021758,2.33065411955397E-16,-3.80624702759468));
#9284=CARTESIAN_POINT('',(15.150037517044,2.31806269844183E-16,-3.78568367639674));
#9285=CARTESIAN_POINT('',(15.3596457648775,2.29004671731075E-16,-3.73993010704012));
#9286=CARTESIAN_POINT('',(15.4648719857746,2.27439116287455E-16,-3.71436264636966));
#9287=CARTESIAN_POINT('',(15.5695562603989,2.2572168974056E-16,-3.6863149423608));
#9288=CARTESIAN_POINT('',(15.7228567641744,1.81559568895828E-16,-2.96509277650073));
#9289=AXIS2_PLACEMENT_3D('',#9290,#9291,#9292);
#9290=CARTESIAN_POINT('',(0.,0.,0.));
#9291=DIRECTION('',(0.,1.,6.12323399573677E-17));
#9292=DIRECTION('',(0.982678547760897,1.13474730559892E-17,-0.185318298531295));
#9293=CARTESIAN_POINT('',(14.1205495162215,1.24876911721551E-16,-2.0393947350125));
#9294=CARTESIAN_POINT('',(15.7228567641744,1.81559568895827E-16,-2.96509277650072));
#9295=CARTESIAN_POINT('',(15.6386309495792,1.77383414131138E-16,-2.89689099346259));
#9296=CARTESIAN_POINT('',(15.5529012365789,1.73332503114563E-16,-2.83073459605241));
#9297=CARTESIAN_POINT('',(15.380024227095,1.65552730998455E-16,-2.70368127551094));
#9298=CARTESIAN_POINT('',(15.2929824367419,1.61801460761713E-16,-2.64241838339619));
#9299=CARTESIAN_POINT('',(15.1174405562855,1.54678666134139E-16,-2.52609431946962));
#9300=CARTESIAN_POINT('',(15.0291113901263,1.51260527694603E-16,-2.47027188247121));
#9301=CARTESIAN_POINT('',(14.851006558329,1.44847079293618E-16,-2.36553232155534));
#9302=CARTESIAN_POINT('',(14.7614428427827,1.4178764522021E-16,-2.3155679714172));
#9303=CARTESIAN_POINT('',(14.5808088342253,1.36164542334925E-16,-2.22373573228997));
#9304=CARTESIAN_POINT('',(14.490049544272,1.33496491018244E-16,-2.18016314763063));
#9305=CARTESIAN_POINT('',(14.3067533096763,1.28815396477582E-16,-2.10371507225216));
#9306=CARTESIAN_POINT('',(14.2144421293644,1.26730203704018E-16,-2.06966128996952));
#9307=CARTESIAN_POINT('',(14.1205495162215,1.24876911721551E-16,-2.0393947350125));
#9308=CARTESIAN_POINT('',(13.6683837238048,9.15988811770545E-17,-1.49592325298738));
#9309=CARTESIAN_POINT('',(14.1205495162215,1.24876911721551E-16,-2.0393947350125));
#9310=CARTESIAN_POINT('',(14.041155811296,1.23582109251988E-16,-2.01824900596696));
#9311=CARTESIAN_POINT('',(13.9686316654901,1.21601476783682E-16,-1.98590282305635));
#9312=CARTESIAN_POINT('',(13.8652544547193,1.17402966574697E-16,-1.91733594790657));
#9313=CARTESIAN_POINT('',(13.8278432795847,1.15670617369126E-16,-1.88904453838707));
#9314=CARTESIAN_POINT('',(13.7716751237821,1.12053909502116E-16,-1.82997921654035));
#9315=CARTESIAN_POINT('',(13.7484825076718,1.10261444766727E-16,-1.80070604591454));
#9316=CARTESIAN_POINT('',(13.7130780474545,1.06641517646873E-16,-1.74158814967908));
#9317=CARTESIAN_POINT('',(13.6987361363186,1.04774626982653E-16,-1.71109951139546));
#9318=CARTESIAN_POINT('',(13.6785234280419,1.01063901983888E-16,-1.65049877326675));
#9319=CARTESIAN_POINT('',(13.6715836428806,9.9145272688518E-17,-1.61916517901401));
#9320=CARTESIAN_POINT('',(13.6650475981579,9.53858243021379E-17,-1.55776872758005));
#9321=CARTESIAN_POINT('',(13.6650810460293,9.35031166027579E-17,-1.52702177750938));
#9322=CARTESIAN_POINT('',(13.6683837238048,9.15988811770545E-17,-1.49592325298738));
#9323=CARTESIAN_POINT('',(13.6807166782109,8.44138647506226E-17,-1.37858302997068));
#9324=AXIS2_PLACEMENT_3D('',#9325,#9326,#9327);
#9325=CARTESIAN_POINT('',(0.,0.,0.));
#9326=DIRECTION('',(0.,-1.,-6.12323399573677E-17));
#9327=DIRECTION('',(0.994064270822166,6.66173681287669E-18,-0.108794418399082));
#9328=CARTESIAN_POINT('',(14.2359956379363,5.76195252448959E-17,-0.940998258191878));
#9329=CARTESIAN_POINT('',(13.6807166782109,8.44138647506226E-17,-1.37858302997068));
#9330=CARTESIAN_POINT('',(13.6839519186841,8.25091953133953E-17,-1.3474774175026));
#9331=CARTESIAN_POINT('',(13.6903118521056,8.06672034722104E-17,-1.31739540785758));
#9332=CARTESIAN_POINT('',(13.7094701085973,7.7073117911114E-17,-1.25869953630345));
#9333=CARTESIAN_POINT('',(13.7227728633628,7.52847651142281E-17,-1.22949351872955));
#9334=CARTESIAN_POINT('',(13.7551434773971,7.19124547182808E-17,-1.17441951048007));
#9335=CARTESIAN_POINT('',(13.775510927701,7.02689458079982E-17,-1.14757897308713));
#9336=CARTESIAN_POINT('',(13.8224330172817,6.7178854107946E-17,-1.09711394591026));
#9337=CARTESIAN_POINT('',(13.8512050534852,6.57208223524526E-17,-1.07330248032674));
#9338=CARTESIAN_POINT('',(13.918426171255,6.28982204904028E-17,-1.02720589371883));
#9339=CARTESIAN_POINT('',(13.9609019372424,6.16800059241423E-17,-1.00731094005368));
#9340=CARTESIAN_POINT('',(14.0762759628749,5.88893301677879E-17,-0.961735746319493));
#9341=CARTESIAN_POINT('',(14.1539404316706,5.7875278320947E-17,-0.945175022892185));
#9342=CARTESIAN_POINT('',(14.2359956379363,5.76195252448959E-17,-0.940998258191878));
#9343=CARTESIAN_POINT('',(15.9957520731522,2.25743644474541E-17,-0.368667349037638));
#9344=CARTESIAN_POINT('',(14.2359956379363,5.76195252448959E-17,-0.940998258191878));
#9345=CARTESIAN_POINT('',(14.3341292428249,5.70020714226982E-17,-0.930914472032022));
#9346=CARTESIAN_POINT('',(14.431503381821,5.61376513042776E-17,-0.916797420176377));
#9347=CARTESIAN_POINT('',(14.6266886025261,5.38923794872506E-17,-0.880129348719525));
#9348=CARTESIAN_POINT('',(14.7245238339881,5.24380806923443E-17,-0.856378847008848));
#9349=CARTESIAN_POINT('',(14.9203035521779,4.92374930882107E-17,-0.804109284774872));
#9350=CARTESIAN_POINT('',(15.0182982581702,4.73851434275119E-17,-0.773858119100189));
#9351=CARTESIAN_POINT('',(15.2142876512773,4.33792825081339E-17,-0.708437445610216));
#9352=CARTESIAN_POINT('',(15.3122927504927,4.11603500836732E-17,-0.672199529077783));
#9353=CARTESIAN_POINT('',(15.5081837525031,3.64280151278918E-17,-0.594914634215422));
#9354=CARTESIAN_POINT('',(15.6060607423846,3.38668411577271E-17,-0.553087489083489));
#9355=CARTESIAN_POINT('',(15.8015758451311,2.84579589904156E-17,-0.464753739775896));
#9356=CARTESIAN_POINT('',(15.8991868466579,2.5586988159438E-17,-0.417867227959158));
#9357=CARTESIAN_POINT('',(15.9957520731522,2.25743644474529E-17,-0.368667349037616));
#9358=CARTESIAN_POINT('',(15.9957520731522,-2.25743644474529E-17,0.368667349037616));
#9359=AXIS2_PLACEMENT_3D('',#9360,#9361,#9362);
#9360=CARTESIAN_POINT('',(0.,0.,0.));
#9361=DIRECTION('',(0.,1.,6.12323399573677E-17));
#9362=DIRECTION('',(0.999734504572014,-1.41089777796585E-18,0.0230417093148518));
#9363=CARTESIAN_POINT('',(14.2359956379363,-5.7619525244896E-17,0.940998258191879));
#9364=CARTESIAN_POINT('',(15.9957520731522,-2.25743644474529E-17,0.368667349037617));
#9365=CARTESIAN_POINT('',(15.8991868466579,-2.5586988159438E-17,0.417867227959158));
#9366=CARTESIAN_POINT('',(15.8015758451311,-2.84579589904157E-17,0.464753739775897));
#9367=CARTESIAN_POINT('',(15.6060607423846,-3.38668411577271E-17,0.55308748908349));
#9368=CARTESIAN_POINT('',(15.5081837525031,-3.64280151278918E-17,0.594914634215423));
#9369=CARTESIAN_POINT('',(15.3122927504927,-4.11603500836733E-17,0.672199529077784));
#9370=CARTESIAN_POINT('',(15.2142876512773,-4.33792825081339E-17,0.708437445610217));
#9371=CARTESIAN_POINT('',(15.0182982581702,-4.73851434275119E-17,0.77385811910019));
#9372=CARTESIAN_POINT('',(14.9203035521779,-4.92374930882108E-17,0.804109284774873));
#9373=CARTESIAN_POINT('',(14.7245238339881,-5.24380806923444E-17,0.856378847008849));
#9374=CARTESIAN_POINT('',(14.6266886025261,-5.38923794872506E-17,0.880129348719526));
#9375=CARTESIAN_POINT('',(14.431503381821,-5.61376513042776E-17,0.916797420176378));
#9376=CARTESIAN_POINT('',(14.3341292428249,-5.70020714226983E-17,0.930914472032023));
#9377=CARTESIAN_POINT('',(14.2359956379363,-5.7619525244896E-17,0.940998258191879));
#9378=CARTESIAN_POINT('',(13.6807166782109,-8.44138647506227E-17,1.37858302997068));
#9379=CARTESIAN_POINT('',(14.2359956379363,-5.7619525244896E-17,0.940998258191879));
#9380=CARTESIAN_POINT('',(14.1539404316706,-5.78752783209471E-17,0.945175022892186));
#9381=CARTESIAN_POINT('',(14.0762759628749,-5.88893301677879E-17,0.961735746319494));
#9382=CARTESIAN_POINT('',(13.9609019372424,-6.16800059241423E-17,1.00731094005368));
#9383=CARTESIAN_POINT('',(13.918426171255,-6.28982204904029E-17,1.02720589371883));
#9384=CARTESIAN_POINT('',(13.8512050534852,-6.57208223524526E-17,1.07330248032674));
#9385=CARTESIAN_POINT('',(13.8224330172817,-6.71788541079461E-17,1.09711394591026));
#9386=CARTESIAN_POINT('',(13.775510927701,-7.02689458079982E-17,1.14757897308713));
#9387=CARTESIAN_POINT('',(13.7551434773971,-7.19124547182809E-17,1.17441951048007));
#9388=CARTESIAN_POINT('',(13.7227728633628,-7.52847651142281E-17,1.22949351872955));
#9389=CARTESIAN_POINT('',(13.7094701085973,-7.7073117911114E-17,1.25869953630345));
#9390=CARTESIAN_POINT('',(13.6903118521056,-8.06672034722104E-17,1.31739540785758));
#9391=CARTESIAN_POINT('',(13.6839519186841,-8.25091953133954E-17,1.34747741750261));
#9392=CARTESIAN_POINT('',(13.6807166782109,-8.44138647506226E-17,1.37858302997068));
#9393=CARTESIAN_POINT('',(13.6683837238048,-9.15988811770546E-17,1.49592325298738));
#9394=AXIS2_PLACEMENT_3D('',#9395,#9396,#9397);
#9395=CARTESIAN_POINT('',(0.,0.,0.));
#9396=DIRECTION('',(0.,-1.,-6.12323399573677E-17));
#9397=DIRECTION('',(0.99496121296079,-6.13919016368165E-18,0.100260583997868));
#9398=CARTESIAN_POINT('',(14.1205495162215,-1.24876911721551E-16,2.0393947350125));
#9399=CARTESIAN_POINT('',(13.6683837238048,-9.15988811770546E-17,1.49592325298738));
#9400=CARTESIAN_POINT('',(13.6650810460293,-9.3503116602758E-17,1.52702177750938));
#9401=CARTESIAN_POINT('',(13.6650475981579,-9.5385824302138E-17,1.55776872758005));
#9402=CARTESIAN_POINT('',(13.6715836428806,-9.9145272688518E-17,1.61916517901401));
#9403=CARTESIAN_POINT('',(13.6785234280419,-1.01063901983888E-16,1.65049877326675));
#9404=CARTESIAN_POINT('',(13.6987361363186,-1.04774626982653E-16,1.71109951139547));
#9405=CARTESIAN_POINT('',(13.7130780474545,-1.06641517646873E-16,1.74158814967909));
#9406=CARTESIAN_POINT('',(13.7484825076718,-1.10261444766727E-16,1.80070604591454));
#9407=CARTESIAN_POINT('',(13.7716751237821,-1.12053909502116E-16,1.82997921654036));
#9408=CARTESIAN_POINT('',(13.8278432795847,-1.15670617369126E-16,1.88904453838708));
#9409=CARTESIAN_POINT('',(13.8652544547193,-1.17402966574697E-16,1.91733594790657));
#9410=CARTESIAN_POINT('',(13.9686316654901,-1.21601476783682E-16,1.98590282305635));
#9411=CARTESIAN_POINT('',(14.041155811296,-1.23582109251988E-16,2.01824900596696));
#9412=CARTESIAN_POINT('',(14.1205495162215,-1.24876911721551E-16,2.0393947350125));
#9413=CARTESIAN_POINT('',(15.7228567641744,-1.81559568895826E-16,2.96509277650071));
#9414=CARTESIAN_POINT('',(14.1205495162215,-1.24876911721551E-16,2.0393947350125));
#9415=CARTESIAN_POINT('',(14.2144421293644,-1.26730203704018E-16,2.06966128996952));
#9416=CARTESIAN_POINT('',(14.3067533096763,-1.28815396477582E-16,2.10371507225216));
#9417=CARTESIAN_POINT('',(14.490049544272,-1.33496491018244E-16,2.18016314763063));
#9418=CARTESIAN_POINT('',(14.5808088342253,-1.36164542334925E-16,2.22373573228997));
#9419=CARTESIAN_POINT('',(14.7614428427827,-1.4178764522021E-16,2.3155679714172));
#9420=CARTESIAN_POINT('',(14.851006558329,-1.44847079293618E-16,2.36553232155534));
#9421=CARTESIAN_POINT('',(15.0291113901263,-1.51260527694604E-16,2.47027188247121));
#9422=CARTESIAN_POINT('',(15.1174405562855,-1.54678666134139E-16,2.52609431946962));
#9423=CARTESIAN_POINT('',(15.2929824367419,-1.61801460761713E-16,2.64241838339619));
#9424=CARTESIAN_POINT('',(15.380024227095,-1.65552730998455E-16,2.70368127551094));
#9425=CARTESIAN_POINT('',(15.5529012365789,-1.73332503114563E-16,2.83073459605241));
#9426=CARTESIAN_POINT('',(15.6386309495792,-1.77383414131138E-16,2.89689099346259));
#9427=CARTESIAN_POINT('',(15.7228567641744,-1.81559568895827E-16,2.96509277650072));
#9428=CARTESIAN_POINT('',(15.5695562603989,-2.2572168974056E-16,3.68631494236078));
#9429=AXIS2_PLACEMENT_3D('',#9430,#9431,#9432);
#9430=CARTESIAN_POINT('',(0.,0.,0.));
#9431=DIRECTION('',(0.,1.,6.12323399573677E-17));
#9432=DIRECTION('',(0.973097266274933,-1.4107605608785E-17,0.23039468389755));
#9433=CARTESIAN_POINT('',(13.7292604383871,-2.37597712468983E-16,3.88026511210265));
#9434=CARTESIAN_POINT('',(15.5695562603989,-2.2572168974056E-16,3.6863149423608));
#9435=CARTESIAN_POINT('',(15.4648719857746,-2.27439116287455E-16,3.71436264636966));
#9436=CARTESIAN_POINT('',(15.3596457648775,-2.29004671731075E-16,3.73993010704012));
#9437=CARTESIAN_POINT('',(15.150037517044,-2.31806269844183E-16,3.78568367639674));
#9438=CARTESIAN_POINT('',(15.045603021758,-2.33065411955397E-16,3.80624702759468));
#9439=CARTESIAN_POINT('',(14.8379242749706,-2.35200461493556E-16,3.84111503263327));
#9440=CARTESIAN_POINT('',(14.7345265358155,-2.36123209908374E-16,3.85618465785844));
#9441=CARTESIAN_POINT('',(14.5292182583387,-2.37546408001714E-16,3.87942724656779));
#9442=CARTESIAN_POINT('',(14.4270754007831,-2.38110716680972E-16,3.88864310667784));
#9443=CARTESIAN_POINT('',(14.224706486101,-2.3874890796753E-16,3.89906556133174));
#9444=CARTESIAN_POINT('',(14.1240711822108,-2.38925894404823E-16,3.90195596920145));
#9445=CARTESIAN_POINT('',(13.9255275061438,-2.38637214345803E-16,3.89724146606109));
#9446=CARTESIAN_POINT('',(13.8273461255906,-2.38243082501956E-16,3.89080480458252));
#9447=CARTESIAN_POINT('',(13.7292604383871,-2.37597712468983E-16,3.88026511210265));
#9448=CARTESIAN_POINT('',(13.095136666417,-2.56737319726034E-16,4.1928386193437));
#9449=CARTESIAN_POINT('',(13.7292604383871,-2.37597712468983E-16,3.88026511210265));
#9450=CARTESIAN_POINT('',(13.6481299370395,-2.3680323851486E-16,3.86729036779798));
#9451=CARTESIAN_POINT('',(13.5687194552158,-2.36806390808568E-16,3.86734184866104));
#9452=CARTESIAN_POINT('',(13.4463910132678,-2.3806726619059E-16,3.88793350631941));
#9453=CARTESIAN_POINT('',(13.4007070512226,-2.38718104295353E-16,3.89856249918846));
#9454=CARTESIAN_POINT('',(13.3253708568949,-2.40623238906725E-16,3.92967570852683));
#9455=CARTESIAN_POINT('',(13.2922768766439,-2.41683114698194E-16,3.94698479376198));
#9456=CARTESIAN_POINT('',(13.2358878781716,-2.44108319143247E-16,3.98659138803457));
#9457=CARTESIAN_POINT('',(13.210385044012,-2.45456617073783E-16,4.00861076425756));
#9458=CARTESIAN_POINT('',(13.1672712753848,-2.48343126720469E-16,4.05575104419291));
#9459=CARTESIAN_POINT('',(13.1481869452319,-2.49923043420178E-16,4.08155304197396));
#9460=CARTESIAN_POINT('',(13.1172437847114,-2.53194687370635E-16,4.13498304240731));
#9461=CARTESIAN_POINT('',(13.1047684296059,-2.54915459471307E-16,4.16308538345569));
#9462=CARTESIAN_POINT('',(13.095136666417,-2.56737319726034E-16,4.1928386193437));
#9463=CARTESIAN_POINT('',(13.0586768124864,-2.63608316457096E-16,4.30505051155371));
#9464=AXIS2_PLACEMENT_3D('',#9465,#9466,#9467);
#9465=CARTESIAN_POINT('',(0.,0.,0.));
#9466=DIRECTION('',(0.,-1.,-6.12323399573677E-17));
#9467=DIRECTION('',(0.952373575739421,-1.86718050709843E-17,0.304933717770451));
#9468=CARTESIAN_POINT('',(13.3879676227337,-3.01915628419861E-16,4.93065639219514));
#9469=CARTESIAN_POINT('',(13.0586768124864,-2.63608316457096E-16,4.30505051155371));
#9470=CARTESIAN_POINT('',(13.0489805593291,-2.65428893645637E-16,4.33478279338074));
#9471=CARTESIAN_POINT('',(13.0425551919972,-2.67270033842515E-16,4.36485089461875));
#9472=CARTESIAN_POINT('',(13.0361833684332,-2.7103053911986E-16,4.42626460639201));
#9473=CARTESIAN_POINT('',(13.0364568820778,-2.72995591606902E-16,4.45835634889948));
#9474=CARTESIAN_POINT('',(13.0436282922538,-2.76882554720003E-16,4.52183527385659));
#9475=CARTESIAN_POINT('',(13.0513178538851,-2.78891235057799E-16,4.55463951323718));
#9476=CARTESIAN_POINT('',(13.073657339938,-2.82882789411979E-16,4.6198265427866));
#9477=CARTESIAN_POINT('',(13.0902569073406,-2.84931347817129E-16,4.65328204043009));
#9478=CARTESIAN_POINT('',(13.1329172832427,-2.8918409420042E-16,4.72273465952406));
#9479=CARTESIAN_POINT('',(13.1636288196525,-2.91354866072284E-16,4.75818605454466));
#9480=CARTESIAN_POINT('',(13.250491135392,-2.96777715691081E-16,4.8467479096456));
#9481=CARTESIAN_POINT('',(13.3147053050269,-2.99638365637858E-16,4.89346586863213));
#9482=CARTESIAN_POINT('',(13.3879676227337,-3.01915628419861E-16,4.93065639219514));
#9483=CARTESIAN_POINT('',(14.7627971679646,-3.77758477858887E-16,6.16926411961224));
#9484=CARTESIAN_POINT('',(13.3879676227337,-3.01915628419861E-16,4.93065639219514));
#9485=CARTESIAN_POINT('',(13.4735156863897,-3.04923760809881E-16,4.97978292226265));
#9486=CARTESIAN_POINT('',(13.5567294664795,-3.0813859330852E-16,5.03228512127836));
#9487=CARTESIAN_POINT('',(13.7201257899612,-3.15050924279004E-16,5.14517205284585));
#9488=CARTESIAN_POINT('',(13.7998425219235,-3.18816121472192E-16,5.20666238941978));
#9489=CARTESIAN_POINT('',(13.9574362478963,-3.266159830599E-16,5.33404379593044));
#9490=CARTESIAN_POINT('',(14.0346546088529,-3.30748789596215E-16,5.40153764867544));
#9491=CARTESIAN_POINT('',(14.187090843549,-3.39289527008546E-16,5.541018475609));
#9492=CARTESIAN_POINT('',(14.2618836682405,-3.437574824113E-16,5.61398572471079));
#9493=CARTESIAN_POINT('',(14.4094044046235,-3.52959436406481E-16,5.76426503792319));
#9494=CARTESIAN_POINT('',(14.481806851537,-3.57736854399863E-16,5.84228619466337));
#9495=CARTESIAN_POINT('',(14.6244902128879,-3.67547503091805E-16,6.00250624666158));
#9496=CARTESIAN_POINT('',(14.6945918375268,-3.72601310044125E-16,6.08504117764476));
#9497=CARTESIAN_POINT('',(14.7627971679646,-3.77758477858888E-16,6.16926411961225));
#9498=CARTESIAN_POINT('',(14.4628961280462,-4.19003894059166E-16,6.84285288380116));
#9499=AXIS2_PLACEMENT_3D('',#9500,#9501,#9502);
#9500=CARTESIAN_POINT('',(0.,0.,0.));
#9501=DIRECTION('',(0.,1.,6.12323399573677E-17));
#9502=DIRECTION('',(0.903931008002888,-2.61877433786979E-17,0.427678305237573));
#9503=CARTESIAN_POINT('',(12.6224906773794,-4.07191739537857E-16,6.64994576103673));
#9504=CARTESIAN_POINT('',(14.4628961280462,-4.19003894059166E-16,6.84285288380116));
#9505=CARTESIAN_POINT('',(14.3546680104238,-4.19351063659744E-16,6.84852259364435));
#9506=CARTESIAN_POINT('',(14.2464254609412,-4.19542781430752E-16,6.85165358245095));
#9507=CARTESIAN_POINT('',(14.0318849542629,-4.19614652208553E-16,6.85282732132572));
#9508=CARTESIAN_POINT('',(13.9254572421486,-4.19516731908524E-16,6.8512281614684));
#9509=CARTESIAN_POINT('',(13.7150673083721,-4.18961184119138E-16,6.8421553775478));
#9510=CARTESIAN_POINT('',(13.6107959066356,-4.18547419990747E-16,6.83539809653128));
#9511=CARTESIAN_POINT('',(13.4051417016934,-4.17325754672108E-16,6.81544678780309));
#9512=CARTESIAN_POINT('',(13.3033148255854,-4.16577359372788E-16,6.80322456503909));
#9513=CARTESIAN_POINT('',(13.1032012070565,-4.14625262320167E-16,6.77134440083206));
#9514=CARTESIAN_POINT('',(13.0041640764198,-4.13517201243263E-16,6.75324839016718));
#9515=CARTESIAN_POINT('',(12.8109392563533,-4.10707186012014E-16,6.70735735883953));
#9516=CARTESIAN_POINT('',(12.7162416316997,-4.09071727658731E-16,6.68064829701988));
#9517=CARTESIAN_POINT('',(12.6224906773794,-4.07191739537857E-16,6.64994576103673));
#9518=CARTESIAN_POINT('',(11.9372363448634,-4.17840121867073E-16,6.82384704157949));
#9519=CARTESIAN_POINT('',(12.6224906773794,-4.07191739537857E-16,6.64994576103673));
#9520=CARTESIAN_POINT('',(12.5458306731663,-4.05381760877663E-16,6.62038656631293));
#9521=CARTESIAN_POINT('',(12.4681447974241,-4.04373875847877E-16,6.60392655465099));
#9522=CARTESIAN_POINT('',(12.3442082790706,-4.04049844551022E-16,6.59863472198412));
#9523=CARTESIAN_POINT('',(12.297312729325,-4.04104861446041E-16,6.59953321606514));
#9524=CARTESIAN_POINT('',(12.2171540116346,-4.05009265282367E-16,6.61430325158814));
#9525=CARTESIAN_POINT('',(12.1811844530756,-4.05624663451878E-16,6.62435346639193));
#9526=CARTESIAN_POINT('',(12.1177930155294,-4.0727898757026E-16,6.651370629537));
#9527=CARTESIAN_POINT('',(12.088269393743,-4.08273147431633E-16,6.66760649218842));
#9528=CARTESIAN_POINT('',(12.0362967490947,-4.10547702006488E-16,6.70475278737228));
#9529=CARTESIAN_POINT('',(12.0122649203589,-4.11850132667961E-16,6.72602309424574));
#9530=CARTESIAN_POINT('',(11.9708892204062,-4.14656348468054E-16,6.77185207615378));
#9531=CARTESIAN_POINT('',(11.9528436764982,-4.16180694830234E-16,6.79674654145171));
#9532=CARTESIAN_POINT('',(11.9372363448634,-4.17840121867073E-16,6.82384704157949));
#9533=CARTESIAN_POINT('',(11.8782430619788,-4.24096803374919E-16,6.92602640484083));
#9534=AXIS2_PLACEMENT_3D('',#9535,#9536,#9537);
#9535=CARTESIAN_POINT('',(0.,0.,0.));
#9536=DIRECTION('',(3.08148791101958E-33,-1.,-6.12323399573677E-17));
#9537=DIRECTION('',(0.86816264326279,-3.03883724994235E-17,0.496279784842145));
#9538=CARTESIAN_POINT('',(12.0702673015362,-4.65759183404302E-16,7.60642470512447));
#9539=CARTESIAN_POINT('',(11.8782430619788,-4.24096803374919E-16,6.92602640484083));
#9540=CARTESIAN_POINT('',(11.8625770062303,-4.25754154367059E-16,6.95309300058573));
#9541=CARTESIAN_POINT('',(11.8500405388227,-4.27473260400061E-16,6.98116813268421));
#9542=CARTESIAN_POINT('',(11.8310393262371,-4.31070470442843E-16,7.0399150308966));
#9543=CARTESIAN_POINT('',(11.8246346145063,-4.32996063898505E-16,7.07136235851796));
#9544=CARTESIAN_POINT('',(11.8184513015447,-4.36889386186183E-16,7.13494513667717));
#9545=CARTESIAN_POINT('',(11.8191524429294,-4.38952067228075E-16,7.16863127448159));
#9546=CARTESIAN_POINT('',(11.8274506120807,-4.43140798737702E-16,7.23703845135158));
#9547=CARTESIAN_POINT('',(11.8367316500266,-4.45355918980232E-16,7.27321411022845));
#9548=CARTESIAN_POINT('',(11.8640197828941,-4.50058838455914E-16,7.35001861384462));
#9549=CARTESIAN_POINT('',(11.8866894390676,-4.52573159846751E-16,7.39108059828925));
#9550=CARTESIAN_POINT('',(11.9532405597664,-4.58983344325298E-16,7.49576685530653));
#9551=CARTESIAN_POINT('',(12.0063382858834,-4.62598987620951E-16,7.55481479138361));
#9552=CARTESIAN_POINT('',(12.0702673015362,-4.65759183404301E-16,7.60642470512447));
#9553=CARTESIAN_POINT('',(13.1575324957545,-5.57447528653223E-16,9.10380901728302));
#9554=CARTESIAN_POINT('',(12.0702673015362,-4.65759183404301E-16,7.60642470512447));
#9555=CARTESIAN_POINT('',(12.1437319548183,-4.6979068638181E-16,7.67226414520327));
#9556=CARTESIAN_POINT('',(12.2142114931922,-4.73994654998855E-16,7.74092016292156));
#9557=CARTESIAN_POINT('',(12.350566702161,-4.82836120366709E-16,7.88531225007697));
#9558=CARTESIAN_POINT('',(12.4157568724223,-4.87533906251639E-16,7.96203291579383));
#9559=CARTESIAN_POINT('',(12.5434227137669,-4.97169635162499E-16,8.1193963109796));
#9560=CARTESIAN_POINT('',(12.6049209072252,-5.02195190684678E-16,8.20146986109507));
#9561=CARTESIAN_POINT('',(12.7250263498937,-5.1248994590043E-16,8.36959597260606));
#9562=CARTESIAN_POINT('',(12.7830140277827,-5.17812447175674E-16,8.45651901488977));
#9563=CARTESIAN_POINT('',(12.8960662560293,-5.28691390992999E-16,8.63418565028046));
#9564=CARTESIAN_POINT('',(12.9506650251476,-5.34286160652115E-16,8.72555517270948));
#9565=CARTESIAN_POINT('',(13.0569187908038,-5.45698913495337E-16,8.911939571071));
#9566=CARTESIAN_POINT('',(13.1083285496996,-5.51534740768729E-16,9.00724586309668));
#9567=CARTESIAN_POINT('',(13.1575324957545,-5.57447528653224E-16,9.10380901728304));
#9568=AXIS2_PLACEMENT_3D('',#9569,#9570,#9571);
#9569=CARTESIAN_POINT('',(0.,0.,0.));
#9570=DIRECTION('',(0.,1.,6.12323399573677E-17));
#9571=DIRECTION('',(0.795258627138898,-3.71233511002269E-17,0.606270332410514));
#9572=CARTESIAN_POINT('',(8.12969940110132,-6.79018025954367E-16,11.089205906995));
#9573=CARTESIAN_POINT('',(8.82644240697582,-6.863568028439E-16,11.2090572289377));
#9574=CARTESIAN_POINT('',(8.76843281597808,-6.82794054200949E-16,11.1508731280944));
#9575=CARTESIAN_POINT('',(8.7041581269591,-6.79938504772534E-16,11.104238466894));
#9576=CARTESIAN_POINT('',(8.59308886583587,-6.76555794377428E-16,11.048994613769));
#9577=CARTESIAN_POINT('',(8.5498821989158,-6.75438100680244E-16,11.0307412904767));
#9578=CARTESIAN_POINT('',(8.47064605181254,-6.74267926851295E-16,11.0116309015913));
#9579=CARTESIAN_POINT('',(8.43369843434611,-6.73934283500597E-16,11.0061820921725));
#9580=CARTESIAN_POINT('',(8.36479860427926,-6.73866792368179E-16,11.0050798783347));
#9581=CARTESIAN_POINT('',(8.33122371343089,-6.74039703908951E-16,11.007903738094));
#9582=CARTESIAN_POINT('',(8.26863558058499,-6.74823211513042E-16,11.0206993883115));
#9583=CARTESIAN_POINT('',(8.23802999938962,-6.75414517945523E-16,11.0303561551914));
#9584=CARTESIAN_POINT('',(8.18159109038422,-6.76947643779106E-16,11.0553940001382));
#9585=CARTESIAN_POINT('',(8.15498017446985,-6.77890771328009E-16,11.0707964418799));
#9586=CARTESIAN_POINT('',(8.12969940110132,-6.79018025954367E-16,11.089205906995));
#9587=CARTESIAN_POINT('',(8.03424626428616,-6.83264535470754E-16,11.1585566703227));
#9588=AXIS2_PLACEMENT_3D('',#9589,#9590,#9591);
#9589=CARTESIAN_POINT('',(0.,0.,0.));
#9590=DIRECTION('',(0.,-1.,-6.12323399573677E-17));
#9591=DIRECTION('',(0.591250865534641,-4.93831291603176E-17,0.806487702326909));
#9592=CARTESIAN_POINT('',(7.93292621547921,-7.26107460987102E-16,11.8582347415213));
#9593=CARTESIAN_POINT('',(8.03424626428616,-6.83264535470754E-16,11.1585566703227));
#9594=CARTESIAN_POINT('',(8.00892563392516,-6.84388430986229E-16,11.1769112769939));
#9595=CARTESIAN_POINT('',(7.98605381608641,-6.85646686302159E-16,11.1974601457258));
#9596=CARTESIAN_POINT('',(7.94480082846911,-6.88459667705319E-16,11.2433996183169));
#9597=CARTESIAN_POINT('',(7.92615905268952,-6.90059272719321E-16,11.2695231506712));
#9598=CARTESIAN_POINT('',(7.8946488694744,-6.93462001502651E-16,11.3250939288857));
#9599=CARTESIAN_POINT('',(7.8815880073928,-6.95363816631202E-16,11.3561529269556));
#9600=CARTESIAN_POINT('',(7.86134505664532,-6.99397082799156E-16,11.4220211621196));
#9601=CARTESIAN_POINT('',(7.85510974065038,-7.01651844135157E-16,11.4588442091822));
#9602=CARTESIAN_POINT('',(7.84879948450508,-7.06627797717484E-16,11.5401076981456));
#9603=CARTESIAN_POINT('',(7.85280783221764,-7.0948934228322E-16,11.5868402673684));
#9604=CARTESIAN_POINT('',(7.87102556947769,-7.17002821900289E-16,11.7095447013701));
#9605=CARTESIAN_POINT('',(7.89551579668245,-7.21628298450383E-16,11.7850844660323));
#9606=CARTESIAN_POINT('',(7.93292621547921,-7.26107460987102E-16,11.8582347415213));
#9607=CARTESIAN_POINT('',(8.31715132638856,-8.36947746454665E-16,13.6683939734686));
#9608=CARTESIAN_POINT('',(7.93292621547921,-7.26107460987102E-16,11.8582347415213));
#9609=CARTESIAN_POINT('',(7.97326020294277,-7.31620091469786E-16,11.9482628293998));
#9610=CARTESIAN_POINT('',(8.00972154690729,-7.37215931564568E-16,12.0396498333699));
#9611=CARTESIAN_POINT('',(8.07555867587039,-7.48688998075322E-16,12.2270192286721));
#9612=CARTESIAN_POINT('',(8.10390775376732,-7.54604228670952E-16,12.3236222753587));
#9613=CARTESIAN_POINT('',(8.15653084412291,-7.66586478540851E-16,12.5193072659738));
#9614=CARTESIAN_POINT('',(8.17932991915068,-7.72709191306277E-16,12.6192987536368));
#9615=CARTESIAN_POINT('',(8.22066865052927,-7.85105196635076E-16,12.8217408836849));
#9616=CARTESIAN_POINT('',(8.23828824383962,-7.91411751922134E-16,12.924734747572));
#9617=CARTESIAN_POINT('',(8.26930306256525,-8.04165776711091E-16,13.1330237791171));
#9618=CARTESIAN_POINT('',(8.28201818725395,-8.10636659291634E-16,13.2387013113664));
#9619=CARTESIAN_POINT('',(8.30327646771528,-8.23709024213773E-16,13.4521892318221));
#9620=CARTESIAN_POINT('',(8.31147705815056,-8.30320700191586E-16,13.5601660947416));
#9621=CARTESIAN_POINT('',(8.31715132638855,-8.36947746454666E-16,13.6683939734686));
#9622=CARTESIAN_POINT('',(7.67860074676368,-8.59522110902118E-16,14.0370613225062));
#9623=AXIS2_PLACEMENT_3D('',#9624,#9625,#9626);
#9624=CARTESIAN_POINT('',(0.,0.,0.));
#9625=DIRECTION('',(0.,1.,6.12323399573677E-17));
#9626=DIRECTION('',(0.479912546672729,-5.37201319313824E-17,0.87731633265664));
#9627=CARTESIAN_POINT('',(6.30306942245706,-7.83726986231998E-16,12.7992329997132));
#9628=CARTESIAN_POINT('',(7.67860074676367,-8.59522110902119E-16,14.0370613225062));
#9629=CARTESIAN_POINT('',(7.58770978850734,-8.55907688351024E-16,13.9780333227007));
#9630=CARTESIAN_POINT('',(7.49829937741579,-8.52166983204188E-16,13.916942971598));
#9631=CARTESIAN_POINT('',(7.32404255513065,-8.44503500449361E-16,13.7917888004498));
#9632=CARTESIAN_POINT('',(7.23888068993789,-8.40593791838983E-16,13.7279384133325));
#9633=CARTESIAN_POINT('',(7.07400450665303,-8.32572102005807E-16,13.5969342766498));
#9634=CARTESIAN_POINT('',(6.99361900074806,-8.2848447914321E-16,13.5301783292952));
#9635=CARTESIAN_POINT('',(6.83896833901947,-8.20094334733789E-16,13.393156872737));
#9636=CARTESIAN_POINT('',(6.76377270805496,-8.15823971629061E-16,13.3234165507487));
#9637=CARTESIAN_POINT('',(6.62061608022074,-8.07042309363296E-16,13.1800011223675));
#9638=CARTESIAN_POINT('',(6.55112992665567,-8.02581377562573E-16,13.1071485773916));
#9639=CARTESIAN_POINT('',(6.42178183491374,-7.93353582868846E-16,12.9564472535462));
#9640=CARTESIAN_POINT('',(6.36086903988215,-7.88622162892484E-16,12.8791773014318));
#9641=CARTESIAN_POINT('',(6.30306942245706,-7.83726986231998E-16,12.7992329997132));
#9642=CARTESIAN_POINT('',(5.6464704139247,-7.67678400221376E-16,12.5371397002934));
#9643=CARTESIAN_POINT('',(6.30306942245706,-7.83726986231998E-16,12.7992329997132));
#9644=CARTESIAN_POINT('',(6.25842463498811,-7.7950357677133E-16,12.7302594889245));
#9645=CARTESIAN_POINT('',(6.20525039339716,-7.75892152068077E-16,12.6712804476896));
#9646=CARTESIAN_POINT('',(6.10809410502471,-7.71169348207362E-16,12.5941512074221));
#9647=CARTESIAN_POINT('',(6.06962668674987,-7.69526018207887E-16,12.5673135918644));
#9648=CARTESIAN_POINT('',(5.99609531283478,-7.6737266648761E-16,12.5321466895089));
#9649=CARTESIAN_POINT('',(5.96108796063638,-7.66575936907102E-16,12.5191351080299));
#9650=CARTESIAN_POINT('',(5.89392292030817,-7.656327624392E-16,12.5037319000427));
#9651=CARTESIAN_POINT('',(5.86049460792275,-7.65374456220932E-16,12.4995134393658));
#9652=CARTESIAN_POINT('',(5.7966138106733,-7.65344037833549E-16,12.4990166694007));
#9653=CARTESIAN_POINT('',(5.76466928012814,-7.65532785616433E-16,12.5020991546204));
#9654=CARTESIAN_POINT('',(5.70425803601916,-7.6631388977437E-16,12.5148555535834));
#9655=CARTESIAN_POINT('',(5.67502628475894,-7.66897626299625E-16,12.5243886944965));
#9656=CARTESIAN_POINT('',(5.6464704139247,-7.67678400221376E-16,12.5371397002934));
#9657=CARTESIAN_POINT('',(5.53868432270347,-7.70616907131422E-16,12.5851291599824));
#9658=AXIS2_PLACEMENT_3D('',#9659,#9660,#9661);
#9659=CARTESIAN_POINT('',(0.,0.,0.));
#9660=DIRECTION('',(0.,-1.,-6.12323399573677E-17));
#9661=DIRECTION('',(0.410652393739978,-5.58311563797365E-17,0.911791978203157));
#9662=CARTESIAN_POINT('',(5.29410710924571,-8.11233714565452E-16,13.2484519639502));
#9663=CARTESIAN_POINT('',(5.53868432270347,-7.70616907131422E-16,12.5851291599824));
#9664=CARTESIAN_POINT('',(5.51010087155947,-7.71393887930767E-16,12.5978182193893));
#9665=CARTESIAN_POINT('',(5.48345650777365,-7.72333468081244E-16,12.6131627277183));
#9666=CARTESIAN_POINT('',(5.43355364349099,-7.74559790634041E-16,12.6495213342054));
#9667=CARTESIAN_POINT('',(5.40988784745687,-7.75887113496931E-16,12.6711981615782));
#9668=CARTESIAN_POINT('',(5.36751242288766,-7.78814330891604E-16,12.7190032494895));
#9669=CARTESIAN_POINT('',(5.34827944317521,-7.80508310015052E-16,12.7466680280138));
#9670=CARTESIAN_POINT('',(5.31478407332567,-7.84195728267324E-16,12.806888138087));
#9671=CARTESIAN_POINT('',(5.30102907196956,-7.86321836353412E-16,12.8416101181317));
#9672=CARTESIAN_POINT('',(5.27796108066889,-7.9110871804937E-16,12.9197858288638));
#9673=CARTESIAN_POINT('',(5.27216558888346,-7.93958760952125E-16,12.9663305616756));
#9674=CARTESIAN_POINT('',(5.26447353853104,-8.01539981556216E-16,13.0901412899504));
#9675=CARTESIAN_POINT('',(5.27272299531792,-8.06376163452938E-16,13.1691221340613));
#9676=CARTESIAN_POINT('',(5.29410710924571,-8.11233714565452E-16,13.2484519639502));
#9677=CARTESIAN_POINT('',(5.29358271305983,-9.24543412753E-16,15.0989397660893));
#9678=CARTESIAN_POINT('',(5.29410710924571,-8.11233714565452E-16,13.2484519639502));
#9679=CARTESIAN_POINT('',(5.31484181033931,-8.17139369586608E-16,13.3448986296381));
#9680=CARTESIAN_POINT('',(5.33150595994355,-8.23077113578205E-16,13.4418693479828));
#9681=CARTESIAN_POINT('',(5.35694810189322,-8.35137633236721E-16,13.63883258125));
#9682=CARTESIAN_POINT('',(5.36459278164636,-8.41284511675501E-16,13.7392187243087));
#9683=CARTESIAN_POINT('',(5.37538073395443,-8.5367486095552E-16,13.9415684840704));
#9684=CARTESIAN_POINT('',(5.37689219522439,-8.59954030942056E-16,14.0441151120599));
#9685=CARTESIAN_POINT('',(5.37523749058869,-8.72605433867624E-16,14.2507282013911));
#9686=CARTESIAN_POINT('',(5.37105842512649,-8.78998489411674E-16,14.3551347216792));
#9687=CARTESIAN_POINT('',(5.35808977092284,-8.91868655314024E-16,14.5653204815458));
#9688=CARTESIAN_POINT('',(5.34855544521873,-8.98360008811536E-16,14.6713323292399));
#9689=CARTESIAN_POINT('',(5.32496254673658,-9.1141734864976E-16,14.8845748714539));
#9690=CARTESIAN_POINT('',(5.31053428245667,-9.17988944699604E-16,14.9918971794765));
#9691=CARTESIAN_POINT('',(5.29358271305982,-9.24543412753001E-16,15.0989397660894));
#9692=CARTESIAN_POINT('',(4.59233574376486,-9.38495137255953E-16,15.3267887183369));
#9693=AXIS2_PLACEMENT_3D('',#9694,#9695,#9696);
#9694=CARTESIAN_POINT('',(0.,0.,0.));
#9695=DIRECTION('',(0.,1.,6.12323399573677E-17));
#9696=DIRECTION('',(0.287020983985303,-5.86559460784971E-17,0.957924294896057));
#9697=CARTESIAN_POINT('',(3.50422205869415,-8.4684453958243E-16,13.8300208708672));
#9698=CARTESIAN_POINT('',(4.59233574376485,-9.38495137255954E-16,15.3267887183369));
#9699=CARTESIAN_POINT('',(4.51570358226317,-9.33802573051878E-16,15.2501533291399));
#9700=CARTESIAN_POINT('',(4.44094840136376,-9.29005334556287E-16,15.1718084790341));
#9701=CARTESIAN_POINT('',(4.29652052407037,-9.19290867738605E-16,15.0131591962458));
#9702=CARTESIAN_POINT('',(4.22649489190299,-9.14382406805756E-16,14.9329979458957));
#9703=CARTESIAN_POINT('',(4.09245894036658,-9.04436984752228E-16,14.770576877871));
#9704=CARTESIAN_POINT('',(4.02770939251851,-8.99415304865234E-16,14.6885666216813));
#9705=CARTESIAN_POINT('',(3.9049265815081,-8.89239660142047E-16,14.5223857321339));
#9706=CARTESIAN_POINT('',(3.84587398375728,-8.84105305204872E-16,14.4385353527306));
#9707=CARTESIAN_POINT('',(3.73566341591617,-8.7369302784818E-16,14.2684899590066));
#9708=CARTESIAN_POINT('',(3.68284259732859,-8.68444955494449E-16,14.182782433255));
#9709=CARTESIAN_POINT('',(3.58765363878089,-8.57772090132838E-16,14.0084813144501));
#9710=CARTESIAN_POINT('',(3.54413726086028,-8.52368587154985E-16,13.920235413973));
#9711=CARTESIAN_POINT('',(3.50422205869415,-8.4684453958243E-16,13.8300208708672));
#9712=CARTESIAN_POINT('',(2.9164635748884,-8.22787544669043E-16,13.4371403288181));
#9713=CARTESIAN_POINT('',(3.50422205869415,-8.4684453958243E-16,13.8300208708672));
#9714=CARTESIAN_POINT('',(3.47489326619585,-8.42145052563643E-16,13.7532724235261));
#9715=CARTESIAN_POINT('',(3.43514344154877,-8.37935589174624E-16,13.6845266693716));
#9716=CARTESIAN_POINT('',(3.35614632193657,-8.3207910103954E-16,13.5888829598684));
#9717=CARTESIAN_POINT('',(3.32409936307273,-8.29981956144324E-16,13.5546339846263));
#9718=CARTESIAN_POINT('',(3.25948643622858,-8.26939538335821E-16,13.5049475311832));
#9719=CARTESIAN_POINT('',(3.22794933857319,-8.25714543431305E-16,13.4849418461911));
#9720=CARTESIAN_POINT('',(3.16545452253958,-8.23936906878019E-16,13.4559108381564));
#9721=CARTESIAN_POINT('',(3.13363376627519,-8.23258672121939E-16,13.4448344240172));
#9722=CARTESIAN_POINT('',(3.07125220199607,-8.22415657172576E-16,13.4310669451008));
#9723=CARTESIAN_POINT('',(3.03936485137282,-8.22193597122038E-16,13.4274404292647));
#9724=CARTESIAN_POINT('',(2.97762153341312,-8.22188541604474E-16,13.4273578663973));
#9725=CARTESIAN_POINT('',(2.94704651460664,-8.22387375018848E-16,13.4306050624789));
#9726=CARTESIAN_POINT('',(2.9164635748884,-8.22787544669043E-16,13.4371403288181));
#9727=CARTESIAN_POINT('',(2.80105529866252,-8.24289622120259E-16,13.4616711152009));
#9728=AXIS2_PLACEMENT_3D('',#9729,#9730,#9731);
#9729=CARTESIAN_POINT('',(0.,0.,0.));
#9730=DIRECTION('',(0.,-1.,-6.12323399573677E-17));
#9731=DIRECTION('',(0.212106441810066,-5.98390941577486E-17,0.977246569368587));
#9732=CARTESIAN_POINT('',(2.42391011839373,-8.60905162086037E-16,14.0596482624285));
#9733=CARTESIAN_POINT('',(2.80105529866251,-8.24289622120259E-16,13.4616711152009));
#9734=CARTESIAN_POINT('',(2.77045826070914,-8.24685730414174E-16,13.4681400545586));
#9735=CARTESIAN_POINT('',(2.74120583752752,-8.25265571238017E-16,13.4776095738396));
#9736=CARTESIAN_POINT('',(2.68483409120918,-8.26807933961813E-16,13.5027982686513));
#9737=CARTESIAN_POINT('',(2.65717858376829,-8.2780496429528E-16,13.5190810096696));
#9738=CARTESIAN_POINT('',(2.60578992723853,-8.30128736854803E-16,13.5570310955415));
#9739=CARTESIAN_POINT('',(2.58122540339874,-8.31540844956839E-16,13.5800925709485));
#9740=CARTESIAN_POINT('',(2.53594152283817,-8.34721257421608E-16,13.6320326481525));
#9741=CARTESIAN_POINT('',(2.51526799568397,-8.36625791132223E-16,13.6631360440368));
#9742=CARTESIAN_POINT('',(2.47645045114028,-8.41014391241691E-16,13.73480732285));
#9743=CARTESIAN_POINT('',(2.46110441065773,-8.43728371930593E-16,13.7791299910804));
#9744=CARTESIAN_POINT('',(2.4278387522038,-8.51045997802574E-16,13.8986358906928));
#9745=CARTESIAN_POINT('',(2.41948689772592,-8.55881520690461E-16,13.9776059723728));
#9746=CARTESIAN_POINT('',(2.42391011839373,-8.60905162086037E-16,14.0596482624285));
#9747=CARTESIAN_POINT('',(2.03865913374229,-9.71732095462518E-16,15.8695894381805));
#9748=CARTESIAN_POINT('',(2.42391011839373,-8.60905162086037E-16,14.0596482624285));
#9749=CARTESIAN_POINT('',(2.42413932718346,-8.66945736182765E-16,14.1582983238329));
#9750=CARTESIAN_POINT('',(2.42027797912625,-8.72965876166286E-16,14.2566146708435));
#9751=CARTESIAN_POINT('',(2.40421319037434,-8.85086746390692E-16,14.4545635036473));
#9752=CARTESIAN_POINT('',(2.39081936279524,-8.91196624588854E-16,14.5543453869204));
#9753=CARTESIAN_POINT('',(2.3593006917736,-9.03453555559963E-16,14.7545162603451));
#9754=CARTESIAN_POINT('',(2.33945848117545,-9.09614752908396E-16,14.8551362489447));
#9755=CARTESIAN_POINT('',(2.29488265905818,-9.2196862641472E-16,15.0568903141155));
#9756=CARTESIAN_POINT('',(2.26908758003752,-9.28168775011202E-16,15.1581464248701));
#9757=CARTESIAN_POINT('',(2.21270224532379,-9.40592594019104E-16,15.3610427867689));
#9758=CARTESIAN_POINT('',(2.18133516501091,-9.46820715136775E-16,15.4627557234623));
#9759=CARTESIAN_POINT('',(2.11392221046024,-9.59292361484085E-16,15.6664331650886));
#9760=CARTESIAN_POINT('',(2.07749567584867,-9.65536667324566E-16,15.7684104183641));
#9761=CARTESIAN_POINT('',(2.03865913374227,-9.71732095462518E-16,15.8695894381805));
#9762=CARTESIAN_POINT('',(1.30536363229171,-9.7645142271239E-16,15.9466619010842));
#9763=AXIS2_PLACEMENT_3D('',#9764,#9765,#9766);
#9764=CARTESIAN_POINT('',(0.,0.,0.));
#9765=DIRECTION('',(0.,1.,6.12323399573677E-17));
#9766=DIRECTION('',(0.0815852270182309,-6.10282139195244E-17,0.996666368817762));
#9767=CARTESIAN_POINT('',(0.552223375843265,-8.72950922942158E-16,14.2563704661612));
#9768=CARTESIAN_POINT('',(1.3053636322917,-9.76451422712391E-16,15.9466619010842));
#9769=CARTESIAN_POINT('',(1.24633946072421,-9.70885804428473E-16,15.855768456741));
#9770=CARTESIAN_POINT('',(1.1895066701374,-9.65241694926089E-16,15.7635931535219));
#9771=CARTESIAN_POINT('',(1.08121992911532,-9.53900812860669E-16,15.5783824940352));
#9772=CARTESIAN_POINT('',(1.0293909861193,-9.48208122901523E-16,15.4854138117489));
#9773=CARTESIAN_POINT('',(0.932053280589328,-9.36773631294812E-16,15.2986743924376));
#9774=CARTESIAN_POINT('',(0.885769556741924,-9.31037365891177E-16,15.2049940691373));
#9775=CARTESIAN_POINT('',(0.800220794468154,-9.19520945356786E-16,15.0169166488982));
#9776=CARTESIAN_POINT('',(0.75989211181853,-9.13746994535288E-16,14.9226208760187));
#9777=CARTESIAN_POINT('',(0.687444334634172,-9.02159168571806E-16,14.7333773166259));
#9778=CARTESIAN_POINT('',(0.653597374258763,-8.96353321609972E-16,14.6385606402442));
#9779=CARTESIAN_POINT('',(0.596727763161141,-8.84701841010869E-16,14.4482775217611));
#9780=CARTESIAN_POINT('',(0.572509676881378,-8.78862414040541E-16,14.3529124422232));
#9781=CARTESIAN_POINT('',(0.552223375843265,-8.72950922942158E-16,14.2563704661612));
#9782=CARTESIAN_POINT('',(0.0589932828845594,-8.41936925241991E-16,13.7498734464203));
#9783=CARTESIAN_POINT('',(0.552223375843265,-8.72950922942158E-16,14.2563704661612));
#9784=CARTESIAN_POINT('',(0.539492387282943,-8.67980748498614E-16,14.1752013576965));
#9785=CARTESIAN_POINT('',(0.514904237657633,-8.63357220173175E-16,14.0996934099575));
#9786=CARTESIAN_POINT('',(0.457518840002969,-8.56623004397774E-16,13.9897153202734));
#9787=CARTESIAN_POINT('',(0.433292946430861,-8.54163699901955E-16,13.9495518299098));
#9788=CARTESIAN_POINT('',(0.380422361607945,-8.50365184262599E-16,13.8875173618166));
#9789=CARTESIAN_POINT('',(0.353733840994893,-8.48765462189579E-16,13.8613919177435));
#9790=CARTESIAN_POINT('',(0.298640572599956,-8.46231054798335E-16,13.8200019040186));
#9791=CARTESIAN_POINT('',(0.269818092198292,-8.45162533617816E-16,13.8025516288656));
#9792=CARTESIAN_POINT('',(0.21166213458845,-8.43543765904993E-16,13.7761151458902));
#9793=CARTESIAN_POINT('',(0.181225594121824,-8.42920603110804E-16,13.7659381251423));
#9794=CARTESIAN_POINT('',(0.120848681583557,-8.42129608868115E-16,13.753020208838));
#9795=CARTESIAN_POINT('',(0.0902666702678694,-8.41934849197293E-16,13.7498395420374));
#9796=CARTESIAN_POINT('',(0.0589932828845592,-8.41936925241991E-16,13.7498734464203));
#9797=CARTESIAN_POINT('',(-0.0589932828845621,-8.41936925241991E-16,13.7498734464203));
#9798=AXIS2_PLACEMENT_3D('',#9799,#9800,#9801);
#9799=CARTESIAN_POINT('',(0.,0.,0.));
#9800=DIRECTION('',(0.,-1.,-6.12323399573677E-17));
#9801=DIRECTION('',(0.00429042057342249,-6.12317763812357E-17,0.999990796103296));
#9802=CARTESIAN_POINT('',(-0.552223375843267,-8.72950922942158E-16,14.2563704661612));
#9803=CARTESIAN_POINT('',(-0.0589932828845623,-8.41936925241991E-16,13.7498734464203));
#9804=CARTESIAN_POINT('',(-0.0902666702678723,-8.41934849197294E-16,13.7498395420375));
#9805=CARTESIAN_POINT('',(-0.120848681583559,-8.42129608868115E-16,13.753020208838));
#9806=CARTESIAN_POINT('',(-0.181225594121827,-8.42920603110804E-16,13.7659381251423));
#9807=CARTESIAN_POINT('',(-0.211662134588453,-8.43543765904993E-16,13.7761151458902));
#9808=CARTESIAN_POINT('',(-0.269818092198295,-8.45162533617816E-16,13.8025516288656));
#9809=CARTESIAN_POINT('',(-0.298640572599959,-8.46231054798335E-16,13.8200019040186));
#9810=CARTESIAN_POINT('',(-0.353733840994896,-8.48765462189579E-16,13.8613919177435));
#9811=CARTESIAN_POINT('',(-0.380422361607948,-8.50365184262599E-16,13.8875173618166));
#9812=CARTESIAN_POINT('',(-0.433292946430863,-8.54163699901955E-16,13.9495518299098));
#9813=CARTESIAN_POINT('',(-0.457518840002972,-8.56623004397774E-16,13.9897153202734));
#9814=CARTESIAN_POINT('',(-0.514904237657636,-8.63357220173175E-16,14.0996934099575));
#9815=CARTESIAN_POINT('',(-0.539492387282946,-8.67980748498614E-16,14.1752013576965));
#9816=CARTESIAN_POINT('',(-0.552223375843267,-8.72950922942158E-16,14.2563704661612));
#9817=CARTESIAN_POINT('',(-1.30536363229168,-9.7645142271239E-16,15.9466619010842));
#9818=CARTESIAN_POINT('',(-0.552223375843267,-8.72950922942158E-16,14.2563704661612));
#9819=CARTESIAN_POINT('',(-0.572509676881381,-8.78862414040541E-16,14.3529124422232));
#9820=CARTESIAN_POINT('',(-0.596727763161144,-8.84701841010869E-16,14.4482775217611));
#9821=CARTESIAN_POINT('',(-0.653597374258766,-8.96353321609972E-16,14.6385606402442));
#9822=CARTESIAN_POINT('',(-0.687444334634175,-9.02159168571806E-16,14.7333773166259));
#9823=CARTESIAN_POINT('',(-0.759892111818533,-9.13746994535288E-16,14.9226208760187));
#9824=CARTESIAN_POINT('',(-0.800220794468158,-9.19520945356786E-16,15.0169166488982));
#9825=CARTESIAN_POINT('',(-0.885769556741927,-9.31037365891177E-16,15.2049940691373));
#9826=CARTESIAN_POINT('',(-0.932053280589332,-9.36773631294813E-16,15.2986743924376));
#9827=CARTESIAN_POINT('',(-1.0293909861193,-9.48208122901523E-16,15.4854138117489));
#9828=CARTESIAN_POINT('',(-1.08121992911533,-9.53900812860669E-16,15.5783824940352));
#9829=CARTESIAN_POINT('',(-1.18950667013741,-9.65241694926089E-16,15.763593153522));
#9830=CARTESIAN_POINT('',(-1.24633946072421,-9.70885804428473E-16,15.855768456741));
#9831=CARTESIAN_POINT('',(-1.3053636322917,-9.76451422712391E-16,15.9466619010842));
#9832=CARTESIAN_POINT('',(-2.03865913374226,-9.71732095462518E-16,15.8695894381805));
#9833=AXIS2_PLACEMENT_3D('',#9834,#9835,#9836);
#9834=CARTESIAN_POINT('',(0.,0.,0.));
#9835=DIRECTION('',(0.,1.,6.12323399573677E-17));
#9836=DIRECTION('',(-0.127416195858892,-6.07332559664074E-17,0.99184933988628));
#9837=CARTESIAN_POINT('',(-2.42391011839373,-8.60905162086037E-16,14.0596482624285));
#9838=CARTESIAN_POINT('',(-2.03865913374227,-9.71732095462518E-16,15.8695894381805));
#9839=CARTESIAN_POINT('',(-2.07749567584867,-9.65536667324566E-16,15.7684104183641));
#9840=CARTESIAN_POINT('',(-2.11392221046024,-9.59292361484085E-16,15.6664331650886));
#9841=CARTESIAN_POINT('',(-2.18133516501091,-9.46820715136775E-16,15.4627557234623));
#9842=CARTESIAN_POINT('',(-2.21270224532379,-9.40592594019104E-16,15.3610427867689));
#9843=CARTESIAN_POINT('',(-2.26908758003753,-9.28168775011202E-16,15.1581464248701));
#9844=CARTESIAN_POINT('',(-2.29488265905819,-9.2196862641472E-16,15.0568903141155));
#9845=CARTESIAN_POINT('',(-2.33945848117545,-9.09614752908396E-16,14.8551362489447));
#9846=CARTESIAN_POINT('',(-2.3593006917736,-9.03453555559963E-16,14.7545162603451));
#9847=CARTESIAN_POINT('',(-2.39081936279525,-8.91196624588854E-16,14.5543453869204));
#9848=CARTESIAN_POINT('',(-2.40421319037434,-8.85086746390692E-16,14.4545635036473));
#9849=CARTESIAN_POINT('',(-2.42027797912625,-8.72965876166286E-16,14.2566146708435));
#9850=CARTESIAN_POINT('',(-2.42413932718347,-8.66945736182765E-16,14.1582983238329));
#9851=CARTESIAN_POINT('',(-2.42391011839373,-8.60905162086037E-16,14.0596482624285));
#9852=CARTESIAN_POINT('',(-2.80105529866252,-8.24289622120259E-16,13.4616711152009));
#9853=CARTESIAN_POINT('',(-2.42391011839373,-8.60905162086037E-16,14.0596482624285));
#9854=CARTESIAN_POINT('',(-2.41948689772592,-8.55881520690461E-16,13.9776059723728));
#9855=CARTESIAN_POINT('',(-2.4278387522038,-8.51045997802574E-16,13.8986358906928));
#9856=CARTESIAN_POINT('',(-2.46110441065773,-8.43728371930593E-16,13.7791299910804));
#9857=CARTESIAN_POINT('',(-2.47645045114028,-8.41014391241691E-16,13.73480732285));
#9858=CARTESIAN_POINT('',(-2.51526799568398,-8.36625791132223E-16,13.6631360440368));
#9859=CARTESIAN_POINT('',(-2.53594152283817,-8.34721257421608E-16,13.6320326481525));
#9860=CARTESIAN_POINT('',(-2.58122540339874,-8.31540844956839E-16,13.5800925709485));
#9861=CARTESIAN_POINT('',(-2.60578992723853,-8.30128736854803E-16,13.5570310955415));
#9862=CARTESIAN_POINT('',(-2.6571785837683,-8.2780496429528E-16,13.5190810096696));
#9863=CARTESIAN_POINT('',(-2.68483409120918,-8.26807933961813E-16,13.5027982686513));
#9864=CARTESIAN_POINT('',(-2.74120583752752,-8.25265571238017E-16,13.4776095738396));
#9865=CARTESIAN_POINT('',(-2.77045826070915,-8.24685730414174E-16,13.4681400545586));
#9866=CARTESIAN_POINT('',(-2.80105529866252,-8.24289622120259E-16,13.4616711152009));
#9867=CARTESIAN_POINT('',(-2.91646357488841,-8.22787544669044E-16,13.4371403288181));
#9868=AXIS2_PLACEMENT_3D('',#9869,#9870,#9871);
#9869=CARTESIAN_POINT('',(0.,0.,0.));
#9870=DIRECTION('',(1.54074395550979E-33,-1.,-6.12323399573677E-17));
#9871=DIRECTION('',(-0.203713112630001,-5.99483361542007E-17,0.979030626560067));
#9872=CARTESIAN_POINT('',(-3.50422205869416,-8.4684453958243E-16,13.8300208708672));
#9873=CARTESIAN_POINT('',(-2.91646357488841,-8.22787544669043E-16,13.4371403288181));
#9874=CARTESIAN_POINT('',(-2.94704651460664,-8.22387375018849E-16,13.4306050624789));
#9875=CARTESIAN_POINT('',(-2.97762153341312,-8.22188541604474E-16,13.4273578663973));
#9876=CARTESIAN_POINT('',(-3.03936485137282,-8.22193597122038E-16,13.4274404292647));
#9877=CARTESIAN_POINT('',(-3.07125220199608,-8.22415657172576E-16,13.4310669451008));
#9878=CARTESIAN_POINT('',(-3.1336337662752,-8.23258672121939E-16,13.4448344240172));
#9879=CARTESIAN_POINT('',(-3.16545452253958,-8.23936906878019E-16,13.4559108381564));
#9880=CARTESIAN_POINT('',(-3.22794933857319,-8.25714543431305E-16,13.4849418461911));
#9881=CARTESIAN_POINT('',(-3.25948643622858,-8.26939538335821E-16,13.5049475311832));
#9882=CARTESIAN_POINT('',(-3.32409936307274,-8.29981956144324E-16,13.5546339846263));
#9883=CARTESIAN_POINT('',(-3.35614632193657,-8.3207910103954E-16,13.5888829598684));
#9884=CARTESIAN_POINT('',(-3.43514344154877,-8.37935589174624E-16,13.6845266693716));
#9885=CARTESIAN_POINT('',(-3.47489326619585,-8.42145052563643E-16,13.7532724235261));
#9886=CARTESIAN_POINT('',(-3.50422205869416,-8.4684453958243E-16,13.8300208708672));
#9887=CARTESIAN_POINT('',(-4.59233574376483,-9.38495137255954E-16,15.3267887183369));
#9888=CARTESIAN_POINT('',(-3.50422205869416,-8.4684453958243E-16,13.8300208708672));
#9889=CARTESIAN_POINT('',(-3.54413726086028,-8.52368587154985E-16,13.920235413973));
#9890=CARTESIAN_POINT('',(-3.5876536387809,-8.57772090132838E-16,14.0084813144501));
#9891=CARTESIAN_POINT('',(-3.68284259732859,-8.68444955494449E-16,14.182782433255));
#9892=CARTESIAN_POINT('',(-3.73566341591618,-8.7369302784818E-16,14.2684899590066));
#9893=CARTESIAN_POINT('',(-3.84587398375728,-8.84105305204872E-16,14.4385353527306));
#9894=CARTESIAN_POINT('',(-3.90492658150811,-8.89239660142047E-16,14.5223857321339));
#9895=CARTESIAN_POINT('',(-4.02770939251851,-8.99415304865234E-16,14.6885666216813));
#9896=CARTESIAN_POINT('',(-4.09245894036658,-9.04436984752228E-16,14.770576877871));
#9897=CARTESIAN_POINT('',(-4.22649489190299,-9.14382406805756E-16,14.9329979458957));
#9898=CARTESIAN_POINT('',(-4.29652052407037,-9.19290867738605E-16,15.0131591962458));
#9899=CARTESIAN_POINT('',(-4.44094840136377,-9.29005334556287E-16,15.1718084790341));
#9900=CARTESIAN_POINT('',(-4.51570358226318,-9.33802573051878E-16,15.2501533291399));
#9901=CARTESIAN_POINT('',(-4.59233574376485,-9.38495137255954E-16,15.3267887183369));
#9902=CARTESIAN_POINT('',(-5.29358271305981,-9.24543412753E-16,15.0989397660894));
#9903=AXIS2_PLACEMENT_3D('',#9904,#9905,#9906);
#9904=CARTESIAN_POINT('',(0.,0.,0.));
#9905=DIRECTION('',(0.,1.,6.12323399573677E-17));
#9906=DIRECTION('',(-0.330848919566239,-5.77839632970625E-17,0.943683735380584));
#9907=CARTESIAN_POINT('',(-5.29410710924571,-8.11233714565451E-16,13.2484519639502));
#9908=CARTESIAN_POINT('',(-5.29358271305982,-9.24543412753E-16,15.0989397660893));
#9909=CARTESIAN_POINT('',(-5.31053428245668,-9.17988944699604E-16,14.9918971794765));
#9910=CARTESIAN_POINT('',(-5.32496254673658,-9.1141734864976E-16,14.8845748714539));
#9911=CARTESIAN_POINT('',(-5.34855544521873,-8.98360008811535E-16,14.6713323292399));
#9912=CARTESIAN_POINT('',(-5.35808977092284,-8.91868655314024E-16,14.5653204815458));
#9913=CARTESIAN_POINT('',(-5.3710584251265,-8.78998489411673E-16,14.3551347216792));
#9914=CARTESIAN_POINT('',(-5.37523749058869,-8.72605433867624E-16,14.2507282013911));
#9915=CARTESIAN_POINT('',(-5.3768921952244,-8.59954030942056E-16,14.0441151120599));
#9916=CARTESIAN_POINT('',(-5.37538073395444,-8.5367486095552E-16,13.9415684840704));
#9917=CARTESIAN_POINT('',(-5.36459278164637,-8.41284511675501E-16,13.7392187243087));
#9918=CARTESIAN_POINT('',(-5.35694810189322,-8.35137633236721E-16,13.63883258125));
#9919=CARTESIAN_POINT('',(-5.33150595994356,-8.23077113578205E-16,13.4418693479828));
#9920=CARTESIAN_POINT('',(-5.31484181033932,-8.17139369586608E-16,13.3448986296381));
#9921=CARTESIAN_POINT('',(-5.29410710924571,-8.11233714565451E-16,13.2484519639502));
#9922=CARTESIAN_POINT('',(-5.53868432270347,-7.70616907131422E-16,12.5851291599824));
#9923=CARTESIAN_POINT('',(-5.29410710924571,-8.11233714565451E-16,13.2484519639502));
#9924=CARTESIAN_POINT('',(-5.27272299531792,-8.06376163452937E-16,13.1691221340613));
#9925=CARTESIAN_POINT('',(-5.26447353853104,-8.01539981556216E-16,13.0901412899504));
#9926=CARTESIAN_POINT('',(-5.27216558888346,-7.93958760952125E-16,12.9663305616756));
#9927=CARTESIAN_POINT('',(-5.27796108066889,-7.9110871804937E-16,12.9197858288638));
#9928=CARTESIAN_POINT('',(-5.30102907196956,-7.86321836353412E-16,12.8416101181317));
#9929=CARTESIAN_POINT('',(-5.31478407332567,-7.84195728267324E-16,12.806888138087));
#9930=CARTESIAN_POINT('',(-5.34827944317522,-7.80508310015052E-16,12.7466680280138));
#9931=CARTESIAN_POINT('',(-5.36751242288766,-7.78814330891604E-16,12.7190032494895));
#9932=CARTESIAN_POINT('',(-5.40988784745687,-7.75887113496931E-16,12.6711981615782));
#9933=CARTESIAN_POINT('',(-5.433553643491,-7.74559790634041E-16,12.6495213342054));
#9934=CARTESIAN_POINT('',(-5.48345650777365,-7.72333468081244E-16,12.6131627277183));
#9935=CARTESIAN_POINT('',(-5.51010087155948,-7.71393887930766E-16,12.5978182193893));
#9936=CARTESIAN_POINT('',(-5.53868432270347,-7.70616907131422E-16,12.5851291599824));
#9937=CARTESIAN_POINT('',(-5.6464704139247,-7.67678400221376E-16,12.5371397002934));
#9938=AXIS2_PLACEMENT_3D('',#9939,#9940,#9941);
#9939=CARTESIAN_POINT('',(0.,0.,0.));
#9940=DIRECTION('',(3.08148791101958E-33,-1.,-6.12323399573677E-17));
#9941=DIRECTION('',(-0.402813405287525,-5.60448659731943E-17,0.915282120725991));
#9942=CARTESIAN_POINT('',(-6.30306942245707,-7.83726986231998E-16,12.7992329997132));
#9943=CARTESIAN_POINT('',(-5.6464704139247,-7.67678400221376E-16,12.5371397002934));
#9944=CARTESIAN_POINT('',(-5.67502628475895,-7.66897626299625E-16,12.5243886944965));
#9945=CARTESIAN_POINT('',(-5.70425803601916,-7.6631388977437E-16,12.5148555535834));
#9946=CARTESIAN_POINT('',(-5.76466928012815,-7.65532785616432E-16,12.5020991546204));
#9947=CARTESIAN_POINT('',(-5.79661381067331,-7.65344037833549E-16,12.4990166694007));
#9948=CARTESIAN_POINT('',(-5.86049460792275,-7.65374456220932E-16,12.4995134393658));
#9949=CARTESIAN_POINT('',(-5.89392292030817,-7.656327624392E-16,12.5037319000427));
#9950=CARTESIAN_POINT('',(-5.96108796063638,-7.66575936907102E-16,12.5191351080299));
#9951=CARTESIAN_POINT('',(-5.99609531283479,-7.6737266648761E-16,12.5321466895089));
#9952=CARTESIAN_POINT('',(-6.06962668674988,-7.69526018207887E-16,12.5673135918644));
#9953=CARTESIAN_POINT('',(-6.10809410502471,-7.71169348207362E-16,12.5941512074221));
#9954=CARTESIAN_POINT('',(-6.20525039339716,-7.75892152068077E-16,12.6712804476896));
#9955=CARTESIAN_POINT('',(-6.25842463498811,-7.7950357677133E-16,12.7302594889245));
#9956=CARTESIAN_POINT('',(-6.30306942245707,-7.83726986231998E-16,12.7992329997132));
#9957=CARTESIAN_POINT('',(-7.67860074676366,-8.59522110902119E-16,14.0370613225062));
#9958=CARTESIAN_POINT('',(-6.30306942245707,-7.83726986231998E-16,12.7992329997132));
#9959=CARTESIAN_POINT('',(-6.36086903988215,-7.88622162892484E-16,12.8791773014318));
#9960=CARTESIAN_POINT('',(-6.42178183491374,-7.93353582868846E-16,12.9564472535462));
#9961=CARTESIAN_POINT('',(-6.55112992665567,-8.02581377562573E-16,13.1071485773916));
#9962=CARTESIAN_POINT('',(-6.62061608022075,-8.07042309363296E-16,13.1800011223675));
#9963=CARTESIAN_POINT('',(-6.76377270805496,-8.15823971629061E-16,13.3234165507487));
#9964=CARTESIAN_POINT('',(-6.83896833901947,-8.20094334733789E-16,13.393156872737));
#9965=CARTESIAN_POINT('',(-6.99361900074806,-8.2848447914321E-16,13.5301783292952));
#9966=CARTESIAN_POINT('',(-7.07400450665303,-8.32572102005807E-16,13.5969342766498));
#9967=CARTESIAN_POINT('',(-7.23888068993789,-8.40593791838983E-16,13.7279384133325));
#9968=CARTESIAN_POINT('',(-7.32404255513065,-8.44503500449361E-16,13.7917888004498));
#9969=CARTESIAN_POINT('',(-7.49829937741579,-8.52166983204188E-16,13.916942971598));
#9970=CARTESIAN_POINT('',(-7.58770978850734,-8.55907688351024E-16,13.9780333227007));
#9971=CARTESIAN_POINT('',(-7.67860074676367,-8.59522110902119E-16,14.0370613225062));
#9972=CARTESIAN_POINT('',(-8.31715132638854,-8.36947746454666E-16,13.6683939734686));
#9973=AXIS2_PLACEMENT_3D('',#9974,#9975,#9976);
#9974=CARTESIAN_POINT('',(0.,0.,0.));
#9975=DIRECTION('',(0.,1.,6.12323399573677E-17));
#9976=DIRECTION('',(-0.519821957899285,-5.23092341534166E-17,0.854274623341788));
#9977=CARTESIAN_POINT('',(-7.93292621547922,-7.26107460987102E-16,11.8582347415213));
#9978=CARTESIAN_POINT('',(-8.31715132638856,-8.36947746454666E-16,13.6683939734686));
#9979=CARTESIAN_POINT('',(-8.31147705815057,-8.30320700191586E-16,13.5601660947416));
#9980=CARTESIAN_POINT('',(-8.30327646771529,-8.23709024213773E-16,13.4521892318221));
#9981=CARTESIAN_POINT('',(-8.28201818725395,-8.10636659291634E-16,13.2387013113664));
#9982=CARTESIAN_POINT('',(-8.26930306256526,-8.04165776711091E-16,13.1330237791171));
#9983=CARTESIAN_POINT('',(-8.23828824383963,-7.91411751922134E-16,12.924734747572));
#9984=CARTESIAN_POINT('',(-8.22066865052927,-7.85105196635076E-16,12.8217408836849));
#9985=CARTESIAN_POINT('',(-8.17932991915069,-7.72709191306277E-16,12.6192987536368));
#9986=CARTESIAN_POINT('',(-8.15653084412291,-7.66586478540851E-16,12.5193072659738));
#9987=CARTESIAN_POINT('',(-8.10390775376733,-7.54604228670952E-16,12.3236222753587));
#9988=CARTESIAN_POINT('',(-8.0755586758704,-7.48688998075322E-16,12.2270192286721));
#9989=CARTESIAN_POINT('',(-8.0097215469073,-7.37215931564568E-16,12.0396498333699));
#9990=CARTESIAN_POINT('',(-7.97326020294277,-7.31620091469786E-16,11.9482628293998));
#9991=CARTESIAN_POINT('',(-7.93292621547922,-7.26107460987102E-16,11.8582347415213));
#9992=CARTESIAN_POINT('',(-8.03424626428616,-6.83264535470753E-16,11.1585566703227));
#9993=CARTESIAN_POINT('',(-7.93292621547922,-7.26107460987102E-16,11.8582347415213));
#9994=CARTESIAN_POINT('',(-7.89551579668246,-7.21628298450382E-16,11.7850844660323));
#9995=CARTESIAN_POINT('',(-7.8710255694777,-7.17002821900289E-16,11.7095447013701));
#9996=CARTESIAN_POINT('',(-7.85280783221765,-7.0948934228322E-16,11.5868402673684));
#9997=CARTESIAN_POINT('',(-7.84879948450508,-7.06627797717484E-16,11.5401076981456));
#9998=CARTESIAN_POINT('',(-7.85510974065039,-7.01651844135157E-16,11.4588442091822));
#9999=CARTESIAN_POINT('',(-7.86134505664533,-6.99397082799156E-16,11.4220211621196));
#10000=CARTESIAN_POINT('',(-7.8815880073928,-6.95363816631202E-16,11.3561529269556));
#10001=CARTESIAN_POINT('',(-7.8946488694744,-6.93462001502651E-16,11.3250939288857));
#10002=CARTESIAN_POINT('',(-7.92615905268953,-6.90059272719321E-16,11.2695231506712));
#10003=CARTESIAN_POINT('',(-7.94480082846911,-6.88459667705318E-16,11.2433996183169));
#10004=CARTESIAN_POINT('',(-7.98605381608642,-6.85646686302159E-16,11.1974601457258));
#10005=CARTESIAN_POINT('',(-8.00892563392516,-6.84388430986229E-16,11.1769112769939));
#10006=CARTESIAN_POINT('',(-8.03424626428617,-6.83264535470754E-16,11.1585566703227));
#10007=CARTESIAN_POINT('',(-8.12969940110132,-6.79018025954367E-16,11.089205906995));
#10008=AXIS2_PLACEMENT_3D('',#10009,#10010,#10011);
#10009=CARTESIAN_POINT('',(0.,0.,0.));
#10010=DIRECTION('',(-6.16297582203915E-33,-1.,-6.12323399573677E-17));
#10011=DIRECTION('',(-0.584308819220812,-4.96919662160548E-17,0.811531394205289));
#10012=CARTESIAN_POINT('',(-8.82644240697583,-6.863568028439E-16,11.2090572289377));
#10013=CARTESIAN_POINT('',(-8.12969940110132,-6.79018025954367E-16,11.089205906995));
#10014=CARTESIAN_POINT('',(-8.15498017446985,-6.77890771328009E-16,11.0707964418799));
#10015=CARTESIAN_POINT('',(-8.18159109038422,-6.76947643779106E-16,11.0553940001382));
#10016=CARTESIAN_POINT('',(-8.23802999938962,-6.75414517945523E-16,11.0303561551914));
#10017=CARTESIAN_POINT('',(-8.268635580585,-6.74823211513042E-16,11.0206993883115));
#10018=CARTESIAN_POINT('',(-8.33122371343089,-6.74039703908951E-16,11.007903738094));
#10019=CARTESIAN_POINT('',(-8.36479860427926,-6.73866792368179E-16,11.0050798783347));
#10020=CARTESIAN_POINT('',(-8.43369843434612,-6.73934283500597E-16,11.0061820921725));
#10021=CARTESIAN_POINT('',(-8.47064605181255,-6.74267926851295E-16,11.0116309015913));
#10022=CARTESIAN_POINT('',(-8.5498821989158,-6.75438100680244E-16,11.0307412904767));
#10023=CARTESIAN_POINT('',(-8.59308886583588,-6.76555794377428E-16,11.048994613769));
#10024=CARTESIAN_POINT('',(-8.7041581269591,-6.79938504772534E-16,11.104238466894));
#10025=CARTESIAN_POINT('',(-8.76843281597808,-6.82794054200949E-16,11.1508731280944));
#10026=CARTESIAN_POINT('',(-8.82644240697583,-6.863568028439E-16,11.2090572289377));
#10027=CARTESIAN_POINT('',(-10.4292740511145,-7.42983843857173E-16,12.1338469895886));
#10028=CARTESIAN_POINT('',(-8.82644240697583,-6.863568028439E-16,11.2090572289377));
#10029=CARTESIAN_POINT('',(-8.89960031902506,-6.90409165882591E-16,11.2752373396686));
#10030=CARTESIAN_POINT('',(-8.97524734973273,-6.94261717100622E-16,11.3381542757307));
#10031=CARTESIAN_POINT('',(-9.13310144237876,-7.01641142218477E-16,11.4586694336193));
#10032=CARTESIAN_POINT('',(-9.21621605257898,-7.05119969340576E-16,11.5154829920187));
#10033=CARTESIAN_POINT('',(-9.38606210882823,-7.11887215735309E-16,11.6260005126532));
#10034=CARTESIAN_POINT('',(-9.47411436310461,-7.15106951648438E-16,11.6785827905045));
#10035=CARTESIAN_POINT('',(-9.65387389953764,-7.2134490617302E-16,11.7804563189198));
#10036=CARTESIAN_POINT('',(-9.746382131159,-7.24319823277535E-16,11.8290404022096));
#10037=CARTESIAN_POINT('',(-9.93489266581905,-7.3006719455231E-16,11.9229020981496));
#10038=CARTESIAN_POINT('',(-10.0314687818763,-7.3280727781308E-16,11.967651053729));
#10039=CARTESIAN_POINT('',(-10.2279386898423,-7.38084845535197E-16,12.0538402754015));
#10040=CARTESIAN_POINT('',(-10.3280966671226,-7.40605530568466E-16,12.0950061860139));
#10041=CARTESIAN_POINT('',(-10.4292740511145,-7.42983843857173E-16,12.1338469895886));
#10042=CARTESIAN_POINT('',(-10.9772205166341,-7.12773447515394E-16,11.6404737759761));
#10043=AXIS2_PLACEMENT_3D('',#10044,#10045,#10046);
#10044=CARTESIAN_POINT('',(0.,0.,0.));
#10045=DIRECTION('',(0.,1.,6.12323399573677E-17));
#10046=DIRECTION('',(-0.68607628228963,-4.45483404697121E-17,0.727529610998508));
#10047=CARTESIAN_POINT('',(-10.2250383796929,-6.09246827113447E-16,9.94975575876454));
#10048=CARTESIAN_POINT('',(-10.9772205166341,-7.12773447515393E-16,11.6404737759761));
#10049=CARTESIAN_POINT('',(-10.9491684035114,-7.06363456764423E-16,11.5357906827703));
#10050=CARTESIAN_POINT('',(-10.9186973635138,-7.00000662825212E-16,11.4318783719939));
#10051=CARTESIAN_POINT('',(-10.8535169929737,-6.87484597894422E-16,11.2274755198491));
#10052=CARTESIAN_POINT('',(-10.819108129855,-6.81316994850359E-16,11.126750918301));
#10053=CARTESIAN_POINT('',(-10.745465334604,-6.69236523258672E-16,10.9294618452377));
#10054=CARTESIAN_POINT('',(-10.7068171432969,-6.6329209495686E-16,10.8323819638229));
#10055=CARTESIAN_POINT('',(-10.6242916768306,-6.51693252140333E-16,10.6429584855661));
#10056=CARTESIAN_POINT('',(-10.5812014170258,-6.459945885239E-16,10.5498922460528));
#10057=CARTESIAN_POINT('',(-10.4890430701848,-6.3494411988065E-16,10.3694243976749));
#10058=CARTESIAN_POINT('',(-10.4412285848822,-6.29519061089626E-16,10.2808264640535));
#10059=CARTESIAN_POINT('',(-10.3378738673629,-6.19134875787036E-16,10.111239848389));
#10060=CARTESIAN_POINT('',(-10.2832088647303,-6.14125504653029E-16,10.0294306093905));
#10061=CARTESIAN_POINT('',(-10.2250383796929,-6.09246827113447E-16,9.94975575876454));
#10062=CARTESIAN_POINT('',(-10.1786730915286,-5.6605022494301E-16,9.24430170947437));
#10063=CARTESIAN_POINT('',(-10.2250383796929,-6.09246827113447E-16,9.94975575876454));
#10064=CARTESIAN_POINT('',(-10.1732366708437,-6.05341814048783E-16,9.88598205572816));
#10065=CARTESIAN_POINT('',(-10.133576013667,-6.01129198366056E-16,9.81718482071052));
#10066=CARTESIAN_POINT('',(-10.0902446913312,-5.9401183484895E-16,9.70094945354896));
#10067=CARTESIAN_POINT('',(-10.0766076881499,-5.91263851848971E-16,9.65607148543779));
#10068=CARTESIAN_POINT('',(-10.0658844206663,-5.86316299429097E-16,9.57527182265634));
#10069=CARTESIAN_POINT('',(-10.0643275380707,-5.84031428733111E-16,9.53795705242909));
#10070=CARTESIAN_POINT('',(-10.070433355632,-5.79828587734772E-16,9.4693194501218));
#10071=CARTESIAN_POINT('',(-10.0767512777368,-5.77802055048157E-16,9.43622365975962));
#10072=CARTESIAN_POINT('',(-10.0960190733887,-5.74072530452107E-16,9.3753159009079));
#10073=CARTESIAN_POINT('',(-10.108822093859,-5.7227055370186E-16,9.34588738729072));
#10074=CARTESIAN_POINT('',(-10.1396222512983,-5.68993854233839E-16,9.29237482398998));
#10075=CARTESIAN_POINT('',(-10.1577219149993,-5.67471915547541E-16,9.26751967902316));
#10076=CARTESIAN_POINT('',(-10.1786730915286,-5.6605022494301E-16,9.24430170947437));
#10077=CARTESIAN_POINT('',(-10.2576215138239,-5.60681305663163E-16,9.15662060364721));
#10078=AXIS2_PLACEMENT_3D('',#10079,#10080,#10081);
#10079=CARTESIAN_POINT('',(0.,0.,0.));
#10080=DIRECTION('',(0.,-1.,-6.12323399573677E-17));
#10081=DIRECTION('',(-0.740267133929355,-4.11672890867643E-17,0.672312851598136));
#10082=CARTESIAN_POINT('',(-10.96405750434,-5.58989533666176E-16,9.12899187023338));
#10083=CARTESIAN_POINT('',(-10.2576215138239,-5.60681305663163E-16,9.15662060364721));
#10084=CARTESIAN_POINT('',(-10.2785222986199,-5.59256836768536E-16,9.13335726117788));
#10085=CARTESIAN_POINT('',(-10.3013493544697,-5.57995537395501E-16,9.11275867922081));
#10086=CARTESIAN_POINT('',(-10.351349277224,-5.55777394841954E-16,9.07653366225932));
#10087=CARTESIAN_POINT('',(-10.3792782983095,-5.54809372688379E-16,9.06072466077008));
#10088=CARTESIAN_POINT('',(-10.4378383650153,-5.532461821348E-16,9.03519582168493));
#10089=CARTESIAN_POINT('',(-10.4700924504863,-5.5264960989904E-16,9.02545305771127));
#10090=CARTESIAN_POINT('',(-10.5377158170998,-5.51838468009629E-16,9.01220610536589));
#10091=CARTESIAN_POINT('',(-10.5749889116567,-5.51694443315094E-16,9.00985400360667));
#10092=CARTESIAN_POINT('',(-10.6564668321025,-5.51830297041271E-16,9.01207266332589));
#10093=CARTESIAN_POINT('',(-10.7025244089948,-5.52373505858309E-16,9.0209439365357));
#10094=CARTESIAN_POINT('',(-10.8226523831882,-5.54268282111493E-16,9.05188798104721));
#10095=CARTESIAN_POINT('',(-10.8952184073009,-5.56243155052603E-16,9.08414010374063));
#10096=CARTESIAN_POINT('',(-10.96405750434,-5.58989533666176E-16,9.12899187023338));
#10097=CARTESIAN_POINT('',(-12.7241380342224,-5.9397361760363E-16,9.70032531856823));
#10098=CARTESIAN_POINT('',(-10.96405750434,-5.58989533666176E-16,9.12899187023338));
#10099=CARTESIAN_POINT('',(-11.0493763592062,-5.62021975372884E-16,9.17851540157025));
#10100=CARTESIAN_POINT('',(-11.1364514873533,-5.64827282857766E-16,9.22432954956516));
#10101=CARTESIAN_POINT('',(-11.3159125995868,-5.70035822111688E-16,9.30939145080147));
#10102=CARTESIAN_POINT('',(-11.4090231591283,-5.72380503116662E-16,9.34768299750059));
#10103=CARTESIAN_POINT('',(-11.5981355561227,-5.76837572500062E-16,9.42047246441471));
#10104=CARTESIAN_POINT('',(-11.6951961276774,-5.78865963312181E-16,9.45359860026924));
#10105=CARTESIAN_POINT('',(-11.8922081844908,-5.82679099406174E-16,9.51587183850655));
#10106=CARTESIAN_POINT('',(-11.992796088203,-5.84411292599902E-16,9.5441607001593));
#10107=CARTESIAN_POINT('',(-12.1967021592997,-5.87633157612623E-16,9.59677774884572));
#10108=CARTESIAN_POINT('',(-12.3004716865261,-5.89083860736911E-16,9.62046952879891));
#10109=CARTESIAN_POINT('',(-12.5105680024277,-5.9174485839228E-16,9.66392691842703));
#10110=CARTESIAN_POINT('',(-12.6170961616781,-5.92935357280441E-16,9.68336924071929));
#10111=CARTESIAN_POINT('',(-12.7241380342224,-5.9397361760363E-16,9.70032531856822));
#10112=CARTESIAN_POINT('',(-13.1575324957545,-5.57447528653224E-16,9.10380901728304));
#10113=AXIS2_PLACEMENT_3D('',#10114,#10115,#10116);
#10114=CARTESIAN_POINT('',(0.,0.,0.));
#10115=DIRECTION('',(0.,1.,6.12323399573677E-17));
#10116=DIRECTION('',(-0.822345780984657,-3.48404705408265E-17,0.56898806358019));
#10117=CARTESIAN_POINT('',(-12.0702673015362,-4.65759183404301E-16,7.60642470512447));
#10118=CARTESIAN_POINT('',(-13.1575324957545,-5.57447528653224E-16,9.10380901728304));
#10119=CARTESIAN_POINT('',(-13.1083285496996,-5.51534740768729E-16,9.00724586309668));
#10120=CARTESIAN_POINT('',(-13.0569187908038,-5.45698913495337E-16,8.911939571071));
#10121=CARTESIAN_POINT('',(-12.9506650251476,-5.34286160652115E-16,8.72555517270948));
#10122=CARTESIAN_POINT('',(-12.8960662560293,-5.28691390992999E-16,8.63418565028046));
#10123=CARTESIAN_POINT('',(-12.7830140277827,-5.17812447175674E-16,8.45651901488977));
#10124=CARTESIAN_POINT('',(-12.7250263498937,-5.1248994590043E-16,8.36959597260606));
#10125=CARTESIAN_POINT('',(-12.6049209072252,-5.02195190684678E-16,8.20146986109507));
#10126=CARTESIAN_POINT('',(-12.5434227137669,-4.97169635162499E-16,8.1193963109796));
#10127=CARTESIAN_POINT('',(-12.4157568724223,-4.87533906251639E-16,7.96203291579383));
#10128=CARTESIAN_POINT('',(-12.350566702161,-4.82836120366709E-16,7.88531225007697));
#10129=CARTESIAN_POINT('',(-12.2142114931922,-4.73994654998855E-16,7.74092016292156));
#10130=CARTESIAN_POINT('',(-12.1437319548183,-4.6979068638181E-16,7.67226414520327));
#10131=CARTESIAN_POINT('',(-12.0702673015362,-4.65759183404301E-16,7.60642470512447));
#10132=CARTESIAN_POINT('',(-11.8782430619788,-4.24096803374918E-16,6.92602640484083));
#10133=CARTESIAN_POINT('',(-12.0702673015362,-4.65759183404301E-16,7.60642470512447));
#10134=CARTESIAN_POINT('',(-12.0063382858834,-4.62598987620951E-16,7.55481479138361));
#10135=CARTESIAN_POINT('',(-11.9532405597664,-4.58983344325298E-16,7.49576685530653));
#10136=CARTESIAN_POINT('',(-11.8866894390676,-4.52573159846751E-16,7.39108059828925));
#10137=CARTESIAN_POINT('',(-11.8640197828941,-4.50058838455914E-16,7.35001861384462));
#10138=CARTESIAN_POINT('',(-11.8367316500266,-4.45355918980231E-16,7.27321411022845));
#10139=CARTESIAN_POINT('',(-11.8274506120807,-4.43140798737701E-16,7.23703845135158));
#10140=CARTESIAN_POINT('',(-11.8191524429294,-4.38952067228075E-16,7.16863127448159));
#10141=CARTESIAN_POINT('',(-11.8184513015447,-4.36889386186183E-16,7.13494513667716));
#10142=CARTESIAN_POINT('',(-11.8246346145063,-4.32996063898505E-16,7.07136235851796));
#10143=CARTESIAN_POINT('',(-11.8310393262371,-4.31070470442843E-16,7.0399150308966));
#10144=CARTESIAN_POINT('',(-11.8500405388227,-4.27473260400061E-16,6.98116813268421));
#10145=CARTESIAN_POINT('',(-11.8625770062303,-4.25754154367059E-16,6.95309300058573));
#10146=CARTESIAN_POINT('',(-11.8782430619788,-4.24096803374919E-16,6.92602640484083));
#10147=CARTESIAN_POINT('',(-11.9372363448634,-4.17840121867073E-16,6.82384704157949));
#10148=AXIS2_PLACEMENT_3D('',#10149,#10150,#10151);
#10149=CARTESIAN_POINT('',(0.,0.,0.));
#10150=DIRECTION('',(0.,-1.,-6.12323399573677E-17));
#10151=DIRECTION('',(-0.863872222689368,-3.08434038818123E-17,0.503711011261151));
#10152=CARTESIAN_POINT('',(-12.6224906773794,-4.07191739537857E-16,6.64994576103673));
#10153=CARTESIAN_POINT('',(-11.9372363448634,-4.17840121867073E-16,6.82384704157949));
#10154=CARTESIAN_POINT('',(-11.9528436764982,-4.16180694830234E-16,6.79674654145171));
#10155=CARTESIAN_POINT('',(-11.9708892204062,-4.14656348468054E-16,6.77185207615377));
#10156=CARTESIAN_POINT('',(-12.0122649203589,-4.11850132667961E-16,6.72602309424574));
#10157=CARTESIAN_POINT('',(-12.0362967490947,-4.10547702006488E-16,6.70475278737228));
#10158=CARTESIAN_POINT('',(-12.088269393743,-4.08273147431633E-16,6.66760649218842));
#10159=CARTESIAN_POINT('',(-12.1177930155294,-4.0727898757026E-16,6.651370629537));
#10160=CARTESIAN_POINT('',(-12.1811844530756,-4.05624663451878E-16,6.62435346639193));
#10161=CARTESIAN_POINT('',(-12.2171540116346,-4.05009265282368E-16,6.61430325158814));
#10162=CARTESIAN_POINT('',(-12.297312729325,-4.04104861446041E-16,6.59953321606514));
#10163=CARTESIAN_POINT('',(-12.3442082790706,-4.04049844551022E-16,6.59863472198412));
#10164=CARTESIAN_POINT('',(-12.4681447974241,-4.04373875847877E-16,6.60392655465098));
#10165=CARTESIAN_POINT('',(-12.5458306731663,-4.05381760877663E-16,6.62038656631293));
#10166=CARTESIAN_POINT('',(-12.6224906773794,-4.07191739537857E-16,6.64994576103673));
#10167=CARTESIAN_POINT('',(-14.4628961280462,-4.19003894059167E-16,6.84285288380117));
#10168=CARTESIAN_POINT('',(-12.6224906773794,-4.07191739537857E-16,6.64994576103673));
#10169=CARTESIAN_POINT('',(-12.7162416316997,-4.09071727658731E-16,6.68064829701988));
#10170=CARTESIAN_POINT('',(-12.8109392563533,-4.10707186012014E-16,6.70735735883953));
#10171=CARTESIAN_POINT('',(-13.0041640764198,-4.13517201243263E-16,6.75324839016718));
#10172=CARTESIAN_POINT('',(-13.1032012070565,-4.14625262320167E-16,6.77134440083206));
#10173=CARTESIAN_POINT('',(-13.3033148255854,-4.16577359372788E-16,6.80322456503909));
#10174=CARTESIAN_POINT('',(-13.4051417016934,-4.17325754672108E-16,6.81544678780309));
#10175=CARTESIAN_POINT('',(-13.6107959066356,-4.18547419990747E-16,6.83539809653128));
#10176=CARTESIAN_POINT('',(-13.7150673083721,-4.18961184119138E-16,6.8421553775478));
#10177=CARTESIAN_POINT('',(-13.9254572421486,-4.19516731908524E-16,6.8512281614684));
#10178=CARTESIAN_POINT('',(-14.0318849542629,-4.19614652208554E-16,6.85282732132572));
#10179=CARTESIAN_POINT('',(-14.2464254609412,-4.19542781430752E-16,6.85165358245094));
#10180=CARTESIAN_POINT('',(-14.3546680104238,-4.19351063659744E-16,6.84852259364435));
#10181=CARTESIAN_POINT('',(-14.4628961280462,-4.19003894059166E-16,6.84285288380116));
#10182=CARTESIAN_POINT('',(-14.7627971679646,-3.77758477858888E-16,6.16926411961225));
#10183=AXIS2_PLACEMENT_3D('',#10184,#10185,#10186);
#10184=CARTESIAN_POINT('',(0.,0.,0.));
#10185=DIRECTION('',(0.,1.,6.12323399573677E-17));
#10186=DIRECTION('',(-0.92267482299779,-2.36099048661805E-17,0.385579007475766));
#10187=CARTESIAN_POINT('',(-13.3879676227337,-3.01915628419861E-16,4.93065639219515));
#10188=CARTESIAN_POINT('',(-14.7627971679646,-3.77758477858888E-16,6.16926411961225));
#10189=CARTESIAN_POINT('',(-14.6945918375268,-3.72601310044125E-16,6.08504117764476));
#10190=CARTESIAN_POINT('',(-14.6244902128879,-3.67547503091805E-16,6.00250624666158));
#10191=CARTESIAN_POINT('',(-14.481806851537,-3.57736854399863E-16,5.84228619466337));
#10192=CARTESIAN_POINT('',(-14.4094044046235,-3.52959436406481E-16,5.76426503792319));
#10193=CARTESIAN_POINT('',(-14.2618836682405,-3.437574824113E-16,5.61398572471079));
#10194=CARTESIAN_POINT('',(-14.187090843549,-3.39289527008545E-16,5.541018475609));
#10195=CARTESIAN_POINT('',(-14.0346546088529,-3.30748789596215E-16,5.40153764867544));
#10196=CARTESIAN_POINT('',(-13.9574362478963,-3.26615983059901E-16,5.33404379593044));
#10197=CARTESIAN_POINT('',(-13.7998425219235,-3.18816121472192E-16,5.20666238941978));
#10198=CARTESIAN_POINT('',(-13.7201257899612,-3.15050924279005E-16,5.14517205284585));
#10199=CARTESIAN_POINT('',(-13.5567294664795,-3.0813859330852E-16,5.03228512127836));
#10200=CARTESIAN_POINT('',(-13.4735156863897,-3.04923760809881E-16,4.97978292226265));
#10201=CARTESIAN_POINT('',(-13.3879676227337,-3.01915628419861E-16,4.93065639219515));
#10202=CARTESIAN_POINT('',(-13.0586768124864,-2.63608316457096E-16,4.30505051155371));
#10203=CARTESIAN_POINT('',(-13.3879676227337,-3.01915628419861E-16,4.93065639219515));
#10204=CARTESIAN_POINT('',(-13.3147053050269,-2.99638365637858E-16,4.89346586863213));
#10205=CARTESIAN_POINT('',(-13.250491135392,-2.96777715691081E-16,4.8467479096456));
#10206=CARTESIAN_POINT('',(-13.1636288196525,-2.91354866072284E-16,4.75818605454466));
#10207=CARTESIAN_POINT('',(-13.1329172832427,-2.8918409420042E-16,4.72273465952406));
#10208=CARTESIAN_POINT('',(-13.0902569073406,-2.84931347817129E-16,4.65328204043009));
#10209=CARTESIAN_POINT('',(-13.073657339938,-2.82882789411979E-16,4.6198265427866));
#10210=CARTESIAN_POINT('',(-13.0513178538851,-2.78891235057799E-16,4.55463951323718));
#10211=CARTESIAN_POINT('',(-13.0436282922538,-2.76882554720004E-16,4.52183527385659));
#10212=CARTESIAN_POINT('',(-13.0364568820778,-2.72995591606902E-16,4.45835634889948));
#10213=CARTESIAN_POINT('',(-13.0361833684332,-2.7103053911986E-16,4.42626460639201));
#10214=CARTESIAN_POINT('',(-13.0425551919972,-2.67270033842516E-16,4.36485089461875));
#10215=CARTESIAN_POINT('',(-13.0489805593291,-2.65428893645637E-16,4.33478279338074));
#10216=CARTESIAN_POINT('',(-13.0586768124864,-2.63608316457096E-16,4.30505051155371));
#10217=CARTESIAN_POINT('',(-13.095136666417,-2.56737319726034E-16,4.1928386193437));
#10218=AXIS2_PLACEMENT_3D('',#10219,#10220,#10221);
#10219=CARTESIAN_POINT('',(0.,0.,0.));
#10220=DIRECTION('',(-3.08148791101958E-33,-1.,-6.12323399573677E-17));
#10221=DIRECTION('',(-0.949721949999014,-1.91715139241525E-17,0.313094582658452));
#10222=CARTESIAN_POINT('',(-13.7292604383871,-2.37597712468983E-16,3.88026511210265));
#10223=CARTESIAN_POINT('',(-13.095136666417,-2.56737319726034E-16,4.1928386193437));
#10224=CARTESIAN_POINT('',(-13.1047684296059,-2.54915459471307E-16,4.16308538345569));
#10225=CARTESIAN_POINT('',(-13.1172437847114,-2.53194687370635E-16,4.13498304240731));
#10226=CARTESIAN_POINT('',(-13.1481869452319,-2.49923043420178E-16,4.08155304197396));
#10227=CARTESIAN_POINT('',(-13.1672712753848,-2.48343126720469E-16,4.05575104419291));
#10228=CARTESIAN_POINT('',(-13.210385044012,-2.45456617073783E-16,4.00861076425756));
#10229=CARTESIAN_POINT('',(-13.2358878781716,-2.44108319143247E-16,3.98659138803457));
#10230=CARTESIAN_POINT('',(-13.2922768766439,-2.41683114698194E-16,3.94698479376198));
#10231=CARTESIAN_POINT('',(-13.3253708568949,-2.40623238906725E-16,3.92967570852683));
#10232=CARTESIAN_POINT('',(-13.4007070512226,-2.38718104295353E-16,3.89856249918846));
#10233=CARTESIAN_POINT('',(-13.4463910132678,-2.3806726619059E-16,3.88793350631941));
#10234=CARTESIAN_POINT('',(-13.5687194552158,-2.36806390808568E-16,3.86734184866104));
#10235=CARTESIAN_POINT('',(-13.6481299370395,-2.3680323851486E-16,3.86729036779798));
#10236=CARTESIAN_POINT('',(-13.7292604383871,-2.37597712468983E-16,3.88026511210265));
#10237=CARTESIAN_POINT('',(-15.5695562603989,-2.25721689740561E-16,3.6863149423608));
#10238=CARTESIAN_POINT('',(-13.7292604383871,-2.37597712468983E-16,3.88026511210265));
#10239=CARTESIAN_POINT('',(-13.8273461255906,-2.38243082501956E-16,3.89080480458252));
#10240=CARTESIAN_POINT('',(-13.9255275061438,-2.38637214345803E-16,3.89724146606109));
#10241=CARTESIAN_POINT('',(-14.1240711822108,-2.38925894404823E-16,3.90195596920145));
#10242=CARTESIAN_POINT('',(-14.224706486101,-2.3874890796753E-16,3.89906556133174));
#10243=CARTESIAN_POINT('',(-14.4270754007831,-2.38110716680972E-16,3.88864310667784));
#10244=CARTESIAN_POINT('',(-14.5292182583387,-2.37546408001714E-16,3.87942724656779));
#10245=CARTESIAN_POINT('',(-14.7345265358155,-2.36123209908374E-16,3.85618465785844));
#10246=CARTESIAN_POINT('',(-14.8379242749706,-2.35200461493556E-16,3.84111503263327));
#10247=CARTESIAN_POINT('',(-15.045603021758,-2.33065411955397E-16,3.80624702759468));
#10248=CARTESIAN_POINT('',(-15.150037517044,-2.31806269844183E-16,3.78568367639674));
#10249=CARTESIAN_POINT('',(-15.3596457648775,-2.29004671731075E-16,3.73993010704012));
#10250=CARTESIAN_POINT('',(-15.4648719857746,-2.27439116287455E-16,3.71436264636966));
#10251=CARTESIAN_POINT('',(-15.5695562603989,-2.2572168974056E-16,3.6863149423608));
#10252=CARTESIAN_POINT('',(-15.7228567641,-1.81559568919975E-16,2.96509277689509));
#10253=AXIS2_PLACEMENT_3D('',#10254,#10255,#10256);
#10254=CARTESIAN_POINT('',(0.,0.,0.));
#10255=DIRECTION('',(0.,1.,6.12323399573677E-17));
#10256=DIRECTION('',(-0.982678547756249,-1.13474730574985E-17,0.185318298555943));
#10257=CARTESIAN_POINT('',(-14.1205495162215,-1.24876911721551E-16,2.0393947350125));
#10258=CARTESIAN_POINT('',(-15.7228567641744,-1.81559568895827E-16,2.96509277650072));
#10259=CARTESIAN_POINT('',(-15.6386309495792,-1.77383414131138E-16,2.89689099346259));
#10260=CARTESIAN_POINT('',(-15.5529012365789,-1.73332503114563E-16,2.83073459605241));
#10261=CARTESIAN_POINT('',(-15.380024227095,-1.65552730998455E-16,2.70368127551094));
#10262=CARTESIAN_POINT('',(-15.2929824367419,-1.61801460761713E-16,2.64241838339619));
#10263=CARTESIAN_POINT('',(-15.1174405562855,-1.54678666134139E-16,2.52609431946962));
#10264=CARTESIAN_POINT('',(-15.0291113901263,-1.51260527694603E-16,2.47027188247121));
#10265=CARTESIAN_POINT('',(-14.851006558329,-1.44847079293618E-16,2.36553232155534));
#10266=CARTESIAN_POINT('',(-14.7614428427827,-1.4178764522021E-16,2.3155679714172));
#10267=CARTESIAN_POINT('',(-14.5808088342253,-1.36164542334925E-16,2.22373573228997));
#10268=CARTESIAN_POINT('',(-14.490049544272,-1.33496491018244E-16,2.18016314763063));
#10269=CARTESIAN_POINT('',(-14.3067533096763,-1.28815396477582E-16,2.10371507225216));
#10270=CARTESIAN_POINT('',(-14.2144421293644,-1.26730203704018E-16,2.06966128996952));
#10271=CARTESIAN_POINT('',(-14.1205495162215,-1.24876911721551E-16,2.0393947350125));
#10272=CARTESIAN_POINT('',(-13.6683837238048,-9.15988811770545E-17,1.49592325298738));
#10273=CARTESIAN_POINT('',(-14.1205495162215,-1.24876911721551E-16,2.0393947350125));
#10274=CARTESIAN_POINT('',(-14.041155811296,-1.23582109251988E-16,2.01824900596696));
#10275=CARTESIAN_POINT('',(-13.9686316654901,-1.21601476783682E-16,1.98590282305635));
#10276=CARTESIAN_POINT('',(-13.8652544547193,-1.17402966574697E-16,1.91733594790657));
#10277=CARTESIAN_POINT('',(-13.8278432795847,-1.15670617369126E-16,1.88904453838708));
#10278=CARTESIAN_POINT('',(-13.7716751237821,-1.12053909502116E-16,1.82997921654036));
#10279=CARTESIAN_POINT('',(-13.7484825076718,-1.10261444766727E-16,1.80070604591454));
#10280=CARTESIAN_POINT('',(-13.7130780474545,-1.06641517646873E-16,1.74158814967908));
#10281=CARTESIAN_POINT('',(-13.6987361363186,-1.04774626982653E-16,1.71109951139546));
#10282=CARTESIAN_POINT('',(-13.6785234280419,-1.01063901983888E-16,1.65049877326675));
#10283=CARTESIAN_POINT('',(-13.6715836428806,-9.9145272688518E-17,1.61916517901401));
#10284=CARTESIAN_POINT('',(-13.6650475981579,-9.5385824302138E-17,1.55776872758005));
#10285=CARTESIAN_POINT('',(-13.6650810460293,-9.3503116602758E-17,1.52702177750938));
#10286=CARTESIAN_POINT('',(-13.6683837238048,-9.15988811770545E-17,1.49592325298738));
#10287=CARTESIAN_POINT('',(-13.6807166782109,-8.44138647506226E-17,1.37858302997068));
#10288=AXIS2_PLACEMENT_3D('',#10289,#10290,#10291);
#10289=CARTESIAN_POINT('',(0.,0.,0.));
#10290=DIRECTION('',(0.,-1.,-6.12323399573677E-17));
#10291=DIRECTION('',(-0.994064270822166,-6.6617368128767E-18,0.108794418399082));
#10292=CARTESIAN_POINT('',(-14.2359956379363,-5.76195252448959E-17,0.940998258191879));
#10293=CARTESIAN_POINT('',(-13.6807166782109,-8.44138647506226E-17,1.37858302997068));
#10294=CARTESIAN_POINT('',(-13.6839519186841,-8.25091953133953E-17,1.3474774175026));
#10295=CARTESIAN_POINT('',(-13.6903118521056,-8.06672034722104E-17,1.31739540785758));
#10296=CARTESIAN_POINT('',(-13.7094701085973,-7.7073117911114E-17,1.25869953630345));
#10297=CARTESIAN_POINT('',(-13.7227728633628,-7.52847651142281E-17,1.22949351872955));
#10298=CARTESIAN_POINT('',(-13.7551434773971,-7.19124547182809E-17,1.17441951048007));
#10299=CARTESIAN_POINT('',(-13.775510927701,-7.02689458079982E-17,1.14757897308713));
#10300=CARTESIAN_POINT('',(-13.8224330172817,-6.71788541079461E-17,1.09711394591026));
#10301=CARTESIAN_POINT('',(-13.8512050534852,-6.57208223524526E-17,1.07330248032674));
#10302=CARTESIAN_POINT('',(-13.918426171255,-6.28982204904029E-17,1.02720589371883));
#10303=CARTESIAN_POINT('',(-13.9609019372424,-6.16800059241423E-17,1.00731094005368));
#10304=CARTESIAN_POINT('',(-14.0762759628749,-5.88893301677879E-17,0.961735746319493));
#10305=CARTESIAN_POINT('',(-14.1539404316706,-5.78752783209471E-17,0.945175022892186));
#10306=CARTESIAN_POINT('',(-14.2359956379363,-5.76195252448959E-17,0.940998258191879));
#10307=CARTESIAN_POINT('',(-15.9957520731524,-2.25743644468699E-17,0.368667349028096));
#10308=CARTESIAN_POINT('',(-14.2359956379363,-5.76195252448959E-17,0.940998258191879));
#10309=CARTESIAN_POINT('',(-14.3341292428249,-5.70020714226982E-17,0.930914472032022));
#10310=CARTESIAN_POINT('',(-14.431503381821,-5.61376513042776E-17,0.916797420176378));
#10311=CARTESIAN_POINT('',(-14.6266886025261,-5.38923794872506E-17,0.880129348719526));
#10312=CARTESIAN_POINT('',(-14.7245238339881,-5.24380806923443E-17,0.856378847008848));
#10313=CARTESIAN_POINT('',(-14.9203035521779,-4.92374930882107E-17,0.804109284774872));
#10314=CARTESIAN_POINT('',(-15.0182982581702,-4.73851434275119E-17,0.773858119100189));
#10315=CARTESIAN_POINT('',(-15.2142876512773,-4.33792825081339E-17,0.708437445610216));
#10316=CARTESIAN_POINT('',(-15.3122927504927,-4.11603500836733E-17,0.672199529077783));
#10317=CARTESIAN_POINT('',(-15.5081837525031,-3.64280151278918E-17,0.594914634215423));
#10318=CARTESIAN_POINT('',(-15.6060607423846,-3.38668411577271E-17,0.55308748908349));
#10319=CARTESIAN_POINT('',(-15.8015758451311,-2.84579589904157E-17,0.464753739775896));
#10320=CARTESIAN_POINT('',(-15.8991868466579,-2.5586988159438E-17,0.417867227959158));
#10321=CARTESIAN_POINT('',(-15.9957520731522,-2.25743644474529E-17,0.368667349037617));
#10322=CARTESIAN_POINT('',(-15.9957520731522,2.25743644474531E-17,-0.36866734903762));
#10323=AXIS2_PLACEMENT_3D('',#10324,#10325,#10326);
#10324=CARTESIAN_POINT('',(0.,0.,0.));
#10325=DIRECTION('',(0.,1.,6.12323399573677E-17));
#10326=DIRECTION('',(-0.999734504572014,1.4108977779658E-18,-0.023041709314851));
#10327=CARTESIAN_POINT('',(-14.2359956379363,5.7619525244896E-17,-0.940998258191879));
#10328=CARTESIAN_POINT('',(-15.9957520731522,2.25743644474529E-17,-0.368667349037617));
#10329=CARTESIAN_POINT('',(-15.8991868466579,2.5586988159438E-17,-0.417867227959158));
#10330=CARTESIAN_POINT('',(-15.8015758451311,2.84579589904157E-17,-0.464753739775896));
#10331=CARTESIAN_POINT('',(-15.6060607423846,3.38668411577271E-17,-0.55308748908349));
#10332=CARTESIAN_POINT('',(-15.5081837525031,3.64280151278918E-17,-0.594914634215423));
#10333=CARTESIAN_POINT('',(-15.3122927504927,4.11603500836733E-17,-0.672199529077783));
#10334=CARTESIAN_POINT('',(-15.2142876512773,4.33792825081339E-17,-0.708437445610216));
#10335=CARTESIAN_POINT('',(-15.0182982581702,4.73851434275119E-17,-0.773858119100189));
#10336=CARTESIAN_POINT('',(-14.9203035521779,4.92374930882107E-17,-0.804109284774872));
#10337=CARTESIAN_POINT('',(-14.7245238339881,5.24380806923443E-17,-0.856378847008848));
#10338=CARTESIAN_POINT('',(-14.6266886025261,5.38923794872506E-17,-0.880129348719526));
#10339=CARTESIAN_POINT('',(-14.431503381821,5.61376513042776E-17,-0.916797420176378));
#10340=CARTESIAN_POINT('',(-14.3341292428249,5.70020714226982E-17,-0.930914472032022));
#10341=CARTESIAN_POINT('',(-14.2359956379363,5.76195252448959E-17,-0.940998258191879));
#10342=CARTESIAN_POINT('',(-13.6807166782109,8.44138647506226E-17,-1.37858302997068));
#10343=CARTESIAN_POINT('',(-14.2359956379363,5.76195252448959E-17,-0.940998258191879));
#10344=CARTESIAN_POINT('',(-14.1539404316706,5.78752783209471E-17,-0.945175022892186));
#10345=CARTESIAN_POINT('',(-14.0762759628749,5.88893301677879E-17,-0.961735746319493));
#10346=CARTESIAN_POINT('',(-13.9609019372424,6.16800059241423E-17,-1.00731094005368));
#10347=CARTESIAN_POINT('',(-13.918426171255,6.28982204904029E-17,-1.02720589371883));
#10348=CARTESIAN_POINT('',(-13.8512050534852,6.57208223524526E-17,-1.07330248032674));
#10349=CARTESIAN_POINT('',(-13.8224330172817,6.71788541079461E-17,-1.09711394591026));
#10350=CARTESIAN_POINT('',(-13.775510927701,7.02689458079982E-17,-1.14757897308713));
#10351=CARTESIAN_POINT('',(-13.7551434773971,7.19124547182809E-17,-1.17441951048007));
#10352=CARTESIAN_POINT('',(-13.7227728633628,7.52847651142281E-17,-1.22949351872955));
#10353=CARTESIAN_POINT('',(-13.7094701085973,7.7073117911114E-17,-1.25869953630345));
#10354=CARTESIAN_POINT('',(-13.6903118521056,8.06672034722104E-17,-1.31739540785758));
#10355=CARTESIAN_POINT('',(-13.6839519186841,8.25091953133953E-17,-1.3474774175026));
#10356=CARTESIAN_POINT('',(-13.6807166782109,8.44138647506226E-17,-1.37858302997068));
#10357=CARTESIAN_POINT('',(-13.6683837238048,9.15988811770546E-17,-1.49592325298738));
#10358=AXIS2_PLACEMENT_3D('',#10359,#10360,#10361);
#10359=CARTESIAN_POINT('',(0.,0.,0.));
#10360=DIRECTION('',(0.,-1.,-6.12323399573677E-17));
#10361=DIRECTION('',(-0.99496121296079,6.13919016368164E-18,-0.100260583997868));
#10362=CARTESIAN_POINT('',(-13.6683837238048,9.15988811770545E-17,-1.49592325298738));
#10363=CARTESIAN_POINT('',(-13.6650810460293,9.3503116602758E-17,-1.52702177750938));
#10364=CARTESIAN_POINT('',(-13.6650475981579,9.53858243021379E-17,-1.55776872758005));
#10365=CARTESIAN_POINT('',(-13.6715836428806,9.9145272688518E-17,-1.61916517901401));
#10366=CARTESIAN_POINT('',(-13.6785234280419,1.01063901983888E-16,-1.65049877326675));
#10367=CARTESIAN_POINT('',(-13.6987361363186,1.04774626982653E-16,-1.71109951139547));
#10368=CARTESIAN_POINT('',(-13.7130780474545,1.06641517646873E-16,-1.74158814967908));
#10369=CARTESIAN_POINT('',(-13.7484825076718,1.10261444766727E-16,-1.80070604591454));
#10370=CARTESIAN_POINT('',(-13.7716751237821,1.12053909502116E-16,-1.82997921654036));
#10371=CARTESIAN_POINT('',(-13.8278432795847,1.15670617369126E-16,-1.88904453838708));
#10372=CARTESIAN_POINT('',(-13.8652544547193,1.17402966574697E-16,-1.91733594790657));
#10373=CARTESIAN_POINT('',(-13.9686316654901,1.21601476783682E-16,-1.98590282305635));
#10374=CARTESIAN_POINT('',(-14.041155811296,1.23582109251988E-16,-2.01824900596696));
#10375=CARTESIAN_POINT('',(-14.1205495162215,1.24876911721551E-16,-2.0393947350125));
#10376=CARTESIAN_POINT('',(6.4,3.59942347838846E-32,-5.8783046359073E-16));
#10377=AXIS2_PLACEMENT_3D('',#10378,#10379,#10380);
#10378=CARTESIAN_POINT('',(8.,5.99903913064743E-32,-9.79717439317883E-16));
#10379=DIRECTION('',(0.,-1.,-6.12323399573677E-17));
#10380=DIRECTION('',(-1.,-7.49879891330929E-33,1.22464679914735E-16));
#10381=CARTESIAN_POINT('',(-1.6,4.89858719658941E-16,-8.));
#10382=AXIS2_PLACEMENT_3D('',#10383,#10384,#10385);
#10383=CARTESIAN_POINT('',(-9.15390196177573E-17,4.89858719658941E-16,-8.));
#10384=DIRECTION('',(0.,-1.,-6.12323399573677E-17));
#10385=DIRECTION('',(-1.,-7.49879891330929E-33,1.22464679914735E-16));
#10386=CARTESIAN_POINT('',(-9.6,-5.39913521758269E-32,8.81745695386094E-16));
#10387=AXIS2_PLACEMENT_3D('',#10388,#10389,#10390);
#10388=CARTESIAN_POINT('',(-8.,-2.99951956532372E-32,4.89858719658941E-16));
#10389=DIRECTION('',(0.,-1.,-6.12323399573677E-17));
#10390=DIRECTION('',(-1.,-7.49879891330929E-33,1.22464679914735E-16));
#10391=CARTESIAN_POINT('',(-1.6,-4.89858719658941E-16,8.));
#10392=AXIS2_PLACEMENT_3D('',#10393,#10394,#10395);
#10393=CARTESIAN_POINT('',(1.46957615897682E-15,-4.89858719658941E-16,8.));
#10394=DIRECTION('',(0.,-1.,-6.12323399573677E-17));
#10395=DIRECTION('',(-1.,-7.49879891330929E-33,1.22464679914735E-16));
#10396=CARTESIAN_POINT('',(-13.1575324957545,10.,-9.10380901728303));
#10397=CARTESIAN_POINT('',(-13.1575324957448,5.57447528654087E-16,-9.10380901729713));
#10398=VECTOR('',#10399,1.);
#10399=DIRECTION('',(0.,1.,0.));
#10400=AXIS2_PLACEMENT_3D('',#10401,#10402,#10403);
#10401=CARTESIAN_POINT('',(0.,10.,6.12323399573677E-16));
#10402=DIRECTION('',(0.,1.,6.12323399573677E-17));
#10403=DIRECTION('',(-0.795258627138898,3.71233511002269E-17,-0.606270332410514));
#10404=CARTESIAN_POINT('',(-15.7228567641744,10.,-2.96509277650072));
#10405=CARTESIAN_POINT('',(-14.1205495162215,10.,-2.0393947350125));
#10406=CARTESIAN_POINT('',(-14.1205495162215,10.,-2.0393947350125));
#10407=CARTESIAN_POINT('',(-14.2144421293644,10.,-2.06966128996952));
#10408=CARTESIAN_POINT('',(-14.3067533096763,10.,-2.10371507225216));
#10409=CARTESIAN_POINT('',(-14.490049544272,10.,-2.18016314763063));
#10410=CARTESIAN_POINT('',(-14.5808088342253,10.,-2.22373573228997));
#10411=CARTESIAN_POINT('',(-14.7614428427827,10.,-2.3155679714172));
#10412=CARTESIAN_POINT('',(-14.851006558329,10.,-2.36553232155534));
#10413=CARTESIAN_POINT('',(-15.0291113901263,10.,-2.47027188247121));
#10414=CARTESIAN_POINT('',(-15.1174405562855,10.,-2.52609431946962));
#10415=CARTESIAN_POINT('',(-15.2929824367419,10.,-2.64241838339619));
#10416=CARTESIAN_POINT('',(-15.380024227095,10.,-2.70368127551094));
#10417=CARTESIAN_POINT('',(-15.5529012365789,10.,-2.83073459605241));
#10418=CARTESIAN_POINT('',(-15.6386309495792,10.,-2.89689099346259));
#10419=CARTESIAN_POINT('',(-15.7228567641744,10.,-2.96509277650072));
#10420=CARTESIAN_POINT('',(-13.6683837238048,10.,-1.49592325298738));
#10421=CARTESIAN_POINT('',(-13.6683837238048,10.,-1.49592325298738));
#10422=CARTESIAN_POINT('',(-13.6650810460293,10.,-1.52702177750938));
#10423=CARTESIAN_POINT('',(-13.6650475981579,10.,-1.55776872758005));
#10424=CARTESIAN_POINT('',(-13.6715836428806,10.,-1.61916517901401));
#10425=CARTESIAN_POINT('',(-13.6785234280419,10.,-1.65049877326675));
#10426=CARTESIAN_POINT('',(-13.6987361363186,10.,-1.71109951139546));
#10427=CARTESIAN_POINT('',(-13.7130780474545,10.,-1.74158814967908));
#10428=CARTESIAN_POINT('',(-13.7484825076718,10.,-1.80070604591454));
#10429=CARTESIAN_POINT('',(-13.7716751237821,10.,-1.82997921654035));
#10430=CARTESIAN_POINT('',(-13.8278432795847,10.,-1.88904453838707));
#10431=CARTESIAN_POINT('',(-13.8652544547193,10.,-1.91733594790657));
#10432=CARTESIAN_POINT('',(-13.9686316654901,10.,-1.98590282305635));
#10433=CARTESIAN_POINT('',(-14.041155811296,10.,-2.01824900596696));
#10434=CARTESIAN_POINT('',(-14.1205495162215,10.,-2.0393947350125));
#10435=CARTESIAN_POINT('',(-13.6807166782109,10.,-1.37858302997068));
#10436=AXIS2_PLACEMENT_3D('',#10437,#10438,#10439);
#10437=CARTESIAN_POINT('',(0.,10.,6.12323399573677E-16));
#10438=DIRECTION('',(0.,-1.,-6.12323399573677E-17));
#10439=DIRECTION('',(-0.99496121296079,6.13919016368164E-18,-0.100260583997868));
#10440=CARTESIAN_POINT('',(-14.2359956379363,10.,-0.940998258191878));
#10441=CARTESIAN_POINT('',(-14.2359956379363,10.,-0.940998258191878));
#10442=CARTESIAN_POINT('',(-14.1539404316706,10.,-0.945175022892185));
#10443=CARTESIAN_POINT('',(-14.0762759628749,10.,-0.961735746319492));
#10444=CARTESIAN_POINT('',(-13.9609019372424,10.,-1.00731094005368));
#10445=CARTESIAN_POINT('',(-13.918426171255,10.,-1.02720589371883));
#10446=CARTESIAN_POINT('',(-13.8512050534852,10.,-1.07330248032674));
#10447=CARTESIAN_POINT('',(-13.8224330172817,10.,-1.09711394591026));
#10448=CARTESIAN_POINT('',(-13.775510927701,10.,-1.14757897308713));
#10449=CARTESIAN_POINT('',(-13.7551434773971,10.,-1.17441951048007));
#10450=CARTESIAN_POINT('',(-13.7227728633628,10.,-1.22949351872955));
#10451=CARTESIAN_POINT('',(-13.7094701085973,10.,-1.25869953630345));
#10452=CARTESIAN_POINT('',(-13.6903118521056,10.,-1.31739540785758));
#10453=CARTESIAN_POINT('',(-13.6839519186841,10.,-1.3474774175026));
#10454=CARTESIAN_POINT('',(-13.6807166782109,10.,-1.37858302997068));
#10455=CARTESIAN_POINT('',(-15.9957520731522,10.,-0.368667349037619));
#10456=CARTESIAN_POINT('',(-15.9957520731522,10.,-0.368667349037616));
#10457=CARTESIAN_POINT('',(-15.8991868466579,10.,-0.417867227959157));
#10458=CARTESIAN_POINT('',(-15.8015758451311,10.,-0.464753739775895));
#10459=CARTESIAN_POINT('',(-15.6060607423846,10.,-0.553087489083489));
#10460=CARTESIAN_POINT('',(-15.5081837525031,10.,-0.594914634215422));
#10461=CARTESIAN_POINT('',(-15.3122927504927,10.,-0.672199529077783));
#10462=CARTESIAN_POINT('',(-15.2142876512773,10.,-0.708437445610216));
#10463=CARTESIAN_POINT('',(-15.0182982581702,10.,-0.773858119100189));
#10464=CARTESIAN_POINT('',(-14.9203035521779,10.,-0.804109284774871));
#10465=CARTESIAN_POINT('',(-14.7245238339881,10.,-0.856378847008848));
#10466=CARTESIAN_POINT('',(-14.6266886025261,10.,-0.880129348719525));
#10467=CARTESIAN_POINT('',(-14.431503381821,10.,-0.916797420176377));
#10468=CARTESIAN_POINT('',(-14.3341292428249,10.,-0.930914472032022));
#10469=CARTESIAN_POINT('',(-14.2359956379363,10.,-0.940998258191878));
#10470=CARTESIAN_POINT('',(-15.9957520731524,10.,0.368667349028096));
#10471=AXIS2_PLACEMENT_3D('',#10472,#10473,#10474);
#10472=CARTESIAN_POINT('',(0.,10.,6.12323399573677E-16));
#10473=DIRECTION('',(0.,1.,6.12323399573677E-17));
#10474=DIRECTION('',(-0.999734504572014,1.4108977779658E-18,-0.023041709314851));
#10475=CARTESIAN_POINT('',(-14.2359956379363,10.,0.940998258191879));
#10476=CARTESIAN_POINT('',(-14.2359956379363,10.,0.940998258191879));
#10477=CARTESIAN_POINT('',(-14.3341292428249,10.,0.930914472032023));
#10478=CARTESIAN_POINT('',(-14.431503381821,10.,0.916797420176378));
#10479=CARTESIAN_POINT('',(-14.6266886025261,10.,0.880129348719526));
#10480=CARTESIAN_POINT('',(-14.7245238339881,10.,0.856378847008849));
#10481=CARTESIAN_POINT('',(-14.9203035521779,10.,0.804109284774873));
#10482=CARTESIAN_POINT('',(-15.0182982581702,10.,0.77385811910019));
#10483=CARTESIAN_POINT('',(-15.2142876512773,10.,0.708437445610217));
#10484=CARTESIAN_POINT('',(-15.3122927504927,10.,0.672199529077784));
#10485=CARTESIAN_POINT('',(-15.5081837525031,10.,0.594914634215423));
#10486=CARTESIAN_POINT('',(-15.6060607423846,10.,0.553087489083491));
#10487=CARTESIAN_POINT('',(-15.8015758451311,10.,0.464753739775897));
#10488=CARTESIAN_POINT('',(-15.8991868466579,10.,0.417867227959159));
#10489=CARTESIAN_POINT('',(-15.9957520731522,10.,0.368667349037618));
#10490=CARTESIAN_POINT('',(-13.6807166782109,10.,1.37858302997068));
#10491=CARTESIAN_POINT('',(-13.6807166782109,10.,1.37858302997068));
#10492=CARTESIAN_POINT('',(-13.6839519186841,10.,1.34747741750261));
#10493=CARTESIAN_POINT('',(-13.6903118521056,10.,1.31739540785758));
#10494=CARTESIAN_POINT('',(-13.7094701085973,10.,1.25869953630345));
#10495=CARTESIAN_POINT('',(-13.7227728633628,10.,1.22949351872955));
#10496=CARTESIAN_POINT('',(-13.7551434773971,10.,1.17441951048007));
#10497=CARTESIAN_POINT('',(-13.775510927701,10.,1.14757897308713));
#10498=CARTESIAN_POINT('',(-13.8224330172817,10.,1.09711394591026));
#10499=CARTESIAN_POINT('',(-13.8512050534852,10.,1.07330248032674));
#10500=CARTESIAN_POINT('',(-13.918426171255,10.,1.02720589371883));
#10501=CARTESIAN_POINT('',(-13.9609019372424,10.,1.00731094005368));
#10502=CARTESIAN_POINT('',(-14.0762759628749,10.,0.961735746319494));
#10503=CARTESIAN_POINT('',(-14.1539404316706,10.,0.945175022892186));
#10504=CARTESIAN_POINT('',(-14.2359956379363,10.,0.940998258191879));
#10505=CARTESIAN_POINT('',(-13.6683837238048,10.,1.49592325298738));
#10506=AXIS2_PLACEMENT_3D('',#10507,#10508,#10509);
#10507=CARTESIAN_POINT('',(0.,10.,6.12323399573677E-16));
#10508=DIRECTION('',(0.,-1.,-6.12323399573677E-17));
#10509=DIRECTION('',(-0.994064270822166,-6.6617368128767E-18,0.108794418399082));
#10510=CARTESIAN_POINT('',(-14.1205495162215,10.,2.0393947350125));
#10511=CARTESIAN_POINT('',(-14.1205495162215,10.,2.0393947350125));
#10512=CARTESIAN_POINT('',(-14.041155811296,10.,2.01824900596696));
#10513=CARTESIAN_POINT('',(-13.9686316654901,10.,1.98590282305635));
#10514=CARTESIAN_POINT('',(-13.8652544547193,10.,1.91733594790657));
#10515=CARTESIAN_POINT('',(-13.8278432795847,10.,1.88904453838708));
#10516=CARTESIAN_POINT('',(-13.7716751237821,10.,1.82997921654036));
#10517=CARTESIAN_POINT('',(-13.7484825076718,10.,1.80070604591454));
#10518=CARTESIAN_POINT('',(-13.7130780474545,10.,1.74158814967909));
#10519=CARTESIAN_POINT('',(-13.6987361363186,10.,1.71109951139547));
#10520=CARTESIAN_POINT('',(-13.6785234280419,10.,1.65049877326676));
#10521=CARTESIAN_POINT('',(-13.6715836428806,10.,1.61916517901401));
#10522=CARTESIAN_POINT('',(-13.6650475981579,10.,1.55776872758006));
#10523=CARTESIAN_POINT('',(-13.6650810460293,10.,1.52702177750938));
#10524=CARTESIAN_POINT('',(-13.6683837238048,10.,1.49592325298738));
#10525=CARTESIAN_POINT('',(-15.7228567641,10.,2.96509277689509));
#10526=CARTESIAN_POINT('',(-15.7228567641744,10.,2.96509277650072));
#10527=CARTESIAN_POINT('',(-15.6386309495792,10.,2.89689099346259));
#10528=CARTESIAN_POINT('',(-15.5529012365789,10.,2.83073459605241));
#10529=CARTESIAN_POINT('',(-15.380024227095,10.,2.70368127551094));
#10530=CARTESIAN_POINT('',(-15.2929824367419,10.,2.64241838339619));
#10531=CARTESIAN_POINT('',(-15.1174405562855,10.,2.52609431946962));
#10532=CARTESIAN_POINT('',(-15.0291113901263,10.,2.47027188247121));
#10533=CARTESIAN_POINT('',(-14.851006558329,10.,2.36553232155534));
#10534=CARTESIAN_POINT('',(-14.7614428427827,10.,2.3155679714172));
#10535=CARTESIAN_POINT('',(-14.5808088342253,10.,2.22373573228997));
#10536=CARTESIAN_POINT('',(-14.490049544272,10.,2.18016314763063));
#10537=CARTESIAN_POINT('',(-14.3067533096763,10.,2.10371507225216));
#10538=CARTESIAN_POINT('',(-14.2144421293644,10.,2.06966128996952));
#10539=CARTESIAN_POINT('',(-14.1205495162215,10.,2.0393947350125));
#10540=CARTESIAN_POINT('',(-15.5695562603989,10.,3.6863149423608));
#10541=AXIS2_PLACEMENT_3D('',#10542,#10543,#10544);
#10542=CARTESIAN_POINT('',(0.,10.,6.12323399573677E-16));
#10543=DIRECTION('',(0.,1.,6.12323399573677E-17));
#10544=DIRECTION('',(-0.982678547756249,-1.13474730574985E-17,0.185318298555943));
#10545=CARTESIAN_POINT('',(-13.7292604383871,10.,3.88026511210265));
#10546=CARTESIAN_POINT('',(-13.7292604383871,10.,3.88026511210265));
#10547=CARTESIAN_POINT('',(-13.8273461255906,10.,3.89080480458252));
#10548=CARTESIAN_POINT('',(-13.9255275061438,10.,3.89724146606109));
#10549=CARTESIAN_POINT('',(-14.1240711822108,10.,3.90195596920145));
#10550=CARTESIAN_POINT('',(-14.224706486101,10.,3.89906556133174));
#10551=CARTESIAN_POINT('',(-14.4270754007831,10.,3.88864310667784));
#10552=CARTESIAN_POINT('',(-14.5292182583387,10.,3.87942724656779));
#10553=CARTESIAN_POINT('',(-14.7345265358155,10.,3.85618465785845));
#10554=CARTESIAN_POINT('',(-14.8379242749706,10.,3.84111503263327));
#10555=CARTESIAN_POINT('',(-15.045603021758,10.,3.80624702759468));
#10556=CARTESIAN_POINT('',(-15.150037517044,10.,3.78568367639674));
#10557=CARTESIAN_POINT('',(-15.3596457648775,10.,3.73993010704012));
#10558=CARTESIAN_POINT('',(-15.4648719857746,10.,3.71436264636966));
#10559=CARTESIAN_POINT('',(-15.5695562603989,10.,3.6863149423608));
#10560=CARTESIAN_POINT('',(-13.095136666417,10.,4.1928386193437));
#10561=CARTESIAN_POINT('',(-13.095136666417,10.,4.1928386193437));
#10562=CARTESIAN_POINT('',(-13.1047684296059,10.,4.16308538345569));
#10563=CARTESIAN_POINT('',(-13.1172437847114,10.,4.13498304240731));
#10564=CARTESIAN_POINT('',(-13.1481869452319,10.,4.08155304197396));
#10565=CARTESIAN_POINT('',(-13.1672712753848,10.,4.05575104419291));
#10566=CARTESIAN_POINT('',(-13.210385044012,10.,4.00861076425756));
#10567=CARTESIAN_POINT('',(-13.2358878781716,10.,3.98659138803457));
#10568=CARTESIAN_POINT('',(-13.2922768766439,10.,3.94698479376198));
#10569=CARTESIAN_POINT('',(-13.3253708568949,10.,3.92967570852683));
#10570=CARTESIAN_POINT('',(-13.4007070512226,10.,3.89856249918847));
#10571=CARTESIAN_POINT('',(-13.4463910132678,10.,3.88793350631941));
#10572=CARTESIAN_POINT('',(-13.5687194552158,10.,3.86734184866104));
#10573=CARTESIAN_POINT('',(-13.6481299370395,10.,3.86729036779799));
#10574=CARTESIAN_POINT('',(-13.7292604383871,10.,3.88026511210265));
#10575=CARTESIAN_POINT('',(-13.0586768124864,10.,4.30505051155371));
#10576=AXIS2_PLACEMENT_3D('',#10577,#10578,#10579);
#10577=CARTESIAN_POINT('',(0.,10.,6.12323399573677E-16));
#10578=DIRECTION('',(-3.08148791101958E-33,-1.,-6.12323399573677E-17));
#10579=DIRECTION('',(-0.949721949999014,-1.91715139241525E-17,0.313094582658452));
#10580=CARTESIAN_POINT('',(-13.3879676227337,10.,4.93065639219515));
#10581=CARTESIAN_POINT('',(-13.3879676227337,10.,4.93065639219515));
#10582=CARTESIAN_POINT('',(-13.3147053050269,10.,4.89346586863213));
#10583=CARTESIAN_POINT('',(-13.250491135392,10.,4.84674790964561));
#10584=CARTESIAN_POINT('',(-13.1636288196525,10.,4.75818605454466));
#10585=CARTESIAN_POINT('',(-13.1329172832427,10.,4.72273465952406));
#10586=CARTESIAN_POINT('',(-13.0902569073406,10.,4.65328204043009));
#10587=CARTESIAN_POINT('',(-13.073657339938,10.,4.6198265427866));
#10588=CARTESIAN_POINT('',(-13.0513178538851,10.,4.55463951323718));
#10589=CARTESIAN_POINT('',(-13.0436282922538,10.,4.52183527385659));
#10590=CARTESIAN_POINT('',(-13.0364568820778,10.,4.45835634889948));
#10591=CARTESIAN_POINT('',(-13.0361833684332,10.,4.42626460639201));
#10592=CARTESIAN_POINT('',(-13.0425551919972,10.,4.36485089461875));
#10593=CARTESIAN_POINT('',(-13.0489805593291,10.,4.33478279338074));
#10594=CARTESIAN_POINT('',(-13.0586768124864,10.,4.30505051155371));
#10595=CARTESIAN_POINT('',(-14.7627971679646,10.,6.16926411961225));
#10596=CARTESIAN_POINT('',(-14.7627971679646,10.,6.16926411961226));
#10597=CARTESIAN_POINT('',(-14.6945918375268,10.,6.08504117764476));
#10598=CARTESIAN_POINT('',(-14.6244902128879,10.,6.00250624666158));
#10599=CARTESIAN_POINT('',(-14.481806851537,10.,5.84228619466337));
#10600=CARTESIAN_POINT('',(-14.4094044046235,10.,5.76426503792319));
#10601=CARTESIAN_POINT('',(-14.2618836682405,10.,5.61398572471079));
#10602=CARTESIAN_POINT('',(-14.187090843549,10.,5.541018475609));
#10603=CARTESIAN_POINT('',(-14.0346546088529,10.,5.40153764867544));
#10604=CARTESIAN_POINT('',(-13.9574362478963,10.,5.33404379593044));
#10605=CARTESIAN_POINT('',(-13.7998425219235,10.,5.20666238941978));
#10606=CARTESIAN_POINT('',(-13.7201257899612,10.,5.14517205284585));
#10607=CARTESIAN_POINT('',(-13.5567294664795,10.,5.03228512127836));
#10608=CARTESIAN_POINT('',(-13.4735156863897,10.,4.97978292226265));
#10609=CARTESIAN_POINT('',(-13.3879676227337,10.,4.93065639219515));
#10610=CARTESIAN_POINT('',(-14.4628961280462,10.,6.84285288380117));
#10611=AXIS2_PLACEMENT_3D('',#10612,#10613,#10614);
#10612=CARTESIAN_POINT('',(0.,10.,6.12323399573677E-16));
#10613=DIRECTION('',(0.,1.,6.12323399573677E-17));
#10614=DIRECTION('',(-0.92267482299779,-2.36099048661805E-17,0.385579007475766));
#10615=CARTESIAN_POINT('',(-12.6224906773794,10.,6.64994576103673));
#10616=CARTESIAN_POINT('',(-12.6224906773794,10.,6.64994576103673));
#10617=CARTESIAN_POINT('',(-12.7162416316997,10.,6.68064829701988));
#10618=CARTESIAN_POINT('',(-12.8109392563533,10.,6.70735735883953));
#10619=CARTESIAN_POINT('',(-13.0041640764198,10.,6.75324839016718));
#10620=CARTESIAN_POINT('',(-13.1032012070565,10.,6.77134440083206));
#10621=CARTESIAN_POINT('',(-13.3033148255854,10.,6.80322456503909));
#10622=CARTESIAN_POINT('',(-13.4051417016934,10.,6.81544678780309));
#10623=CARTESIAN_POINT('',(-13.6107959066356,10.,6.83539809653128));
#10624=CARTESIAN_POINT('',(-13.7150673083721,10.,6.8421553775478));
#10625=CARTESIAN_POINT('',(-13.9254572421486,10.,6.8512281614684));
#10626=CARTESIAN_POINT('',(-14.0318849542629,10.,6.85282732132572));
#10627=CARTESIAN_POINT('',(-14.2464254609412,10.,6.85165358245094));
#10628=CARTESIAN_POINT('',(-14.3546680104238,10.,6.84852259364435));
#10629=CARTESIAN_POINT('',(-14.4628961280462,10.,6.84285288380116));
#10630=CARTESIAN_POINT('',(-11.9372363448634,10.,6.82384704157949));
#10631=CARTESIAN_POINT('',(-11.9372363448634,10.,6.82384704157949));
#10632=CARTESIAN_POINT('',(-11.9528436764982,10.,6.79674654145172));
#10633=CARTESIAN_POINT('',(-11.9708892204062,10.,6.77185207615378));
#10634=CARTESIAN_POINT('',(-12.0122649203589,10.,6.72602309424574));
#10635=CARTESIAN_POINT('',(-12.0362967490947,10.,6.70475278737228));
#10636=CARTESIAN_POINT('',(-12.088269393743,10.,6.66760649218842));
#10637=CARTESIAN_POINT('',(-12.1177930155294,10.,6.651370629537));
#10638=CARTESIAN_POINT('',(-12.1811844530756,10.,6.62435346639193));
#10639=CARTESIAN_POINT('',(-12.2171540116346,10.,6.61430325158814));
#10640=CARTESIAN_POINT('',(-12.297312729325,10.,6.59953321606515));
#10641=CARTESIAN_POINT('',(-12.3442082790706,10.,6.59863472198413));
#10642=CARTESIAN_POINT('',(-12.4681447974241,10.,6.60392655465098));
#10643=CARTESIAN_POINT('',(-12.5458306731663,10.,6.62038656631293));
#10644=CARTESIAN_POINT('',(-12.6224906773794,10.,6.64994576103673));
#10645=CARTESIAN_POINT('',(-11.8782430619788,10.,6.92602640484083));
#10646=AXIS2_PLACEMENT_3D('',#10647,#10648,#10649);
#10647=CARTESIAN_POINT('',(0.,10.,6.12323399573677E-16));
#10648=DIRECTION('',(0.,-1.,-6.12323399573677E-17));
#10649=DIRECTION('',(-0.863872222689368,-3.08434038818123E-17,0.503711011261151));
#10650=CARTESIAN_POINT('',(-12.0702673015362,10.,7.60642470512447));
#10651=CARTESIAN_POINT('',(-12.0702673015362,10.,7.60642470512447));
#10652=CARTESIAN_POINT('',(-12.0063382858834,10.,7.55481479138361));
#10653=CARTESIAN_POINT('',(-11.9532405597664,10.,7.49576685530653));
#10654=CARTESIAN_POINT('',(-11.8866894390676,10.,7.39108059828925));
#10655=CARTESIAN_POINT('',(-11.8640197828941,10.,7.35001861384462));
#10656=CARTESIAN_POINT('',(-11.8367316500266,10.,7.27321411022845));
#10657=CARTESIAN_POINT('',(-11.8274506120807,10.,7.23703845135158));
#10658=CARTESIAN_POINT('',(-11.8191524429294,10.,7.16863127448159));
#10659=CARTESIAN_POINT('',(-11.8184513015447,10.,7.13494513667717));
#10660=CARTESIAN_POINT('',(-11.8246346145063,10.,7.07136235851796));
#10661=CARTESIAN_POINT('',(-11.8310393262371,10.,7.0399150308966));
#10662=CARTESIAN_POINT('',(-11.8500405388227,10.,6.98116813268421));
#10663=CARTESIAN_POINT('',(-11.8625770062303,10.,6.95309300058573));
#10664=CARTESIAN_POINT('',(-11.8782430619788,10.,6.92602640484083));
#10665=CARTESIAN_POINT('',(-13.1575324957545,10.,9.10380901728304));
#10666=CARTESIAN_POINT('',(-13.1575324957545,10.,9.10380901728304));
#10667=CARTESIAN_POINT('',(-13.1083285496996,10.,9.00724586309668));
#10668=CARTESIAN_POINT('',(-13.0569187908038,10.,8.911939571071));
#10669=CARTESIAN_POINT('',(-12.9506650251476,10.,8.72555517270948));
#10670=CARTESIAN_POINT('',(-12.8960662560293,10.,8.63418565028046));
#10671=CARTESIAN_POINT('',(-12.7830140277827,10.,8.45651901488977));
#10672=CARTESIAN_POINT('',(-12.7250263498937,10.,8.36959597260606));
#10673=CARTESIAN_POINT('',(-12.6049209072252,10.,8.20146986109507));
#10674=CARTESIAN_POINT('',(-12.5434227137669,10.,8.1193963109796));
#10675=CARTESIAN_POINT('',(-12.4157568724223,10.,7.96203291579383));
#10676=CARTESIAN_POINT('',(-12.350566702161,10.,7.88531225007697));
#10677=CARTESIAN_POINT('',(-12.2142114931922,10.,7.74092016292156));
#10678=CARTESIAN_POINT('',(-12.1437319548183,10.,7.67226414520327));
#10679=CARTESIAN_POINT('',(-12.0702673015362,10.,7.60642470512447));
#10680=CARTESIAN_POINT('',(-12.7241380342224,10.,9.70032531856823));
#10681=AXIS2_PLACEMENT_3D('',#10682,#10683,#10684);
#10682=CARTESIAN_POINT('',(0.,10.,6.12323399573677E-16));
#10683=DIRECTION('',(0.,1.,6.12323399573677E-17));
#10684=DIRECTION('',(-0.822345780984657,-3.48404705408265E-17,0.56898806358019));
#10685=CARTESIAN_POINT('',(-10.96405750434,10.,9.12899187023338));
#10686=CARTESIAN_POINT('',(-10.96405750434,10.,9.12899187023338));
#10687=CARTESIAN_POINT('',(-11.0493763592062,10.,9.17851540157025));
#10688=CARTESIAN_POINT('',(-11.1364514873533,10.,9.22432954956516));
#10689=CARTESIAN_POINT('',(-11.3159125995868,10.,9.30939145080147));
#10690=CARTESIAN_POINT('',(-11.4090231591283,10.,9.34768299750059));
#10691=CARTESIAN_POINT('',(-11.5981355561227,10.,9.42047246441471));
#10692=CARTESIAN_POINT('',(-11.6951961276774,10.,9.45359860026924));
#10693=CARTESIAN_POINT('',(-11.8922081844908,10.,9.51587183850655));
#10694=CARTESIAN_POINT('',(-11.992796088203,10.,9.5441607001593));
#10695=CARTESIAN_POINT('',(-12.1967021592997,10.,9.59677774884572));
#10696=CARTESIAN_POINT('',(-12.3004716865261,10.,9.62046952879891));
#10697=CARTESIAN_POINT('',(-12.5105680024277,10.,9.66392691842703));
#10698=CARTESIAN_POINT('',(-12.6170961616781,10.,9.68336924071929));
#10699=CARTESIAN_POINT('',(-12.7241380342224,10.,9.70032531856822));
#10700=CARTESIAN_POINT('',(-10.2576215138239,10.,9.15662060364721));
#10701=CARTESIAN_POINT('',(-10.2576215138239,10.,9.15662060364721));
#10702=CARTESIAN_POINT('',(-10.2785222986199,10.,9.13335726117788));
#10703=CARTESIAN_POINT('',(-10.3013493544697,10.,9.11275867922081));
#10704=CARTESIAN_POINT('',(-10.351349277224,10.,9.07653366225932));
#10705=CARTESIAN_POINT('',(-10.3792782983095,10.,9.06072466077008));
#10706=CARTESIAN_POINT('',(-10.4378383650153,10.,9.03519582168493));
#10707=CARTESIAN_POINT('',(-10.4700924504863,10.,9.02545305771127));
#10708=CARTESIAN_POINT('',(-10.5377158170998,10.,9.01220610536589));
#10709=CARTESIAN_POINT('',(-10.5749889116567,10.,9.00985400360667));
#10710=CARTESIAN_POINT('',(-10.6564668321025,10.,9.01207266332589));
#10711=CARTESIAN_POINT('',(-10.7025244089948,10.,9.0209439365357));
#10712=CARTESIAN_POINT('',(-10.8226523831882,10.,9.05188798104721));
#10713=CARTESIAN_POINT('',(-10.8952184073009,10.,9.08414010374063));
#10714=CARTESIAN_POINT('',(-10.96405750434,10.,9.12899187023338));
#10715=CARTESIAN_POINT('',(-10.1786730915286,10.,9.24430170947437));
#10716=AXIS2_PLACEMENT_3D('',#10717,#10718,#10719);
#10717=CARTESIAN_POINT('',(0.,10.,6.12323399573677E-16));
#10718=DIRECTION('',(0.,-1.,-6.12323399573677E-17));
#10719=DIRECTION('',(-0.740267133929355,-4.11672890867643E-17,0.672312851598136));
#10720=CARTESIAN_POINT('',(-10.2250383796929,10.,9.94975575876454));
#10721=CARTESIAN_POINT('',(-10.2250383796929,10.,9.94975575876454));
#10722=CARTESIAN_POINT('',(-10.1732366708437,10.,9.88598205572816));
#10723=CARTESIAN_POINT('',(-10.133576013667,10.,9.81718482071052));
#10724=CARTESIAN_POINT('',(-10.0902446913312,10.,9.70094945354896));
#10725=CARTESIAN_POINT('',(-10.0766076881499,10.,9.65607148543779));
#10726=CARTESIAN_POINT('',(-10.0658844206663,10.,9.57527182265634));
#10727=CARTESIAN_POINT('',(-10.0643275380707,10.,9.53795705242909));
#10728=CARTESIAN_POINT('',(-10.070433355632,10.,9.4693194501218));
#10729=CARTESIAN_POINT('',(-10.0767512777368,10.,9.43622365975962));
#10730=CARTESIAN_POINT('',(-10.0960190733887,10.,9.3753159009079));
#10731=CARTESIAN_POINT('',(-10.108822093859,10.,9.34588738729072));
#10732=CARTESIAN_POINT('',(-10.1396222512983,10.,9.29237482398998));
#10733=CARTESIAN_POINT('',(-10.1577219149993,10.,9.26751967902316));
#10734=CARTESIAN_POINT('',(-10.1786730915286,10.,9.24430170947437));
#10735=CARTESIAN_POINT('',(-10.9772205166341,10.,11.6404737759761));
#10736=CARTESIAN_POINT('',(-10.9772205166341,10.,11.6404737759761));
#10737=CARTESIAN_POINT('',(-10.9491684035114,10.,11.5357906827703));
#10738=CARTESIAN_POINT('',(-10.9186973635138,10.,11.4318783719939));
#10739=CARTESIAN_POINT('',(-10.8535169929737,10.,11.2274755198491));
#10740=CARTESIAN_POINT('',(-10.819108129855,10.,11.126750918301));
#10741=CARTESIAN_POINT('',(-10.745465334604,10.,10.9294618452377));
#10742=CARTESIAN_POINT('',(-10.7068171432969,10.,10.8323819638229));
#10743=CARTESIAN_POINT('',(-10.6242916768306,10.,10.6429584855661));
#10744=CARTESIAN_POINT('',(-10.5812014170258,10.,10.5498922460528));
#10745=CARTESIAN_POINT('',(-10.4890430701848,10.,10.3694243976749));
#10746=CARTESIAN_POINT('',(-10.4412285848822,10.,10.2808264640535));
#10747=CARTESIAN_POINT('',(-10.3378738673629,10.,10.111239848389));
#10748=CARTESIAN_POINT('',(-10.2832088647303,10.,10.0294306093905));
#10749=CARTESIAN_POINT('',(-10.2250383796929,10.,9.94975575876454));
#10750=CARTESIAN_POINT('',(-10.4292740511145,10.,12.1338469895886));
#10751=AXIS2_PLACEMENT_3D('',#10752,#10753,#10754);
#10752=CARTESIAN_POINT('',(0.,10.,6.12323399573677E-16));
#10753=DIRECTION('',(0.,1.,6.12323399573677E-17));
#10754=DIRECTION('',(-0.68607628228963,-4.45483404697121E-17,0.727529610998508));
#10755=CARTESIAN_POINT('',(-8.82644240697583,10.,11.2090572289377));
#10756=CARTESIAN_POINT('',(-8.82644240697583,10.,11.2090572289377));
#10757=CARTESIAN_POINT('',(-8.89960031902506,10.,11.2752373396686));
#10758=CARTESIAN_POINT('',(-8.97524734973273,10.,11.3381542757307));
#10759=CARTESIAN_POINT('',(-9.13310144237876,10.,11.4586694336193));
#10760=CARTESIAN_POINT('',(-9.21621605257898,10.,11.5154829920187));
#10761=CARTESIAN_POINT('',(-9.38606210882823,10.,11.6260005126532));
#10762=CARTESIAN_POINT('',(-9.47411436310461,10.,11.6785827905045));
#10763=CARTESIAN_POINT('',(-9.65387389953764,10.,11.7804563189198));
#10764=CARTESIAN_POINT('',(-9.746382131159,10.,11.8290404022096));
#10765=CARTESIAN_POINT('',(-9.93489266581905,10.,11.9229020981496));
#10766=CARTESIAN_POINT('',(-10.0314687818763,10.,11.967651053729));
#10767=CARTESIAN_POINT('',(-10.2279386898423,10.,12.0538402754015));
#10768=CARTESIAN_POINT('',(-10.3280966671226,10.,12.0950061860139));
#10769=CARTESIAN_POINT('',(-10.4292740511145,10.,12.1338469895886));
#10770=CARTESIAN_POINT('',(-8.12969940110132,10.,11.089205906995));
#10771=CARTESIAN_POINT('',(-8.12969940110132,10.,11.089205906995));
#10772=CARTESIAN_POINT('',(-8.15498017446985,10.,11.0707964418799));
#10773=CARTESIAN_POINT('',(-8.18159109038422,10.,11.0553940001382));
#10774=CARTESIAN_POINT('',(-8.23802999938962,10.,11.0303561551914));
#10775=CARTESIAN_POINT('',(-8.268635580585,10.,11.0206993883115));
#10776=CARTESIAN_POINT('',(-8.33122371343089,10.,11.007903738094));
#10777=CARTESIAN_POINT('',(-8.36479860427926,10.,11.0050798783347));
#10778=CARTESIAN_POINT('',(-8.43369843434612,10.,11.0061820921725));
#10779=CARTESIAN_POINT('',(-8.47064605181255,10.,11.0116309015913));
#10780=CARTESIAN_POINT('',(-8.5498821989158,10.,11.0307412904767));
#10781=CARTESIAN_POINT('',(-8.59308886583588,10.,11.048994613769));
#10782=CARTESIAN_POINT('',(-8.7041581269591,10.,11.104238466894));
#10783=CARTESIAN_POINT('',(-8.76843281597808,10.,11.1508731280944));
#10784=CARTESIAN_POINT('',(-8.82644240697583,10.,11.2090572289377));
#10785=CARTESIAN_POINT('',(-8.03424626428616,10.,11.1585566703227));
#10786=AXIS2_PLACEMENT_3D('',#10787,#10788,#10789);
#10787=CARTESIAN_POINT('',(0.,10.,6.12323399573677E-16));
#10788=DIRECTION('',(-6.16297582203915E-33,-1.,-6.12323399573677E-17));
#10789=DIRECTION('',(-0.584308819220812,-4.96919662160548E-17,0.811531394205289));
#10790=CARTESIAN_POINT('',(-7.93292621547922,10.,11.8582347415213));
#10791=CARTESIAN_POINT('',(-7.93292621547922,10.,11.8582347415213));
#10792=CARTESIAN_POINT('',(-7.89551579668246,10.,11.7850844660323));
#10793=CARTESIAN_POINT('',(-7.8710255694777,10.,11.7095447013701));
#10794=CARTESIAN_POINT('',(-7.85280783221765,10.,11.5868402673684));
#10795=CARTESIAN_POINT('',(-7.84879948450508,10.,11.5401076981456));
#10796=CARTESIAN_POINT('',(-7.85510974065039,10.,11.4588442091822));
#10797=CARTESIAN_POINT('',(-7.86134505664533,10.,11.4220211621196));
#10798=CARTESIAN_POINT('',(-7.8815880073928,10.,11.3561529269556));
#10799=CARTESIAN_POINT('',(-7.8946488694744,10.,11.3250939288857));
#10800=CARTESIAN_POINT('',(-7.92615905268953,10.,11.2695231506712));
#10801=CARTESIAN_POINT('',(-7.94480082846911,10.,11.2433996183169));
#10802=CARTESIAN_POINT('',(-7.98605381608642,10.,11.1974601457258));
#10803=CARTESIAN_POINT('',(-8.00892563392516,10.,11.1769112769939));
#10804=CARTESIAN_POINT('',(-8.03424626428617,10.,11.1585566703227));
#10805=CARTESIAN_POINT('',(-8.31715132638854,10.,13.6683939734686));
#10806=CARTESIAN_POINT('',(-8.31715132638856,10.,13.6683939734686));
#10807=CARTESIAN_POINT('',(-8.31147705815057,10.,13.5601660947416));
#10808=CARTESIAN_POINT('',(-8.30327646771529,10.,13.4521892318221));
#10809=CARTESIAN_POINT('',(-8.28201818725395,10.,13.2387013113664));
#10810=CARTESIAN_POINT('',(-8.26930306256526,10.,13.1330237791171));
#10811=CARTESIAN_POINT('',(-8.23828824383963,10.,12.924734747572));
#10812=CARTESIAN_POINT('',(-8.22066865052927,10.,12.8217408836849));
#10813=CARTESIAN_POINT('',(-8.17932991915069,10.,12.6192987536368));
#10814=CARTESIAN_POINT('',(-8.15653084412291,10.,12.5193072659738));
#10815=CARTESIAN_POINT('',(-8.10390775376733,10.,12.3236222753587));
#10816=CARTESIAN_POINT('',(-8.0755586758704,10.,12.2270192286721));
#10817=CARTESIAN_POINT('',(-8.0097215469073,10.,12.0396498333699));
#10818=CARTESIAN_POINT('',(-7.97326020294277,10.,11.9482628293998));
#10819=CARTESIAN_POINT('',(-7.93292621547922,10.,11.8582347415213));
#10820=CARTESIAN_POINT('',(-7.67860074676366,10.,14.0370613225062));
#10821=AXIS2_PLACEMENT_3D('',#10822,#10823,#10824);
#10822=CARTESIAN_POINT('',(0.,10.,6.12323399573677E-16));
#10823=DIRECTION('',(0.,1.,6.12323399573677E-17));
#10824=DIRECTION('',(-0.519821957899285,-5.23092341534166E-17,0.854274623341788));
#10825=CARTESIAN_POINT('',(-6.30306942245707,10.,12.7992329997132));
#10826=CARTESIAN_POINT('',(-6.30306942245707,10.,12.7992329997132));
#10827=CARTESIAN_POINT('',(-6.36086903988215,10.,12.8791773014318));
#10828=CARTESIAN_POINT('',(-6.42178183491374,10.,12.9564472535462));
#10829=CARTESIAN_POINT('',(-6.55112992665567,10.,13.1071485773916));
#10830=CARTESIAN_POINT('',(-6.62061608022075,10.,13.1800011223675));
#10831=CARTESIAN_POINT('',(-6.76377270805496,10.,13.3234165507487));
#10832=CARTESIAN_POINT('',(-6.83896833901947,10.,13.393156872737));
#10833=CARTESIAN_POINT('',(-6.99361900074806,10.,13.5301783292952));
#10834=CARTESIAN_POINT('',(-7.07400450665303,10.,13.5969342766498));
#10835=CARTESIAN_POINT('',(-7.23888068993789,10.,13.7279384133325));
#10836=CARTESIAN_POINT('',(-7.32404255513065,10.,13.7917888004498));
#10837=CARTESIAN_POINT('',(-7.49829937741579,10.,13.916942971598));
#10838=CARTESIAN_POINT('',(-7.58770978850734,10.,13.9780333227007));
#10839=CARTESIAN_POINT('',(-7.67860074676367,10.,14.0370613225062));
#10840=CARTESIAN_POINT('',(-5.6464704139247,10.,12.5371397002934));
#10841=CARTESIAN_POINT('',(-5.6464704139247,10.,12.5371397002934));
#10842=CARTESIAN_POINT('',(-5.67502628475895,10.,12.5243886944965));
#10843=CARTESIAN_POINT('',(-5.70425803601916,10.,12.5148555535834));
#10844=CARTESIAN_POINT('',(-5.76466928012815,10.,12.5020991546204));
#10845=CARTESIAN_POINT('',(-5.79661381067331,10.,12.4990166694007));
#10846=CARTESIAN_POINT('',(-5.86049460792275,10.,12.4995134393658));
#10847=CARTESIAN_POINT('',(-5.89392292030817,10.,12.5037319000427));
#10848=CARTESIAN_POINT('',(-5.96108796063638,10.,12.5191351080299));
#10849=CARTESIAN_POINT('',(-5.99609531283479,10.,12.5321466895089));
#10850=CARTESIAN_POINT('',(-6.06962668674988,10.,12.5673135918644));
#10851=CARTESIAN_POINT('',(-6.10809410502471,10.,12.5941512074221));
#10852=CARTESIAN_POINT('',(-6.20525039339716,10.,12.6712804476896));
#10853=CARTESIAN_POINT('',(-6.25842463498811,10.,12.7302594889245));
#10854=CARTESIAN_POINT('',(-6.30306942245707,10.,12.7992329997132));
#10855=CARTESIAN_POINT('',(-5.53868432270347,10.,12.5851291599824));
#10856=AXIS2_PLACEMENT_3D('',#10857,#10858,#10859);
#10857=CARTESIAN_POINT('',(0.,10.,6.12323399573677E-16));
#10858=DIRECTION('',(3.08148791101958E-33,-1.,-6.12323399573677E-17));
#10859=DIRECTION('',(-0.402813405287525,-5.60448659731943E-17,0.915282120725991));
#10860=CARTESIAN_POINT('',(-5.29410710924571,10.,13.2484519639502));
#10861=CARTESIAN_POINT('',(-5.29410710924571,10.,13.2484519639502));
#10862=CARTESIAN_POINT('',(-5.27272299531792,10.,13.1691221340613));
#10863=CARTESIAN_POINT('',(-5.26447353853104,10.,13.0901412899504));
#10864=CARTESIAN_POINT('',(-5.27216558888346,10.,12.9663305616756));
#10865=CARTESIAN_POINT('',(-5.27796108066889,10.,12.9197858288638));
#10866=CARTESIAN_POINT('',(-5.30102907196956,10.,12.8416101181317));
#10867=CARTESIAN_POINT('',(-5.31478407332567,10.,12.806888138087));
#10868=CARTESIAN_POINT('',(-5.34827944317522,10.,12.7466680280138));
#10869=CARTESIAN_POINT('',(-5.36751242288766,10.,12.7190032494895));
#10870=CARTESIAN_POINT('',(-5.40988784745687,10.,12.6711981615782));
#10871=CARTESIAN_POINT('',(-5.433553643491,10.,12.6495213342054));
#10872=CARTESIAN_POINT('',(-5.48345650777365,10.,12.6131627277183));
#10873=CARTESIAN_POINT('',(-5.51010087155948,10.,12.5978182193893));
#10874=CARTESIAN_POINT('',(-5.53868432270347,10.,12.5851291599824));
#10875=CARTESIAN_POINT('',(-5.29358271305981,10.,15.0989397660894));
#10876=CARTESIAN_POINT('',(-5.29358271305982,10.,15.0989397660893));
#10877=CARTESIAN_POINT('',(-5.31053428245668,10.,14.9918971794765));
#10878=CARTESIAN_POINT('',(-5.32496254673658,10.,14.8845748714539));
#10879=CARTESIAN_POINT('',(-5.34855544521873,10.,14.6713323292399));
#10880=CARTESIAN_POINT('',(-5.35808977092284,10.,14.5653204815458));
#10881=CARTESIAN_POINT('',(-5.3710584251265,10.,14.3551347216792));
#10882=CARTESIAN_POINT('',(-5.37523749058869,10.,14.2507282013911));
#10883=CARTESIAN_POINT('',(-5.3768921952244,10.,14.0441151120599));
#10884=CARTESIAN_POINT('',(-5.37538073395444,10.,13.9415684840704));
#10885=CARTESIAN_POINT('',(-5.36459278164637,10.,13.7392187243087));
#10886=CARTESIAN_POINT('',(-5.35694810189322,10.,13.63883258125));
#10887=CARTESIAN_POINT('',(-5.33150595994356,10.,13.4418693479828));
#10888=CARTESIAN_POINT('',(-5.31484181033932,10.,13.3448986296381));
#10889=CARTESIAN_POINT('',(-5.29410710924571,10.,13.2484519639502));
#10890=CARTESIAN_POINT('',(-4.59233574376483,10.,15.3267887183369));
#10891=AXIS2_PLACEMENT_3D('',#10892,#10893,#10894);
#10892=CARTESIAN_POINT('',(0.,10.,6.12323399573677E-16));
#10893=DIRECTION('',(0.,1.,6.12323399573677E-17));
#10894=DIRECTION('',(-0.330848919566239,-5.77839632970625E-17,0.943683735380584));
#10895=CARTESIAN_POINT('',(-3.50422205869416,10.,13.8300208708672));
#10896=CARTESIAN_POINT('',(-3.50422205869416,10.,13.8300208708672));
#10897=CARTESIAN_POINT('',(-3.54413726086028,10.,13.920235413973));
#10898=CARTESIAN_POINT('',(-3.5876536387809,10.,14.0084813144501));
#10899=CARTESIAN_POINT('',(-3.68284259732859,10.,14.182782433255));
#10900=CARTESIAN_POINT('',(-3.73566341591618,10.,14.2684899590066));
#10901=CARTESIAN_POINT('',(-3.84587398375728,10.,14.4385353527306));
#10902=CARTESIAN_POINT('',(-3.90492658150811,10.,14.5223857321339));
#10903=CARTESIAN_POINT('',(-4.02770939251851,10.,14.6885666216813));
#10904=CARTESIAN_POINT('',(-4.09245894036658,10.,14.770576877871));
#10905=CARTESIAN_POINT('',(-4.22649489190299,10.,14.9329979458957));
#10906=CARTESIAN_POINT('',(-4.29652052407037,10.,15.0131591962458));
#10907=CARTESIAN_POINT('',(-4.44094840136377,10.,15.1718084790341));
#10908=CARTESIAN_POINT('',(-4.51570358226318,10.,15.2501533291399));
#10909=CARTESIAN_POINT('',(-4.59233574376485,10.,15.3267887183369));
#10910=CARTESIAN_POINT('',(-2.91646357488841,10.,13.4371403288181));
#10911=CARTESIAN_POINT('',(-2.91646357488841,10.,13.4371403288181));
#10912=CARTESIAN_POINT('',(-2.94704651460664,10.,13.4306050624789));
#10913=CARTESIAN_POINT('',(-2.97762153341312,10.,13.4273578663973));
#10914=CARTESIAN_POINT('',(-3.03936485137282,10.,13.4274404292647));
#10915=CARTESIAN_POINT('',(-3.07125220199608,10.,13.4310669451008));
#10916=CARTESIAN_POINT('',(-3.1336337662752,10.,13.4448344240172));
#10917=CARTESIAN_POINT('',(-3.16545452253958,10.,13.4559108381564));
#10918=CARTESIAN_POINT('',(-3.22794933857319,10.,13.4849418461911));
#10919=CARTESIAN_POINT('',(-3.25948643622858,10.,13.5049475311832));
#10920=CARTESIAN_POINT('',(-3.32409936307274,10.,13.5546339846263));
#10921=CARTESIAN_POINT('',(-3.35614632193657,10.,13.5888829598684));
#10922=CARTESIAN_POINT('',(-3.43514344154877,10.,13.6845266693716));
#10923=CARTESIAN_POINT('',(-3.47489326619585,10.,13.7532724235261));
#10924=CARTESIAN_POINT('',(-3.50422205869416,10.,13.8300208708672));
#10925=CARTESIAN_POINT('',(-2.80105529866252,10.,13.4616711152009));
#10926=AXIS2_PLACEMENT_3D('',#10927,#10928,#10929);
#10927=CARTESIAN_POINT('',(0.,10.,6.12323399573677E-16));
#10928=DIRECTION('',(1.54074395550979E-33,-1.,-6.12323399573677E-17));
#10929=DIRECTION('',(-0.203713112630001,-5.99483361542007E-17,0.979030626560067));
#10930=CARTESIAN_POINT('',(-2.42391011839373,10.,14.0596482624285));
#10931=CARTESIAN_POINT('',(-2.42391011839373,10.,14.0596482624285));
#10932=CARTESIAN_POINT('',(-2.41948689772592,10.,13.9776059723728));
#10933=CARTESIAN_POINT('',(-2.4278387522038,10.,13.8986358906928));
#10934=CARTESIAN_POINT('',(-2.46110441065773,10.,13.7791299910804));
#10935=CARTESIAN_POINT('',(-2.47645045114028,10.,13.73480732285));
#10936=CARTESIAN_POINT('',(-2.51526799568398,10.,13.6631360440368));
#10937=CARTESIAN_POINT('',(-2.53594152283817,10.,13.6320326481525));
#10938=CARTESIAN_POINT('',(-2.58122540339874,10.,13.5800925709485));
#10939=CARTESIAN_POINT('',(-2.60578992723853,10.,13.5570310955415));
#10940=CARTESIAN_POINT('',(-2.6571785837683,10.,13.5190810096696));
#10941=CARTESIAN_POINT('',(-2.68483409120918,10.,13.5027982686513));
#10942=CARTESIAN_POINT('',(-2.74120583752752,10.,13.4776095738396));
#10943=CARTESIAN_POINT('',(-2.77045826070915,10.,13.4681400545586));
#10944=CARTESIAN_POINT('',(-2.80105529866252,10.,13.4616711152009));
#10945=CARTESIAN_POINT('',(-2.03865913374226,10.,15.8695894381805));
#10946=CARTESIAN_POINT('',(-2.03865913374227,10.,15.8695894381805));
#10947=CARTESIAN_POINT('',(-2.07749567584867,10.,15.7684104183641));
#10948=CARTESIAN_POINT('',(-2.11392221046024,10.,15.6664331650886));
#10949=CARTESIAN_POINT('',(-2.18133516501091,10.,15.4627557234623));
#10950=CARTESIAN_POINT('',(-2.21270224532379,10.,15.3610427867689));
#10951=CARTESIAN_POINT('',(-2.26908758003753,10.,15.1581464248701));
#10952=CARTESIAN_POINT('',(-2.29488265905819,10.,15.0568903141155));
#10953=CARTESIAN_POINT('',(-2.33945848117545,10.,14.8551362489447));
#10954=CARTESIAN_POINT('',(-2.3593006917736,10.,14.7545162603451));
#10955=CARTESIAN_POINT('',(-2.39081936279525,10.,14.5543453869204));
#10956=CARTESIAN_POINT('',(-2.40421319037434,10.,14.4545635036473));
#10957=CARTESIAN_POINT('',(-2.42027797912625,10.,14.2566146708435));
#10958=CARTESIAN_POINT('',(-2.42413932718347,10.,14.1582983238329));
#10959=CARTESIAN_POINT('',(-2.42391011839373,10.,14.0596482624285));
#10960=CARTESIAN_POINT('',(-1.30536363229168,10.,15.9466619010842));
#10961=AXIS2_PLACEMENT_3D('',#10962,#10963,#10964);
#10962=CARTESIAN_POINT('',(0.,10.,6.12323399573677E-16));
#10963=DIRECTION('',(0.,1.,6.12323399573677E-17));
#10964=DIRECTION('',(-0.127416195858892,-6.07332559664074E-17,0.99184933988628));
#10965=CARTESIAN_POINT('',(-0.552223375843267,10.,14.2563704661612));
#10966=CARTESIAN_POINT('',(-0.552223375843267,10.,14.2563704661612));
#10967=CARTESIAN_POINT('',(-0.572509676881381,10.,14.3529124422232));
#10968=CARTESIAN_POINT('',(-0.596727763161144,10.,14.4482775217611));
#10969=CARTESIAN_POINT('',(-0.653597374258766,10.,14.6385606402442));
#10970=CARTESIAN_POINT('',(-0.687444334634175,10.,14.7333773166259));
#10971=CARTESIAN_POINT('',(-0.759892111818533,10.,14.9226208760187));
#10972=CARTESIAN_POINT('',(-0.800220794468158,10.,15.0169166488982));
#10973=CARTESIAN_POINT('',(-0.885769556741927,10.,15.2049940691373));
#10974=CARTESIAN_POINT('',(-0.932053280589332,10.,15.2986743924376));
#10975=CARTESIAN_POINT('',(-1.0293909861193,10.,15.4854138117489));
#10976=CARTESIAN_POINT('',(-1.08121992911533,10.,15.5783824940352));
#10977=CARTESIAN_POINT('',(-1.18950667013741,10.,15.763593153522));
#10978=CARTESIAN_POINT('',(-1.24633946072421,10.,15.855768456741));
#10979=CARTESIAN_POINT('',(-1.3053636322917,10.,15.9466619010842));
#10980=CARTESIAN_POINT('',(-0.0589932828845623,10.,13.7498734464203));
#10981=CARTESIAN_POINT('',(-0.0589932828845623,10.,13.7498734464203));
#10982=CARTESIAN_POINT('',(-0.0902666702678723,10.,13.7498395420375));
#10983=CARTESIAN_POINT('',(-0.120848681583559,10.,13.753020208838));
#10984=CARTESIAN_POINT('',(-0.181225594121827,10.,13.7659381251423));
#10985=CARTESIAN_POINT('',(-0.211662134588453,10.,13.7761151458902));
#10986=CARTESIAN_POINT('',(-0.269818092198295,10.,13.8025516288656));
#10987=CARTESIAN_POINT('',(-0.298640572599959,10.,13.8200019040186));
#10988=CARTESIAN_POINT('',(-0.353733840994896,10.,13.8613919177435));
#10989=CARTESIAN_POINT('',(-0.380422361607948,10.,13.8875173618166));
#10990=CARTESIAN_POINT('',(-0.433292946430863,10.,13.9495518299098));
#10991=CARTESIAN_POINT('',(-0.457518840002972,10.,13.9897153202734));
#10992=CARTESIAN_POINT('',(-0.514904237657636,10.,14.0996934099575));
#10993=CARTESIAN_POINT('',(-0.539492387282946,10.,14.1752013576965));
#10994=CARTESIAN_POINT('',(-0.552223375843267,10.,14.2563704661612));
#10995=CARTESIAN_POINT('',(0.0589932828845594,10.,13.7498734464203));
#10996=AXIS2_PLACEMENT_3D('',#10997,#10998,#10999);
#10997=CARTESIAN_POINT('',(0.,10.,6.12323399573677E-16));
#10998=DIRECTION('',(0.,-1.,-6.12323399573677E-17));
#10999=DIRECTION('',(0.00429042057342249,-6.12317763812357E-17,0.999990796103296));
#11000=CARTESIAN_POINT('',(0.552223375843264,10.,14.2563704661612));
#11001=CARTESIAN_POINT('',(0.552223375843265,10.,14.2563704661612));
#11002=CARTESIAN_POINT('',(0.539492387282943,10.,14.1752013576965));
#11003=CARTESIAN_POINT('',(0.514904237657633,10.,14.0996934099575));
#11004=CARTESIAN_POINT('',(0.457518840002969,10.,13.9897153202734));
#11005=CARTESIAN_POINT('',(0.433292946430861,10.,13.9495518299098));
#11006=CARTESIAN_POINT('',(0.380422361607945,10.,13.8875173618166));
#11007=CARTESIAN_POINT('',(0.353733840994893,10.,13.8613919177435));
#11008=CARTESIAN_POINT('',(0.298640572599956,10.,13.8200019040186));
#11009=CARTESIAN_POINT('',(0.269818092198292,10.,13.8025516288656));
#11010=CARTESIAN_POINT('',(0.21166213458845,10.,13.7761151458902));
#11011=CARTESIAN_POINT('',(0.181225594121824,10.,13.7659381251423));
#11012=CARTESIAN_POINT('',(0.120848681583557,10.,13.753020208838));
#11013=CARTESIAN_POINT('',(0.0902666702678694,10.,13.7498395420374));
#11014=CARTESIAN_POINT('',(0.0589932828845592,10.,13.7498734464203));
#11015=CARTESIAN_POINT('',(1.30536363229171,10.,15.9466619010842));
#11016=CARTESIAN_POINT('',(1.3053636322917,10.,15.9466619010842));
#11017=CARTESIAN_POINT('',(1.24633946072421,10.,15.855768456741));
#11018=CARTESIAN_POINT('',(1.1895066701374,10.,15.7635931535219));
#11019=CARTESIAN_POINT('',(1.08121992911532,10.,15.5783824940352));
#11020=CARTESIAN_POINT('',(1.0293909861193,10.,15.4854138117489));
#11021=CARTESIAN_POINT('',(0.932053280589328,10.,15.2986743924376));
#11022=CARTESIAN_POINT('',(0.885769556741924,10.,15.2049940691373));
#11023=CARTESIAN_POINT('',(0.800220794468154,10.,15.0169166488982));
#11024=CARTESIAN_POINT('',(0.75989211181853,10.,14.9226208760187));
#11025=CARTESIAN_POINT('',(0.687444334634172,10.,14.7333773166259));
#11026=CARTESIAN_POINT('',(0.653597374258763,10.,14.6385606402442));
#11027=CARTESIAN_POINT('',(0.596727763161141,10.,14.4482775217611));
#11028=CARTESIAN_POINT('',(0.572509676881378,10.,14.3529124422232));
#11029=CARTESIAN_POINT('',(0.552223375843265,10.,14.2563704661612));
#11030=CARTESIAN_POINT('',(2.03865913374229,10.,15.8695894381805));
#11031=AXIS2_PLACEMENT_3D('',#11032,#11033,#11034);
#11032=CARTESIAN_POINT('',(0.,10.,6.12323399573677E-16));
#11033=DIRECTION('',(0.,1.,6.12323399573677E-17));
#11034=DIRECTION('',(0.0815852270182309,-6.10282139195244E-17,0.996666368817762));
#11035=CARTESIAN_POINT('',(2.42391011839373,10.,14.0596482624285));
#11036=CARTESIAN_POINT('',(2.42391011839373,10.,14.0596482624285));
#11037=CARTESIAN_POINT('',(2.42413932718346,10.,14.1582983238329));
#11038=CARTESIAN_POINT('',(2.42027797912625,10.,14.2566146708435));
#11039=CARTESIAN_POINT('',(2.40421319037434,10.,14.4545635036473));
#11040=CARTESIAN_POINT('',(2.39081936279524,10.,14.5543453869204));
#11041=CARTESIAN_POINT('',(2.3593006917736,10.,14.7545162603451));
#11042=CARTESIAN_POINT('',(2.33945848117545,10.,14.8551362489447));
#11043=CARTESIAN_POINT('',(2.29488265905818,10.,15.0568903141155));
#11044=CARTESIAN_POINT('',(2.26908758003752,10.,15.1581464248701));
#11045=CARTESIAN_POINT('',(2.21270224532379,10.,15.3610427867689));
#11046=CARTESIAN_POINT('',(2.18133516501091,10.,15.4627557234623));
#11047=CARTESIAN_POINT('',(2.11392221046024,10.,15.6664331650886));
#11048=CARTESIAN_POINT('',(2.07749567584867,10.,15.7684104183641));
#11049=CARTESIAN_POINT('',(2.03865913374227,10.,15.8695894381805));
#11050=CARTESIAN_POINT('',(2.80105529866252,10.,13.4616711152009));
#11051=CARTESIAN_POINT('',(2.80105529866251,10.,13.4616711152009));
#11052=CARTESIAN_POINT('',(2.77045826070914,10.,13.4681400545586));
#11053=CARTESIAN_POINT('',(2.74120583752752,10.,13.4776095738396));
#11054=CARTESIAN_POINT('',(2.68483409120918,10.,13.5027982686513));
#11055=CARTESIAN_POINT('',(2.65717858376829,10.,13.5190810096696));
#11056=CARTESIAN_POINT('',(2.60578992723853,10.,13.5570310955415));
#11057=CARTESIAN_POINT('',(2.58122540339874,10.,13.5800925709485));
#11058=CARTESIAN_POINT('',(2.53594152283817,10.,13.6320326481525));
#11059=CARTESIAN_POINT('',(2.51526799568397,10.,13.6631360440368));
#11060=CARTESIAN_POINT('',(2.47645045114028,10.,13.73480732285));
#11061=CARTESIAN_POINT('',(2.46110441065773,10.,13.7791299910804));
#11062=CARTESIAN_POINT('',(2.4278387522038,10.,13.8986358906928));
#11063=CARTESIAN_POINT('',(2.41948689772592,10.,13.9776059723728));
#11064=CARTESIAN_POINT('',(2.42391011839373,10.,14.0596482624285));
#11065=CARTESIAN_POINT('',(2.9164635748884,10.,13.4371403288181));
#11066=AXIS2_PLACEMENT_3D('',#11067,#11068,#11069);
#11067=CARTESIAN_POINT('',(0.,10.,6.12323399573677E-16));
#11068=DIRECTION('',(0.,-1.,-6.12323399573677E-17));
#11069=DIRECTION('',(0.212106441810066,-5.98390941577486E-17,0.977246569368587));
#11070=CARTESIAN_POINT('',(3.50422205869415,10.,13.8300208708672));
#11071=CARTESIAN_POINT('',(3.50422205869415,10.,13.8300208708672));
#11072=CARTESIAN_POINT('',(3.47489326619585,10.,13.7532724235261));
#11073=CARTESIAN_POINT('',(3.43514344154877,10.,13.6845266693716));
#11074=CARTESIAN_POINT('',(3.35614632193657,10.,13.5888829598684));
#11075=CARTESIAN_POINT('',(3.32409936307273,10.,13.5546339846263));
#11076=CARTESIAN_POINT('',(3.25948643622858,10.,13.5049475311832));
#11077=CARTESIAN_POINT('',(3.22794933857319,10.,13.4849418461911));
#11078=CARTESIAN_POINT('',(3.16545452253958,10.,13.4559108381564));
#11079=CARTESIAN_POINT('',(3.13363376627519,10.,13.4448344240172));
#11080=CARTESIAN_POINT('',(3.07125220199607,10.,13.4310669451008));
#11081=CARTESIAN_POINT('',(3.03936485137282,10.,13.4274404292647));
#11082=CARTESIAN_POINT('',(2.97762153341312,10.,13.4273578663973));
#11083=CARTESIAN_POINT('',(2.94704651460664,10.,13.4306050624789));
#11084=CARTESIAN_POINT('',(2.9164635748884,10.,13.4371403288181));
#11085=CARTESIAN_POINT('',(4.59233574376486,10.,15.3267887183369));
#11086=CARTESIAN_POINT('',(4.59233574376485,10.,15.3267887183369));
#11087=CARTESIAN_POINT('',(4.51570358226317,10.,15.2501533291399));
#11088=CARTESIAN_POINT('',(4.44094840136376,10.,15.1718084790341));
#11089=CARTESIAN_POINT('',(4.29652052407037,10.,15.0131591962458));
#11090=CARTESIAN_POINT('',(4.22649489190299,10.,14.9329979458957));
#11091=CARTESIAN_POINT('',(4.09245894036658,10.,14.770576877871));
#11092=CARTESIAN_POINT('',(4.02770939251851,10.,14.6885666216813));
#11093=CARTESIAN_POINT('',(3.9049265815081,10.,14.5223857321339));
#11094=CARTESIAN_POINT('',(3.84587398375728,10.,14.4385353527306));
#11095=CARTESIAN_POINT('',(3.73566341591617,10.,14.2684899590066));
#11096=CARTESIAN_POINT('',(3.68284259732859,10.,14.182782433255));
#11097=CARTESIAN_POINT('',(3.58765363878089,10.,14.0084813144501));
#11098=CARTESIAN_POINT('',(3.54413726086028,10.,13.920235413973));
#11099=CARTESIAN_POINT('',(3.50422205869415,10.,13.8300208708672));
#11100=CARTESIAN_POINT('',(5.29358271305983,10.,15.0989397660893));
#11101=AXIS2_PLACEMENT_3D('',#11102,#11103,#11104);
#11102=CARTESIAN_POINT('',(0.,10.,6.12323399573677E-16));
#11103=DIRECTION('',(0.,1.,6.12323399573677E-17));
#11104=DIRECTION('',(0.287020983985303,-5.86559460784971E-17,0.957924294896057));
#11105=CARTESIAN_POINT('',(5.2941071092457,10.,13.2484519639502));
#11106=CARTESIAN_POINT('',(5.29410710924571,10.,13.2484519639502));
#11107=CARTESIAN_POINT('',(5.31484181033931,10.,13.3448986296381));
#11108=CARTESIAN_POINT('',(5.33150595994355,10.,13.4418693479828));
#11109=CARTESIAN_POINT('',(5.35694810189322,10.,13.63883258125));
#11110=CARTESIAN_POINT('',(5.36459278164636,10.,13.7392187243087));
#11111=CARTESIAN_POINT('',(5.37538073395443,10.,13.9415684840704));
#11112=CARTESIAN_POINT('',(5.37689219522439,10.,14.0441151120599));
#11113=CARTESIAN_POINT('',(5.37523749058869,10.,14.2507282013911));
#11114=CARTESIAN_POINT('',(5.37105842512649,10.,14.3551347216792));
#11115=CARTESIAN_POINT('',(5.35808977092284,10.,14.5653204815458));
#11116=CARTESIAN_POINT('',(5.34855544521873,10.,14.6713323292399));
#11117=CARTESIAN_POINT('',(5.32496254673658,10.,14.8845748714539));
#11118=CARTESIAN_POINT('',(5.31053428245667,10.,14.9918971794765));
#11119=CARTESIAN_POINT('',(5.29358271305982,10.,15.0989397660894));
#11120=CARTESIAN_POINT('',(5.53868432270347,10.,12.5851291599824));
#11121=CARTESIAN_POINT('',(5.53868432270347,10.,12.5851291599824));
#11122=CARTESIAN_POINT('',(5.51010087155947,10.,12.5978182193893));
#11123=CARTESIAN_POINT('',(5.48345650777365,10.,12.6131627277183));
#11124=CARTESIAN_POINT('',(5.43355364349099,10.,12.6495213342054));
#11125=CARTESIAN_POINT('',(5.40988784745687,10.,12.6711981615782));
#11126=CARTESIAN_POINT('',(5.36751242288766,10.,12.7190032494895));
#11127=CARTESIAN_POINT('',(5.34827944317521,10.,12.7466680280138));
#11128=CARTESIAN_POINT('',(5.31478407332567,10.,12.806888138087));
#11129=CARTESIAN_POINT('',(5.30102907196956,10.,12.8416101181317));
#11130=CARTESIAN_POINT('',(5.27796108066889,10.,12.9197858288638));
#11131=CARTESIAN_POINT('',(5.27216558888346,10.,12.9663305616756));
#11132=CARTESIAN_POINT('',(5.26447353853104,10.,13.0901412899504));
#11133=CARTESIAN_POINT('',(5.27272299531792,10.,13.1691221340613));
#11134=CARTESIAN_POINT('',(5.29410710924571,10.,13.2484519639502));
#11135=CARTESIAN_POINT('',(5.6464704139247,10.,12.5371397002934));
#11136=AXIS2_PLACEMENT_3D('',#11137,#11138,#11139);
#11137=CARTESIAN_POINT('',(0.,10.,6.12323399573677E-16));
#11138=DIRECTION('',(0.,-1.,-6.12323399573677E-17));
#11139=DIRECTION('',(0.410652393739978,-5.58311563797365E-17,0.911791978203157));
#11140=CARTESIAN_POINT('',(6.30306942245706,10.,12.7992329997132));
#11141=CARTESIAN_POINT('',(6.30306942245706,10.,12.7992329997132));
#11142=CARTESIAN_POINT('',(6.25842463498811,10.,12.7302594889245));
#11143=CARTESIAN_POINT('',(6.20525039339716,10.,12.6712804476896));
#11144=CARTESIAN_POINT('',(6.10809410502471,10.,12.5941512074221));
#11145=CARTESIAN_POINT('',(6.06962668674987,10.,12.5673135918644));
#11146=CARTESIAN_POINT('',(5.99609531283478,10.,12.5321466895089));
#11147=CARTESIAN_POINT('',(5.96108796063638,10.,12.5191351080299));
#11148=CARTESIAN_POINT('',(5.89392292030817,10.,12.5037319000427));
#11149=CARTESIAN_POINT('',(5.86049460792275,10.,12.4995134393658));
#11150=CARTESIAN_POINT('',(5.7966138106733,10.,12.4990166694007));
#11151=CARTESIAN_POINT('',(5.76466928012814,10.,12.5020991546204));
#11152=CARTESIAN_POINT('',(5.70425803601916,10.,12.5148555535834));
#11153=CARTESIAN_POINT('',(5.67502628475894,10.,12.5243886944965));
#11154=CARTESIAN_POINT('',(5.6464704139247,10.,12.5371397002934));
#11155=CARTESIAN_POINT('',(7.67860074676368,10.,14.0370613225062));
#11156=CARTESIAN_POINT('',(7.67860074676367,10.,14.0370613225062));
#11157=CARTESIAN_POINT('',(7.58770978850734,10.,13.9780333227007));
#11158=CARTESIAN_POINT('',(7.49829937741579,10.,13.916942971598));
#11159=CARTESIAN_POINT('',(7.32404255513065,10.,13.7917888004498));
#11160=CARTESIAN_POINT('',(7.23888068993789,10.,13.7279384133325));
#11161=CARTESIAN_POINT('',(7.07400450665303,10.,13.5969342766498));
#11162=CARTESIAN_POINT('',(6.99361900074806,10.,13.5301783292952));
#11163=CARTESIAN_POINT('',(6.83896833901947,10.,13.393156872737));
#11164=CARTESIAN_POINT('',(6.76377270805496,10.,13.3234165507487));
#11165=CARTESIAN_POINT('',(6.62061608022074,10.,13.1800011223675));
#11166=CARTESIAN_POINT('',(6.55112992665567,10.,13.1071485773916));
#11167=CARTESIAN_POINT('',(6.42178183491374,10.,12.9564472535462));
#11168=CARTESIAN_POINT('',(6.36086903988215,10.,12.8791773014318));
#11169=CARTESIAN_POINT('',(6.30306942245706,10.,12.7992329997132));
#11170=CARTESIAN_POINT('',(8.31715132638856,10.,13.6683939734686));
#11171=AXIS2_PLACEMENT_3D('',#11172,#11173,#11174);
#11172=CARTESIAN_POINT('',(0.,10.,6.12323399573677E-16));
#11173=DIRECTION('',(0.,1.,6.12323399573677E-17));
#11174=DIRECTION('',(0.479912546672729,-5.37201319313824E-17,0.87731633265664));
#11175=CARTESIAN_POINT('',(7.93292621547921,10.,11.8582347415213));
#11176=CARTESIAN_POINT('',(7.93292621547921,10.,11.8582347415213));
#11177=CARTESIAN_POINT('',(7.97326020294277,10.,11.9482628293998));
#11178=CARTESIAN_POINT('',(8.00972154690729,10.,12.0396498333699));
#11179=CARTESIAN_POINT('',(8.07555867587039,10.,12.2270192286721));
#11180=CARTESIAN_POINT('',(8.10390775376732,10.,12.3236222753587));
#11181=CARTESIAN_POINT('',(8.15653084412291,10.,12.5193072659738));
#11182=CARTESIAN_POINT('',(8.17932991915068,10.,12.6192987536368));
#11183=CARTESIAN_POINT('',(8.22066865052927,10.,12.8217408836849));
#11184=CARTESIAN_POINT('',(8.23828824383962,10.,12.924734747572));
#11185=CARTESIAN_POINT('',(8.26930306256525,10.,13.1330237791171));
#11186=CARTESIAN_POINT('',(8.28201818725395,10.,13.2387013113664));
#11187=CARTESIAN_POINT('',(8.30327646771528,10.,13.4521892318221));
#11188=CARTESIAN_POINT('',(8.31147705815056,10.,13.5601660947416));
#11189=CARTESIAN_POINT('',(8.31715132638855,10.,13.6683939734686));
#11190=CARTESIAN_POINT('',(8.03424626428616,10.,11.1585566703227));
#11191=CARTESIAN_POINT('',(8.03424626428616,10.,11.1585566703227));
#11192=CARTESIAN_POINT('',(8.00892563392516,10.,11.1769112769939));
#11193=CARTESIAN_POINT('',(7.98605381608641,10.,11.1974601457258));
#11194=CARTESIAN_POINT('',(7.94480082846911,10.,11.2433996183169));
#11195=CARTESIAN_POINT('',(7.92615905268952,10.,11.2695231506712));
#11196=CARTESIAN_POINT('',(7.8946488694744,10.,11.3250939288857));
#11197=CARTESIAN_POINT('',(7.8815880073928,10.,11.3561529269556));
#11198=CARTESIAN_POINT('',(7.86134505664532,10.,11.4220211621196));
#11199=CARTESIAN_POINT('',(7.85510974065038,10.,11.4588442091822));
#11200=CARTESIAN_POINT('',(7.84879948450508,10.,11.5401076981456));
#11201=CARTESIAN_POINT('',(7.85280783221764,10.,11.5868402673684));
#11202=CARTESIAN_POINT('',(7.87102556947769,10.,11.7095447013701));
#11203=CARTESIAN_POINT('',(7.89551579668245,10.,11.7850844660323));
#11204=CARTESIAN_POINT('',(7.93292621547921,10.,11.8582347415213));
#11205=CARTESIAN_POINT('',(8.12969940110132,10.,11.089205906995));
#11206=AXIS2_PLACEMENT_3D('',#11207,#11208,#11209);
#11207=CARTESIAN_POINT('',(0.,10.,6.12323399573677E-16));
#11208=DIRECTION('',(0.,-1.,-6.12323399573677E-17));
#11209=DIRECTION('',(0.591250865534641,-4.93831291603176E-17,0.806487702326909));
#11210=CARTESIAN_POINT('',(8.82644240697582,10.,11.2090572289377));
#11211=CARTESIAN_POINT('',(8.76843281597808,10.,11.1508731280944));
#11212=CARTESIAN_POINT('',(8.7041581269591,10.,11.104238466894));
#11213=CARTESIAN_POINT('',(8.59308886583587,10.,11.048994613769));
#11214=CARTESIAN_POINT('',(8.5498821989158,10.,11.0307412904767));
#11215=CARTESIAN_POINT('',(8.47064605181254,10.,11.0116309015913));
#11216=CARTESIAN_POINT('',(8.43369843434611,10.,11.0061820921725));
#11217=CARTESIAN_POINT('',(8.36479860427926,10.,11.0050798783347));
#11218=CARTESIAN_POINT('',(8.33122371343089,10.,11.007903738094));
#11219=CARTESIAN_POINT('',(8.26863558058499,10.,11.0206993883115));
#11220=CARTESIAN_POINT('',(8.23802999938962,10.,11.0303561551914));
#11221=CARTESIAN_POINT('',(8.18159109038422,10.,11.0553940001382));
#11222=CARTESIAN_POINT('',(8.15498017446985,10.,11.0707964418799));
#11223=CARTESIAN_POINT('',(8.12969940110132,10.,11.089205906995));
#11224=CARTESIAN_POINT('',(13.1575324957545,10.,9.10380901728302));
#11225=AXIS2_PLACEMENT_3D('',#11226,#11227,#11228);
#11226=CARTESIAN_POINT('',(0.,10.,6.12323399573677E-16));
#11227=DIRECTION('',(0.,1.,6.12323399573677E-17));
#11228=DIRECTION('',(0.795258627138898,-3.71233511002269E-17,0.606270332410514));
#11229=CARTESIAN_POINT('',(12.0702673015362,10.,7.60642470512447));
#11230=CARTESIAN_POINT('',(12.0702673015362,10.,7.60642470512447));
#11231=CARTESIAN_POINT('',(12.1437319548183,10.,7.67226414520327));
#11232=CARTESIAN_POINT('',(12.2142114931922,10.,7.74092016292156));
#11233=CARTESIAN_POINT('',(12.350566702161,10.,7.88531225007697));
#11234=CARTESIAN_POINT('',(12.4157568724223,10.,7.96203291579383));
#11235=CARTESIAN_POINT('',(12.5434227137669,10.,8.1193963109796));
#11236=CARTESIAN_POINT('',(12.6049209072252,10.,8.20146986109507));
#11237=CARTESIAN_POINT('',(12.7250263498937,10.,8.36959597260606));
#11238=CARTESIAN_POINT('',(12.7830140277827,10.,8.45651901488977));
#11239=CARTESIAN_POINT('',(12.8960662560293,10.,8.63418565028046));
#11240=CARTESIAN_POINT('',(12.9506650251476,10.,8.72555517270948));
#11241=CARTESIAN_POINT('',(13.0569187908038,10.,8.911939571071));
#11242=CARTESIAN_POINT('',(13.1083285496996,10.,9.00724586309668));
#11243=CARTESIAN_POINT('',(13.1575324957545,10.,9.10380901728304));
#11244=CARTESIAN_POINT('',(11.8782430619788,10.,6.92602640484083));
#11245=CARTESIAN_POINT('',(11.8782430619788,10.,6.92602640484083));
#11246=CARTESIAN_POINT('',(11.8625770062303,10.,6.95309300058574));
#11247=CARTESIAN_POINT('',(11.8500405388227,10.,6.98116813268421));
#11248=CARTESIAN_POINT('',(11.8310393262371,10.,7.0399150308966));
#11249=CARTESIAN_POINT('',(11.8246346145063,10.,7.07136235851796));
#11250=CARTESIAN_POINT('',(11.8184513015447,10.,7.13494513667717));
#11251=CARTESIAN_POINT('',(11.8191524429294,10.,7.16863127448159));
#11252=CARTESIAN_POINT('',(11.8274506120807,10.,7.23703845135158));
#11253=CARTESIAN_POINT('',(11.8367316500266,10.,7.27321411022845));
#11254=CARTESIAN_POINT('',(11.8640197828941,10.,7.35001861384462));
#11255=CARTESIAN_POINT('',(11.8866894390676,10.,7.39108059828925));
#11256=CARTESIAN_POINT('',(11.9532405597664,10.,7.49576685530653));
#11257=CARTESIAN_POINT('',(12.0063382858834,10.,7.55481479138361));
#11258=CARTESIAN_POINT('',(12.0702673015362,10.,7.60642470512447));
#11259=CARTESIAN_POINT('',(11.9372363448634,10.,6.82384704157949));
#11260=AXIS2_PLACEMENT_3D('',#11261,#11262,#11263);
#11261=CARTESIAN_POINT('',(0.,10.,6.12323399573677E-16));
#11262=DIRECTION('',(3.08148791101958E-33,-1.,-6.12323399573677E-17));
#11263=DIRECTION('',(0.86816264326279,-3.03883724994235E-17,0.496279784842145));
#11264=CARTESIAN_POINT('',(12.6224906773794,10.,6.64994576103673));
#11265=CARTESIAN_POINT('',(12.6224906773794,10.,6.64994576103673));
#11266=CARTESIAN_POINT('',(12.5458306731663,10.,6.62038656631293));
#11267=CARTESIAN_POINT('',(12.4681447974241,10.,6.60392655465099));
#11268=CARTESIAN_POINT('',(12.3442082790706,10.,6.59863472198413));
#11269=CARTESIAN_POINT('',(12.297312729325,10.,6.59953321606515));
#11270=CARTESIAN_POINT('',(12.2171540116346,10.,6.61430325158814));
#11271=CARTESIAN_POINT('',(12.1811844530756,10.,6.62435346639193));
#11272=CARTESIAN_POINT('',(12.1177930155294,10.,6.651370629537));
#11273=CARTESIAN_POINT('',(12.088269393743,10.,6.66760649218842));
#11274=CARTESIAN_POINT('',(12.0362967490947,10.,6.70475278737228));
#11275=CARTESIAN_POINT('',(12.0122649203589,10.,6.72602309424574));
#11276=CARTESIAN_POINT('',(11.9708892204062,10.,6.77185207615378));
#11277=CARTESIAN_POINT('',(11.9528436764982,10.,6.79674654145171));
#11278=CARTESIAN_POINT('',(11.9372363448634,10.,6.82384704157949));
#11279=CARTESIAN_POINT('',(14.4628961280462,10.,6.84285288380116));
#11280=CARTESIAN_POINT('',(14.4628961280462,10.,6.84285288380116));
#11281=CARTESIAN_POINT('',(14.3546680104238,10.,6.84852259364435));
#11282=CARTESIAN_POINT('',(14.2464254609412,10.,6.85165358245095));
#11283=CARTESIAN_POINT('',(14.0318849542629,10.,6.85282732132572));
#11284=CARTESIAN_POINT('',(13.9254572421486,10.,6.8512281614684));
#11285=CARTESIAN_POINT('',(13.7150673083721,10.,6.8421553775478));
#11286=CARTESIAN_POINT('',(13.6107959066356,10.,6.83539809653128));
#11287=CARTESIAN_POINT('',(13.4051417016934,10.,6.81544678780309));
#11288=CARTESIAN_POINT('',(13.3033148255854,10.,6.80322456503909));
#11289=CARTESIAN_POINT('',(13.1032012070565,10.,6.77134440083206));
#11290=CARTESIAN_POINT('',(13.0041640764198,10.,6.75324839016718));
#11291=CARTESIAN_POINT('',(12.8109392563533,10.,6.70735735883953));
#11292=CARTESIAN_POINT('',(12.7162416316997,10.,6.68064829701988));
#11293=CARTESIAN_POINT('',(12.6224906773794,10.,6.64994576103673));
#11294=CARTESIAN_POINT('',(14.7627971679646,10.,6.16926411961224));
#11295=AXIS2_PLACEMENT_3D('',#11296,#11297,#11298);
#11296=CARTESIAN_POINT('',(0.,10.,6.12323399573677E-16));
#11297=DIRECTION('',(0.,1.,6.12323399573677E-17));
#11298=DIRECTION('',(0.903931008002888,-2.61877433786979E-17,0.427678305237573));
#11299=CARTESIAN_POINT('',(13.3879676227337,10.,4.93065639219515));
#11300=CARTESIAN_POINT('',(13.3879676227337,10.,4.93065639219515));
#11301=CARTESIAN_POINT('',(13.4735156863897,10.,4.97978292226265));
#11302=CARTESIAN_POINT('',(13.5567294664795,10.,5.03228512127836));
#11303=CARTESIAN_POINT('',(13.7201257899612,10.,5.14517205284585));
#11304=CARTESIAN_POINT('',(13.7998425219235,10.,5.20666238941978));
#11305=CARTESIAN_POINT('',(13.9574362478963,10.,5.33404379593044));
#11306=CARTESIAN_POINT('',(14.0346546088529,10.,5.40153764867544));
#11307=CARTESIAN_POINT('',(14.187090843549,10.,5.541018475609));
#11308=CARTESIAN_POINT('',(14.2618836682405,10.,5.61398572471079));
#11309=CARTESIAN_POINT('',(14.4094044046235,10.,5.76426503792319));
#11310=CARTESIAN_POINT('',(14.481806851537,10.,5.84228619466337));
#11311=CARTESIAN_POINT('',(14.6244902128879,10.,6.00250624666158));
#11312=CARTESIAN_POINT('',(14.6945918375268,10.,6.08504117764476));
#11313=CARTESIAN_POINT('',(14.7627971679646,10.,6.16926411961225));
#11314=CARTESIAN_POINT('',(13.0586768124864,10.,4.30505051155371));
#11315=CARTESIAN_POINT('',(13.0586768124864,10.,4.30505051155371));
#11316=CARTESIAN_POINT('',(13.0489805593291,10.,4.33478279338074));
#11317=CARTESIAN_POINT('',(13.0425551919972,10.,4.36485089461875));
#11318=CARTESIAN_POINT('',(13.0361833684332,10.,4.42626460639201));
#11319=CARTESIAN_POINT('',(13.0364568820778,10.,4.45835634889948));
#11320=CARTESIAN_POINT('',(13.0436282922538,10.,4.52183527385659));
#11321=CARTESIAN_POINT('',(13.0513178538851,10.,4.55463951323718));
#11322=CARTESIAN_POINT('',(13.073657339938,10.,4.6198265427866));
#11323=CARTESIAN_POINT('',(13.0902569073406,10.,4.65328204043009));
#11324=CARTESIAN_POINT('',(13.1329172832427,10.,4.72273465952406));
#11325=CARTESIAN_POINT('',(13.1636288196525,10.,4.75818605454466));
#11326=CARTESIAN_POINT('',(13.250491135392,10.,4.84674790964561));
#11327=CARTESIAN_POINT('',(13.3147053050269,10.,4.89346586863213));
#11328=CARTESIAN_POINT('',(13.3879676227337,10.,4.93065639219515));
#11329=CARTESIAN_POINT('',(13.095136666417,10.,4.1928386193437));
#11330=AXIS2_PLACEMENT_3D('',#11331,#11332,#11333);
#11331=CARTESIAN_POINT('',(0.,10.,6.12323399573677E-16));
#11332=DIRECTION('',(0.,-1.,-6.12323399573677E-17));
#11333=DIRECTION('',(0.952373575739421,-1.86718050709843E-17,0.304933717770451));
#11334=CARTESIAN_POINT('',(13.7292604383871,10.,3.88026511210265));
#11335=CARTESIAN_POINT('',(13.7292604383871,10.,3.88026511210265));
#11336=CARTESIAN_POINT('',(13.6481299370395,10.,3.86729036779798));
#11337=CARTESIAN_POINT('',(13.5687194552158,10.,3.86734184866104));
#11338=CARTESIAN_POINT('',(13.4463910132678,10.,3.88793350631941));
#11339=CARTESIAN_POINT('',(13.4007070512226,10.,3.89856249918846));
#11340=CARTESIAN_POINT('',(13.3253708568949,10.,3.92967570852683));
#11341=CARTESIAN_POINT('',(13.2922768766439,10.,3.94698479376198));
#11342=CARTESIAN_POINT('',(13.2358878781716,10.,3.98659138803457));
#11343=CARTESIAN_POINT('',(13.210385044012,10.,4.00861076425756));
#11344=CARTESIAN_POINT('',(13.1672712753848,10.,4.05575104419291));
#11345=CARTESIAN_POINT('',(13.1481869452319,10.,4.08155304197396));
#11346=CARTESIAN_POINT('',(13.1172437847114,10.,4.13498304240731));
#11347=CARTESIAN_POINT('',(13.1047684296059,10.,4.16308538345569));
#11348=CARTESIAN_POINT('',(13.095136666417,10.,4.1928386193437));
#11349=CARTESIAN_POINT('',(15.5695562603989,10.,3.68631494236078));
#11350=CARTESIAN_POINT('',(15.5695562603989,10.,3.6863149423608));
#11351=CARTESIAN_POINT('',(15.4648719857746,10.,3.71436264636966));
#11352=CARTESIAN_POINT('',(15.3596457648775,10.,3.73993010704012));
#11353=CARTESIAN_POINT('',(15.150037517044,10.,3.78568367639674));
#11354=CARTESIAN_POINT('',(15.045603021758,10.,3.80624702759468));
#11355=CARTESIAN_POINT('',(14.8379242749706,10.,3.84111503263327));
#11356=CARTESIAN_POINT('',(14.7345265358155,10.,3.85618465785844));
#11357=CARTESIAN_POINT('',(14.5292182583387,10.,3.87942724656779));
#11358=CARTESIAN_POINT('',(14.4270754007831,10.,3.88864310667784));
#11359=CARTESIAN_POINT('',(14.224706486101,10.,3.89906556133174));
#11360=CARTESIAN_POINT('',(14.1240711822108,10.,3.90195596920145));
#11361=CARTESIAN_POINT('',(13.9255275061438,10.,3.89724146606109));
#11362=CARTESIAN_POINT('',(13.8273461255906,10.,3.89080480458252));
#11363=CARTESIAN_POINT('',(13.7292604383871,10.,3.88026511210265));
#11364=CARTESIAN_POINT('',(15.7228567641744,10.,2.96509277650071));
#11365=AXIS2_PLACEMENT_3D('',#11366,#11367,#11368);
#11366=CARTESIAN_POINT('',(0.,10.,6.12323399573677E-16));
#11367=DIRECTION('',(0.,1.,6.12323399573677E-17));
#11368=DIRECTION('',(0.973097266274933,-1.4107605608785E-17,0.23039468389755));
#11369=CARTESIAN_POINT('',(14.1205495162215,10.,2.0393947350125));
#11370=CARTESIAN_POINT('',(14.1205495162215,10.,2.0393947350125));
#11371=CARTESIAN_POINT('',(14.2144421293644,10.,2.06966128996952));
#11372=CARTESIAN_POINT('',(14.3067533096763,10.,2.10371507225216));
#11373=CARTESIAN_POINT('',(14.490049544272,10.,2.18016314763063));
#11374=CARTESIAN_POINT('',(14.5808088342253,10.,2.22373573228997));
#11375=CARTESIAN_POINT('',(14.7614428427827,10.,2.3155679714172));
#11376=CARTESIAN_POINT('',(14.851006558329,10.,2.36553232155534));
#11377=CARTESIAN_POINT('',(15.0291113901263,10.,2.47027188247121));
#11378=CARTESIAN_POINT('',(15.1174405562855,10.,2.52609431946962));
#11379=CARTESIAN_POINT('',(15.2929824367419,10.,2.64241838339619));
#11380=CARTESIAN_POINT('',(15.380024227095,10.,2.70368127551094));
#11381=CARTESIAN_POINT('',(15.5529012365789,10.,2.83073459605241));
#11382=CARTESIAN_POINT('',(15.6386309495792,10.,2.89689099346259));
#11383=CARTESIAN_POINT('',(15.7228567641744,10.,2.96509277650072));
#11384=CARTESIAN_POINT('',(13.6683837238048,10.,1.49592325298738));
#11385=CARTESIAN_POINT('',(13.6683837238048,10.,1.49592325298738));
#11386=CARTESIAN_POINT('',(13.6650810460293,10.,1.52702177750938));
#11387=CARTESIAN_POINT('',(13.6650475981579,10.,1.55776872758006));
#11388=CARTESIAN_POINT('',(13.6715836428806,10.,1.61916517901401));
#11389=CARTESIAN_POINT('',(13.6785234280419,10.,1.65049877326676));
#11390=CARTESIAN_POINT('',(13.6987361363186,10.,1.71109951139547));
#11391=CARTESIAN_POINT('',(13.7130780474545,10.,1.74158814967909));
#11392=CARTESIAN_POINT('',(13.7484825076718,10.,1.80070604591454));
#11393=CARTESIAN_POINT('',(13.7716751237821,10.,1.82997921654036));
#11394=CARTESIAN_POINT('',(13.8278432795847,10.,1.88904453838708));
#11395=CARTESIAN_POINT('',(13.8652544547193,10.,1.91733594790657));
#11396=CARTESIAN_POINT('',(13.9686316654901,10.,1.98590282305635));
#11397=CARTESIAN_POINT('',(14.041155811296,10.,2.01824900596696));
#11398=CARTESIAN_POINT('',(14.1205495162215,10.,2.0393947350125));
#11399=CARTESIAN_POINT('',(13.6807166782109,10.,1.37858302997068));
#11400=AXIS2_PLACEMENT_3D('',#11401,#11402,#11403);
#11401=CARTESIAN_POINT('',(0.,10.,6.12323399573677E-16));
#11402=DIRECTION('',(0.,-1.,-6.12323399573677E-17));
#11403=DIRECTION('',(0.99496121296079,-6.13919016368165E-18,0.100260583997868));
#11404=CARTESIAN_POINT('',(14.2359956379363,10.,0.94099825819188));
#11405=CARTESIAN_POINT('',(14.2359956379363,10.,0.94099825819188));
#11406=CARTESIAN_POINT('',(14.1539404316706,10.,0.945175022892187));
#11407=CARTESIAN_POINT('',(14.0762759628749,10.,0.961735746319494));
#11408=CARTESIAN_POINT('',(13.9609019372424,10.,1.00731094005368));
#11409=CARTESIAN_POINT('',(13.918426171255,10.,1.02720589371883));
#11410=CARTESIAN_POINT('',(13.8512050534852,10.,1.07330248032674));
#11411=CARTESIAN_POINT('',(13.8224330172817,10.,1.09711394591026));
#11412=CARTESIAN_POINT('',(13.775510927701,10.,1.14757897308713));
#11413=CARTESIAN_POINT('',(13.7551434773971,10.,1.17441951048007));
#11414=CARTESIAN_POINT('',(13.7227728633628,10.,1.22949351872955));
#11415=CARTESIAN_POINT('',(13.7094701085973,10.,1.25869953630345));
#11416=CARTESIAN_POINT('',(13.6903118521056,10.,1.31739540785758));
#11417=CARTESIAN_POINT('',(13.6839519186841,10.,1.34747741750261));
#11418=CARTESIAN_POINT('',(13.6807166782109,10.,1.37858302997068));
#11419=CARTESIAN_POINT('',(15.9957520731522,10.,0.368667349037617));
#11420=CARTESIAN_POINT('',(15.9957520731522,10.,0.368667349037618));
#11421=CARTESIAN_POINT('',(15.8991868466579,10.,0.417867227959159));
#11422=CARTESIAN_POINT('',(15.8015758451311,10.,0.464753739775897));
#11423=CARTESIAN_POINT('',(15.6060607423846,10.,0.553087489083491));
#11424=CARTESIAN_POINT('',(15.5081837525031,10.,0.594914634215424));
#11425=CARTESIAN_POINT('',(15.3122927504927,10.,0.672199529077784));
#11426=CARTESIAN_POINT('',(15.2142876512773,10.,0.708437445610217));
#11427=CARTESIAN_POINT('',(15.0182982581702,10.,0.773858119100191));
#11428=CARTESIAN_POINT('',(14.9203035521779,10.,0.804109284774873));
#11429=CARTESIAN_POINT('',(14.7245238339881,10.,0.856378847008849));
#11430=CARTESIAN_POINT('',(14.6266886025261,10.,0.880129348719526));
#11431=CARTESIAN_POINT('',(14.431503381821,10.,0.916797420176379));
#11432=CARTESIAN_POINT('',(14.3341292428249,10.,0.930914472032024));
#11433=CARTESIAN_POINT('',(14.2359956379363,10.,0.94099825819188));
#11434=CARTESIAN_POINT('',(15.9957520731522,10.,-0.368667349037637));
#11435=AXIS2_PLACEMENT_3D('',#11436,#11437,#11438);
#11436=CARTESIAN_POINT('',(0.,10.,6.12323399573677E-16));
#11437=DIRECTION('',(0.,1.,6.12323399573677E-17));
#11438=DIRECTION('',(0.999734504572014,-1.41089777796585E-18,0.0230417093148518));
#11439=CARTESIAN_POINT('',(14.2359956379363,10.,-0.940998258191878));
#11440=CARTESIAN_POINT('',(14.2359956379363,10.,-0.940998258191878));
#11441=CARTESIAN_POINT('',(14.3341292428249,10.,-0.930914472032021));
#11442=CARTESIAN_POINT('',(14.431503381821,10.,-0.916797420176376));
#11443=CARTESIAN_POINT('',(14.6266886025261,10.,-0.880129348719525));
#11444=CARTESIAN_POINT('',(14.7245238339881,10.,-0.856378847008847));
#11445=CARTESIAN_POINT('',(14.9203035521779,10.,-0.804109284774871));
#11446=CARTESIAN_POINT('',(15.0182982581702,10.,-0.773858119100188));
#11447=CARTESIAN_POINT('',(15.2142876512773,10.,-0.708437445610215));
#11448=CARTESIAN_POINT('',(15.3122927504927,10.,-0.672199529077782));
#11449=CARTESIAN_POINT('',(15.5081837525031,10.,-0.594914634215422));
#11450=CARTESIAN_POINT('',(15.6060607423846,10.,-0.553087489083489));
#11451=CARTESIAN_POINT('',(15.8015758451311,10.,-0.464753739775895));
#11452=CARTESIAN_POINT('',(15.8991868466579,10.,-0.417867227959157));
#11453=CARTESIAN_POINT('',(15.9957520731522,10.,-0.368667349037616));
#11454=CARTESIAN_POINT('',(13.6807166782109,10.,-1.37858302997068));
#11455=CARTESIAN_POINT('',(13.6807166782109,10.,-1.37858302997068));
#11456=CARTESIAN_POINT('',(13.6839519186841,10.,-1.3474774175026));
#11457=CARTESIAN_POINT('',(13.6903118521056,10.,-1.31739540785758));
#11458=CARTESIAN_POINT('',(13.7094701085973,10.,-1.25869953630345));
#11459=CARTESIAN_POINT('',(13.7227728633628,10.,-1.22949351872955));
#11460=CARTESIAN_POINT('',(13.7551434773971,10.,-1.17441951048007));
#11461=CARTESIAN_POINT('',(13.775510927701,10.,-1.14757897308713));
#11462=CARTESIAN_POINT('',(13.8224330172817,10.,-1.09711394591026));
#11463=CARTESIAN_POINT('',(13.8512050534852,10.,-1.07330248032673));
#11464=CARTESIAN_POINT('',(13.918426171255,10.,-1.02720589371883));
#11465=CARTESIAN_POINT('',(13.9609019372424,10.,-1.00731094005368));
#11466=CARTESIAN_POINT('',(14.0762759628749,10.,-0.961735746319492));
#11467=CARTESIAN_POINT('',(14.1539404316706,10.,-0.945175022892185));
#11468=CARTESIAN_POINT('',(14.2359956379363,10.,-0.940998258191878));
#11469=CARTESIAN_POINT('',(13.6683837238048,10.,-1.49592325298738));
#11470=AXIS2_PLACEMENT_3D('',#11471,#11472,#11473);
#11471=CARTESIAN_POINT('',(0.,10.,6.12323399573677E-16));
#11472=DIRECTION('',(0.,-1.,-6.12323399573677E-17));
#11473=DIRECTION('',(0.994064270822166,6.66173681287669E-18,-0.108794418399082));
#11474=CARTESIAN_POINT('',(14.1205495162215,10.,-2.0393947350125));
#11475=CARTESIAN_POINT('',(14.1205495162215,10.,-2.0393947350125));
#11476=CARTESIAN_POINT('',(14.041155811296,10.,-2.01824900596696));
#11477=CARTESIAN_POINT('',(13.9686316654901,10.,-1.98590282305634));
#11478=CARTESIAN_POINT('',(13.8652544547193,10.,-1.91733594790657));
#11479=CARTESIAN_POINT('',(13.8278432795847,10.,-1.88904453838707));
#11480=CARTESIAN_POINT('',(13.7716751237821,10.,-1.82997921654035));
#11481=CARTESIAN_POINT('',(13.7484825076718,10.,-1.80070604591454));
#11482=CARTESIAN_POINT('',(13.7130780474545,10.,-1.74158814967908));
#11483=CARTESIAN_POINT('',(13.6987361363186,10.,-1.71109951139546));
#11484=CARTESIAN_POINT('',(13.6785234280419,10.,-1.65049877326675));
#11485=CARTESIAN_POINT('',(13.6715836428806,10.,-1.61916517901401));
#11486=CARTESIAN_POINT('',(13.6650475981579,10.,-1.55776872758005));
#11487=CARTESIAN_POINT('',(13.6650810460293,10.,-1.52702177750938));
#11488=CARTESIAN_POINT('',(13.6683837238048,10.,-1.49592325298738));
#11489=CARTESIAN_POINT('',(15.7228567641744,10.,-2.96509277650073));
#11490=CARTESIAN_POINT('',(15.7228567641744,10.,-2.96509277650072));
#11491=CARTESIAN_POINT('',(15.6386309495792,10.,-2.89689099346259));
#11492=CARTESIAN_POINT('',(15.5529012365789,10.,-2.83073459605241));
#11493=CARTESIAN_POINT('',(15.380024227095,10.,-2.70368127551094));
#11494=CARTESIAN_POINT('',(15.2929824367419,10.,-2.64241838339619));
#11495=CARTESIAN_POINT('',(15.1174405562855,10.,-2.52609431946962));
#11496=CARTESIAN_POINT('',(15.0291113901263,10.,-2.47027188247121));
#11497=CARTESIAN_POINT('',(14.851006558329,10.,-2.36553232155534));
#11498=CARTESIAN_POINT('',(14.7614428427827,10.,-2.3155679714172));
#11499=CARTESIAN_POINT('',(14.5808088342253,10.,-2.22373573228997));
#11500=CARTESIAN_POINT('',(14.490049544272,10.,-2.18016314763063));
#11501=CARTESIAN_POINT('',(14.3067533096763,10.,-2.10371507225216));
#11502=CARTESIAN_POINT('',(14.2144421293644,10.,-2.06966128996952));
#11503=CARTESIAN_POINT('',(14.1205495162215,10.,-2.0393947350125));
#11504=CARTESIAN_POINT('',(15.5695562603989,10.,-3.68631494236082));
#11505=AXIS2_PLACEMENT_3D('',#11506,#11507,#11508);
#11506=CARTESIAN_POINT('',(0.,10.,6.12323399573677E-16));
#11507=DIRECTION('',(0.,1.,6.12323399573677E-17));
#11508=DIRECTION('',(0.982678547760897,1.13474730559892E-17,-0.185318298531295));
#11509=CARTESIAN_POINT('',(13.7292604383871,10.,-3.88026511210265));
#11510=CARTESIAN_POINT('',(13.7292604383871,10.,-3.88026511210265));
#11511=CARTESIAN_POINT('',(13.8273461255906,10.,-3.89080480458252));
#11512=CARTESIAN_POINT('',(13.9255275061438,10.,-3.89724146606109));
#11513=CARTESIAN_POINT('',(14.1240711822108,10.,-3.90195596920145));
#11514=CARTESIAN_POINT('',(14.224706486101,10.,-3.89906556133174));
#11515=CARTESIAN_POINT('',(14.4270754007831,10.,-3.88864310667784));
#11516=CARTESIAN_POINT('',(14.5292182583387,10.,-3.87942724656779));
#11517=CARTESIAN_POINT('',(14.7345265358155,10.,-3.85618465785844));
#11518=CARTESIAN_POINT('',(14.8379242749706,10.,-3.84111503263327));
#11519=CARTESIAN_POINT('',(15.045603021758,10.,-3.80624702759468));
#11520=CARTESIAN_POINT('',(15.150037517044,10.,-3.78568367639674));
#11521=CARTESIAN_POINT('',(15.3596457648775,10.,-3.73993010704012));
#11522=CARTESIAN_POINT('',(15.4648719857746,10.,-3.71436264636966));
#11523=CARTESIAN_POINT('',(15.5695562603989,10.,-3.6863149423608));
#11524=CARTESIAN_POINT('',(13.095136666417,10.,-4.1928386193437));
#11525=CARTESIAN_POINT('',(13.095136666417,10.,-4.1928386193437));
#11526=CARTESIAN_POINT('',(13.1047684296059,10.,-4.16308538345569));
#11527=CARTESIAN_POINT('',(13.1172437847114,10.,-4.1349830424073));
#11528=CARTESIAN_POINT('',(13.1481869452319,10.,-4.08155304197396));
#11529=CARTESIAN_POINT('',(13.1672712753848,10.,-4.05575104419291));
#11530=CARTESIAN_POINT('',(13.210385044012,10.,-4.00861076425756));
#11531=CARTESIAN_POINT('',(13.2358878781716,10.,-3.98659138803457));
#11532=CARTESIAN_POINT('',(13.2922768766439,10.,-3.94698479376198));
#11533=CARTESIAN_POINT('',(13.3253708568949,10.,-3.92967570852683));
#11534=CARTESIAN_POINT('',(13.4007070512226,10.,-3.89856249918846));
#11535=CARTESIAN_POINT('',(13.4463910132678,10.,-3.88793350631941));
#11536=CARTESIAN_POINT('',(13.5687194552158,10.,-3.86734184866104));
#11537=CARTESIAN_POINT('',(13.6481299370395,10.,-3.86729036779798));
#11538=CARTESIAN_POINT('',(13.7292604383871,10.,-3.88026511210265));
#11539=CARTESIAN_POINT('',(13.0586768124864,10.,-4.30505051155371));
#11540=AXIS2_PLACEMENT_3D('',#11541,#11542,#11543);
#11541=CARTESIAN_POINT('',(0.,10.,6.12323399573677E-16));
#11542=DIRECTION('',(-3.08148791101958E-33,-1.,-6.12323399573677E-17));
#11543=DIRECTION('',(0.949721949999014,1.91715139241525E-17,-0.313094582658452));
#11544=CARTESIAN_POINT('',(13.3879676227337,10.,-4.93065639219514));
#11545=CARTESIAN_POINT('',(13.3879676227337,10.,-4.93065639219514));
#11546=CARTESIAN_POINT('',(13.3147053050269,10.,-4.89346586863213));
#11547=CARTESIAN_POINT('',(13.250491135392,10.,-4.8467479096456));
#11548=CARTESIAN_POINT('',(13.1636288196525,10.,-4.75818605454466));
#11549=CARTESIAN_POINT('',(13.1329172832427,10.,-4.72273465952406));
#11550=CARTESIAN_POINT('',(13.0902569073406,10.,-4.65328204043009));
#11551=CARTESIAN_POINT('',(13.073657339938,10.,-4.6198265427866));
#11552=CARTESIAN_POINT('',(13.0513178538851,10.,-4.55463951323718));
#11553=CARTESIAN_POINT('',(13.0436282922538,10.,-4.52183527385659));
#11554=CARTESIAN_POINT('',(13.0364568820778,10.,-4.45835634889948));
#11555=CARTESIAN_POINT('',(13.0361833684332,10.,-4.42626460639201));
#11556=CARTESIAN_POINT('',(13.0425551919972,10.,-4.36485089461875));
#11557=CARTESIAN_POINT('',(13.0489805593291,10.,-4.33478279338074));
#11558=CARTESIAN_POINT('',(13.0586768124864,10.,-4.30505051155371));
#11559=CARTESIAN_POINT('',(14.7627971679646,10.,-6.16926411961226));
#11560=CARTESIAN_POINT('',(14.7627971679646,10.,-6.16926411961225));
#11561=CARTESIAN_POINT('',(14.6945918375268,10.,-6.08504117764476));
#11562=CARTESIAN_POINT('',(14.6244902128879,10.,-6.00250624666158));
#11563=CARTESIAN_POINT('',(14.481806851537,10.,-5.84228619466337));
#11564=CARTESIAN_POINT('',(14.4094044046235,10.,-5.76426503792319));
#11565=CARTESIAN_POINT('',(14.2618836682405,10.,-5.61398572471079));
#11566=CARTESIAN_POINT('',(14.187090843549,10.,-5.541018475609));
#11567=CARTESIAN_POINT('',(14.0346546088529,10.,-5.40153764867544));
#11568=CARTESIAN_POINT('',(13.9574362478963,10.,-5.33404379593044));
#11569=CARTESIAN_POINT('',(13.7998425219235,10.,-5.20666238941978));
#11570=CARTESIAN_POINT('',(13.7201257899612,10.,-5.14517205284585));
#11571=CARTESIAN_POINT('',(13.5567294664795,10.,-5.03228512127836));
#11572=CARTESIAN_POINT('',(13.4735156863897,10.,-4.97978292226265));
#11573=CARTESIAN_POINT('',(13.3879676227337,10.,-4.93065639219514));
#11574=CARTESIAN_POINT('',(14.4628961280462,10.,-6.84285288380118));
#11575=AXIS2_PLACEMENT_3D('',#11576,#11577,#11578);
#11576=CARTESIAN_POINT('',(0.,10.,6.12323399573677E-16));
#11577=DIRECTION('',(0.,1.,6.12323399573677E-17));
#11578=DIRECTION('',(0.92267482299779,2.36099048661805E-17,-0.385579007475766));
#11579=CARTESIAN_POINT('',(12.6224906773794,10.,-6.64994576103672));
#11580=CARTESIAN_POINT('',(12.6224906773794,10.,-6.64994576103672));
#11581=CARTESIAN_POINT('',(12.7162416316997,10.,-6.68064829701988));
#11582=CARTESIAN_POINT('',(12.8109392563533,10.,-6.70735735883953));
#11583=CARTESIAN_POINT('',(13.0041640764198,10.,-6.75324839016718));
#11584=CARTESIAN_POINT('',(13.1032012070565,10.,-6.77134440083206));
#11585=CARTESIAN_POINT('',(13.3033148255854,10.,-6.80322456503909));
#11586=CARTESIAN_POINT('',(13.4051417016934,10.,-6.81544678780309));
#11587=CARTESIAN_POINT('',(13.6107959066356,10.,-6.83539809653128));
#11588=CARTESIAN_POINT('',(13.7150673083721,10.,-6.8421553775478));
#11589=CARTESIAN_POINT('',(13.9254572421486,10.,-6.8512281614684));
#11590=CARTESIAN_POINT('',(14.0318849542629,10.,-6.85282732132572));
#11591=CARTESIAN_POINT('',(14.2464254609412,10.,-6.85165358245094));
#11592=CARTESIAN_POINT('',(14.3546680104238,10.,-6.84852259364435));
#11593=CARTESIAN_POINT('',(14.4628961280462,10.,-6.84285288380116));
#11594=CARTESIAN_POINT('',(11.9372363448634,10.,-6.82384704157949));
#11595=CARTESIAN_POINT('',(11.9372363448634,10.,-6.82384704157948));
#11596=CARTESIAN_POINT('',(11.9528436764982,10.,-6.79674654145171));
#11597=CARTESIAN_POINT('',(11.9708892204062,10.,-6.77185207615377));
#11598=CARTESIAN_POINT('',(12.0122649203589,10.,-6.72602309424574));
#11599=CARTESIAN_POINT('',(12.0362967490947,10.,-6.70475278737228));
#11600=CARTESIAN_POINT('',(12.088269393743,10.,-6.66760649218842));
#11601=CARTESIAN_POINT('',(12.1177930155294,10.,-6.651370629537));
#11602=CARTESIAN_POINT('',(12.1811844530756,10.,-6.62435346639193));
#11603=CARTESIAN_POINT('',(12.2171540116346,10.,-6.61430325158814));
#11604=CARTESIAN_POINT('',(12.297312729325,10.,-6.59953321606514));
#11605=CARTESIAN_POINT('',(12.3442082790706,10.,-6.59863472198412));
#11606=CARTESIAN_POINT('',(12.4681447974241,10.,-6.60392655465098));
#11607=CARTESIAN_POINT('',(12.5458306731663,10.,-6.62038656631292));
#11608=CARTESIAN_POINT('',(12.6224906773794,10.,-6.64994576103672));
#11609=CARTESIAN_POINT('',(11.8782430619788,10.,-6.92602640484083));
#11610=AXIS2_PLACEMENT_3D('',#11611,#11612,#11613);
#11611=CARTESIAN_POINT('',(0.,10.,6.12323399573677E-16));
#11612=DIRECTION('',(0.,-1.,-6.12323399573677E-17));
#11613=DIRECTION('',(0.863872222689368,3.08434038818123E-17,-0.503711011261151));
#11614=CARTESIAN_POINT('',(12.0702673015362,10.,-7.60642470512447));
#11615=CARTESIAN_POINT('',(12.0702673015362,10.,-7.60642470512447));
#11616=CARTESIAN_POINT('',(12.0063382858834,10.,-7.55481479138361));
#11617=CARTESIAN_POINT('',(11.9532405597664,10.,-7.49576685530652));
#11618=CARTESIAN_POINT('',(11.8866894390676,10.,-7.39108059828924));
#11619=CARTESIAN_POINT('',(11.8640197828941,10.,-7.35001861384462));
#11620=CARTESIAN_POINT('',(11.8367316500266,10.,-7.27321411022844));
#11621=CARTESIAN_POINT('',(11.8274506120807,10.,-7.23703845135158));
#11622=CARTESIAN_POINT('',(11.8191524429294,10.,-7.16863127448159));
#11623=CARTESIAN_POINT('',(11.8184513015447,10.,-7.13494513667716));
#11624=CARTESIAN_POINT('',(11.8246346145063,10.,-7.07136235851796));
#11625=CARTESIAN_POINT('',(11.8310393262371,10.,-7.0399150308966));
#11626=CARTESIAN_POINT('',(11.8500405388227,10.,-6.98116813268421));
#11627=CARTESIAN_POINT('',(11.8625770062303,10.,-6.95309300058573));
#11628=CARTESIAN_POINT('',(11.8782430619788,10.,-6.92602640484083));
#11629=CARTESIAN_POINT('',(13.1575324957545,10.,-9.10380901728305));
#11630=CARTESIAN_POINT('',(13.1575324957545,10.,-9.10380901728304));
#11631=CARTESIAN_POINT('',(13.1083285496996,10.,-9.00724586309668));
#11632=CARTESIAN_POINT('',(13.0569187908038,10.,-8.911939571071));
#11633=CARTESIAN_POINT('',(12.9506650251476,10.,-8.72555517270948));
#11634=CARTESIAN_POINT('',(12.8960662560293,10.,-8.63418565028046));
#11635=CARTESIAN_POINT('',(12.7830140277827,10.,-8.45651901488977));
#11636=CARTESIAN_POINT('',(12.7250263498937,10.,-8.36959597260606));
#11637=CARTESIAN_POINT('',(12.6049209072252,10.,-8.20146986109507));
#11638=CARTESIAN_POINT('',(12.5434227137669,10.,-8.1193963109796));
#11639=CARTESIAN_POINT('',(12.4157568724223,10.,-7.96203291579383));
#11640=CARTESIAN_POINT('',(12.350566702161,10.,-7.88531225007697));
#11641=CARTESIAN_POINT('',(12.2142114931922,10.,-7.74092016292156));
#11642=CARTESIAN_POINT('',(12.1437319548183,10.,-7.67226414520327));
#11643=CARTESIAN_POINT('',(12.0702673015362,10.,-7.60642470512447));
#11644=CARTESIAN_POINT('',(12.7241380342224,10.,-9.70032531856824));
#11645=AXIS2_PLACEMENT_3D('',#11646,#11647,#11648);
#11646=CARTESIAN_POINT('',(0.,10.,6.12323399573677E-16));
#11647=DIRECTION('',(0.,1.,6.12323399573677E-17));
#11648=DIRECTION('',(0.822345780984657,3.48404705408265E-17,-0.56898806358019));
#11649=CARTESIAN_POINT('',(10.96405750434,10.,-9.12899187023337));
#11650=CARTESIAN_POINT('',(10.96405750434,10.,-9.12899187023338));
#11651=CARTESIAN_POINT('',(11.0493763592062,10.,-9.17851540157025));
#11652=CARTESIAN_POINT('',(11.1364514873533,10.,-9.22432954956516));
#11653=CARTESIAN_POINT('',(11.3159125995868,10.,-9.30939145080147));
#11654=CARTESIAN_POINT('',(11.4090231591283,10.,-9.34768299750059));
#11655=CARTESIAN_POINT('',(11.5981355561227,10.,-9.42047246441471));
#11656=CARTESIAN_POINT('',(11.6951961276774,10.,-9.45359860026924));
#11657=CARTESIAN_POINT('',(11.8922081844908,10.,-9.51587183850655));
#11658=CARTESIAN_POINT('',(11.992796088203,10.,-9.5441607001593));
#11659=CARTESIAN_POINT('',(12.1967021592997,10.,-9.59677774884572));
#11660=CARTESIAN_POINT('',(12.3004716865261,10.,-9.62046952879891));
#11661=CARTESIAN_POINT('',(12.5105680024277,10.,-9.66392691842703));
#11662=CARTESIAN_POINT('',(12.6170961616781,10.,-9.68336924071929));
#11663=CARTESIAN_POINT('',(12.7241380342224,10.,-9.70032531856822));
#11664=CARTESIAN_POINT('',(10.2576215138239,10.,-9.1566206036472));
#11665=CARTESIAN_POINT('',(10.2576215138239,10.,-9.15662060364721));
#11666=CARTESIAN_POINT('',(10.2785222986199,10.,-9.13335726117788));
#11667=CARTESIAN_POINT('',(10.3013493544697,10.,-9.11275867922081));
#11668=CARTESIAN_POINT('',(10.351349277224,10.,-9.07653366225932));
#11669=CARTESIAN_POINT('',(10.3792782983095,10.,-9.06072466077008));
#11670=CARTESIAN_POINT('',(10.4378383650153,10.,-9.03519582168493));
#11671=CARTESIAN_POINT('',(10.4700924504863,10.,-9.02545305771127));
#11672=CARTESIAN_POINT('',(10.5377158170998,10.,-9.01220610536589));
#11673=CARTESIAN_POINT('',(10.5749889116567,10.,-9.00985400360667));
#11674=CARTESIAN_POINT('',(10.6564668321025,10.,-9.01207266332589));
#11675=CARTESIAN_POINT('',(10.7025244089948,10.,-9.0209439365357));
#11676=CARTESIAN_POINT('',(10.8226523831882,10.,-9.05188798104721));
#11677=CARTESIAN_POINT('',(10.8952184073009,10.,-9.08414010374063));
#11678=CARTESIAN_POINT('',(10.96405750434,10.,-9.12899187023338));
#11679=CARTESIAN_POINT('',(10.1786730915286,10.,-9.24430170947437));
#11680=AXIS2_PLACEMENT_3D('',#11681,#11682,#11683);
#11681=CARTESIAN_POINT('',(0.,10.,6.12323399573677E-16));
#11682=DIRECTION('',(0.,-1.,-6.12323399573677E-17));
#11683=DIRECTION('',(0.740267133929355,4.11672890867643E-17,-0.672312851598136));
#11684=CARTESIAN_POINT('',(10.2250383796929,10.,-9.94975575876454));
#11685=CARTESIAN_POINT('',(10.2250383796929,10.,-9.94975575876454));
#11686=CARTESIAN_POINT('',(10.1732366708437,10.,-9.88598205572816));
#11687=CARTESIAN_POINT('',(10.133576013667,10.,-9.81718482071052));
#11688=CARTESIAN_POINT('',(10.0902446913312,10.,-9.70094945354896));
#11689=CARTESIAN_POINT('',(10.0766076881499,10.,-9.65607148543779));
#11690=CARTESIAN_POINT('',(10.0658844206663,10.,-9.57527182265634));
#11691=CARTESIAN_POINT('',(10.0643275380707,10.,-9.53795705242909));
#11692=CARTESIAN_POINT('',(10.070433355632,10.,-9.4693194501218));
#11693=CARTESIAN_POINT('',(10.0767512777368,10.,-9.43622365975962));
#11694=CARTESIAN_POINT('',(10.0960190733887,10.,-9.3753159009079));
#11695=CARTESIAN_POINT('',(10.108822093859,10.,-9.34588738729072));
#11696=CARTESIAN_POINT('',(10.1396222512983,10.,-9.29237482398998));
#11697=CARTESIAN_POINT('',(10.1577219149993,10.,-9.26751967902316));
#11698=CARTESIAN_POINT('',(10.1786730915286,10.,-9.24430170947437));
#11699=CARTESIAN_POINT('',(10.9772205166341,10.,-11.6404737759761));
#11700=CARTESIAN_POINT('',(10.9772205166341,10.,-11.6404737759761));
#11701=CARTESIAN_POINT('',(10.9491684035114,10.,-11.5357906827703));
#11702=CARTESIAN_POINT('',(10.9186973635138,10.,-11.4318783719939));
#11703=CARTESIAN_POINT('',(10.8535169929737,10.,-11.2274755198491));
#11704=CARTESIAN_POINT('',(10.819108129855,10.,-11.126750918301));
#11705=CARTESIAN_POINT('',(10.745465334604,10.,-10.9294618452377));
#11706=CARTESIAN_POINT('',(10.7068171432969,10.,-10.8323819638229));
#11707=CARTESIAN_POINT('',(10.6242916768306,10.,-10.6429584855661));
#11708=CARTESIAN_POINT('',(10.5812014170258,10.,-10.5498922460528));
#11709=CARTESIAN_POINT('',(10.4890430701848,10.,-10.3694243976749));
#11710=CARTESIAN_POINT('',(10.4412285848822,10.,-10.2808264640535));
#11711=CARTESIAN_POINT('',(10.3378738673629,10.,-10.111239848389));
#11712=CARTESIAN_POINT('',(10.2832088647303,10.,-10.0294306093905));
#11713=CARTESIAN_POINT('',(10.2250383796929,10.,-9.94975575876454));
#11714=CARTESIAN_POINT('',(10.4292740511145,10.,-12.1338469895886));
#11715=AXIS2_PLACEMENT_3D('',#11716,#11717,#11718);
#11716=CARTESIAN_POINT('',(0.,10.,6.12323399573677E-16));
#11717=DIRECTION('',(0.,1.,6.12323399573677E-17));
#11718=DIRECTION('',(0.686076282289631,4.4548340469712E-17,-0.727529610998507));
#11719=CARTESIAN_POINT('',(8.82644240697583,10.,-11.2090572289377));
#11720=CARTESIAN_POINT('',(8.82644240697583,10.,-11.2090572289377));
#11721=CARTESIAN_POINT('',(8.89960031902506,10.,-11.2752373396686));
#11722=CARTESIAN_POINT('',(8.97524734973273,10.,-11.3381542757307));
#11723=CARTESIAN_POINT('',(9.13310144237876,10.,-11.4586694336193));
#11724=CARTESIAN_POINT('',(9.21621605257898,10.,-11.5154829920187));
#11725=CARTESIAN_POINT('',(9.38606210882823,10.,-11.6260005126532));
#11726=CARTESIAN_POINT('',(9.47411436310461,10.,-11.6785827905045));
#11727=CARTESIAN_POINT('',(9.65387389953764,10.,-11.7804563189198));
#11728=CARTESIAN_POINT('',(9.746382131159,10.,-11.8290404022096));
#11729=CARTESIAN_POINT('',(9.93489266581905,10.,-11.9229020981496));
#11730=CARTESIAN_POINT('',(10.0314687818763,10.,-11.967651053729));
#11731=CARTESIAN_POINT('',(10.2279386898423,10.,-12.0538402754015));
#11732=CARTESIAN_POINT('',(10.3280966671226,10.,-12.0950061860139));
#11733=CARTESIAN_POINT('',(10.4292740511145,10.,-12.1338469895886));
#11734=CARTESIAN_POINT('',(8.12969940110132,10.,-11.089205906995));
#11735=CARTESIAN_POINT('',(8.12969940110132,10.,-11.089205906995));
#11736=CARTESIAN_POINT('',(8.15498017446985,10.,-11.0707964418799));
#11737=CARTESIAN_POINT('',(8.18159109038422,10.,-11.0553940001382));
#11738=CARTESIAN_POINT('',(8.23802999938962,10.,-11.0303561551914));
#11739=CARTESIAN_POINT('',(8.268635580585,10.,-11.0206993883115));
#11740=CARTESIAN_POINT('',(8.33122371343089,10.,-11.007903738094));
#11741=CARTESIAN_POINT('',(8.36479860427926,10.,-11.0050798783347));
#11742=CARTESIAN_POINT('',(8.43369843434612,10.,-11.0061820921725));
#11743=CARTESIAN_POINT('',(8.47064605181255,10.,-11.0116309015913));
#11744=CARTESIAN_POINT('',(8.5498821989158,10.,-11.0307412904767));
#11745=CARTESIAN_POINT('',(8.59308886583588,10.,-11.048994613769));
#11746=CARTESIAN_POINT('',(8.7041581269591,10.,-11.104238466894));
#11747=CARTESIAN_POINT('',(8.76843281597808,10.,-11.1508731280944));
#11748=CARTESIAN_POINT('',(8.82644240697583,10.,-11.2090572289377));
#11749=CARTESIAN_POINT('',(8.03424626428616,10.,-11.1585566703227));
#11750=AXIS2_PLACEMENT_3D('',#11751,#11752,#11753);
#11751=CARTESIAN_POINT('',(0.,10.,6.12323399573677E-16));
#11752=DIRECTION('',(-6.16297582203915E-33,-1.,-6.12323399573677E-17));
#11753=DIRECTION('',(0.584308819220812,4.96919662160548E-17,-0.811531394205289));
#11754=CARTESIAN_POINT('',(7.93292621547922,10.,-11.8582347415213));
#11755=CARTESIAN_POINT('',(7.93292621547922,10.,-11.8582347415213));
#11756=CARTESIAN_POINT('',(7.89551579668246,10.,-11.7850844660323));
#11757=CARTESIAN_POINT('',(7.8710255694777,10.,-11.7095447013701));
#11758=CARTESIAN_POINT('',(7.85280783221765,10.,-11.5868402673684));
#11759=CARTESIAN_POINT('',(7.84879948450508,10.,-11.5401076981456));
#11760=CARTESIAN_POINT('',(7.85510974065039,10.,-11.4588442091822));
#11761=CARTESIAN_POINT('',(7.86134505664533,10.,-11.4220211621196));
#11762=CARTESIAN_POINT('',(7.8815880073928,10.,-11.3561529269556));
#11763=CARTESIAN_POINT('',(7.8946488694744,10.,-11.3250939288857));
#11764=CARTESIAN_POINT('',(7.92615905268953,10.,-11.2695231506712));
#11765=CARTESIAN_POINT('',(7.94480082846911,10.,-11.2433996183169));
#11766=CARTESIAN_POINT('',(7.98605381608642,10.,-11.1974601457258));
#11767=CARTESIAN_POINT('',(8.00892563392516,10.,-11.1769112769939));
#11768=CARTESIAN_POINT('',(8.03424626428617,10.,-11.1585566703227));
#11769=CARTESIAN_POINT('',(8.31715132638855,10.,-13.6683939734686));
#11770=CARTESIAN_POINT('',(8.31715132638856,10.,-13.6683939734686));
#11771=CARTESIAN_POINT('',(8.31147705815057,10.,-13.5601660947416));
#11772=CARTESIAN_POINT('',(8.30327646771529,10.,-13.4521892318221));
#11773=CARTESIAN_POINT('',(8.28201818725395,10.,-13.2387013113664));
#11774=CARTESIAN_POINT('',(8.26930306256526,10.,-13.1330237791171));
#11775=CARTESIAN_POINT('',(8.23828824383963,10.,-12.924734747572));
#11776=CARTESIAN_POINT('',(8.22066865052927,10.,-12.8217408836849));
#11777=CARTESIAN_POINT('',(8.17932991915069,10.,-12.6192987536368));
#11778=CARTESIAN_POINT('',(8.15653084412291,10.,-12.5193072659738));
#11779=CARTESIAN_POINT('',(8.10390775376733,10.,-12.3236222753587));
#11780=CARTESIAN_POINT('',(8.0755586758704,10.,-12.2270192286721));
#11781=CARTESIAN_POINT('',(8.0097215469073,10.,-12.0396498333699));
#11782=CARTESIAN_POINT('',(7.97326020294277,10.,-11.9482628293998));
#11783=CARTESIAN_POINT('',(7.93292621547922,10.,-11.8582347415213));
#11784=CARTESIAN_POINT('',(7.67860074676366,10.,-14.0370613225062));
#11785=AXIS2_PLACEMENT_3D('',#11786,#11787,#11788);
#11786=CARTESIAN_POINT('',(0.,10.,6.12323399573677E-16));
#11787=DIRECTION('',(0.,1.,6.12323399573677E-17));
#11788=DIRECTION('',(0.519821957899285,5.23092341534166E-17,-0.854274623341788));
#11789=CARTESIAN_POINT('',(6.30306942245707,10.,-12.7992329997132));
#11790=CARTESIAN_POINT('',(6.30306942245707,10.,-12.7992329997132));
#11791=CARTESIAN_POINT('',(6.36086903988215,10.,-12.8791773014318));
#11792=CARTESIAN_POINT('',(6.42178183491374,10.,-12.9564472535462));
#11793=CARTESIAN_POINT('',(6.55112992665567,10.,-13.1071485773916));
#11794=CARTESIAN_POINT('',(6.62061608022075,10.,-13.1800011223675));
#11795=CARTESIAN_POINT('',(6.76377270805496,10.,-13.3234165507487));
#11796=CARTESIAN_POINT('',(6.83896833901947,10.,-13.393156872737));
#11797=CARTESIAN_POINT('',(6.99361900074806,10.,-13.5301783292952));
#11798=CARTESIAN_POINT('',(7.07400450665303,10.,-13.5969342766498));
#11799=CARTESIAN_POINT('',(7.23888068993789,10.,-13.7279384133325));
#11800=CARTESIAN_POINT('',(7.32404255513065,10.,-13.7917888004498));
#11801=CARTESIAN_POINT('',(7.49829937741579,10.,-13.916942971598));
#11802=CARTESIAN_POINT('',(7.58770978850734,10.,-13.9780333227007));
#11803=CARTESIAN_POINT('',(7.67860074676367,10.,-14.0370613225062));
#11804=CARTESIAN_POINT('',(5.6464704139247,10.,-12.5371397002934));
#11805=CARTESIAN_POINT('',(5.6464704139247,10.,-12.5371397002934));
#11806=CARTESIAN_POINT('',(5.67502628475895,10.,-12.5243886944965));
#11807=CARTESIAN_POINT('',(5.70425803601916,10.,-12.5148555535834));
#11808=CARTESIAN_POINT('',(5.76466928012815,10.,-12.5020991546204));
#11809=CARTESIAN_POINT('',(5.79661381067331,10.,-12.4990166694007));
#11810=CARTESIAN_POINT('',(5.86049460792275,10.,-12.4995134393658));
#11811=CARTESIAN_POINT('',(5.89392292030817,10.,-12.5037319000427));
#11812=CARTESIAN_POINT('',(5.96108796063638,10.,-12.5191351080299));
#11813=CARTESIAN_POINT('',(5.99609531283479,10.,-12.5321466895089));
#11814=CARTESIAN_POINT('',(6.06962668674988,10.,-12.5673135918644));
#11815=CARTESIAN_POINT('',(6.10809410502471,10.,-12.5941512074221));
#11816=CARTESIAN_POINT('',(6.20525039339716,10.,-12.6712804476896));
#11817=CARTESIAN_POINT('',(6.25842463498811,10.,-12.7302594889245));
#11818=CARTESIAN_POINT('',(6.30306942245707,10.,-12.7992329997132));
#11819=CARTESIAN_POINT('',(5.53868432270347,10.,-12.5851291599824));
#11820=AXIS2_PLACEMENT_3D('',#11821,#11822,#11823);
#11821=CARTESIAN_POINT('',(0.,10.,6.12323399573677E-16));
#11822=DIRECTION('',(3.08148791101958E-33,-1.,-6.12323399573677E-17));
#11823=DIRECTION('',(0.402813405287525,5.60448659731943E-17,-0.915282120725991));
#11824=CARTESIAN_POINT('',(5.29410710924571,10.,-13.2484519639502));
#11825=CARTESIAN_POINT('',(5.29410710924571,10.,-13.2484519639502));
#11826=CARTESIAN_POINT('',(5.27272299531792,10.,-13.1691221340613));
#11827=CARTESIAN_POINT('',(5.26447353853104,10.,-13.0901412899504));
#11828=CARTESIAN_POINT('',(5.27216558888346,10.,-12.9663305616756));
#11829=CARTESIAN_POINT('',(5.27796108066889,10.,-12.9197858288638));
#11830=CARTESIAN_POINT('',(5.30102907196956,10.,-12.8416101181317));
#11831=CARTESIAN_POINT('',(5.31478407332567,10.,-12.806888138087));
#11832=CARTESIAN_POINT('',(5.34827944317522,10.,-12.7466680280138));
#11833=CARTESIAN_POINT('',(5.36751242288766,10.,-12.7190032494895));
#11834=CARTESIAN_POINT('',(5.40988784745687,10.,-12.6711981615782));
#11835=CARTESIAN_POINT('',(5.433553643491,10.,-12.6495213342054));
#11836=CARTESIAN_POINT('',(5.48345650777365,10.,-12.6131627277183));
#11837=CARTESIAN_POINT('',(5.51010087155948,10.,-12.5978182193893));
#11838=CARTESIAN_POINT('',(5.53868432270347,10.,-12.5851291599824));
#11839=CARTESIAN_POINT('',(5.29358271305981,10.,-15.0989397660894));
#11840=CARTESIAN_POINT('',(5.29358271305982,10.,-15.0989397660893));
#11841=CARTESIAN_POINT('',(5.31053428245668,10.,-14.9918971794765));
#11842=CARTESIAN_POINT('',(5.32496254673658,10.,-14.8845748714539));
#11843=CARTESIAN_POINT('',(5.34855544521873,10.,-14.6713323292399));
#11844=CARTESIAN_POINT('',(5.35808977092284,10.,-14.5653204815458));
#11845=CARTESIAN_POINT('',(5.3710584251265,10.,-14.3551347216792));
#11846=CARTESIAN_POINT('',(5.37523749058869,10.,-14.2507282013911));
#11847=CARTESIAN_POINT('',(5.3768921952244,10.,-14.0441151120599));
#11848=CARTESIAN_POINT('',(5.37538073395444,10.,-13.9415684840704));
#11849=CARTESIAN_POINT('',(5.36459278164637,10.,-13.7392187243087));
#11850=CARTESIAN_POINT('',(5.35694810189322,10.,-13.63883258125));
#11851=CARTESIAN_POINT('',(5.33150595994356,10.,-13.4418693479828));
#11852=CARTESIAN_POINT('',(5.31484181033932,10.,-13.3448986296381));
#11853=CARTESIAN_POINT('',(5.29410710924571,10.,-13.2484519639502));
#11854=CARTESIAN_POINT('',(4.59233574376483,10.,-15.3267887183369));
#11855=AXIS2_PLACEMENT_3D('',#11856,#11857,#11858);
#11856=CARTESIAN_POINT('',(0.,10.,6.12323399573677E-16));
#11857=DIRECTION('',(0.,1.,6.12323399573677E-17));
#11858=DIRECTION('',(0.330848919566239,5.77839632970625E-17,-0.943683735380584));
#11859=CARTESIAN_POINT('',(3.50422205869416,10.,-13.8300208708672));
#11860=CARTESIAN_POINT('',(3.50422205869416,10.,-13.8300208708672));
#11861=CARTESIAN_POINT('',(3.54413726086028,10.,-13.920235413973));
#11862=CARTESIAN_POINT('',(3.5876536387809,10.,-14.0084813144501));
#11863=CARTESIAN_POINT('',(3.68284259732859,10.,-14.182782433255));
#11864=CARTESIAN_POINT('',(3.73566341591618,10.,-14.2684899590066));
#11865=CARTESIAN_POINT('',(3.84587398375728,10.,-14.4385353527306));
#11866=CARTESIAN_POINT('',(3.90492658150811,10.,-14.5223857321339));
#11867=CARTESIAN_POINT('',(4.02770939251851,10.,-14.6885666216813));
#11868=CARTESIAN_POINT('',(4.09245894036658,10.,-14.770576877871));
#11869=CARTESIAN_POINT('',(4.22649489190299,10.,-14.9329979458957));
#11870=CARTESIAN_POINT('',(4.29652052407037,10.,-15.0131591962458));
#11871=CARTESIAN_POINT('',(4.44094840136377,10.,-15.1718084790341));
#11872=CARTESIAN_POINT('',(4.51570358226318,10.,-15.2501533291399));
#11873=CARTESIAN_POINT('',(4.59233574376485,10.,-15.3267887183369));
#11874=CARTESIAN_POINT('',(2.91646357488841,10.,-13.4371403288181));
#11875=CARTESIAN_POINT('',(2.91646357488841,10.,-13.4371403288181));
#11876=CARTESIAN_POINT('',(2.94704651460664,10.,-13.4306050624789));
#11877=CARTESIAN_POINT('',(2.97762153341312,10.,-13.4273578663973));
#11878=CARTESIAN_POINT('',(3.03936485137282,10.,-13.4274404292647));
#11879=CARTESIAN_POINT('',(3.07125220199608,10.,-13.4310669451008));
#11880=CARTESIAN_POINT('',(3.1336337662752,10.,-13.4448344240172));
#11881=CARTESIAN_POINT('',(3.16545452253958,10.,-13.4559108381564));
#11882=CARTESIAN_POINT('',(3.22794933857319,10.,-13.4849418461911));
#11883=CARTESIAN_POINT('',(3.25948643622858,10.,-13.5049475311832));
#11884=CARTESIAN_POINT('',(3.32409936307274,10.,-13.5546339846263));
#11885=CARTESIAN_POINT('',(3.35614632193657,10.,-13.5888829598684));
#11886=CARTESIAN_POINT('',(3.43514344154877,10.,-13.6845266693716));
#11887=CARTESIAN_POINT('',(3.47489326619585,10.,-13.7532724235261));
#11888=CARTESIAN_POINT('',(3.50422205869416,10.,-13.8300208708672));
#11889=CARTESIAN_POINT('',(2.80105529866252,10.,-13.4616711152009));
#11890=AXIS2_PLACEMENT_3D('',#11891,#11892,#11893);
#11891=CARTESIAN_POINT('',(0.,10.,6.12323399573677E-16));
#11892=DIRECTION('',(1.54074395550979E-33,-1.,-6.12323399573677E-17));
#11893=DIRECTION('',(0.203713112630001,5.99483361542007E-17,-0.979030626560067));
#11894=CARTESIAN_POINT('',(2.42391011839373,10.,-14.0596482624285));
#11895=CARTESIAN_POINT('',(2.42391011839373,10.,-14.0596482624285));
#11896=CARTESIAN_POINT('',(2.41948689772592,10.,-13.9776059723728));
#11897=CARTESIAN_POINT('',(2.4278387522038,10.,-13.8986358906928));
#11898=CARTESIAN_POINT('',(2.46110441065773,10.,-13.7791299910804));
#11899=CARTESIAN_POINT('',(2.47645045114028,10.,-13.73480732285));
#11900=CARTESIAN_POINT('',(2.51526799568398,10.,-13.6631360440368));
#11901=CARTESIAN_POINT('',(2.53594152283817,10.,-13.6320326481525));
#11902=CARTESIAN_POINT('',(2.58122540339874,10.,-13.5800925709485));
#11903=CARTESIAN_POINT('',(2.60578992723853,10.,-13.5570310955415));
#11904=CARTESIAN_POINT('',(2.6571785837683,10.,-13.5190810096696));
#11905=CARTESIAN_POINT('',(2.68483409120918,10.,-13.5027982686513));
#11906=CARTESIAN_POINT('',(2.74120583752752,10.,-13.4776095738396));
#11907=CARTESIAN_POINT('',(2.77045826070915,10.,-13.4681400545586));
#11908=CARTESIAN_POINT('',(2.80105529866252,10.,-13.4616711152009));
#11909=CARTESIAN_POINT('',(2.03865913374227,10.,-15.8695894381805));
#11910=CARTESIAN_POINT('',(2.03865913374227,10.,-15.8695894381805));
#11911=CARTESIAN_POINT('',(2.07749567584867,10.,-15.7684104183641));
#11912=CARTESIAN_POINT('',(2.11392221046024,10.,-15.6664331650886));
#11913=CARTESIAN_POINT('',(2.18133516501091,10.,-15.4627557234623));
#11914=CARTESIAN_POINT('',(2.21270224532379,10.,-15.3610427867689));
#11915=CARTESIAN_POINT('',(2.26908758003753,10.,-15.1581464248701));
#11916=CARTESIAN_POINT('',(2.29488265905819,10.,-15.0568903141155));
#11917=CARTESIAN_POINT('',(2.33945848117545,10.,-14.8551362489447));
#11918=CARTESIAN_POINT('',(2.3593006917736,10.,-14.7545162603451));
#11919=CARTESIAN_POINT('',(2.39081936279525,10.,-14.5543453869204));
#11920=CARTESIAN_POINT('',(2.40421319037434,10.,-14.4545635036473));
#11921=CARTESIAN_POINT('',(2.42027797912625,10.,-14.2566146708435));
#11922=CARTESIAN_POINT('',(2.42413932718347,10.,-14.1582983238329));
#11923=CARTESIAN_POINT('',(2.42391011839373,10.,-14.0596482624285));
#11924=CARTESIAN_POINT('',(1.30536363229169,10.,-15.9466619010842));
#11925=AXIS2_PLACEMENT_3D('',#11926,#11927,#11928);
#11926=CARTESIAN_POINT('',(0.,10.,6.12323399573677E-16));
#11927=DIRECTION('',(0.,1.,6.12323399573677E-17));
#11928=DIRECTION('',(0.127416195858892,6.07332559664074E-17,-0.99184933988628));
#11929=CARTESIAN_POINT('',(0.552223375843267,10.,-14.2563704661612));
#11930=CARTESIAN_POINT('',(0.552223375843267,10.,-14.2563704661612));
#11931=CARTESIAN_POINT('',(0.572509676881381,10.,-14.3529124422232));
#11932=CARTESIAN_POINT('',(0.596727763161144,10.,-14.4482775217611));
#11933=CARTESIAN_POINT('',(0.653597374258766,10.,-14.6385606402442));
#11934=CARTESIAN_POINT('',(0.687444334634175,10.,-14.7333773166259));
#11935=CARTESIAN_POINT('',(0.759892111818533,10.,-14.9226208760187));
#11936=CARTESIAN_POINT('',(0.800220794468158,10.,-15.0169166488982));
#11937=CARTESIAN_POINT('',(0.885769556741927,10.,-15.2049940691373));
#11938=CARTESIAN_POINT('',(0.932053280589332,10.,-15.2986743924376));
#11939=CARTESIAN_POINT('',(1.0293909861193,10.,-15.4854138117489));
#11940=CARTESIAN_POINT('',(1.08121992911533,10.,-15.5783824940352));
#11941=CARTESIAN_POINT('',(1.18950667013741,10.,-15.763593153522));
#11942=CARTESIAN_POINT('',(1.24633946072421,10.,-15.855768456741));
#11943=CARTESIAN_POINT('',(1.3053636322917,10.,-15.9466619010842));
#11944=CARTESIAN_POINT('',(0.0589932828845623,10.,-13.7498734464203));
#11945=CARTESIAN_POINT('',(0.0589932828845623,10.,-13.7498734464203));
#11946=CARTESIAN_POINT('',(0.0902666702678723,10.,-13.7498395420375));
#11947=CARTESIAN_POINT('',(0.120848681583559,10.,-13.753020208838));
#11948=CARTESIAN_POINT('',(0.181225594121827,10.,-13.7659381251423));
#11949=CARTESIAN_POINT('',(0.211662134588453,10.,-13.7761151458902));
#11950=CARTESIAN_POINT('',(0.269818092198295,10.,-13.8025516288656));
#11951=CARTESIAN_POINT('',(0.298640572599959,10.,-13.8200019040186));
#11952=CARTESIAN_POINT('',(0.353733840994896,10.,-13.8613919177435));
#11953=CARTESIAN_POINT('',(0.380422361607948,10.,-13.8875173618166));
#11954=CARTESIAN_POINT('',(0.433292946430863,10.,-13.9495518299098));
#11955=CARTESIAN_POINT('',(0.457518840002972,10.,-13.9897153202734));
#11956=CARTESIAN_POINT('',(0.514904237657636,10.,-14.0996934099575));
#11957=CARTESIAN_POINT('',(0.539492387282946,10.,-14.1752013576965));
#11958=CARTESIAN_POINT('',(0.552223375843267,10.,-14.2563704661612));
#11959=CARTESIAN_POINT('',(-0.0589932828845594,10.,-13.7498734464203));
#11960=AXIS2_PLACEMENT_3D('',#11961,#11962,#11963);
#11961=CARTESIAN_POINT('',(0.,10.,6.12323399573677E-16));
#11962=DIRECTION('',(0.,-1.,-6.12323399573677E-17));
#11963=DIRECTION('',(-0.00429042057342249,6.12317763812357E-17,-0.999990796103296));
#11964=CARTESIAN_POINT('',(-0.552223375843264,10.,-14.2563704661612));
#11965=CARTESIAN_POINT('',(-0.552223375843265,10.,-14.2563704661612));
#11966=CARTESIAN_POINT('',(-0.539492387282943,10.,-14.1752013576965));
#11967=CARTESIAN_POINT('',(-0.514904237657633,10.,-14.0996934099575));
#11968=CARTESIAN_POINT('',(-0.457518840002969,10.,-13.9897153202734));
#11969=CARTESIAN_POINT('',(-0.433292946430861,10.,-13.9495518299098));
#11970=CARTESIAN_POINT('',(-0.380422361607945,10.,-13.8875173618166));
#11971=CARTESIAN_POINT('',(-0.353733840994893,10.,-13.8613919177435));
#11972=CARTESIAN_POINT('',(-0.298640572599956,10.,-13.8200019040186));
#11973=CARTESIAN_POINT('',(-0.269818092198292,10.,-13.8025516288656));
#11974=CARTESIAN_POINT('',(-0.21166213458845,10.,-13.7761151458902));
#11975=CARTESIAN_POINT('',(-0.181225594121824,10.,-13.7659381251423));
#11976=CARTESIAN_POINT('',(-0.120848681583557,10.,-13.753020208838));
#11977=CARTESIAN_POINT('',(-0.0902666702678694,10.,-13.7498395420374));
#11978=CARTESIAN_POINT('',(-0.0589932828845592,10.,-13.7498734464203));
#11979=CARTESIAN_POINT('',(-1.3053636322917,10.,-15.9466619010842));
#11980=CARTESIAN_POINT('',(-1.3053636322917,10.,-15.9466619010842));
#11981=CARTESIAN_POINT('',(-1.24633946072421,10.,-15.855768456741));
#11982=CARTESIAN_POINT('',(-1.1895066701374,10.,-15.7635931535219));
#11983=CARTESIAN_POINT('',(-1.08121992911532,10.,-15.5783824940352));
#11984=CARTESIAN_POINT('',(-1.0293909861193,10.,-15.4854138117489));
#11985=CARTESIAN_POINT('',(-0.932053280589328,10.,-15.2986743924376));
#11986=CARTESIAN_POINT('',(-0.885769556741924,10.,-15.2049940691373));
#11987=CARTESIAN_POINT('',(-0.800220794468154,10.,-15.0169166488982));
#11988=CARTESIAN_POINT('',(-0.75989211181853,10.,-14.9226208760187));
#11989=CARTESIAN_POINT('',(-0.687444334634172,10.,-14.7333773166259));
#11990=CARTESIAN_POINT('',(-0.653597374258763,10.,-14.6385606402442));
#11991=CARTESIAN_POINT('',(-0.596727763161141,10.,-14.4482775217611));
#11992=CARTESIAN_POINT('',(-0.572509676881378,10.,-14.3529124422232));
#11993=CARTESIAN_POINT('',(-0.552223375843265,10.,-14.2563704661612));
#11994=CARTESIAN_POINT('',(-2.03865913374228,10.,-15.8695894381805));
#11995=AXIS2_PLACEMENT_3D('',#11996,#11997,#11998);
#11996=CARTESIAN_POINT('',(0.,10.,6.12323399573677E-16));
#11997=DIRECTION('',(0.,1.,6.12323399573677E-17));
#11998=DIRECTION('',(-0.081585227018231,6.10282139195244E-17,-0.996666368817762));
#11999=CARTESIAN_POINT('',(-2.42391011839373,10.,-14.0596482624285));
#12000=CARTESIAN_POINT('',(-2.42391011839373,10.,-14.0596482624285));
#12001=CARTESIAN_POINT('',(-2.42413932718346,10.,-14.1582983238329));
#12002=CARTESIAN_POINT('',(-2.42027797912625,10.,-14.2566146708435));
#12003=CARTESIAN_POINT('',(-2.40421319037434,10.,-14.4545635036473));
#12004=CARTESIAN_POINT('',(-2.39081936279524,10.,-14.5543453869204));
#12005=CARTESIAN_POINT('',(-2.3593006917736,10.,-14.7545162603451));
#12006=CARTESIAN_POINT('',(-2.33945848117545,10.,-14.8551362489447));
#12007=CARTESIAN_POINT('',(-2.29488265905818,10.,-15.0568903141155));
#12008=CARTESIAN_POINT('',(-2.26908758003752,10.,-15.1581464248701));
#12009=CARTESIAN_POINT('',(-2.21270224532379,10.,-15.3610427867689));
#12010=CARTESIAN_POINT('',(-2.18133516501091,10.,-15.4627557234623));
#12011=CARTESIAN_POINT('',(-2.11392221046024,10.,-15.6664331650886));
#12012=CARTESIAN_POINT('',(-2.07749567584867,10.,-15.7684104183641));
#12013=CARTESIAN_POINT('',(-2.03865913374227,10.,-15.8695894381805));
#12014=CARTESIAN_POINT('',(-2.80105529866252,10.,-13.4616711152009));
#12015=CARTESIAN_POINT('',(-2.80105529866251,10.,-13.4616711152009));
#12016=CARTESIAN_POINT('',(-2.77045826070914,10.,-13.4681400545586));
#12017=CARTESIAN_POINT('',(-2.74120583752752,10.,-13.4776095738396));
#12018=CARTESIAN_POINT('',(-2.68483409120918,10.,-13.5027982686513));
#12019=CARTESIAN_POINT('',(-2.65717858376829,10.,-13.5190810096696));
#12020=CARTESIAN_POINT('',(-2.60578992723853,10.,-13.5570310955415));
#12021=CARTESIAN_POINT('',(-2.58122540339874,10.,-13.5800925709485));
#12022=CARTESIAN_POINT('',(-2.53594152283817,10.,-13.6320326481525));
#12023=CARTESIAN_POINT('',(-2.51526799568397,10.,-13.6631360440368));
#12024=CARTESIAN_POINT('',(-2.47645045114028,10.,-13.73480732285));
#12025=CARTESIAN_POINT('',(-2.46110441065773,10.,-13.7791299910804));
#12026=CARTESIAN_POINT('',(-2.4278387522038,10.,-13.8986358906928));
#12027=CARTESIAN_POINT('',(-2.41948689772592,10.,-13.9776059723728));
#12028=CARTESIAN_POINT('',(-2.42391011839373,10.,-14.0596482624285));
#12029=CARTESIAN_POINT('',(-2.9164635748884,10.,-13.4371403288181));
#12030=AXIS2_PLACEMENT_3D('',#12031,#12032,#12033);
#12031=CARTESIAN_POINT('',(0.,10.,6.12323399573677E-16));
#12032=DIRECTION('',(0.,-1.,-6.12323399573677E-17));
#12033=DIRECTION('',(-0.212106441810066,5.98390941577486E-17,-0.977246569368587));
#12034=CARTESIAN_POINT('',(-3.50422205869415,10.,-13.8300208708672));
#12035=CARTESIAN_POINT('',(-3.50422205869415,10.,-13.8300208708672));
#12036=CARTESIAN_POINT('',(-3.47489326619585,10.,-13.7532724235261));
#12037=CARTESIAN_POINT('',(-3.43514344154877,10.,-13.6845266693716));
#12038=CARTESIAN_POINT('',(-3.35614632193657,10.,-13.5888829598684));
#12039=CARTESIAN_POINT('',(-3.32409936307273,10.,-13.5546339846263));
#12040=CARTESIAN_POINT('',(-3.25948643622858,10.,-13.5049475311832));
#12041=CARTESIAN_POINT('',(-3.22794933857319,10.,-13.4849418461911));
#12042=CARTESIAN_POINT('',(-3.16545452253958,10.,-13.4559108381564));
#12043=CARTESIAN_POINT('',(-3.13363376627519,10.,-13.4448344240172));
#12044=CARTESIAN_POINT('',(-3.07125220199607,10.,-13.4310669451008));
#12045=CARTESIAN_POINT('',(-3.03936485137282,10.,-13.4274404292647));
#12046=CARTESIAN_POINT('',(-2.97762153341312,10.,-13.4273578663973));
#12047=CARTESIAN_POINT('',(-2.94704651460664,10.,-13.4306050624789));
#12048=CARTESIAN_POINT('',(-2.9164635748884,10.,-13.4371403288181));
#12049=CARTESIAN_POINT('',(-4.59233574376485,10.,-15.3267887183369));
#12050=CARTESIAN_POINT('',(-4.59233574376485,10.,-15.3267887183369));
#12051=CARTESIAN_POINT('',(-4.51570358226317,10.,-15.2501533291399));
#12052=CARTESIAN_POINT('',(-4.44094840136376,10.,-15.1718084790341));
#12053=CARTESIAN_POINT('',(-4.29652052407037,10.,-15.0131591962458));
#12054=CARTESIAN_POINT('',(-4.22649489190299,10.,-14.9329979458957));
#12055=CARTESIAN_POINT('',(-4.09245894036658,10.,-14.770576877871));
#12056=CARTESIAN_POINT('',(-4.02770939251851,10.,-14.6885666216813));
#12057=CARTESIAN_POINT('',(-3.9049265815081,10.,-14.5223857321339));
#12058=CARTESIAN_POINT('',(-3.84587398375728,10.,-14.4385353527306));
#12059=CARTESIAN_POINT('',(-3.73566341591617,10.,-14.2684899590066));
#12060=CARTESIAN_POINT('',(-3.68284259732859,10.,-14.182782433255));
#12061=CARTESIAN_POINT('',(-3.58765363878089,10.,-14.0084813144501));
#12062=CARTESIAN_POINT('',(-3.54413726086028,10.,-13.920235413973));
#12063=CARTESIAN_POINT('',(-3.50422205869415,10.,-13.8300208708672));
#12064=CARTESIAN_POINT('',(-5.29358271305982,10.,-15.0989397660893));
#12065=AXIS2_PLACEMENT_3D('',#12066,#12067,#12068);
#12066=CARTESIAN_POINT('',(0.,10.,6.12323399573677E-16));
#12067=DIRECTION('',(0.,1.,6.12323399573677E-17));
#12068=DIRECTION('',(-0.287020983985303,5.86559460784971E-17,-0.957924294896057));
#12069=CARTESIAN_POINT('',(-5.2941071092457,10.,-13.2484519639502));
#12070=CARTESIAN_POINT('',(-5.29410710924571,10.,-13.2484519639502));
#12071=CARTESIAN_POINT('',(-5.31484181033931,10.,-13.3448986296381));
#12072=CARTESIAN_POINT('',(-5.33150595994355,10.,-13.4418693479828));
#12073=CARTESIAN_POINT('',(-5.35694810189322,10.,-13.63883258125));
#12074=CARTESIAN_POINT('',(-5.36459278164636,10.,-13.7392187243087));
#12075=CARTESIAN_POINT('',(-5.37538073395443,10.,-13.9415684840704));
#12076=CARTESIAN_POINT('',(-5.37689219522439,10.,-14.0441151120599));
#12077=CARTESIAN_POINT('',(-5.37523749058869,10.,-14.2507282013911));
#12078=CARTESIAN_POINT('',(-5.37105842512649,10.,-14.3551347216792));
#12079=CARTESIAN_POINT('',(-5.35808977092284,10.,-14.5653204815458));
#12080=CARTESIAN_POINT('',(-5.34855544521873,10.,-14.6713323292399));
#12081=CARTESIAN_POINT('',(-5.32496254673658,10.,-14.8845748714539));
#12082=CARTESIAN_POINT('',(-5.31053428245667,10.,-14.9918971794765));
#12083=CARTESIAN_POINT('',(-5.29358271305982,10.,-15.0989397660894));
#12084=CARTESIAN_POINT('',(-5.53868432270347,10.,-12.5851291599824));
#12085=CARTESIAN_POINT('',(-5.53868432270347,10.,-12.5851291599824));
#12086=CARTESIAN_POINT('',(-5.51010087155947,10.,-12.5978182193893));
#12087=CARTESIAN_POINT('',(-5.48345650777365,10.,-12.6131627277183));
#12088=CARTESIAN_POINT('',(-5.43355364349099,10.,-12.6495213342054));
#12089=CARTESIAN_POINT('',(-5.40988784745687,10.,-12.6711981615782));
#12090=CARTESIAN_POINT('',(-5.36751242288766,10.,-12.7190032494895));
#12091=CARTESIAN_POINT('',(-5.34827944317521,10.,-12.7466680280138));
#12092=CARTESIAN_POINT('',(-5.31478407332567,10.,-12.806888138087));
#12093=CARTESIAN_POINT('',(-5.30102907196956,10.,-12.8416101181317));
#12094=CARTESIAN_POINT('',(-5.27796108066889,10.,-12.9197858288638));
#12095=CARTESIAN_POINT('',(-5.27216558888346,10.,-12.9663305616756));
#12096=CARTESIAN_POINT('',(-5.26447353853104,10.,-13.0901412899504));
#12097=CARTESIAN_POINT('',(-5.27272299531792,10.,-13.1691221340613));
#12098=CARTESIAN_POINT('',(-5.29410710924571,10.,-13.2484519639502));
#12099=CARTESIAN_POINT('',(-5.6464704139247,10.,-12.5371397002934));
#12100=AXIS2_PLACEMENT_3D('',#12101,#12102,#12103);
#12101=CARTESIAN_POINT('',(0.,10.,6.12323399573677E-16));
#12102=DIRECTION('',(0.,-1.,-6.12323399573677E-17));
#12103=DIRECTION('',(-0.410652393739978,5.58311563797365E-17,-0.911791978203157));
#12104=CARTESIAN_POINT('',(-6.30306942245706,10.,-12.7992329997132));
#12105=CARTESIAN_POINT('',(-6.30306942245706,10.,-12.7992329997132));
#12106=CARTESIAN_POINT('',(-6.25842463498811,10.,-12.7302594889245));
#12107=CARTESIAN_POINT('',(-6.20525039339716,10.,-12.6712804476896));
#12108=CARTESIAN_POINT('',(-6.10809410502471,10.,-12.5941512074221));
#12109=CARTESIAN_POINT('',(-6.06962668674987,10.,-12.5673135918644));
#12110=CARTESIAN_POINT('',(-5.99609531283478,10.,-12.5321466895089));
#12111=CARTESIAN_POINT('',(-5.96108796063638,10.,-12.5191351080299));
#12112=CARTESIAN_POINT('',(-5.89392292030817,10.,-12.5037319000427));
#12113=CARTESIAN_POINT('',(-5.86049460792275,10.,-12.4995134393658));
#12114=CARTESIAN_POINT('',(-5.7966138106733,10.,-12.4990166694007));
#12115=CARTESIAN_POINT('',(-5.76466928012814,10.,-12.5020991546204));
#12116=CARTESIAN_POINT('',(-5.70425803601916,10.,-12.5148555535834));
#12117=CARTESIAN_POINT('',(-5.67502628475894,10.,-12.5243886944965));
#12118=CARTESIAN_POINT('',(-5.6464704139247,10.,-12.5371397002934));
#12119=CARTESIAN_POINT('',(-7.67860074676367,10.,-14.0370613225062));
#12120=CARTESIAN_POINT('',(-7.67860074676367,10.,-14.0370613225062));
#12121=CARTESIAN_POINT('',(-7.58770978850734,10.,-13.9780333227007));
#12122=CARTESIAN_POINT('',(-7.49829937741579,10.,-13.916942971598));
#12123=CARTESIAN_POINT('',(-7.32404255513065,10.,-13.7917888004498));
#12124=CARTESIAN_POINT('',(-7.23888068993789,10.,-13.7279384133325));
#12125=CARTESIAN_POINT('',(-7.07400450665303,10.,-13.5969342766498));
#12126=CARTESIAN_POINT('',(-6.99361900074806,10.,-13.5301783292952));
#12127=CARTESIAN_POINT('',(-6.83896833901947,10.,-13.393156872737));
#12128=CARTESIAN_POINT('',(-6.76377270805496,10.,-13.3234165507487));
#12129=CARTESIAN_POINT('',(-6.62061608022074,10.,-13.1800011223675));
#12130=CARTESIAN_POINT('',(-6.55112992665567,10.,-13.1071485773916));
#12131=CARTESIAN_POINT('',(-6.42178183491374,10.,-12.9564472535462));
#12132=CARTESIAN_POINT('',(-6.36086903988215,10.,-12.8791773014318));
#12133=CARTESIAN_POINT('',(-6.30306942245706,10.,-12.7992329997132));
#12134=CARTESIAN_POINT('',(-8.31715132638855,10.,-13.6683939734686));
#12135=AXIS2_PLACEMENT_3D('',#12136,#12137,#12138);
#12136=CARTESIAN_POINT('',(0.,10.,6.12323399573677E-16));
#12137=DIRECTION('',(0.,1.,6.12323399573677E-17));
#12138=DIRECTION('',(-0.479912546672729,5.37201319313824E-17,-0.87731633265664));
#12139=CARTESIAN_POINT('',(-7.93292621547921,10.,-11.8582347415213));
#12140=CARTESIAN_POINT('',(-7.93292621547921,10.,-11.8582347415213));
#12141=CARTESIAN_POINT('',(-7.97326020294277,10.,-11.9482628293998));
#12142=CARTESIAN_POINT('',(-8.00972154690729,10.,-12.0396498333699));
#12143=CARTESIAN_POINT('',(-8.07555867587039,10.,-12.2270192286721));
#12144=CARTESIAN_POINT('',(-8.10390775376732,10.,-12.3236222753587));
#12145=CARTESIAN_POINT('',(-8.15653084412291,10.,-12.5193072659738));
#12146=CARTESIAN_POINT('',(-8.17932991915068,10.,-12.6192987536368));
#12147=CARTESIAN_POINT('',(-8.22066865052927,10.,-12.8217408836849));
#12148=CARTESIAN_POINT('',(-8.23828824383962,10.,-12.924734747572));
#12149=CARTESIAN_POINT('',(-8.26930306256525,10.,-13.1330237791171));
#12150=CARTESIAN_POINT('',(-8.28201818725395,10.,-13.2387013113664));
#12151=CARTESIAN_POINT('',(-8.30327646771528,10.,-13.4521892318221));
#12152=CARTESIAN_POINT('',(-8.31147705815056,10.,-13.5601660947416));
#12153=CARTESIAN_POINT('',(-8.31715132638855,10.,-13.6683939734686));
#12154=CARTESIAN_POINT('',(-8.03424626428616,10.,-11.1585566703227));
#12155=CARTESIAN_POINT('',(-8.03424626428616,10.,-11.1585566703227));
#12156=CARTESIAN_POINT('',(-8.00892563392516,10.,-11.1769112769939));
#12157=CARTESIAN_POINT('',(-7.98605381608641,10.,-11.1974601457258));
#12158=CARTESIAN_POINT('',(-7.94480082846911,10.,-11.2433996183169));
#12159=CARTESIAN_POINT('',(-7.92615905268952,10.,-11.2695231506712));
#12160=CARTESIAN_POINT('',(-7.8946488694744,10.,-11.3250939288857));
#12161=CARTESIAN_POINT('',(-7.8815880073928,10.,-11.3561529269556));
#12162=CARTESIAN_POINT('',(-7.86134505664532,10.,-11.4220211621196));
#12163=CARTESIAN_POINT('',(-7.85510974065038,10.,-11.4588442091822));
#12164=CARTESIAN_POINT('',(-7.84879948450508,10.,-11.5401076981456));
#12165=CARTESIAN_POINT('',(-7.85280783221764,10.,-11.5868402673684));
#12166=CARTESIAN_POINT('',(-7.87102556947769,10.,-11.7095447013701));
#12167=CARTESIAN_POINT('',(-7.89551579668245,10.,-11.7850844660323));
#12168=CARTESIAN_POINT('',(-7.93292621547921,10.,-11.8582347415213));
#12169=CARTESIAN_POINT('',(-8.12969940110132,10.,-11.089205906995));
#12170=AXIS2_PLACEMENT_3D('',#12171,#12172,#12173);
#12171=CARTESIAN_POINT('',(0.,10.,6.12323399573677E-16));
#12172=DIRECTION('',(0.,-1.,-6.12323399573677E-17));
#12173=DIRECTION('',(-0.591250865534641,4.93831291603176E-17,-0.806487702326909));
#12174=CARTESIAN_POINT('',(-8.82644240697582,10.,-11.2090572289377));
#12175=CARTESIAN_POINT('',(-8.76843281597808,10.,-11.1508731280944));
#12176=CARTESIAN_POINT('',(-8.7041581269591,10.,-11.104238466894));
#12177=CARTESIAN_POINT('',(-8.59308886583587,10.,-11.048994613769));
#12178=CARTESIAN_POINT('',(-8.5498821989158,10.,-11.0307412904767));
#12179=CARTESIAN_POINT('',(-8.47064605181254,10.,-11.0116309015913));
#12180=CARTESIAN_POINT('',(-8.43369843434611,10.,-11.0061820921725));
#12181=CARTESIAN_POINT('',(-8.36479860427926,10.,-11.0050798783347));
#12182=CARTESIAN_POINT('',(-8.33122371343089,10.,-11.007903738094));
#12183=CARTESIAN_POINT('',(-8.26863558058499,10.,-11.0206993883115));
#12184=CARTESIAN_POINT('',(-8.23802999938962,10.,-11.0303561551914));
#12185=CARTESIAN_POINT('',(-8.18159109038422,10.,-11.0553940001382));
#12186=CARTESIAN_POINT('',(-8.15498017446985,10.,-11.0707964418799));
#12187=CARTESIAN_POINT('',(-8.12969940110132,10.,-11.089205906995));
#12188=CARTESIAN_POINT('',(-12.0702673015362,10.,-7.60642470512447));
#12189=CARTESIAN_POINT('',(-12.0702673015362,10.,-7.60642470512447));
#12190=CARTESIAN_POINT('',(-12.1437319548183,10.,-7.67226414520327));
#12191=CARTESIAN_POINT('',(-12.2142114931922,10.,-7.74092016292156));
#12192=CARTESIAN_POINT('',(-12.350566702161,10.,-7.88531225007697));
#12193=CARTESIAN_POINT('',(-12.4157568724223,10.,-7.96203291579383));
#12194=CARTESIAN_POINT('',(-12.5434227137669,10.,-8.1193963109796));
#12195=CARTESIAN_POINT('',(-12.6049209072252,10.,-8.20146986109507));
#12196=CARTESIAN_POINT('',(-12.7250263498937,10.,-8.36959597260606));
#12197=CARTESIAN_POINT('',(-12.7830140277827,10.,-8.45651901488977));
#12198=CARTESIAN_POINT('',(-12.8960662560293,10.,-8.63418565028046));
#12199=CARTESIAN_POINT('',(-12.9506650251476,10.,-8.72555517270948));
#12200=CARTESIAN_POINT('',(-13.0569187908038,10.,-8.911939571071));
#12201=CARTESIAN_POINT('',(-13.1083285496996,10.,-9.00724586309668));
#12202=CARTESIAN_POINT('',(-13.1575324957545,10.,-9.10380901728304));
#12203=CARTESIAN_POINT('',(-11.8782430619788,10.,-6.92602640484083));
#12204=CARTESIAN_POINT('',(-11.8782430619788,10.,-6.92602640484083));
#12205=CARTESIAN_POINT('',(-11.8625770062303,10.,-6.95309300058573));
#12206=CARTESIAN_POINT('',(-11.8500405388227,10.,-6.98116813268421));
#12207=CARTESIAN_POINT('',(-11.8310393262371,10.,-7.0399150308966));
#12208=CARTESIAN_POINT('',(-11.8246346145063,10.,-7.07136235851796));
#12209=CARTESIAN_POINT('',(-11.8184513015447,10.,-7.13494513667717));
#12210=CARTESIAN_POINT('',(-11.8191524429294,10.,-7.16863127448159));
#12211=CARTESIAN_POINT('',(-11.8274506120807,10.,-7.23703845135158));
#12212=CARTESIAN_POINT('',(-11.8367316500266,10.,-7.27321411022845));
#12213=CARTESIAN_POINT('',(-11.8640197828941,10.,-7.35001861384462));
#12214=CARTESIAN_POINT('',(-11.8866894390676,10.,-7.39108059828925));
#12215=CARTESIAN_POINT('',(-11.9532405597664,10.,-7.49576685530653));
#12216=CARTESIAN_POINT('',(-12.0063382858834,10.,-7.55481479138361));
#12217=CARTESIAN_POINT('',(-12.0702673015362,10.,-7.60642470512447));
#12218=CARTESIAN_POINT('',(-11.9372363448634,10.,-6.82384704157948));
#12219=AXIS2_PLACEMENT_3D('',#12220,#12221,#12222);
#12220=CARTESIAN_POINT('',(0.,10.,6.12323399573677E-16));
#12221=DIRECTION('',(3.08148791101958E-33,-1.,-6.12323399573677E-17));
#12222=DIRECTION('',(-0.86816264326279,3.03883724994235E-17,-0.496279784842145));
#12223=CARTESIAN_POINT('',(-12.6224906773794,10.,-6.64994576103673));
#12224=CARTESIAN_POINT('',(-12.6224906773794,10.,-6.64994576103672));
#12225=CARTESIAN_POINT('',(-12.5458306731663,10.,-6.62038656631293));
#12226=CARTESIAN_POINT('',(-12.4681447974241,10.,-6.60392655465098));
#12227=CARTESIAN_POINT('',(-12.3442082790706,10.,-6.59863472198412));
#12228=CARTESIAN_POINT('',(-12.297312729325,10.,-6.59953321606514));
#12229=CARTESIAN_POINT('',(-12.2171540116346,10.,-6.61430325158814));
#12230=CARTESIAN_POINT('',(-12.1811844530756,10.,-6.62435346639193));
#12231=CARTESIAN_POINT('',(-12.1177930155294,10.,-6.651370629537));
#12232=CARTESIAN_POINT('',(-12.088269393743,10.,-6.66760649218842));
#12233=CARTESIAN_POINT('',(-12.0362967490947,10.,-6.70475278737228));
#12234=CARTESIAN_POINT('',(-12.0122649203589,10.,-6.72602309424574));
#12235=CARTESIAN_POINT('',(-11.9708892204062,10.,-6.77185207615378));
#12236=CARTESIAN_POINT('',(-11.9528436764982,10.,-6.79674654145171));
#12237=CARTESIAN_POINT('',(-11.9372363448634,10.,-6.82384704157949));
#12238=CARTESIAN_POINT('',(-14.4628961280462,10.,-6.84285288380116));
#12239=CARTESIAN_POINT('',(-14.4628961280462,10.,-6.84285288380116));
#12240=CARTESIAN_POINT('',(-14.3546680104238,10.,-6.84852259364435));
#12241=CARTESIAN_POINT('',(-14.2464254609412,10.,-6.85165358245094));
#12242=CARTESIAN_POINT('',(-14.0318849542629,10.,-6.85282732132571));
#12243=CARTESIAN_POINT('',(-13.9254572421486,10.,-6.8512281614684));
#12244=CARTESIAN_POINT('',(-13.7150673083721,10.,-6.8421553775478));
#12245=CARTESIAN_POINT('',(-13.6107959066356,10.,-6.83539809653128));
#12246=CARTESIAN_POINT('',(-13.4051417016934,10.,-6.81544678780309));
#12247=CARTESIAN_POINT('',(-13.3033148255854,10.,-6.80322456503909));
#12248=CARTESIAN_POINT('',(-13.1032012070565,10.,-6.77134440083206));
#12249=CARTESIAN_POINT('',(-13.0041640764198,10.,-6.75324839016718));
#12250=CARTESIAN_POINT('',(-12.8109392563533,10.,-6.70735735883953));
#12251=CARTESIAN_POINT('',(-12.7162416316997,10.,-6.68064829701988));
#12252=CARTESIAN_POINT('',(-12.6224906773794,10.,-6.64994576103672));
#12253=CARTESIAN_POINT('',(-14.7627971679646,10.,-6.16926411961225));
#12254=AXIS2_PLACEMENT_3D('',#12255,#12256,#12257);
#12255=CARTESIAN_POINT('',(0.,10.,6.12323399573677E-16));
#12256=DIRECTION('',(0.,1.,6.12323399573677E-17));
#12257=DIRECTION('',(-0.903931008002888,2.61877433786979E-17,-0.427678305237573));
#12258=CARTESIAN_POINT('',(-13.3879676227337,10.,-4.93065639219514));
#12259=CARTESIAN_POINT('',(-13.3879676227337,10.,-4.93065639219514));
#12260=CARTESIAN_POINT('',(-13.4735156863897,10.,-4.97978292226265));
#12261=CARTESIAN_POINT('',(-13.5567294664795,10.,-5.03228512127836));
#12262=CARTESIAN_POINT('',(-13.7201257899612,10.,-5.14517205284585));
#12263=CARTESIAN_POINT('',(-13.7998425219235,10.,-5.20666238941978));
#12264=CARTESIAN_POINT('',(-13.9574362478963,10.,-5.33404379593044));
#12265=CARTESIAN_POINT('',(-14.0346546088529,10.,-5.40153764867544));
#12266=CARTESIAN_POINT('',(-14.187090843549,10.,-5.541018475609));
#12267=CARTESIAN_POINT('',(-14.2618836682405,10.,-5.61398572471079));
#12268=CARTESIAN_POINT('',(-14.4094044046235,10.,-5.76426503792318));
#12269=CARTESIAN_POINT('',(-14.481806851537,10.,-5.84228619466337));
#12270=CARTESIAN_POINT('',(-14.6244902128879,10.,-6.00250624666158));
#12271=CARTESIAN_POINT('',(-14.6945918375268,10.,-6.08504117764476));
#12272=CARTESIAN_POINT('',(-14.7627971679646,10.,-6.16926411961225));
#12273=CARTESIAN_POINT('',(-13.0586768124864,10.,-4.30505051155371));
#12274=CARTESIAN_POINT('',(-13.0586768124864,10.,-4.30505051155371));
#12275=CARTESIAN_POINT('',(-13.0489805593291,10.,-4.33478279338074));
#12276=CARTESIAN_POINT('',(-13.0425551919972,10.,-4.36485089461875));
#12277=CARTESIAN_POINT('',(-13.0361833684332,10.,-4.42626460639201));
#12278=CARTESIAN_POINT('',(-13.0364568820778,10.,-4.45835634889948));
#12279=CARTESIAN_POINT('',(-13.0436282922538,10.,-4.52183527385659));
#12280=CARTESIAN_POINT('',(-13.0513178538851,10.,-4.55463951323718));
#12281=CARTESIAN_POINT('',(-13.073657339938,10.,-4.6198265427866));
#12282=CARTESIAN_POINT('',(-13.0902569073406,10.,-4.65328204043009));
#12283=CARTESIAN_POINT('',(-13.1329172832427,10.,-4.72273465952406));
#12284=CARTESIAN_POINT('',(-13.1636288196525,10.,-4.75818605454466));
#12285=CARTESIAN_POINT('',(-13.250491135392,10.,-4.8467479096456));
#12286=CARTESIAN_POINT('',(-13.3147053050269,10.,-4.89346586863213));
#12287=CARTESIAN_POINT('',(-13.3879676227337,10.,-4.93065639219514));
#12288=CARTESIAN_POINT('',(-13.095136666417,10.,-4.1928386193437));
#12289=AXIS2_PLACEMENT_3D('',#12290,#12291,#12292);
#12290=CARTESIAN_POINT('',(0.,10.,6.12323399573677E-16));
#12291=DIRECTION('',(0.,-1.,-6.12323399573677E-17));
#12292=DIRECTION('',(-0.952373575739421,1.86718050709843E-17,-0.304933717770451));
#12293=CARTESIAN_POINT('',(-13.7292604383871,10.,-3.88026511210265));
#12294=CARTESIAN_POINT('',(-13.7292604383871,10.,-3.88026511210265));
#12295=CARTESIAN_POINT('',(-13.6481299370395,10.,-3.86729036779798));
#12296=CARTESIAN_POINT('',(-13.5687194552158,10.,-3.86734184866104));
#12297=CARTESIAN_POINT('',(-13.4463910132678,10.,-3.88793350631941));
#12298=CARTESIAN_POINT('',(-13.4007070512226,10.,-3.89856249918846));
#12299=CARTESIAN_POINT('',(-13.3253708568949,10.,-3.92967570852683));
#12300=CARTESIAN_POINT('',(-13.2922768766439,10.,-3.94698479376198));
#12301=CARTESIAN_POINT('',(-13.2358878781716,10.,-3.98659138803457));
#12302=CARTESIAN_POINT('',(-13.210385044012,10.,-4.00861076425756));
#12303=CARTESIAN_POINT('',(-13.1672712753848,10.,-4.0557510441929));
#12304=CARTESIAN_POINT('',(-13.1481869452319,10.,-4.08155304197396));
#12305=CARTESIAN_POINT('',(-13.1172437847114,10.,-4.1349830424073));
#12306=CARTESIAN_POINT('',(-13.1047684296059,10.,-4.16308538345569));
#12307=CARTESIAN_POINT('',(-13.095136666417,10.,-4.1928386193437));
#12308=CARTESIAN_POINT('',(-15.5695562603989,10.,-3.6863149423608));
#12309=CARTESIAN_POINT('',(-15.5695562603989,10.,-3.6863149423608));
#12310=CARTESIAN_POINT('',(-15.4648719857746,10.,-3.71436264636966));
#12311=CARTESIAN_POINT('',(-15.3596457648775,10.,-3.73993010704012));
#12312=CARTESIAN_POINT('',(-15.150037517044,10.,-3.78568367639674));
#12313=CARTESIAN_POINT('',(-15.045603021758,10.,-3.80624702759468));
#12314=CARTESIAN_POINT('',(-14.8379242749706,10.,-3.84111503263327));
#12315=CARTESIAN_POINT('',(-14.7345265358155,10.,-3.85618465785844));
#12316=CARTESIAN_POINT('',(-14.5292182583387,10.,-3.87942724656779));
#12317=CARTESIAN_POINT('',(-14.4270754007831,10.,-3.88864310667784));
#12318=CARTESIAN_POINT('',(-14.224706486101,10.,-3.89906556133174));
#12319=CARTESIAN_POINT('',(-14.1240711822108,10.,-3.90195596920145));
#12320=CARTESIAN_POINT('',(-13.9255275061438,10.,-3.89724146606109));
#12321=CARTESIAN_POINT('',(-13.8273461255906,10.,-3.89080480458252));
#12322=CARTESIAN_POINT('',(-13.7292604383871,10.,-3.88026511210265));
#12323=AXIS2_PLACEMENT_3D('',#12324,#12325,#12326);
#12324=CARTESIAN_POINT('',(0.,10.,6.12323399573677E-16));
#12325=DIRECTION('',(0.,1.,6.12323399573677E-17));
#12326=DIRECTION('',(-0.973097266274933,1.4107605608785E-17,-0.23039468389755));
#12327=CARTESIAN_POINT('',(5.8561575435694,10.,2.05314851506051));
#12328=AXIS2_PLACEMENT_3D('',#12329,#12330,#12331);
#12329=CARTESIAN_POINT('',(5.3561575435694,10.,2.91917391884495));
#12330=DIRECTION('',(0.,1.,6.12323399573677E-17));
#12331=DIRECTION('',(0.5,5.30287619362454E-17,-0.866025403784439));
#12332=CARTESIAN_POINT('',(2.05314851506056,10.,5.85615754356937));
#12333=AXIS2_PLACEMENT_3D('',#12334,#12335,#12336);
#12334=CARTESIAN_POINT('',(2.919173918845,10.,5.35615754356938));
#12335=DIRECTION('',(0.,1.,6.12323399573677E-17));
#12336=DIRECTION('',(-0.478553101450004,5.37655835365669E-17,-0.878058613699895));
#12337=CARTESIAN_POINT('',(3.29089653438094,10.,8.));
#12338=CARTESIAN_POINT('',(3.29089653438094,10.,8.));
#12339=VECTOR('',#12340,1.);
#12340=DIRECTION('',(-0.5,0.,-0.866025403784439));
#12341=CARTESIAN_POINT('',(1.64544826719047,10.,10.8500000000001));
#12342=CARTESIAN_POINT('',(1.64544826719047,10.,10.8500000000001));
#12343=VECTOR('',#12344,1.);
#12344=DIRECTION('',(0.5,0.,-0.866025403784439));
#12345=CARTESIAN_POINT('',(-1.64544826719047,10.,10.8500000000001));
#12346=CARTESIAN_POINT('',(-1.64544826719047,10.,10.8500000000001));
#12347=VECTOR('',#12348,1.);
#12348=DIRECTION('',(1.,0.,0.));
#12349=CARTESIAN_POINT('',(-3.29089653438093,10.,8.));
#12350=CARTESIAN_POINT('',(-3.29089653438093,10.,8.));
#12351=VECTOR('',#12352,1.);
#12352=DIRECTION('',(0.5,0.,0.866025403784439));
#12353=CARTESIAN_POINT('',(-2.05314851506056,10.,5.85615754356937));
#12354=CARTESIAN_POINT('',(-2.05314851506056,10.,5.85615754356937));
#12355=VECTOR('',#12356,1.);
#12356=DIRECTION('',(-0.5,0.,0.866025403784439));
#12357=AXIS2_PLACEMENT_3D('',#12358,#12359,#12360);
#12358=CARTESIAN_POINT('',(-2.919173918845,10.,5.35615754356937));
#12359=DIRECTION('',(0.,1.,6.12323399573677E-17));
#12360=DIRECTION('',(0.866025403784439,-3.06161699786838E-17,0.5));
#12361=CARTESIAN_POINT('',(-5.8561575435694,10.,2.05314851506051));
#12362=AXIS2_PLACEMENT_3D('',#12363,#12364,#12365);
#12363=CARTESIAN_POINT('',(-5.3561575435694,10.,2.91917391884495));
#12364=DIRECTION('',(0.,1.,6.12323399573677E-17));
#12365=DIRECTION('',(0.878058613699901,2.93029261956387E-17,-0.478553101449994));
#12366=CARTESIAN_POINT('',(-8.,10.,3.29089653438087));
#12367=CARTESIAN_POINT('',(-8.,10.,3.29089653438087));
#12368=VECTOR('',#12369,1.);
#12369=DIRECTION('',(0.866025403784439,0.,-0.5));
#12370=CARTESIAN_POINT('',(-10.85,10.,1.64544826719043));
#12371=CARTESIAN_POINT('',(-10.85,10.,1.64544826719043));
#12372=VECTOR('',#12373,1.);
#12373=DIRECTION('',(0.866025403784439,0.,0.5));
#12374=CARTESIAN_POINT('',(-10.85,10.,-1.64544826719043));
#12375=CARTESIAN_POINT('',(-10.85,10.,-1.64544826719043));
#12376=VECTOR('',#12377,1.);
#12377=DIRECTION('',(0.,0.,1.));
#12378=CARTESIAN_POINT('',(-8.,10.,-3.29089653438087));
#12379=CARTESIAN_POINT('',(-8.,10.,-3.29089653438087));
#12380=VECTOR('',#12381,1.);
#12381=DIRECTION('',(-0.866025403784439,0.,0.5));
#12382=CARTESIAN_POINT('',(-5.8561575435694,10.,-2.05314851506051));
#12383=CARTESIAN_POINT('',(-5.8561575435694,10.,-2.05314851506051));
#12384=VECTOR('',#12385,1.);
#12385=DIRECTION('',(-0.866025403784439,0.,-0.5));
#12386=AXIS2_PLACEMENT_3D('',#12387,#12388,#12389);
#12387=CARTESIAN_POINT('',(-5.3561575435694,10.,-2.91917391884495));
#12388=DIRECTION('',(0.,1.,6.12323399573677E-17));
#12389=DIRECTION('',(-0.5,-5.30287619362453E-17,0.866025403784439));
#12390=CARTESIAN_POINT('',(-2.05314851506051,10.,-5.8561575435694));
#12391=AXIS2_PLACEMENT_3D('',#12392,#12393,#12394);
#12392=CARTESIAN_POINT('',(-2.91917391884495,10.,-5.3561575435694));
#12393=DIRECTION('',(0.,1.,6.12323399573677E-17));
#12394=DIRECTION('',(0.478553101449993,-5.37655835365673E-17,0.878058613699902));
#12395=CARTESIAN_POINT('',(-3.29089653438087,10.,-8.));
#12396=CARTESIAN_POINT('',(-3.29089653438087,10.,-8.));
#12397=VECTOR('',#12398,1.);
#12398=DIRECTION('',(0.5,0.,0.866025403784438));
#12399=CARTESIAN_POINT('',(-1.64544826719043,10.,-10.85));
#12400=CARTESIAN_POINT('',(-1.64544826719043,10.,-10.85));
#12401=VECTOR('',#12402,1.);
#12402=DIRECTION('',(-0.5,0.,0.866025403784439));
#12403=CARTESIAN_POINT('',(1.64544826719043,10.,-10.85));
#12404=CARTESIAN_POINT('',(1.64544826719043,10.,-10.85));
#12405=VECTOR('',#12406,1.);
#12406=DIRECTION('',(-1.,0.,5.39778999686615E-16));
#12407=CARTESIAN_POINT('',(3.29089653438087,10.,-8.));
#12408=CARTESIAN_POINT('',(3.29089653438087,10.,-8.));
#12409=VECTOR('',#12410,1.);
#12410=DIRECTION('',(-0.5,0.,-0.866025403784439));
#12411=CARTESIAN_POINT('',(2.05314851506051,10.,-5.8561575435694));
#12412=CARTESIAN_POINT('',(2.05314851506051,10.,-5.8561575435694));
#12413=VECTOR('',#12414,1.);
#12414=DIRECTION('',(0.499999999999999,0.,-0.866025403784439));
#12415=AXIS2_PLACEMENT_3D('',#12416,#12417,#12418);
#12416=CARTESIAN_POINT('',(2.91917391884495,10.,-5.3561575435694));
#12417=DIRECTION('',(0.,1.,6.12323399573677E-17));
#12418=DIRECTION('',(-0.866025403784439,3.06161699786838E-17,-0.499999999999999));
#12419=CARTESIAN_POINT('',(5.8561575435694,10.,-2.05314851506051));
#12420=AXIS2_PLACEMENT_3D('',#12421,#12422,#12423);
#12421=CARTESIAN_POINT('',(5.3561575435694,10.,-2.91917391884495));
#12422=DIRECTION('',(0.,1.,6.12323399573677E-17));
#12423=DIRECTION('',(-0.878058613699902,-2.93029261956386E-17,0.478553101449992));
#12424=CARTESIAN_POINT('',(8.,10.,-3.29089653438086));
#12425=CARTESIAN_POINT('',(8.,10.,-3.29089653438086));
#12426=VECTOR('',#12427,1.);
#12427=DIRECTION('',(-0.866025403784439,0.,0.5));
#12428=CARTESIAN_POINT('',(10.85,10.,-1.64544826719043));
#12429=CARTESIAN_POINT('',(10.85,10.,-1.64544826719043));
#12430=VECTOR('',#12431,1.);
#12431=DIRECTION('',(-0.866025403784439,0.,-0.5));
#12432=CARTESIAN_POINT('',(10.85,10.,1.64544826719043));
#12433=CARTESIAN_POINT('',(10.85,10.,1.64544826719043));
#12434=VECTOR('',#12435,1.);
#12435=DIRECTION('',(-1.07955799937323E-15,0.,-1.));
#12436=CARTESIAN_POINT('',(8.,10.,3.29089653438087));
#12437=CARTESIAN_POINT('',(8.,10.,3.29089653438087));
#12438=VECTOR('',#12439,1.);
#12439=DIRECTION('',(0.866025403784439,0.,-0.5));
#12440=CARTESIAN_POINT('',(5.8561575435694,10.,2.05314851506051));
#12441=VECTOR('',#12442,1.);
#12442=DIRECTION('',(0.866025403784439,0.,0.499999999999999));
#12443=CARTESIAN_POINT('',(-8.12969940110132,6.79018025954367E-16,-11.089205906995));
#12444=VECTOR('',#12445,1.);
#12445=DIRECTION('',(0.,1.,0.));
#12446=CARTESIAN_POINT('',(13.1575324957039,-5.574475286577E-16,9.10380901735614));
#12447=VECTOR('',#12448,1.);
#12448=DIRECTION('',(0.,1.,0.));
#12449=CARTESIAN_POINT('',(8.12969940110132,-6.79018025954367E-16,11.089205906995));
#12450=VECTOR('',#12451,1.);
#12451=DIRECTION('',(0.,1.,0.));
#12452=CARTESIAN_POINT('',(5.8561575435694,7.4,2.05314851506051));
#12453=CARTESIAN_POINT('',(5.8561575435694,10.,2.05314851506051));
#12454=VECTOR('',#12455,1.);
#12455=DIRECTION('',(0.,-1.,0.));
#12456=AXIS2_PLACEMENT_3D('',#12457,#12458,#12459);
#12457=CARTESIAN_POINT('',(5.3561575435694,7.4,2.91917391884495));
#12458=DIRECTION('',(0.,-1.,-6.12323399573677E-17));
#12459=DIRECTION('',(-0.878058613699902,2.93029261956386E-17,-0.478553101449993));
#12460=CARTESIAN_POINT('',(8.,7.4,3.29089653438087));
#12461=CARTESIAN_POINT('',(5.8561575435694,7.4,2.05314851506051));
#12462=VECTOR('',#12463,1.);
#12463=DIRECTION('',(0.866025403784439,0.,0.499999999999999));
#12464=CARTESIAN_POINT('',(10.85,7.4,1.64544826719043));
#12465=CARTESIAN_POINT('',(8.,7.4,3.29089653438087));
#12466=VECTOR('',#12467,1.);
#12467=DIRECTION('',(0.866025403784439,0.,-0.5));
#12468=CARTESIAN_POINT('',(10.85,7.4,-1.64544826719043));
#12469=CARTESIAN_POINT('',(10.85,7.4,1.64544826719043));
#12470=VECTOR('',#12471,1.);
#12471=DIRECTION('',(-1.07955799937323E-15,0.,-1.));
#12472=CARTESIAN_POINT('',(8.,7.4,-3.29089653438087));
#12473=CARTESIAN_POINT('',(10.85,7.4,-1.64544826719043));
#12474=VECTOR('',#12475,1.);
#12475=DIRECTION('',(-0.866025403784439,0.,-0.5));
#12476=CARTESIAN_POINT('',(5.8561575435694,7.4,-2.05314851506051));
#12477=CARTESIAN_POINT('',(8.,7.4,-3.29089653438087));
#12478=VECTOR('',#12479,1.);
#12479=DIRECTION('',(-0.866025403784438,0.,0.5));
#12480=AXIS2_PLACEMENT_3D('',#12481,#12482,#12483);
#12481=CARTESIAN_POINT('',(5.3561575435694,7.4,-2.91917391884495));
#12482=DIRECTION('',(0.,-1.,-6.12323399573677E-17));
#12483=DIRECTION('',(0.5,-5.30287619362453E-17,0.866025403784439));
#12484=CARTESIAN_POINT('',(6.4,7.40000000000001,-1.34711147906209E-16));
#12485=AXIS2_PLACEMENT_3D('',#12486,#12487,#12488);
#12486=CARTESIAN_POINT('',(8.,7.4,-5.26598123633362E-16));
#12487=DIRECTION('',(0.,-1.,-6.12323399573677E-17));
#12488=DIRECTION('',(-1.,-7.49879891330929E-33,1.22464679914735E-16));
#12489=CARTESIAN_POINT('',(5.8561575435694,10.,-2.05314851506051));
#12490=VECTOR('',#12491,1.);
#12491=DIRECTION('',(0.,-1.,-3.41607084500048E-16));
#12492=CARTESIAN_POINT('',(2.05314851506051,7.4,-5.8561575435694));
#12493=CARTESIAN_POINT('',(2.05314851506051,10.,-5.8561575435694));
#12494=VECTOR('',#12495,1.);
#12495=DIRECTION('',(-1.70803542250024E-16,-1.,3.41607084500049E-16));
#12496=AXIS2_PLACEMENT_3D('',#12497,#12498,#12499);
#12497=CARTESIAN_POINT('',(2.91917391884495,7.4,-5.3561575435694));
#12498=DIRECTION('',(0.,-1.,-6.12323399573676E-17));
#12499=DIRECTION('',(-0.478553101449991,-5.37655835365674E-17,0.878058613699902));
#12500=CARTESIAN_POINT('',(-2.05314851506051,7.4,-5.8561575435694));
#12501=AXIS2_PLACEMENT_3D('',#12502,#12503,#12504);
#12502=CARTESIAN_POINT('',(-2.91917391884495,7.4,-5.3561575435694));
#12503=DIRECTION('',(0.,-1.,-6.12323399573677E-17));
#12504=DIRECTION('',(0.866025403784439,3.06161699786838E-17,-0.5));
#12505=CARTESIAN_POINT('',(3.29089653438087,7.4,-8.));
#12506=CARTESIAN_POINT('',(2.05314851506051,7.4,-5.8561575435694));
#12507=VECTOR('',#12508,1.);
#12508=DIRECTION('',(0.499999999999999,3.58788059377312E-16,-0.866025403784439));
#12509=CARTESIAN_POINT('',(1.64544826719043,7.4,-10.85));
#12510=CARTESIAN_POINT('',(3.29089653438087,7.4,-8.));
#12511=VECTOR('',#12512,1.);
#12512=DIRECTION('',(-0.5,0.,-0.866025403784439));
#12513=CARTESIAN_POINT('',(-1.64544826719043,7.4,-10.85));
#12514=CARTESIAN_POINT('',(1.64544826719043,7.4,-10.85));
#12515=VECTOR('',#12516,1.);
#12516=DIRECTION('',(-1.,0.,5.39778999686615E-16));
#12517=CARTESIAN_POINT('',(-3.29089653438087,7.4,-8.));
#12518=CARTESIAN_POINT('',(-1.64544826719043,7.4,-10.85));
#12519=VECTOR('',#12520,1.);
#12520=DIRECTION('',(-0.5,0.,0.866025403784439));
#12521=CARTESIAN_POINT('',(-3.29089653438087,7.4,-8.));
#12522=VECTOR('',#12523,1.);
#12523=DIRECTION('',(0.500000000000001,-3.58788059377313E-16,0.866025403784438));
#12524=CARTESIAN_POINT('',(-1.6,7.40000000000001,-8.));
#12525=AXIS2_PLACEMENT_3D('',#12526,#12527,#12528);
#12526=CARTESIAN_POINT('',(-9.15390196177573E-17,7.4,-8.));
#12527=DIRECTION('',(0.,-1.,-6.12323399573677E-17));
#12528=DIRECTION('',(-1.,-7.49879891330929E-33,1.22464679914735E-16));
#12529=CARTESIAN_POINT('',(-2.05314851506051,10.,-5.8561575435694));
#12530=VECTOR('',#12531,1.);
#12531=DIRECTION('',(0.,-1.,0.));
#12532=CARTESIAN_POINT('',(-5.8561575435694,7.4,-2.05314851506051));
#12533=CARTESIAN_POINT('',(-5.8561575435694,10.,-2.05314851506051));
#12534=VECTOR('',#12535,1.);
#12535=DIRECTION('',(0.,-1.,0.));
#12536=AXIS2_PLACEMENT_3D('',#12537,#12538,#12539);
#12537=CARTESIAN_POINT('',(-5.3561575435694,7.4,-2.91917391884495));
#12538=DIRECTION('',(0.,-1.,-6.12323399573677E-17));
#12539=DIRECTION('',(0.878058613699902,-2.93029261956386E-17,0.478553101449992));
#12540=CARTESIAN_POINT('',(-5.8561575435694,7.4,2.05314851506051));
#12541=AXIS2_PLACEMENT_3D('',#12542,#12543,#12544);
#12542=CARTESIAN_POINT('',(-5.3561575435694,7.4,2.91917391884495));
#12543=DIRECTION('',(0.,-1.,-6.12323399573677E-17));
#12544=DIRECTION('',(-0.499999999999998,5.30287619362454E-17,-0.86602540378444));
#12545=CARTESIAN_POINT('',(-8.,7.4,-3.29089653438087));
#12546=CARTESIAN_POINT('',(-5.8561575435694,7.4,-2.05314851506051));
#12547=VECTOR('',#12548,1.);
#12548=DIRECTION('',(-0.866025403784439,0.,-0.5));
#12549=CARTESIAN_POINT('',(-10.85,7.4,-1.64544826719043));
#12550=CARTESIAN_POINT('',(-8.,7.4,-3.29089653438087));
#12551=VECTOR('',#12552,1.);
#12552=DIRECTION('',(-0.866025403784439,0.,0.5));
#12553=CARTESIAN_POINT('',(-10.85,7.4,1.64544826719043));
#12554=CARTESIAN_POINT('',(-10.85,7.4,-1.64544826719043));
#12555=VECTOR('',#12556,1.);
#12556=DIRECTION('',(0.,0.,1.));
#12557=CARTESIAN_POINT('',(-8.,7.4,3.29089653438087));
#12558=CARTESIAN_POINT('',(-10.85,7.4,1.64544826719043));
#12559=VECTOR('',#12560,1.);
#12560=DIRECTION('',(0.866025403784439,0.,0.5));
#12561=CARTESIAN_POINT('',(-8.,7.4,3.29089653438087));
#12562=VECTOR('',#12563,1.);
#12563=DIRECTION('',(0.866025403784439,0.,-0.5));
#12564=CARTESIAN_POINT('',(-9.6,7.40000000000001,1.33486501107062E-15));
#12565=AXIS2_PLACEMENT_3D('',#12566,#12567,#12568);
#12566=CARTESIAN_POINT('',(-8.,7.4,9.42978035343462E-16));
#12567=DIRECTION('',(0.,-1.,-6.12323399573677E-17));
#12568=DIRECTION('',(-1.,-7.49879891330929E-33,1.22464679914735E-16));
#12569=CARTESIAN_POINT('',(-5.8561575435694,10.,2.05314851506051));
#12570=VECTOR('',#12571,1.);
#12571=DIRECTION('',(0.,-1.,0.));
#12572=CARTESIAN_POINT('',(-2.05314851506056,7.4,5.85615754356937));
#12573=CARTESIAN_POINT('',(-2.05314851506056,10.,5.85615754356937));
#12574=VECTOR('',#12575,1.);
#12575=DIRECTION('',(-1.70803542250024E-16,-1.,0.));
#12576=AXIS2_PLACEMENT_3D('',#12577,#12578,#12579);
#12577=CARTESIAN_POINT('',(-2.919173918845,7.4,5.35615754356937));
#12578=DIRECTION('',(0.,-1.,-6.12323399573677E-17));
#12579=DIRECTION('',(0.478553101449997,5.37655835365672E-17,-0.878058613699899));
#12580=CARTESIAN_POINT('',(2.05314851506056,7.4,5.85615754356937));
#12581=AXIS2_PLACEMENT_3D('',#12582,#12583,#12584);
#12582=CARTESIAN_POINT('',(2.919173918845,7.4,5.35615754356937));
#12583=DIRECTION('',(3.08148791101958E-33,-1.,-6.12323399573677E-17));
#12584=DIRECTION('',(-0.866025403784439,-3.06161699786838E-17,0.5));
#12585=CARTESIAN_POINT('',(-3.29089653438093,7.4,8.));
#12586=CARTESIAN_POINT('',(-2.05314851506056,7.4,5.85615754356937));
#12587=VECTOR('',#12588,1.);
#12588=DIRECTION('',(-0.5,-3.58788059377308E-16,0.866025403784439));
#12589=CARTESIAN_POINT('',(-1.64544826719047,7.4,10.8500000000001));
#12590=CARTESIAN_POINT('',(-3.29089653438093,7.4,8.));
#12591=VECTOR('',#12592,1.);
#12592=DIRECTION('',(0.5,0.,0.866025403784439));
#12593=CARTESIAN_POINT('',(1.64544826719047,7.4,10.8500000000001));
#12594=CARTESIAN_POINT('',(-1.64544826719047,7.4,10.8500000000001));
#12595=VECTOR('',#12596,1.);
#12596=DIRECTION('',(1.,0.,0.));
#12597=CARTESIAN_POINT('',(3.29089653438094,7.4,8.));
#12598=CARTESIAN_POINT('',(1.64544826719047,7.4,10.8500000000001));
#12599=VECTOR('',#12600,1.);
#12600=DIRECTION('',(0.5,0.,-0.866025403784439));
#12601=CARTESIAN_POINT('',(3.29089653438094,7.4,8.));
#12602=VECTOR('',#12603,1.);
#12603=DIRECTION('',(-0.5,3.58788059377308E-16,-0.866025403784439));
#12604=CARTESIAN_POINT('',(-1.6,7.40000000000001,8.));
#12605=AXIS2_PLACEMENT_3D('',#12606,#12607,#12608);
#12606=CARTESIAN_POINT('',(1.46957615897682E-15,7.4,8.));
#12607=DIRECTION('',(0.,-1.,-6.12323399573677E-17));
#12608=DIRECTION('',(-1.,-7.49879891330929E-33,1.22464679914735E-16));
#12609=CARTESIAN_POINT('',(2.05314851506056,10.,5.85615754356938));
#12610=VECTOR('',#12611,1.);
#12611=DIRECTION('',(0.,-1.,-6.83214169000096E-16));
#12612=CARTESIAN_POINT('',(-14.1205495162215,1.24876911721551E-16,-2.0393947350125));
#12613=VECTOR('',#12614,1.);
#12614=DIRECTION('',(0.,1.,4.44089209850063E-17));
#12615=CARTESIAN_POINT('',(-15.7228567641676,1.81559568898028E-16,-2.96509277653667));
#12616=VECTOR('',#12617,1.);
#12617=DIRECTION('',(0.,1.,4.44089209850063E-17));
#12618=CARTESIAN_POINT('',(-15.5695562604411,2.25721689729657E-16,-3.68631494218273));
#12619=VECTOR('',#12620,1.);
#12620=DIRECTION('',(0.,1.,4.44089209850063E-17));
#12621=CARTESIAN_POINT('',(-13.7292604383871,2.37597712468983E-16,-3.88026511210265));
#12622=VECTOR('',#12623,1.);
#12623=DIRECTION('',(0.,1.,4.44089209850063E-17));
#12624=CARTESIAN_POINT('',(-13.095136666417,2.56737319726033E-16,-4.1928386193437));
#12625=VECTOR('',#12626,1.);
#12626=DIRECTION('',(0.,1.,8.88178419700125E-17));
#12627=CARTESIAN_POINT('',(-13.0586768124864,2.63608316457096E-16,-4.30505051155371));
#12628=VECTOR('',#12629,1.);
#12629=DIRECTION('',(0.,1.,8.88178419700125E-17));
#12630=CARTESIAN_POINT('',(-13.3879676227337,3.01915628419861E-16,-4.93065639219514));
#12631=VECTOR('',#12632,1.);
#12632=DIRECTION('',(0.,1.,8.88178419700125E-17));
#12633=CARTESIAN_POINT('',(-14.7627971655821,3.77758478207988E-16,-6.16926412531348));
#12634=VECTOR('',#12635,1.);
#12635=DIRECTION('',(0.,1.,8.88178419700125E-17));
#12636=CARTESIAN_POINT('',(-14.4628961288208,4.19003893958919E-16,-6.84285288216399));
#12637=VECTOR('',#12638,1.);
#12638=DIRECTION('',(0.,1.,8.88178419700125E-17));
#12639=CARTESIAN_POINT('',(-12.6224906773794,4.07191739537857E-16,-6.64994576103673));
#12640=VECTOR('',#12641,1.);
#12641=DIRECTION('',(0.,1.,8.88178419700125E-17));
#12642=CARTESIAN_POINT('',(-11.9372363448634,4.17840121867073E-16,-6.82384704157948));
#12643=VECTOR('',#12644,1.);
#12644=DIRECTION('',(0.,1.,8.88178419700125E-17));
#12645=CARTESIAN_POINT('',(-11.8782430619788,4.24096803374919E-16,-6.92602640484083));
#12646=VECTOR('',#12647,1.);
#12647=DIRECTION('',(0.,1.,8.88178419700125E-17));
#12648=CARTESIAN_POINT('',(-12.0702673015362,4.65759183404301E-16,-7.60642470512447));
#12649=VECTOR('',#12650,1.);
#12650=DIRECTION('',(0.,1.,8.88178419700125E-17));
#12651=CARTESIAN_POINT('',(-8.03424626428617,6.83264535470754E-16,-11.1585566703227));
#12652=VECTOR('',#12653,1.);
#12653=DIRECTION('',(0.,1.,0.));
#12654=CARTESIAN_POINT('',(-7.93292621547921,7.26107460987102E-16,-11.8582347415213));
#12655=VECTOR('',#12656,1.);
#12656=DIRECTION('',(0.,1.,0.));
#12657=CARTESIAN_POINT('',(-8.31715132638845,8.3694774645467E-16,-13.6683939734687));
#12658=VECTOR('',#12659,1.);
#12659=DIRECTION('',(0.,1.,0.));
#12660=CARTESIAN_POINT('',(-7.67860074677431,8.59522110901762E-16,-14.0370613225004));
#12661=VECTOR('',#12662,1.);
#12662=DIRECTION('',(0.,1.,0.));
#12663=CARTESIAN_POINT('',(-6.30306942245706,7.83726986231998E-16,-12.7992329997132));
#12664=VECTOR('',#12665,1.);
#12665=DIRECTION('',(0.,1.,0.));
#12666=CARTESIAN_POINT('',(-5.64647041392469,7.67678400221376E-16,-12.5371397002934));
#12667=VECTOR('',#12668,1.);
#12668=DIRECTION('',(0.,1.,0.));
#12669=CARTESIAN_POINT('',(-5.53868432270347,7.70616907131422E-16,-12.5851291599824));
#12670=VECTOR('',#12671,1.);
#12671=DIRECTION('',(0.,1.,0.));
#12672=CARTESIAN_POINT('',(-5.29410710924571,8.11233714565452E-16,-13.2484519639502));
#12673=VECTOR('',#12674,1.);
#12674=DIRECTION('',(0.,1.,0.));
#12675=CARTESIAN_POINT('',(-5.29358271109604,9.24543412795158E-16,-15.0989397667778));
#12676=VECTOR('',#12677,1.);
#12677=DIRECTION('',(0.,1.,0.));
#12678=CARTESIAN_POINT('',(-4.59233574910375,9.38495137158001E-16,-15.3267887167372));
#12679=VECTOR('',#12680,1.);
#12680=DIRECTION('',(0.,1.,0.));
#12681=CARTESIAN_POINT('',(-3.50422205869415,8.4684453958243E-16,-13.8300208708672));
#12682=VECTOR('',#12683,1.);
#12683=DIRECTION('',(0.,1.,0.));
#12684=CARTESIAN_POINT('',(-2.9164635748884,8.22787544669043E-16,-13.4371403288181));
#12685=VECTOR('',#12686,1.);
#12686=DIRECTION('',(0.,1.,0.));
#12687=CARTESIAN_POINT('',(-2.80105529866252,8.24289622120259E-16,-13.4616711152009));
#12688=VECTOR('',#12689,1.);
#12689=DIRECTION('',(0.,1.,0.));
#12690=CARTESIAN_POINT('',(-2.42391011839373,8.60905162086037E-16,-14.0596482624285));
#12691=VECTOR('',#12692,1.);
#12692=DIRECTION('',(0.,1.,0.));
#12693=CARTESIAN_POINT('',(-2.03865913363067,9.71732095463396E-16,-15.8695894381948));
#12694=VECTOR('',#12695,1.);
#12695=DIRECTION('',(0.,1.,0.));
#12696=CARTESIAN_POINT('',(-1.30536363232519,9.76451422712222E-16,-15.9466619010815));
#12697=VECTOR('',#12698,1.);
#12698=DIRECTION('',(0.,1.,0.));
#12699=CARTESIAN_POINT('',(-0.552223375843265,8.72950922942158E-16,-14.2563704661612));
#12700=VECTOR('',#12701,1.);
#12701=DIRECTION('',(0.,1.,0.));
#12702=CARTESIAN_POINT('',(-0.0589932828845594,8.41936925241991E-16,-13.7498734464203));
#12703=VECTOR('',#12704,1.);
#12704=DIRECTION('',(0.,1.,0.));
#12705=CARTESIAN_POINT('',(0.058993282884562,8.41936925241991E-16,-13.7498734464203));
#12706=VECTOR('',#12707,1.);
#12707=DIRECTION('',(0.,1.,0.));
#12708=CARTESIAN_POINT('',(0.552223375843267,8.72950922942158E-16,-14.2563704661612));
#12709=VECTOR('',#12710,1.);
#12710=DIRECTION('',(0.,1.,0.));
#12711=CARTESIAN_POINT('',(1.30536363332584,9.76451422707207E-16,-15.9466619009995));
#12712=VECTOR('',#12713,1.);
#12713=DIRECTION('',(0.,1.,0.));
#12714=CARTESIAN_POINT('',(2.03865912501073,9.71732095531201E-16,-15.8695894393022));
#12715=VECTOR('',#12716,1.);
#12716=DIRECTION('',(0.,1.,0.));
#12717=CARTESIAN_POINT('',(2.42391011839373,8.60905162086037E-16,-14.0596482624285));
#12718=VECTOR('',#12719,1.);
#12719=DIRECTION('',(0.,1.,0.));
#12720=CARTESIAN_POINT('',(2.80105529866252,8.24289622120259E-16,-13.4616711152009));
#12721=VECTOR('',#12722,1.);
#12722=DIRECTION('',(0.,1.,0.));
#12723=CARTESIAN_POINT('',(2.91646357488841,8.22787544669044E-16,-13.4371403288181));
#12724=VECTOR('',#12725,1.);
#12725=DIRECTION('',(0.,1.,0.));
#12726=CARTESIAN_POINT('',(3.50422205869416,8.4684453958243E-16,-13.8300208708672));
#12727=VECTOR('',#12728,1.);
#12728=DIRECTION('',(0.,1.,0.));
#12729=CARTESIAN_POINT('',(4.592335744393,9.38495137244429E-16,-15.3267887181487));
#12730=VECTOR('',#12731,1.);
#12731=DIRECTION('',(0.,1.,0.));
#12732=CARTESIAN_POINT('',(5.29358271303456,9.24543412753543E-16,-15.0989397660982));
#12733=VECTOR('',#12734,1.);
#12734=DIRECTION('',(0.,1.,0.));
#12735=CARTESIAN_POINT('',(5.29410710924571,8.11233714565451E-16,-13.2484519639502));
#12736=VECTOR('',#12737,1.);
#12737=DIRECTION('',(0.,1.,0.));
#12738=CARTESIAN_POINT('',(5.53868432270347,7.70616907131422E-16,-12.5851291599824));
#12739=VECTOR('',#12740,1.);
#12740=DIRECTION('',(0.,1.,0.));
#12741=CARTESIAN_POINT('',(5.6464704139247,7.67678400221377E-16,-12.5371397002934));
#12742=VECTOR('',#12743,1.);
#12743=DIRECTION('',(0.,1.,0.));
#12744=CARTESIAN_POINT('',(6.30306942245707,7.83726986231998E-16,-12.7992329997132));
#12745=VECTOR('',#12746,1.);
#12746=DIRECTION('',(0.,1.,0.));
#12747=CARTESIAN_POINT('',(7.67860074714465,8.59522110889357E-16,-14.0370613222978));
#12748=VECTOR('',#12749,1.);
#12749=DIRECTION('',(0.,1.,0.));
#12750=CARTESIAN_POINT('',(8.31715132638856,8.36947746454666E-16,-13.6683939734686));
#12751=VECTOR('',#12752,1.);
#12752=DIRECTION('',(0.,1.,0.));
#12753=CARTESIAN_POINT('',(7.93292621547922,7.26107460987102E-16,-11.8582347415213));
#12754=VECTOR('',#12755,1.);
#12755=DIRECTION('',(0.,1.,0.));
#12756=CARTESIAN_POINT('',(8.03424626428616,6.83264535470753E-16,-11.1585566703227));
#12757=VECTOR('',#12758,1.);
#12758=DIRECTION('',(0.,1.,0.));
#12759=CARTESIAN_POINT('',(8.12969940110132,6.79018025954368E-16,-11.089205906995));
#12760=VECTOR('',#12761,1.);
#12761=DIRECTION('',(0.,1.,0.));
#12762=CARTESIAN_POINT('',(8.82644240697583,6.863568028439E-16,-11.2090572289377));
#12763=VECTOR('',#12764,1.);
#12764=DIRECTION('',(0.,1.,0.));
#12765=CARTESIAN_POINT('',(10.4292740526002,7.42983843778984E-16,-12.1338469883117));
#12766=VECTOR('',#12767,1.);
#12767=DIRECTION('',(0.,1.,0.));
#12768=CARTESIAN_POINT('',(10.9772205165694,7.12773447519127E-16,-11.6404737760371));
#12769=VECTOR('',#12770,1.);
#12770=DIRECTION('',(0.,1.,0.));
#12771=CARTESIAN_POINT('',(10.2250383796929,6.09246827113447E-16,-9.94975575876454));
#12772=VECTOR('',#12773,1.);
#12773=DIRECTION('',(0.,1.,0.));
#12774=CARTESIAN_POINT('',(10.1786730915286,5.6605022494301E-16,-9.24430170947437));
#12775=VECTOR('',#12776,1.);
#12776=DIRECTION('',(0.,1.,0.));
#12777=CARTESIAN_POINT('',(10.2576215138239,5.60681305663163E-16,-9.15662060364721));
#12778=VECTOR('',#12779,1.);
#12779=DIRECTION('',(0.,1.,0.));
#12780=CARTESIAN_POINT('',(10.96405750434,5.58989533666176E-16,-9.12899187023338));
#12781=VECTOR('',#12782,1.);
#12782=DIRECTION('',(0.,1.,0.));
#12783=CARTESIAN_POINT('',(12.7241380343023,5.93973617597213E-16,-9.70032531846343));
#12784=VECTOR('',#12785,1.);
#12785=DIRECTION('',(0.,1.,0.));
#12786=CARTESIAN_POINT('',(13.1575324957545,5.57447528653224E-16,-9.10380901728303));
#12787=VECTOR('',#12788,1.);
#12788=DIRECTION('',(0.,1.,0.));
#12789=CARTESIAN_POINT('',(12.0702673015362,4.65759183404301E-16,-7.60642470512447));
#12790=VECTOR('',#12791,1.);
#12791=DIRECTION('',(0.,1.,8.88178419700125E-17));
#12792=CARTESIAN_POINT('',(11.8782430619788,4.24096803374918E-16,-6.92602640484083));
#12793=VECTOR('',#12794,1.);
#12794=DIRECTION('',(0.,1.,8.88178419700125E-17));
#12795=CARTESIAN_POINT('',(11.9372363448634,4.17840121867073E-16,-6.82384704157949));
#12796=VECTOR('',#12797,1.);
#12797=DIRECTION('',(0.,1.,8.88178419700125E-17));
#12798=CARTESIAN_POINT('',(12.6224906773794,4.07191739537857E-16,-6.64994576103673));
#12799=VECTOR('',#12800,1.);
#12800=DIRECTION('',(0.,1.,8.88178419700125E-17));
#12801=CARTESIAN_POINT('',(14.4628961299392,4.1900389381418E-16,-6.84285287980023));
#12802=VECTOR('',#12803,1.);
#12803=DIRECTION('',(0.,1.,8.88178419700125E-17));
#12804=CARTESIAN_POINT('',(14.7627971679621,3.77758477859257E-16,-6.16926411961828));
#12805=VECTOR('',#12806,1.);
#12806=DIRECTION('',(0.,1.,8.88178419700125E-17));
#12807=CARTESIAN_POINT('',(13.3879676227337,3.01915628419861E-16,-4.93065639219515));
#12808=VECTOR('',#12809,1.);
#12809=DIRECTION('',(0.,1.,8.88178419700125E-17));
#12810=CARTESIAN_POINT('',(13.0586768124864,2.63608316457096E-16,-4.30505051155371));
#12811=VECTOR('',#12812,1.);
#12812=DIRECTION('',(0.,1.,8.88178419700125E-17));
#12813=CARTESIAN_POINT('',(13.095136666417,2.56737319726034E-16,-4.1928386193437));
#12814=VECTOR('',#12815,1.);
#12815=DIRECTION('',(0.,1.,8.88178419700125E-17));
#12816=CARTESIAN_POINT('',(13.7292604383871,2.37597712468983E-16,-3.88026511210265));
#12817=VECTOR('',#12818,1.);
#12818=DIRECTION('',(0.,1.,4.44089209850063E-17));
#12819=CARTESIAN_POINT('',(15.5695562604028,2.25721689739552E-16,-3.68631494234433));
#12820=VECTOR('',#12821,1.);
#12821=DIRECTION('',(0.,1.,4.44089209850063E-17));
#12822=CARTESIAN_POINT('',(15.7228567625929,1.81559569409302E-16,-2.9650927848864));
#12823=VECTOR('',#12824,1.);
#12824=DIRECTION('',(0.,1.,4.44089209850063E-17));
#12825=CARTESIAN_POINT('',(14.1205495162215,1.24876911721551E-16,-2.0393947350125));
#12826=VECTOR('',#12827,1.);
#12827=DIRECTION('',(0.,1.,4.44089209850063E-17));
#12828=CARTESIAN_POINT('',(13.6683837238048,9.15988811770544E-17,-1.49592325298738));
#12829=VECTOR('',#12830,1.);
#12830=DIRECTION('',(0.,1.,6.66133814775094E-17));
#12831=CARTESIAN_POINT('',(13.6807166782109,8.44138647506226E-17,-1.37858302997068));
#12832=VECTOR('',#12833,1.);
#12833=DIRECTION('',(0.,1.,6.66133814775094E-17));
#12834=CARTESIAN_POINT('',(14.2359956379363,5.76195252448959E-17,-0.940998258191878));
#12835=VECTOR('',#12836,1.);
#12836=DIRECTION('',(0.,1.,6.66133814775094E-17));
#12837=CARTESIAN_POINT('',(15.9957520733488,2.25743639250656E-17,-0.368667340506385));
#12838=VECTOR('',#12839,1.);
#12839=DIRECTION('',(0.,1.,6.10622663543836E-17));
#12840=CARTESIAN_POINT('',(15.9957520731526,-2.25743644464173E-17,0.368667349020705));
#12841=VECTOR('',#12842,1.);
#12842=DIRECTION('',(0.,1.,6.10622663543836E-17));
#12843=CARTESIAN_POINT('',(14.2359956379363,-5.7619525244896E-17,0.940998258191879));
#12844=VECTOR('',#12845,1.);
#12845=DIRECTION('',(0.,1.,6.66133814775094E-17));
#12846=CARTESIAN_POINT('',(13.6807166782109,-8.44138647506226E-17,1.37858302997068));
#12847=VECTOR('',#12848,1.);
#12848=DIRECTION('',(0.,1.,6.66133814775094E-17));
#12849=CARTESIAN_POINT('',(13.6683837238048,-9.15988811770546E-17,1.49592325298738));
#12850=VECTOR('',#12851,1.);
#12851=DIRECTION('',(0.,1.,6.66133814775094E-17));
#12852=CARTESIAN_POINT('',(14.1205495162215,-1.24876911721551E-16,2.0393947350125));
#12853=VECTOR('',#12854,1.);
#12854=DIRECTION('',(0.,1.,4.44089209850063E-17));
#12855=CARTESIAN_POINT('',(15.7228567641731,-1.8155956889622E-16,2.96509277650713));
#12856=VECTOR('',#12857,1.);
#12857=DIRECTION('',(0.,1.,4.44089209850063E-17));
#12858=CARTESIAN_POINT('',(15.5695562614187,-2.25721689476828E-16,3.68631493805372));
#12859=VECTOR('',#12860,1.);
#12860=DIRECTION('',(0.,1.,4.44089209850063E-17));
#12861=CARTESIAN_POINT('',(13.7292604383871,-2.37597712468983E-16,3.88026511210265));
#12862=VECTOR('',#12863,1.);
#12863=DIRECTION('',(0.,1.,4.44089209850063E-17));
#12864=CARTESIAN_POINT('',(13.095136666417,-2.56737319726033E-16,4.1928386193437));
#12865=VECTOR('',#12866,1.);
#12866=DIRECTION('',(0.,1.,8.88178419700125E-17));
#12867=CARTESIAN_POINT('',(13.0586768124864,-2.63608316457097E-16,4.30505051155371));
#12868=VECTOR('',#12869,1.);
#12869=DIRECTION('',(0.,1.,8.88178419700125E-17));
#12870=CARTESIAN_POINT('',(13.3879676227337,-3.01915628419861E-16,4.93065639219514));
#12871=VECTOR('',#12872,1.);
#12872=DIRECTION('',(0.,1.,8.88178419700125E-17));
#12873=CARTESIAN_POINT('',(14.7627971679646,-3.77758477858888E-16,6.16926411961225));
#12874=VECTOR('',#12875,1.);
#12875=DIRECTION('',(0.,1.,8.88178419700125E-17));
#12876=CARTESIAN_POINT('',(14.4628961281026,-4.19003894051873E-16,6.84285288368205));
#12877=VECTOR('',#12878,1.);
#12878=DIRECTION('',(0.,1.,8.88178419700125E-17));
#12879=CARTESIAN_POINT('',(12.6224906773794,-4.07191739537857E-16,6.64994576103673));
#12880=VECTOR('',#12881,1.);
#12881=DIRECTION('',(0.,1.,8.88178419700125E-17));
#12882=CARTESIAN_POINT('',(11.9372363448634,-4.17840121867073E-16,6.82384704157948));
#12883=VECTOR('',#12884,1.);
#12884=DIRECTION('',(0.,1.,8.88178419700125E-17));
#12885=CARTESIAN_POINT('',(11.8782430619788,-4.24096803374919E-16,6.92602640484083));
#12886=VECTOR('',#12887,1.);
#12887=DIRECTION('',(0.,1.,8.88178419700125E-17));
#12888=CARTESIAN_POINT('',(12.0702673015362,-4.65759183404301E-16,7.60642470512447));
#12889=VECTOR('',#12890,1.);
#12890=DIRECTION('',(0.,1.,8.88178419700125E-17));
#12891=CARTESIAN_POINT('',(8.03424626428617,-6.83264535470754E-16,11.1585566703227));
#12892=VECTOR('',#12893,1.);
#12893=DIRECTION('',(0.,1.,0.));
#12894=CARTESIAN_POINT('',(7.93292621547921,-7.26107460987102E-16,11.8582347415213));
#12895=VECTOR('',#12896,1.);
#12896=DIRECTION('',(0.,1.,0.));
#12897=CARTESIAN_POINT('',(8.31715132636568,-8.36947746455518E-16,13.6683939734825));
#12898=VECTOR('',#12899,1.);
#12899=DIRECTION('',(0.,1.,0.));
#12900=CARTESIAN_POINT('',(7.67860074733896,-8.59522110882849E-16,14.0370613221915));
#12901=VECTOR('',#12902,1.);
#12902=DIRECTION('',(0.,1.,0.));
#12903=CARTESIAN_POINT('',(6.30306942245706,-7.83726986231998E-16,12.7992329997132));
#12904=VECTOR('',#12905,1.);
#12905=DIRECTION('',(0.,1.,0.));
#12906=CARTESIAN_POINT('',(5.64647041392469,-7.67678400221376E-16,12.5371397002934));
#12907=VECTOR('',#12908,1.);
#12908=DIRECTION('',(0.,1.,0.));
#12909=CARTESIAN_POINT('',(5.53868432270347,-7.70616907131422E-16,12.5851291599824));
#12910=VECTOR('',#12911,1.);
#12911=DIRECTION('',(0.,1.,0.));
#12912=CARTESIAN_POINT('',(5.29410710924571,-8.11233714565452E-16,13.2484519639502));
#12913=VECTOR('',#12914,1.);
#12914=DIRECTION('',(0.,1.,0.));
#12915=CARTESIAN_POINT('',(5.29358270475229,-9.24543412931343E-16,15.0989397690019));
#12916=VECTOR('',#12917,1.);
#12917=DIRECTION('',(0.,1.,0.));
#12918=CARTESIAN_POINT('',(4.59233574475879,-9.38495137237718E-16,15.3267887180391));
#12919=VECTOR('',#12920,1.);
#12920=DIRECTION('',(0.,1.,0.));
#12921=CARTESIAN_POINT('',(3.50422205869415,-8.4684453958243E-16,13.8300208708672));
#12922=VECTOR('',#12923,1.);
#12923=DIRECTION('',(0.,1.,0.));
#12924=CARTESIAN_POINT('',(2.9164635748884,-8.22787544669043E-16,13.4371403288181));
#12925=VECTOR('',#12926,1.);
#12926=DIRECTION('',(0.,1.,0.));
#12927=CARTESIAN_POINT('',(2.80105529866252,-8.24289622120259E-16,13.4616711152009));
#12928=VECTOR('',#12929,1.);
#12929=DIRECTION('',(0.,1.,0.));
#12930=CARTESIAN_POINT('',(2.42391011839373,-8.60905162086037E-16,14.0596482624285));
#12931=VECTOR('',#12932,1.);
#12932=DIRECTION('',(0.,1.,0.));
#12933=CARTESIAN_POINT('',(2.03865913370894,-9.7173209546278E-16,15.8695894381848));
#12934=VECTOR('',#12935,1.);
#12935=DIRECTION('',(0.,1.,0.));
#12936=CARTESIAN_POINT('',(1.30536363240384,-9.76451422711828E-16,15.946661901075));
#12937=VECTOR('',#12938,1.);
#12938=DIRECTION('',(0.,1.,0.));
#12939=CARTESIAN_POINT('',(0.552223375843265,-8.72950922942158E-16,14.2563704661612));
#12940=VECTOR('',#12941,1.);
#12941=DIRECTION('',(0.,1.,0.));
#12942=CARTESIAN_POINT('',(0.0589932828845594,-8.41936925241991E-16,13.7498734464203));
#12943=VECTOR('',#12944,1.);
#12944=DIRECTION('',(0.,1.,0.));
#12945=CARTESIAN_POINT('',(-0.058993282884562,-8.41936925241992E-16,13.7498734464203));
#12946=VECTOR('',#12947,1.);
#12947=DIRECTION('',(0.,1.,0.));
#12948=CARTESIAN_POINT('',(-0.552223375843267,-8.72950922942158E-16,14.2563704661612));
#12949=VECTOR('',#12950,1.);
#12950=DIRECTION('',(0.,1.,0.));
#12951=CARTESIAN_POINT('',(-1.30536363784653,-9.76451422684548E-16,15.9466619006295));
#12952=VECTOR('',#12953,1.);
#12953=DIRECTION('',(0.,1.,0.));
#12954=CARTESIAN_POINT('',(-2.03865913167827,-9.71732095478754E-16,15.8695894384456));
#12955=VECTOR('',#12956,1.);
#12956=DIRECTION('',(0.,1.,0.));
#12957=CARTESIAN_POINT('',(-2.42391011839373,-8.60905162086037E-16,14.0596482624285));
#12958=VECTOR('',#12959,1.);
#12959=DIRECTION('',(0.,1.,0.));
#12960=CARTESIAN_POINT('',(-2.80105529866252,-8.24289622120259E-16,13.4616711152009));
#12961=VECTOR('',#12962,1.);
#12962=DIRECTION('',(0.,1.,0.));
#12963=CARTESIAN_POINT('',(-2.91646357488841,-8.22787544669044E-16,13.4371403288181));
#12964=VECTOR('',#12965,1.);
#12965=DIRECTION('',(0.,1.,0.));
#12966=CARTESIAN_POINT('',(-3.50422205869416,-8.4684453958243E-16,13.8300208708672));
#12967=VECTOR('',#12968,1.);
#12968=DIRECTION('',(0.,1.,0.));
#12969=CARTESIAN_POINT('',(-4.59233574377647,-9.3849513725574E-16,15.3267887183334));
#12970=VECTOR('',#12971,1.);
#12971=DIRECTION('',(0.,1.,0.));
#12972=CARTESIAN_POINT('',(-5.29358271305971,-9.24543412753003E-16,15.0989397660894));
#12973=VECTOR('',#12974,1.);
#12974=DIRECTION('',(0.,1.,0.));
#12975=CARTESIAN_POINT('',(-5.29410710924571,-8.11233714565451E-16,13.2484519639502));
#12976=VECTOR('',#12977,1.);
#12977=DIRECTION('',(0.,1.,0.));
#12978=CARTESIAN_POINT('',(-5.53868432270347,-7.70616907131422E-16,12.5851291599824));
#12979=VECTOR('',#12980,1.);
#12980=DIRECTION('',(0.,1.,0.));
#12981=CARTESIAN_POINT('',(-5.6464704139247,-7.67678400221377E-16,12.5371397002934));
#12982=VECTOR('',#12983,1.);
#12983=DIRECTION('',(0.,1.,0.));
#12984=CARTESIAN_POINT('',(-6.30306942245707,-7.83726986231998E-16,12.7992329997132));
#12985=VECTOR('',#12986,1.);
#12986=DIRECTION('',(0.,1.,0.));
#12987=CARTESIAN_POINT('',(-7.67860074967162,-8.59522110804715E-16,14.0370613209155));
#12988=VECTOR('',#12989,1.);
#12989=DIRECTION('',(0.,1.,0.));
#12990=CARTESIAN_POINT('',(-8.31715132320187,-8.369477465734E-16,13.6683939754077));
#12991=VECTOR('',#12992,1.);
#12992=DIRECTION('',(0.,1.,0.));
#12993=CARTESIAN_POINT('',(-7.93292621547922,-7.26107460987102E-16,11.8582347415213));
#12994=VECTOR('',#12995,1.);
#12995=DIRECTION('',(0.,1.,0.));
#12996=CARTESIAN_POINT('',(-8.03424626428616,-6.83264535470753E-16,11.1585566703227));
#12997=VECTOR('',#12998,1.);
#12998=DIRECTION('',(0.,1.,0.));
#12999=CARTESIAN_POINT('',(-8.12969940110132,-6.79018025954368E-16,11.089205906995));
#13000=VECTOR('',#13001,1.);
#13001=DIRECTION('',(0.,1.,0.));
#13002=CARTESIAN_POINT('',(-8.82644240697583,-6.863568028439E-16,11.2090572289377));
#13003=VECTOR('',#13004,1.);
#13004=DIRECTION('',(0.,1.,0.));
#13005=CARTESIAN_POINT('',(-10.4292740511161,-7.42983843857093E-16,12.1338469895873));
#13006=VECTOR('',#13007,1.);
#13007=DIRECTION('',(0.,1.,0.));
#13008=CARTESIAN_POINT('',(-10.9772205166216,-7.12773447516113E-16,11.6404737759879));
#13009=VECTOR('',#13010,1.);
#13010=DIRECTION('',(0.,1.,0.));
#13011=CARTESIAN_POINT('',(-10.2250383796929,-6.09246827113447E-16,9.94975575876454));
#13012=VECTOR('',#13013,1.);
#13013=DIRECTION('',(0.,1.,0.));
#13014=CARTESIAN_POINT('',(-10.1786730915286,-5.6605022494301E-16,9.24430170947437));
#13015=VECTOR('',#13016,1.);
#13016=DIRECTION('',(0.,1.,0.));
#13017=CARTESIAN_POINT('',(-10.2576215138239,-5.60681305663163E-16,9.15662060364721));
#13018=VECTOR('',#13019,1.);
#13019=DIRECTION('',(0.,1.,0.));
#13020=CARTESIAN_POINT('',(-10.96405750434,-5.58989533666176E-16,9.12899187023338));
#13021=VECTOR('',#13022,1.);
#13022=DIRECTION('',(0.,1.,0.));
#13023=CARTESIAN_POINT('',(-12.7241380353204,-5.93973617515435E-16,9.70032531712788));
#13024=VECTOR('',#13025,1.);
#13025=DIRECTION('',(0.,1.,0.));
#13026=CARTESIAN_POINT('',(-13.1575324922387,-5.57447528964364E-16,9.10380902236433));
#13027=VECTOR('',#13028,1.);
#13028=DIRECTION('',(0.,1.,0.));
#13029=CARTESIAN_POINT('',(-12.0702673015362,-4.65759183404301E-16,7.60642470512447));
#13030=VECTOR('',#13031,1.);
#13031=DIRECTION('',(0.,1.,8.88178419700125E-17));
#13032=CARTESIAN_POINT('',(-11.8782430619788,-4.24096803374918E-16,6.92602640484083));
#13033=VECTOR('',#13034,1.);
#13034=DIRECTION('',(0.,1.,8.88178419700125E-17));
#13035=CARTESIAN_POINT('',(-11.9372363448634,-4.17840121867073E-16,6.82384704157949));
#13036=VECTOR('',#13037,1.);
#13037=DIRECTION('',(0.,1.,8.88178419700125E-17));
#13038=CARTESIAN_POINT('',(-12.6224906773794,-4.07191739537857E-16,6.64994576103673));
#13039=VECTOR('',#13040,1.);
#13040=DIRECTION('',(0.,1.,8.88178419700125E-17));
#13041=CARTESIAN_POINT('',(-14.4628961281245,-4.19003894049038E-16,6.84285288363575));
#13042=VECTOR('',#13043,1.);
#13043=DIRECTION('',(0.,1.,8.88178419700125E-17));
#13044=CARTESIAN_POINT('',(-14.7627971679505,-3.77758477860955E-16,6.16926411964601));
#13045=VECTOR('',#13046,1.);
#13046=DIRECTION('',(0.,1.,8.88178419700125E-17));
#13047=CARTESIAN_POINT('',(-13.3879676227337,-3.01915628419861E-16,4.93065639219515));
#13048=VECTOR('',#13049,1.);
#13049=DIRECTION('',(0.,1.,8.88178419700125E-17));
#13050=CARTESIAN_POINT('',(-13.0586768124864,-2.63608316457096E-16,4.30505051155371));
#13051=VECTOR('',#13052,1.);
#13052=DIRECTION('',(0.,1.,8.88178419700125E-17));
#13053=CARTESIAN_POINT('',(-13.095136666417,-2.56737319726034E-16,4.1928386193437));
#13054=VECTOR('',#13055,1.);
#13055=DIRECTION('',(0.,1.,8.88178419700125E-17));
#13056=CARTESIAN_POINT('',(-13.7292604383871,-2.37597712468983E-16,3.88026511210265));
#13057=VECTOR('',#13058,1.);
#13058=DIRECTION('',(0.,1.,4.44089209850063E-17));
#13059=CARTESIAN_POINT('',(-15.5695562606007,-2.25721689688384E-16,3.6863149415087));
#13060=VECTOR('',#13061,1.);
#13061=DIRECTION('',(0.,1.,4.44089209850063E-17));
#13062=CARTESIAN_POINT('',(-15.7228567641,-1.81559568919976E-16,2.9650927768951));
#13063=VECTOR('',#13064,1.);
#13064=DIRECTION('',(0.,1.,4.44089209850063E-17));
#13065=CARTESIAN_POINT('',(-14.1205495162215,-1.24876911721551E-16,2.0393947350125));
#13066=VECTOR('',#13067,1.);
#13067=DIRECTION('',(0.,1.,4.44089209850063E-17));
#13068=CARTESIAN_POINT('',(-13.6683837238048,-9.15988811770545E-17,1.49592325298738));
#13069=VECTOR('',#13070,1.);
#13070=DIRECTION('',(0.,1.,6.66133814775094E-17));
#13071=CARTESIAN_POINT('',(-13.6807166782109,-8.44138647506227E-17,1.37858302997068));
#13072=VECTOR('',#13073,1.);
#13073=DIRECTION('',(0.,1.,6.66133814775094E-17));
#13074=CARTESIAN_POINT('',(-14.2359956379363,-5.76195252448959E-17,0.940998258191879));
#13075=VECTOR('',#13076,1.);
#13076=DIRECTION('',(0.,1.,6.66133814775094E-17));
#13077=CARTESIAN_POINT('',(-15.9957520731524,-2.25743644468699E-17,0.368667349028096));
#13078=VECTOR('',#13079,1.);
#13079=DIRECTION('',(0.,1.,6.10622663543836E-17));
#13080=CARTESIAN_POINT('',(-15.9957520731724,2.25743643938489E-17,-0.368667348162197));
#13081=VECTOR('',#13082,1.);
#13082=DIRECTION('',(0.,1.,6.10622663543836E-17));
#13083=CARTESIAN_POINT('',(-14.2359956379363,5.76195252448959E-17,-0.940998258191879));
#13084=VECTOR('',#13085,1.);
#13085=DIRECTION('',(0.,1.,6.66133814775094E-17));
#13086=CARTESIAN_POINT('',(-13.6807166782109,8.44138647506226E-17,-1.37858302997068));
#13087=VECTOR('',#13088,1.);
#13088=DIRECTION('',(0.,1.,6.66133814775094E-17));
#13089=CARTESIAN_POINT('',(-13.6683837238048,9.15988811770545E-17,-1.49592325298738));
#13090=VECTOR('',#13091,1.);
#13091=DIRECTION('',(0.,1.,6.66133814775094E-17));
#13092=CARTESIAN_POINT('',(3.29089653438094,7.4,8.));
#13093=VECTOR('',#13094,1.);
#13094=DIRECTION('',(-1.70803542250024E-16,1.,6.83214169000096E-16));
#13095=CARTESIAN_POINT('',(1.64544826719047,7.4,10.8500000000001));
#13096=VECTOR('',#13097,1.);
#13097=DIRECTION('',(0.,1.,0.));
#13098=CARTESIAN_POINT('',(-1.64544826719047,7.4,10.8500000000001));
#13099=VECTOR('',#13100,1.);
#13100=DIRECTION('',(0.,1.,0.));
#13101=CARTESIAN_POINT('',(-3.29089653438093,7.4,8.));
#13102=VECTOR('',#13103,1.);
#13103=DIRECTION('',(0.,1.,0.));
#13104=CARTESIAN_POINT('',(-8.,7.4,3.29089653438087));
#13105=VECTOR('',#13106,1.);
#13106=DIRECTION('',(0.,1.,0.));
#13107=CARTESIAN_POINT('',(-10.85,7.4,1.64544826719043));
#13108=VECTOR('',#13109,1.);
#13109=DIRECTION('',(0.,1.,8.5401771125012E-17));
#13110=CARTESIAN_POINT('',(-10.85,7.4,-1.64544826719043));
#13111=VECTOR('',#13112,1.);
#13112=DIRECTION('',(0.,1.,8.5401771125012E-17));
#13113=CARTESIAN_POINT('',(-8.,7.4,-3.29089653438087));
#13114=VECTOR('',#13115,1.);
#13115=DIRECTION('',(0.,1.,0.));
#13116=CARTESIAN_POINT('',(-3.29089653438087,7.4,-8.));
#13117=VECTOR('',#13118,1.);
#13118=DIRECTION('',(0.,1.,0.));
#13119=CARTESIAN_POINT('',(-1.64544826719043,7.4,-10.85));
#13120=VECTOR('',#13121,1.);
#13121=DIRECTION('',(0.,1.,0.));
#13122=CARTESIAN_POINT('',(1.64544826719043,7.4,-10.85));
#13123=VECTOR('',#13124,1.);
#13124=DIRECTION('',(-1.70803542250024E-16,1.,0.));
#13125=CARTESIAN_POINT('',(3.29089653438087,7.4,-8.));
#13126=VECTOR('',#13127,1.);
#13127=DIRECTION('',(0.,1.,1.02482125350014E-15));
#13128=CARTESIAN_POINT('',(8.,7.4,-3.29089653438087));
#13129=VECTOR('',#13130,1.);
#13130=DIRECTION('',(0.,1.,1.70803542250024E-16));
#13131=CARTESIAN_POINT('',(10.85,7.4,-1.64544826719043));
#13132=VECTOR('',#13133,1.);
#13133=DIRECTION('',(0.,1.,8.5401771125012E-17));
#13134=CARTESIAN_POINT('',(10.85,7.4,1.64544826719043));
#13135=VECTOR('',#13136,1.);
#13136=DIRECTION('',(0.,1.,1.70803542250024E-16));
#13137=CARTESIAN_POINT('',(8.,7.4,3.29089653438087));
#13138=VECTOR('',#13139,1.);
#13139=DIRECTION('',(0.,1.,0.));
ENDSEC;
END-ISO-10303-21;
