ISO-10303-21;
HEADER;
/* Generated by software containing ST-Developer
 * from STEP Tools, Inc. (www.steptools.com) 
 */

FILE_DESCRIPTION(
/* description */ (''),
/* implementation_level */ '2;1');

FILE_NAME(
/* name */ 'SharpGP2Y0A21YK0F.step',
/* time_stamp */ '2026-03-24T21:55:46+01:00',
/* author */ (''),
/* organization */ (''),
/* preprocessor_version */ 'ST-DEVELOPER v20.1',
/* originating_system */ 'Autodesk Translation Framework v14.24.0.0',
/* authorisation */ '');

FILE_SCHEMA (('AUTOMOTIVE_DESIGN { 1 0 10303 214 3 1 1 }'));
ENDSEC;

DATA;
#10=MECHANICAL_DESIGN_GEOMETRIC_PRESENTATION_REPRESENTATION('',(#88,#89,
#90,#91,#92,#93),#7489);
#11=(
BOUNDED_CURVE()
B_SPLINE_CURVE(5,(#7354,#7355,#7356,#7357,#7358,#7359,#7360,#7361,#7362,
#7363),.UNSPECIFIED.,.F.,.F.)
B_SPLINE_CURVE_WITH_KNOTS((6,1,1,1,1,6),(0.,0.2,0.4,0.6,0.8,1.),
 .UNSPECIFIED.)
CURVE()
GEOMETRIC_REPRESENTATION_ITEM()
RATIONAL_B_SPLINE_CURVE((1.,1.,1.,1.,1.,1.,1.,1.,1.,1.))
REPRESENTATION_ITEM('')
);
#12=(
BOUNDED_CURVE()
B_SPLINE_CURVE(5,(#7458,#7459,#7460,#7461,#7462,#7463,#7464,#7465,#7466,
#7467),.UNSPECIFIED.,.F.,.F.)
B_SPLINE_CURVE_WITH_KNOTS((6,1,1,1,1,6),(0.,0.2,0.4,0.6,0.8,1.),
 .UNSPECIFIED.)
CURVE()
GEOMETRIC_REPRESENTATION_ITEM()
RATIONAL_B_SPLINE_CURVE((1.,1.,1.,1.,1.,1.,1.,1.,1.,1.))
REPRESENTATION_ITEM('')
);
#13=(
BOUNDED_SURFACE()
B_SPLINE_SURFACE(5,2,((#7262,#7263,#7264,#7265,#7266,#7267,#7268,#7269,
#7270),(#7271,#7272,#7273,#7274,#7275,#7276,#7277,#7278,#7279),(#7280,#7281,
#7282,#7283,#7284,#7285,#7286,#7287,#7288),(#7289,#7290,#7291,#7292,#7293,
#7294,#7295,#7296,#7297),(#7298,#7299,#7300,#7301,#7302,#7303,#7304,#7305,
#7306),(#7307,#7308,#7309,#7310,#7311,#7312,#7313,#7314,#7315),(#7316,#7317,
#7318,#7319,#7320,#7321,#7322,#7323,#7324),(#7325,#7326,#7327,#7328,#7329,
#7330,#7331,#7332,#7333),(#7334,#7335,#7336,#7337,#7338,#7339,#7340,#7341,
#7342),(#7343,#7344,#7345,#7346,#7347,#7348,#7349,#7350,#7351)),
 .UNSPECIFIED.,.F.,.T.,.F.)
B_SPLINE_SURFACE_WITH_KNOTS((6,1,1,1,1,6),(3,2,2,2,3),(0.,0.2,0.4,0.6,0.8,
1.),(0.,1.5707963267949,3.14159265358979,4.71238898038469,6.28318530717959),
 .UNSPECIFIED.)
GEOMETRIC_REPRESENTATION_ITEM()
RATIONAL_B_SPLINE_SURFACE(((1.,0.707106781186548,1.,0.707106781186548,1.,
0.707106781186548,1.,0.707106781186548,1.),(1.,0.707106781186548,1.,0.707106781186548,
1.,0.707106781186548,1.,0.707106781186548,1.),(1.,0.707106781186548,1.,
0.707106781186548,1.,0.707106781186548,1.,0.707106781186548,1.),(1.,0.707106781186548,
1.,0.707106781186548,1.,0.707106781186548,1.,0.707106781186548,1.),(1.,
0.707106781186548,1.,0.707106781186548,1.,0.707106781186548,1.,0.707106781186548,
1.),(1.,0.707106781186548,1.,0.707106781186548,1.,0.707106781186548,1.,
0.707106781186548,1.),(1.,0.707106781186548,1.,0.707106781186548,1.,0.707106781186548,
1.,0.707106781186548,1.),(1.,0.707106781186548,1.,0.707106781186548,1.,
0.707106781186548,1.,0.707106781186548,1.),(1.,0.707106781186548,1.,0.707106781186548,
1.,0.707106781186548,1.,0.707106781186548,1.),(1.,0.707106781186548,1.,
0.707106781186548,1.,0.707106781186548,1.,0.707106781186548,1.)))
REPRESENTATION_ITEM('')
SURFACE()
);
#14=(
BOUNDED_SURFACE()
B_SPLINE_SURFACE(5,2,((#7366,#7367,#7368,#7369,#7370,#7371,#7372,#7373,
#7374),(#7375,#7376,#7377,#7378,#7379,#7380,#7381,#7382,#7383),(#7384,#7385,
#7386,#7387,#7388,#7389,#7390,#7391,#7392),(#7393,#7394,#7395,#7396,#7397,
#7398,#7399,#7400,#7401),(#7402,#7403,#7404,#7405,#7406,#7407,#7408,#7409,
#7410),(#7411,#7412,#7413,#7414,#7415,#7416,#7417,#7418,#7419),(#7420,#7421,
#7422,#7423,#7424,#7425,#7426,#7427,#7428),(#7429,#7430,#7431,#7432,#7433,
#7434,#7435,#7436,#7437),(#7438,#7439,#7440,#7441,#7442,#7443,#7444,#7445,
#7446),(#7447,#7448,#7449,#7450,#7451,#7452,#7453,#7454,#7455)),
 .UNSPECIFIED.,.F.,.T.,.F.)
B_SPLINE_SURFACE_WITH_KNOTS((6,1,1,1,1,6),(3,2,2,2,3),(0.,0.2,0.4,0.6,0.8,
1.),(0.,1.5707963267949,3.14159265358979,4.71238898038469,6.28318530717959),
 .UNSPECIFIED.)
GEOMETRIC_REPRESENTATION_ITEM()
RATIONAL_B_SPLINE_SURFACE(((1.,0.707106781186548,1.,0.707106781186548,1.,
0.707106781186548,1.,0.707106781186548,1.),(1.,0.707106781186548,1.,0.707106781186548,
1.,0.707106781186548,1.,0.707106781186548,1.),(1.,0.707106781186548,1.,
0.707106781186548,1.,0.707106781186548,1.,0.707106781186548,1.),(1.,0.707106781186548,
1.,0.707106781186548,1.,0.707106781186548,1.,0.707106781186548,1.),(1.,
0.707106781186548,1.,0.707106781186548,1.,0.707106781186548,1.,0.707106781186548,
1.),(1.,0.707106781186548,1.,0.707106781186548,1.,0.707106781186548,1.,
0.707106781186548,1.),(1.,0.707106781186548,1.,0.707106781186548,1.,0.707106781186548,
1.,0.707106781186548,1.),(1.,0.707106781186548,1.,0.707106781186548,1.,
0.707106781186548,1.,0.707106781186548,1.),(1.,0.707106781186548,1.,0.707106781186548,
1.,0.707106781186548,1.,0.707106781186548,1.),(1.,0.707106781186548,1.,
0.707106781186548,1.,0.707106781186548,1.,0.707106781186548,1.)))
REPRESENTATION_ITEM('')
SURFACE()
);
#15=ITEM_DEFINED_TRANSFORMATION($,$,#3906,#3996);
#16=ITEM_DEFINED_TRANSFORMATION($,$,#3981,#3997);
#17=ITEM_DEFINED_TRANSFORMATION($,$,#3981,#3998);
#18=ITEM_DEFINED_TRANSFORMATION($,$,#3981,#3999);
#19=ITEM_DEFINED_TRANSFORMATION($,$,#3804,#4005);
#20=ITEM_DEFINED_TRANSFORMATION($,$,#3888,#4006);
#21=ITEM_DEFINED_TRANSFORMATION($,$,#3905,#4007);
#22=ITEM_DEFINED_TRANSFORMATION($,$,#4000,#4008);
#23=(
REPRESENTATION_RELATIONSHIP($,$,#7520,#7519)
REPRESENTATION_RELATIONSHIP_WITH_TRANSFORMATION(#15)
SHAPE_REPRESENTATION_RELATIONSHIP()
);
#24=(
REPRESENTATION_RELATIONSHIP($,$,#7521,#7519)
REPRESENTATION_RELATIONSHIP_WITH_TRANSFORMATION(#16)
SHAPE_REPRESENTATION_RELATIONSHIP()
);
#25=(
REPRESENTATION_RELATIONSHIP($,$,#7521,#7519)
REPRESENTATION_RELATIONSHIP_WITH_TRANSFORMATION(#17)
SHAPE_REPRESENTATION_RELATIONSHIP()
);
#26=(
REPRESENTATION_RELATIONSHIP($,$,#7521,#7519)
REPRESENTATION_RELATIONSHIP_WITH_TRANSFORMATION(#18)
SHAPE_REPRESENTATION_RELATIONSHIP()
);
#27=(
REPRESENTATION_RELATIONSHIP($,$,#7517,#7516)
REPRESENTATION_RELATIONSHIP_WITH_TRANSFORMATION(#19)
SHAPE_REPRESENTATION_RELATIONSHIP()
);
#28=(
REPRESENTATION_RELATIONSHIP($,$,#7518,#7516)
REPRESENTATION_RELATIONSHIP_WITH_TRANSFORMATION(#20)
SHAPE_REPRESENTATION_RELATIONSHIP()
);
#29=(
REPRESENTATION_RELATIONSHIP($,$,#7519,#7516)
REPRESENTATION_RELATIONSHIP_WITH_TRANSFORMATION(#21)
SHAPE_REPRESENTATION_RELATIONSHIP()
);
#30=(
REPRESENTATION_RELATIONSHIP($,$,#7522,#7516)
REPRESENTATION_RELATIONSHIP_WITH_TRANSFORMATION(#22)
SHAPE_REPRESENTATION_RELATIONSHIP()
);
#31=CONTEXT_DEPENDENT_SHAPE_REPRESENTATION(#23,#7507);
#32=CONTEXT_DEPENDENT_SHAPE_REPRESENTATION(#24,#7508);
#33=CONTEXT_DEPENDENT_SHAPE_REPRESENTATION(#25,#7509);
#34=CONTEXT_DEPENDENT_SHAPE_REPRESENTATION(#26,#7510);
#35=CONTEXT_DEPENDENT_SHAPE_REPRESENTATION(#27,#7512);
#36=CONTEXT_DEPENDENT_SHAPE_REPRESENTATION(#28,#7513);
#37=CONTEXT_DEPENDENT_SHAPE_REPRESENTATION(#29,#7514);
#38=CONTEXT_DEPENDENT_SHAPE_REPRESENTATION(#30,#7515);
#39=NEXT_ASSEMBLY_USAGE_OCCURRENCE('Pieza3:1','Pieza3:1','Pieza3:1',#7527,
#7528,'Pieza3:1');
#40=NEXT_ASSEMBLY_USAGE_OCCURRENCE('pin:1','pin:1','pin:1',#7527,#7529,
'pin:1');
#41=NEXT_ASSEMBLY_USAGE_OCCURRENCE('pin:2','pin:2','pin:2',#7527,#7529,
'pin:2');
#42=NEXT_ASSEMBLY_USAGE_OCCURRENCE('pin:3','pin:3','pin:3',#7527,#7529,
'pin:3');
#43=NEXT_ASSEMBLY_USAGE_OCCURRENCE('Case:1','Case:1','Case:1',#7524,#7525,
'Case:1');
#44=NEXT_ASSEMBLY_USAGE_OCCURRENCE('pcb:1','pcb:1','pcb:1',#7524,#7526,
'pcb:1');
#45=NEXT_ASSEMBLY_USAGE_OCCURRENCE('molex-2.54-3pin v1:1',
'molex-2.54-3pin v1:1','molex-2.54-3pin v1:1',#7524,#7527,
'molex-2.54-3pin v1:1');
#46=NEXT_ASSEMBLY_USAGE_OCCURRENCE('Sensors:1','Sensors:1','Sensors:1',
#7524,#7530,'Sensors:1');
#47=B_SPLINE_SURFACE_WITH_KNOTS('',3,1,((#5859,#5860),(#5861,#5862),(#5863,
#5864),(#5865,#5866),(#5867,#5868),(#5869,#5870),(#5871,#5872),(#5873,#5874),
(#5875,#5876),(#5877,#5878),(#5879,#5880)),.UNSPECIFIED.,.F.,.F.,.F.,(4,
1,1,1,1,1,1,1,4),(2,2),(0.,0.136626011311144,0.267447518225643,0.392348244992358,
0.514729992335219,0.634381691849646,0.754141397691439,0.875462099208005,
1.),(0.,0.036),.UNSPECIFIED.);
#48=B_SPLINE_SURFACE_WITH_KNOTS('',3,1,((#5894,#5895),(#5896,#5897),(#5898,
#5899),(#5900,#5901),(#5902,#5903),(#5904,#5905),(#5906,#5907),(#5908,#5909),
(#5910,#5911),(#5912,#5913),(#5914,#5915),(#5916,#5917),(#5918,#5919),(#5920,
#5921),(#5922,#5923),(#5924,#5925),(#5926,#5927),(#5928,#5929),(#5930,#5931)),
 .UNSPECIFIED.,.F.,.F.,.F.,(4,1,1,1,1,1,1,1,1,1,1,1,1,1,1,1,4),(2,2),(0.,
0.0650619627191435,0.127767001355677,0.189424631492989,0.250696056748394,
0.31162244616898,0.373250882021872,0.435769778778853,0.50026819477993,0.564410877863604,
0.627263342343056,0.688613041191246,0.749345015665658,0.809971068355234,
0.87182297490618,0.934938037280857,1.),(0.,0.0360000000000002),
 .UNSPECIFIED.);
#49=B_SPLINE_SURFACE_WITH_KNOTS('',3,1,((#5953,#5954),(#5955,#5956),(#5957,
#5958),(#5959,#5960),(#5961,#5962),(#5963,#5964),(#5965,#5966),(#5967,#5968),
(#5969,#5970),(#5971,#5972),(#5973,#5974),(#5975,#5976),(#5977,#5978),(#5979,
#5980),(#5981,#5982),(#5983,#5984),(#5985,#5986),(#5987,#5988),(#5989,#5990)),
 .UNSPECIFIED.,.F.,.F.,.F.,(4,1,1,1,1,1,1,1,1,1,1,1,1,1,1,1,4),(2,2),(0.,
0.0654634422079774,0.129042865515306,0.191293873905914,0.252441187200195,
0.313893476517519,0.375762824153796,0.438534827189564,0.50372634016622,
0.568388880748517,0.631322390062469,0.69297670129382,0.753509453128235,
0.813743808668731,0.874698522793233,0.936591109797738,1.),(0.,0.0360000000000001),
 .UNSPECIFIED.);
#50=B_SPLINE_SURFACE_WITH_KNOTS('',3,1,((#6012,#6013),(#6014,#6015),(#6016,
#6017),(#6018,#6019),(#6020,#6021),(#6022,#6023),(#6024,#6025),(#6026,#6027),
(#6028,#6029),(#6030,#6031),(#6032,#6033)),.UNSPECIFIED.,.F.,.F.,.F.,(4,
1,1,1,1,1,1,1,4),(2,2),(0.,0.126906077204578,0.249233246854838,0.369967647732311,
0.490183627419249,0.611646150139529,0.736067143206192,0.865040780211787,
1.),(0.,0.0360000000000001),.UNSPECIFIED.);
#51=B_SPLINE_SURFACE_WITH_KNOTS('',3,1,((#6055,#6056),(#6057,#6058),(#6059,
#6060),(#6061,#6062),(#6063,#6064),(#6065,#6066),(#6067,#6068),(#6069,#6070),
(#6071,#6072)),.UNSPECIFIED.,.F.,.F.,.F.,(4,1,1,1,1,1,4),(2,2),(0.,0.185115524934827,
0.341587033069409,0.479282736587952,0.596916745233572,0.802731178017178,
1.),(0.,0.036),.UNSPECIFIED.);
#52=B_SPLINE_SURFACE_WITH_KNOTS('',3,1,((#6084,#6085),(#6086,#6087),(#6088,
#6089),(#6090,#6091),(#6092,#6093),(#6094,#6095),(#6096,#6097),(#6098,#6099),
(#6100,#6101)),.UNSPECIFIED.,.F.,.F.,.F.,(4,1,1,1,1,1,4),(2,2),(0.,0.204282218013917,
0.406566073714522,0.52193364076105,0.659279884718401,0.81535428195428,1.),
(0.,0.0360000000000001),.UNSPECIFIED.);
#53=B_SPLINE_SURFACE_WITH_KNOTS('',3,1,((#6125,#6126),(#6127,#6128),(#6129,
#6130),(#6131,#6132),(#6133,#6134),(#6135,#6136),(#6137,#6138),(#6139,#6140),
(#6141,#6142)),.UNSPECIFIED.,.F.,.F.,.F.,(4,1,1,1,1,1,4),(2,2),(0.,0.18464571804572,
0.3407201152816,0.47806635923895,0.593433926285478,0.795717781986083,1.),
(0.,0.0360000000000001),.UNSPECIFIED.);
#54=B_SPLINE_SURFACE_WITH_KNOTS('',3,1,((#6154,#6155),(#6156,#6157),(#6158,
#6159),(#6160,#6161),(#6162,#6163),(#6164,#6165),(#6166,#6167),(#6168,#6169),
(#6170,#6171)),.UNSPECIFIED.,.F.,.F.,.F.,(4,1,1,1,1,1,4),(2,2),(0.,0.197620865746121,
0.400781318309099,0.518625255308727,0.657803374480008,0.814554119941701,
1.),(0.,0.0360000000000002),.UNSPECIFIED.);
#55=B_SPLINE_SURFACE_WITH_KNOTS('',3,1,((#6262,#6263),(#6264,#6265),(#6266,
#6267),(#6268,#6269),(#6270,#6271),(#6272,#6273),(#6274,#6275),(#6276,#6277),
(#6278,#6279),(#6280,#6281),(#6282,#6283),(#6284,#6285),(#6286,#6287),(#6288,
#6289),(#6290,#6291),(#6292,#6293),(#6294,#6295),(#6296,#6297),(#6298,#6299)),
 .UNSPECIFIED.,.F.,.F.,.F.,(4,1,1,1,1,1,1,1,1,1,1,1,1,1,1,1,4),(2,2),(0.,
0.0631810782829375,0.124877556957882,0.185738877903301,0.246723733456776,
0.306998969536832,0.368760473172767,0.432173409402888,0.497478811701923,
0.562661170269801,0.626182807129569,0.687877252670154,0.749253704501882,
0.810104719576269,0.872058864009833,0.934817641432122,1.),(0.,0.0360000000000002),
 .UNSPECIFIED.);
#56=B_SPLINE_SURFACE_WITH_KNOTS('',3,1,((#6323,#6324),(#6325,#6326),(#6327,
#6328),(#6329,#6330),(#6331,#6332),(#6333,#6334),(#6335,#6336),(#6337,#6338),
(#6339,#6340),(#6341,#6342),(#6343,#6344),(#6345,#6346),(#6347,#6348),(#6349,
#6350),(#6351,#6352),(#6353,#6354),(#6355,#6356),(#6357,#6358),(#6359,#6360)),
 .UNSPECIFIED.,.F.,.F.,.F.,(4,1,1,1,1,1,1,1,1,1,1,1,1,1,1,1,4),(2,2),(0.,
0.0652318616809965,0.129037047301083,0.191048643134218,0.252416471317374,
0.313818562375889,0.375670344539976,0.438755976768082,0.50421314544696,
0.569399472695081,0.632673093317722,0.694266302530873,0.754789653555463,
0.815052837673709,0.87597958709438,0.93725258879692,1.),(0.,0.0360000000000001),
 .UNSPECIFIED.);
#57=B_SPLINE_SURFACE_WITH_KNOTS('',3,1,((#6382,#6383),(#6384,#6385),(#6386,
#6387),(#6388,#6389),(#6390,#6391),(#6392,#6393),(#6394,#6395),(#6396,#6397),
(#6398,#6399),(#6400,#6401),(#6402,#6403),(#6404,#6405),(#6406,#6407),(#6408,
#6409),(#6410,#6411),(#6412,#6413),(#6414,#6415),(#6416,#6417),(#6418,#6419)),
 .UNSPECIFIED.,.F.,.F.,.F.,(4,1,1,1,1,1,1,1,1,1,1,1,1,1,1,1,4),(2,2),(0.,
0.0627474112030797,0.12402041290562,0.184947162326291,0.245210346444537,
0.305733697469127,0.367326906682278,0.43060052730492,0.49578685455304,0.561244023231917,
0.624329655460024,0.686181437624111,0.747583528682627,0.808951356865782,
0.870962952698918,0.934768138319004,1.),(0.,0.0360000000000002),
 .UNSPECIFIED.);
#58=B_SPLINE_SURFACE_WITH_KNOTS('',3,1,((#6441,#6442),(#6443,#6444),(#6445,
#6446),(#6447,#6448),(#6449,#6450),(#6451,#6452),(#6453,#6454),(#6455,#6456),
(#6457,#6458),(#6459,#6460),(#6461,#6462),(#6463,#6464),(#6465,#6466),(#6467,
#6468),(#6469,#6470),(#6471,#6472),(#6473,#6474),(#6475,#6476),(#6477,#6478)),
 .UNSPECIFIED.,.F.,.F.,.F.,(4,1,1,1,1,1,1,1,1,1,1,1,1,1,1,1,4),(2,2),(0.,
0.0644592229291287,0.127011967875342,0.18875943156289,0.249865869663911,
0.311452208628627,0.373721925815204,0.437717043178353,0.50362158477916,
0.569526126379968,0.633127080753459,0.695239003027705,0.755490311111661,
0.816131257852078,0.876437510989022,0.937519855073953,1.),(0.,0.0360000000000001),
 .UNSPECIFIED.);
#59=B_SPLINE_SURFACE_WITH_KNOTS('',3,1,((#6530,#6531),(#6532,#6533),(#6534,
#6535),(#6536,#6537),(#6538,#6539),(#6540,#6541),(#6542,#6543),(#6544,#6545),
(#6546,#6547)),.UNSPECIFIED.,.F.,.F.,.F.,(4,1,1,1,1,1,4),(2,2),(0.,0.184620666187311,
0.344460663312037,0.478137172728729,0.593489087248974,0.795745498032008,
1.),(0.,0.036),.UNSPECIFIED.);
#60=B_SPLINE_SURFACE_WITH_KNOTS('',3,1,((#6559,#6560),(#6561,#6562),(#6563,
#6564),(#6565,#6566),(#6567,#6568),(#6569,#6570),(#6571,#6572),(#6573,#6574),
(#6575,#6576)),.UNSPECIFIED.,.F.,.F.,.F.,(4,1,1,1,1,1,4),(2,2),(0.,0.197241989391814,
0.403028427206711,0.520646435223286,0.654663020777813,0.814909654559428,
1.),(0.,0.036),.UNSPECIFIED.);
#61=B_SPLINE_SURFACE_WITH_KNOTS('',3,1,((#6592,#6593),(#6594,#6595),(#6596,
#6597),(#6598,#6599),(#6600,#6601),(#6602,#6603),(#6604,#6605),(#6606,#6607),
(#6608,#6609)),.UNSPECIFIED.,.F.,.F.,.F.,(4,1,1,1,1,1,4),(2,2),(0.,0.185115524934828,
0.34158703306941,0.479282736587951,0.596916745233571,0.802731178017177,
1.),(0.,0.0360000000000001),.UNSPECIFIED.);
#62=B_SPLINE_SURFACE_WITH_KNOTS('',3,1,((#6621,#6622),(#6623,#6624),(#6625,
#6626),(#6627,#6628),(#6629,#6630),(#6631,#6632),(#6633,#6634),(#6635,#6636),
(#6637,#6638)),.UNSPECIFIED.,.F.,.F.,.F.,(4,1,1,1,1,1,4),(2,2),(0.,0.204282218013918,
0.406566073714523,0.52193364076105,0.6592798847184,0.81535428195428,1.),
(0.,0.0360000000000002),.UNSPECIFIED.);
#63=B_SPLINE_SURFACE_WITH_KNOTS('',3,1,((#6662,#6663),(#6664,#6665),(#6666,
#6667),(#6668,#6669),(#6670,#6671),(#6672,#6673),(#6674,#6675),(#6676,#6677),
(#6678,#6679)),.UNSPECIFIED.,.F.,.F.,.F.,(4,1,1,1,1,1,4),(2,2),(0.,0.182762386239079,
0.340525852846675,0.47935848623174,0.597963778761541,0.804894885601273,
1.),(0.,0.0360000000000002),.UNSPECIFIED.);
#64=B_SPLINE_SURFACE_WITH_KNOTS('',3,1,((#6691,#6692),(#6693,#6694),(#6695,
#6696),(#6697,#6698),(#6699,#6700),(#6701,#6702),(#6703,#6704),(#6705,#6706),
(#6707,#6708)),.UNSPECIFIED.,.F.,.F.,.F.,(4,1,1,1,1,1,4),(2,2),(0.,0.206830842380541,
0.40793515087866,0.524586414262017,0.657501469387385,0.816430978556772,
1.),(0.,0.036),.UNSPECIFIED.);
#65=B_SPLINE_SURFACE_WITH_KNOTS('',3,1,((#6729,#6730),(#6731,#6732),(#6733,
#6734),(#6735,#6736),(#6737,#6738),(#6739,#6740),(#6741,#6742),(#6743,#6744),
(#6745,#6746)),.UNSPECIFIED.,.F.,.F.,.F.,(4,1,1,1,1,1,4),(2,2),(0.,0.185052005796203,
0.341469823483048,0.475458648820168,0.593052293423361,0.795268286792266,
1.),(0.,0.0360000000000002),.UNSPECIFIED.);
#66=B_SPLINE_SURFACE_WITH_KNOTS('',3,1,((#6758,#6759),(#6760,#6761),(#6762,
#6763),(#6764,#6765),(#6766,#6767),(#6768,#6769),(#6770,#6771),(#6772,#6773),
(#6774,#6775)),.UNSPECIFIED.,.F.,.F.,.F.,(4,1,1,1,1,1,4),(2,2),(0.,0.19751734467343,
0.40599674721425,0.523778953228525,0.657982629649305,0.814651263309419,
1.),(0.,0.0360000000000002),.UNSPECIFIED.);
#67=B_SPLINE_SURFACE_WITH_KNOTS('',3,1,((#6795,#6796),(#6797,#6798),(#6799,
#6800),(#6801,#6802),(#6803,#6804),(#6805,#6806),(#6807,#6808),(#6809,#6810),
(#6811,#6812),(#6813,#6814),(#6815,#6816),(#6817,#6818),(#6819,#6820),(#6821,
#6822),(#6823,#6824)),.UNSPECIFIED.,.F.,.F.,.F.,(4,1,1,1,1,1,1,1,1,1,1,
1,4),(2,2),(0.,0.111976941110103,0.218561658908743,0.32684362204945,0.440475211518192,
0.500088167915923,0.561713549731213,0.625267341151194,0.691919886328918,
0.762858306668815,0.837197129804,0.916387671742247,1.),(0.,0.0360000000000001),
 .UNSPECIFIED.);
#68=B_SPLINE_SURFACE_WITH_KNOTS('',3,1,((#6842,#6843),(#6844,#6845),(#6846,
#6847),(#6848,#6849),(#6850,#6851),(#6852,#6853),(#6854,#6855),(#6856,#6857),
(#6858,#6859),(#6860,#6861),(#6862,#6863)),.UNSPECIFIED.,.F.,.F.,.F.,(4,
1,1,1,1,1,1,1,4),(2,2),(0.,0.124402178702234,0.254515439785176,0.390021361032085,
0.532233684027226,0.670566169584616,0.794575820223965,0.903561644031923,
1.),(0.,0.0360000000000002),.UNSPECIFIED.);
#69=B_SPLINE_SURFACE_WITH_KNOTS('',3,1,((#6877,#6878),(#6879,#6880),(#6881,
#6882),(#6883,#6884),(#6885,#6886)),.UNSPECIFIED.,.F.,.F.,.F.,(4,1,4),(2,
2),(0.,0.572900090257972,1.),(0.,0.036),.UNSPECIFIED.);
#70=B_SPLINE_SURFACE_WITH_KNOTS('',3,1,((#6894,#6895),(#6896,#6897),(#6898,
#6899),(#6900,#6901),(#6902,#6903),(#6904,#6905),(#6906,#6907)),
 .UNSPECIFIED.,.F.,.F.,.F.,(4,1,1,1,4),(2,2),(0.,0.250688217914667,0.502539278797799,
0.753227496712461,1.),(0.,0.0360000000000002),.UNSPECIFIED.);
#71=B_SPLINE_SURFACE_WITH_KNOTS('',3,1,((#6917,#6918),(#6919,#6920),(#6921,
#6922),(#6923,#6924),(#6925,#6926)),.UNSPECIFIED.,.F.,.F.,.F.,(4,1,4),(2,
2),(0.,0.460788509363506,1.),(0.,0.036),.UNSPECIFIED.);
#72=B_SPLINE_SURFACE_WITH_KNOTS('',3,1,((#6934,#6935),(#6936,#6937),(#6938,
#6939),(#6940,#6941),(#6942,#6943),(#6944,#6945),(#6946,#6947),(#6948,#6949),
(#6950,#6951),(#6952,#6953),(#6954,#6955),(#6956,#6957),(#6958,#6959),(#6960,
#6961),(#6962,#6963)),.UNSPECIFIED.,.F.,.F.,.F.,(4,1,1,1,1,1,1,1,1,1,1,
1,4),(2,2),(0.,0.0297505779918682,0.0653899419669631,0.107839956044464,
0.155322556820334,0.210950703527112,0.272157850969476,0.340665933776309,
0.415582530661298,0.569047880122618,0.717319781354535,0.860205693071731,
1.),(0.,0.0360000000000001),.UNSPECIFIED.);
#73=B_SPLINE_SURFACE_WITH_KNOTS('',3,1,((#6981,#6982),(#6983,#6984),(#6985,
#6986),(#6987,#6988),(#6989,#6990),(#6991,#6992),(#6993,#6994),(#6995,#6996),
(#6997,#6998),(#6999,#7000),(#7001,#7002),(#7003,#7004),(#7005,#7006),(#7007,
#7008),(#7009,#7010),(#7011,#7012),(#7013,#7014),(#7015,#7016),(#7017,#7018)),
 .UNSPECIFIED.,.F.,.F.,.F.,(4,1,1,1,1,1,1,1,1,1,1,1,1,1,1,1,4),(2,2),(0.,
0.0765958876320087,0.148926027592759,0.218627946010932,0.284801204823082,
0.34936674941459,0.411423732266652,0.472131223711912,0.532456725284298,
0.591740727110205,0.648798595458725,0.705241683496349,0.76143392901526,
0.818179582008289,0.876894003066652,0.937134289055724,1.),(0.,0.0360000000000002),
 .UNSPECIFIED.);
#74=B_SPLINE_SURFACE_WITH_KNOTS('',3,1,((#7048,#7049),(#7050,#7051),(#7052,
#7053),(#7054,#7055),(#7056,#7057),(#7058,#7059),(#7060,#7061),(#7062,#7063),
(#7064,#7065)),.UNSPECIFIED.,.F.,.F.,.F.,(4,1,1,1,1,1,4),(2,2),(0.,0.179178264507468,
0.337203964632742,0.468884061892384,0.587686499450396,0.793163766149263,
1.),(0.,0.0360000000000002),.UNSPECIFIED.);
#75=B_SPLINE_SURFACE_WITH_KNOTS('',3,1,((#7077,#7078),(#7079,#7080),(#7081,
#7082),(#7083,#7084),(#7085,#7086),(#7087,#7088),(#7089,#7090),(#7091,#7092),
(#7093,#7094)),.UNSPECIFIED.,.F.,.F.,.F.,(4,1,1,1,1,1,4),(2,2),(0.,0.202004395439236,
0.404124365062875,0.52458225881773,0.658097256416879,0.818324970489932,
1.),(0.,0.036),.UNSPECIFIED.);
#76=B_SPLINE_SURFACE_WITH_KNOTS('',3,1,((#7114,#7115),(#7116,#7117),(#7118,
#7119),(#7120,#7121),(#7122,#7123),(#7124,#7125),(#7126,#7127),(#7128,#7129),
(#7130,#7131)),.UNSPECIFIED.,.F.,.F.,.F.,(4,1,1,1,1,1,4),(2,2),(0.,0.1894775774806,
0.350705242108811,0.486017178748627,0.6048561206926,0.808977486798912,1.),
(0.,0.0360000000000001),.UNSPECIFIED.);
#77=B_SPLINE_SURFACE_WITH_KNOTS('',3,1,((#7143,#7144),(#7145,#7146),(#7147,
#7148),(#7149,#7150),(#7151,#7152),(#7153,#7154),(#7155,#7156),(#7157,#7158),
(#7159,#7160)),.UNSPECIFIED.,.F.,.F.,.F.,(4,1,1,1,1,1,4),(2,2),(0.,0.202775911272262,
0.403931657556231,0.521044023156836,0.654390052115584,0.813275287005781,
1.),(0.,0.0360000000000002),.UNSPECIFIED.);
#78=SHAPE_REPRESENTATION_RELATIONSHIP('SRR','None',#7517,#83);
#79=SHAPE_REPRESENTATION_RELATIONSHIP('SRR','None',#7518,#84);
#80=SHAPE_REPRESENTATION_RELATIONSHIP('SRR','None',#7520,#85);
#81=SHAPE_REPRESENTATION_RELATIONSHIP('SRR','None',#7521,#86);
#82=SHAPE_REPRESENTATION_RELATIONSHIP('SRR','None',#7522,#87);
#83=ADVANCED_BREP_SHAPE_REPRESENTATION('',(#94),#7483);
#84=ADVANCED_BREP_SHAPE_REPRESENTATION('',(#95),#7484);
#85=ADVANCED_BREP_SHAPE_REPRESENTATION('',(#96),#7486);
#86=ADVANCED_BREP_SHAPE_REPRESENTATION('',(#97),#7487);
#87=ADVANCED_BREP_SHAPE_REPRESENTATION('',(#98,#99),#7488);
#88=STYLED_ITEM('',(#7556),#94);
#89=STYLED_ITEM('',(#7557),#95);
#90=STYLED_ITEM('',(#7558),#96);
#91=STYLED_ITEM('',(#7559),#97);
#92=STYLED_ITEM('',(#7560),#98);
#93=STYLED_ITEM('',(#7560),#99);
#94=MANIFOLD_SOLID_BREP('Body1',#3741);
#95=MANIFOLD_SOLID_BREP('Body1',#3742);
#96=MANIFOLD_SOLID_BREP('Body1',#3743);
#97=MANIFOLD_SOLID_BREP('Body1',#3744);
#98=MANIFOLD_SOLID_BREP('Body1',#3745);
#99=MANIFOLD_SOLID_BREP('Body2',#3746);
#100=ELLIPSE('',#3863,2.12132034355964,1.5);
#101=ELLIPSE('',#3870,2.12132034355964,1.5);
#102=ELLIPSE('',#3871,2.12132034355964,1.5);
#103=B_SPLINE_CURVE_WITH_KNOTS('',3,(#4873,#4874,#4875,#4876,#4877,#4878),
 .UNSPECIFIED.,.F.,.F.,(4,2,4),(0.846165957722971,0.89207380662663,0.984704028189044),
 .UNSPECIFIED.);
#104=B_SPLINE_CURVE_WITH_KNOTS('',3,(#4882,#4883,#4884,#4885,#4886,#4887,
#4888,#4889,#4890,#4891,#4892),.UNSPECIFIED.,.F.,.F.,(4,2,3,2,4),(0.845692219321956,
0.891600068225616,0.98423028978803,1.07686051135044,1.1227683602541),
 .UNSPECIFIED.);
#105=B_SPLINE_CURVE_WITH_KNOTS('',3,(#4895,#4896,#4897,#4898,#4899,#4900),
 .UNSPECIFIED.,.F.,.F.,(4,2,4),(0.984704028189044,1.07733424975146,1.12324209865512),
 .UNSPECIFIED.);
#106=B_SPLINE_CURVE_WITH_KNOTS('',3,(#5387,#5388,#5389,#5390,#5391,#5392,
#5393,#5394,#5395),.UNSPECIFIED.,.F.,.F.,(4,1,1,1,1,1,4),(0.,0.185052005796203,
0.341469823483048,0.475458648820168,0.593052293423361,0.795268286792266,
1.),.UNSPECIFIED.);
#107=B_SPLINE_CURVE_WITH_KNOTS('',3,(#5397,#5398,#5399,#5400,#5401,#5402,
#5403,#5404,#5405),.UNSPECIFIED.,.F.,.F.,(4,1,1,1,1,1,4),(0.,0.19751734467343,
0.40599674721425,0.523778953228525,0.657982629649305,0.814651263309419,
1.),.UNSPECIFIED.);
#108=B_SPLINE_CURVE_WITH_KNOTS('',3,(#5411,#5412,#5413,#5414,#5415,#5416,
#5417,#5418,#5419,#5420,#5421,#5422,#5423,#5424,#5425),.UNSPECIFIED.,.F.,
 .F.,(4,1,1,1,1,1,1,1,1,1,1,1,4),(0.,0.111976941110103,0.218561658908743,
0.32684362204945,0.440475211518192,0.500088167915923,0.561713549731213,
0.625267341151194,0.691919886328918,0.762858306668815,0.837197129804,0.916387671742247,
1.),.UNSPECIFIED.);
#109=B_SPLINE_CURVE_WITH_KNOTS('',3,(#5427,#5428,#5429,#5430,#5431,#5432,
#5433,#5434,#5435,#5436,#5437),.UNSPECIFIED.,.F.,.F.,(4,1,1,1,1,1,1,1,4),
(0.,0.124402178702234,0.254515439785176,0.390021361032085,0.532233684027226,
0.670566169584616,0.794575820223965,0.903561644031923,1.),.UNSPECIFIED.);
#110=B_SPLINE_CURVE_WITH_KNOTS('',3,(#5439,#5440,#5441,#5442,#5443),
 .UNSPECIFIED.,.F.,.F.,(4,1,4),(0.,0.572900090257972,1.),.UNSPECIFIED.);
#111=B_SPLINE_CURVE_WITH_KNOTS('',3,(#5445,#5446,#5447,#5448,#5449,#5450,
#5451),.UNSPECIFIED.,.F.,.F.,(4,1,1,1,4),(0.,0.250688217914667,0.502539278797799,
0.753227496712461,1.),.UNSPECIFIED.);
#112=B_SPLINE_CURVE_WITH_KNOTS('',3,(#5453,#5454,#5455,#5456,#5457),
 .UNSPECIFIED.,.F.,.F.,(4,1,4),(0.,0.460788509363506,1.),.UNSPECIFIED.);
#113=B_SPLINE_CURVE_WITH_KNOTS('',3,(#5459,#5460,#5461,#5462,#5463,#5464,
#5465,#5466,#5467,#5468,#5469,#5470,#5471,#5472,#5473),.UNSPECIFIED.,.F.,
 .F.,(4,1,1,1,1,1,1,1,1,1,1,1,4),(0.,0.0297505779918682,0.0653899419669631,
0.107839956044464,0.155322556820334,0.210950703527112,0.272157850969476,
0.340665933776309,0.415582530661298,0.569047880122618,0.717319781354535,
0.860205693071731,1.),.UNSPECIFIED.);
#114=B_SPLINE_CURVE_WITH_KNOTS('',3,(#5475,#5476,#5477,#5478,#5479,#5480,
#5481,#5482,#5483,#5484,#5485,#5486,#5487,#5488,#5489,#5490,#5491,#5492,
#5493),.UNSPECIFIED.,.F.,.F.,(4,1,1,1,1,1,1,1,1,1,1,1,1,1,1,1,4),(0.,0.0765958876320087,
0.148926027592759,0.218627946010932,0.284801204823082,0.34936674941459,
0.411423732266652,0.472131223711912,0.532456725284298,0.591740727110205,
0.648798595458725,0.705241683496349,0.76143392901526,0.818179582008289,
0.876894003066652,0.937134289055724,1.),.UNSPECIFIED.);
#115=B_SPLINE_CURVE_WITH_KNOTS('',3,(#5499,#5500,#5501,#5502,#5503,#5504,
#5505,#5506,#5507),.UNSPECIFIED.,.F.,.F.,(4,1,1,1,1,1,4),(0.,0.179178264507468,
0.337203964632742,0.468884061892384,0.587686499450396,0.793163766149263,
1.),.UNSPECIFIED.);
#116=B_SPLINE_CURVE_WITH_KNOTS('',3,(#5509,#5510,#5511,#5512,#5513,#5514,
#5515,#5516,#5517),.UNSPECIFIED.,.F.,.F.,(4,1,1,1,1,1,4),(0.,0.202004395439236,
0.404124365062875,0.52458225881773,0.658097256416879,0.818324970489932,
1.),.UNSPECIFIED.);
#117=B_SPLINE_CURVE_WITH_KNOTS('',3,(#5523,#5524,#5525,#5526,#5527,#5528,
#5529,#5530,#5531),.UNSPECIFIED.,.F.,.F.,(4,1,1,1,1,1,4),(0.,0.1894775774806,
0.350705242108811,0.486017178748627,0.6048561206926,0.808977486798912,1.),
 .UNSPECIFIED.);
#118=B_SPLINE_CURVE_WITH_KNOTS('',3,(#5532,#5533,#5534,#5535,#5536,#5537,
#5538,#5539,#5540),.UNSPECIFIED.,.F.,.F.,(4,1,1,1,1,1,4),(0.,0.202775911272262,
0.403931657556231,0.521044023156836,0.654390052115584,0.813275287005781,
1.),.UNSPECIFIED.);
#119=B_SPLINE_CURVE_WITH_KNOTS('',3,(#5549,#5550,#5551,#5552,#5553,#5554,
#5555,#5556,#5557),.UNSPECIFIED.,.F.,.F.,(4,1,1,1,1,1,4),(0.,0.184620666187311,
0.344460663312037,0.478137172728729,0.593489087248974,0.795745498032008,
1.),.UNSPECIFIED.);
#120=B_SPLINE_CURVE_WITH_KNOTS('',3,(#5559,#5560,#5561,#5562,#5563,#5564,
#5565,#5566,#5567),.UNSPECIFIED.,.F.,.F.,(4,1,1,1,1,1,4),(0.,0.197241989391814,
0.403028427206711,0.520646435223286,0.654663020777813,0.814909654559428,
1.),.UNSPECIFIED.);
#121=B_SPLINE_CURVE_WITH_KNOTS('',3,(#5571,#5572,#5573,#5574,#5575,#5576,
#5577,#5578,#5579),.UNSPECIFIED.,.F.,.F.,(4,1,1,1,1,1,4),(0.,0.185115524934828,
0.34158703306941,0.479282736587951,0.596916745233571,0.802731178017177,
1.),.UNSPECIFIED.);
#122=B_SPLINE_CURVE_WITH_KNOTS('',3,(#5581,#5582,#5583,#5584,#5585,#5586,
#5587,#5588,#5589),.UNSPECIFIED.,.F.,.F.,(4,1,1,1,1,1,4),(0.,0.204282218013918,
0.406566073714523,0.52193364076105,0.6592798847184,0.81535428195428,1.),
 .UNSPECIFIED.);
#123=B_SPLINE_CURVE_WITH_KNOTS('',3,(#5597,#5598,#5599,#5600,#5601,#5602,
#5603,#5604,#5605),.UNSPECIFIED.,.F.,.F.,(4,1,1,1,1,1,4),(0.,0.182762386239079,
0.340525852846675,0.47935848623174,0.597963778761541,0.804894885601273,
1.),.UNSPECIFIED.);
#124=B_SPLINE_CURVE_WITH_KNOTS('',3,(#5606,#5607,#5608,#5609,#5610,#5611,
#5612,#5613,#5614),.UNSPECIFIED.,.F.,.F.,(4,1,1,1,1,1,4),(0.,0.206830842380541,
0.40793515087866,0.524586414262017,0.657501469387385,0.816430978556772,
1.),.UNSPECIFIED.);
#125=B_SPLINE_CURVE_WITH_KNOTS('',3,(#5621,#5622,#5623,#5624,#5625,#5626,
#5627,#5628,#5629,#5630,#5631),.UNSPECIFIED.,.F.,.F.,(4,1,1,1,1,1,1,1,4),
(0.,0.136626011311144,0.267447518225643,0.392348244992358,0.514729992335219,
0.634381691849646,0.754141397691439,0.875462099208005,1.),.UNSPECIFIED.);
#126=B_SPLINE_CURVE_WITH_KNOTS('',3,(#5633,#5634,#5635,#5636,#5637,#5638,
#5639,#5640,#5641,#5642,#5643,#5644,#5645,#5646,#5647,#5648,#5649,#5650,
#5651),.UNSPECIFIED.,.F.,.F.,(4,1,1,1,1,1,1,1,1,1,1,1,1,1,1,1,4),(0.,0.0650619627191435,
0.127767001355677,0.189424631492989,0.250696056748394,0.31162244616898,
0.373250882021872,0.435769778778853,0.50026819477993,0.564410877863604,
0.627263342343056,0.688613041191246,0.749345015665658,0.809971068355234,
0.87182297490618,0.934938037280857,1.),.UNSPECIFIED.);
#127=B_SPLINE_CURVE_WITH_KNOTS('',3,(#5653,#5654,#5655,#5656,#5657,#5658,
#5659,#5660,#5661,#5662,#5663,#5664,#5665,#5666,#5667,#5668,#5669,#5670,
#5671),.UNSPECIFIED.,.F.,.F.,(4,1,1,1,1,1,1,1,1,1,1,1,1,1,1,1,4),(0.,0.0654634422079774,
0.129042865515306,0.191293873905914,0.252441187200195,0.313893476517519,
0.375762824153796,0.438534827189564,0.50372634016622,0.568388880748517,
0.631322390062469,0.69297670129382,0.753509453128235,0.813743808668731,
0.874698522793233,0.936591109797738,1.),.UNSPECIFIED.);
#128=B_SPLINE_CURVE_WITH_KNOTS('',3,(#5673,#5674,#5675,#5676,#5677,#5678,
#5679,#5680,#5681,#5682,#5683),.UNSPECIFIED.,.F.,.F.,(4,1,1,1,1,1,1,1,4),
(0.,0.126906077204578,0.249233246854838,0.369967647732311,0.490183627419249,
0.611646150139529,0.736067143206192,0.865040780211787,1.),.UNSPECIFIED.);
#129=B_SPLINE_CURVE_WITH_KNOTS('',3,(#5689,#5690,#5691,#5692,#5693,#5694,
#5695,#5696,#5697),.UNSPECIFIED.,.F.,.F.,(4,1,1,1,1,1,4),(0.,0.185115524934827,
0.341587033069409,0.479282736587952,0.596916745233572,0.802731178017178,
1.),.UNSPECIFIED.);
#130=B_SPLINE_CURVE_WITH_KNOTS('',3,(#5699,#5700,#5701,#5702,#5703,#5704,
#5705,#5706,#5707),.UNSPECIFIED.,.F.,.F.,(4,1,1,1,1,1,4),(0.,0.204282218013917,
0.406566073714522,0.52193364076105,0.659279884718401,0.81535428195428,1.),
 .UNSPECIFIED.);
#131=B_SPLINE_CURVE_WITH_KNOTS('',3,(#5715,#5716,#5717,#5718,#5719,#5720,
#5721,#5722,#5723),.UNSPECIFIED.,.F.,.F.,(4,1,1,1,1,1,4),(0.,0.18464571804572,
0.3407201152816,0.47806635923895,0.593433926285478,0.795717781986083,1.),
 .UNSPECIFIED.);
#132=B_SPLINE_CURVE_WITH_KNOTS('',3,(#5724,#5725,#5726,#5727,#5728,#5729,
#5730,#5731,#5732),.UNSPECIFIED.,.F.,.F.,(4,1,1,1,1,1,4),(0.,0.197620865746121,
0.400781318309099,0.518625255308727,0.657803374480008,0.814554119941701,
1.),.UNSPECIFIED.);
#133=B_SPLINE_CURVE_WITH_KNOTS('',3,(#5882,#5883,#5884,#5885,#5886,#5887,
#5888,#5889,#5890,#5891,#5892),.UNSPECIFIED.,.F.,.F.,(4,1,1,1,1,1,1,1,4),
(0.,0.136626011311144,0.267447518225643,0.392348244992358,0.514729992335219,
0.634381691849646,0.754141397691439,0.875462099208005,1.),.UNSPECIFIED.);
#134=B_SPLINE_CURVE_WITH_KNOTS('',3,(#5933,#5934,#5935,#5936,#5937,#5938,
#5939,#5940,#5941,#5942,#5943,#5944,#5945,#5946,#5947,#5948,#5949,#5950,
#5951),.UNSPECIFIED.,.F.,.F.,(4,1,1,1,1,1,1,1,1,1,1,1,1,1,1,1,4),(0.,0.0650619627191435,
0.127767001355677,0.189424631492989,0.250696056748394,0.31162244616898,
0.373250882021872,0.435769778778853,0.50026819477993,0.564410877863604,
0.627263342343056,0.688613041191246,0.749345015665658,0.809971068355234,
0.87182297490618,0.934938037280857,1.),.UNSPECIFIED.);
#135=B_SPLINE_CURVE_WITH_KNOTS('',3,(#5992,#5993,#5994,#5995,#5996,#5997,
#5998,#5999,#6000,#6001,#6002,#6003,#6004,#6005,#6006,#6007,#6008,#6009,
#6010),.UNSPECIFIED.,.F.,.F.,(4,1,1,1,1,1,1,1,1,1,1,1,1,1,1,1,4),(0.,0.0654634422079774,
0.129042865515306,0.191293873905914,0.252441187200195,0.313893476517519,
0.375762824153796,0.438534827189564,0.50372634016622,0.568388880748517,
0.631322390062469,0.69297670129382,0.753509453128235,0.813743808668731,
0.874698522793233,0.936591109797738,1.),.UNSPECIFIED.);
#136=B_SPLINE_CURVE_WITH_KNOTS('',3,(#6035,#6036,#6037,#6038,#6039,#6040,
#6041,#6042,#6043,#6044,#6045),.UNSPECIFIED.,.F.,.F.,(4,1,1,1,1,1,1,1,4),
(0.,0.126906077204578,0.249233246854838,0.369967647732311,0.490183627419249,
0.611646150139529,0.736067143206192,0.865040780211787,1.),.UNSPECIFIED.);
#137=B_SPLINE_CURVE_WITH_KNOTS('',3,(#6074,#6075,#6076,#6077,#6078,#6079,
#6080,#6081,#6082),.UNSPECIFIED.,.F.,.F.,(4,1,1,1,1,1,4),(0.,0.185115524934827,
0.341587033069409,0.479282736587952,0.596916745233572,0.802731178017178,
1.),.UNSPECIFIED.);
#138=B_SPLINE_CURVE_WITH_KNOTS('',3,(#6103,#6104,#6105,#6106,#6107,#6108,
#6109,#6110,#6111),.UNSPECIFIED.,.F.,.F.,(4,1,1,1,1,1,4),(0.,0.204282218013917,
0.406566073714522,0.52193364076105,0.659279884718401,0.81535428195428,1.),
 .UNSPECIFIED.);
#139=B_SPLINE_CURVE_WITH_KNOTS('',3,(#6144,#6145,#6146,#6147,#6148,#6149,
#6150,#6151,#6152),.UNSPECIFIED.,.F.,.F.,(4,1,1,1,1,1,4),(0.,0.18464571804572,
0.3407201152816,0.47806635923895,0.593433926285478,0.795717781986083,1.),
 .UNSPECIFIED.);
#140=B_SPLINE_CURVE_WITH_KNOTS('',3,(#6172,#6173,#6174,#6175,#6176,#6177,
#6178,#6179,#6180),.UNSPECIFIED.,.F.,.F.,(4,1,1,1,1,1,4),(0.,0.197620865746121,
0.400781318309099,0.518625255308727,0.657803374480008,0.814554119941701,
1.),.UNSPECIFIED.);
#141=B_SPLINE_CURVE_WITH_KNOTS('',3,(#6184,#6185,#6186,#6187,#6188,#6189,
#6190,#6191,#6192,#6193,#6194,#6195,#6196,#6197,#6198,#6199,#6200,#6201,
#6202),.UNSPECIFIED.,.F.,.F.,(4,1,1,1,1,1,1,1,1,1,1,1,1,1,1,1,4),(0.,0.0652318616809965,
0.129037047301083,0.191048643134218,0.252416471317374,0.313818562375889,
0.375670344539976,0.438755976768082,0.50421314544696,0.569399472695081,
0.632673093317722,0.694266302530873,0.754789653555463,0.815052837673709,
0.87597958709438,0.93725258879692,1.),.UNSPECIFIED.);
#142=B_SPLINE_CURVE_WITH_KNOTS('',3,(#6204,#6205,#6206,#6207,#6208,#6209,
#6210,#6211,#6212,#6213,#6214,#6215,#6216,#6217,#6218,#6219,#6220,#6221,
#6222),.UNSPECIFIED.,.F.,.F.,(4,1,1,1,1,1,1,1,1,1,1,1,1,1,1,1,4),(0.,0.0627474112030797,
0.12402041290562,0.184947162326291,0.245210346444537,0.305733697469127,
0.367326906682278,0.43060052730492,0.49578685455304,0.561244023231917,0.624329655460024,
0.686181437624111,0.747583528682627,0.808951356865782,0.870962952698918,
0.934768138319004,1.),.UNSPECIFIED.);
#143=B_SPLINE_CURVE_WITH_KNOTS('',3,(#6224,#6225,#6226,#6227,#6228,#6229,
#6230,#6231,#6232,#6233,#6234,#6235,#6236,#6237,#6238,#6239,#6240,#6241,
#6242),.UNSPECIFIED.,.F.,.F.,(4,1,1,1,1,1,1,1,1,1,1,1,1,1,1,1,4),(0.,0.0644592229291287,
0.127011967875342,0.18875943156289,0.249865869663911,0.311452208628627,
0.373721925815204,0.437717043178353,0.50362158477916,0.569526126379968,
0.633127080753459,0.695239003027705,0.755490311111661,0.816131257852078,
0.876437510989022,0.937519855073953,1.),.UNSPECIFIED.);
#144=B_SPLINE_CURVE_WITH_KNOTS('',3,(#6243,#6244,#6245,#6246,#6247,#6248,
#6249,#6250,#6251,#6252,#6253,#6254,#6255,#6256,#6257,#6258,#6259,#6260,
#6261),.UNSPECIFIED.,.F.,.F.,(4,1,1,1,1,1,1,1,1,1,1,1,1,1,1,1,4),(0.,0.0631810782829375,
0.124877556957882,0.185738877903301,0.246723733456776,0.306998969536832,
0.368760473172767,0.432173409402888,0.497478811701923,0.562661170269801,
0.626182807129569,0.687877252670154,0.749253704501882,0.810104719576269,
0.872058864009833,0.934817641432122,1.),.UNSPECIFIED.);
#145=B_SPLINE_CURVE_WITH_KNOTS('',3,(#6302,#6303,#6304,#6305,#6306,#6307,
#6308,#6309,#6310,#6311,#6312,#6313,#6314,#6315,#6316,#6317,#6318,#6319,
#6320),.UNSPECIFIED.,.F.,.F.,(4,1,1,1,1,1,1,1,1,1,1,1,1,1,1,1,4),(0.,0.0631810782829375,
0.124877556957882,0.185738877903301,0.246723733456776,0.306998969536832,
0.368760473172767,0.432173409402888,0.497478811701923,0.562661170269801,
0.626182807129569,0.687877252670154,0.749253704501882,0.810104719576269,
0.872058864009833,0.934817641432122,1.),.UNSPECIFIED.);
#146=B_SPLINE_CURVE_WITH_KNOTS('',3,(#6362,#6363,#6364,#6365,#6366,#6367,
#6368,#6369,#6370,#6371,#6372,#6373,#6374,#6375,#6376,#6377,#6378,#6379,
#6380),.UNSPECIFIED.,.F.,.F.,(4,1,1,1,1,1,1,1,1,1,1,1,1,1,1,1,4),(0.,0.0652318616809965,
0.129037047301083,0.191048643134218,0.252416471317374,0.313818562375889,
0.375670344539976,0.438755976768082,0.50421314544696,0.569399472695081,
0.632673093317722,0.694266302530873,0.754789653555463,0.815052837673709,
0.87597958709438,0.93725258879692,1.),.UNSPECIFIED.);
#147=B_SPLINE_CURVE_WITH_KNOTS('',3,(#6421,#6422,#6423,#6424,#6425,#6426,
#6427,#6428,#6429,#6430,#6431,#6432,#6433,#6434,#6435,#6436,#6437,#6438,
#6439),.UNSPECIFIED.,.F.,.F.,(4,1,1,1,1,1,1,1,1,1,1,1,1,1,1,1,4),(0.,0.0627474112030797,
0.12402041290562,0.184947162326291,0.245210346444537,0.305733697469127,
0.367326906682278,0.43060052730492,0.49578685455304,0.561244023231917,0.624329655460024,
0.686181437624111,0.747583528682627,0.808951356865782,0.870962952698918,
0.934768138319004,1.),.UNSPECIFIED.);
#148=B_SPLINE_CURVE_WITH_KNOTS('',3,(#6479,#6480,#6481,#6482,#6483,#6484,
#6485,#6486,#6487,#6488,#6489,#6490,#6491,#6492,#6493,#6494,#6495,#6496,
#6497),.UNSPECIFIED.,.F.,.F.,(4,1,1,1,1,1,1,1,1,1,1,1,1,1,1,1,4),(0.,0.0644592229291287,
0.127011967875342,0.18875943156289,0.249865869663911,0.311452208628627,
0.373721925815204,0.437717043178353,0.50362158477916,0.569526126379968,
0.633127080753459,0.695239003027705,0.755490311111661,0.816131257852078,
0.876437510989022,0.937519855073953,1.),.UNSPECIFIED.);
#149=B_SPLINE_CURVE_WITH_KNOTS('',3,(#6549,#6550,#6551,#6552,#6553,#6554,
#6555,#6556,#6557),.UNSPECIFIED.,.F.,.F.,(4,1,1,1,1,1,4),(0.,0.184620666187311,
0.344460663312037,0.478137172728729,0.593489087248974,0.795745498032008,
1.),.UNSPECIFIED.);
#150=B_SPLINE_CURVE_WITH_KNOTS('',3,(#6578,#6579,#6580,#6581,#6582,#6583,
#6584,#6585,#6586),.UNSPECIFIED.,.F.,.F.,(4,1,1,1,1,1,4),(0.,0.197241989391814,
0.403028427206711,0.520646435223286,0.654663020777813,0.814909654559428,
1.),.UNSPECIFIED.);
#151=B_SPLINE_CURVE_WITH_KNOTS('',3,(#6611,#6612,#6613,#6614,#6615,#6616,
#6617,#6618,#6619),.UNSPECIFIED.,.F.,.F.,(4,1,1,1,1,1,4),(0.,0.185115524934828,
0.34158703306941,0.479282736587951,0.596916745233571,0.802731178017177,
1.),.UNSPECIFIED.);
#152=B_SPLINE_CURVE_WITH_KNOTS('',3,(#6640,#6641,#6642,#6643,#6644,#6645,
#6646,#6647,#6648),.UNSPECIFIED.,.F.,.F.,(4,1,1,1,1,1,4),(0.,0.204282218013918,
0.406566073714523,0.52193364076105,0.6592798847184,0.81535428195428,1.),
 .UNSPECIFIED.);
#153=B_SPLINE_CURVE_WITH_KNOTS('',3,(#6681,#6682,#6683,#6684,#6685,#6686,
#6687,#6688,#6689),.UNSPECIFIED.,.F.,.F.,(4,1,1,1,1,1,4),(0.,0.182762386239079,
0.340525852846675,0.47935848623174,0.597963778761541,0.804894885601273,
1.),.UNSPECIFIED.);
#154=B_SPLINE_CURVE_WITH_KNOTS('',3,(#6709,#6710,#6711,#6712,#6713,#6714,
#6715,#6716,#6717),.UNSPECIFIED.,.F.,.F.,(4,1,1,1,1,1,4),(0.,0.206830842380541,
0.40793515087866,0.524586414262017,0.657501469387385,0.816430978556772,
1.),.UNSPECIFIED.);
#155=B_SPLINE_CURVE_WITH_KNOTS('',3,(#6748,#6749,#6750,#6751,#6752,#6753,
#6754,#6755,#6756),.UNSPECIFIED.,.F.,.F.,(4,1,1,1,1,1,4),(0.,0.185052005796203,
0.341469823483048,0.475458648820168,0.593052293423361,0.795268286792266,
1.),.UNSPECIFIED.);
#156=B_SPLINE_CURVE_WITH_KNOTS('',3,(#6777,#6778,#6779,#6780,#6781,#6782,
#6783,#6784,#6785),.UNSPECIFIED.,.F.,.F.,(4,1,1,1,1,1,4),(0.,0.19751734467343,
0.40599674721425,0.523778953228525,0.657982629649305,0.814651263309419,
1.),.UNSPECIFIED.);
#157=B_SPLINE_CURVE_WITH_KNOTS('',3,(#6826,#6827,#6828,#6829,#6830,#6831,
#6832,#6833,#6834,#6835,#6836,#6837,#6838,#6839,#6840),.UNSPECIFIED.,.F.,
 .F.,(4,1,1,1,1,1,1,1,1,1,1,1,4),(0.,0.111976941110103,0.218561658908743,
0.32684362204945,0.440475211518192,0.500088167915923,0.561713549731213,
0.625267341151194,0.691919886328918,0.762858306668815,0.837197129804,0.916387671742247,
1.),.UNSPECIFIED.);
#158=B_SPLINE_CURVE_WITH_KNOTS('',3,(#6865,#6866,#6867,#6868,#6869,#6870,
#6871,#6872,#6873,#6874,#6875),.UNSPECIFIED.,.F.,.F.,(4,1,1,1,1,1,1,1,4),
(0.,0.124402178702234,0.254515439785176,0.390021361032085,0.532233684027226,
0.670566169584616,0.794575820223965,0.903561644031923,1.),.UNSPECIFIED.);
#159=B_SPLINE_CURVE_WITH_KNOTS('',3,(#6888,#6889,#6890,#6891,#6892),
 .UNSPECIFIED.,.F.,.F.,(4,1,4),(0.,0.572900090257972,1.),.UNSPECIFIED.);
#160=B_SPLINE_CURVE_WITH_KNOTS('',3,(#6909,#6910,#6911,#6912,#6913,#6914,
#6915),.UNSPECIFIED.,.F.,.F.,(4,1,1,1,4),(0.,0.250688217914667,0.502539278797799,
0.753227496712461,1.),.UNSPECIFIED.);
#161=B_SPLINE_CURVE_WITH_KNOTS('',3,(#6928,#6929,#6930,#6931,#6932),
 .UNSPECIFIED.,.F.,.F.,(4,1,4),(0.,0.460788509363506,1.),.UNSPECIFIED.);
#162=B_SPLINE_CURVE_WITH_KNOTS('',3,(#6965,#6966,#6967,#6968,#6969,#6970,
#6971,#6972,#6973,#6974,#6975,#6976,#6977,#6978,#6979),.UNSPECIFIED.,.F.,
 .F.,(4,1,1,1,1,1,1,1,1,1,1,1,4),(0.,0.0297505779918682,0.0653899419669631,
0.107839956044464,0.155322556820334,0.210950703527112,0.272157850969476,
0.340665933776309,0.415582530661298,0.569047880122618,0.717319781354535,
0.860205693071731,1.),.UNSPECIFIED.);
#163=B_SPLINE_CURVE_WITH_KNOTS('',3,(#7020,#7021,#7022,#7023,#7024,#7025,
#7026,#7027,#7028,#7029,#7030,#7031,#7032,#7033,#7034,#7035,#7036,#7037,
#7038),.UNSPECIFIED.,.F.,.F.,(4,1,1,1,1,1,1,1,1,1,1,1,1,1,1,1,4),(0.,0.0765958876320087,
0.148926027592759,0.218627946010932,0.284801204823082,0.34936674941459,
0.411423732266652,0.472131223711912,0.532456725284298,0.591740727110205,
0.648798595458725,0.705241683496349,0.76143392901526,0.818179582008289,
0.876894003066652,0.937134289055724,1.),.UNSPECIFIED.);
#164=B_SPLINE_CURVE_WITH_KNOTS('',3,(#7067,#7068,#7069,#7070,#7071,#7072,
#7073,#7074,#7075),.UNSPECIFIED.,.F.,.F.,(4,1,1,1,1,1,4),(0.,0.179178264507468,
0.337203964632742,0.468884061892384,0.587686499450396,0.793163766149263,
1.),.UNSPECIFIED.);
#165=B_SPLINE_CURVE_WITH_KNOTS('',3,(#7096,#7097,#7098,#7099,#7100,#7101,
#7102,#7103,#7104),.UNSPECIFIED.,.F.,.F.,(4,1,1,1,1,1,4),(0.,0.202004395439236,
0.404124365062875,0.52458225881773,0.658097256416879,0.818324970489932,
1.),.UNSPECIFIED.);
#166=B_SPLINE_CURVE_WITH_KNOTS('',3,(#7133,#7134,#7135,#7136,#7137,#7138,
#7139,#7140,#7141),.UNSPECIFIED.,.F.,.F.,(4,1,1,1,1,1,4),(0.,0.1894775774806,
0.350705242108811,0.486017178748627,0.6048561206926,0.808977486798912,1.),
 .UNSPECIFIED.);
#167=B_SPLINE_CURVE_WITH_KNOTS('',3,(#7161,#7162,#7163,#7164,#7165,#7166,
#7167,#7168,#7169),.UNSPECIFIED.,.F.,.F.,(4,1,1,1,1,1,4),(0.,0.202775911272262,
0.403931657556231,0.521044023156836,0.654390052115584,0.813275287005781,
1.),.UNSPECIFIED.);
#168=FACE_BOUND('',#1393,.T.);
#169=FACE_BOUND('',#1399,.T.);
#170=FACE_BOUND('',#1400,.T.);
#171=FACE_BOUND('',#1420,.T.);
#172=FACE_BOUND('',#1421,.T.);
#173=FACE_BOUND('',#1425,.T.);
#174=FACE_BOUND('',#1456,.T.);
#175=FACE_BOUND('',#1457,.T.);
#176=FACE_BOUND('',#1473,.T.);
#177=FACE_BOUND('',#1474,.T.);
#178=FACE_BOUND('',#1475,.T.);
#179=FACE_BOUND('',#1477,.T.);
#180=FACE_BOUND('',#1478,.T.);
#181=FACE_BOUND('',#1479,.T.);
#182=FACE_BOUND('',#1480,.T.);
#183=FACE_BOUND('',#1490,.T.);
#184=FACE_BOUND('',#1494,.T.);
#185=FACE_BOUND('',#1498,.T.);
#186=FACE_BOUND('',#1528,.T.);
#187=PLANE('',#3812);
#188=PLANE('',#3819);
#189=PLANE('',#3822);
#190=PLANE('',#3823);
#191=PLANE('',#3824);
#192=PLANE('',#3825);
#193=PLANE('',#3826);
#194=PLANE('',#3827);
#195=PLANE('',#3828);
#196=PLANE('',#3829);
#197=PLANE('',#3830);
#198=PLANE('',#3831);
#199=PLANE('',#3832);
#200=PLANE('',#3833);
#201=PLANE('',#3834);
#202=PLANE('',#3835);
#203=PLANE('',#3836);
#204=PLANE('',#3837);
#205=PLANE('',#3838);
#206=PLANE('',#3839);
#207=PLANE('',#3840);
#208=PLANE('',#3841);
#209=PLANE('',#3842);
#210=PLANE('',#3843);
#211=PLANE('',#3844);
#212=PLANE('',#3845);
#213=PLANE('',#3846);
#214=PLANE('',#3847);
#215=PLANE('',#3848);
#216=PLANE('',#3849);
#217=PLANE('',#3856);
#218=PLANE('',#3857);
#219=PLANE('',#3858);
#220=PLANE('',#3859);
#221=PLANE('',#3860);
#222=PLANE('',#3861);
#223=PLANE('',#3862);
#224=PLANE('',#3864);
#225=PLANE('',#3865);
#226=PLANE('',#3867);
#227=PLANE('',#3868);
#228=PLANE('',#3869);
#229=PLANE('',#3872);
#230=PLANE('',#3875);
#231=PLANE('',#3876);
#232=PLANE('',#3877);
#233=PLANE('',#3878);
#234=PLANE('',#3879);
#235=PLANE('',#3884);
#236=PLANE('',#3885);
#237=PLANE('',#3886);
#238=PLANE('',#3887);
#239=PLANE('',#3892);
#240=PLANE('',#3893);
#241=PLANE('',#3897);
#242=PLANE('',#3898);
#243=PLANE('',#3899);
#244=PLANE('',#3900);
#245=PLANE('',#3901);
#246=PLANE('',#3902);
#247=PLANE('',#3903);
#248=PLANE('',#3904);
#249=PLANE('',#3907);
#250=PLANE('',#3908);
#251=PLANE('',#3909);
#252=PLANE('',#3910);
#253=PLANE('',#3911);
#254=PLANE('',#3912);
#255=PLANE('',#3913);
#256=PLANE('',#3914);
#257=PLANE('',#3915);
#258=PLANE('',#3916);
#259=PLANE('',#3917);
#260=PLANE('',#3918);
#261=PLANE('',#3919);
#262=PLANE('',#3920);
#263=PLANE('',#3921);
#264=PLANE('',#3922);
#265=PLANE('',#3923);
#266=PLANE('',#3924);
#267=PLANE('',#3925);
#268=PLANE('',#3926);
#269=PLANE('',#3927);
#270=PLANE('',#3928);
#271=PLANE('',#3929);
#272=PLANE('',#3930);
#273=PLANE('',#3931);
#274=PLANE('',#3932);
#275=PLANE('',#3933);
#276=PLANE('',#3934);
#277=PLANE('',#3935);
#278=PLANE('',#3936);
#279=PLANE('',#3937);
#280=PLANE('',#3938);
#281=PLANE('',#3939);
#282=PLANE('',#3940);
#283=PLANE('',#3941);
#284=PLANE('',#3942);
#285=PLANE('',#3943);
#286=PLANE('',#3944);
#287=PLANE('',#3945);
#288=PLANE('',#3946);
#289=PLANE('',#3947);
#290=PLANE('',#3948);
#291=PLANE('',#3949);
#292=PLANE('',#3950);
#293=PLANE('',#3951);
#294=PLANE('',#3952);
#295=PLANE('',#3953);
#296=PLANE('',#3954);
#297=PLANE('',#3955);
#298=PLANE('',#3956);
#299=PLANE('',#3957);
#300=PLANE('',#3958);
#301=PLANE('',#3959);
#302=PLANE('',#3960);
#303=PLANE('',#3961);
#304=PLANE('',#3962);
#305=PLANE('',#3963);
#306=PLANE('',#3964);
#307=PLANE('',#3965);
#308=PLANE('',#3966);
#309=PLANE('',#3967);
#310=PLANE('',#3968);
#311=PLANE('',#3969);
#312=PLANE('',#3970);
#313=PLANE('',#3972);
#314=PLANE('',#3974);
#315=PLANE('',#3975);
#316=PLANE('',#3976);
#317=PLANE('',#3977);
#318=PLANE('',#3978);
#319=PLANE('',#3979);
#320=PLANE('',#3982);
#321=PLANE('',#3983);
#322=PLANE('',#3984);
#323=PLANE('',#3985);
#324=PLANE('',#3986);
#325=PLANE('',#3987);
#326=PLANE('',#3988);
#327=PLANE('',#3989);
#328=PLANE('',#3990);
#329=PLANE('',#3991);
#330=PLANE('',#3992);
#331=PLANE('',#3993);
#332=PLANE('',#3994);
#333=PLANE('',#3995);
#334=PLANE('',#4002);
#335=PLANE('',#4004);
#336=LINE('',#4859,#762);
#337=LINE('',#4864,#763);
#338=LINE('',#4866,#764);
#339=LINE('',#4868,#765);
#340=LINE('',#4869,#766);
#341=LINE('',#4908,#767);
#342=LINE('',#4910,#768);
#343=LINE('',#4911,#769);
#344=LINE('',#4914,#770);
#345=LINE('',#4919,#771);
#346=LINE('',#4921,#772);
#347=LINE('',#4923,#773);
#348=LINE('',#4924,#774);
#349=LINE('',#4927,#775);
#350=LINE('',#4929,#776);
#351=LINE('',#4931,#777);
#352=LINE('',#4933,#778);
#353=LINE('',#4935,#779);
#354=LINE('',#4937,#780);
#355=LINE('',#4939,#781);
#356=LINE('',#4941,#782);
#357=LINE('',#4942,#783);
#358=LINE('',#4945,#784);
#359=LINE('',#4947,#785);
#360=LINE('',#4948,#786);
#361=LINE('',#4950,#787);
#362=LINE('',#4951,#788);
#363=LINE('',#4956,#789);
#364=LINE('',#4958,#790);
#365=LINE('',#4959,#791);
#366=LINE('',#4960,#792);
#367=LINE('',#4963,#793);
#368=LINE('',#4965,#794);
#369=LINE('',#4966,#795);
#370=LINE('',#4969,#796);
#371=LINE('',#4970,#797);
#372=LINE('',#4971,#798);
#373=LINE('',#4973,#799);
#374=LINE('',#4978,#800);
#375=LINE('',#4979,#801);
#376=LINE('',#4981,#802);
#377=LINE('',#4983,#803);
#378=LINE('',#4984,#804);
#379=LINE('',#4988,#805);
#380=LINE('',#4990,#806);
#381=LINE('',#4992,#807);
#382=LINE('',#4993,#808);
#383=LINE('',#4996,#809);
#384=LINE('',#4998,#810);
#385=LINE('',#4999,#811);
#386=LINE('',#5003,#812);
#387=LINE('',#5005,#813);
#388=LINE('',#5007,#814);
#389=LINE('',#5008,#815);
#390=LINE('',#5011,#816);
#391=LINE('',#5013,#817);
#392=LINE('',#5015,#818);
#393=LINE('',#5017,#819);
#394=LINE('',#5018,#820);
#395=LINE('',#5021,#821);
#396=LINE('',#5023,#822);
#397=LINE('',#5024,#823);
#398=LINE('',#5025,#824);
#399=LINE('',#5028,#825);
#400=LINE('',#5029,#826);
#401=LINE('',#5031,#827);
#402=LINE('',#5032,#828);
#403=LINE('',#5035,#829);
#404=LINE('',#5037,#830);
#405=LINE('',#5038,#831);
#406=LINE('',#5041,#832);
#407=LINE('',#5043,#833);
#408=LINE('',#5044,#834);
#409=LINE('',#5045,#835);
#410=LINE('',#5047,#836);
#411=LINE('',#5049,#837);
#412=LINE('',#5050,#838);
#413=LINE('',#5051,#839);
#414=LINE('',#5052,#840);
#415=LINE('',#5053,#841);
#416=LINE('',#5056,#842);
#417=LINE('',#5058,#843);
#418=LINE('',#5061,#844);
#419=LINE('',#5063,#845);
#420=LINE('',#5065,#846);
#421=LINE('',#5067,#847);
#422=LINE('',#5069,#848);
#423=LINE('',#5071,#849);
#424=LINE('',#5072,#850);
#425=LINE('',#5075,#851);
#426=LINE('',#5077,#852);
#427=LINE('',#5078,#853);
#428=LINE('',#5081,#854);
#429=LINE('',#5082,#855);
#430=LINE('',#5085,#856);
#431=LINE('',#5086,#857);
#432=LINE('',#5092,#858);
#433=LINE('',#5095,#859);
#434=LINE('',#5101,#860);
#435=LINE('',#5104,#861);
#436=LINE('',#5107,#862);
#437=LINE('',#5108,#863);
#438=LINE('',#5111,#864);
#439=LINE('',#5112,#865);
#440=LINE('',#5115,#866);
#441=LINE('',#5116,#867);
#442=LINE('',#5119,#868);
#443=LINE('',#5120,#869);
#444=LINE('',#5123,#870);
#445=LINE('',#5124,#871);
#446=LINE('',#5128,#872);
#447=LINE('',#5130,#873);
#448=LINE('',#5132,#874);
#449=LINE('',#5133,#875);
#450=LINE('',#5138,#876);
#451=LINE('',#5139,#877);
#452=LINE('',#5140,#878);
#453=LINE('',#5144,#879);
#454=LINE('',#5146,#880);
#455=LINE('',#5150,#881);
#456=LINE('',#5151,#882);
#457=LINE('',#5154,#883);
#458=LINE('',#5156,#884);
#459=LINE('',#5157,#885);
#460=LINE('',#5160,#886);
#461=LINE('',#5162,#887);
#462=LINE('',#5163,#888);
#463=LINE('',#5166,#889);
#464=LINE('',#5168,#890);
#465=LINE('',#5169,#891);
#466=LINE('',#5176,#892);
#467=LINE('',#5178,#893);
#468=LINE('',#5180,#894);
#469=LINE('',#5183,#895);
#470=LINE('',#5184,#896);
#471=LINE('',#5186,#897);
#472=LINE('',#5189,#898);
#473=LINE('',#5191,#899);
#474=LINE('',#5192,#900);
#475=LINE('',#5194,#901);
#476=LINE('',#5195,#902);
#477=LINE('',#5197,#903);
#478=LINE('',#5199,#904);
#479=LINE('',#5202,#905);
#480=LINE('',#5206,#906);
#481=LINE('',#5209,#907);
#482=LINE('',#5211,#908);
#483=LINE('',#5213,#909);
#484=LINE('',#5221,#910);
#485=LINE('',#5224,#911);
#486=LINE('',#5227,#912);
#487=LINE('',#5229,#913);
#488=LINE('',#5230,#914);
#489=LINE('',#5233,#915);
#490=LINE('',#5235,#916);
#491=LINE('',#5237,#917);
#492=LINE('',#5239,#918);
#493=LINE('',#5241,#919);
#494=LINE('',#5243,#920);
#495=LINE('',#5245,#921);
#496=LINE('',#5250,#922);
#497=LINE('',#5253,#923);
#498=LINE('',#5254,#924);
#499=LINE('',#5257,#925);
#500=LINE('',#5258,#926);
#501=LINE('',#5261,#927);
#502=LINE('',#5262,#928);
#503=LINE('',#5265,#929);
#504=LINE('',#5266,#930);
#505=LINE('',#5269,#931);
#506=LINE('',#5270,#932);
#507=LINE('',#5273,#933);
#508=LINE('',#5274,#934);
#509=LINE('',#5276,#935);
#510=LINE('',#5283,#936);
#511=LINE('',#5285,#937);
#512=LINE('',#5287,#938);
#513=LINE('',#5288,#939);
#514=LINE('',#5292,#940);
#515=LINE('',#5294,#941);
#516=LINE('',#5296,#942);
#517=LINE('',#5298,#943);
#518=LINE('',#5300,#944);
#519=LINE('',#5301,#945);
#520=LINE('',#5305,#946);
#521=LINE('',#5307,#947);
#522=LINE('',#5309,#948);
#523=LINE('',#5311,#949);
#524=LINE('',#5313,#950);
#525=LINE('',#5315,#951);
#526=LINE('',#5317,#952);
#527=LINE('',#5318,#953);
#528=LINE('',#5321,#954);
#529=LINE('',#5323,#955);
#530=LINE('',#5325,#956);
#531=LINE('',#5326,#957);
#532=LINE('',#5329,#958);
#533=LINE('',#5331,#959);
#534=LINE('',#5333,#960);
#535=LINE('',#5334,#961);
#536=LINE('',#5337,#962);
#537=LINE('',#5339,#963);
#538=LINE('',#5341,#964);
#539=LINE('',#5342,#965);
#540=LINE('',#5346,#966);
#541=LINE('',#5348,#967);
#542=LINE('',#5350,#968);
#543=LINE('',#5352,#969);
#544=LINE('',#5354,#970);
#545=LINE('',#5356,#971);
#546=LINE('',#5358,#972);
#547=LINE('',#5360,#973);
#548=LINE('',#5362,#974);
#549=LINE('',#5364,#975);
#550=LINE('',#5366,#976);
#551=LINE('',#5368,#977);
#552=LINE('',#5370,#978);
#553=LINE('',#5371,#979);
#554=LINE('',#5372,#980);
#555=LINE('',#5375,#981);
#556=LINE('',#5377,#982);
#557=LINE('',#5379,#983);
#558=LINE('',#5380,#984);
#559=LINE('',#5383,#985);
#560=LINE('',#5385,#986);
#561=LINE('',#5407,#987);
#562=LINE('',#5409,#988);
#563=LINE('',#5495,#989);
#564=LINE('',#5497,#990);
#565=LINE('',#5519,#991);
#566=LINE('',#5521,#992);
#567=LINE('',#5543,#993);
#568=LINE('',#5545,#994);
#569=LINE('',#5547,#995);
#570=LINE('',#5569,#996);
#571=LINE('',#5591,#997);
#572=LINE('',#5593,#998);
#573=LINE('',#5595,#999);
#574=LINE('',#5617,#1000);
#575=LINE('',#5619,#1001);
#576=LINE('',#5685,#1002);
#577=LINE('',#5687,#1003);
#578=LINE('',#5709,#1004);
#579=LINE('',#5711,#1005);
#580=LINE('',#5713,#1006);
#581=LINE('',#5735,#1007);
#582=LINE('',#5737,#1008);
#583=LINE('',#5738,#1009);
#584=LINE('',#5741,#1010);
#585=LINE('',#5743,#1011);
#586=LINE('',#5744,#1012);
#587=LINE('',#5747,#1013);
#588=LINE('',#5749,#1014);
#589=LINE('',#5750,#1015);
#590=LINE('',#5752,#1016);
#591=LINE('',#5755,#1017);
#592=LINE('',#5756,#1018);
#593=LINE('',#5759,#1019);
#594=LINE('',#5761,#1020);
#595=LINE('',#5763,#1021);
#596=LINE('',#5765,#1022);
#597=LINE('',#5766,#1023);
#598=LINE('',#5768,#1024);
#599=LINE('',#5770,#1025);
#600=LINE('',#5772,#1026);
#601=LINE('',#5773,#1027);
#602=LINE('',#5775,#1028);
#603=LINE('',#5777,#1029);
#604=LINE('',#5778,#1030);
#605=LINE('',#5780,#1031);
#606=LINE('',#5782,#1032);
#607=LINE('',#5783,#1033);
#608=LINE('',#5785,#1034);
#609=LINE('',#5787,#1035);
#610=LINE('',#5789,#1036);
#611=LINE('',#5792,#1037);
#612=LINE('',#5794,#1038);
#613=LINE('',#5796,#1039);
#614=LINE('',#5797,#1040);
#615=LINE('',#5800,#1041);
#616=LINE('',#5802,#1042);
#617=LINE('',#5805,#1043);
#618=LINE('',#5807,#1044);
#619=LINE('',#5809,#1045);
#620=LINE('',#5810,#1046);
#621=LINE('',#5813,#1047);
#622=LINE('',#5815,#1048);
#623=LINE('',#5818,#1049);
#624=LINE('',#5820,#1050);
#625=LINE('',#5822,#1051);
#626=LINE('',#5823,#1052);
#627=LINE('',#5826,#1053);
#628=LINE('',#5827,#1054);
#629=LINE('',#5829,#1055);
#630=LINE('',#5831,#1056);
#631=LINE('',#5834,#1057);
#632=LINE('',#5835,#1058);
#633=LINE('',#5837,#1059);
#634=LINE('',#5839,#1060);
#635=LINE('',#5842,#1061);
#636=LINE('',#5843,#1062);
#637=LINE('',#5845,#1063);
#638=LINE('',#5847,#1064);
#639=LINE('',#5851,#1065);
#640=LINE('',#5853,#1066);
#641=LINE('',#5854,#1067);
#642=LINE('',#5857,#1068);
#643=LINE('',#5858,#1069);
#644=LINE('',#5893,#1070);
#645=LINE('',#5952,#1071);
#646=LINE('',#6011,#1072);
#647=LINE('',#6046,#1073);
#648=LINE('',#6049,#1074);
#649=LINE('',#6050,#1075);
#650=LINE('',#6053,#1076);
#651=LINE('',#6054,#1077);
#652=LINE('',#6083,#1078);
#653=LINE('',#6112,#1079);
#654=LINE('',#6115,#1080);
#655=LINE('',#6116,#1081);
#656=LINE('',#6119,#1082);
#657=LINE('',#6120,#1083);
#658=LINE('',#6123,#1084);
#659=LINE('',#6124,#1085);
#660=LINE('',#6153,#1086);
#661=LINE('',#6321,#1087);
#662=LINE('',#6322,#1088);
#663=LINE('',#6381,#1089);
#664=LINE('',#6440,#1090);
#665=LINE('',#6501,#1091);
#666=LINE('',#6503,#1092);
#667=LINE('',#6504,#1093);
#668=LINE('',#6507,#1094);
#669=LINE('',#6508,#1095);
#670=LINE('',#6511,#1096);
#671=LINE('',#6512,#1097);
#672=LINE('',#6514,#1098);
#673=LINE('',#6518,#1099);
#674=LINE('',#6520,#1100);
#675=LINE('',#6521,#1101);
#676=LINE('',#6524,#1102);
#677=LINE('',#6525,#1103);
#678=LINE('',#6528,#1104);
#679=LINE('',#6529,#1105);
#680=LINE('',#6558,#1106);
#681=LINE('',#6587,#1107);
#682=LINE('',#6590,#1108);
#683=LINE('',#6591,#1109);
#684=LINE('',#6620,#1110);
#685=LINE('',#6649,#1111);
#686=LINE('',#6652,#1112);
#687=LINE('',#6653,#1113);
#688=LINE('',#6656,#1114);
#689=LINE('',#6657,#1115);
#690=LINE('',#6660,#1116);
#691=LINE('',#6661,#1117);
#692=LINE('',#6690,#1118);
#693=LINE('',#6721,#1119);
#694=LINE('',#6723,#1120);
#695=LINE('',#6724,#1121);
#696=LINE('',#6727,#1122);
#697=LINE('',#6728,#1123);
#698=LINE('',#6757,#1124);
#699=LINE('',#6786,#1125);
#700=LINE('',#6789,#1126);
#701=LINE('',#6790,#1127);
#702=LINE('',#6793,#1128);
#703=LINE('',#6794,#1129);
#704=LINE('',#6841,#1130);
#705=LINE('',#6876,#1131);
#706=LINE('',#6893,#1132);
#707=LINE('',#6916,#1133);
#708=LINE('',#6933,#1134);
#709=LINE('',#6980,#1135);
#710=LINE('',#7039,#1136);
#711=LINE('',#7042,#1137);
#712=LINE('',#7043,#1138);
#713=LINE('',#7046,#1139);
#714=LINE('',#7047,#1140);
#715=LINE('',#7076,#1141);
#716=LINE('',#7105,#1142);
#717=LINE('',#7108,#1143);
#718=LINE('',#7109,#1144);
#719=LINE('',#7112,#1145);
#720=LINE('',#7113,#1146);
#721=LINE('',#7142,#1147);
#722=LINE('',#7173,#1148);
#723=LINE('',#7175,#1149);
#724=LINE('',#7176,#1150);
#725=LINE('',#7177,#1151);
#726=LINE('',#7182,#1152);
#727=LINE('',#7183,#1153);
#728=LINE('',#7185,#1154);
#729=LINE('',#7186,#1155);
#730=LINE('',#7188,#1156);
#731=LINE('',#7189,#1157);
#732=LINE('',#7193,#1158);
#733=LINE('',#7194,#1159);
#734=LINE('',#7202,#1160);
#735=LINE('',#7204,#1161);
#736=LINE('',#7206,#1162);
#737=LINE('',#7207,#1163);
#738=LINE('',#7210,#1164);
#739=LINE('',#7212,#1165);
#740=LINE('',#7213,#1166);
#741=LINE('',#7216,#1167);
#742=LINE('',#7218,#1168);
#743=LINE('',#7219,#1169);
#744=LINE('',#7221,#1170);
#745=LINE('',#7222,#1171);
#746=LINE('',#7226,#1172);
#747=LINE('',#7228,#1173);
#748=LINE('',#7230,#1174);
#749=LINE('',#7231,#1175);
#750=LINE('',#7235,#1176);
#751=LINE('',#7237,#1177);
#752=LINE('',#7239,#1178);
#753=LINE('',#7240,#1179);
#754=LINE('',#7242,#1180);
#755=LINE('',#7243,#1181);
#756=LINE('',#7245,#1182);
#757=LINE('',#7246,#1183);
#758=LINE('',#7250,#1184);
#759=LINE('',#7251,#1185);
#760=LINE('',#7253,#1186);
#761=LINE('',#7255,#1187);
#762=VECTOR('',#4025,3.);
#763=VECTOR('',#4030,10.);
#764=VECTOR('',#4031,10.);
#765=VECTOR('',#4032,10.);
#766=VECTOR('',#4033,10.);
#767=VECTOR('',#4048,10.);
#768=VECTOR('',#4049,10.);
#769=VECTOR('',#4050,10.);
#770=VECTOR('',#4053,2.75);
#771=VECTOR('',#4058,10.);
#772=VECTOR('',#4059,10.);
#773=VECTOR('',#4060,10.);
#774=VECTOR('',#4061,10.);
#775=VECTOR('',#4064,10.);
#776=VECTOR('',#4065,10.);
#777=VECTOR('',#4066,10.);
#778=VECTOR('',#4067,10.);
#779=VECTOR('',#4068,10.);
#780=VECTOR('',#4069,10.);
#781=VECTOR('',#4070,10.);
#782=VECTOR('',#4071,10.);
#783=VECTOR('',#4072,10.);
#784=VECTOR('',#4075,10.);
#785=VECTOR('',#4076,10.);
#786=VECTOR('',#4077,10.);
#787=VECTOR('',#4080,10.);
#788=VECTOR('',#4081,10.);
#789=VECTOR('',#4086,10.);
#790=VECTOR('',#4087,10.);
#791=VECTOR('',#4088,10.);
#792=VECTOR('',#4089,10.);
#793=VECTOR('',#4092,10.);
#794=VECTOR('',#4093,10.);
#795=VECTOR('',#4094,10.);
#796=VECTOR('',#4097,10.);
#797=VECTOR('',#4098,10.);
#798=VECTOR('',#4099,10.);
#799=VECTOR('',#4102,10.);
#800=VECTOR('',#4107,10.);
#801=VECTOR('',#4108,10.);
#802=VECTOR('',#4109,10.);
#803=VECTOR('',#4110,10.);
#804=VECTOR('',#4111,10.);
#805=VECTOR('',#4114,10.);
#806=VECTOR('',#4115,10.);
#807=VECTOR('',#4116,10.);
#808=VECTOR('',#4117,10.);
#809=VECTOR('',#4120,10.);
#810=VECTOR('',#4121,10.);
#811=VECTOR('',#4122,10.);
#812=VECTOR('',#4125,10.);
#813=VECTOR('',#4126,10.);
#814=VECTOR('',#4127,10.);
#815=VECTOR('',#4128,10.);
#816=VECTOR('',#4131,10.);
#817=VECTOR('',#4132,10.);
#818=VECTOR('',#4133,10.);
#819=VECTOR('',#4134,10.);
#820=VECTOR('',#4135,10.);
#821=VECTOR('',#4138,10.);
#822=VECTOR('',#4139,10.);
#823=VECTOR('',#4140,10.);
#824=VECTOR('',#4141,10.);
#825=VECTOR('',#4144,10.);
#826=VECTOR('',#4145,10.);
#827=VECTOR('',#4146,10.);
#828=VECTOR('',#4147,10.);
#829=VECTOR('',#4150,10.);
#830=VECTOR('',#4151,10.);
#831=VECTOR('',#4152,10.);
#832=VECTOR('',#4155,10.);
#833=VECTOR('',#4156,10.);
#834=VECTOR('',#4157,10.);
#835=VECTOR('',#4158,10.);
#836=VECTOR('',#4161,10.);
#837=VECTOR('',#4164,10.);
#838=VECTOR('',#4165,10.);
#839=VECTOR('',#4166,10.);
#840=VECTOR('',#4167,10.);
#841=VECTOR('',#4168,10.);
#842=VECTOR('',#4173,10.);
#843=VECTOR('',#4176,10.);
#844=VECTOR('',#4179,10.);
#845=VECTOR('',#4180,10.);
#846=VECTOR('',#4181,10.);
#847=VECTOR('',#4182,10.);
#848=VECTOR('',#4183,10.);
#849=VECTOR('',#4184,10.);
#850=VECTOR('',#4185,10.);
#851=VECTOR('',#4188,10.);
#852=VECTOR('',#4189,10.);
#853=VECTOR('',#4190,10.);
#854=VECTOR('',#4193,10.);
#855=VECTOR('',#4194,10.);
#856=VECTOR('',#4197,10.);
#857=VECTOR('',#4198,10.);
#858=VECTOR('',#4203,10.);
#859=VECTOR('',#4206,10.);
#860=VECTOR('',#4211,10.);
#861=VECTOR('',#4214,10.);
#862=VECTOR('',#4217,10.);
#863=VECTOR('',#4218,10.);
#864=VECTOR('',#4221,10.);
#865=VECTOR('',#4222,10.);
#866=VECTOR('',#4225,10.);
#867=VECTOR('',#4226,10.);
#868=VECTOR('',#4229,10.);
#869=VECTOR('',#4230,10.);
#870=VECTOR('',#4233,10.);
#871=VECTOR('',#4234,10.);
#872=VECTOR('',#4237,10.);
#873=VECTOR('',#4238,10.);
#874=VECTOR('',#4239,10.);
#875=VECTOR('',#4240,10.);
#876=VECTOR('',#4245,10.);
#877=VECTOR('',#4246,10.);
#878=VECTOR('',#4247,10.);
#879=VECTOR('',#4252,10.);
#880=VECTOR('',#4253,10.);
#881=VECTOR('',#4256,10.);
#882=VECTOR('',#4257,10.);
#883=VECTOR('',#4260,10.);
#884=VECTOR('',#4261,10.);
#885=VECTOR('',#4262,10.);
#886=VECTOR('',#4265,10.);
#887=VECTOR('',#4266,10.);
#888=VECTOR('',#4267,10.);
#889=VECTOR('',#4270,10.);
#890=VECTOR('',#4271,10.);
#891=VECTOR('',#4272,10.);
#892=VECTOR('',#4281,10.);
#893=VECTOR('',#4282,10.);
#894=VECTOR('',#4283,10.);
#895=VECTOR('',#4288,10.);
#896=VECTOR('',#4289,10.);
#897=VECTOR('',#4292,10.);
#898=VECTOR('',#4295,10.);
#899=VECTOR('',#4296,10.);
#900=VECTOR('',#4297,10.);
#901=VECTOR('',#4298,10.);
#902=VECTOR('',#4299,10.);
#903=VECTOR('',#4302,10.);
#904=VECTOR('',#4305,10.);
#905=VECTOR('',#4308,1.5);
#906=VECTOR('',#4313,1.5);
#907=VECTOR('',#4318,10.);
#908=VECTOR('',#4321,10.);
#909=VECTOR('',#4324,10.);
#910=VECTOR('',#4333,10.);
#911=VECTOR('',#4336,10.);
#912=VECTOR('',#4339,10.);
#913=VECTOR('',#4340,10.);
#914=VECTOR('',#4341,10.);
#915=VECTOR('',#4344,10.);
#916=VECTOR('',#4345,10.);
#917=VECTOR('',#4346,10.);
#918=VECTOR('',#4347,10.);
#919=VECTOR('',#4348,10.);
#920=VECTOR('',#4349,10.);
#921=VECTOR('',#4350,10.);
#922=VECTOR('',#4357,10.);
#923=VECTOR('',#4360,10.);
#924=VECTOR('',#4361,10.);
#925=VECTOR('',#4364,10.);
#926=VECTOR('',#4365,10.);
#927=VECTOR('',#4368,10.);
#928=VECTOR('',#4369,10.);
#929=VECTOR('',#4372,10.);
#930=VECTOR('',#4373,10.);
#931=VECTOR('',#4376,10.);
#932=VECTOR('',#4377,10.);
#933=VECTOR('',#4380,10.);
#934=VECTOR('',#4381,10.);
#935=VECTOR('',#4384,10.);
#936=VECTOR('',#4393,1000.);
#937=VECTOR('',#4394,1000.);
#938=VECTOR('',#4395,1000.);
#939=VECTOR('',#4396,1000.);
#940=VECTOR('',#4399,1000.);
#941=VECTOR('',#4400,1000.);
#942=VECTOR('',#4401,1000.);
#943=VECTOR('',#4402,1000.);
#944=VECTOR('',#4403,1000.);
#945=VECTOR('',#4404,1000.);
#946=VECTOR('',#4407,1000.);
#947=VECTOR('',#4408,1000.);
#948=VECTOR('',#4409,1000.);
#949=VECTOR('',#4410,1000.);
#950=VECTOR('',#4411,1000.);
#951=VECTOR('',#4412,1000.);
#952=VECTOR('',#4413,1000.);
#953=VECTOR('',#4414,1000.);
#954=VECTOR('',#4415,1000.);
#955=VECTOR('',#4416,1000.);
#956=VECTOR('',#4417,1000.);
#957=VECTOR('',#4418,1000.);
#958=VECTOR('',#4419,1000.);
#959=VECTOR('',#4420,1000.);
#960=VECTOR('',#4421,1000.);
#961=VECTOR('',#4422,1000.);
#962=VECTOR('',#4423,1000.);
#963=VECTOR('',#4424,1000.);
#964=VECTOR('',#4425,1000.);
#965=VECTOR('',#4426,1000.);
#966=VECTOR('',#4429,1000.);
#967=VECTOR('',#4430,1000.);
#968=VECTOR('',#4431,1000.);
#969=VECTOR('',#4432,1000.);
#970=VECTOR('',#4433,1000.);
#971=VECTOR('',#4434,1000.);
#972=VECTOR('',#4435,1000.);
#973=VECTOR('',#4436,1000.);
#974=VECTOR('',#4437,1000.);
#975=VECTOR('',#4438,1000.);
#976=VECTOR('',#4439,1000.);
#977=VECTOR('',#4440,1000.);
#978=VECTOR('',#4441,1000.);
#979=VECTOR('',#4442,1000.);
#980=VECTOR('',#4443,1000.);
#981=VECTOR('',#4444,1000.);
#982=VECTOR('',#4445,1000.);
#983=VECTOR('',#4446,1000.);
#984=VECTOR('',#4447,1000.);
#985=VECTOR('',#4448,1000.);
#986=VECTOR('',#4449,1000.);
#987=VECTOR('',#4450,1000.);
#988=VECTOR('',#4451,1000.);
#989=VECTOR('',#4452,1000.);
#990=VECTOR('',#4453,1000.);
#991=VECTOR('',#4454,1000.);
#992=VECTOR('',#4455,1000.);
#993=VECTOR('',#4456,1000.);
#994=VECTOR('',#4457,1000.);
#995=VECTOR('',#4458,1000.);
#996=VECTOR('',#4459,1000.);
#997=VECTOR('',#4460,1000.);
#998=VECTOR('',#4461,1000.);
#999=VECTOR('',#4462,1000.);
#1000=VECTOR('',#4463,1000.);
#1001=VECTOR('',#4464,1000.);
#1002=VECTOR('',#4465,1000.);
#1003=VECTOR('',#4466,1000.);
#1004=VECTOR('',#4467,1000.);
#1005=VECTOR('',#4468,1000.);
#1006=VECTOR('',#4469,1000.);
#1007=VECTOR('',#4472,1000.);
#1008=VECTOR('',#4473,1000.);
#1009=VECTOR('',#4474,1000.);
#1010=VECTOR('',#4477,1000.);
#1011=VECTOR('',#4478,1000.);
#1012=VECTOR('',#4479,1000.);
#1013=VECTOR('',#4482,1000.);
#1014=VECTOR('',#4483,1000.);
#1015=VECTOR('',#4484,1000.);
#1016=VECTOR('',#4487,1000.);
#1017=VECTOR('',#4490,1000.);
#1018=VECTOR('',#4491,1000.);
#1019=VECTOR('',#4494,1000.);
#1020=VECTOR('',#4495,1000.);
#1021=VECTOR('',#4496,1000.);
#1022=VECTOR('',#4497,1000.);
#1023=VECTOR('',#4498,1000.);
#1024=VECTOR('',#4499,1000.);
#1025=VECTOR('',#4500,1000.);
#1026=VECTOR('',#4501,1000.);
#1027=VECTOR('',#4502,1000.);
#1028=VECTOR('',#4503,1000.);
#1029=VECTOR('',#4504,1000.);
#1030=VECTOR('',#4505,1000.);
#1031=VECTOR('',#4506,1000.);
#1032=VECTOR('',#4507,1000.);
#1033=VECTOR('',#4508,1000.);
#1034=VECTOR('',#4511,1000.);
#1035=VECTOR('',#4514,1000.);
#1036=VECTOR('',#4517,1000.);
#1037=VECTOR('',#4518,1000.);
#1038=VECTOR('',#4519,1000.);
#1039=VECTOR('',#4520,1000.);
#1040=VECTOR('',#4521,1000.);
#1041=VECTOR('',#4526,1000.);
#1042=VECTOR('',#4529,1000.);
#1043=VECTOR('',#4530,1000.);
#1044=VECTOR('',#4531,1000.);
#1045=VECTOR('',#4532,1000.);
#1046=VECTOR('',#4533,1000.);
#1047=VECTOR('',#4538,1000.);
#1048=VECTOR('',#4541,1000.);
#1049=VECTOR('',#4542,1000.);
#1050=VECTOR('',#4543,1000.);
#1051=VECTOR('',#4544,1000.);
#1052=VECTOR('',#4545,1000.);
#1053=VECTOR('',#4550,1000.);
#1054=VECTOR('',#4551,1000.);
#1055=VECTOR('',#4554,1000.);
#1056=VECTOR('',#4557,1000.);
#1057=VECTOR('',#4562,1000.);
#1058=VECTOR('',#4563,1000.);
#1059=VECTOR('',#4566,1000.);
#1060=VECTOR('',#4569,1000.);
#1061=VECTOR('',#4574,1000.);
#1062=VECTOR('',#4575,1000.);
#1063=VECTOR('',#4578,1000.);
#1064=VECTOR('',#4581,1000.);
#1065=VECTOR('',#4586,1000.);
#1066=VECTOR('',#4587,1000.);
#1067=VECTOR('',#4588,1000.);
#1068=VECTOR('',#4591,1000.);
#1069=VECTOR('',#4592,1000.);
#1070=VECTOR('',#4593,1000.);
#1071=VECTOR('',#4594,1000.);
#1072=VECTOR('',#4595,1000.);
#1073=VECTOR('',#4596,1000.);
#1074=VECTOR('',#4599,1000.);
#1075=VECTOR('',#4600,1000.);
#1076=VECTOR('',#4603,1000.);
#1077=VECTOR('',#4604,1000.);
#1078=VECTOR('',#4605,1000.);
#1079=VECTOR('',#4606,1000.);
#1080=VECTOR('',#4609,1000.);
#1081=VECTOR('',#4610,1000.);
#1082=VECTOR('',#4613,1000.);
#1083=VECTOR('',#4614,1000.);
#1084=VECTOR('',#4617,1000.);
#1085=VECTOR('',#4618,1000.);
#1086=VECTOR('',#4619,1000.);
#1087=VECTOR('',#4622,1000.);
#1088=VECTOR('',#4623,1000.);
#1089=VECTOR('',#4624,1000.);
#1090=VECTOR('',#4625,1000.);
#1091=VECTOR('',#4630,1000.);
#1092=VECTOR('',#4631,1000.);
#1093=VECTOR('',#4632,1000.);
#1094=VECTOR('',#4635,1000.);
#1095=VECTOR('',#4636,1000.);
#1096=VECTOR('',#4639,1000.);
#1097=VECTOR('',#4640,1000.);
#1098=VECTOR('',#4643,1000.);
#1099=VECTOR('',#4648,1000.);
#1100=VECTOR('',#4649,1000.);
#1101=VECTOR('',#4650,1000.);
#1102=VECTOR('',#4653,1000.);
#1103=VECTOR('',#4654,1000.);
#1104=VECTOR('',#4657,1000.);
#1105=VECTOR('',#4658,1000.);
#1106=VECTOR('',#4659,1000.);
#1107=VECTOR('',#4660,1000.);
#1108=VECTOR('',#4663,1000.);
#1109=VECTOR('',#4664,1000.);
#1110=VECTOR('',#4665,1000.);
#1111=VECTOR('',#4666,1000.);
#1112=VECTOR('',#4669,1000.);
#1113=VECTOR('',#4670,1000.);
#1114=VECTOR('',#4673,1000.);
#1115=VECTOR('',#4674,1000.);
#1116=VECTOR('',#4677,1000.);
#1117=VECTOR('',#4678,1000.);
#1118=VECTOR('',#4679,1000.);
#1119=VECTOR('',#4684,1000.);
#1120=VECTOR('',#4685,1000.);
#1121=VECTOR('',#4686,1000.);
#1122=VECTOR('',#4689,1000.);
#1123=VECTOR('',#4690,1000.);
#1124=VECTOR('',#4691,1000.);
#1125=VECTOR('',#4692,1000.);
#1126=VECTOR('',#4695,1000.);
#1127=VECTOR('',#4696,1000.);
#1128=VECTOR('',#4699,1000.);
#1129=VECTOR('',#4700,1000.);
#1130=VECTOR('',#4701,1000.);
#1131=VECTOR('',#4702,1000.);
#1132=VECTOR('',#4703,1000.);
#1133=VECTOR('',#4704,1000.);
#1134=VECTOR('',#4705,1000.);
#1135=VECTOR('',#4706,1000.);
#1136=VECTOR('',#4707,1000.);
#1137=VECTOR('',#4710,1000.);
#1138=VECTOR('',#4711,1000.);
#1139=VECTOR('',#4714,1000.);
#1140=VECTOR('',#4715,1000.);
#1141=VECTOR('',#4716,1000.);
#1142=VECTOR('',#4717,1000.);
#1143=VECTOR('',#4720,1000.);
#1144=VECTOR('',#4721,1000.);
#1145=VECTOR('',#4724,1000.);
#1146=VECTOR('',#4725,1000.);
#1147=VECTOR('',#4726,1000.);
#1148=VECTOR('',#4731,1000.);
#1149=VECTOR('',#4732,1000.);
#1150=VECTOR('',#4733,1000.);
#1151=VECTOR('',#4734,1000.);
#1152=VECTOR('',#4739,1000.);
#1153=VECTOR('',#4740,1000.);
#1154=VECTOR('',#4743,1000.);
#1155=VECTOR('',#4744,1000.);
#1156=VECTOR('',#4747,1000.);
#1157=VECTOR('',#4748,1000.);
#1158=VECTOR('',#4755,1000.);
#1159=VECTOR('',#4756,1000.);
#1160=VECTOR('',#4767,1000.);
#1161=VECTOR('',#4768,1000.);
#1162=VECTOR('',#4769,1000.);
#1163=VECTOR('',#4770,1000.);
#1164=VECTOR('',#4773,1000.);
#1165=VECTOR('',#4774,1000.);
#1166=VECTOR('',#4775,1000.);
#1167=VECTOR('',#4778,1000.);
#1168=VECTOR('',#4779,1000.);
#1169=VECTOR('',#4780,1000.);
#1170=VECTOR('',#4783,1000.);
#1171=VECTOR('',#4784,1000.);
#1172=VECTOR('',#4787,1000.);
#1173=VECTOR('',#4788,1000.);
#1174=VECTOR('',#4789,1000.);
#1175=VECTOR('',#4790,1000.);
#1176=VECTOR('',#4793,1000.);
#1177=VECTOR('',#4794,1000.);
#1178=VECTOR('',#4795,1000.);
#1179=VECTOR('',#4796,1000.);
#1180=VECTOR('',#4799,1000.);
#1181=VECTOR('',#4800,1000.);
#1182=VECTOR('',#4803,1000.);
#1183=VECTOR('',#4804,1000.);
#1184=VECTOR('',#4811,1000.);
#1185=VECTOR('',#4812,1000.);
#1186=VECTOR('',#4815,1000.);
#1187=VECTOR('',#4818,1000.);
#1188=CYLINDRICAL_SURFACE('',#3810,3.);
#1189=CYLINDRICAL_SURFACE('',#3820,2.75);
#1190=CYLINDRICAL_SURFACE('',#3850,3.9);
#1191=CYLINDRICAL_SURFACE('',#3853,3.9);
#1192=CYLINDRICAL_SURFACE('',#3880,1.5);
#1193=CYLINDRICAL_SURFACE('',#3882,1.5);
#1194=CYLINDRICAL_SURFACE('',#3889,1.);
#1195=CYLINDRICAL_SURFACE('',#3895,1.);
#1196=CYLINDRICAL_SURFACE('',#3980,0.4);
#1197=FACE_OUTER_BOUND('',#1390,.T.);
#1198=FACE_OUTER_BOUND('',#1391,.T.);
#1199=FACE_OUTER_BOUND('',#1392,.T.);
#1200=FACE_OUTER_BOUND('',#1394,.T.);
#1201=FACE_OUTER_BOUND('',#1395,.T.);
#1202=FACE_OUTER_BOUND('',#1396,.T.);
#1203=FACE_OUTER_BOUND('',#1397,.T.);
#1204=FACE_OUTER_BOUND('',#1398,.T.);
#1205=FACE_OUTER_BOUND('',#1401,.T.);
#1206=FACE_OUTER_BOUND('',#1402,.T.);
#1207=FACE_OUTER_BOUND('',#1403,.T.);
#1208=FACE_OUTER_BOUND('',#1404,.T.);
#1209=FACE_OUTER_BOUND('',#1405,.T.);
#1210=FACE_OUTER_BOUND('',#1406,.T.);
#1211=FACE_OUTER_BOUND('',#1407,.T.);
#1212=FACE_OUTER_BOUND('',#1408,.T.);
#1213=FACE_OUTER_BOUND('',#1409,.T.);
#1214=FACE_OUTER_BOUND('',#1410,.T.);
#1215=FACE_OUTER_BOUND('',#1411,.T.);
#1216=FACE_OUTER_BOUND('',#1412,.T.);
#1217=FACE_OUTER_BOUND('',#1413,.T.);
#1218=FACE_OUTER_BOUND('',#1414,.T.);
#1219=FACE_OUTER_BOUND('',#1415,.T.);
#1220=FACE_OUTER_BOUND('',#1416,.T.);
#1221=FACE_OUTER_BOUND('',#1417,.T.);
#1222=FACE_OUTER_BOUND('',#1418,.T.);
#1223=FACE_OUTER_BOUND('',#1419,.T.);
#1224=FACE_OUTER_BOUND('',#1422,.T.);
#1225=FACE_OUTER_BOUND('',#1423,.T.);
#1226=FACE_OUTER_BOUND('',#1424,.T.);
#1227=FACE_OUTER_BOUND('',#1426,.T.);
#1228=FACE_OUTER_BOUND('',#1427,.T.);
#1229=FACE_OUTER_BOUND('',#1428,.T.);
#1230=FACE_OUTER_BOUND('',#1429,.T.);
#1231=FACE_OUTER_BOUND('',#1430,.T.);
#1232=FACE_OUTER_BOUND('',#1431,.T.);
#1233=FACE_OUTER_BOUND('',#1432,.T.);
#1234=FACE_OUTER_BOUND('',#1433,.T.);
#1235=FACE_OUTER_BOUND('',#1434,.T.);
#1236=FACE_OUTER_BOUND('',#1435,.T.);
#1237=FACE_OUTER_BOUND('',#1436,.T.);
#1238=FACE_OUTER_BOUND('',#1437,.T.);
#1239=FACE_OUTER_BOUND('',#1438,.T.);
#1240=FACE_OUTER_BOUND('',#1439,.T.);
#1241=FACE_OUTER_BOUND('',#1440,.T.);
#1242=FACE_OUTER_BOUND('',#1441,.T.);
#1243=FACE_OUTER_BOUND('',#1442,.T.);
#1244=FACE_OUTER_BOUND('',#1443,.T.);
#1245=FACE_OUTER_BOUND('',#1444,.T.);
#1246=FACE_OUTER_BOUND('',#1445,.T.);
#1247=FACE_OUTER_BOUND('',#1446,.T.);
#1248=FACE_OUTER_BOUND('',#1447,.T.);
#1249=FACE_OUTER_BOUND('',#1448,.T.);
#1250=FACE_OUTER_BOUND('',#1449,.T.);
#1251=FACE_OUTER_BOUND('',#1450,.T.);
#1252=FACE_OUTER_BOUND('',#1451,.T.);
#1253=FACE_OUTER_BOUND('',#1452,.T.);
#1254=FACE_OUTER_BOUND('',#1453,.T.);
#1255=FACE_OUTER_BOUND('',#1454,.T.);
#1256=FACE_OUTER_BOUND('',#1455,.T.);
#1257=FACE_OUTER_BOUND('',#1458,.T.);
#1258=FACE_OUTER_BOUND('',#1459,.T.);
#1259=FACE_OUTER_BOUND('',#1460,.T.);
#1260=FACE_OUTER_BOUND('',#1461,.T.);
#1261=FACE_OUTER_BOUND('',#1462,.T.);
#1262=FACE_OUTER_BOUND('',#1463,.T.);
#1263=FACE_OUTER_BOUND('',#1464,.T.);
#1264=FACE_OUTER_BOUND('',#1465,.T.);
#1265=FACE_OUTER_BOUND('',#1466,.T.);
#1266=FACE_OUTER_BOUND('',#1467,.T.);
#1267=FACE_OUTER_BOUND('',#1468,.T.);
#1268=FACE_OUTER_BOUND('',#1469,.T.);
#1269=FACE_OUTER_BOUND('',#1470,.T.);
#1270=FACE_OUTER_BOUND('',#1471,.T.);
#1271=FACE_OUTER_BOUND('',#1472,.T.);
#1272=FACE_OUTER_BOUND('',#1476,.T.);
#1273=FACE_OUTER_BOUND('',#1481,.T.);
#1274=FACE_OUTER_BOUND('',#1482,.T.);
#1275=FACE_OUTER_BOUND('',#1483,.T.);
#1276=FACE_OUTER_BOUND('',#1484,.T.);
#1277=FACE_OUTER_BOUND('',#1485,.T.);
#1278=FACE_OUTER_BOUND('',#1486,.T.);
#1279=FACE_OUTER_BOUND('',#1487,.T.);
#1280=FACE_OUTER_BOUND('',#1488,.T.);
#1281=FACE_OUTER_BOUND('',#1489,.T.);
#1282=FACE_OUTER_BOUND('',#1491,.T.);
#1283=FACE_OUTER_BOUND('',#1492,.T.);
#1284=FACE_OUTER_BOUND('',#1493,.T.);
#1285=FACE_OUTER_BOUND('',#1495,.T.);
#1286=FACE_OUTER_BOUND('',#1496,.T.);
#1287=FACE_OUTER_BOUND('',#1497,.T.);
#1288=FACE_OUTER_BOUND('',#1499,.T.);
#1289=FACE_OUTER_BOUND('',#1500,.T.);
#1290=FACE_OUTER_BOUND('',#1501,.T.);
#1291=FACE_OUTER_BOUND('',#1502,.T.);
#1292=FACE_OUTER_BOUND('',#1503,.T.);
#1293=FACE_OUTER_BOUND('',#1504,.T.);
#1294=FACE_OUTER_BOUND('',#1505,.T.);
#1295=FACE_OUTER_BOUND('',#1506,.T.);
#1296=FACE_OUTER_BOUND('',#1507,.T.);
#1297=FACE_OUTER_BOUND('',#1508,.T.);
#1298=FACE_OUTER_BOUND('',#1509,.T.);
#1299=FACE_OUTER_BOUND('',#1510,.T.);
#1300=FACE_OUTER_BOUND('',#1511,.T.);
#1301=FACE_OUTER_BOUND('',#1512,.T.);
#1302=FACE_OUTER_BOUND('',#1513,.T.);
#1303=FACE_OUTER_BOUND('',#1514,.T.);
#1304=FACE_OUTER_BOUND('',#1515,.T.);
#1305=FACE_OUTER_BOUND('',#1516,.T.);
#1306=FACE_OUTER_BOUND('',#1517,.T.);
#1307=FACE_OUTER_BOUND('',#1518,.T.);
#1308=FACE_OUTER_BOUND('',#1519,.T.);
#1309=FACE_OUTER_BOUND('',#1520,.T.);
#1310=FACE_OUTER_BOUND('',#1521,.T.);
#1311=FACE_OUTER_BOUND('',#1522,.T.);
#1312=FACE_OUTER_BOUND('',#1523,.T.);
#1313=FACE_OUTER_BOUND('',#1524,.T.);
#1314=FACE_OUTER_BOUND('',#1525,.T.);
#1315=FACE_OUTER_BOUND('',#1526,.T.);
#1316=FACE_OUTER_BOUND('',#1527,.T.);
#1317=FACE_OUTER_BOUND('',#1529,.T.);
#1318=FACE_OUTER_BOUND('',#1530,.T.);
#1319=FACE_OUTER_BOUND('',#1531,.T.);
#1320=FACE_OUTER_BOUND('',#1532,.T.);
#1321=FACE_OUTER_BOUND('',#1533,.T.);
#1322=FACE_OUTER_BOUND('',#1534,.T.);
#1323=FACE_OUTER_BOUND('',#1535,.T.);
#1324=FACE_OUTER_BOUND('',#1536,.T.);
#1325=FACE_OUTER_BOUND('',#1537,.T.);
#1326=FACE_OUTER_BOUND('',#1538,.T.);
#1327=FACE_OUTER_BOUND('',#1539,.T.);
#1328=FACE_OUTER_BOUND('',#1540,.T.);
#1329=FACE_OUTER_BOUND('',#1541,.T.);
#1330=FACE_OUTER_BOUND('',#1542,.T.);
#1331=FACE_OUTER_BOUND('',#1543,.T.);
#1332=FACE_OUTER_BOUND('',#1544,.T.);
#1333=FACE_OUTER_BOUND('',#1545,.T.);
#1334=FACE_OUTER_BOUND('',#1546,.T.);
#1335=FACE_OUTER_BOUND('',#1547,.T.);
#1336=FACE_OUTER_BOUND('',#1548,.T.);
#1337=FACE_OUTER_BOUND('',#1549,.T.);
#1338=FACE_OUTER_BOUND('',#1550,.T.);
#1339=FACE_OUTER_BOUND('',#1551,.T.);
#1340=FACE_OUTER_BOUND('',#1552,.T.);
#1341=FACE_OUTER_BOUND('',#1553,.T.);
#1342=FACE_OUTER_BOUND('',#1554,.T.);
#1343=FACE_OUTER_BOUND('',#1555,.T.);
#1344=FACE_OUTER_BOUND('',#1556,.T.);
#1345=FACE_OUTER_BOUND('',#1557,.T.);
#1346=FACE_OUTER_BOUND('',#1558,.T.);
#1347=FACE_OUTER_BOUND('',#1559,.T.);
#1348=FACE_OUTER_BOUND('',#1560,.T.);
#1349=FACE_OUTER_BOUND('',#1561,.T.);
#1350=FACE_OUTER_BOUND('',#1562,.T.);
#1351=FACE_OUTER_BOUND('',#1563,.T.);
#1352=FACE_OUTER_BOUND('',#1564,.T.);
#1353=FACE_OUTER_BOUND('',#1565,.T.);
#1354=FACE_OUTER_BOUND('',#1566,.T.);
#1355=FACE_OUTER_BOUND('',#1567,.T.);
#1356=FACE_OUTER_BOUND('',#1568,.T.);
#1357=FACE_OUTER_BOUND('',#1569,.T.);
#1358=FACE_OUTER_BOUND('',#1570,.T.);
#1359=FACE_OUTER_BOUND('',#1571,.T.);
#1360=FACE_OUTER_BOUND('',#1572,.T.);
#1361=FACE_OUTER_BOUND('',#1573,.T.);
#1362=FACE_OUTER_BOUND('',#1574,.T.);
#1363=FACE_OUTER_BOUND('',#1575,.T.);
#1364=FACE_OUTER_BOUND('',#1576,.T.);
#1365=FACE_OUTER_BOUND('',#1577,.T.);
#1366=FACE_OUTER_BOUND('',#1578,.T.);
#1367=FACE_OUTER_BOUND('',#1579,.T.);
#1368=FACE_OUTER_BOUND('',#1580,.T.);
#1369=FACE_OUTER_BOUND('',#1581,.T.);
#1370=FACE_OUTER_BOUND('',#1582,.T.);
#1371=FACE_OUTER_BOUND('',#1583,.T.);
#1372=FACE_OUTER_BOUND('',#1584,.T.);
#1373=FACE_OUTER_BOUND('',#1585,.T.);
#1374=FACE_OUTER_BOUND('',#1586,.T.);
#1375=FACE_OUTER_BOUND('',#1587,.T.);
#1376=FACE_OUTER_BOUND('',#1588,.T.);
#1377=FACE_OUTER_BOUND('',#1589,.T.);
#1378=FACE_OUTER_BOUND('',#1590,.T.);
#1379=FACE_OUTER_BOUND('',#1591,.T.);
#1380=FACE_OUTER_BOUND('',#1592,.T.);
#1381=FACE_OUTER_BOUND('',#1593,.T.);
#1382=FACE_OUTER_BOUND('',#1594,.T.);
#1383=FACE_OUTER_BOUND('',#1595,.T.);
#1384=FACE_OUTER_BOUND('',#1596,.T.);
#1385=FACE_OUTER_BOUND('',#1597,.T.);
#1386=FACE_OUTER_BOUND('',#1598,.T.);
#1387=FACE_OUTER_BOUND('',#1599,.T.);
#1388=FACE_OUTER_BOUND('',#1600,.T.);
#1389=FACE_OUTER_BOUND('',#1601,.T.);
#1390=EDGE_LOOP('',(#2498,#2499,#2500,#2501,#2502));
#1391=EDGE_LOOP('',(#2503,#2504,#2505,#2506,#2507));
#1392=EDGE_LOOP('',(#2508,#2509,#2510,#2511));
#1393=EDGE_LOOP('',(#2512));
#1394=EDGE_LOOP('',(#2513,#2514,#2515,#2516,#2517,#2518,#2519,#2520,#2521));
#1395=EDGE_LOOP('',(#2522,#2523,#2524,#2525));
#1396=EDGE_LOOP('',(#2526,#2527,#2528,#2529,#2530));
#1397=EDGE_LOOP('',(#2531,#2532,#2533,#2534));
#1398=EDGE_LOOP('',(#2535,#2536,#2537,#2538,#2539,#2540,#2541,#2542,#2543,
#2544));
#1399=EDGE_LOOP('',(#2545));
#1400=EDGE_LOOP('',(#2546));
#1401=EDGE_LOOP('',(#2547,#2548,#2549,#2550));
#1402=EDGE_LOOP('',(#2551,#2552,#2553,#2554));
#1403=EDGE_LOOP('',(#2555,#2556,#2557,#2558));
#1404=EDGE_LOOP('',(#2559,#2560,#2561,#2562,#2563,#2564,#2565));
#1405=EDGE_LOOP('',(#2566,#2567,#2568,#2569));
#1406=EDGE_LOOP('',(#2570,#2571,#2572,#2573,#2574,#2575));
#1407=EDGE_LOOP('',(#2576,#2577,#2578,#2579));
#1408=EDGE_LOOP('',(#2580,#2581,#2582,#2583));
#1409=EDGE_LOOP('',(#2584,#2585,#2586,#2587,#2588,#2589));
#1410=EDGE_LOOP('',(#2590,#2591,#2592,#2593));
#1411=EDGE_LOOP('',(#2594,#2595,#2596,#2597));
#1412=EDGE_LOOP('',(#2598,#2599,#2600,#2601));
#1413=EDGE_LOOP('',(#2602,#2603,#2604,#2605,#2606,#2607,#2608,#2609,#2610,
#2611,#2612,#2613));
#1414=EDGE_LOOP('',(#2614,#2615,#2616,#2617,#2618));
#1415=EDGE_LOOP('',(#2619,#2620,#2621,#2622,#2623));
#1416=EDGE_LOOP('',(#2624,#2625,#2626,#2627));
#1417=EDGE_LOOP('',(#2628,#2629,#2630,#2631,#2632,#2633));
#1418=EDGE_LOOP('',(#2634,#2635,#2636,#2637));
#1419=EDGE_LOOP('',(#2638,#2639,#2640,#2641));
#1420=EDGE_LOOP('',(#2642,#2643,#2644,#2645));
#1421=EDGE_LOOP('',(#2646,#2647,#2648,#2649));
#1422=EDGE_LOOP('',(#2650,#2651,#2652,#2653));
#1423=EDGE_LOOP('',(#2654,#2655,#2656,#2657));
#1424=EDGE_LOOP('',(#2658,#2659,#2660,#2661));
#1425=EDGE_LOOP('',(#2662,#2663,#2664,#2665));
#1426=EDGE_LOOP('',(#2666,#2667,#2668,#2669,#2670,#2671,#2672,#2673,#2674,
#2675,#2676,#2677));
#1427=EDGE_LOOP('',(#2678,#2679,#2680,#2681));
#1428=EDGE_LOOP('',(#2682,#2683,#2684,#2685));
#1429=EDGE_LOOP('',(#2686,#2687,#2688,#2689));
#1430=EDGE_LOOP('',(#2690,#2691,#2692,#2693));
#1431=EDGE_LOOP('',(#2694,#2695,#2696,#2697));
#1432=EDGE_LOOP('',(#2698,#2699,#2700,#2701));
#1433=EDGE_LOOP('',(#2702,#2703,#2704,#2705));
#1434=EDGE_LOOP('',(#2706,#2707,#2708,#2709));
#1435=EDGE_LOOP('',(#2710,#2711,#2712,#2713));
#1436=EDGE_LOOP('',(#2714,#2715,#2716,#2717));
#1437=EDGE_LOOP('',(#2718,#2719,#2720,#2721));
#1438=EDGE_LOOP('',(#2722,#2723,#2724,#2725,#2726,#2727));
#1439=EDGE_LOOP('',(#2728,#2729,#2730,#2731));
#1440=EDGE_LOOP('',(#2732,#2733,#2734,#2735,#2736,#2737));
#1441=EDGE_LOOP('',(#2738,#2739,#2740,#2741));
#1442=EDGE_LOOP('',(#2742,#2743,#2744,#2745));
#1443=EDGE_LOOP('',(#2746,#2747,#2748,#2749,#2750,#2751,#2752));
#1444=EDGE_LOOP('',(#2753,#2754,#2755,#2756,#2757,#2758,#2759));
#1445=EDGE_LOOP('',(#2760,#2761,#2762,#2763));
#1446=EDGE_LOOP('',(#2764,#2765,#2766,#2767));
#1447=EDGE_LOOP('',(#2768,#2769,#2770,#2771,#2772,#2773,#2774,#2775,#2776,
#2777,#2778,#2779));
#1448=EDGE_LOOP('',(#2780,#2781,#2782,#2783,#2784,#2785));
#1449=EDGE_LOOP('',(#2786,#2787,#2788,#2789,#2790,#2791));
#1450=EDGE_LOOP('',(#2792,#2793,#2794,#2795,#2796,#2797,#2798,#2799));
#1451=EDGE_LOOP('',(#2800,#2801,#2802,#2803,#2804,#2805,#2806,#2807));
#1452=EDGE_LOOP('',(#2808,#2809,#2810,#2811));
#1453=EDGE_LOOP('',(#2812,#2813,#2814,#2815,#2816,#2817));
#1454=EDGE_LOOP('',(#2818,#2819,#2820,#2821,#2822,#2823));
#1455=EDGE_LOOP('',(#2824,#2825,#2826,#2827,#2828,#2829,#2830,#2831,#2832,
#2833,#2834,#2835,#2836,#2837,#2838,#2839,#2840,#2841,#2842,#2843));
#1456=EDGE_LOOP('',(#2844));
#1457=EDGE_LOOP('',(#2845));
#1458=EDGE_LOOP('',(#2846,#2847,#2848,#2849));
#1459=EDGE_LOOP('',(#2850,#2851,#2852,#2853));
#1460=EDGE_LOOP('',(#2854,#2855,#2856,#2857,#2858,#2859,#2860,#2861,#2862,
#2863));
#1461=EDGE_LOOP('',(#2864,#2865,#2866,#2867));
#1462=EDGE_LOOP('',(#2868,#2869,#2870,#2871));
#1463=EDGE_LOOP('',(#2872,#2873,#2874,#2875));
#1464=EDGE_LOOP('',(#2876,#2877,#2878,#2879));
#1465=EDGE_LOOP('',(#2880,#2881,#2882,#2883));
#1466=EDGE_LOOP('',(#2884,#2885,#2886,#2887));
#1467=EDGE_LOOP('',(#2888,#2889,#2890,#2891));
#1468=EDGE_LOOP('',(#2892,#2893,#2894,#2895));
#1469=EDGE_LOOP('',(#2896,#2897,#2898,#2899,#2900,#2901,#2902,#2903,#2904,
#2905));
#1470=EDGE_LOOP('',(#2906,#2907,#2908,#2909));
#1471=EDGE_LOOP('',(#2910,#2911,#2912,#2913,#2914,#2915));
#1472=EDGE_LOOP('',(#2916,#2917,#2918,#2919,#2920,#2921,#2922,#2923));
#1473=EDGE_LOOP('',(#2924,#2925,#2926,#2927));
#1474=EDGE_LOOP('',(#2928,#2929,#2930,#2931));
#1475=EDGE_LOOP('',(#2932,#2933,#2934,#2935));
#1476=EDGE_LOOP('',(#2936,#2937,#2938,#2939,#2940,#2941,#2942,#2943,#2944,
#2945,#2946,#2947,#2948,#2949,#2950,#2951));
#1477=EDGE_LOOP('',(#2952,#2953,#2954,#2955));
#1478=EDGE_LOOP('',(#2956,#2957,#2958,#2959,#2960,#2961,#2962,#2963,#2964,
#2965,#2966,#2967,#2968,#2969,#2970,#2971,#2972,#2973,#2974,#2975,#2976));
#1479=EDGE_LOOP('',(#2977,#2978,#2979,#2980,#2981,#2982,#2983,#2984,#2985,
#2986,#2987,#2988,#2989));
#1480=EDGE_LOOP('',(#2990,#2991,#2992,#2993,#2994,#2995,#2996,#2997,#2998,
#2999,#3000,#3001,#3002,#3003,#3004));
#1481=EDGE_LOOP('',(#3005,#3006,#3007,#3008));
#1482=EDGE_LOOP('',(#3009,#3010,#3011,#3012));
#1483=EDGE_LOOP('',(#3013,#3014,#3015,#3016));
#1484=EDGE_LOOP('',(#3017,#3018,#3019,#3020));
#1485=EDGE_LOOP('',(#3021,#3022,#3023,#3024));
#1486=EDGE_LOOP('',(#3025,#3026,#3027,#3028,#3029,#3030,#3031,#3032,#3033,
#3034,#3035,#3036,#3037,#3038,#3039,#3040,#3041,#3042,#3043,#3044,#3045,
#3046));
#1487=EDGE_LOOP('',(#3047,#3048,#3049,#3050));
#1488=EDGE_LOOP('',(#3051,#3052,#3053,#3054));
#1489=EDGE_LOOP('',(#3055,#3056,#3057,#3058));
#1490=EDGE_LOOP('',(#3059,#3060,#3061,#3062));
#1491=EDGE_LOOP('',(#3063,#3064,#3065,#3066));
#1492=EDGE_LOOP('',(#3067,#3068,#3069,#3070));
#1493=EDGE_LOOP('',(#3071,#3072,#3073,#3074));
#1494=EDGE_LOOP('',(#3075,#3076,#3077,#3078));
#1495=EDGE_LOOP('',(#3079,#3080,#3081,#3082));
#1496=EDGE_LOOP('',(#3083,#3084,#3085,#3086));
#1497=EDGE_LOOP('',(#3087,#3088,#3089,#3090));
#1498=EDGE_LOOP('',(#3091,#3092,#3093,#3094));
#1499=EDGE_LOOP('',(#3095,#3096,#3097,#3098));
#1500=EDGE_LOOP('',(#3099,#3100,#3101,#3102));
#1501=EDGE_LOOP('',(#3103,#3104,#3105,#3106));
#1502=EDGE_LOOP('',(#3107,#3108,#3109,#3110));
#1503=EDGE_LOOP('',(#3111,#3112,#3113,#3114));
#1504=EDGE_LOOP('',(#3115,#3116,#3117,#3118));
#1505=EDGE_LOOP('',(#3119,#3120,#3121,#3122));
#1506=EDGE_LOOP('',(#3123,#3124,#3125,#3126));
#1507=EDGE_LOOP('',(#3127,#3128,#3129,#3130));
#1508=EDGE_LOOP('',(#3131,#3132,#3133,#3134));
#1509=EDGE_LOOP('',(#3135,#3136,#3137,#3138));
#1510=EDGE_LOOP('',(#3139,#3140,#3141,#3142));
#1511=EDGE_LOOP('',(#3143,#3144,#3145,#3146));
#1512=EDGE_LOOP('',(#3147,#3148,#3149,#3150));
#1513=EDGE_LOOP('',(#3151,#3152,#3153,#3154));
#1514=EDGE_LOOP('',(#3155,#3156,#3157,#3158));
#1515=EDGE_LOOP('',(#3159,#3160,#3161,#3162));
#1516=EDGE_LOOP('',(#3163,#3164,#3165,#3166));
#1517=EDGE_LOOP('',(#3167,#3168,#3169,#3170));
#1518=EDGE_LOOP('',(#3171,#3172,#3173,#3174));
#1519=EDGE_LOOP('',(#3175,#3176,#3177,#3178));
#1520=EDGE_LOOP('',(#3179,#3180,#3181,#3182));
#1521=EDGE_LOOP('',(#3183,#3184,#3185,#3186));
#1522=EDGE_LOOP('',(#3187,#3188,#3189,#3190));
#1523=EDGE_LOOP('',(#3191,#3192,#3193,#3194));
#1524=EDGE_LOOP('',(#3195,#3196,#3197,#3198));
#1525=EDGE_LOOP('',(#3199,#3200,#3201,#3202));
#1526=EDGE_LOOP('',(#3203,#3204,#3205,#3206));
#1527=EDGE_LOOP('',(#3207,#3208,#3209,#3210,#3211,#3212,#3213,#3214,#3215,
#3216,#3217,#3218,#3219,#3220,#3221));
#1528=EDGE_LOOP('',(#3222,#3223,#3224,#3225));
#1529=EDGE_LOOP('',(#3226,#3227,#3228,#3229));
#1530=EDGE_LOOP('',(#3230,#3231,#3232,#3233));
#1531=EDGE_LOOP('',(#3234,#3235,#3236,#3237));
#1532=EDGE_LOOP('',(#3238,#3239,#3240,#3241));
#1533=EDGE_LOOP('',(#3242,#3243,#3244,#3245));
#1534=EDGE_LOOP('',(#3246,#3247,#3248,#3249));
#1535=EDGE_LOOP('',(#3250,#3251,#3252,#3253));
#1536=EDGE_LOOP('',(#3254,#3255,#3256,#3257));
#1537=EDGE_LOOP('',(#3258,#3259,#3260,#3261));
#1538=EDGE_LOOP('',(#3262,#3263,#3264,#3265));
#1539=EDGE_LOOP('',(#3266,#3267,#3268,#3269));
#1540=EDGE_LOOP('',(#3270,#3271,#3272,#3273));
#1541=EDGE_LOOP('',(#3274,#3275,#3276,#3277));
#1542=EDGE_LOOP('',(#3278,#3279,#3280,#3281));
#1543=EDGE_LOOP('',(#3282,#3283,#3284,#3285));
#1544=EDGE_LOOP('',(#3286,#3287,#3288,#3289));
#1545=EDGE_LOOP('',(#3290,#3291,#3292,#3293));
#1546=EDGE_LOOP('',(#3294,#3295,#3296,#3297));
#1547=EDGE_LOOP('',(#3298,#3299,#3300,#3301));
#1548=EDGE_LOOP('',(#3302,#3303,#3304,#3305));
#1549=EDGE_LOOP('',(#3306,#3307,#3308,#3309));
#1550=EDGE_LOOP('',(#3310,#3311,#3312,#3313));
#1551=EDGE_LOOP('',(#3314,#3315,#3316,#3317));
#1552=EDGE_LOOP('',(#3318,#3319,#3320,#3321,#3322,#3323,#3324,#3325,#3326,
#3327,#3328,#3329,#3330));
#1553=EDGE_LOOP('',(#3331,#3332,#3333,#3334));
#1554=EDGE_LOOP('',(#3335,#3336,#3337,#3338));
#1555=EDGE_LOOP('',(#3339,#3340,#3341,#3342));
#1556=EDGE_LOOP('',(#3343,#3344,#3345,#3346));
#1557=EDGE_LOOP('',(#3347,#3348,#3349,#3350));
#1558=EDGE_LOOP('',(#3351,#3352,#3353,#3354));
#1559=EDGE_LOOP('',(#3355,#3356,#3357,#3358));
#1560=EDGE_LOOP('',(#3359,#3360,#3361,#3362));
#1561=EDGE_LOOP('',(#3363,#3364,#3365,#3366));
#1562=EDGE_LOOP('',(#3367,#3368,#3369,#3370));
#1563=EDGE_LOOP('',(#3371,#3372,#3373,#3374));
#1564=EDGE_LOOP('',(#3375,#3376,#3377,#3378));
#1565=EDGE_LOOP('',(#3379,#3380,#3381,#3382));
#1566=EDGE_LOOP('',(#3383,#3384,#3385,#3386));
#1567=EDGE_LOOP('',(#3387,#3388,#3389,#3390));
#1568=EDGE_LOOP('',(#3391,#3392,#3393,#3394));
#1569=EDGE_LOOP('',(#3395,#3396,#3397,#3398));
#1570=EDGE_LOOP('',(#3399,#3400,#3401,#3402));
#1571=EDGE_LOOP('',(#3403,#3404,#3405,#3406));
#1572=EDGE_LOOP('',(#3407,#3408,#3409,#3410));
#1573=EDGE_LOOP('',(#3411,#3412,#3413,#3414));
#1574=EDGE_LOOP('',(#3415,#3416,#3417,#3418,#3419,#3420,#3421,#3422,#3423,
#3424,#3425,#3426,#3427,#3428,#3429,#3430,#3431,#3432,#3433,#3434,#3435));
#1575=EDGE_LOOP('',(#3436,#3437,#3438,#3439,#3440,#3441,#3442,#3443,#3444));
#1576=EDGE_LOOP('',(#3445,#3446,#3447,#3448,#3449,#3450,#3451,#3452,#3453));
#1577=EDGE_LOOP('',(#3454,#3455,#3456,#3457));
#1578=EDGE_LOOP('',(#3458,#3459,#3460,#3461));
#1579=EDGE_LOOP('',(#3462,#3463,#3464,#3465));
#1580=EDGE_LOOP('',(#3466,#3467,#3468,#3469));
#1581=EDGE_LOOP('',(#3470,#3471,#3472,#3473));
#1582=EDGE_LOOP('',(#3474,#3475,#3476,#3477));
#1583=EDGE_LOOP('',(#3478,#3479,#3480,#3481));
#1584=EDGE_LOOP('',(#3482,#3483,#3484,#3485));
#1585=EDGE_LOOP('',(#3486,#3487,#3488,#3489));
#1586=EDGE_LOOP('',(#3490,#3491,#3492,#3493));
#1587=EDGE_LOOP('',(#3494,#3495,#3496,#3497));
#1588=EDGE_LOOP('',(#3498,#3499,#3500,#3501));
#1589=EDGE_LOOP('',(#3502,#3503,#3504,#3505));
#1590=EDGE_LOOP('',(#3506,#3507,#3508,#3509));
#1591=EDGE_LOOP('',(#3510,#3511,#3512,#3513));
#1592=EDGE_LOOP('',(#3514,#3515,#3516,#3517));
#1593=EDGE_LOOP('',(#3518,#3519,#3520,#3521));
#1594=EDGE_LOOP('',(#3522,#3523,#3524,#3525));
#1595=EDGE_LOOP('',(#3526,#3527,#3528,#3529));
#1596=EDGE_LOOP('',(#3530,#3531,#3532,#3533));
#1597=EDGE_LOOP('',(#3534,#3535,#3536,#3537));
#1598=EDGE_LOOP('',(#3538,#3539,#3540));
#1599=EDGE_LOOP('',(#3541));
#1600=EDGE_LOOP('',(#3542,#3543,#3544));
#1601=EDGE_LOOP('',(#3545));
#1602=CIRCLE('',#3806,3.2);
#1603=CIRCLE('',#3807,0.2);
#1604=CIRCLE('',#3808,3.);
#1605=CIRCLE('',#3809,3.);
#1606=CIRCLE('',#3811,3.);
#1607=CIRCLE('',#3814,3.25);
#1608=CIRCLE('',#3815,3.25);
#1609=CIRCLE('',#3816,0.5);
#1610=CIRCLE('',#3817,2.75);
#1611=CIRCLE('',#3818,2.75);
#1612=CIRCLE('',#3821,2.75);
#1613=CIRCLE('',#3851,3.9);
#1614=CIRCLE('',#3852,3.9);
#1615=CIRCLE('',#3854,3.9);
#1616=CIRCLE('',#3855,3.9);
#1617=CIRCLE('',#3866,1.5);
#1618=CIRCLE('',#3873,1.5);
#1619=CIRCLE('',#3874,1.5);
#1620=CIRCLE('',#3881,1.5);
#1621=CIRCLE('',#3883,1.5);
#1622=CIRCLE('',#3890,1.);
#1623=CIRCLE('',#3891,1.);
#1624=CIRCLE('',#3894,1.);
#1625=CIRCLE('',#3896,1.);
#1626=CIRCLE('',#3971,0.4);
#1627=CIRCLE('',#3973,0.4);
#1628=CIRCLE('',#4001,3.);
#1629=CIRCLE('',#4003,2.75);
#1630=VERTEX_POINT('',#4850);
#1631=VERTEX_POINT('',#4852);
#1632=VERTEX_POINT('',#4854);
#1633=VERTEX_POINT('',#4858);
#1634=VERTEX_POINT('',#4862);
#1635=VERTEX_POINT('',#4863);
#1636=VERTEX_POINT('',#4865);
#1637=VERTEX_POINT('',#4867);
#1638=VERTEX_POINT('',#4871);
#1639=VERTEX_POINT('',#4872);
#1640=VERTEX_POINT('',#4879);
#1641=VERTEX_POINT('',#4881);
#1642=VERTEX_POINT('',#4893);
#1643=VERTEX_POINT('',#4901);
#1644=VERTEX_POINT('',#4903);
#1645=VERTEX_POINT('',#4907);
#1646=VERTEX_POINT('',#4909);
#1647=VERTEX_POINT('',#4913);
#1648=VERTEX_POINT('',#4917);
#1649=VERTEX_POINT('',#4918);
#1650=VERTEX_POINT('',#4920);
#1651=VERTEX_POINT('',#4922);
#1652=VERTEX_POINT('',#4926);
#1653=VERTEX_POINT('',#4928);
#1654=VERTEX_POINT('',#4930);
#1655=VERTEX_POINT('',#4932);
#1656=VERTEX_POINT('',#4934);
#1657=VERTEX_POINT('',#4936);
#1658=VERTEX_POINT('',#4938);
#1659=VERTEX_POINT('',#4940);
#1660=VERTEX_POINT('',#4944);
#1661=VERTEX_POINT('',#4946);
#1662=VERTEX_POINT('',#4954);
#1663=VERTEX_POINT('',#4955);
#1664=VERTEX_POINT('',#4957);
#1665=VERTEX_POINT('',#4962);
#1666=VERTEX_POINT('',#4964);
#1667=VERTEX_POINT('',#4968);
#1668=VERTEX_POINT('',#4976);
#1669=VERTEX_POINT('',#4977);
#1670=VERTEX_POINT('',#4980);
#1671=VERTEX_POINT('',#4982);
#1672=VERTEX_POINT('',#4986);
#1673=VERTEX_POINT('',#4987);
#1674=VERTEX_POINT('',#4989);
#1675=VERTEX_POINT('',#4991);
#1676=VERTEX_POINT('',#4995);
#1677=VERTEX_POINT('',#4997);
#1678=VERTEX_POINT('',#5001);
#1679=VERTEX_POINT('',#5002);
#1680=VERTEX_POINT('',#5004);
#1681=VERTEX_POINT('',#5006);
#1682=VERTEX_POINT('',#5010);
#1683=VERTEX_POINT('',#5012);
#1684=VERTEX_POINT('',#5014);
#1685=VERTEX_POINT('',#5016);
#1686=VERTEX_POINT('',#5020);
#1687=VERTEX_POINT('',#5022);
#1688=VERTEX_POINT('',#5027);
#1689=VERTEX_POINT('',#5030);
#1690=VERTEX_POINT('',#5034);
#1691=VERTEX_POINT('',#5036);
#1692=VERTEX_POINT('',#5040);
#1693=VERTEX_POINT('',#5042);
#1694=VERTEX_POINT('',#5060);
#1695=VERTEX_POINT('',#5062);
#1696=VERTEX_POINT('',#5064);
#1697=VERTEX_POINT('',#5066);
#1698=VERTEX_POINT('',#5068);
#1699=VERTEX_POINT('',#5070);
#1700=VERTEX_POINT('',#5074);
#1701=VERTEX_POINT('',#5076);
#1702=VERTEX_POINT('',#5080);
#1703=VERTEX_POINT('',#5084);
#1704=VERTEX_POINT('',#5088);
#1705=VERTEX_POINT('',#5089);
#1706=VERTEX_POINT('',#5091);
#1707=VERTEX_POINT('',#5093);
#1708=VERTEX_POINT('',#5097);
#1709=VERTEX_POINT('',#5098);
#1710=VERTEX_POINT('',#5100);
#1711=VERTEX_POINT('',#5102);
#1712=VERTEX_POINT('',#5106);
#1713=VERTEX_POINT('',#5110);
#1714=VERTEX_POINT('',#5114);
#1715=VERTEX_POINT('',#5118);
#1716=VERTEX_POINT('',#5122);
#1717=VERTEX_POINT('',#5126);
#1718=VERTEX_POINT('',#5127);
#1719=VERTEX_POINT('',#5129);
#1720=VERTEX_POINT('',#5131);
#1721=VERTEX_POINT('',#5135);
#1722=VERTEX_POINT('',#5137);
#1723=VERTEX_POINT('',#5143);
#1724=VERTEX_POINT('',#5145);
#1725=VERTEX_POINT('',#5147);
#1726=VERTEX_POINT('',#5149);
#1727=VERTEX_POINT('',#5153);
#1728=VERTEX_POINT('',#5155);
#1729=VERTEX_POINT('',#5159);
#1730=VERTEX_POINT('',#5161);
#1731=VERTEX_POINT('',#5165);
#1732=VERTEX_POINT('',#5167);
#1733=VERTEX_POINT('',#5170);
#1734=VERTEX_POINT('',#5174);
#1735=VERTEX_POINT('',#5177);
#1736=VERTEX_POINT('',#5179);
#1737=VERTEX_POINT('',#5188);
#1738=VERTEX_POINT('',#5190);
#1739=VERTEX_POINT('',#5193);
#1740=VERTEX_POINT('',#5201);
#1741=VERTEX_POINT('',#5205);
#1742=VERTEX_POINT('',#5217);
#1743=VERTEX_POINT('',#5218);
#1744=VERTEX_POINT('',#5220);
#1745=VERTEX_POINT('',#5222);
#1746=VERTEX_POINT('',#5226);
#1747=VERTEX_POINT('',#5228);
#1748=VERTEX_POINT('',#5232);
#1749=VERTEX_POINT('',#5234);
#1750=VERTEX_POINT('',#5236);
#1751=VERTEX_POINT('',#5238);
#1752=VERTEX_POINT('',#5240);
#1753=VERTEX_POINT('',#5242);
#1754=VERTEX_POINT('',#5244);
#1755=VERTEX_POINT('',#5248);
#1756=VERTEX_POINT('',#5252);
#1757=VERTEX_POINT('',#5256);
#1758=VERTEX_POINT('',#5260);
#1759=VERTEX_POINT('',#5264);
#1760=VERTEX_POINT('',#5268);
#1761=VERTEX_POINT('',#5272);
#1762=VERTEX_POINT('',#5281);
#1763=VERTEX_POINT('',#5282);
#1764=VERTEX_POINT('',#5284);
#1765=VERTEX_POINT('',#5286);
#1766=VERTEX_POINT('',#5290);
#1767=VERTEX_POINT('',#5291);
#1768=VERTEX_POINT('',#5293);
#1769=VERTEX_POINT('',#5295);
#1770=VERTEX_POINT('',#5297);
#1771=VERTEX_POINT('',#5299);
#1772=VERTEX_POINT('',#5303);
#1773=VERTEX_POINT('',#5304);
#1774=VERTEX_POINT('',#5306);
#1775=VERTEX_POINT('',#5308);
#1776=VERTEX_POINT('',#5310);
#1777=VERTEX_POINT('',#5312);
#1778=VERTEX_POINT('',#5314);
#1779=VERTEX_POINT('',#5316);
#1780=VERTEX_POINT('',#5319);
#1781=VERTEX_POINT('',#5320);
#1782=VERTEX_POINT('',#5322);
#1783=VERTEX_POINT('',#5324);
#1784=VERTEX_POINT('',#5327);
#1785=VERTEX_POINT('',#5328);
#1786=VERTEX_POINT('',#5330);
#1787=VERTEX_POINT('',#5332);
#1788=VERTEX_POINT('',#5335);
#1789=VERTEX_POINT('',#5336);
#1790=VERTEX_POINT('',#5338);
#1791=VERTEX_POINT('',#5340);
#1792=VERTEX_POINT('',#5344);
#1793=VERTEX_POINT('',#5345);
#1794=VERTEX_POINT('',#5347);
#1795=VERTEX_POINT('',#5349);
#1796=VERTEX_POINT('',#5351);
#1797=VERTEX_POINT('',#5353);
#1798=VERTEX_POINT('',#5355);
#1799=VERTEX_POINT('',#5357);
#1800=VERTEX_POINT('',#5359);
#1801=VERTEX_POINT('',#5361);
#1802=VERTEX_POINT('',#5363);
#1803=VERTEX_POINT('',#5365);
#1804=VERTEX_POINT('',#5367);
#1805=VERTEX_POINT('',#5369);
#1806=VERTEX_POINT('',#5373);
#1807=VERTEX_POINT('',#5374);
#1808=VERTEX_POINT('',#5376);
#1809=VERTEX_POINT('',#5378);
#1810=VERTEX_POINT('',#5381);
#1811=VERTEX_POINT('',#5382);
#1812=VERTEX_POINT('',#5384);
#1813=VERTEX_POINT('',#5386);
#1814=VERTEX_POINT('',#5396);
#1815=VERTEX_POINT('',#5406);
#1816=VERTEX_POINT('',#5408);
#1817=VERTEX_POINT('',#5410);
#1818=VERTEX_POINT('',#5426);
#1819=VERTEX_POINT('',#5438);
#1820=VERTEX_POINT('',#5444);
#1821=VERTEX_POINT('',#5452);
#1822=VERTEX_POINT('',#5458);
#1823=VERTEX_POINT('',#5474);
#1824=VERTEX_POINT('',#5494);
#1825=VERTEX_POINT('',#5496);
#1826=VERTEX_POINT('',#5498);
#1827=VERTEX_POINT('',#5508);
#1828=VERTEX_POINT('',#5518);
#1829=VERTEX_POINT('',#5520);
#1830=VERTEX_POINT('',#5522);
#1831=VERTEX_POINT('',#5541);
#1832=VERTEX_POINT('',#5542);
#1833=VERTEX_POINT('',#5544);
#1834=VERTEX_POINT('',#5546);
#1835=VERTEX_POINT('',#5548);
#1836=VERTEX_POINT('',#5558);
#1837=VERTEX_POINT('',#5568);
#1838=VERTEX_POINT('',#5570);
#1839=VERTEX_POINT('',#5580);
#1840=VERTEX_POINT('',#5590);
#1841=VERTEX_POINT('',#5592);
#1842=VERTEX_POINT('',#5594);
#1843=VERTEX_POINT('',#5596);
#1844=VERTEX_POINT('',#5615);
#1845=VERTEX_POINT('',#5616);
#1846=VERTEX_POINT('',#5618);
#1847=VERTEX_POINT('',#5620);
#1848=VERTEX_POINT('',#5632);
#1849=VERTEX_POINT('',#5652);
#1850=VERTEX_POINT('',#5672);
#1851=VERTEX_POINT('',#5684);
#1852=VERTEX_POINT('',#5686);
#1853=VERTEX_POINT('',#5688);
#1854=VERTEX_POINT('',#5698);
#1855=VERTEX_POINT('',#5708);
#1856=VERTEX_POINT('',#5710);
#1857=VERTEX_POINT('',#5712);
#1858=VERTEX_POINT('',#5714);
#1859=VERTEX_POINT('',#5734);
#1860=VERTEX_POINT('',#5736);
#1861=VERTEX_POINT('',#5740);
#1862=VERTEX_POINT('',#5742);
#1863=VERTEX_POINT('',#5746);
#1864=VERTEX_POINT('',#5748);
#1865=VERTEX_POINT('',#5754);
#1866=VERTEX_POINT('',#5758);
#1867=VERTEX_POINT('',#5760);
#1868=VERTEX_POINT('',#5762);
#1869=VERTEX_POINT('',#5764);
#1870=VERTEX_POINT('',#5767);
#1871=VERTEX_POINT('',#5769);
#1872=VERTEX_POINT('',#5771);
#1873=VERTEX_POINT('',#5774);
#1874=VERTEX_POINT('',#5776);
#1875=VERTEX_POINT('',#5779);
#1876=VERTEX_POINT('',#5781);
#1877=VERTEX_POINT('',#5790);
#1878=VERTEX_POINT('',#5791);
#1879=VERTEX_POINT('',#5793);
#1880=VERTEX_POINT('',#5795);
#1881=VERTEX_POINT('',#5803);
#1882=VERTEX_POINT('',#5804);
#1883=VERTEX_POINT('',#5806);
#1884=VERTEX_POINT('',#5808);
#1885=VERTEX_POINT('',#5816);
#1886=VERTEX_POINT('',#5817);
#1887=VERTEX_POINT('',#5819);
#1888=VERTEX_POINT('',#5821);
#1889=VERTEX_POINT('',#5850);
#1890=VERTEX_POINT('',#5852);
#1891=VERTEX_POINT('',#5856);
#1892=VERTEX_POINT('',#5881);
#1893=VERTEX_POINT('',#5932);
#1894=VERTEX_POINT('',#5991);
#1895=VERTEX_POINT('',#6034);
#1896=VERTEX_POINT('',#6048);
#1897=VERTEX_POINT('',#6052);
#1898=VERTEX_POINT('',#6073);
#1899=VERTEX_POINT('',#6102);
#1900=VERTEX_POINT('',#6114);
#1901=VERTEX_POINT('',#6118);
#1902=VERTEX_POINT('',#6122);
#1903=VERTEX_POINT('',#6143);
#1904=VERTEX_POINT('',#6182);
#1905=VERTEX_POINT('',#6183);
#1906=VERTEX_POINT('',#6203);
#1907=VERTEX_POINT('',#6223);
#1908=VERTEX_POINT('',#6300);
#1909=VERTEX_POINT('',#6301);
#1910=VERTEX_POINT('',#6361);
#1911=VERTEX_POINT('',#6420);
#1912=VERTEX_POINT('',#6500);
#1913=VERTEX_POINT('',#6502);
#1914=VERTEX_POINT('',#6506);
#1915=VERTEX_POINT('',#6510);
#1916=VERTEX_POINT('',#6517);
#1917=VERTEX_POINT('',#6519);
#1918=VERTEX_POINT('',#6523);
#1919=VERTEX_POINT('',#6527);
#1920=VERTEX_POINT('',#6548);
#1921=VERTEX_POINT('',#6577);
#1922=VERTEX_POINT('',#6589);
#1923=VERTEX_POINT('',#6610);
#1924=VERTEX_POINT('',#6639);
#1925=VERTEX_POINT('',#6651);
#1926=VERTEX_POINT('',#6655);
#1927=VERTEX_POINT('',#6659);
#1928=VERTEX_POINT('',#6680);
#1929=VERTEX_POINT('',#6720);
#1930=VERTEX_POINT('',#6722);
#1931=VERTEX_POINT('',#6726);
#1932=VERTEX_POINT('',#6747);
#1933=VERTEX_POINT('',#6776);
#1934=VERTEX_POINT('',#6788);
#1935=VERTEX_POINT('',#6792);
#1936=VERTEX_POINT('',#6825);
#1937=VERTEX_POINT('',#6864);
#1938=VERTEX_POINT('',#6887);
#1939=VERTEX_POINT('',#6908);
#1940=VERTEX_POINT('',#6927);
#1941=VERTEX_POINT('',#6964);
#1942=VERTEX_POINT('',#7019);
#1943=VERTEX_POINT('',#7041);
#1944=VERTEX_POINT('',#7045);
#1945=VERTEX_POINT('',#7066);
#1946=VERTEX_POINT('',#7095);
#1947=VERTEX_POINT('',#7107);
#1948=VERTEX_POINT('',#7111);
#1949=VERTEX_POINT('',#7132);
#1950=VERTEX_POINT('',#7172);
#1951=VERTEX_POINT('',#7174);
#1952=VERTEX_POINT('',#7180);
#1953=VERTEX_POINT('',#7181);
#1954=VERTEX_POINT('',#7200);
#1955=VERTEX_POINT('',#7201);
#1956=VERTEX_POINT('',#7203);
#1957=VERTEX_POINT('',#7205);
#1958=VERTEX_POINT('',#7209);
#1959=VERTEX_POINT('',#7211);
#1960=VERTEX_POINT('',#7215);
#1961=VERTEX_POINT('',#7217);
#1962=VERTEX_POINT('',#7224);
#1963=VERTEX_POINT('',#7225);
#1964=VERTEX_POINT('',#7227);
#1965=VERTEX_POINT('',#7229);
#1966=VERTEX_POINT('',#7233);
#1967=VERTEX_POINT('',#7234);
#1968=VERTEX_POINT('',#7236);
#1969=VERTEX_POINT('',#7238);
#1970=VERTEX_POINT('',#7352);
#1971=VERTEX_POINT('',#7353);
#1972=VERTEX_POINT('',#7456);
#1973=VERTEX_POINT('',#7457);
#1974=EDGE_CURVE('',#1630,#1630,#1602,.T.);
#1975=EDGE_CURVE('',#1630,#1631,#1603,.T.);
#1976=EDGE_CURVE('',#1631,#1632,#1604,.T.);
#1977=EDGE_CURVE('',#1632,#1631,#1605,.T.);
#1978=EDGE_CURVE('',#1632,#1633,#336,.T.);
#1979=EDGE_CURVE('',#1633,#1633,#1606,.T.);
#1980=EDGE_CURVE('',#1634,#1635,#337,.T.);
#1981=EDGE_CURVE('',#1635,#1636,#338,.T.);
#1982=EDGE_CURVE('',#1636,#1637,#339,.T.);
#1983=EDGE_CURVE('',#1634,#1637,#340,.T.);
#1984=EDGE_CURVE('',#1638,#1639,#103,.T.);
#1985=EDGE_CURVE('',#1638,#1640,#1607,.T.);
#1986=EDGE_CURVE('',#1641,#1640,#104,.T.);
#1987=EDGE_CURVE('',#1641,#1642,#1608,.T.);
#1988=EDGE_CURVE('',#1639,#1642,#105,.T.);
#1989=EDGE_CURVE('',#1639,#1643,#1609,.T.);
#1990=EDGE_CURVE('',#1643,#1644,#1610,.T.);
#1991=EDGE_CURVE('',#1644,#1643,#1611,.T.);
#1992=EDGE_CURVE('',#1645,#1641,#341,.T.);
#1993=EDGE_CURVE('',#1646,#1645,#342,.T.);
#1994=EDGE_CURVE('',#1642,#1646,#343,.T.);
#1995=EDGE_CURVE('',#1644,#1647,#344,.T.);
#1996=EDGE_CURVE('',#1647,#1647,#1612,.T.);
#1997=EDGE_CURVE('',#1648,#1649,#345,.F.);
#1998=EDGE_CURVE('',#1650,#1648,#346,.F.);
#1999=EDGE_CURVE('',#1651,#1650,#347,.T.);
#2000=EDGE_CURVE('',#1649,#1651,#348,.F.);
#2001=EDGE_CURVE('',#1649,#1652,#349,.F.);
#2002=EDGE_CURVE('',#1652,#1653,#350,.T.);
#2003=EDGE_CURVE('',#1653,#1654,#351,.T.);
#2004=EDGE_CURVE('',#1655,#1654,#352,.T.);
#2005=EDGE_CURVE('',#1656,#1655,#353,.T.);
#2006=EDGE_CURVE('',#1657,#1656,#354,.T.);
#2007=EDGE_CURVE('',#1658,#1657,#355,.T.);
#2008=EDGE_CURVE('',#1659,#1658,#356,.T.);
#2009=EDGE_CURVE('',#1659,#1648,#357,.T.);
#2010=EDGE_CURVE('',#1660,#1652,#358,.T.);
#2011=EDGE_CURVE('',#1661,#1660,#359,.F.);
#2012=EDGE_CURVE('',#1653,#1661,#360,.T.);
#2013=EDGE_CURVE('',#1661,#1650,#361,.T.);
#2014=EDGE_CURVE('',#1651,#1660,#362,.T.);
#2015=EDGE_CURVE('',#1662,#1663,#363,.T.);
#2016=EDGE_CURVE('',#1662,#1664,#364,.T.);
#2017=EDGE_CURVE('',#1664,#1638,#365,.T.);
#2018=EDGE_CURVE('',#1663,#1646,#366,.T.);
#2019=EDGE_CURVE('',#1665,#1662,#367,.T.);
#2020=EDGE_CURVE('',#1665,#1666,#368,.T.);
#2021=EDGE_CURVE('',#1666,#1664,#369,.T.);
#2022=EDGE_CURVE('',#1667,#1665,#370,.T.);
#2023=EDGE_CURVE('',#1667,#1645,#371,.T.);
#2024=EDGE_CURVE('',#1640,#1666,#372,.T.);
#2025=EDGE_CURVE('',#1663,#1667,#373,.T.);
#2026=EDGE_CURVE('',#1668,#1669,#374,.T.);
#2027=EDGE_CURVE('',#1668,#1657,#375,.T.);
#2028=EDGE_CURVE('',#1656,#1670,#376,.T.);
#2029=EDGE_CURVE('',#1671,#1670,#377,.T.);
#2030=EDGE_CURVE('',#1669,#1671,#378,.T.);
#2031=EDGE_CURVE('',#1672,#1673,#379,.T.);
#2032=EDGE_CURVE('',#1672,#1674,#380,.T.);
#2033=EDGE_CURVE('',#1675,#1674,#381,.T.);
#2034=EDGE_CURVE('',#1673,#1675,#382,.T.);
#2035=EDGE_CURVE('',#1676,#1634,#383,.T.);
#2036=EDGE_CURVE('',#1676,#1677,#384,.T.);
#2037=EDGE_CURVE('',#1635,#1677,#385,.T.);
#2038=EDGE_CURVE('',#1678,#1679,#386,.T.);
#2039=EDGE_CURVE('',#1680,#1678,#387,.T.);
#2040=EDGE_CURVE('',#1681,#1680,#388,.T.);
#2041=EDGE_CURVE('',#1679,#1681,#389,.T.);
#2042=EDGE_CURVE('',#1682,#1658,#390,.T.);
#2043=EDGE_CURVE('',#1683,#1682,#391,.T.);
#2044=EDGE_CURVE('',#1684,#1683,#392,.T.);
#2045=EDGE_CURVE('',#1685,#1684,#393,.T.);
#2046=EDGE_CURVE('',#1655,#1685,#394,.T.);
#2047=EDGE_CURVE('',#1686,#1685,#395,.T.);
#2048=EDGE_CURVE('',#1687,#1686,#396,.T.);
#2049=EDGE_CURVE('',#1654,#1687,#397,.T.);
#2050=EDGE_CURVE('',#1655,#1654,#398,.T.);
#2051=EDGE_CURVE('',#1682,#1688,#399,.T.);
#2052=EDGE_CURVE('',#1659,#1658,#400,.T.);
#2053=EDGE_CURVE('',#1689,#1659,#401,.T.);
#2054=EDGE_CURVE('',#1688,#1689,#402,.T.);
#2055=EDGE_CURVE('',#1690,#1636,#403,.T.);
#2056=EDGE_CURVE('',#1691,#1690,#404,.T.);
#2057=EDGE_CURVE('',#1637,#1691,#405,.T.);
#2058=EDGE_CURVE('',#1692,#1668,#406,.T.);
#2059=EDGE_CURVE('',#1693,#1692,#407,.T.);
#2060=EDGE_CURVE('',#1670,#1693,#408,.T.);
#2061=EDGE_CURVE('',#1657,#1656,#409,.T.);
#2062=EDGE_CURVE('',#1677,#1690,#410,.T.);
#2063=EDGE_CURVE('',#1684,#1671,#411,.T.);
#2064=EDGE_CURVE('',#1669,#1683,#412,.T.);
#2065=EDGE_CURVE('',#1676,#1691,#413,.T.);
#2066=EDGE_CURVE('',#1672,#1679,#414,.T.);
#2067=EDGE_CURVE('',#1674,#1681,#415,.T.);
#2068=EDGE_CURVE('',#1673,#1678,#416,.T.);
#2069=EDGE_CURVE('',#1675,#1680,#417,.T.);
#2070=EDGE_CURVE('',#1694,#1688,#418,.T.);
#2071=EDGE_CURVE('',#1695,#1694,#419,.T.);
#2072=EDGE_CURVE('',#1695,#1696,#420,.T.);
#2073=EDGE_CURVE('',#1697,#1696,#421,.T.);
#2074=EDGE_CURVE('',#1698,#1697,#422,.T.);
#2075=EDGE_CURVE('',#1698,#1699,#423,.T.);
#2076=EDGE_CURVE('',#1699,#1692,#424,.T.);
#2077=EDGE_CURVE('',#1700,#1686,#425,.T.);
#2078=EDGE_CURVE('',#1700,#1701,#426,.T.);
#2079=EDGE_CURVE('',#1701,#1687,#427,.T.);
#2080=EDGE_CURVE('',#1702,#1689,#428,.T.);
#2081=EDGE_CURVE('',#1694,#1702,#429,.T.);
#2082=EDGE_CURVE('',#1703,#1659,#430,.T.);
#2083=EDGE_CURVE('',#1702,#1703,#431,.T.);
#2084=EDGE_CURVE('',#1704,#1705,#1613,.T.);
#2085=EDGE_CURVE('',#1706,#1705,#432,.T.);
#2086=EDGE_CURVE('',#1707,#1706,#1614,.T.);
#2087=EDGE_CURVE('',#1707,#1704,#433,.T.);
#2088=EDGE_CURVE('',#1708,#1709,#1615,.T.);
#2089=EDGE_CURVE('',#1710,#1709,#434,.T.);
#2090=EDGE_CURVE('',#1711,#1710,#1616,.T.);
#2091=EDGE_CURVE('',#1711,#1708,#435,.T.);
#2092=EDGE_CURVE('',#1712,#1658,#436,.T.);
#2093=EDGE_CURVE('',#1712,#1703,#437,.T.);
#2094=EDGE_CURVE('',#1713,#1657,#438,.T.);
#2095=EDGE_CURVE('',#1713,#1712,#439,.T.);
#2096=EDGE_CURVE('',#1714,#1656,#440,.T.);
#2097=EDGE_CURVE('',#1713,#1714,#441,.T.);
#2098=EDGE_CURVE('',#1715,#1655,#442,.T.);
#2099=EDGE_CURVE('',#1714,#1715,#443,.T.);
#2100=EDGE_CURVE('',#1716,#1654,#444,.T.);
#2101=EDGE_CURVE('',#1715,#1716,#445,.T.);
#2102=EDGE_CURVE('',#1717,#1718,#446,.T.);
#2103=EDGE_CURVE('',#1717,#1719,#447,.T.);
#2104=EDGE_CURVE('',#1720,#1719,#448,.T.);
#2105=EDGE_CURVE('',#1718,#1720,#449,.T.);
#2106=EDGE_CURVE('',#1721,#1717,#100,.T.);
#2107=EDGE_CURVE('',#1722,#1721,#450,.T.);
#2108=EDGE_CURVE('',#1697,#1722,#451,.T.);
#2109=EDGE_CURVE('',#1719,#1696,#452,.T.);
#2110=EDGE_CURVE('',#1723,#1708,#453,.T.);
#2111=EDGE_CURVE('',#1724,#1723,#454,.T.);
#2112=EDGE_CURVE('',#1725,#1724,#1617,.T.);
#2113=EDGE_CURVE('',#1726,#1725,#455,.T.);
#2114=EDGE_CURVE('',#1709,#1726,#456,.T.);
#2115=EDGE_CURVE('',#1726,#1727,#457,.T.);
#2116=EDGE_CURVE('',#1728,#1725,#458,.T.);
#2117=EDGE_CURVE('',#1727,#1728,#459,.T.);
#2118=EDGE_CURVE('',#1729,#1723,#460,.T.);
#2119=EDGE_CURVE('',#1730,#1729,#461,.T.);
#2120=EDGE_CURVE('',#1724,#1730,#462,.T.);
#2121=EDGE_CURVE('',#1731,#1729,#463,.T.);
#2122=EDGE_CURVE('',#1732,#1731,#464,.T.);
#2123=EDGE_CURVE('',#1727,#1732,#465,.T.);
#2124=EDGE_CURVE('',#1733,#1728,#101,.T.);
#2125=EDGE_CURVE('',#1730,#1733,#102,.T.);
#2126=EDGE_CURVE('',#1718,#1734,#1618,.T.);
#2127=EDGE_CURVE('',#1705,#1720,#466,.T.);
#2128=EDGE_CURVE('',#1735,#1704,#467,.T.);
#2129=EDGE_CURVE('',#1735,#1736,#468,.T.);
#2130=EDGE_CURVE('',#1734,#1736,#1619,.T.);
#2131=EDGE_CURVE('',#1736,#1721,#469,.T.);
#2132=EDGE_CURVE('',#1722,#1735,#470,.T.);
#2133=EDGE_CURVE('',#1701,#1716,#471,.T.);
#2134=EDGE_CURVE('',#1737,#1693,#472,.T.);
#2135=EDGE_CURVE('',#1737,#1738,#473,.T.);
#2136=EDGE_CURVE('',#1738,#1732,#474,.T.);
#2137=EDGE_CURVE('',#1739,#1731,#475,.T.);
#2138=EDGE_CURVE('',#1700,#1739,#476,.T.);
#2139=EDGE_CURVE('',#1739,#1711,#477,.T.);
#2140=EDGE_CURVE('',#1738,#1710,#478,.T.);
#2141=EDGE_CURVE('',#1733,#1740,#479,.T.);
#2142=EDGE_CURVE('',#1740,#1740,#1620,.T.);
#2143=EDGE_CURVE('',#1734,#1741,#480,.T.);
#2144=EDGE_CURVE('',#1741,#1741,#1621,.T.);
#2145=EDGE_CURVE('',#1699,#1737,#481,.T.);
#2146=EDGE_CURVE('',#1707,#1698,#482,.T.);
#2147=EDGE_CURVE('',#1706,#1695,#483,.T.);
#2148=EDGE_CURVE('',#1742,#1743,#1622,.T.);
#2149=EDGE_CURVE('',#1743,#1744,#484,.T.);
#2150=EDGE_CURVE('',#1744,#1745,#1623,.T.);
#2151=EDGE_CURVE('',#1745,#1742,#485,.T.);
#2152=EDGE_CURVE('',#1746,#1745,#486,.T.);
#2153=EDGE_CURVE('',#1747,#1746,#487,.T.);
#2154=EDGE_CURVE('',#1742,#1747,#488,.T.);
#2155=EDGE_CURVE('',#1748,#1744,#489,.T.);
#2156=EDGE_CURVE('',#1749,#1748,#490,.T.);
#2157=EDGE_CURVE('',#1750,#1749,#491,.T.);
#2158=EDGE_CURVE('',#1751,#1750,#492,.T.);
#2159=EDGE_CURVE('',#1752,#1751,#493,.T.);
#2160=EDGE_CURVE('',#1753,#1752,#494,.T.);
#2161=EDGE_CURVE('',#1753,#1754,#495,.T.);
#2162=EDGE_CURVE('',#1746,#1754,#1624,.T.);
#2163=EDGE_CURVE('',#1755,#1747,#1625,.T.);
#2164=EDGE_CURVE('',#1754,#1755,#496,.T.);
#2165=EDGE_CURVE('',#1753,#1756,#497,.T.);
#2166=EDGE_CURVE('',#1755,#1756,#498,.T.);
#2167=EDGE_CURVE('',#1757,#1743,#499,.T.);
#2168=EDGE_CURVE('',#1748,#1757,#500,.T.);
#2169=EDGE_CURVE('',#1758,#1757,#501,.T.);
#2170=EDGE_CURVE('',#1749,#1758,#502,.T.);
#2171=EDGE_CURVE('',#1759,#1758,#503,.T.);
#2172=EDGE_CURVE('',#1750,#1759,#504,.T.);
#2173=EDGE_CURVE('',#1760,#1759,#505,.T.);
#2174=EDGE_CURVE('',#1751,#1760,#506,.T.);
#2175=EDGE_CURVE('',#1761,#1760,#507,.T.);
#2176=EDGE_CURVE('',#1752,#1761,#508,.T.);
#2177=EDGE_CURVE('',#1756,#1761,#509,.T.);
#2178=EDGE_CURVE('',#1762,#1763,#510,.T.);
#2179=EDGE_CURVE('',#1763,#1764,#511,.T.);
#2180=EDGE_CURVE('',#1765,#1764,#512,.T.);
#2181=EDGE_CURVE('',#1762,#1765,#513,.T.);
#2182=EDGE_CURVE('',#1766,#1767,#514,.T.);
#2183=EDGE_CURVE('',#1768,#1766,#515,.T.);
#2184=EDGE_CURVE('',#1768,#1769,#516,.T.);
#2185=EDGE_CURVE('',#1770,#1769,#517,.T.);
#2186=EDGE_CURVE('',#1770,#1771,#518,.T.);
#2187=EDGE_CURVE('',#1771,#1767,#519,.T.);
#2188=EDGE_CURVE('',#1772,#1773,#520,.T.);
#2189=EDGE_CURVE('',#1772,#1774,#521,.T.);
#2190=EDGE_CURVE('',#1775,#1774,#522,.T.);
#2191=EDGE_CURVE('',#1775,#1776,#523,.T.);
#2192=EDGE_CURVE('',#1776,#1777,#524,.T.);
#2193=EDGE_CURVE('',#1777,#1778,#525,.T.);
#2194=EDGE_CURVE('',#1778,#1779,#526,.T.);
#2195=EDGE_CURVE('',#1779,#1773,#527,.T.);
#2196=EDGE_CURVE('',#1780,#1781,#528,.T.);
#2197=EDGE_CURVE('',#1782,#1780,#529,.T.);
#2198=EDGE_CURVE('',#1783,#1782,#530,.T.);
#2199=EDGE_CURVE('',#1781,#1783,#531,.T.);
#2200=EDGE_CURVE('',#1784,#1785,#532,.T.);
#2201=EDGE_CURVE('',#1786,#1784,#533,.T.);
#2202=EDGE_CURVE('',#1787,#1786,#534,.T.);
#2203=EDGE_CURVE('',#1785,#1787,#535,.T.);
#2204=EDGE_CURVE('',#1788,#1789,#536,.T.);
#2205=EDGE_CURVE('',#1790,#1788,#537,.T.);
#2206=EDGE_CURVE('',#1791,#1790,#538,.T.);
#2207=EDGE_CURVE('',#1789,#1791,#539,.T.);
#2208=EDGE_CURVE('',#1792,#1793,#540,.T.);
#2209=EDGE_CURVE('',#1794,#1793,#541,.T.);
#2210=EDGE_CURVE('',#1795,#1794,#542,.T.);
#2211=EDGE_CURVE('',#1796,#1795,#543,.T.);
#2212=EDGE_CURVE('',#1796,#1797,#544,.T.);
#2213=EDGE_CURVE('',#1798,#1797,#545,.T.);
#2214=EDGE_CURVE('',#1799,#1798,#546,.T.);
#2215=EDGE_CURVE('',#1800,#1799,#547,.T.);
#2216=EDGE_CURVE('',#1800,#1801,#548,.T.);
#2217=EDGE_CURVE('',#1802,#1801,#549,.T.);
#2218=EDGE_CURVE('',#1803,#1802,#550,.T.);
#2219=EDGE_CURVE('',#1804,#1803,#551,.T.);
#2220=EDGE_CURVE('',#1804,#1805,#552,.T.);
#2221=EDGE_CURVE('',#1778,#1805,#553,.T.);
#2222=EDGE_CURVE('',#1777,#1792,#554,.T.);
#2223=EDGE_CURVE('',#1806,#1807,#555,.T.);
#2224=EDGE_CURVE('',#1807,#1808,#556,.T.);
#2225=EDGE_CURVE('',#1808,#1809,#557,.T.);
#2226=EDGE_CURVE('',#1809,#1806,#558,.T.);
#2227=EDGE_CURVE('',#1810,#1811,#559,.T.);
#2228=EDGE_CURVE('',#1811,#1812,#560,.T.);
#2229=EDGE_CURVE('',#1812,#1813,#106,.T.);
#2230=EDGE_CURVE('',#1813,#1814,#107,.T.);
#2231=EDGE_CURVE('',#1814,#1815,#561,.T.);
#2232=EDGE_CURVE('',#1815,#1816,#562,.T.);
#2233=EDGE_CURVE('',#1816,#1817,#108,.T.);
#2234=EDGE_CURVE('',#1817,#1818,#109,.T.);
#2235=EDGE_CURVE('',#1818,#1819,#110,.T.);
#2236=EDGE_CURVE('',#1819,#1820,#111,.T.);
#2237=EDGE_CURVE('',#1820,#1821,#112,.T.);
#2238=EDGE_CURVE('',#1821,#1822,#113,.T.);
#2239=EDGE_CURVE('',#1822,#1823,#114,.T.);
#2240=EDGE_CURVE('',#1823,#1824,#563,.T.);
#2241=EDGE_CURVE('',#1824,#1825,#564,.T.);
#2242=EDGE_CURVE('',#1825,#1826,#115,.T.);
#2243=EDGE_CURVE('',#1826,#1827,#116,.T.);
#2244=EDGE_CURVE('',#1827,#1828,#565,.T.);
#2245=EDGE_CURVE('',#1828,#1829,#566,.T.);
#2246=EDGE_CURVE('',#1829,#1830,#117,.T.);
#2247=EDGE_CURVE('',#1830,#1810,#118,.T.);
#2248=EDGE_CURVE('',#1831,#1832,#567,.T.);
#2249=EDGE_CURVE('',#1832,#1833,#568,.T.);
#2250=EDGE_CURVE('',#1833,#1834,#569,.T.);
#2251=EDGE_CURVE('',#1834,#1835,#119,.T.);
#2252=EDGE_CURVE('',#1835,#1836,#120,.T.);
#2253=EDGE_CURVE('',#1836,#1837,#570,.T.);
#2254=EDGE_CURVE('',#1837,#1838,#121,.T.);
#2255=EDGE_CURVE('',#1838,#1839,#122,.T.);
#2256=EDGE_CURVE('',#1839,#1840,#571,.T.);
#2257=EDGE_CURVE('',#1840,#1841,#572,.T.);
#2258=EDGE_CURVE('',#1841,#1842,#573,.T.);
#2259=EDGE_CURVE('',#1842,#1843,#123,.T.);
#2260=EDGE_CURVE('',#1843,#1831,#124,.T.);
#2261=EDGE_CURVE('',#1844,#1845,#574,.T.);
#2262=EDGE_CURVE('',#1845,#1846,#575,.T.);
#2263=EDGE_CURVE('',#1846,#1847,#125,.T.);
#2264=EDGE_CURVE('',#1847,#1848,#126,.T.);
#2265=EDGE_CURVE('',#1848,#1849,#127,.T.);
#2266=EDGE_CURVE('',#1849,#1850,#128,.T.);
#2267=EDGE_CURVE('',#1850,#1851,#576,.T.);
#2268=EDGE_CURVE('',#1851,#1852,#577,.T.);
#2269=EDGE_CURVE('',#1852,#1853,#129,.T.);
#2270=EDGE_CURVE('',#1853,#1854,#130,.T.);
#2271=EDGE_CURVE('',#1854,#1855,#578,.T.);
#2272=EDGE_CURVE('',#1855,#1856,#579,.T.);
#2273=EDGE_CURVE('',#1856,#1857,#580,.T.);
#2274=EDGE_CURVE('',#1857,#1858,#131,.T.);
#2275=EDGE_CURVE('',#1858,#1844,#132,.T.);
#2276=EDGE_CURVE('',#1859,#1793,#581,.T.);
#2277=EDGE_CURVE('',#1860,#1792,#582,.T.);
#2278=EDGE_CURVE('',#1859,#1860,#583,.T.);
#2279=EDGE_CURVE('',#1861,#1796,#584,.T.);
#2280=EDGE_CURVE('',#1862,#1861,#585,.T.);
#2281=EDGE_CURVE('',#1862,#1797,#586,.T.);
#2282=EDGE_CURVE('',#1863,#1800,#587,.T.);
#2283=EDGE_CURVE('',#1864,#1863,#588,.T.);
#2284=EDGE_CURVE('',#1864,#1801,#589,.T.);
#2285=EDGE_CURVE('',#1776,#1860,#590,.T.);
#2286=EDGE_CURVE('',#1805,#1865,#591,.T.);
#2287=EDGE_CURVE('',#1779,#1865,#592,.T.);
#2288=EDGE_CURVE('',#1866,#1775,#593,.T.);
#2289=EDGE_CURVE('',#1866,#1867,#594,.T.);
#2290=EDGE_CURVE('',#1868,#1867,#595,.T.);
#2291=EDGE_CURVE('',#1868,#1869,#596,.T.);
#2292=EDGE_CURVE('',#1869,#1773,#597,.T.);
#2293=EDGE_CURVE('',#1865,#1870,#598,.T.);
#2294=EDGE_CURVE('',#1870,#1871,#599,.T.);
#2295=EDGE_CURVE('',#1871,#1872,#600,.T.);
#2296=EDGE_CURVE('',#1872,#1864,#601,.T.);
#2297=EDGE_CURVE('',#1863,#1873,#602,.T.);
#2298=EDGE_CURVE('',#1873,#1874,#603,.T.);
#2299=EDGE_CURVE('',#1874,#1862,#604,.T.);
#2300=EDGE_CURVE('',#1861,#1875,#605,.T.);
#2301=EDGE_CURVE('',#1875,#1876,#606,.T.);
#2302=EDGE_CURVE('',#1876,#1859,#607,.T.);
#2303=EDGE_CURVE('',#1870,#1804,#608,.T.);
#2304=EDGE_CURVE('',#1872,#1802,#609,.T.);
#2305=EDGE_CURVE('',#1871,#1803,#610,.T.);
#2306=EDGE_CURVE('',#1877,#1878,#611,.T.);
#2307=EDGE_CURVE('',#1878,#1879,#612,.T.);
#2308=EDGE_CURVE('',#1879,#1880,#613,.T.);
#2309=EDGE_CURVE('',#1880,#1877,#614,.T.);
#2310=EDGE_CURVE('',#1874,#1798,#615,.T.);
#2311=EDGE_CURVE('',#1873,#1799,#616,.T.);
#2312=EDGE_CURVE('',#1881,#1882,#617,.T.);
#2313=EDGE_CURVE('',#1882,#1883,#618,.T.);
#2314=EDGE_CURVE('',#1883,#1884,#619,.T.);
#2315=EDGE_CURVE('',#1884,#1881,#620,.T.);
#2316=EDGE_CURVE('',#1876,#1794,#621,.T.);
#2317=EDGE_CURVE('',#1875,#1795,#622,.T.);
#2318=EDGE_CURVE('',#1885,#1886,#623,.T.);
#2319=EDGE_CURVE('',#1886,#1887,#624,.T.);
#2320=EDGE_CURVE('',#1887,#1888,#625,.T.);
#2321=EDGE_CURVE('',#1888,#1885,#626,.T.);
#2322=EDGE_CURVE('',#1878,#1782,#627,.T.);
#2323=EDGE_CURVE('',#1879,#1780,#628,.T.);
#2324=EDGE_CURVE('',#1877,#1783,#629,.T.);
#2325=EDGE_CURVE('',#1880,#1781,#630,.T.);
#2326=EDGE_CURVE('',#1882,#1786,#631,.T.);
#2327=EDGE_CURVE('',#1883,#1784,#632,.T.);
#2328=EDGE_CURVE('',#1881,#1787,#633,.T.);
#2329=EDGE_CURVE('',#1884,#1785,#634,.T.);
#2330=EDGE_CURVE('',#1886,#1790,#635,.T.);
#2331=EDGE_CURVE('',#1887,#1788,#636,.T.);
#2332=EDGE_CURVE('',#1885,#1791,#637,.T.);
#2333=EDGE_CURVE('',#1888,#1789,#638,.T.);
#2334=EDGE_CURVE('',#1889,#1844,#639,.T.);
#2335=EDGE_CURVE('',#1889,#1890,#640,.T.);
#2336=EDGE_CURVE('',#1890,#1845,#641,.T.);
#2337=EDGE_CURVE('',#1890,#1891,#642,.T.);
#2338=EDGE_CURVE('',#1891,#1846,#643,.T.);
#2339=EDGE_CURVE('',#1891,#1892,#133,.T.);
#2340=EDGE_CURVE('',#1892,#1847,#644,.T.);
#2341=EDGE_CURVE('',#1892,#1893,#134,.T.);
#2342=EDGE_CURVE('',#1893,#1848,#645,.T.);
#2343=EDGE_CURVE('',#1893,#1894,#135,.T.);
#2344=EDGE_CURVE('',#1894,#1849,#646,.T.);
#2345=EDGE_CURVE('',#1894,#1895,#136,.T.);
#2346=EDGE_CURVE('',#1895,#1850,#647,.T.);
#2347=EDGE_CURVE('',#1895,#1896,#648,.T.);
#2348=EDGE_CURVE('',#1896,#1851,#649,.T.);
#2349=EDGE_CURVE('',#1896,#1897,#650,.T.);
#2350=EDGE_CURVE('',#1897,#1852,#651,.T.);
#2351=EDGE_CURVE('',#1897,#1898,#137,.T.);
#2352=EDGE_CURVE('',#1898,#1853,#652,.T.);
#2353=EDGE_CURVE('',#1898,#1899,#138,.T.);
#2354=EDGE_CURVE('',#1899,#1854,#653,.T.);
#2355=EDGE_CURVE('',#1899,#1900,#654,.T.);
#2356=EDGE_CURVE('',#1900,#1855,#655,.T.);
#2357=EDGE_CURVE('',#1900,#1901,#656,.T.);
#2358=EDGE_CURVE('',#1901,#1856,#657,.T.);
#2359=EDGE_CURVE('',#1901,#1902,#658,.T.);
#2360=EDGE_CURVE('',#1902,#1857,#659,.T.);
#2361=EDGE_CURVE('',#1902,#1903,#139,.T.);
#2362=EDGE_CURVE('',#1903,#1858,#660,.T.);
#2363=EDGE_CURVE('',#1903,#1889,#140,.T.);
#2364=EDGE_CURVE('',#1904,#1905,#141,.T.);
#2365=EDGE_CURVE('',#1906,#1904,#142,.T.);
#2366=EDGE_CURVE('',#1907,#1906,#143,.T.);
#2367=EDGE_CURVE('',#1905,#1907,#144,.T.);
#2368=EDGE_CURVE('',#1908,#1909,#145,.T.);
#2369=EDGE_CURVE('',#1905,#1908,#661,.T.);
#2370=EDGE_CURVE('',#1907,#1909,#662,.T.);
#2371=EDGE_CURVE('',#1910,#1908,#146,.T.);
#2372=EDGE_CURVE('',#1904,#1910,#663,.T.);
#2373=EDGE_CURVE('',#1911,#1910,#147,.T.);
#2374=EDGE_CURVE('',#1906,#1911,#664,.T.);
#2375=EDGE_CURVE('',#1909,#1911,#148,.T.);
#2376=EDGE_CURVE('',#1912,#1806,#665,.T.);
#2377=EDGE_CURVE('',#1912,#1913,#666,.T.);
#2378=EDGE_CURVE('',#1913,#1807,#667,.T.);
#2379=EDGE_CURVE('',#1913,#1914,#668,.T.);
#2380=EDGE_CURVE('',#1914,#1808,#669,.T.);
#2381=EDGE_CURVE('',#1914,#1915,#670,.T.);
#2382=EDGE_CURVE('',#1915,#1809,#671,.T.);
#2383=EDGE_CURVE('',#1915,#1912,#672,.T.);
#2384=EDGE_CURVE('',#1916,#1831,#673,.T.);
#2385=EDGE_CURVE('',#1916,#1917,#674,.T.);
#2386=EDGE_CURVE('',#1917,#1832,#675,.T.);
#2387=EDGE_CURVE('',#1917,#1918,#676,.T.);
#2388=EDGE_CURVE('',#1918,#1833,#677,.T.);
#2389=EDGE_CURVE('',#1918,#1919,#678,.T.);
#2390=EDGE_CURVE('',#1919,#1834,#679,.T.);
#2391=EDGE_CURVE('',#1919,#1920,#149,.T.);
#2392=EDGE_CURVE('',#1920,#1835,#680,.T.);
#2393=EDGE_CURVE('',#1920,#1921,#150,.T.);
#2394=EDGE_CURVE('',#1921,#1836,#681,.T.);
#2395=EDGE_CURVE('',#1921,#1922,#682,.T.);
#2396=EDGE_CURVE('',#1922,#1837,#683,.T.);
#2397=EDGE_CURVE('',#1922,#1923,#151,.T.);
#2398=EDGE_CURVE('',#1923,#1838,#684,.T.);
#2399=EDGE_CURVE('',#1923,#1924,#152,.T.);
#2400=EDGE_CURVE('',#1924,#1839,#685,.T.);
#2401=EDGE_CURVE('',#1924,#1925,#686,.T.);
#2402=EDGE_CURVE('',#1925,#1840,#687,.T.);
#2403=EDGE_CURVE('',#1925,#1926,#688,.T.);
#2404=EDGE_CURVE('',#1926,#1841,#689,.T.);
#2405=EDGE_CURVE('',#1926,#1927,#690,.T.);
#2406=EDGE_CURVE('',#1927,#1842,#691,.T.);
#2407=EDGE_CURVE('',#1927,#1928,#153,.T.);
#2408=EDGE_CURVE('',#1928,#1843,#692,.T.);
#2409=EDGE_CURVE('',#1928,#1916,#154,.T.);
#2410=EDGE_CURVE('',#1929,#1810,#693,.T.);
#2411=EDGE_CURVE('',#1929,#1930,#694,.T.);
#2412=EDGE_CURVE('',#1930,#1811,#695,.T.);
#2413=EDGE_CURVE('',#1930,#1931,#696,.T.);
#2414=EDGE_CURVE('',#1931,#1812,#697,.T.);
#2415=EDGE_CURVE('',#1931,#1932,#155,.T.);
#2416=EDGE_CURVE('',#1932,#1813,#698,.T.);
#2417=EDGE_CURVE('',#1932,#1933,#156,.T.);
#2418=EDGE_CURVE('',#1933,#1814,#699,.T.);
#2419=EDGE_CURVE('',#1933,#1934,#700,.T.);
#2420=EDGE_CURVE('',#1934,#1815,#701,.T.);
#2421=EDGE_CURVE('',#1934,#1935,#702,.T.);
#2422=EDGE_CURVE('',#1935,#1816,#703,.T.);
#2423=EDGE_CURVE('',#1935,#1936,#157,.T.);
#2424=EDGE_CURVE('',#1936,#1817,#704,.T.);
#2425=EDGE_CURVE('',#1936,#1937,#158,.T.);
#2426=EDGE_CURVE('',#1937,#1818,#705,.T.);
#2427=EDGE_CURVE('',#1937,#1938,#159,.T.);
#2428=EDGE_CURVE('',#1938,#1819,#706,.T.);
#2429=EDGE_CURVE('',#1938,#1939,#160,.T.);
#2430=EDGE_CURVE('',#1939,#1820,#707,.T.);
#2431=EDGE_CURVE('',#1939,#1940,#161,.T.);
#2432=EDGE_CURVE('',#1940,#1821,#708,.T.);
#2433=EDGE_CURVE('',#1940,#1941,#162,.T.);
#2434=EDGE_CURVE('',#1941,#1822,#709,.T.);
#2435=EDGE_CURVE('',#1941,#1942,#163,.T.);
#2436=EDGE_CURVE('',#1942,#1823,#710,.T.);
#2437=EDGE_CURVE('',#1942,#1943,#711,.T.);
#2438=EDGE_CURVE('',#1943,#1824,#712,.T.);
#2439=EDGE_CURVE('',#1943,#1944,#713,.T.);
#2440=EDGE_CURVE('',#1944,#1825,#714,.T.);
#2441=EDGE_CURVE('',#1944,#1945,#164,.T.);
#2442=EDGE_CURVE('',#1945,#1826,#715,.T.);
#2443=EDGE_CURVE('',#1945,#1946,#165,.T.);
#2444=EDGE_CURVE('',#1946,#1827,#716,.T.);
#2445=EDGE_CURVE('',#1946,#1947,#717,.T.);
#2446=EDGE_CURVE('',#1947,#1828,#718,.T.);
#2447=EDGE_CURVE('',#1947,#1948,#719,.T.);
#2448=EDGE_CURVE('',#1948,#1829,#720,.T.);
#2449=EDGE_CURVE('',#1948,#1949,#166,.T.);
#2450=EDGE_CURVE('',#1949,#1830,#721,.T.);
#2451=EDGE_CURVE('',#1949,#1929,#167,.T.);
#2452=EDGE_CURVE('',#1762,#1950,#722,.T.);
#2453=EDGE_CURVE('',#1951,#1950,#723,.T.);
#2454=EDGE_CURVE('',#1951,#1767,#724,.T.);
#2455=EDGE_CURVE('',#1771,#1866,#725,.T.);
#2456=EDGE_CURVE('',#1774,#1763,#1626,.T.);
#2457=EDGE_CURVE('',#1952,#1953,#726,.T.);
#2458=EDGE_CURVE('',#1952,#1765,#727,.T.);
#2459=EDGE_CURVE('',#1764,#1772,#1627,.T.);
#2460=EDGE_CURVE('',#1869,#1768,#728,.T.);
#2461=EDGE_CURVE('',#1766,#1953,#729,.T.);
#2462=EDGE_CURVE('',#1867,#1770,#730,.T.);
#2463=EDGE_CURVE('',#1769,#1868,#731,.T.);
#2464=EDGE_CURVE('',#1950,#1952,#732,.T.);
#2465=EDGE_CURVE('',#1953,#1951,#733,.T.);
#2466=EDGE_CURVE('',#1954,#1955,#734,.T.);
#2467=EDGE_CURVE('',#1955,#1956,#735,.T.);
#2468=EDGE_CURVE('',#1957,#1956,#736,.T.);
#2469=EDGE_CURVE('',#1957,#1954,#737,.T.);
#2470=EDGE_CURVE('',#1956,#1958,#738,.T.);
#2471=EDGE_CURVE('',#1959,#1958,#739,.T.);
#2472=EDGE_CURVE('',#1959,#1957,#740,.T.);
#2473=EDGE_CURVE('',#1958,#1960,#741,.T.);
#2474=EDGE_CURVE('',#1961,#1960,#742,.T.);
#2475=EDGE_CURVE('',#1961,#1959,#743,.T.);
#2476=EDGE_CURVE('',#1960,#1955,#744,.T.);
#2477=EDGE_CURVE('',#1954,#1961,#745,.T.);
#2478=EDGE_CURVE('',#1962,#1963,#746,.T.);
#2479=EDGE_CURVE('',#1963,#1964,#747,.T.);
#2480=EDGE_CURVE('',#1964,#1965,#748,.T.);
#2481=EDGE_CURVE('',#1965,#1962,#749,.T.);
#2482=EDGE_CURVE('',#1966,#1967,#750,.T.);
#2483=EDGE_CURVE('',#1967,#1968,#751,.T.);
#2484=EDGE_CURVE('',#1968,#1969,#752,.T.);
#2485=EDGE_CURVE('',#1969,#1966,#753,.T.);
#2486=EDGE_CURVE('',#1961,#1963,#754,.T.);
#2487=EDGE_CURVE('',#1962,#1959,#755,.T.);
#2488=EDGE_CURVE('',#1964,#1954,#756,.T.);
#2489=EDGE_CURVE('',#1957,#1965,#757,.T.);
#2490=EDGE_CURVE('',#1966,#1960,#758,.T.);
#2491=EDGE_CURVE('',#1955,#1969,#759,.T.);
#2492=EDGE_CURVE('',#1956,#1968,#760,.T.);
#2493=EDGE_CURVE('',#1967,#1958,#761,.T.);
#2494=EDGE_CURVE('',#1970,#1971,#11,.T.);
#2495=EDGE_CURVE('',#1970,#1970,#1628,.T.);
#2496=EDGE_CURVE('',#1972,#1973,#12,.T.);
#2497=EDGE_CURVE('',#1972,#1972,#1629,.T.);
#2498=ORIENTED_EDGE('',*,*,#1974,.T.);
#2499=ORIENTED_EDGE('',*,*,#1975,.T.);
#2500=ORIENTED_EDGE('',*,*,#1976,.T.);
#2501=ORIENTED_EDGE('',*,*,#1977,.T.);
#2502=ORIENTED_EDGE('',*,*,#1975,.F.);
#2503=ORIENTED_EDGE('',*,*,#1976,.F.);
#2504=ORIENTED_EDGE('',*,*,#1977,.F.);
#2505=ORIENTED_EDGE('',*,*,#1978,.T.);
#2506=ORIENTED_EDGE('',*,*,#1979,.F.);
#2507=ORIENTED_EDGE('',*,*,#1978,.F.);
#2508=ORIENTED_EDGE('',*,*,#1980,.T.);
#2509=ORIENTED_EDGE('',*,*,#1981,.T.);
#2510=ORIENTED_EDGE('',*,*,#1982,.T.);
#2511=ORIENTED_EDGE('',*,*,#1983,.F.);
#2512=ORIENTED_EDGE('',*,*,#1974,.F.);
#2513=ORIENTED_EDGE('',*,*,#1984,.F.);
#2514=ORIENTED_EDGE('',*,*,#1985,.T.);
#2515=ORIENTED_EDGE('',*,*,#1986,.F.);
#2516=ORIENTED_EDGE('',*,*,#1987,.T.);
#2517=ORIENTED_EDGE('',*,*,#1988,.F.);
#2518=ORIENTED_EDGE('',*,*,#1989,.T.);
#2519=ORIENTED_EDGE('',*,*,#1990,.T.);
#2520=ORIENTED_EDGE('',*,*,#1991,.T.);
#2521=ORIENTED_EDGE('',*,*,#1989,.F.);
#2522=ORIENTED_EDGE('',*,*,#1987,.F.);
#2523=ORIENTED_EDGE('',*,*,#1992,.F.);
#2524=ORIENTED_EDGE('',*,*,#1993,.F.);
#2525=ORIENTED_EDGE('',*,*,#1994,.F.);
#2526=ORIENTED_EDGE('',*,*,#1991,.F.);
#2527=ORIENTED_EDGE('',*,*,#1995,.T.);
#2528=ORIENTED_EDGE('',*,*,#1996,.F.);
#2529=ORIENTED_EDGE('',*,*,#1995,.F.);
#2530=ORIENTED_EDGE('',*,*,#1990,.F.);
#2531=ORIENTED_EDGE('',*,*,#1997,.F.);
#2532=ORIENTED_EDGE('',*,*,#1998,.F.);
#2533=ORIENTED_EDGE('',*,*,#1999,.F.);
#2534=ORIENTED_EDGE('',*,*,#2000,.F.);
#2535=ORIENTED_EDGE('',*,*,#1997,.T.);
#2536=ORIENTED_EDGE('',*,*,#2001,.T.);
#2537=ORIENTED_EDGE('',*,*,#2002,.T.);
#2538=ORIENTED_EDGE('',*,*,#2003,.T.);
#2539=ORIENTED_EDGE('',*,*,#2004,.F.);
#2540=ORIENTED_EDGE('',*,*,#2005,.F.);
#2541=ORIENTED_EDGE('',*,*,#2006,.F.);
#2542=ORIENTED_EDGE('',*,*,#2007,.F.);
#2543=ORIENTED_EDGE('',*,*,#2008,.F.);
#2544=ORIENTED_EDGE('',*,*,#2009,.T.);
#2545=ORIENTED_EDGE('',*,*,#1996,.T.);
#2546=ORIENTED_EDGE('',*,*,#1979,.T.);
#2547=ORIENTED_EDGE('',*,*,#2002,.F.);
#2548=ORIENTED_EDGE('',*,*,#2010,.F.);
#2549=ORIENTED_EDGE('',*,*,#2011,.F.);
#2550=ORIENTED_EDGE('',*,*,#2012,.F.);
#2551=ORIENTED_EDGE('',*,*,#2013,.F.);
#2552=ORIENTED_EDGE('',*,*,#2011,.T.);
#2553=ORIENTED_EDGE('',*,*,#2014,.F.);
#2554=ORIENTED_EDGE('',*,*,#1999,.T.);
#2555=ORIENTED_EDGE('',*,*,#2001,.F.);
#2556=ORIENTED_EDGE('',*,*,#2000,.T.);
#2557=ORIENTED_EDGE('',*,*,#2014,.T.);
#2558=ORIENTED_EDGE('',*,*,#2010,.T.);
#2559=ORIENTED_EDGE('',*,*,#2015,.F.);
#2560=ORIENTED_EDGE('',*,*,#2016,.T.);
#2561=ORIENTED_EDGE('',*,*,#2017,.T.);
#2562=ORIENTED_EDGE('',*,*,#1984,.T.);
#2563=ORIENTED_EDGE('',*,*,#1988,.T.);
#2564=ORIENTED_EDGE('',*,*,#1994,.T.);
#2565=ORIENTED_EDGE('',*,*,#2018,.F.);
#2566=ORIENTED_EDGE('',*,*,#2019,.F.);
#2567=ORIENTED_EDGE('',*,*,#2020,.T.);
#2568=ORIENTED_EDGE('',*,*,#2021,.T.);
#2569=ORIENTED_EDGE('',*,*,#2016,.F.);
#2570=ORIENTED_EDGE('',*,*,#2022,.F.);
#2571=ORIENTED_EDGE('',*,*,#2023,.T.);
#2572=ORIENTED_EDGE('',*,*,#1992,.T.);
#2573=ORIENTED_EDGE('',*,*,#1986,.T.);
#2574=ORIENTED_EDGE('',*,*,#2024,.T.);
#2575=ORIENTED_EDGE('',*,*,#2020,.F.);
#2576=ORIENTED_EDGE('',*,*,#2025,.F.);
#2577=ORIENTED_EDGE('',*,*,#2018,.T.);
#2578=ORIENTED_EDGE('',*,*,#1993,.T.);
#2579=ORIENTED_EDGE('',*,*,#2023,.F.);
#2580=ORIENTED_EDGE('',*,*,#1985,.F.);
#2581=ORIENTED_EDGE('',*,*,#2017,.F.);
#2582=ORIENTED_EDGE('',*,*,#2021,.F.);
#2583=ORIENTED_EDGE('',*,*,#2024,.F.);
#2584=ORIENTED_EDGE('',*,*,#2026,.F.);
#2585=ORIENTED_EDGE('',*,*,#2027,.T.);
#2586=ORIENTED_EDGE('',*,*,#2006,.T.);
#2587=ORIENTED_EDGE('',*,*,#2028,.T.);
#2588=ORIENTED_EDGE('',*,*,#2029,.F.);
#2589=ORIENTED_EDGE('',*,*,#2030,.F.);
#2590=ORIENTED_EDGE('',*,*,#2031,.F.);
#2591=ORIENTED_EDGE('',*,*,#2032,.T.);
#2592=ORIENTED_EDGE('',*,*,#2033,.F.);
#2593=ORIENTED_EDGE('',*,*,#2034,.F.);
#2594=ORIENTED_EDGE('',*,*,#2035,.F.);
#2595=ORIENTED_EDGE('',*,*,#2036,.T.);
#2596=ORIENTED_EDGE('',*,*,#2037,.F.);
#2597=ORIENTED_EDGE('',*,*,#1980,.F.);
#2598=ORIENTED_EDGE('',*,*,#2038,.F.);
#2599=ORIENTED_EDGE('',*,*,#2039,.F.);
#2600=ORIENTED_EDGE('',*,*,#2040,.F.);
#2601=ORIENTED_EDGE('',*,*,#2041,.F.);
#2602=ORIENTED_EDGE('',*,*,#1998,.T.);
#2603=ORIENTED_EDGE('',*,*,#2009,.F.);
#2604=ORIENTED_EDGE('',*,*,#2008,.T.);
#2605=ORIENTED_EDGE('',*,*,#2042,.F.);
#2606=ORIENTED_EDGE('',*,*,#2043,.F.);
#2607=ORIENTED_EDGE('',*,*,#2044,.F.);
#2608=ORIENTED_EDGE('',*,*,#2045,.F.);
#2609=ORIENTED_EDGE('',*,*,#2046,.F.);
#2610=ORIENTED_EDGE('',*,*,#2004,.T.);
#2611=ORIENTED_EDGE('',*,*,#2003,.F.);
#2612=ORIENTED_EDGE('',*,*,#2012,.T.);
#2613=ORIENTED_EDGE('',*,*,#2013,.T.);
#2614=ORIENTED_EDGE('',*,*,#2047,.F.);
#2615=ORIENTED_EDGE('',*,*,#2048,.F.);
#2616=ORIENTED_EDGE('',*,*,#2049,.F.);
#2617=ORIENTED_EDGE('',*,*,#2050,.F.);
#2618=ORIENTED_EDGE('',*,*,#2046,.T.);
#2619=ORIENTED_EDGE('',*,*,#2051,.F.);
#2620=ORIENTED_EDGE('',*,*,#2042,.T.);
#2621=ORIENTED_EDGE('',*,*,#2052,.F.);
#2622=ORIENTED_EDGE('',*,*,#2053,.F.);
#2623=ORIENTED_EDGE('',*,*,#2054,.F.);
#2624=ORIENTED_EDGE('',*,*,#2055,.F.);
#2625=ORIENTED_EDGE('',*,*,#2056,.F.);
#2626=ORIENTED_EDGE('',*,*,#2057,.F.);
#2627=ORIENTED_EDGE('',*,*,#1982,.F.);
#2628=ORIENTED_EDGE('',*,*,#2058,.F.);
#2629=ORIENTED_EDGE('',*,*,#2059,.F.);
#2630=ORIENTED_EDGE('',*,*,#2060,.F.);
#2631=ORIENTED_EDGE('',*,*,#2028,.F.);
#2632=ORIENTED_EDGE('',*,*,#2061,.F.);
#2633=ORIENTED_EDGE('',*,*,#2027,.F.);
#2634=ORIENTED_EDGE('',*,*,#2037,.T.);
#2635=ORIENTED_EDGE('',*,*,#2062,.T.);
#2636=ORIENTED_EDGE('',*,*,#2055,.T.);
#2637=ORIENTED_EDGE('',*,*,#1981,.F.);
#2638=ORIENTED_EDGE('',*,*,#2030,.T.);
#2639=ORIENTED_EDGE('',*,*,#2063,.F.);
#2640=ORIENTED_EDGE('',*,*,#2044,.T.);
#2641=ORIENTED_EDGE('',*,*,#2064,.F.);
#2642=ORIENTED_EDGE('',*,*,#2065,.T.);
#2643=ORIENTED_EDGE('',*,*,#2056,.T.);
#2644=ORIENTED_EDGE('',*,*,#2062,.F.);
#2645=ORIENTED_EDGE('',*,*,#2036,.F.);
#2646=ORIENTED_EDGE('',*,*,#2066,.T.);
#2647=ORIENTED_EDGE('',*,*,#2041,.T.);
#2648=ORIENTED_EDGE('',*,*,#2067,.F.);
#2649=ORIENTED_EDGE('',*,*,#2032,.F.);
#2650=ORIENTED_EDGE('',*,*,#2035,.T.);
#2651=ORIENTED_EDGE('',*,*,#1983,.T.);
#2652=ORIENTED_EDGE('',*,*,#2057,.T.);
#2653=ORIENTED_EDGE('',*,*,#2065,.F.);
#2654=ORIENTED_EDGE('',*,*,#2031,.T.);
#2655=ORIENTED_EDGE('',*,*,#2068,.T.);
#2656=ORIENTED_EDGE('',*,*,#2038,.T.);
#2657=ORIENTED_EDGE('',*,*,#2066,.F.);
#2658=ORIENTED_EDGE('',*,*,#2034,.T.);
#2659=ORIENTED_EDGE('',*,*,#2069,.T.);
#2660=ORIENTED_EDGE('',*,*,#2039,.T.);
#2661=ORIENTED_EDGE('',*,*,#2068,.F.);
#2662=ORIENTED_EDGE('',*,*,#2015,.T.);
#2663=ORIENTED_EDGE('',*,*,#2025,.T.);
#2664=ORIENTED_EDGE('',*,*,#2022,.T.);
#2665=ORIENTED_EDGE('',*,*,#2019,.T.);
#2666=ORIENTED_EDGE('',*,*,#2058,.T.);
#2667=ORIENTED_EDGE('',*,*,#2026,.T.);
#2668=ORIENTED_EDGE('',*,*,#2064,.T.);
#2669=ORIENTED_EDGE('',*,*,#2043,.T.);
#2670=ORIENTED_EDGE('',*,*,#2051,.T.);
#2671=ORIENTED_EDGE('',*,*,#2070,.F.);
#2672=ORIENTED_EDGE('',*,*,#2071,.F.);
#2673=ORIENTED_EDGE('',*,*,#2072,.T.);
#2674=ORIENTED_EDGE('',*,*,#2073,.F.);
#2675=ORIENTED_EDGE('',*,*,#2074,.F.);
#2676=ORIENTED_EDGE('',*,*,#2075,.T.);
#2677=ORIENTED_EDGE('',*,*,#2076,.T.);
#2678=ORIENTED_EDGE('',*,*,#2048,.T.);
#2679=ORIENTED_EDGE('',*,*,#2077,.F.);
#2680=ORIENTED_EDGE('',*,*,#2078,.T.);
#2681=ORIENTED_EDGE('',*,*,#2079,.T.);
#2682=ORIENTED_EDGE('',*,*,#2054,.T.);
#2683=ORIENTED_EDGE('',*,*,#2080,.F.);
#2684=ORIENTED_EDGE('',*,*,#2081,.F.);
#2685=ORIENTED_EDGE('',*,*,#2070,.T.);
#2686=ORIENTED_EDGE('',*,*,#2053,.T.);
#2687=ORIENTED_EDGE('',*,*,#2082,.F.);
#2688=ORIENTED_EDGE('',*,*,#2083,.F.);
#2689=ORIENTED_EDGE('',*,*,#2080,.T.);
#2690=ORIENTED_EDGE('',*,*,#2084,.T.);
#2691=ORIENTED_EDGE('',*,*,#2085,.F.);
#2692=ORIENTED_EDGE('',*,*,#2086,.F.);
#2693=ORIENTED_EDGE('',*,*,#2087,.T.);
#2694=ORIENTED_EDGE('',*,*,#2088,.T.);
#2695=ORIENTED_EDGE('',*,*,#2089,.F.);
#2696=ORIENTED_EDGE('',*,*,#2090,.F.);
#2697=ORIENTED_EDGE('',*,*,#2091,.T.);
#2698=ORIENTED_EDGE('',*,*,#2052,.T.);
#2699=ORIENTED_EDGE('',*,*,#2092,.F.);
#2700=ORIENTED_EDGE('',*,*,#2093,.T.);
#2701=ORIENTED_EDGE('',*,*,#2082,.T.);
#2702=ORIENTED_EDGE('',*,*,#2007,.T.);
#2703=ORIENTED_EDGE('',*,*,#2094,.F.);
#2704=ORIENTED_EDGE('',*,*,#2095,.T.);
#2705=ORIENTED_EDGE('',*,*,#2092,.T.);
#2706=ORIENTED_EDGE('',*,*,#2061,.T.);
#2707=ORIENTED_EDGE('',*,*,#2096,.F.);
#2708=ORIENTED_EDGE('',*,*,#2097,.F.);
#2709=ORIENTED_EDGE('',*,*,#2094,.T.);
#2710=ORIENTED_EDGE('',*,*,#2005,.T.);
#2711=ORIENTED_EDGE('',*,*,#2098,.F.);
#2712=ORIENTED_EDGE('',*,*,#2099,.F.);
#2713=ORIENTED_EDGE('',*,*,#2096,.T.);
#2714=ORIENTED_EDGE('',*,*,#2050,.T.);
#2715=ORIENTED_EDGE('',*,*,#2100,.F.);
#2716=ORIENTED_EDGE('',*,*,#2101,.F.);
#2717=ORIENTED_EDGE('',*,*,#2098,.T.);
#2718=ORIENTED_EDGE('',*,*,#2102,.F.);
#2719=ORIENTED_EDGE('',*,*,#2103,.T.);
#2720=ORIENTED_EDGE('',*,*,#2104,.F.);
#2721=ORIENTED_EDGE('',*,*,#2105,.F.);
#2722=ORIENTED_EDGE('',*,*,#2106,.F.);
#2723=ORIENTED_EDGE('',*,*,#2107,.F.);
#2724=ORIENTED_EDGE('',*,*,#2108,.F.);
#2725=ORIENTED_EDGE('',*,*,#2073,.T.);
#2726=ORIENTED_EDGE('',*,*,#2109,.F.);
#2727=ORIENTED_EDGE('',*,*,#2103,.F.);
#2728=ORIENTED_EDGE('',*,*,#2033,.T.);
#2729=ORIENTED_EDGE('',*,*,#2067,.T.);
#2730=ORIENTED_EDGE('',*,*,#2040,.T.);
#2731=ORIENTED_EDGE('',*,*,#2069,.F.);
#2732=ORIENTED_EDGE('',*,*,#2110,.F.);
#2733=ORIENTED_EDGE('',*,*,#2111,.F.);
#2734=ORIENTED_EDGE('',*,*,#2112,.F.);
#2735=ORIENTED_EDGE('',*,*,#2113,.F.);
#2736=ORIENTED_EDGE('',*,*,#2114,.F.);
#2737=ORIENTED_EDGE('',*,*,#2088,.F.);
#2738=ORIENTED_EDGE('',*,*,#2115,.F.);
#2739=ORIENTED_EDGE('',*,*,#2113,.T.);
#2740=ORIENTED_EDGE('',*,*,#2116,.F.);
#2741=ORIENTED_EDGE('',*,*,#2117,.F.);
#2742=ORIENTED_EDGE('',*,*,#2118,.F.);
#2743=ORIENTED_EDGE('',*,*,#2119,.F.);
#2744=ORIENTED_EDGE('',*,*,#2120,.F.);
#2745=ORIENTED_EDGE('',*,*,#2111,.T.);
#2746=ORIENTED_EDGE('',*,*,#2121,.F.);
#2747=ORIENTED_EDGE('',*,*,#2122,.F.);
#2748=ORIENTED_EDGE('',*,*,#2123,.F.);
#2749=ORIENTED_EDGE('',*,*,#2117,.T.);
#2750=ORIENTED_EDGE('',*,*,#2124,.F.);
#2751=ORIENTED_EDGE('',*,*,#2125,.F.);
#2752=ORIENTED_EDGE('',*,*,#2119,.T.);
#2753=ORIENTED_EDGE('',*,*,#2126,.F.);
#2754=ORIENTED_EDGE('',*,*,#2105,.T.);
#2755=ORIENTED_EDGE('',*,*,#2127,.F.);
#2756=ORIENTED_EDGE('',*,*,#2084,.F.);
#2757=ORIENTED_EDGE('',*,*,#2128,.F.);
#2758=ORIENTED_EDGE('',*,*,#2129,.T.);
#2759=ORIENTED_EDGE('',*,*,#2130,.F.);
#2760=ORIENTED_EDGE('',*,*,#2131,.F.);
#2761=ORIENTED_EDGE('',*,*,#2129,.F.);
#2762=ORIENTED_EDGE('',*,*,#2132,.F.);
#2763=ORIENTED_EDGE('',*,*,#2107,.T.);
#2764=ORIENTED_EDGE('',*,*,#2049,.T.);
#2765=ORIENTED_EDGE('',*,*,#2079,.F.);
#2766=ORIENTED_EDGE('',*,*,#2133,.T.);
#2767=ORIENTED_EDGE('',*,*,#2100,.T.);
#2768=ORIENTED_EDGE('',*,*,#2060,.T.);
#2769=ORIENTED_EDGE('',*,*,#2134,.F.);
#2770=ORIENTED_EDGE('',*,*,#2135,.T.);
#2771=ORIENTED_EDGE('',*,*,#2136,.T.);
#2772=ORIENTED_EDGE('',*,*,#2122,.T.);
#2773=ORIENTED_EDGE('',*,*,#2137,.F.);
#2774=ORIENTED_EDGE('',*,*,#2138,.F.);
#2775=ORIENTED_EDGE('',*,*,#2077,.T.);
#2776=ORIENTED_EDGE('',*,*,#2047,.T.);
#2777=ORIENTED_EDGE('',*,*,#2045,.T.);
#2778=ORIENTED_EDGE('',*,*,#2063,.T.);
#2779=ORIENTED_EDGE('',*,*,#2029,.T.);
#2780=ORIENTED_EDGE('',*,*,#2121,.T.);
#2781=ORIENTED_EDGE('',*,*,#2118,.T.);
#2782=ORIENTED_EDGE('',*,*,#2110,.T.);
#2783=ORIENTED_EDGE('',*,*,#2091,.F.);
#2784=ORIENTED_EDGE('',*,*,#2139,.F.);
#2785=ORIENTED_EDGE('',*,*,#2137,.T.);
#2786=ORIENTED_EDGE('',*,*,#2114,.T.);
#2787=ORIENTED_EDGE('',*,*,#2115,.T.);
#2788=ORIENTED_EDGE('',*,*,#2123,.T.);
#2789=ORIENTED_EDGE('',*,*,#2136,.F.);
#2790=ORIENTED_EDGE('',*,*,#2140,.T.);
#2791=ORIENTED_EDGE('',*,*,#2089,.T.);
#2792=ORIENTED_EDGE('',*,*,#2125,.T.);
#2793=ORIENTED_EDGE('',*,*,#2141,.T.);
#2794=ORIENTED_EDGE('',*,*,#2142,.F.);
#2795=ORIENTED_EDGE('',*,*,#2141,.F.);
#2796=ORIENTED_EDGE('',*,*,#2124,.T.);
#2797=ORIENTED_EDGE('',*,*,#2116,.T.);
#2798=ORIENTED_EDGE('',*,*,#2112,.T.);
#2799=ORIENTED_EDGE('',*,*,#2120,.T.);
#2800=ORIENTED_EDGE('',*,*,#2126,.T.);
#2801=ORIENTED_EDGE('',*,*,#2143,.T.);
#2802=ORIENTED_EDGE('',*,*,#2144,.F.);
#2803=ORIENTED_EDGE('',*,*,#2143,.F.);
#2804=ORIENTED_EDGE('',*,*,#2130,.T.);
#2805=ORIENTED_EDGE('',*,*,#2131,.T.);
#2806=ORIENTED_EDGE('',*,*,#2106,.T.);
#2807=ORIENTED_EDGE('',*,*,#2102,.T.);
#2808=ORIENTED_EDGE('',*,*,#2059,.T.);
#2809=ORIENTED_EDGE('',*,*,#2076,.F.);
#2810=ORIENTED_EDGE('',*,*,#2145,.T.);
#2811=ORIENTED_EDGE('',*,*,#2134,.T.);
#2812=ORIENTED_EDGE('',*,*,#2128,.T.);
#2813=ORIENTED_EDGE('',*,*,#2087,.F.);
#2814=ORIENTED_EDGE('',*,*,#2146,.T.);
#2815=ORIENTED_EDGE('',*,*,#2074,.T.);
#2816=ORIENTED_EDGE('',*,*,#2108,.T.);
#2817=ORIENTED_EDGE('',*,*,#2132,.T.);
#2818=ORIENTED_EDGE('',*,*,#2109,.T.);
#2819=ORIENTED_EDGE('',*,*,#2072,.F.);
#2820=ORIENTED_EDGE('',*,*,#2147,.F.);
#2821=ORIENTED_EDGE('',*,*,#2085,.T.);
#2822=ORIENTED_EDGE('',*,*,#2127,.T.);
#2823=ORIENTED_EDGE('',*,*,#2104,.T.);
#2824=ORIENTED_EDGE('',*,*,#2138,.T.);
#2825=ORIENTED_EDGE('',*,*,#2139,.T.);
#2826=ORIENTED_EDGE('',*,*,#2090,.T.);
#2827=ORIENTED_EDGE('',*,*,#2140,.F.);
#2828=ORIENTED_EDGE('',*,*,#2135,.F.);
#2829=ORIENTED_EDGE('',*,*,#2145,.F.);
#2830=ORIENTED_EDGE('',*,*,#2075,.F.);
#2831=ORIENTED_EDGE('',*,*,#2146,.F.);
#2832=ORIENTED_EDGE('',*,*,#2086,.T.);
#2833=ORIENTED_EDGE('',*,*,#2147,.T.);
#2834=ORIENTED_EDGE('',*,*,#2071,.T.);
#2835=ORIENTED_EDGE('',*,*,#2081,.T.);
#2836=ORIENTED_EDGE('',*,*,#2083,.T.);
#2837=ORIENTED_EDGE('',*,*,#2093,.F.);
#2838=ORIENTED_EDGE('',*,*,#2095,.F.);
#2839=ORIENTED_EDGE('',*,*,#2097,.T.);
#2840=ORIENTED_EDGE('',*,*,#2099,.T.);
#2841=ORIENTED_EDGE('',*,*,#2101,.T.);
#2842=ORIENTED_EDGE('',*,*,#2133,.F.);
#2843=ORIENTED_EDGE('',*,*,#2078,.F.);
#2844=ORIENTED_EDGE('',*,*,#2144,.T.);
#2845=ORIENTED_EDGE('',*,*,#2142,.T.);
#2846=ORIENTED_EDGE('',*,*,#2148,.T.);
#2847=ORIENTED_EDGE('',*,*,#2149,.T.);
#2848=ORIENTED_EDGE('',*,*,#2150,.T.);
#2849=ORIENTED_EDGE('',*,*,#2151,.T.);
#2850=ORIENTED_EDGE('',*,*,#2151,.F.);
#2851=ORIENTED_EDGE('',*,*,#2152,.F.);
#2852=ORIENTED_EDGE('',*,*,#2153,.F.);
#2853=ORIENTED_EDGE('',*,*,#2154,.F.);
#2854=ORIENTED_EDGE('',*,*,#2150,.F.);
#2855=ORIENTED_EDGE('',*,*,#2155,.F.);
#2856=ORIENTED_EDGE('',*,*,#2156,.F.);
#2857=ORIENTED_EDGE('',*,*,#2157,.F.);
#2858=ORIENTED_EDGE('',*,*,#2158,.F.);
#2859=ORIENTED_EDGE('',*,*,#2159,.F.);
#2860=ORIENTED_EDGE('',*,*,#2160,.F.);
#2861=ORIENTED_EDGE('',*,*,#2161,.T.);
#2862=ORIENTED_EDGE('',*,*,#2162,.F.);
#2863=ORIENTED_EDGE('',*,*,#2152,.T.);
#2864=ORIENTED_EDGE('',*,*,#2163,.T.);
#2865=ORIENTED_EDGE('',*,*,#2153,.T.);
#2866=ORIENTED_EDGE('',*,*,#2162,.T.);
#2867=ORIENTED_EDGE('',*,*,#2164,.T.);
#2868=ORIENTED_EDGE('',*,*,#2164,.F.);
#2869=ORIENTED_EDGE('',*,*,#2161,.F.);
#2870=ORIENTED_EDGE('',*,*,#2165,.T.);
#2871=ORIENTED_EDGE('',*,*,#2166,.F.);
#2872=ORIENTED_EDGE('',*,*,#2149,.F.);
#2873=ORIENTED_EDGE('',*,*,#2167,.F.);
#2874=ORIENTED_EDGE('',*,*,#2168,.F.);
#2875=ORIENTED_EDGE('',*,*,#2155,.T.);
#2876=ORIENTED_EDGE('',*,*,#2156,.T.);
#2877=ORIENTED_EDGE('',*,*,#2168,.T.);
#2878=ORIENTED_EDGE('',*,*,#2169,.F.);
#2879=ORIENTED_EDGE('',*,*,#2170,.F.);
#2880=ORIENTED_EDGE('',*,*,#2157,.T.);
#2881=ORIENTED_EDGE('',*,*,#2170,.T.);
#2882=ORIENTED_EDGE('',*,*,#2171,.F.);
#2883=ORIENTED_EDGE('',*,*,#2172,.F.);
#2884=ORIENTED_EDGE('',*,*,#2158,.T.);
#2885=ORIENTED_EDGE('',*,*,#2172,.T.);
#2886=ORIENTED_EDGE('',*,*,#2173,.F.);
#2887=ORIENTED_EDGE('',*,*,#2174,.F.);
#2888=ORIENTED_EDGE('',*,*,#2159,.T.);
#2889=ORIENTED_EDGE('',*,*,#2174,.T.);
#2890=ORIENTED_EDGE('',*,*,#2175,.F.);
#2891=ORIENTED_EDGE('',*,*,#2176,.F.);
#2892=ORIENTED_EDGE('',*,*,#2160,.T.);
#2893=ORIENTED_EDGE('',*,*,#2176,.T.);
#2894=ORIENTED_EDGE('',*,*,#2177,.F.);
#2895=ORIENTED_EDGE('',*,*,#2165,.F.);
#2896=ORIENTED_EDGE('',*,*,#2148,.F.);
#2897=ORIENTED_EDGE('',*,*,#2154,.T.);
#2898=ORIENTED_EDGE('',*,*,#2163,.F.);
#2899=ORIENTED_EDGE('',*,*,#2166,.T.);
#2900=ORIENTED_EDGE('',*,*,#2177,.T.);
#2901=ORIENTED_EDGE('',*,*,#2175,.T.);
#2902=ORIENTED_EDGE('',*,*,#2173,.T.);
#2903=ORIENTED_EDGE('',*,*,#2171,.T.);
#2904=ORIENTED_EDGE('',*,*,#2169,.T.);
#2905=ORIENTED_EDGE('',*,*,#2167,.T.);
#2906=ORIENTED_EDGE('',*,*,#2178,.T.);
#2907=ORIENTED_EDGE('',*,*,#2179,.T.);
#2908=ORIENTED_EDGE('',*,*,#2180,.F.);
#2909=ORIENTED_EDGE('',*,*,#2181,.F.);
#2910=ORIENTED_EDGE('',*,*,#2182,.F.);
#2911=ORIENTED_EDGE('',*,*,#2183,.F.);
#2912=ORIENTED_EDGE('',*,*,#2184,.T.);
#2913=ORIENTED_EDGE('',*,*,#2185,.F.);
#2914=ORIENTED_EDGE('',*,*,#2186,.T.);
#2915=ORIENTED_EDGE('',*,*,#2187,.T.);
#2916=ORIENTED_EDGE('',*,*,#2188,.F.);
#2917=ORIENTED_EDGE('',*,*,#2189,.T.);
#2918=ORIENTED_EDGE('',*,*,#2190,.F.);
#2919=ORIENTED_EDGE('',*,*,#2191,.T.);
#2920=ORIENTED_EDGE('',*,*,#2192,.T.);
#2921=ORIENTED_EDGE('',*,*,#2193,.T.);
#2922=ORIENTED_EDGE('',*,*,#2194,.T.);
#2923=ORIENTED_EDGE('',*,*,#2195,.T.);
#2924=ORIENTED_EDGE('',*,*,#2196,.F.);
#2925=ORIENTED_EDGE('',*,*,#2197,.F.);
#2926=ORIENTED_EDGE('',*,*,#2198,.F.);
#2927=ORIENTED_EDGE('',*,*,#2199,.F.);
#2928=ORIENTED_EDGE('',*,*,#2200,.F.);
#2929=ORIENTED_EDGE('',*,*,#2201,.F.);
#2930=ORIENTED_EDGE('',*,*,#2202,.F.);
#2931=ORIENTED_EDGE('',*,*,#2203,.F.);
#2932=ORIENTED_EDGE('',*,*,#2204,.F.);
#2933=ORIENTED_EDGE('',*,*,#2205,.F.);
#2934=ORIENTED_EDGE('',*,*,#2206,.F.);
#2935=ORIENTED_EDGE('',*,*,#2207,.F.);
#2936=ORIENTED_EDGE('',*,*,#2208,.T.);
#2937=ORIENTED_EDGE('',*,*,#2209,.F.);
#2938=ORIENTED_EDGE('',*,*,#2210,.F.);
#2939=ORIENTED_EDGE('',*,*,#2211,.F.);
#2940=ORIENTED_EDGE('',*,*,#2212,.T.);
#2941=ORIENTED_EDGE('',*,*,#2213,.F.);
#2942=ORIENTED_EDGE('',*,*,#2214,.F.);
#2943=ORIENTED_EDGE('',*,*,#2215,.F.);
#2944=ORIENTED_EDGE('',*,*,#2216,.T.);
#2945=ORIENTED_EDGE('',*,*,#2217,.F.);
#2946=ORIENTED_EDGE('',*,*,#2218,.F.);
#2947=ORIENTED_EDGE('',*,*,#2219,.F.);
#2948=ORIENTED_EDGE('',*,*,#2220,.T.);
#2949=ORIENTED_EDGE('',*,*,#2221,.F.);
#2950=ORIENTED_EDGE('',*,*,#2193,.F.);
#2951=ORIENTED_EDGE('',*,*,#2222,.T.);
#2952=ORIENTED_EDGE('',*,*,#2223,.T.);
#2953=ORIENTED_EDGE('',*,*,#2224,.T.);
#2954=ORIENTED_EDGE('',*,*,#2225,.T.);
#2955=ORIENTED_EDGE('',*,*,#2226,.T.);
#2956=ORIENTED_EDGE('',*,*,#2227,.T.);
#2957=ORIENTED_EDGE('',*,*,#2228,.T.);
#2958=ORIENTED_EDGE('',*,*,#2229,.T.);
#2959=ORIENTED_EDGE('',*,*,#2230,.T.);
#2960=ORIENTED_EDGE('',*,*,#2231,.T.);
#2961=ORIENTED_EDGE('',*,*,#2232,.T.);
#2962=ORIENTED_EDGE('',*,*,#2233,.T.);
#2963=ORIENTED_EDGE('',*,*,#2234,.T.);
#2964=ORIENTED_EDGE('',*,*,#2235,.T.);
#2965=ORIENTED_EDGE('',*,*,#2236,.T.);
#2966=ORIENTED_EDGE('',*,*,#2237,.T.);
#2967=ORIENTED_EDGE('',*,*,#2238,.T.);
#2968=ORIENTED_EDGE('',*,*,#2239,.T.);
#2969=ORIENTED_EDGE('',*,*,#2240,.T.);
#2970=ORIENTED_EDGE('',*,*,#2241,.T.);
#2971=ORIENTED_EDGE('',*,*,#2242,.T.);
#2972=ORIENTED_EDGE('',*,*,#2243,.T.);
#2973=ORIENTED_EDGE('',*,*,#2244,.T.);
#2974=ORIENTED_EDGE('',*,*,#2245,.T.);
#2975=ORIENTED_EDGE('',*,*,#2246,.T.);
#2976=ORIENTED_EDGE('',*,*,#2247,.T.);
#2977=ORIENTED_EDGE('',*,*,#2248,.T.);
#2978=ORIENTED_EDGE('',*,*,#2249,.T.);
#2979=ORIENTED_EDGE('',*,*,#2250,.T.);
#2980=ORIENTED_EDGE('',*,*,#2251,.T.);
#2981=ORIENTED_EDGE('',*,*,#2252,.T.);
#2982=ORIENTED_EDGE('',*,*,#2253,.T.);
#2983=ORIENTED_EDGE('',*,*,#2254,.T.);
#2984=ORIENTED_EDGE('',*,*,#2255,.T.);
#2985=ORIENTED_EDGE('',*,*,#2256,.T.);
#2986=ORIENTED_EDGE('',*,*,#2257,.T.);
#2987=ORIENTED_EDGE('',*,*,#2258,.T.);
#2988=ORIENTED_EDGE('',*,*,#2259,.T.);
#2989=ORIENTED_EDGE('',*,*,#2260,.T.);
#2990=ORIENTED_EDGE('',*,*,#2261,.T.);
#2991=ORIENTED_EDGE('',*,*,#2262,.T.);
#2992=ORIENTED_EDGE('',*,*,#2263,.T.);
#2993=ORIENTED_EDGE('',*,*,#2264,.T.);
#2994=ORIENTED_EDGE('',*,*,#2265,.T.);
#2995=ORIENTED_EDGE('',*,*,#2266,.T.);
#2996=ORIENTED_EDGE('',*,*,#2267,.T.);
#2997=ORIENTED_EDGE('',*,*,#2268,.T.);
#2998=ORIENTED_EDGE('',*,*,#2269,.T.);
#2999=ORIENTED_EDGE('',*,*,#2270,.T.);
#3000=ORIENTED_EDGE('',*,*,#2271,.T.);
#3001=ORIENTED_EDGE('',*,*,#2272,.T.);
#3002=ORIENTED_EDGE('',*,*,#2273,.T.);
#3003=ORIENTED_EDGE('',*,*,#2274,.T.);
#3004=ORIENTED_EDGE('',*,*,#2275,.T.);
#3005=ORIENTED_EDGE('',*,*,#2276,.T.);
#3006=ORIENTED_EDGE('',*,*,#2208,.F.);
#3007=ORIENTED_EDGE('',*,*,#2277,.F.);
#3008=ORIENTED_EDGE('',*,*,#2278,.F.);
#3009=ORIENTED_EDGE('',*,*,#2279,.F.);
#3010=ORIENTED_EDGE('',*,*,#2280,.F.);
#3011=ORIENTED_EDGE('',*,*,#2281,.T.);
#3012=ORIENTED_EDGE('',*,*,#2212,.F.);
#3013=ORIENTED_EDGE('',*,*,#2282,.F.);
#3014=ORIENTED_EDGE('',*,*,#2283,.F.);
#3015=ORIENTED_EDGE('',*,*,#2284,.T.);
#3016=ORIENTED_EDGE('',*,*,#2216,.F.);
#3017=ORIENTED_EDGE('',*,*,#2277,.T.);
#3018=ORIENTED_EDGE('',*,*,#2222,.F.);
#3019=ORIENTED_EDGE('',*,*,#2192,.F.);
#3020=ORIENTED_EDGE('',*,*,#2285,.T.);
#3021=ORIENTED_EDGE('',*,*,#2286,.T.);
#3022=ORIENTED_EDGE('',*,*,#2287,.F.);
#3023=ORIENTED_EDGE('',*,*,#2194,.F.);
#3024=ORIENTED_EDGE('',*,*,#2221,.T.);
#3025=ORIENTED_EDGE('',*,*,#2288,.F.);
#3026=ORIENTED_EDGE('',*,*,#2289,.T.);
#3027=ORIENTED_EDGE('',*,*,#2290,.F.);
#3028=ORIENTED_EDGE('',*,*,#2291,.T.);
#3029=ORIENTED_EDGE('',*,*,#2292,.T.);
#3030=ORIENTED_EDGE('',*,*,#2195,.F.);
#3031=ORIENTED_EDGE('',*,*,#2287,.T.);
#3032=ORIENTED_EDGE('',*,*,#2293,.T.);
#3033=ORIENTED_EDGE('',*,*,#2294,.T.);
#3034=ORIENTED_EDGE('',*,*,#2295,.T.);
#3035=ORIENTED_EDGE('',*,*,#2296,.T.);
#3036=ORIENTED_EDGE('',*,*,#2283,.T.);
#3037=ORIENTED_EDGE('',*,*,#2297,.T.);
#3038=ORIENTED_EDGE('',*,*,#2298,.T.);
#3039=ORIENTED_EDGE('',*,*,#2299,.T.);
#3040=ORIENTED_EDGE('',*,*,#2280,.T.);
#3041=ORIENTED_EDGE('',*,*,#2300,.T.);
#3042=ORIENTED_EDGE('',*,*,#2301,.T.);
#3043=ORIENTED_EDGE('',*,*,#2302,.T.);
#3044=ORIENTED_EDGE('',*,*,#2278,.T.);
#3045=ORIENTED_EDGE('',*,*,#2285,.F.);
#3046=ORIENTED_EDGE('',*,*,#2191,.F.);
#3047=ORIENTED_EDGE('',*,*,#2303,.F.);
#3048=ORIENTED_EDGE('',*,*,#2293,.F.);
#3049=ORIENTED_EDGE('',*,*,#2286,.F.);
#3050=ORIENTED_EDGE('',*,*,#2220,.F.);
#3051=ORIENTED_EDGE('',*,*,#2217,.T.);
#3052=ORIENTED_EDGE('',*,*,#2284,.F.);
#3053=ORIENTED_EDGE('',*,*,#2296,.F.);
#3054=ORIENTED_EDGE('',*,*,#2304,.T.);
#3055=ORIENTED_EDGE('',*,*,#2218,.T.);
#3056=ORIENTED_EDGE('',*,*,#2304,.F.);
#3057=ORIENTED_EDGE('',*,*,#2295,.F.);
#3058=ORIENTED_EDGE('',*,*,#2305,.T.);
#3059=ORIENTED_EDGE('',*,*,#2306,.T.);
#3060=ORIENTED_EDGE('',*,*,#2307,.T.);
#3061=ORIENTED_EDGE('',*,*,#2308,.T.);
#3062=ORIENTED_EDGE('',*,*,#2309,.T.);
#3063=ORIENTED_EDGE('',*,*,#2219,.T.);
#3064=ORIENTED_EDGE('',*,*,#2305,.F.);
#3065=ORIENTED_EDGE('',*,*,#2294,.F.);
#3066=ORIENTED_EDGE('',*,*,#2303,.T.);
#3067=ORIENTED_EDGE('',*,*,#2213,.T.);
#3068=ORIENTED_EDGE('',*,*,#2281,.F.);
#3069=ORIENTED_EDGE('',*,*,#2299,.F.);
#3070=ORIENTED_EDGE('',*,*,#2310,.T.);
#3071=ORIENTED_EDGE('',*,*,#2214,.T.);
#3072=ORIENTED_EDGE('',*,*,#2310,.F.);
#3073=ORIENTED_EDGE('',*,*,#2298,.F.);
#3074=ORIENTED_EDGE('',*,*,#2311,.T.);
#3075=ORIENTED_EDGE('',*,*,#2312,.T.);
#3076=ORIENTED_EDGE('',*,*,#2313,.T.);
#3077=ORIENTED_EDGE('',*,*,#2314,.T.);
#3078=ORIENTED_EDGE('',*,*,#2315,.T.);
#3079=ORIENTED_EDGE('',*,*,#2215,.T.);
#3080=ORIENTED_EDGE('',*,*,#2311,.F.);
#3081=ORIENTED_EDGE('',*,*,#2297,.F.);
#3082=ORIENTED_EDGE('',*,*,#2282,.T.);
#3083=ORIENTED_EDGE('',*,*,#2209,.T.);
#3084=ORIENTED_EDGE('',*,*,#2276,.F.);
#3085=ORIENTED_EDGE('',*,*,#2302,.F.);
#3086=ORIENTED_EDGE('',*,*,#2316,.T.);
#3087=ORIENTED_EDGE('',*,*,#2210,.T.);
#3088=ORIENTED_EDGE('',*,*,#2316,.F.);
#3089=ORIENTED_EDGE('',*,*,#2301,.F.);
#3090=ORIENTED_EDGE('',*,*,#2317,.T.);
#3091=ORIENTED_EDGE('',*,*,#2318,.T.);
#3092=ORIENTED_EDGE('',*,*,#2319,.T.);
#3093=ORIENTED_EDGE('',*,*,#2320,.T.);
#3094=ORIENTED_EDGE('',*,*,#2321,.T.);
#3095=ORIENTED_EDGE('',*,*,#2211,.T.);
#3096=ORIENTED_EDGE('',*,*,#2317,.F.);
#3097=ORIENTED_EDGE('',*,*,#2300,.F.);
#3098=ORIENTED_EDGE('',*,*,#2279,.T.);
#3099=ORIENTED_EDGE('',*,*,#2322,.T.);
#3100=ORIENTED_EDGE('',*,*,#2197,.T.);
#3101=ORIENTED_EDGE('',*,*,#2323,.F.);
#3102=ORIENTED_EDGE('',*,*,#2307,.F.);
#3103=ORIENTED_EDGE('',*,*,#2324,.T.);
#3104=ORIENTED_EDGE('',*,*,#2198,.T.);
#3105=ORIENTED_EDGE('',*,*,#2322,.F.);
#3106=ORIENTED_EDGE('',*,*,#2306,.F.);
#3107=ORIENTED_EDGE('',*,*,#2325,.T.);
#3108=ORIENTED_EDGE('',*,*,#2199,.T.);
#3109=ORIENTED_EDGE('',*,*,#2324,.F.);
#3110=ORIENTED_EDGE('',*,*,#2309,.F.);
#3111=ORIENTED_EDGE('',*,*,#2323,.T.);
#3112=ORIENTED_EDGE('',*,*,#2196,.T.);
#3113=ORIENTED_EDGE('',*,*,#2325,.F.);
#3114=ORIENTED_EDGE('',*,*,#2308,.F.);
#3115=ORIENTED_EDGE('',*,*,#2326,.T.);
#3116=ORIENTED_EDGE('',*,*,#2201,.T.);
#3117=ORIENTED_EDGE('',*,*,#2327,.F.);
#3118=ORIENTED_EDGE('',*,*,#2313,.F.);
#3119=ORIENTED_EDGE('',*,*,#2328,.T.);
#3120=ORIENTED_EDGE('',*,*,#2202,.T.);
#3121=ORIENTED_EDGE('',*,*,#2326,.F.);
#3122=ORIENTED_EDGE('',*,*,#2312,.F.);
#3123=ORIENTED_EDGE('',*,*,#2329,.T.);
#3124=ORIENTED_EDGE('',*,*,#2203,.T.);
#3125=ORIENTED_EDGE('',*,*,#2328,.F.);
#3126=ORIENTED_EDGE('',*,*,#2315,.F.);
#3127=ORIENTED_EDGE('',*,*,#2327,.T.);
#3128=ORIENTED_EDGE('',*,*,#2200,.T.);
#3129=ORIENTED_EDGE('',*,*,#2329,.F.);
#3130=ORIENTED_EDGE('',*,*,#2314,.F.);
#3131=ORIENTED_EDGE('',*,*,#2330,.T.);
#3132=ORIENTED_EDGE('',*,*,#2205,.T.);
#3133=ORIENTED_EDGE('',*,*,#2331,.F.);
#3134=ORIENTED_EDGE('',*,*,#2319,.F.);
#3135=ORIENTED_EDGE('',*,*,#2332,.T.);
#3136=ORIENTED_EDGE('',*,*,#2206,.T.);
#3137=ORIENTED_EDGE('',*,*,#2330,.F.);
#3138=ORIENTED_EDGE('',*,*,#2318,.F.);
#3139=ORIENTED_EDGE('',*,*,#2333,.T.);
#3140=ORIENTED_EDGE('',*,*,#2207,.T.);
#3141=ORIENTED_EDGE('',*,*,#2332,.F.);
#3142=ORIENTED_EDGE('',*,*,#2321,.F.);
#3143=ORIENTED_EDGE('',*,*,#2331,.T.);
#3144=ORIENTED_EDGE('',*,*,#2204,.T.);
#3145=ORIENTED_EDGE('',*,*,#2333,.F.);
#3146=ORIENTED_EDGE('',*,*,#2320,.F.);
#3147=ORIENTED_EDGE('',*,*,#2261,.F.);
#3148=ORIENTED_EDGE('',*,*,#2334,.F.);
#3149=ORIENTED_EDGE('',*,*,#2335,.T.);
#3150=ORIENTED_EDGE('',*,*,#2336,.T.);
#3151=ORIENTED_EDGE('',*,*,#2262,.F.);
#3152=ORIENTED_EDGE('',*,*,#2336,.F.);
#3153=ORIENTED_EDGE('',*,*,#2337,.T.);
#3154=ORIENTED_EDGE('',*,*,#2338,.T.);
#3155=ORIENTED_EDGE('',*,*,#2263,.F.);
#3156=ORIENTED_EDGE('',*,*,#2338,.F.);
#3157=ORIENTED_EDGE('',*,*,#2339,.T.);
#3158=ORIENTED_EDGE('',*,*,#2340,.T.);
#3159=ORIENTED_EDGE('',*,*,#2264,.F.);
#3160=ORIENTED_EDGE('',*,*,#2340,.F.);
#3161=ORIENTED_EDGE('',*,*,#2341,.T.);
#3162=ORIENTED_EDGE('',*,*,#2342,.T.);
#3163=ORIENTED_EDGE('',*,*,#2265,.F.);
#3164=ORIENTED_EDGE('',*,*,#2342,.F.);
#3165=ORIENTED_EDGE('',*,*,#2343,.T.);
#3166=ORIENTED_EDGE('',*,*,#2344,.T.);
#3167=ORIENTED_EDGE('',*,*,#2266,.F.);
#3168=ORIENTED_EDGE('',*,*,#2344,.F.);
#3169=ORIENTED_EDGE('',*,*,#2345,.T.);
#3170=ORIENTED_EDGE('',*,*,#2346,.T.);
#3171=ORIENTED_EDGE('',*,*,#2267,.F.);
#3172=ORIENTED_EDGE('',*,*,#2346,.F.);
#3173=ORIENTED_EDGE('',*,*,#2347,.T.);
#3174=ORIENTED_EDGE('',*,*,#2348,.T.);
#3175=ORIENTED_EDGE('',*,*,#2268,.F.);
#3176=ORIENTED_EDGE('',*,*,#2348,.F.);
#3177=ORIENTED_EDGE('',*,*,#2349,.T.);
#3178=ORIENTED_EDGE('',*,*,#2350,.T.);
#3179=ORIENTED_EDGE('',*,*,#2269,.F.);
#3180=ORIENTED_EDGE('',*,*,#2350,.F.);
#3181=ORIENTED_EDGE('',*,*,#2351,.T.);
#3182=ORIENTED_EDGE('',*,*,#2352,.T.);
#3183=ORIENTED_EDGE('',*,*,#2270,.F.);
#3184=ORIENTED_EDGE('',*,*,#2352,.F.);
#3185=ORIENTED_EDGE('',*,*,#2353,.T.);
#3186=ORIENTED_EDGE('',*,*,#2354,.T.);
#3187=ORIENTED_EDGE('',*,*,#2271,.F.);
#3188=ORIENTED_EDGE('',*,*,#2354,.F.);
#3189=ORIENTED_EDGE('',*,*,#2355,.T.);
#3190=ORIENTED_EDGE('',*,*,#2356,.T.);
#3191=ORIENTED_EDGE('',*,*,#2272,.F.);
#3192=ORIENTED_EDGE('',*,*,#2356,.F.);
#3193=ORIENTED_EDGE('',*,*,#2357,.T.);
#3194=ORIENTED_EDGE('',*,*,#2358,.T.);
#3195=ORIENTED_EDGE('',*,*,#2273,.F.);
#3196=ORIENTED_EDGE('',*,*,#2358,.F.);
#3197=ORIENTED_EDGE('',*,*,#2359,.T.);
#3198=ORIENTED_EDGE('',*,*,#2360,.T.);
#3199=ORIENTED_EDGE('',*,*,#2274,.F.);
#3200=ORIENTED_EDGE('',*,*,#2360,.F.);
#3201=ORIENTED_EDGE('',*,*,#2361,.T.);
#3202=ORIENTED_EDGE('',*,*,#2362,.T.);
#3203=ORIENTED_EDGE('',*,*,#2275,.F.);
#3204=ORIENTED_EDGE('',*,*,#2362,.F.);
#3205=ORIENTED_EDGE('',*,*,#2363,.T.);
#3206=ORIENTED_EDGE('',*,*,#2334,.T.);
#3207=ORIENTED_EDGE('',*,*,#2335,.F.);
#3208=ORIENTED_EDGE('',*,*,#2363,.F.);
#3209=ORIENTED_EDGE('',*,*,#2361,.F.);
#3210=ORIENTED_EDGE('',*,*,#2359,.F.);
#3211=ORIENTED_EDGE('',*,*,#2357,.F.);
#3212=ORIENTED_EDGE('',*,*,#2355,.F.);
#3213=ORIENTED_EDGE('',*,*,#2353,.F.);
#3214=ORIENTED_EDGE('',*,*,#2351,.F.);
#3215=ORIENTED_EDGE('',*,*,#2349,.F.);
#3216=ORIENTED_EDGE('',*,*,#2347,.F.);
#3217=ORIENTED_EDGE('',*,*,#2345,.F.);
#3218=ORIENTED_EDGE('',*,*,#2343,.F.);
#3219=ORIENTED_EDGE('',*,*,#2341,.F.);
#3220=ORIENTED_EDGE('',*,*,#2339,.F.);
#3221=ORIENTED_EDGE('',*,*,#2337,.F.);
#3222=ORIENTED_EDGE('',*,*,#2364,.F.);
#3223=ORIENTED_EDGE('',*,*,#2365,.F.);
#3224=ORIENTED_EDGE('',*,*,#2366,.F.);
#3225=ORIENTED_EDGE('',*,*,#2367,.F.);
#3226=ORIENTED_EDGE('',*,*,#2368,.F.);
#3227=ORIENTED_EDGE('',*,*,#2369,.F.);
#3228=ORIENTED_EDGE('',*,*,#2367,.T.);
#3229=ORIENTED_EDGE('',*,*,#2370,.T.);
#3230=ORIENTED_EDGE('',*,*,#2371,.F.);
#3231=ORIENTED_EDGE('',*,*,#2372,.F.);
#3232=ORIENTED_EDGE('',*,*,#2364,.T.);
#3233=ORIENTED_EDGE('',*,*,#2369,.T.);
#3234=ORIENTED_EDGE('',*,*,#2373,.F.);
#3235=ORIENTED_EDGE('',*,*,#2374,.F.);
#3236=ORIENTED_EDGE('',*,*,#2365,.T.);
#3237=ORIENTED_EDGE('',*,*,#2372,.T.);
#3238=ORIENTED_EDGE('',*,*,#2375,.F.);
#3239=ORIENTED_EDGE('',*,*,#2370,.F.);
#3240=ORIENTED_EDGE('',*,*,#2366,.T.);
#3241=ORIENTED_EDGE('',*,*,#2374,.T.);
#3242=ORIENTED_EDGE('',*,*,#2368,.T.);
#3243=ORIENTED_EDGE('',*,*,#2375,.T.);
#3244=ORIENTED_EDGE('',*,*,#2373,.T.);
#3245=ORIENTED_EDGE('',*,*,#2371,.T.);
#3246=ORIENTED_EDGE('',*,*,#2223,.F.);
#3247=ORIENTED_EDGE('',*,*,#2376,.F.);
#3248=ORIENTED_EDGE('',*,*,#2377,.T.);
#3249=ORIENTED_EDGE('',*,*,#2378,.T.);
#3250=ORIENTED_EDGE('',*,*,#2224,.F.);
#3251=ORIENTED_EDGE('',*,*,#2378,.F.);
#3252=ORIENTED_EDGE('',*,*,#2379,.T.);
#3253=ORIENTED_EDGE('',*,*,#2380,.T.);
#3254=ORIENTED_EDGE('',*,*,#2225,.F.);
#3255=ORIENTED_EDGE('',*,*,#2380,.F.);
#3256=ORIENTED_EDGE('',*,*,#2381,.T.);
#3257=ORIENTED_EDGE('',*,*,#2382,.T.);
#3258=ORIENTED_EDGE('',*,*,#2226,.F.);
#3259=ORIENTED_EDGE('',*,*,#2382,.F.);
#3260=ORIENTED_EDGE('',*,*,#2383,.T.);
#3261=ORIENTED_EDGE('',*,*,#2376,.T.);
#3262=ORIENTED_EDGE('',*,*,#2377,.F.);
#3263=ORIENTED_EDGE('',*,*,#2383,.F.);
#3264=ORIENTED_EDGE('',*,*,#2381,.F.);
#3265=ORIENTED_EDGE('',*,*,#2379,.F.);
#3266=ORIENTED_EDGE('',*,*,#2248,.F.);
#3267=ORIENTED_EDGE('',*,*,#2384,.F.);
#3268=ORIENTED_EDGE('',*,*,#2385,.T.);
#3269=ORIENTED_EDGE('',*,*,#2386,.T.);
#3270=ORIENTED_EDGE('',*,*,#2249,.F.);
#3271=ORIENTED_EDGE('',*,*,#2386,.F.);
#3272=ORIENTED_EDGE('',*,*,#2387,.T.);
#3273=ORIENTED_EDGE('',*,*,#2388,.T.);
#3274=ORIENTED_EDGE('',*,*,#2250,.F.);
#3275=ORIENTED_EDGE('',*,*,#2388,.F.);
#3276=ORIENTED_EDGE('',*,*,#2389,.T.);
#3277=ORIENTED_EDGE('',*,*,#2390,.T.);
#3278=ORIENTED_EDGE('',*,*,#2251,.F.);
#3279=ORIENTED_EDGE('',*,*,#2390,.F.);
#3280=ORIENTED_EDGE('',*,*,#2391,.T.);
#3281=ORIENTED_EDGE('',*,*,#2392,.T.);
#3282=ORIENTED_EDGE('',*,*,#2252,.F.);
#3283=ORIENTED_EDGE('',*,*,#2392,.F.);
#3284=ORIENTED_EDGE('',*,*,#2393,.T.);
#3285=ORIENTED_EDGE('',*,*,#2394,.T.);
#3286=ORIENTED_EDGE('',*,*,#2253,.F.);
#3287=ORIENTED_EDGE('',*,*,#2394,.F.);
#3288=ORIENTED_EDGE('',*,*,#2395,.T.);
#3289=ORIENTED_EDGE('',*,*,#2396,.T.);
#3290=ORIENTED_EDGE('',*,*,#2254,.F.);
#3291=ORIENTED_EDGE('',*,*,#2396,.F.);
#3292=ORIENTED_EDGE('',*,*,#2397,.T.);
#3293=ORIENTED_EDGE('',*,*,#2398,.T.);
#3294=ORIENTED_EDGE('',*,*,#2255,.F.);
#3295=ORIENTED_EDGE('',*,*,#2398,.F.);
#3296=ORIENTED_EDGE('',*,*,#2399,.T.);
#3297=ORIENTED_EDGE('',*,*,#2400,.T.);
#3298=ORIENTED_EDGE('',*,*,#2256,.F.);
#3299=ORIENTED_EDGE('',*,*,#2400,.F.);
#3300=ORIENTED_EDGE('',*,*,#2401,.T.);
#3301=ORIENTED_EDGE('',*,*,#2402,.T.);
#3302=ORIENTED_EDGE('',*,*,#2257,.F.);
#3303=ORIENTED_EDGE('',*,*,#2402,.F.);
#3304=ORIENTED_EDGE('',*,*,#2403,.T.);
#3305=ORIENTED_EDGE('',*,*,#2404,.T.);
#3306=ORIENTED_EDGE('',*,*,#2258,.F.);
#3307=ORIENTED_EDGE('',*,*,#2404,.F.);
#3308=ORIENTED_EDGE('',*,*,#2405,.T.);
#3309=ORIENTED_EDGE('',*,*,#2406,.T.);
#3310=ORIENTED_EDGE('',*,*,#2259,.F.);
#3311=ORIENTED_EDGE('',*,*,#2406,.F.);
#3312=ORIENTED_EDGE('',*,*,#2407,.T.);
#3313=ORIENTED_EDGE('',*,*,#2408,.T.);
#3314=ORIENTED_EDGE('',*,*,#2260,.F.);
#3315=ORIENTED_EDGE('',*,*,#2408,.F.);
#3316=ORIENTED_EDGE('',*,*,#2409,.T.);
#3317=ORIENTED_EDGE('',*,*,#2384,.T.);
#3318=ORIENTED_EDGE('',*,*,#2385,.F.);
#3319=ORIENTED_EDGE('',*,*,#2409,.F.);
#3320=ORIENTED_EDGE('',*,*,#2407,.F.);
#3321=ORIENTED_EDGE('',*,*,#2405,.F.);
#3322=ORIENTED_EDGE('',*,*,#2403,.F.);
#3323=ORIENTED_EDGE('',*,*,#2401,.F.);
#3324=ORIENTED_EDGE('',*,*,#2399,.F.);
#3325=ORIENTED_EDGE('',*,*,#2397,.F.);
#3326=ORIENTED_EDGE('',*,*,#2395,.F.);
#3327=ORIENTED_EDGE('',*,*,#2393,.F.);
#3328=ORIENTED_EDGE('',*,*,#2391,.F.);
#3329=ORIENTED_EDGE('',*,*,#2389,.F.);
#3330=ORIENTED_EDGE('',*,*,#2387,.F.);
#3331=ORIENTED_EDGE('',*,*,#2227,.F.);
#3332=ORIENTED_EDGE('',*,*,#2410,.F.);
#3333=ORIENTED_EDGE('',*,*,#2411,.T.);
#3334=ORIENTED_EDGE('',*,*,#2412,.T.);
#3335=ORIENTED_EDGE('',*,*,#2228,.F.);
#3336=ORIENTED_EDGE('',*,*,#2412,.F.);
#3337=ORIENTED_EDGE('',*,*,#2413,.T.);
#3338=ORIENTED_EDGE('',*,*,#2414,.T.);
#3339=ORIENTED_EDGE('',*,*,#2229,.F.);
#3340=ORIENTED_EDGE('',*,*,#2414,.F.);
#3341=ORIENTED_EDGE('',*,*,#2415,.T.);
#3342=ORIENTED_EDGE('',*,*,#2416,.T.);
#3343=ORIENTED_EDGE('',*,*,#2230,.F.);
#3344=ORIENTED_EDGE('',*,*,#2416,.F.);
#3345=ORIENTED_EDGE('',*,*,#2417,.T.);
#3346=ORIENTED_EDGE('',*,*,#2418,.T.);
#3347=ORIENTED_EDGE('',*,*,#2231,.F.);
#3348=ORIENTED_EDGE('',*,*,#2418,.F.);
#3349=ORIENTED_EDGE('',*,*,#2419,.T.);
#3350=ORIENTED_EDGE('',*,*,#2420,.T.);
#3351=ORIENTED_EDGE('',*,*,#2232,.F.);
#3352=ORIENTED_EDGE('',*,*,#2420,.F.);
#3353=ORIENTED_EDGE('',*,*,#2421,.T.);
#3354=ORIENTED_EDGE('',*,*,#2422,.T.);
#3355=ORIENTED_EDGE('',*,*,#2233,.F.);
#3356=ORIENTED_EDGE('',*,*,#2422,.F.);
#3357=ORIENTED_EDGE('',*,*,#2423,.T.);
#3358=ORIENTED_EDGE('',*,*,#2424,.T.);
#3359=ORIENTED_EDGE('',*,*,#2234,.F.);
#3360=ORIENTED_EDGE('',*,*,#2424,.F.);
#3361=ORIENTED_EDGE('',*,*,#2425,.T.);
#3362=ORIENTED_EDGE('',*,*,#2426,.T.);
#3363=ORIENTED_EDGE('',*,*,#2235,.F.);
#3364=ORIENTED_EDGE('',*,*,#2426,.F.);
#3365=ORIENTED_EDGE('',*,*,#2427,.T.);
#3366=ORIENTED_EDGE('',*,*,#2428,.T.);
#3367=ORIENTED_EDGE('',*,*,#2236,.F.);
#3368=ORIENTED_EDGE('',*,*,#2428,.F.);
#3369=ORIENTED_EDGE('',*,*,#2429,.T.);
#3370=ORIENTED_EDGE('',*,*,#2430,.T.);
#3371=ORIENTED_EDGE('',*,*,#2237,.F.);
#3372=ORIENTED_EDGE('',*,*,#2430,.F.);
#3373=ORIENTED_EDGE('',*,*,#2431,.T.);
#3374=ORIENTED_EDGE('',*,*,#2432,.T.);
#3375=ORIENTED_EDGE('',*,*,#2238,.F.);
#3376=ORIENTED_EDGE('',*,*,#2432,.F.);
#3377=ORIENTED_EDGE('',*,*,#2433,.T.);
#3378=ORIENTED_EDGE('',*,*,#2434,.T.);
#3379=ORIENTED_EDGE('',*,*,#2239,.F.);
#3380=ORIENTED_EDGE('',*,*,#2434,.F.);
#3381=ORIENTED_EDGE('',*,*,#2435,.T.);
#3382=ORIENTED_EDGE('',*,*,#2436,.T.);
#3383=ORIENTED_EDGE('',*,*,#2240,.F.);
#3384=ORIENTED_EDGE('',*,*,#2436,.F.);
#3385=ORIENTED_EDGE('',*,*,#2437,.T.);
#3386=ORIENTED_EDGE('',*,*,#2438,.T.);
#3387=ORIENTED_EDGE('',*,*,#2241,.F.);
#3388=ORIENTED_EDGE('',*,*,#2438,.F.);
#3389=ORIENTED_EDGE('',*,*,#2439,.T.);
#3390=ORIENTED_EDGE('',*,*,#2440,.T.);
#3391=ORIENTED_EDGE('',*,*,#2242,.F.);
#3392=ORIENTED_EDGE('',*,*,#2440,.F.);
#3393=ORIENTED_EDGE('',*,*,#2441,.T.);
#3394=ORIENTED_EDGE('',*,*,#2442,.T.);
#3395=ORIENTED_EDGE('',*,*,#2243,.F.);
#3396=ORIENTED_EDGE('',*,*,#2442,.F.);
#3397=ORIENTED_EDGE('',*,*,#2443,.T.);
#3398=ORIENTED_EDGE('',*,*,#2444,.T.);
#3399=ORIENTED_EDGE('',*,*,#2244,.F.);
#3400=ORIENTED_EDGE('',*,*,#2444,.F.);
#3401=ORIENTED_EDGE('',*,*,#2445,.T.);
#3402=ORIENTED_EDGE('',*,*,#2446,.T.);
#3403=ORIENTED_EDGE('',*,*,#2245,.F.);
#3404=ORIENTED_EDGE('',*,*,#2446,.F.);
#3405=ORIENTED_EDGE('',*,*,#2447,.T.);
#3406=ORIENTED_EDGE('',*,*,#2448,.T.);
#3407=ORIENTED_EDGE('',*,*,#2246,.F.);
#3408=ORIENTED_EDGE('',*,*,#2448,.F.);
#3409=ORIENTED_EDGE('',*,*,#2449,.T.);
#3410=ORIENTED_EDGE('',*,*,#2450,.T.);
#3411=ORIENTED_EDGE('',*,*,#2247,.F.);
#3412=ORIENTED_EDGE('',*,*,#2450,.F.);
#3413=ORIENTED_EDGE('',*,*,#2451,.T.);
#3414=ORIENTED_EDGE('',*,*,#2410,.T.);
#3415=ORIENTED_EDGE('',*,*,#2411,.F.);
#3416=ORIENTED_EDGE('',*,*,#2451,.F.);
#3417=ORIENTED_EDGE('',*,*,#2449,.F.);
#3418=ORIENTED_EDGE('',*,*,#2447,.F.);
#3419=ORIENTED_EDGE('',*,*,#2445,.F.);
#3420=ORIENTED_EDGE('',*,*,#2443,.F.);
#3421=ORIENTED_EDGE('',*,*,#2441,.F.);
#3422=ORIENTED_EDGE('',*,*,#2439,.F.);
#3423=ORIENTED_EDGE('',*,*,#2437,.F.);
#3424=ORIENTED_EDGE('',*,*,#2435,.F.);
#3425=ORIENTED_EDGE('',*,*,#2433,.F.);
#3426=ORIENTED_EDGE('',*,*,#2431,.F.);
#3427=ORIENTED_EDGE('',*,*,#2429,.F.);
#3428=ORIENTED_EDGE('',*,*,#2427,.F.);
#3429=ORIENTED_EDGE('',*,*,#2425,.F.);
#3430=ORIENTED_EDGE('',*,*,#2423,.F.);
#3431=ORIENTED_EDGE('',*,*,#2421,.F.);
#3432=ORIENTED_EDGE('',*,*,#2419,.F.);
#3433=ORIENTED_EDGE('',*,*,#2417,.F.);
#3434=ORIENTED_EDGE('',*,*,#2415,.F.);
#3435=ORIENTED_EDGE('',*,*,#2413,.F.);
#3436=ORIENTED_EDGE('',*,*,#2178,.F.);
#3437=ORIENTED_EDGE('',*,*,#2452,.T.);
#3438=ORIENTED_EDGE('',*,*,#2453,.F.);
#3439=ORIENTED_EDGE('',*,*,#2454,.T.);
#3440=ORIENTED_EDGE('',*,*,#2187,.F.);
#3441=ORIENTED_EDGE('',*,*,#2455,.T.);
#3442=ORIENTED_EDGE('',*,*,#2288,.T.);
#3443=ORIENTED_EDGE('',*,*,#2190,.T.);
#3444=ORIENTED_EDGE('',*,*,#2456,.T.);
#3445=ORIENTED_EDGE('',*,*,#2457,.F.);
#3446=ORIENTED_EDGE('',*,*,#2458,.T.);
#3447=ORIENTED_EDGE('',*,*,#2180,.T.);
#3448=ORIENTED_EDGE('',*,*,#2459,.T.);
#3449=ORIENTED_EDGE('',*,*,#2188,.T.);
#3450=ORIENTED_EDGE('',*,*,#2292,.F.);
#3451=ORIENTED_EDGE('',*,*,#2460,.T.);
#3452=ORIENTED_EDGE('',*,*,#2183,.T.);
#3453=ORIENTED_EDGE('',*,*,#2461,.T.);
#3454=ORIENTED_EDGE('',*,*,#2290,.T.);
#3455=ORIENTED_EDGE('',*,*,#2462,.T.);
#3456=ORIENTED_EDGE('',*,*,#2185,.T.);
#3457=ORIENTED_EDGE('',*,*,#2463,.T.);
#3458=ORIENTED_EDGE('',*,*,#2184,.F.);
#3459=ORIENTED_EDGE('',*,*,#2460,.F.);
#3460=ORIENTED_EDGE('',*,*,#2291,.F.);
#3461=ORIENTED_EDGE('',*,*,#2463,.F.);
#3462=ORIENTED_EDGE('',*,*,#2289,.F.);
#3463=ORIENTED_EDGE('',*,*,#2455,.F.);
#3464=ORIENTED_EDGE('',*,*,#2186,.F.);
#3465=ORIENTED_EDGE('',*,*,#2462,.F.);
#3466=ORIENTED_EDGE('',*,*,#2453,.T.);
#3467=ORIENTED_EDGE('',*,*,#2464,.T.);
#3468=ORIENTED_EDGE('',*,*,#2457,.T.);
#3469=ORIENTED_EDGE('',*,*,#2465,.T.);
#3470=ORIENTED_EDGE('',*,*,#2461,.F.);
#3471=ORIENTED_EDGE('',*,*,#2182,.T.);
#3472=ORIENTED_EDGE('',*,*,#2454,.F.);
#3473=ORIENTED_EDGE('',*,*,#2465,.F.);
#3474=ORIENTED_EDGE('',*,*,#2452,.F.);
#3475=ORIENTED_EDGE('',*,*,#2181,.T.);
#3476=ORIENTED_EDGE('',*,*,#2458,.F.);
#3477=ORIENTED_EDGE('',*,*,#2464,.F.);
#3478=ORIENTED_EDGE('',*,*,#2456,.F.);
#3479=ORIENTED_EDGE('',*,*,#2189,.F.);
#3480=ORIENTED_EDGE('',*,*,#2459,.F.);
#3481=ORIENTED_EDGE('',*,*,#2179,.F.);
#3482=ORIENTED_EDGE('',*,*,#2466,.T.);
#3483=ORIENTED_EDGE('',*,*,#2467,.T.);
#3484=ORIENTED_EDGE('',*,*,#2468,.F.);
#3485=ORIENTED_EDGE('',*,*,#2469,.T.);
#3486=ORIENTED_EDGE('',*,*,#2468,.T.);
#3487=ORIENTED_EDGE('',*,*,#2470,.T.);
#3488=ORIENTED_EDGE('',*,*,#2471,.F.);
#3489=ORIENTED_EDGE('',*,*,#2472,.T.);
#3490=ORIENTED_EDGE('',*,*,#2471,.T.);
#3491=ORIENTED_EDGE('',*,*,#2473,.T.);
#3492=ORIENTED_EDGE('',*,*,#2474,.F.);
#3493=ORIENTED_EDGE('',*,*,#2475,.T.);
#3494=ORIENTED_EDGE('',*,*,#2474,.T.);
#3495=ORIENTED_EDGE('',*,*,#2476,.T.);
#3496=ORIENTED_EDGE('',*,*,#2466,.F.);
#3497=ORIENTED_EDGE('',*,*,#2477,.T.);
#3498=ORIENTED_EDGE('',*,*,#2478,.T.);
#3499=ORIENTED_EDGE('',*,*,#2479,.T.);
#3500=ORIENTED_EDGE('',*,*,#2480,.T.);
#3501=ORIENTED_EDGE('',*,*,#2481,.T.);
#3502=ORIENTED_EDGE('',*,*,#2482,.T.);
#3503=ORIENTED_EDGE('',*,*,#2483,.T.);
#3504=ORIENTED_EDGE('',*,*,#2484,.T.);
#3505=ORIENTED_EDGE('',*,*,#2485,.T.);
#3506=ORIENTED_EDGE('',*,*,#2475,.F.);
#3507=ORIENTED_EDGE('',*,*,#2486,.T.);
#3508=ORIENTED_EDGE('',*,*,#2478,.F.);
#3509=ORIENTED_EDGE('',*,*,#2487,.T.);
#3510=ORIENTED_EDGE('',*,*,#2480,.F.);
#3511=ORIENTED_EDGE('',*,*,#2488,.T.);
#3512=ORIENTED_EDGE('',*,*,#2469,.F.);
#3513=ORIENTED_EDGE('',*,*,#2489,.T.);
#3514=ORIENTED_EDGE('',*,*,#2489,.F.);
#3515=ORIENTED_EDGE('',*,*,#2472,.F.);
#3516=ORIENTED_EDGE('',*,*,#2487,.F.);
#3517=ORIENTED_EDGE('',*,*,#2481,.F.);
#3518=ORIENTED_EDGE('',*,*,#2486,.F.);
#3519=ORIENTED_EDGE('',*,*,#2477,.F.);
#3520=ORIENTED_EDGE('',*,*,#2488,.F.);
#3521=ORIENTED_EDGE('',*,*,#2479,.F.);
#3522=ORIENTED_EDGE('',*,*,#2490,.F.);
#3523=ORIENTED_EDGE('',*,*,#2485,.F.);
#3524=ORIENTED_EDGE('',*,*,#2491,.F.);
#3525=ORIENTED_EDGE('',*,*,#2476,.F.);
#3526=ORIENTED_EDGE('',*,*,#2491,.T.);
#3527=ORIENTED_EDGE('',*,*,#2484,.F.);
#3528=ORIENTED_EDGE('',*,*,#2492,.F.);
#3529=ORIENTED_EDGE('',*,*,#2467,.F.);
#3530=ORIENTED_EDGE('',*,*,#2490,.T.);
#3531=ORIENTED_EDGE('',*,*,#2473,.F.);
#3532=ORIENTED_EDGE('',*,*,#2493,.F.);
#3533=ORIENTED_EDGE('',*,*,#2482,.F.);
#3534=ORIENTED_EDGE('',*,*,#2492,.T.);
#3535=ORIENTED_EDGE('',*,*,#2483,.F.);
#3536=ORIENTED_EDGE('',*,*,#2493,.T.);
#3537=ORIENTED_EDGE('',*,*,#2470,.F.);
#3538=ORIENTED_EDGE('',*,*,#2494,.T.);
#3539=ORIENTED_EDGE('',*,*,#2494,.F.);
#3540=ORIENTED_EDGE('',*,*,#2495,.F.);
#3541=ORIENTED_EDGE('',*,*,#2495,.T.);
#3542=ORIENTED_EDGE('',*,*,#2496,.T.);
#3543=ORIENTED_EDGE('',*,*,#2496,.F.);
#3544=ORIENTED_EDGE('',*,*,#2497,.F.);
#3545=ORIENTED_EDGE('',*,*,#2497,.T.);
#3546=TOROIDAL_SURFACE('',#3805,3.2,0.2);
#3547=TOROIDAL_SURFACE('',#3813,3.25,0.5);
#3548=ADVANCED_FACE('',(#1197),#3546,.T.);
#3549=ADVANCED_FACE('',(#1198),#1188,.F.);
#3550=ADVANCED_FACE('',(#1199,#168),#187,.F.);
#3551=ADVANCED_FACE('',(#1200),#3547,.T.);
#3552=ADVANCED_FACE('',(#1201),#188,.F.);
#3553=ADVANCED_FACE('',(#1202),#1189,.F.);
#3554=ADVANCED_FACE('',(#1203),#189,.F.);
#3555=ADVANCED_FACE('',(#1204,#169,#170),#190,.F.);
#3556=ADVANCED_FACE('',(#1205),#191,.T.);
#3557=ADVANCED_FACE('',(#1206),#192,.T.);
#3558=ADVANCED_FACE('',(#1207),#193,.F.);
#3559=ADVANCED_FACE('',(#1208),#194,.F.);
#3560=ADVANCED_FACE('',(#1209),#195,.F.);
#3561=ADVANCED_FACE('',(#1210),#196,.F.);
#3562=ADVANCED_FACE('',(#1211),#197,.F.);
#3563=ADVANCED_FACE('',(#1212),#198,.F.);
#3564=ADVANCED_FACE('',(#1213),#199,.F.);
#3565=ADVANCED_FACE('',(#1214),#200,.F.);
#3566=ADVANCED_FACE('',(#1215),#201,.F.);
#3567=ADVANCED_FACE('',(#1216),#202,.F.);
#3568=ADVANCED_FACE('',(#1217),#203,.F.);
#3569=ADVANCED_FACE('',(#1218),#204,.F.);
#3570=ADVANCED_FACE('',(#1219),#205,.F.);
#3571=ADVANCED_FACE('',(#1220),#206,.F.);
#3572=ADVANCED_FACE('',(#1221),#207,.F.);
#3573=ADVANCED_FACE('',(#1222),#208,.F.);
#3574=ADVANCED_FACE('',(#1223,#171,#172),#209,.F.);
#3575=ADVANCED_FACE('',(#1224),#210,.F.);
#3576=ADVANCED_FACE('',(#1225),#211,.F.);
#3577=ADVANCED_FACE('',(#1226,#173),#212,.F.);
#3578=ADVANCED_FACE('',(#1227),#213,.T.);
#3579=ADVANCED_FACE('',(#1228),#214,.T.);
#3580=ADVANCED_FACE('',(#1229),#215,.T.);
#3581=ADVANCED_FACE('',(#1230),#216,.T.);
#3582=ADVANCED_FACE('',(#1231),#1190,.T.);
#3583=ADVANCED_FACE('',(#1232),#1191,.T.);
#3584=ADVANCED_FACE('',(#1233),#217,.T.);
#3585=ADVANCED_FACE('',(#1234),#218,.T.);
#3586=ADVANCED_FACE('',(#1235),#219,.T.);
#3587=ADVANCED_FACE('',(#1236),#220,.T.);
#3588=ADVANCED_FACE('',(#1237),#221,.T.);
#3589=ADVANCED_FACE('',(#1238),#222,.F.);
#3590=ADVANCED_FACE('',(#1239),#223,.F.);
#3591=ADVANCED_FACE('',(#1240),#224,.F.);
#3592=ADVANCED_FACE('',(#1241),#225,.F.);
#3593=ADVANCED_FACE('',(#1242),#226,.F.);
#3594=ADVANCED_FACE('',(#1243),#227,.F.);
#3595=ADVANCED_FACE('',(#1244),#228,.F.);
#3596=ADVANCED_FACE('',(#1245),#229,.F.);
#3597=ADVANCED_FACE('',(#1246),#230,.F.);
#3598=ADVANCED_FACE('',(#1247),#231,.T.);
#3599=ADVANCED_FACE('',(#1248),#232,.T.);
#3600=ADVANCED_FACE('',(#1249),#233,.T.);
#3601=ADVANCED_FACE('',(#1250),#234,.T.);
#3602=ADVANCED_FACE('',(#1251),#1192,.F.);
#3603=ADVANCED_FACE('',(#1252),#1193,.F.);
#3604=ADVANCED_FACE('',(#1253),#235,.T.);
#3605=ADVANCED_FACE('',(#1254),#236,.T.);
#3606=ADVANCED_FACE('',(#1255),#237,.T.);
#3607=ADVANCED_FACE('',(#1256,#174,#175),#238,.T.);
#3608=ADVANCED_FACE('',(#1257),#1194,.T.);
#3609=ADVANCED_FACE('',(#1258),#239,.T.);
#3610=ADVANCED_FACE('',(#1259),#240,.F.);
#3611=ADVANCED_FACE('',(#1260),#1195,.T.);
#3612=ADVANCED_FACE('',(#1261),#241,.T.);
#3613=ADVANCED_FACE('',(#1262),#242,.T.);
#3614=ADVANCED_FACE('',(#1263),#243,.T.);
#3615=ADVANCED_FACE('',(#1264),#244,.T.);
#3616=ADVANCED_FACE('',(#1265),#245,.T.);
#3617=ADVANCED_FACE('',(#1266),#246,.T.);
#3618=ADVANCED_FACE('',(#1267),#247,.T.);
#3619=ADVANCED_FACE('',(#1268),#248,.T.);
#3620=ADVANCED_FACE('',(#1269),#249,.F.);
#3621=ADVANCED_FACE('',(#1270),#250,.F.);
#3622=ADVANCED_FACE('',(#1271,#176,#177,#178),#251,.F.);
#3623=ADVANCED_FACE('',(#1272,#179,#180,#181,#182),#252,.F.);
#3624=ADVANCED_FACE('',(#1273),#253,.T.);
#3625=ADVANCED_FACE('',(#1274),#254,.T.);
#3626=ADVANCED_FACE('',(#1275),#255,.T.);
#3627=ADVANCED_FACE('',(#1276),#256,.F.);
#3628=ADVANCED_FACE('',(#1277),#257,.F.);
#3629=ADVANCED_FACE('',(#1278),#258,.F.);
#3630=ADVANCED_FACE('',(#1279),#259,.T.);
#3631=ADVANCED_FACE('',(#1280),#260,.F.);
#3632=ADVANCED_FACE('',(#1281,#183),#261,.F.);
#3633=ADVANCED_FACE('',(#1282),#262,.F.);
#3634=ADVANCED_FACE('',(#1283),#263,.F.);
#3635=ADVANCED_FACE('',(#1284,#184),#264,.F.);
#3636=ADVANCED_FACE('',(#1285),#265,.F.);
#3637=ADVANCED_FACE('',(#1286),#266,.F.);
#3638=ADVANCED_FACE('',(#1287,#185),#267,.F.);
#3639=ADVANCED_FACE('',(#1288),#268,.F.);
#3640=ADVANCED_FACE('',(#1289),#269,.F.);
#3641=ADVANCED_FACE('',(#1290),#270,.F.);
#3642=ADVANCED_FACE('',(#1291),#271,.F.);
#3643=ADVANCED_FACE('',(#1292),#272,.F.);
#3644=ADVANCED_FACE('',(#1293),#273,.F.);
#3645=ADVANCED_FACE('',(#1294),#274,.F.);
#3646=ADVANCED_FACE('',(#1295),#275,.F.);
#3647=ADVANCED_FACE('',(#1296),#276,.F.);
#3648=ADVANCED_FACE('',(#1297),#277,.F.);
#3649=ADVANCED_FACE('',(#1298),#278,.F.);
#3650=ADVANCED_FACE('',(#1299),#279,.F.);
#3651=ADVANCED_FACE('',(#1300),#280,.F.);
#3652=ADVANCED_FACE('',(#1301),#281,.T.);
#3653=ADVANCED_FACE('',(#1302),#282,.T.);
#3654=ADVANCED_FACE('',(#1303),#47,.T.);
#3655=ADVANCED_FACE('',(#1304),#48,.T.);
#3656=ADVANCED_FACE('',(#1305),#49,.T.);
#3657=ADVANCED_FACE('',(#1306),#50,.T.);
#3658=ADVANCED_FACE('',(#1307),#283,.T.);
#3659=ADVANCED_FACE('',(#1308),#284,.T.);
#3660=ADVANCED_FACE('',(#1309),#51,.T.);
#3661=ADVANCED_FACE('',(#1310),#52,.T.);
#3662=ADVANCED_FACE('',(#1311),#285,.T.);
#3663=ADVANCED_FACE('',(#1312),#286,.T.);
#3664=ADVANCED_FACE('',(#1313),#287,.T.);
#3665=ADVANCED_FACE('',(#1314),#53,.T.);
#3666=ADVANCED_FACE('',(#1315),#54,.T.);
#3667=ADVANCED_FACE('',(#1316,#186),#288,.T.);
#3668=ADVANCED_FACE('',(#1317),#55,.T.);
#3669=ADVANCED_FACE('',(#1318),#56,.T.);
#3670=ADVANCED_FACE('',(#1319),#57,.T.);
#3671=ADVANCED_FACE('',(#1320),#58,.T.);
#3672=ADVANCED_FACE('',(#1321),#289,.F.);
#3673=ADVANCED_FACE('',(#1322),#290,.T.);
#3674=ADVANCED_FACE('',(#1323),#291,.T.);
#3675=ADVANCED_FACE('',(#1324),#292,.T.);
#3676=ADVANCED_FACE('',(#1325),#293,.T.);
#3677=ADVANCED_FACE('',(#1326),#294,.F.);
#3678=ADVANCED_FACE('',(#1327),#295,.T.);
#3679=ADVANCED_FACE('',(#1328),#296,.T.);
#3680=ADVANCED_FACE('',(#1329),#297,.T.);
#3681=ADVANCED_FACE('',(#1330),#59,.T.);
#3682=ADVANCED_FACE('',(#1331),#60,.T.);
#3683=ADVANCED_FACE('',(#1332),#298,.T.);
#3684=ADVANCED_FACE('',(#1333),#61,.T.);
#3685=ADVANCED_FACE('',(#1334),#62,.T.);
#3686=ADVANCED_FACE('',(#1335),#299,.T.);
#3687=ADVANCED_FACE('',(#1336),#300,.T.);
#3688=ADVANCED_FACE('',(#1337),#301,.T.);
#3689=ADVANCED_FACE('',(#1338),#63,.T.);
#3690=ADVANCED_FACE('',(#1339),#64,.T.);
#3691=ADVANCED_FACE('',(#1340),#302,.T.);
#3692=ADVANCED_FACE('',(#1341),#303,.T.);
#3693=ADVANCED_FACE('',(#1342),#304,.T.);
#3694=ADVANCED_FACE('',(#1343),#65,.T.);
#3695=ADVANCED_FACE('',(#1344),#66,.T.);
#3696=ADVANCED_FACE('',(#1345),#305,.T.);
#3697=ADVANCED_FACE('',(#1346),#306,.T.);
#3698=ADVANCED_FACE('',(#1347),#67,.T.);
#3699=ADVANCED_FACE('',(#1348),#68,.T.);
#3700=ADVANCED_FACE('',(#1349),#69,.T.);
#3701=ADVANCED_FACE('',(#1350),#70,.T.);
#3702=ADVANCED_FACE('',(#1351),#71,.T.);
#3703=ADVANCED_FACE('',(#1352),#72,.T.);
#3704=ADVANCED_FACE('',(#1353),#73,.T.);
#3705=ADVANCED_FACE('',(#1354),#307,.T.);
#3706=ADVANCED_FACE('',(#1355),#308,.T.);
#3707=ADVANCED_FACE('',(#1356),#74,.T.);
#3708=ADVANCED_FACE('',(#1357),#75,.T.);
#3709=ADVANCED_FACE('',(#1358),#309,.T.);
#3710=ADVANCED_FACE('',(#1359),#310,.T.);
#3711=ADVANCED_FACE('',(#1360),#76,.T.);
#3712=ADVANCED_FACE('',(#1361),#77,.T.);
#3713=ADVANCED_FACE('',(#1362),#311,.T.);
#3714=ADVANCED_FACE('',(#1363),#312,.F.);
#3715=ADVANCED_FACE('',(#1364),#313,.F.);
#3716=ADVANCED_FACE('',(#1365),#314,.T.);
#3717=ADVANCED_FACE('',(#1366),#315,.T.);
#3718=ADVANCED_FACE('',(#1367),#316,.T.);
#3719=ADVANCED_FACE('',(#1368),#317,.T.);
#3720=ADVANCED_FACE('',(#1369),#318,.T.);
#3721=ADVANCED_FACE('',(#1370),#319,.T.);
#3722=ADVANCED_FACE('',(#1371),#1196,.F.);
#3723=ADVANCED_FACE('',(#1372),#320,.F.);
#3724=ADVANCED_FACE('',(#1373),#321,.F.);
#3725=ADVANCED_FACE('',(#1374),#322,.F.);
#3726=ADVANCED_FACE('',(#1375),#323,.F.);
#3727=ADVANCED_FACE('',(#1376),#324,.F.);
#3728=ADVANCED_FACE('',(#1377),#325,.T.);
#3729=ADVANCED_FACE('',(#1378),#326,.F.);
#3730=ADVANCED_FACE('',(#1379),#327,.F.);
#3731=ADVANCED_FACE('',(#1380),#328,.F.);
#3732=ADVANCED_FACE('',(#1381),#329,.F.);
#3733=ADVANCED_FACE('',(#1382),#330,.T.);
#3734=ADVANCED_FACE('',(#1383),#331,.T.);
#3735=ADVANCED_FACE('',(#1384),#332,.T.);
#3736=ADVANCED_FACE('',(#1385),#333,.T.);
#3737=ADVANCED_FACE('',(#1386),#13,.T.);
#3738=ADVANCED_FACE('',(#1387),#334,.T.);
#3739=ADVANCED_FACE('',(#1388),#14,.T.);
#3740=ADVANCED_FACE('',(#1389),#335,.T.);
#3741=CLOSED_SHELL('',(#3548,#3549,#3550,#3551,#3552,#3553,#3554,#3555,
#3556,#3557,#3558,#3559,#3560,#3561,#3562,#3563,#3564,#3565,#3566,#3567,
#3568,#3569,#3570,#3571,#3572,#3573,#3574,#3575,#3576,#3577,#3578,#3579,
#3580,#3581,#3582,#3583,#3584,#3585,#3586,#3587,#3588,#3589,#3590,#3591,
#3592,#3593,#3594,#3595,#3596,#3597,#3598,#3599,#3600,#3601,#3602,#3603,
#3604,#3605,#3606,#3607));
#3742=CLOSED_SHELL('',(#3608,#3609,#3610,#3611,#3612,#3613,#3614,#3615,
#3616,#3617,#3618,#3619));
#3743=CLOSED_SHELL('',(#3620,#3621,#3622,#3623,#3624,#3625,#3626,#3627,
#3628,#3629,#3630,#3631,#3632,#3633,#3634,#3635,#3636,#3637,#3638,#3639,
#3640,#3641,#3642,#3643,#3644,#3645,#3646,#3647,#3648,#3649,#3650,#3651,
#3652,#3653,#3654,#3655,#3656,#3657,#3658,#3659,#3660,#3661,#3662,#3663,
#3664,#3665,#3666,#3667,#3668,#3669,#3670,#3671,#3672,#3673,#3674,#3675,
#3676,#3677,#3678,#3679,#3680,#3681,#3682,#3683,#3684,#3685,#3686,#3687,
#3688,#3689,#3690,#3691,#3692,#3693,#3694,#3695,#3696,#3697,#3698,#3699,
#3700,#3701,#3702,#3703,#3704,#3705,#3706,#3707,#3708,#3709,#3710,#3711,
#3712,#3713,#3714,#3715,#3716,#3717,#3718,#3719,#3720,#3721,#3722));
#3744=CLOSED_SHELL('',(#3723,#3724,#3725,#3726,#3727,#3728,#3729,#3730,
#3731,#3732,#3733,#3734,#3735,#3736));
#3745=CLOSED_SHELL('',(#3737,#3738));
#3746=CLOSED_SHELL('',(#3739,#3740));
#3747=DERIVED_UNIT_ELEMENT(#3757,1.);
#3748=DERIVED_UNIT_ELEMENT(#7491,-3.);
#3749=DERIVED_UNIT_ELEMENT(#3757,1.);
#3750=DERIVED_UNIT_ELEMENT(#7491,-3.);
#3751=DERIVED_UNIT_ELEMENT(#3757,1.);
#3752=DERIVED_UNIT_ELEMENT(#7491,-3.);
#3753=DERIVED_UNIT_ELEMENT(#3757,1.);
#3754=DERIVED_UNIT_ELEMENT(#7491,-3.);
#3755=DERIVED_UNIT_ELEMENT(#3757,1.);
#3756=DERIVED_UNIT_ELEMENT(#7491,-3.);
#3757=(
MASS_UNIT()
NAMED_UNIT(*)
SI_UNIT(.KILO.,.GRAM.)
);
#3758=DERIVED_UNIT((#3747,#3748));
#3759=DERIVED_UNIT((#3749,#3750));
#3760=DERIVED_UNIT((#3751,#3752));
#3761=DERIVED_UNIT((#3753,#3754));
#3762=DERIVED_UNIT((#3755,#3756));
#3763=MEASURE_REPRESENTATION_ITEM('density measure',
POSITIVE_RATIO_MEASURE(7850.),#3758);
#3764=MEASURE_REPRESENTATION_ITEM('density measure',
POSITIVE_RATIO_MEASURE(7850.),#3759);
#3765=MEASURE_REPRESENTATION_ITEM('density measure',
POSITIVE_RATIO_MEASURE(7850.),#3760);
#3766=MEASURE_REPRESENTATION_ITEM('density measure',
POSITIVE_RATIO_MEASURE(7850.),#3761);
#3767=MEASURE_REPRESENTATION_ITEM('density measure',
POSITIVE_RATIO_MEASURE(7850.),#3762);
#3768=PROPERTY_DEFINITION_REPRESENTATION(#3793,#3778);
#3769=PROPERTY_DEFINITION_REPRESENTATION(#3794,#3779);
#3770=PROPERTY_DEFINITION_REPRESENTATION(#3795,#3780);
#3771=PROPERTY_DEFINITION_REPRESENTATION(#3796,#3781);
#3772=PROPERTY_DEFINITION_REPRESENTATION(#3797,#3782);
#3773=PROPERTY_DEFINITION_REPRESENTATION(#3798,#3783);
#3774=PROPERTY_DEFINITION_REPRESENTATION(#3799,#3784);
#3775=PROPERTY_DEFINITION_REPRESENTATION(#3800,#3785);
#3776=PROPERTY_DEFINITION_REPRESENTATION(#3801,#3786);
#3777=PROPERTY_DEFINITION_REPRESENTATION(#3802,#3787);
#3778=REPRESENTATION('material name',(#3788),#7483);
#3779=REPRESENTATION('density',(#3763),#7483);
#3780=REPRESENTATION('material name',(#3789),#7484);
#3781=REPRESENTATION('density',(#3764),#7484);
#3782=REPRESENTATION('material name',(#3790),#7486);
#3783=REPRESENTATION('density',(#3765),#7486);
#3784=REPRESENTATION('material name',(#3791),#7487);
#3785=REPRESENTATION('density',(#3766),#7487);
#3786=REPRESENTATION('material name',(#3792),#7488);
#3787=REPRESENTATION('density',(#3767),#7488);
#3788=DESCRIPTIVE_REPRESENTATION_ITEM('Steel','Steel');
#3789=DESCRIPTIVE_REPRESENTATION_ITEM('Steel','Steel');
#3790=DESCRIPTIVE_REPRESENTATION_ITEM('Steel','Steel');
#3791=DESCRIPTIVE_REPRESENTATION_ITEM('Steel','Steel');
#3792=DESCRIPTIVE_REPRESENTATION_ITEM('Steel','Steel');
#3793=PROPERTY_DEFINITION('material property','material name',#7525);
#3794=PROPERTY_DEFINITION('material property','density of part',#7525);
#3795=PROPERTY_DEFINITION('material property','material name',#7526);
#3796=PROPERTY_DEFINITION('material property','density of part',#7526);
#3797=PROPERTY_DEFINITION('material property','material name',#7528);
#3798=PROPERTY_DEFINITION('material property','density of part',#7528);
#3799=PROPERTY_DEFINITION('material property','material name',#7529);
#3800=PROPERTY_DEFINITION('material property','density of part',#7529);
#3801=PROPERTY_DEFINITION('material property','material name',#7530);
#3802=PROPERTY_DEFINITION('material property','density of part',#7530);
#3803=AXIS2_PLACEMENT_3D('',#4847,#4009,#4010);
#3804=AXIS2_PLACEMENT_3D('',#4848,#4011,#4012);
#3805=AXIS2_PLACEMENT_3D('',#4849,#4013,#4014);
#3806=AXIS2_PLACEMENT_3D('',#4851,#4015,#4016);
#3807=AXIS2_PLACEMENT_3D('',#4853,#4017,#4018);
#3808=AXIS2_PLACEMENT_3D('',#4855,#4019,#4020);
#3809=AXIS2_PLACEMENT_3D('',#4856,#4021,#4022);
#3810=AXIS2_PLACEMENT_3D('',#4857,#4023,#4024);
#3811=AXIS2_PLACEMENT_3D('',#4860,#4026,#4027);
#3812=AXIS2_PLACEMENT_3D('',#4861,#4028,#4029);
#3813=AXIS2_PLACEMENT_3D('',#4870,#4034,#4035);
#3814=AXIS2_PLACEMENT_3D('',#4880,#4036,#4037);
#3815=AXIS2_PLACEMENT_3D('',#4894,#4038,#4039);
#3816=AXIS2_PLACEMENT_3D('',#4902,#4040,#4041);
#3817=AXIS2_PLACEMENT_3D('',#4904,#4042,#4043);
#3818=AXIS2_PLACEMENT_3D('',#4905,#4044,#4045);
#3819=AXIS2_PLACEMENT_3D('',#4906,#4046,#4047);
#3820=AXIS2_PLACEMENT_3D('',#4912,#4051,#4052);
#3821=AXIS2_PLACEMENT_3D('',#4915,#4054,#4055);
#3822=AXIS2_PLACEMENT_3D('',#4916,#4056,#4057);
#3823=AXIS2_PLACEMENT_3D('',#4925,#4062,#4063);
#3824=AXIS2_PLACEMENT_3D('',#4943,#4073,#4074);
#3825=AXIS2_PLACEMENT_3D('',#4949,#4078,#4079);
#3826=AXIS2_PLACEMENT_3D('',#4952,#4082,#4083);
#3827=AXIS2_PLACEMENT_3D('',#4953,#4084,#4085);
#3828=AXIS2_PLACEMENT_3D('',#4961,#4090,#4091);
#3829=AXIS2_PLACEMENT_3D('',#4967,#4095,#4096);
#3830=AXIS2_PLACEMENT_3D('',#4972,#4100,#4101);
#3831=AXIS2_PLACEMENT_3D('',#4974,#4103,#4104);
#3832=AXIS2_PLACEMENT_3D('',#4975,#4105,#4106);
#3833=AXIS2_PLACEMENT_3D('',#4985,#4112,#4113);
#3834=AXIS2_PLACEMENT_3D('',#4994,#4118,#4119);
#3835=AXIS2_PLACEMENT_3D('',#5000,#4123,#4124);
#3836=AXIS2_PLACEMENT_3D('',#5009,#4129,#4130);
#3837=AXIS2_PLACEMENT_3D('',#5019,#4136,#4137);
#3838=AXIS2_PLACEMENT_3D('',#5026,#4142,#4143);
#3839=AXIS2_PLACEMENT_3D('',#5033,#4148,#4149);
#3840=AXIS2_PLACEMENT_3D('',#5039,#4153,#4154);
#3841=AXIS2_PLACEMENT_3D('',#5046,#4159,#4160);
#3842=AXIS2_PLACEMENT_3D('',#5048,#4162,#4163);
#3843=AXIS2_PLACEMENT_3D('',#5054,#4169,#4170);
#3844=AXIS2_PLACEMENT_3D('',#5055,#4171,#4172);
#3845=AXIS2_PLACEMENT_3D('',#5057,#4174,#4175);
#3846=AXIS2_PLACEMENT_3D('',#5059,#4177,#4178);
#3847=AXIS2_PLACEMENT_3D('',#5073,#4186,#4187);
#3848=AXIS2_PLACEMENT_3D('',#5079,#4191,#4192);
#3849=AXIS2_PLACEMENT_3D('',#5083,#4195,#4196);
#3850=AXIS2_PLACEMENT_3D('',#5087,#4199,#4200);
#3851=AXIS2_PLACEMENT_3D('',#5090,#4201,#4202);
#3852=AXIS2_PLACEMENT_3D('',#5094,#4204,#4205);
#3853=AXIS2_PLACEMENT_3D('',#5096,#4207,#4208);
#3854=AXIS2_PLACEMENT_3D('',#5099,#4209,#4210);
#3855=AXIS2_PLACEMENT_3D('',#5103,#4212,#4213);
#3856=AXIS2_PLACEMENT_3D('',#5105,#4215,#4216);
#3857=AXIS2_PLACEMENT_3D('',#5109,#4219,#4220);
#3858=AXIS2_PLACEMENT_3D('',#5113,#4223,#4224);
#3859=AXIS2_PLACEMENT_3D('',#5117,#4227,#4228);
#3860=AXIS2_PLACEMENT_3D('',#5121,#4231,#4232);
#3861=AXIS2_PLACEMENT_3D('',#5125,#4235,#4236);
#3862=AXIS2_PLACEMENT_3D('',#5134,#4241,#4242);
#3863=AXIS2_PLACEMENT_3D('',#5136,#4243,#4244);
#3864=AXIS2_PLACEMENT_3D('',#5141,#4248,#4249);
#3865=AXIS2_PLACEMENT_3D('',#5142,#4250,#4251);
#3866=AXIS2_PLACEMENT_3D('',#5148,#4254,#4255);
#3867=AXIS2_PLACEMENT_3D('',#5152,#4258,#4259);
#3868=AXIS2_PLACEMENT_3D('',#5158,#4263,#4264);
#3869=AXIS2_PLACEMENT_3D('',#5164,#4268,#4269);
#3870=AXIS2_PLACEMENT_3D('',#5171,#4273,#4274);
#3871=AXIS2_PLACEMENT_3D('',#5172,#4275,#4276);
#3872=AXIS2_PLACEMENT_3D('',#5173,#4277,#4278);
#3873=AXIS2_PLACEMENT_3D('',#5175,#4279,#4280);
#3874=AXIS2_PLACEMENT_3D('',#5181,#4284,#4285);
#3875=AXIS2_PLACEMENT_3D('',#5182,#4286,#4287);
#3876=AXIS2_PLACEMENT_3D('',#5185,#4290,#4291);
#3877=AXIS2_PLACEMENT_3D('',#5187,#4293,#4294);
#3878=AXIS2_PLACEMENT_3D('',#5196,#4300,#4301);
#3879=AXIS2_PLACEMENT_3D('',#5198,#4303,#4304);
#3880=AXIS2_PLACEMENT_3D('',#5200,#4306,#4307);
#3881=AXIS2_PLACEMENT_3D('',#5203,#4309,#4310);
#3882=AXIS2_PLACEMENT_3D('',#5204,#4311,#4312);
#3883=AXIS2_PLACEMENT_3D('',#5207,#4314,#4315);
#3884=AXIS2_PLACEMENT_3D('',#5208,#4316,#4317);
#3885=AXIS2_PLACEMENT_3D('',#5210,#4319,#4320);
#3886=AXIS2_PLACEMENT_3D('',#5212,#4322,#4323);
#3887=AXIS2_PLACEMENT_3D('',#5214,#4325,#4326);
#3888=AXIS2_PLACEMENT_3D('',#5215,#4327,#4328);
#3889=AXIS2_PLACEMENT_3D('',#5216,#4329,#4330);
#3890=AXIS2_PLACEMENT_3D('',#5219,#4331,#4332);
#3891=AXIS2_PLACEMENT_3D('',#5223,#4334,#4335);
#3892=AXIS2_PLACEMENT_3D('',#5225,#4337,#4338);
#3893=AXIS2_PLACEMENT_3D('',#5231,#4342,#4343);
#3894=AXIS2_PLACEMENT_3D('',#5246,#4351,#4352);
#3895=AXIS2_PLACEMENT_3D('',#5247,#4353,#4354);
#3896=AXIS2_PLACEMENT_3D('',#5249,#4355,#4356);
#3897=AXIS2_PLACEMENT_3D('',#5251,#4358,#4359);
#3898=AXIS2_PLACEMENT_3D('',#5255,#4362,#4363);
#3899=AXIS2_PLACEMENT_3D('',#5259,#4366,#4367);
#3900=AXIS2_PLACEMENT_3D('',#5263,#4370,#4371);
#3901=AXIS2_PLACEMENT_3D('',#5267,#4374,#4375);
#3902=AXIS2_PLACEMENT_3D('',#5271,#4378,#4379);
#3903=AXIS2_PLACEMENT_3D('',#5275,#4382,#4383);
#3904=AXIS2_PLACEMENT_3D('',#5277,#4385,#4386);
#3905=AXIS2_PLACEMENT_3D('',#5278,#4387,#4388);
#3906=AXIS2_PLACEMENT_3D('',#5279,#4389,#4390);
#3907=AXIS2_PLACEMENT_3D('',#5280,#4391,#4392);
#3908=AXIS2_PLACEMENT_3D('',#5289,#4397,#4398);
#3909=AXIS2_PLACEMENT_3D('',#5302,#4405,#4406);
#3910=AXIS2_PLACEMENT_3D('',#5343,#4427,#4428);
#3911=AXIS2_PLACEMENT_3D('',#5733,#4470,#4471);
#3912=AXIS2_PLACEMENT_3D('',#5739,#4475,#4476);
#3913=AXIS2_PLACEMENT_3D('',#5745,#4480,#4481);
#3914=AXIS2_PLACEMENT_3D('',#5751,#4485,#4486);
#3915=AXIS2_PLACEMENT_3D('',#5753,#4488,#4489);
#3916=AXIS2_PLACEMENT_3D('',#5757,#4492,#4493);
#3917=AXIS2_PLACEMENT_3D('',#5784,#4509,#4510);
#3918=AXIS2_PLACEMENT_3D('',#5786,#4512,#4513);
#3919=AXIS2_PLACEMENT_3D('',#5788,#4515,#4516);
#3920=AXIS2_PLACEMENT_3D('',#5798,#4522,#4523);
#3921=AXIS2_PLACEMENT_3D('',#5799,#4524,#4525);
#3922=AXIS2_PLACEMENT_3D('',#5801,#4527,#4528);
#3923=AXIS2_PLACEMENT_3D('',#5811,#4534,#4535);
#3924=AXIS2_PLACEMENT_3D('',#5812,#4536,#4537);
#3925=AXIS2_PLACEMENT_3D('',#5814,#4539,#4540);
#3926=AXIS2_PLACEMENT_3D('',#5824,#4546,#4547);
#3927=AXIS2_PLACEMENT_3D('',#5825,#4548,#4549);
#3928=AXIS2_PLACEMENT_3D('',#5828,#4552,#4553);
#3929=AXIS2_PLACEMENT_3D('',#5830,#4555,#4556);
#3930=AXIS2_PLACEMENT_3D('',#5832,#4558,#4559);
#3931=AXIS2_PLACEMENT_3D('',#5833,#4560,#4561);
#3932=AXIS2_PLACEMENT_3D('',#5836,#4564,#4565);
#3933=AXIS2_PLACEMENT_3D('',#5838,#4567,#4568);
#3934=AXIS2_PLACEMENT_3D('',#5840,#4570,#4571);
#3935=AXIS2_PLACEMENT_3D('',#5841,#4572,#4573);
#3936=AXIS2_PLACEMENT_3D('',#5844,#4576,#4577);
#3937=AXIS2_PLACEMENT_3D('',#5846,#4579,#4580);
#3938=AXIS2_PLACEMENT_3D('',#5848,#4582,#4583);
#3939=AXIS2_PLACEMENT_3D('',#5849,#4584,#4585);
#3940=AXIS2_PLACEMENT_3D('',#5855,#4589,#4590);
#3941=AXIS2_PLACEMENT_3D('',#6047,#4597,#4598);
#3942=AXIS2_PLACEMENT_3D('',#6051,#4601,#4602);
#3943=AXIS2_PLACEMENT_3D('',#6113,#4607,#4608);
#3944=AXIS2_PLACEMENT_3D('',#6117,#4611,#4612);
#3945=AXIS2_PLACEMENT_3D('',#6121,#4615,#4616);
#3946=AXIS2_PLACEMENT_3D('',#6181,#4620,#4621);
#3947=AXIS2_PLACEMENT_3D('',#6498,#4626,#4627);
#3948=AXIS2_PLACEMENT_3D('',#6499,#4628,#4629);
#3949=AXIS2_PLACEMENT_3D('',#6505,#4633,#4634);
#3950=AXIS2_PLACEMENT_3D('',#6509,#4637,#4638);
#3951=AXIS2_PLACEMENT_3D('',#6513,#4641,#4642);
#3952=AXIS2_PLACEMENT_3D('',#6515,#4644,#4645);
#3953=AXIS2_PLACEMENT_3D('',#6516,#4646,#4647);
#3954=AXIS2_PLACEMENT_3D('',#6522,#4651,#4652);
#3955=AXIS2_PLACEMENT_3D('',#6526,#4655,#4656);
#3956=AXIS2_PLACEMENT_3D('',#6588,#4661,#4662);
#3957=AXIS2_PLACEMENT_3D('',#6650,#4667,#4668);
#3958=AXIS2_PLACEMENT_3D('',#6654,#4671,#4672);
#3959=AXIS2_PLACEMENT_3D('',#6658,#4675,#4676);
#3960=AXIS2_PLACEMENT_3D('',#6718,#4680,#4681);
#3961=AXIS2_PLACEMENT_3D('',#6719,#4682,#4683);
#3962=AXIS2_PLACEMENT_3D('',#6725,#4687,#4688);
#3963=AXIS2_PLACEMENT_3D('',#6787,#4693,#4694);
#3964=AXIS2_PLACEMENT_3D('',#6791,#4697,#4698);
#3965=AXIS2_PLACEMENT_3D('',#7040,#4708,#4709);
#3966=AXIS2_PLACEMENT_3D('',#7044,#4712,#4713);
#3967=AXIS2_PLACEMENT_3D('',#7106,#4718,#4719);
#3968=AXIS2_PLACEMENT_3D('',#7110,#4722,#4723);
#3969=AXIS2_PLACEMENT_3D('',#7170,#4727,#4728);
#3970=AXIS2_PLACEMENT_3D('',#7171,#4729,#4730);
#3971=AXIS2_PLACEMENT_3D('',#7178,#4735,#4736);
#3972=AXIS2_PLACEMENT_3D('',#7179,#4737,#4738);
#3973=AXIS2_PLACEMENT_3D('',#7184,#4741,#4742);
#3974=AXIS2_PLACEMENT_3D('',#7187,#4745,#4746);
#3975=AXIS2_PLACEMENT_3D('',#7190,#4749,#4750);
#3976=AXIS2_PLACEMENT_3D('',#7191,#4751,#4752);
#3977=AXIS2_PLACEMENT_3D('',#7192,#4753,#4754);
#3978=AXIS2_PLACEMENT_3D('',#7195,#4757,#4758);
#3979=AXIS2_PLACEMENT_3D('',#7196,#4759,#4760);
#3980=AXIS2_PLACEMENT_3D('',#7197,#4761,#4762);
#3981=AXIS2_PLACEMENT_3D('',#7198,#4763,#4764);
#3982=AXIS2_PLACEMENT_3D('',#7199,#4765,#4766);
#3983=AXIS2_PLACEMENT_3D('',#7208,#4771,#4772);
#3984=AXIS2_PLACEMENT_3D('',#7214,#4776,#4777);
#3985=AXIS2_PLACEMENT_3D('',#7220,#4781,#4782);
#3986=AXIS2_PLACEMENT_3D('',#7223,#4785,#4786);
#3987=AXIS2_PLACEMENT_3D('',#7232,#4791,#4792);
#3988=AXIS2_PLACEMENT_3D('',#7241,#4797,#4798);
#3989=AXIS2_PLACEMENT_3D('',#7244,#4801,#4802);
#3990=AXIS2_PLACEMENT_3D('',#7247,#4805,#4806);
#3991=AXIS2_PLACEMENT_3D('',#7248,#4807,#4808);
#3992=AXIS2_PLACEMENT_3D('',#7249,#4809,#4810);
#3993=AXIS2_PLACEMENT_3D('',#7252,#4813,#4814);
#3994=AXIS2_PLACEMENT_3D('',#7254,#4816,#4817);
#3995=AXIS2_PLACEMENT_3D('',#7256,#4819,#4820);
#3996=AXIS2_PLACEMENT_3D('',#7257,#4821,#4822);
#3997=AXIS2_PLACEMENT_3D('',#7258,#4823,#4824);
#3998=AXIS2_PLACEMENT_3D('',#7259,#4825,#4826);
#3999=AXIS2_PLACEMENT_3D('',#7260,#4827,#4828);
#4000=AXIS2_PLACEMENT_3D('',#7261,#4829,#4830);
#4001=AXIS2_PLACEMENT_3D('',#7364,#4831,#4832);
#4002=AXIS2_PLACEMENT_3D('',#7365,#4833,#4834);
#4003=AXIS2_PLACEMENT_3D('',#7468,#4835,#4836);
#4004=AXIS2_PLACEMENT_3D('',#7469,#4837,#4838);
#4005=AXIS2_PLACEMENT_3D('',#7470,#4839,#4840);
#4006=AXIS2_PLACEMENT_3D('',#7471,#4841,#4842);
#4007=AXIS2_PLACEMENT_3D('',#7472,#4843,#4844);
#4008=AXIS2_PLACEMENT_3D('',#7473,#4845,#4846);
#4009=DIRECTION('axis',(0.,0.,1.));
#4010=DIRECTION('refdir',(1.,0.,0.));
#4011=DIRECTION('axis',(0.,0.,1.));
#4012=DIRECTION('refdir',(1.,0.,0.));
#4013=DIRECTION('center_axis',(0.,1.,0.));
#4014=DIRECTION('ref_axis',(0.,0.,1.));
#4015=DIRECTION('center_axis',(0.,-1.,0.));
#4016=DIRECTION('ref_axis',(0.,0.,1.));
#4017=DIRECTION('center_axis',(-1.,0.,0.));
#4018=DIRECTION('ref_axis',(0.,0.,-1.));
#4019=DIRECTION('center_axis',(0.,1.,0.));
#4020=DIRECTION('ref_axis',(0.,0.,1.));
#4021=DIRECTION('center_axis',(0.,1.,0.));
#4022=DIRECTION('ref_axis',(0.,0.,1.));
#4023=DIRECTION('center_axis',(0.,1.,0.));
#4024=DIRECTION('ref_axis',(0.,0.,-1.));
#4025=DIRECTION('',(0.,1.,0.));
#4026=DIRECTION('center_axis',(0.,-1.,0.));
#4027=DIRECTION('ref_axis',(0.,0.,-1.));
#4028=DIRECTION('center_axis',(0.,1.,0.));
#4029=DIRECTION('ref_axis',(-1.,0.,0.));
#4030=DIRECTION('',(1.,0.,0.));
#4031=DIRECTION('',(0.,0.,1.));
#4032=DIRECTION('',(-1.,0.,0.));
#4033=DIRECTION('',(0.,0.,1.));
#4034=DIRECTION('center_axis',(0.,1.,0.));
#4035=DIRECTION('ref_axis',(0.,0.,1.));
#4036=DIRECTION('center_axis',(0.,-1.,0.));
#4037=DIRECTION('ref_axis',(0.,0.,-1.));
#4038=DIRECTION('center_axis',(0.,-1.,0.));
#4039=DIRECTION('ref_axis',(0.,0.,-1.));
#4040=DIRECTION('center_axis',(-1.,0.,0.));
#4041=DIRECTION('ref_axis',(0.,0.,-1.));
#4042=DIRECTION('center_axis',(0.,1.,0.));
#4043=DIRECTION('ref_axis',(0.,0.,-1.));
#4044=DIRECTION('center_axis',(0.,1.,0.));
#4045=DIRECTION('ref_axis',(0.,0.,-1.));
#4046=DIRECTION('center_axis',(0.,1.,0.));
#4047=DIRECTION('ref_axis',(0.,0.,1.));
#4048=DIRECTION('',(1.,0.,-7.45116123909501E-17));
#4049=DIRECTION('',(0.,0.,1.));
#4050=DIRECTION('',(-1.,0.,0.));
#4051=DIRECTION('center_axis',(0.,1.,0.));
#4052=DIRECTION('ref_axis',(0.,0.,-1.));
#4053=DIRECTION('',(0.,1.,0.));
#4054=DIRECTION('center_axis',(0.,-1.,0.));
#4055=DIRECTION('ref_axis',(0.,0.,-1.));
#4056=DIRECTION('center_axis',(-1.,0.,3.1720657846433E-16));
#4057=DIRECTION('ref_axis',(3.1720657846433E-16,0.,1.));
#4058=DIRECTION('',(3.1720657846433E-16,0.,1.));
#4059=DIRECTION('',(0.,-1.,0.));
#4060=DIRECTION('',(3.1720657846433E-16,1.80411241501588E-16,1.));
#4061=DIRECTION('',(-5.72276326332207E-32,1.,-1.80411241501588E-16));
#4062=DIRECTION('center_axis',(0.,-1.,0.));
#4063=DIRECTION('ref_axis',(0.,0.,-1.));
#4064=DIRECTION('',(-1.,0.,0.));
#4065=DIRECTION('',(0.,0.,1.));
#4066=DIRECTION('',(1.,0.,0.));
#4067=DIRECTION('',(-1.,0.,4.01285430587406E-16));
#4068=DIRECTION('',(4.67462326157961E-15,0.,1.));
#4069=DIRECTION('',(1.,0.,0.));
#4070=DIRECTION('',(0.,0.,-1.));
#4071=DIRECTION('',(-1.,0.,0.));
#4072=DIRECTION('',(1.,0.,0.));
#4073=DIRECTION('center_axis',(-1.,0.,0.));
#4074=DIRECTION('ref_axis',(0.,-1.,1.80411241501588E-16));
#4075=DIRECTION('',(0.,1.,-1.80411241501588E-16));
#4076=DIRECTION('',(0.,1.80411241501588E-16,1.));
#4077=DIRECTION('',(0.,-1.,0.));
#4078=DIRECTION('center_axis',(-1.70740499604016E-16,1.,-1.80411241501588E-16));
#4079=DIRECTION('ref_axis',(-1.,-1.70740499604016E-16,3.0803505508162E-32));
#4080=DIRECTION('',(-1.,-1.70740499604016E-16,0.));
#4081=DIRECTION('',(1.,1.70740499604016E-16,-3.0803505508162E-32));
#4082=DIRECTION('center_axis',(0.,-1.80411241501588E-16,-1.));
#4083=DIRECTION('ref_axis',(0.,1.,-1.80411241501588E-16));
#4084=DIRECTION('center_axis',(0.,0.,-1.));
#4085=DIRECTION('ref_axis',(-1.,0.,0.));
#4086=DIRECTION('',(-1.,1.36223684003087E-16,0.));
#4087=DIRECTION('',(0.,1.,0.));
#4088=DIRECTION('',(-1.,0.,0.));
#4089=DIRECTION('',(0.,1.,0.));
#4090=DIRECTION('center_axis',(1.,0.,0.));
#4091=DIRECTION('ref_axis',(0.,0.,-1.));
#4092=DIRECTION('',(0.,0.,-1.));
#4093=DIRECTION('',(0.,1.,0.));
#4094=DIRECTION('',(0.,0.,-1.));
#4095=DIRECTION('center_axis',(7.45116123909501E-17,0.,1.));
#4096=DIRECTION('ref_axis',(1.,0.,-7.45116123909501E-17));
#4097=DIRECTION('',(1.,-1.36223684003087E-16,-7.45116123909501E-17));
#4098=DIRECTION('',(0.,1.,0.));
#4099=DIRECTION('',(1.,0.,-7.45116123909501E-17));
#4100=DIRECTION('center_axis',(-1.,0.,0.));
#4101=DIRECTION('ref_axis',(0.,0.,1.));
#4102=DIRECTION('',(0.,0.,1.));
#4103=DIRECTION('center_axis',(0.,1.,0.));
#4104=DIRECTION('ref_axis',(0.,0.,1.));
#4105=DIRECTION('center_axis',(0.,0.,1.));
#4106=DIRECTION('ref_axis',(0.,-1.,0.));
#4107=DIRECTION('',(0.,-1.,0.));
#4108=DIRECTION('',(1.,0.,0.));
#4109=DIRECTION('',(1.,0.,0.));
#4110=DIRECTION('',(0.,1.,0.));
#4111=DIRECTION('',(1.,0.,0.));
#4112=DIRECTION('center_axis',(0.,0.,1.));
#4113=DIRECTION('ref_axis',(0.,-1.,0.));
#4114=DIRECTION('',(0.,-1.,0.));
#4115=DIRECTION('',(1.,0.,0.));
#4116=DIRECTION('',(0.,1.,0.));
#4117=DIRECTION('',(1.,-1.36223684003087E-16,0.));
#4118=DIRECTION('center_axis',(0.,0.,1.));
#4119=DIRECTION('ref_axis',(0.,-1.,0.));
#4120=DIRECTION('',(1.11022302462516E-15,-1.,0.));
#4121=DIRECTION('',(1.,0.,0.));
#4122=DIRECTION('',(0.,1.,0.));
#4123=DIRECTION('center_axis',(0.,0.,-1.));
#4124=DIRECTION('ref_axis',(0.,1.,0.));
#4125=DIRECTION('',(0.,1.,0.));
#4126=DIRECTION('',(-1.,1.36223684003087E-16,0.));
#4127=DIRECTION('',(0.,-1.,0.));
#4128=DIRECTION('',(1.,0.,0.));
#4129=DIRECTION('center_axis',(0.,0.,-1.));
#4130=DIRECTION('ref_axis',(0.,1.,0.));
#4131=DIRECTION('',(1.,0.,0.));
#4132=DIRECTION('',(0.,1.,0.));
#4133=DIRECTION('',(-1.,0.,0.));
#4134=DIRECTION('',(0.,-1.,0.));
#4135=DIRECTION('',(1.,0.,0.));
#4136=DIRECTION('center_axis',(0.,1.,0.));
#4137=DIRECTION('ref_axis',(0.,0.,1.));
#4138=DIRECTION('',(0.,0.,-1.));
#4139=DIRECTION('',(1.,0.,-3.70074341541719E-16));
#4140=DIRECTION('',(0.,0.,1.));
#4141=DIRECTION('',(-1.,0.,4.01285430587406E-16));
#4142=DIRECTION('center_axis',(0.,1.,0.));
#4143=DIRECTION('ref_axis',(0.,0.,1.));
#4144=DIRECTION('',(0.,0.,1.));
#4145=DIRECTION('',(-1.,0.,0.));
#4146=DIRECTION('',(0.,0.,-1.));
#4147=DIRECTION('',(1.,0.,-3.70074341541719E-16));
#4148=DIRECTION('center_axis',(0.,0.,-1.));
#4149=DIRECTION('ref_axis',(0.,1.,0.));
#4150=DIRECTION('',(0.,-1.,0.));
#4151=DIRECTION('',(1.,0.,0.));
#4152=DIRECTION('',(-1.11022302462516E-15,1.,0.));
#4153=DIRECTION('center_axis',(0.,1.,0.));
#4154=DIRECTION('ref_axis',(0.,0.,1.));
#4155=DIRECTION('',(0.,0.,1.));
#4156=DIRECTION('',(-1.,0.,0.));
#4157=DIRECTION('',(0.,0.,-1.));
#4158=DIRECTION('',(1.,0.,0.));
#4159=DIRECTION('center_axis',(-1.,0.,0.));
#4160=DIRECTION('ref_axis',(0.,-1.,0.));
#4161=DIRECTION('',(0.,0.,1.));
#4162=DIRECTION('center_axis',(0.,1.,0.));
#4163=DIRECTION('ref_axis',(-1.,0.,0.));
#4164=DIRECTION('',(0.,0.,-1.));
#4165=DIRECTION('',(0.,0.,1.));
#4166=DIRECTION('',(0.,0.,1.));
#4167=DIRECTION('',(0.,0.,1.));
#4168=DIRECTION('',(0.,0.,1.));
#4169=DIRECTION('center_axis',(1.,1.11022302462516E-15,0.));
#4170=DIRECTION('ref_axis',(-1.11022302462516E-15,1.,0.));
#4171=DIRECTION('center_axis',(1.,0.,0.));
#4172=DIRECTION('ref_axis',(0.,1.,0.));
#4173=DIRECTION('',(0.,0.,1.));
#4174=DIRECTION('center_axis',(1.36223684003087E-16,1.,0.));
#4175=DIRECTION('ref_axis',(-1.,1.36223684003087E-16,0.));
#4176=DIRECTION('',(0.,0.,1.));
#4177=DIRECTION('center_axis',(-1.,0.,0.));
#4178=DIRECTION('ref_axis',(0.,0.,-1.));
#4179=DIRECTION('',(0.,-1.,0.));
#4180=DIRECTION('',(0.,0.,1.));
#4181=DIRECTION('',(0.,-1.,0.));
#4182=DIRECTION('',(0.,0.,1.));
#4183=DIRECTION('',(0.,-1.,0.));
#4184=DIRECTION('',(0.,0.,-1.));
#4185=DIRECTION('',(0.,-1.,0.));
#4186=DIRECTION('center_axis',(3.70074341541719E-16,0.,1.));
#4187=DIRECTION('ref_axis',(-1.,0.,3.70074341541719E-16));
#4188=DIRECTION('',(0.,-1.,0.));
#4189=DIRECTION('',(-1.,0.,3.70074341541719E-16));
#4190=DIRECTION('',(0.,-1.,0.));
#4191=DIRECTION('center_axis',(3.70074341541719E-16,0.,1.));
#4192=DIRECTION('ref_axis',(-1.,0.,3.70074341541719E-16));
#4193=DIRECTION('',(0.,-1.,0.));
#4194=DIRECTION('',(1.,0.,0.));
#4195=DIRECTION('center_axis',(1.,0.,0.));
#4196=DIRECTION('ref_axis',(0.,0.,1.));
#4197=DIRECTION('',(0.,-1.,0.));
#4198=DIRECTION('',(0.,0.,-1.));
#4199=DIRECTION('center_axis',(0.,-1.,0.));
#4200=DIRECTION('ref_axis',(0.,0.,-1.));
#4201=DIRECTION('center_axis',(0.,1.,0.));
#4202=DIRECTION('ref_axis',(0.,0.,-1.));
#4203=DIRECTION('',(0.,-1.,0.));
#4204=DIRECTION('center_axis',(0.,1.,0.));
#4205=DIRECTION('ref_axis',(0.,0.,-1.));
#4206=DIRECTION('',(0.,-1.,0.));
#4207=DIRECTION('center_axis',(0.,-1.,0.));
#4208=DIRECTION('ref_axis',(0.,0.,1.));
#4209=DIRECTION('center_axis',(0.,1.,0.));
#4210=DIRECTION('ref_axis',(0.,0.,1.));
#4211=DIRECTION('',(0.,-1.,0.));
#4212=DIRECTION('center_axis',(0.,1.,0.));
#4213=DIRECTION('ref_axis',(0.,0.,1.));
#4214=DIRECTION('',(0.,-1.,0.));
#4215=DIRECTION('center_axis',(0.,0.,-1.));
#4216=DIRECTION('ref_axis',(1.,0.,0.));
#4217=DIRECTION('',(0.,-1.,0.));
#4218=DIRECTION('',(1.,0.,0.));
#4219=DIRECTION('center_axis',(1.,0.,0.));
#4220=DIRECTION('ref_axis',(0.,0.,1.));
#4221=DIRECTION('',(0.,-1.,0.));
#4222=DIRECTION('',(0.,0.,1.));
#4223=DIRECTION('center_axis',(0.,0.,1.));
#4224=DIRECTION('ref_axis',(-1.,0.,0.));
#4225=DIRECTION('',(0.,-1.,0.));
#4226=DIRECTION('',(1.,0.,0.));
#4227=DIRECTION('center_axis',(-1.,0.,4.67462326157961E-15));
#4228=DIRECTION('ref_axis',(-4.67462326157961E-15,0.,-1.));
#4229=DIRECTION('',(0.,-1.,0.));
#4230=DIRECTION('',(4.67462326157961E-15,0.,1.));
#4231=DIRECTION('center_axis',(-4.01285430587406E-16,0.,-1.));
#4232=DIRECTION('ref_axis',(1.,0.,-4.01285430587406E-16));
#4233=DIRECTION('',(0.,-1.,0.));
#4234=DIRECTION('',(-1.,0.,4.01285430587406E-16));
#4235=DIRECTION('center_axis',(1.,0.,0.));
#4236=DIRECTION('ref_axis',(0.,1.,0.));
#4237=DIRECTION('',(0.,1.,0.));
#4238=DIRECTION('',(0.,0.,1.));
#4239=DIRECTION('',(0.,-1.,0.));
#4240=DIRECTION('',(0.,0.,1.));
#4241=DIRECTION('center_axis',(0.707106781186547,0.707106781186548,0.));
#4242=DIRECTION('ref_axis',(-0.707106781186548,0.707106781186547,0.));
#4243=DIRECTION('center_axis',(-0.707106781186547,-0.707106781186548,0.));
#4244=DIRECTION('ref_axis',(0.707106781186548,-0.707106781186547,0.));
#4245=DIRECTION('',(0.,0.,1.));
#4246=DIRECTION('',(-0.707106781186548,0.707106781186547,0.));
#4247=DIRECTION('',(0.707106781186548,-0.707106781186547,0.));
#4248=DIRECTION('center_axis',(-1.,0.,0.));
#4249=DIRECTION('ref_axis',(0.,-1.,0.));
#4250=DIRECTION('center_axis',(0.,1.,0.));
#4251=DIRECTION('ref_axis',(-1.,0.,0.));
#4252=DIRECTION('',(1.,0.,-3.91843420455937E-16));
#4253=DIRECTION('',(0.,0.,1.));
#4254=DIRECTION('center_axis',(0.,-1.,0.));
#4255=DIRECTION('ref_axis',(1.,0.,0.));
#4256=DIRECTION('',(0.,0.,1.));
#4257=DIRECTION('',(-1.,0.,0.));
#4258=DIRECTION('center_axis',(-1.,0.,0.));
#4259=DIRECTION('ref_axis',(0.,-1.,0.));
#4260=DIRECTION('',(0.,-1.,0.));
#4261=DIRECTION('',(0.,1.,0.));
#4262=DIRECTION('',(0.,0.,1.));
#4263=DIRECTION('center_axis',(-1.,0.,0.));
#4264=DIRECTION('ref_axis',(0.,-1.,0.));
#4265=DIRECTION('',(0.,1.,0.));
#4266=DIRECTION('',(0.,0.,1.));
#4267=DIRECTION('',(0.,-1.,0.));
#4268=DIRECTION('center_axis',(-0.707106781186547,0.707106781186548,0.));
#4269=DIRECTION('ref_axis',(-0.707106781186548,-0.707106781186547,0.));
#4270=DIRECTION('',(0.707106781186548,0.707106781186547,-2.77075139767725E-16));
#4271=DIRECTION('',(0.,0.,1.));
#4272=DIRECTION('',(-0.707106781186548,-0.707106781186547,0.));
#4273=DIRECTION('center_axis',(0.707106781186547,-0.707106781186548,0.));
#4274=DIRECTION('ref_axis',(0.707106781186548,0.707106781186547,0.));
#4275=DIRECTION('center_axis',(0.707106781186547,-0.707106781186548,0.));
#4276=DIRECTION('ref_axis',(0.707106781186548,0.707106781186547,0.));
#4277=DIRECTION('center_axis',(0.,1.,0.));
#4278=DIRECTION('ref_axis',(-1.,0.,0.));
#4279=DIRECTION('center_axis',(0.,-1.,0.));
#4280=DIRECTION('ref_axis',(1.,0.,0.));
#4281=DIRECTION('',(1.,0.,0.));
#4282=DIRECTION('',(-1.,0.,0.));
#4283=DIRECTION('',(0.,0.,1.));
#4284=DIRECTION('center_axis',(0.,-1.,0.));
#4285=DIRECTION('ref_axis',(1.,0.,0.));
#4286=DIRECTION('center_axis',(1.,0.,0.));
#4287=DIRECTION('ref_axis',(0.,1.,0.));
#4288=DIRECTION('',(0.,-1.,0.));
#4289=DIRECTION('',(0.,1.,0.));
#4290=DIRECTION('center_axis',(-1.,0.,0.));
#4291=DIRECTION('ref_axis',(0.,0.,-1.));
#4292=DIRECTION('',(0.,0.,-1.));
#4293=DIRECTION('center_axis',(1.,0.,0.));
#4294=DIRECTION('ref_axis',(0.,0.,1.));
#4295=DIRECTION('',(0.,-1.,0.));
#4296=DIRECTION('',(0.,0.,1.));
#4297=DIRECTION('',(0.,-1.,0.));
#4298=DIRECTION('',(0.,-1.,0.));
#4299=DIRECTION('',(0.,0.,-1.));
#4300=DIRECTION('center_axis',(3.91843420455937E-16,0.,1.));
#4301=DIRECTION('ref_axis',(-1.,0.,3.91843420455937E-16));
#4302=DIRECTION('',(1.,0.,-3.91843420455937E-16));
#4303=DIRECTION('center_axis',(0.,0.,-1.));
#4304=DIRECTION('ref_axis',(1.,0.,0.));
#4305=DIRECTION('',(1.,0.,0.));
#4306=DIRECTION('center_axis',(0.,-1.,0.));
#4307=DIRECTION('ref_axis',(1.,0.,0.));
#4308=DIRECTION('',(0.,1.,0.));
#4309=DIRECTION('center_axis',(0.,-1.,0.));
#4310=DIRECTION('ref_axis',(1.,0.,0.));
#4311=DIRECTION('center_axis',(0.,-1.,0.));
#4312=DIRECTION('ref_axis',(1.,0.,0.));
#4313=DIRECTION('',(0.,1.,0.));
#4314=DIRECTION('center_axis',(0.,-1.,0.));
#4315=DIRECTION('ref_axis',(1.,0.,0.));
#4316=DIRECTION('center_axis',(0.,0.,-1.));
#4317=DIRECTION('ref_axis',(1.,0.,0.));
#4318=DIRECTION('',(1.,0.,0.));
#4319=DIRECTION('center_axis',(0.,0.,-1.));
#4320=DIRECTION('ref_axis',(1.,0.,0.));
#4321=DIRECTION('',(1.,0.,0.));
#4322=DIRECTION('center_axis',(0.,0.,1.));
#4323=DIRECTION('ref_axis',(-1.,0.,0.));
#4324=DIRECTION('',(1.,0.,0.));
#4325=DIRECTION('center_axis',(0.,1.,0.));
#4326=DIRECTION('ref_axis',(1.,0.,0.));
#4327=DIRECTION('axis',(0.,0.,1.));
#4328=DIRECTION('refdir',(1.,0.,0.));
#4329=DIRECTION('center_axis',(0.,1.,0.));
#4330=DIRECTION('ref_axis',(-0.707106781186548,0.,0.707106781186548));
#4331=DIRECTION('center_axis',(0.,-1.,0.));
#4332=DIRECTION('ref_axis',(-0.707106781186548,0.,0.707106781186548));
#4333=DIRECTION('',(0.,-1.,0.));
#4334=DIRECTION('center_axis',(-5.5572986713285E-48,1.,-1.80411241501588E-16));
#4335=DIRECTION('ref_axis',(-0.707106781186548,0.,0.707106781186548));
#4336=DIRECTION('',(0.,1.,0.));
#4337=DIRECTION('center_axis',(2.10768490673974E-16,0.,1.));
#4338=DIRECTION('ref_axis',(1.,-3.87562551694441E-32,-2.10768490673974E-16));
#4339=DIRECTION('',(-1.,3.87562551694441E-32,2.10768490673974E-16));
#4340=DIRECTION('',(0.,-1.,0.));
#4341=DIRECTION('',(1.,-3.87562551694441E-32,-2.10768490673974E-16));
#4342=DIRECTION('center_axis',(-5.5572986713285E-48,1.,-1.80411241501588E-16));
#4343=DIRECTION('ref_axis',(-1.,-5.5572986713285E-48,1.0025991526895E-63));
#4344=DIRECTION('',(0.,1.80411241501588E-16,1.));
#4345=DIRECTION('',(1.,-2.56790659251631E-32,-1.42336285208353E-16));
#4346=DIRECTION('',(1.04738021191052E-16,1.80411241501588E-16,1.));
#4347=DIRECTION('',(-1.,-5.5572986713285E-48,1.0025991526895E-63));
#4348=DIRECTION('',(-4.60847293240631E-15,-1.80411241501588E-16,-1.));
#4349=DIRECTION('',(1.,-1.04630423903814E-32,1.88765046753245E-48));
#4350=DIRECTION('',(5.04336054379036E-16,1.80411241501588E-16,1.));
#4351=DIRECTION('center_axis',(-5.5572986713285E-48,1.,-1.80411241501588E-16));
#4352=DIRECTION('ref_axis',(0.707106781186549,0.,0.707106781186546));
#4353=DIRECTION('center_axis',(0.,1.,0.));
#4354=DIRECTION('ref_axis',(0.707106781186549,0.,0.707106781186546));
#4355=DIRECTION('center_axis',(0.,-1.,0.));
#4356=DIRECTION('ref_axis',(0.707106781186549,0.,0.707106781186546));
#4357=DIRECTION('',(0.,1.,0.));
#4358=DIRECTION('center_axis',(1.,0.,-5.04336054379036E-16));
#4359=DIRECTION('ref_axis',(-5.04336054379036E-16,-1.80411241501588E-16,
-1.));
#4360=DIRECTION('',(0.,1.,0.));
#4361=DIRECTION('',(-5.04336054379036E-16,-1.80411241501588E-16,-1.));
#4362=DIRECTION('center_axis',(-1.,0.,0.));
#4363=DIRECTION('ref_axis',(0.,1.80411241501588E-16,1.));
#4364=DIRECTION('',(0.,1.80411241501588E-16,1.));
#4365=DIRECTION('',(0.,1.,0.));
#4366=DIRECTION('center_axis',(1.42336285208353E-16,0.,1.));
#4367=DIRECTION('ref_axis',(1.,-2.56790659251631E-32,-1.42336285208353E-16));
#4368=DIRECTION('',(1.,-2.56790659251631E-32,-1.42336285208353E-16));
#4369=DIRECTION('',(0.,1.,0.));
#4370=DIRECTION('center_axis',(-1.,0.,1.04738021191052E-16));
#4371=DIRECTION('ref_axis',(1.04738021191052E-16,1.80411241501588E-16,1.));
#4372=DIRECTION('',(1.04738021191052E-16,1.80411241501588E-16,1.));
#4373=DIRECTION('',(0.,1.,0.));
#4374=DIRECTION('center_axis',(-1.0025991526895E-63,0.,-1.));
#4375=DIRECTION('ref_axis',(-1.,-5.5572986713285E-48,1.0025991526895E-63));
#4376=DIRECTION('',(-1.,-5.5572986713285E-48,1.0025991526895E-63));
#4377=DIRECTION('',(0.,1.,0.));
#4378=DIRECTION('center_axis',(1.,0.,-4.60847293240631E-15));
#4379=DIRECTION('ref_axis',(-4.60847293240631E-15,-1.80411241501588E-16,
-1.));
#4380=DIRECTION('',(-4.60847293240631E-15,-1.80411241501588E-16,-1.));
#4381=DIRECTION('',(0.,1.,0.));
#4382=DIRECTION('center_axis',(-1.88765046753245E-48,0.,1.));
#4383=DIRECTION('ref_axis',(1.,-1.04630423903814E-32,1.88765046753245E-48));
#4384=DIRECTION('',(1.,-1.04630423903814E-32,1.88765046753245E-48));
#4385=DIRECTION('center_axis',(0.,1.,0.));
#4386=DIRECTION('ref_axis',(0.,0.,1.));
#4387=DIRECTION('axis',(0.,0.,1.));
#4388=DIRECTION('refdir',(1.,0.,0.));
#4389=DIRECTION('axis',(0.,0.,1.));
#4390=DIRECTION('refdir',(1.,0.,0.));
#4391=DIRECTION('center_axis',(-1.70740499604016E-16,0.,-1.));
#4392=DIRECTION('ref_axis',(-1.,0.,1.70740499604016E-16));
#4393=DIRECTION('',(0.,-1.,0.));
#4394=DIRECTION('',(1.,0.,-1.70740499604016E-16));
#4395=DIRECTION('',(0.,-1.,0.));
#4396=DIRECTION('',(1.,0.,0.));
#4397=DIRECTION('center_axis',(-1.70740499604016E-16,0.,-1.));
#4398=DIRECTION('ref_axis',(-1.,0.,1.70740499604016E-16));
#4399=DIRECTION('',(-1.,0.,0.));
#4400=DIRECTION('',(0.,-1.,0.));
#4401=DIRECTION('',(-0.707106781186545,0.70710678118655,1.20731765093179E-16));
#4402=DIRECTION('',(1.,0.,-1.70740499604016E-16));
#4403=DIRECTION('',(-0.707106781186545,-0.70710678118655,1.20731765093179E-16));
#4404=DIRECTION('',(0.,-1.,0.));
#4405=DIRECTION('center_axis',(0.,-1.,0.));
#4406=DIRECTION('ref_axis',(0.,0.,-1.));
#4407=DIRECTION('',(0.,0.,-1.));
#4408=DIRECTION('',(-1.,0.,1.70740499604016E-16));
#4409=DIRECTION('',(0.,0.,1.));
#4410=DIRECTION('',(-1.,0.,1.70740499604016E-16));
#4411=DIRECTION('',(0.,0.,1.));
#4412=DIRECTION('',(1.,0.,-1.70740499604016E-16));
#4413=DIRECTION('',(0.,0.,-1.));
#4414=DIRECTION('',(-1.,0.,1.70740499604016E-16));
#4415=DIRECTION('',(1.,0.,0.));
#4416=DIRECTION('',(0.,0.,1.));
#4417=DIRECTION('',(-1.,0.,0.));
#4418=DIRECTION('',(0.,0.,-1.));
#4419=DIRECTION('',(1.,0.,0.));
#4420=DIRECTION('',(0.,0.,1.));
#4421=DIRECTION('',(-1.,0.,0.));
#4422=DIRECTION('',(0.,0.,-1.));
#4423=DIRECTION('',(1.,0.,0.));
#4424=DIRECTION('',(0.,0.,1.));
#4425=DIRECTION('',(-1.,0.,0.));
#4426=DIRECTION('',(0.,0.,-1.));
#4427=DIRECTION('center_axis',(-1.70740499604016E-16,0.,-1.));
#4428=DIRECTION('ref_axis',(-1.,0.,1.70740499604016E-16));
#4429=DIRECTION('',(1.,0.,-1.70740499604016E-16));
#4430=DIRECTION('',(0.,-1.,0.));
#4431=DIRECTION('',(-1.,0.,0.));
#4432=DIRECTION('',(3.61400724161835E-16,1.,0.));
#4433=DIRECTION('',(1.,0.,-1.70740499604016E-16));
#4434=DIRECTION('',(0.,-1.,0.));
#4435=DIRECTION('',(-1.,0.,0.));
#4436=DIRECTION('',(3.61400724161835E-16,1.,0.));
#4437=DIRECTION('',(1.,0.,-1.70740499604016E-16));
#4438=DIRECTION('',(0.,-1.,0.));
#4439=DIRECTION('',(-1.,0.,0.));
#4440=DIRECTION('',(3.61400724161835E-16,1.,0.));
#4441=DIRECTION('',(1.,0.,-1.70740499604016E-16));
#4442=DIRECTION('',(0.,-1.,0.));
#4443=DIRECTION('',(0.,-1.,0.));
#4444=DIRECTION('',(1.,0.,0.));
#4445=DIRECTION('',(0.,-1.,0.));
#4446=DIRECTION('',(-1.,0.,0.));
#4447=DIRECTION('',(0.,1.,0.));
#4448=DIRECTION('',(0.,-1.,0.));
#4449=DIRECTION('',(1.,0.,0.));
#4450=DIRECTION('',(-1.,0.,0.));
#4451=DIRECTION('',(0.,-1.,0.));
#4452=DIRECTION('',(0.,1.,0.));
#4453=DIRECTION('',(-1.,0.,0.));
#4454=DIRECTION('',(1.,0.,0.));
#4455=DIRECTION('',(0.,1.,0.));
#4456=DIRECTION('',(1.,0.,0.));
#4457=DIRECTION('',(0.,-1.,0.));
#4458=DIRECTION('',(1.,0.,0.));
#4459=DIRECTION('',(-1.,0.,0.));
#4460=DIRECTION('',(1.,0.,0.));
#4461=DIRECTION('',(0.,1.,0.));
#4462=DIRECTION('',(-1.,0.,0.));
#4463=DIRECTION('',(1.,0.,0.));
#4464=DIRECTION('',(0.,-1.,0.));
#4465=DIRECTION('',(0.,-1.,0.));
#4466=DIRECTION('',(-1.,0.,0.));
#4467=DIRECTION('',(1.,0.,0.));
#4468=DIRECTION('',(0.,1.,0.));
#4469=DIRECTION('',(-1.,0.,0.));
#4470=DIRECTION('center_axis',(0.,-1.,0.));
#4471=DIRECTION('ref_axis',(0.,0.,-1.));
#4472=DIRECTION('',(0.,0.,1.));
#4473=DIRECTION('',(0.,0.,1.));
#4474=DIRECTION('',(-1.,0.,1.70740499604016E-16));
#4475=DIRECTION('center_axis',(0.,-1.,0.));
#4476=DIRECTION('ref_axis',(0.,0.,-1.));
#4477=DIRECTION('',(0.,0.,1.));
#4478=DIRECTION('',(-1.,0.,1.70740499604016E-16));
#4479=DIRECTION('',(0.,0.,1.));
#4480=DIRECTION('center_axis',(0.,-1.,0.));
#4481=DIRECTION('ref_axis',(0.,0.,-1.));
#4482=DIRECTION('',(0.,0.,1.));
#4483=DIRECTION('',(-1.,0.,1.70740499604016E-16));
#4484=DIRECTION('',(0.,0.,1.));
#4485=DIRECTION('center_axis',(1.,0.,0.));
#4486=DIRECTION('ref_axis',(0.,0.,-1.));
#4487=DIRECTION('',(0.,-1.,0.));
#4488=DIRECTION('center_axis',(-1.,0.,0.));
#4489=DIRECTION('ref_axis',(0.,0.,1.));
#4490=DIRECTION('',(0.,0.,-1.));
#4491=DIRECTION('',(0.,-1.,0.));
#4492=DIRECTION('center_axis',(1.70740499604016E-16,0.,1.));
#4493=DIRECTION('ref_axis',(1.,0.,-1.70740499604016E-16));
#4494=DIRECTION('',(0.,-1.,0.));
#4495=DIRECTION('',(0.707106781186545,0.70710678118655,-1.20731765093179E-16));
#4496=DIRECTION('',(-1.,0.,0.));
#4497=DIRECTION('',(0.707106781186545,-0.70710678118655,-1.20731765093179E-16));
#4498=DIRECTION('',(0.,-1.,0.));
#4499=DIRECTION('',(-1.,0.,1.70740499604016E-16));
#4500=DIRECTION('',(3.61400724161835E-16,1.,0.));
#4501=DIRECTION('',(-1.,0.,0.));
#4502=DIRECTION('',(0.,-1.,0.));
#4503=DIRECTION('',(3.61400724161835E-16,1.,0.));
#4504=DIRECTION('',(-1.,0.,0.));
#4505=DIRECTION('',(0.,-1.,0.));
#4506=DIRECTION('',(3.61400724161835E-16,1.,0.));
#4507=DIRECTION('',(-1.,0.,0.));
#4508=DIRECTION('',(0.,-1.,0.));
#4509=DIRECTION('center_axis',(0.,-1.,0.));
#4510=DIRECTION('ref_axis',(0.,0.,-1.));
#4511=DIRECTION('',(0.,0.,1.));
#4512=DIRECTION('center_axis',(-1.,0.,0.));
#4513=DIRECTION('ref_axis',(0.,0.,1.));
#4514=DIRECTION('',(0.,0.,1.));
#4515=DIRECTION('center_axis',(0.,1.,0.));
#4516=DIRECTION('ref_axis',(0.,0.,1.));
#4517=DIRECTION('',(0.,0.,1.));
#4518=DIRECTION('',(-1.,0.,0.));
#4519=DIRECTION('',(0.,0.,1.));
#4520=DIRECTION('',(1.,0.,0.));
#4521=DIRECTION('',(0.,0.,-1.));
#4522=DIRECTION('center_axis',(1.,-3.61400724161835E-16,0.));
#4523=DIRECTION('ref_axis',(3.61400724161835E-16,1.,0.));
#4524=DIRECTION('center_axis',(-1.,0.,0.));
#4525=DIRECTION('ref_axis',(0.,0.,1.));
#4526=DIRECTION('',(0.,0.,1.));
#4527=DIRECTION('center_axis',(0.,1.,0.));
#4528=DIRECTION('ref_axis',(0.,0.,1.));
#4529=DIRECTION('',(0.,0.,1.));
#4530=DIRECTION('',(-1.,0.,0.));
#4531=DIRECTION('',(0.,0.,1.));
#4532=DIRECTION('',(1.,0.,0.));
#4533=DIRECTION('',(0.,0.,-1.));
#4534=DIRECTION('center_axis',(1.,-3.61400724161835E-16,0.));
#4535=DIRECTION('ref_axis',(3.61400724161835E-16,1.,0.));
#4536=DIRECTION('center_axis',(-1.,0.,0.));
#4537=DIRECTION('ref_axis',(0.,0.,1.));
#4538=DIRECTION('',(0.,0.,1.));
#4539=DIRECTION('center_axis',(0.,1.,0.));
#4540=DIRECTION('ref_axis',(0.,0.,1.));
#4541=DIRECTION('',(0.,0.,1.));
#4542=DIRECTION('',(-1.,0.,0.));
#4543=DIRECTION('',(0.,0.,1.));
#4544=DIRECTION('',(1.,0.,0.));
#4545=DIRECTION('',(0.,0.,-1.));
#4546=DIRECTION('center_axis',(1.,-3.61400724161835E-16,0.));
#4547=DIRECTION('ref_axis',(3.61400724161835E-16,1.,0.));
#4548=DIRECTION('center_axis',(-1.,0.,0.));
#4549=DIRECTION('ref_axis',(0.,0.,1.));
#4550=DIRECTION('',(0.,1.,0.));
#4551=DIRECTION('',(0.,1.,0.));
#4552=DIRECTION('center_axis',(0.,0.,-1.));
#4553=DIRECTION('ref_axis',(-1.,0.,0.));
#4554=DIRECTION('',(0.,1.,0.));
#4555=DIRECTION('center_axis',(1.,0.,0.));
#4556=DIRECTION('ref_axis',(0.,0.,-1.));
#4557=DIRECTION('',(0.,1.,0.));
#4558=DIRECTION('center_axis',(0.,0.,1.));
#4559=DIRECTION('ref_axis',(1.,0.,0.));
#4560=DIRECTION('center_axis',(-1.,0.,0.));
#4561=DIRECTION('ref_axis',(0.,0.,1.));
#4562=DIRECTION('',(0.,1.,0.));
#4563=DIRECTION('',(0.,1.,0.));
#4564=DIRECTION('center_axis',(0.,0.,-1.));
#4565=DIRECTION('ref_axis',(-1.,0.,0.));
#4566=DIRECTION('',(0.,1.,0.));
#4567=DIRECTION('center_axis',(1.,0.,0.));
#4568=DIRECTION('ref_axis',(0.,0.,-1.));
#4569=DIRECTION('',(0.,1.,0.));
#4570=DIRECTION('center_axis',(0.,0.,1.));
#4571=DIRECTION('ref_axis',(1.,0.,0.));
#4572=DIRECTION('center_axis',(-1.,0.,0.));
#4573=DIRECTION('ref_axis',(0.,0.,1.));
#4574=DIRECTION('',(0.,1.,0.));
#4575=DIRECTION('',(0.,1.,0.));
#4576=DIRECTION('center_axis',(0.,0.,-1.));
#4577=DIRECTION('ref_axis',(-1.,0.,0.));
#4578=DIRECTION('',(0.,1.,0.));
#4579=DIRECTION('center_axis',(1.,0.,0.));
#4580=DIRECTION('ref_axis',(0.,0.,-1.));
#4581=DIRECTION('',(0.,1.,0.));
#4582=DIRECTION('center_axis',(0.,0.,1.));
#4583=DIRECTION('ref_axis',(1.,0.,0.));
#4584=DIRECTION('center_axis',(0.,-1.,0.));
#4585=DIRECTION('ref_axis',(0.,0.,-1.));
#4586=DIRECTION('',(0.,0.,1.));
#4587=DIRECTION('',(1.,0.,0.));
#4588=DIRECTION('',(0.,0.,1.));
#4589=DIRECTION('center_axis',(-1.,0.,0.));
#4590=DIRECTION('ref_axis',(0.,0.,1.));
#4591=DIRECTION('',(0.,-1.,0.));
#4592=DIRECTION('',(0.,0.,1.));
#4593=DIRECTION('',(0.,0.,1.));
#4594=DIRECTION('',(0.,0.,1.));
#4595=DIRECTION('',(0.,0.,1.));
#4596=DIRECTION('',(0.,0.,1.));
#4597=DIRECTION('center_axis',(-1.,0.,0.));
#4598=DIRECTION('ref_axis',(0.,0.,1.));
#4599=DIRECTION('',(0.,-1.,0.));
#4600=DIRECTION('',(0.,0.,1.));
#4601=DIRECTION('center_axis',(0.,1.,0.));
#4602=DIRECTION('ref_axis',(0.,0.,1.));
#4603=DIRECTION('',(-1.,0.,0.));
#4604=DIRECTION('',(0.,0.,1.));
#4605=DIRECTION('',(0.,0.,1.));
#4606=DIRECTION('',(0.,0.,1.));
#4607=DIRECTION('center_axis',(0.,-1.,0.));
#4608=DIRECTION('ref_axis',(0.,0.,-1.));
#4609=DIRECTION('',(1.,0.,0.));
#4610=DIRECTION('',(0.,0.,1.));
#4611=DIRECTION('center_axis',(1.,0.,0.));
#4612=DIRECTION('ref_axis',(0.,0.,-1.));
#4613=DIRECTION('',(0.,1.,0.));
#4614=DIRECTION('',(0.,0.,1.));
#4615=DIRECTION('center_axis',(0.,1.,0.));
#4616=DIRECTION('ref_axis',(0.,0.,1.));
#4617=DIRECTION('',(-1.,0.,0.));
#4618=DIRECTION('',(0.,0.,1.));
#4619=DIRECTION('',(0.,0.,1.));
#4620=DIRECTION('center_axis',(-1.39340089259609E-13,1.52924798138398E-13,
1.));
#4621=DIRECTION('ref_axis',(0.,-1.,1.52924798138398E-13));
#4622=DIRECTION('',(0.,0.,1.));
#4623=DIRECTION('',(0.,0.,1.));
#4624=DIRECTION('',(0.,0.,1.));
#4625=DIRECTION('',(0.,0.,1.));
#4626=DIRECTION('center_axis',(-1.70740499604016E-16,0.,-1.));
#4627=DIRECTION('ref_axis',(-1.,0.,1.70740499604016E-16));
#4628=DIRECTION('center_axis',(0.,-1.,0.));
#4629=DIRECTION('ref_axis',(0.,0.,-1.));
#4630=DIRECTION('',(0.,0.,1.));
#4631=DIRECTION('',(1.,0.,0.));
#4632=DIRECTION('',(0.,0.,1.));
#4633=DIRECTION('center_axis',(-1.,0.,0.));
#4634=DIRECTION('ref_axis',(0.,0.,1.));
#4635=DIRECTION('',(0.,-1.,0.));
#4636=DIRECTION('',(0.,0.,1.));
#4637=DIRECTION('center_axis',(0.,1.,0.));
#4638=DIRECTION('ref_axis',(0.,0.,1.));
#4639=DIRECTION('',(-1.,0.,0.));
#4640=DIRECTION('',(0.,0.,1.));
#4641=DIRECTION('center_axis',(1.,0.,0.));
#4642=DIRECTION('ref_axis',(0.,0.,-1.));
#4643=DIRECTION('',(0.,1.,0.));
#4644=DIRECTION('center_axis',(0.,0.,-1.));
#4645=DIRECTION('ref_axis',(-1.,0.,0.));
#4646=DIRECTION('center_axis',(0.,-1.,0.));
#4647=DIRECTION('ref_axis',(0.,0.,-1.));
#4648=DIRECTION('',(0.,0.,1.));
#4649=DIRECTION('',(1.,0.,0.));
#4650=DIRECTION('',(0.,0.,1.));
#4651=DIRECTION('center_axis',(-1.,0.,0.));
#4652=DIRECTION('ref_axis',(0.,0.,1.));
#4653=DIRECTION('',(0.,-1.,0.));
#4654=DIRECTION('',(0.,0.,1.));
#4655=DIRECTION('center_axis',(0.,-1.,0.));
#4656=DIRECTION('ref_axis',(0.,0.,-1.));
#4657=DIRECTION('',(1.,0.,0.));
#4658=DIRECTION('',(0.,0.,1.));
#4659=DIRECTION('',(0.,0.,1.));
#4660=DIRECTION('',(0.,0.,1.));
#4661=DIRECTION('center_axis',(0.,1.,0.));
#4662=DIRECTION('ref_axis',(0.,0.,1.));
#4663=DIRECTION('',(-1.,0.,0.));
#4664=DIRECTION('',(0.,0.,1.));
#4665=DIRECTION('',(0.,0.,1.));
#4666=DIRECTION('',(0.,0.,1.));
#4667=DIRECTION('center_axis',(0.,-1.,0.));
#4668=DIRECTION('ref_axis',(0.,0.,-1.));
#4669=DIRECTION('',(1.,0.,0.));
#4670=DIRECTION('',(0.,0.,1.));
#4671=DIRECTION('center_axis',(1.,0.,0.));
#4672=DIRECTION('ref_axis',(0.,0.,-1.));
#4673=DIRECTION('',(0.,1.,0.));
#4674=DIRECTION('',(0.,0.,1.));
#4675=DIRECTION('center_axis',(0.,1.,0.));
#4676=DIRECTION('ref_axis',(0.,0.,1.));
#4677=DIRECTION('',(-1.,0.,0.));
#4678=DIRECTION('',(0.,0.,1.));
#4679=DIRECTION('',(0.,0.,1.));
#4680=DIRECTION('center_axis',(1.18820512280599E-13,1.36236583395283E-12,
1.));
#4681=DIRECTION('ref_axis',(0.,-1.,1.36236583395283E-12));
#4682=DIRECTION('center_axis',(-1.,0.,0.));
#4683=DIRECTION('ref_axis',(0.,0.,1.));
#4684=DIRECTION('',(0.,0.,1.));
#4685=DIRECTION('',(0.,-1.,0.));
#4686=DIRECTION('',(0.,0.,1.));
#4687=DIRECTION('center_axis',(0.,-1.,0.));
#4688=DIRECTION('ref_axis',(0.,0.,-1.));
#4689=DIRECTION('',(1.,0.,0.));
#4690=DIRECTION('',(0.,0.,1.));
#4691=DIRECTION('',(0.,0.,1.));
#4692=DIRECTION('',(0.,0.,1.));
#4693=DIRECTION('center_axis',(0.,1.,0.));
#4694=DIRECTION('ref_axis',(0.,0.,1.));
#4695=DIRECTION('',(-1.,0.,0.));
#4696=DIRECTION('',(0.,0.,1.));
#4697=DIRECTION('center_axis',(-1.,0.,0.));
#4698=DIRECTION('ref_axis',(0.,0.,1.));
#4699=DIRECTION('',(0.,-1.,0.));
#4700=DIRECTION('',(0.,0.,1.));
#4701=DIRECTION('',(0.,0.,1.));
#4702=DIRECTION('',(0.,0.,1.));
#4703=DIRECTION('',(0.,0.,1.));
#4704=DIRECTION('',(0.,0.,1.));
#4705=DIRECTION('',(0.,0.,1.));
#4706=DIRECTION('',(0.,0.,1.));
#4707=DIRECTION('',(0.,0.,1.));
#4708=DIRECTION('center_axis',(1.,0.,0.));
#4709=DIRECTION('ref_axis',(0.,0.,-1.));
#4710=DIRECTION('',(0.,1.,0.));
#4711=DIRECTION('',(0.,0.,1.));
#4712=DIRECTION('center_axis',(0.,1.,0.));
#4713=DIRECTION('ref_axis',(0.,0.,1.));
#4714=DIRECTION('',(-1.,0.,0.));
#4715=DIRECTION('',(0.,0.,1.));
#4716=DIRECTION('',(0.,0.,1.));
#4717=DIRECTION('',(0.,0.,1.));
#4718=DIRECTION('center_axis',(0.,-1.,0.));
#4719=DIRECTION('ref_axis',(0.,0.,-1.));
#4720=DIRECTION('',(1.,0.,0.));
#4721=DIRECTION('',(0.,0.,1.));
#4722=DIRECTION('center_axis',(1.,0.,0.));
#4723=DIRECTION('ref_axis',(0.,0.,-1.));
#4724=DIRECTION('',(0.,1.,0.));
#4725=DIRECTION('',(0.,0.,1.));
#4726=DIRECTION('',(0.,0.,1.));
#4727=DIRECTION('center_axis',(0.,0.,1.));
#4728=DIRECTION('ref_axis',(1.,0.,0.));
#4729=DIRECTION('center_axis',(1.,0.,0.));
#4730=DIRECTION('ref_axis',(0.,0.,-1.));
#4731=DIRECTION('',(0.,0.707106781186546,0.707106781186549));
#4732=DIRECTION('',(2.16840434497101E-16,-1.,0.));
#4733=DIRECTION('',(0.,0.707106781186546,-0.707106781186549));
#4734=DIRECTION('',(0.,0.,-1.));
#4735=DIRECTION('center_axis',(1.,0.,0.));
#4736=DIRECTION('ref_axis',(0.,0.,-1.));
#4737=DIRECTION('center_axis',(-1.,0.,0.));
#4738=DIRECTION('ref_axis',(0.,0.,1.));
#4739=DIRECTION('',(0.,1.,0.));
#4740=DIRECTION('',(0.,-0.707106781186546,-0.707106781186549));
#4741=DIRECTION('center_axis',(-1.,0.,0.));
#4742=DIRECTION('ref_axis',(0.,0.,1.));
#4743=DIRECTION('',(0.,0.,1.));
#4744=DIRECTION('',(0.,-0.707106781186546,0.707106781186549));
#4745=DIRECTION('center_axis',(0.,1.,0.));
#4746=DIRECTION('ref_axis',(0.,0.,1.));
#4747=DIRECTION('',(0.,0.,1.));
#4748=DIRECTION('',(0.,0.,-1.));
#4749=DIRECTION('center_axis',(0.70710678118655,0.707106781186545,0.));
#4750=DIRECTION('ref_axis',(0.,0.,1.));
#4751=DIRECTION('center_axis',(-0.70710678118655,0.707106781186545,0.));
#4752=DIRECTION('ref_axis',(0.,0.,-1.));
#4753=DIRECTION('center_axis',(0.,0.,1.));
#4754=DIRECTION('ref_axis',(1.,0.,0.));
#4755=DIRECTION('',(1.,0.,0.));
#4756=DIRECTION('',(-1.,0.,0.));
#4757=DIRECTION('center_axis',(0.,0.707106781186549,0.707106781186546));
#4758=DIRECTION('ref_axis',(1.,0.,0.));
#4759=DIRECTION('center_axis',(0.,-0.707106781186549,0.707106781186546));
#4760=DIRECTION('ref_axis',(-1.,0.,0.));
#4761=DIRECTION('center_axis',(-1.,0.,1.70740499604016E-16));
#4762=DIRECTION('ref_axis',(1.70740499604016E-16,0.,1.));
#4763=DIRECTION('axis',(0.,0.,1.));
#4764=DIRECTION('refdir',(1.,0.,0.));
#4765=DIRECTION('center_axis',(1.,0.,-9.03501810404587E-17));
#4766=DIRECTION('ref_axis',(-9.03501810404587E-17,0.,-1.));
#4767=DIRECTION('',(0.,-1.,0.));
#4768=DIRECTION('',(9.03501810404587E-17,0.,1.));
#4769=DIRECTION('',(0.,-1.,0.));
#4770=DIRECTION('',(-9.03501810404587E-17,0.,-1.));
#4771=DIRECTION('center_axis',(0.,0.,-1.));
#4772=DIRECTION('ref_axis',(-1.,0.,0.));
#4773=DIRECTION('',(1.,0.,0.));
#4774=DIRECTION('',(0.,-1.,0.));
#4775=DIRECTION('',(-1.,0.,0.));
#4776=DIRECTION('center_axis',(-1.,0.,9.03501810404587E-17));
#4777=DIRECTION('ref_axis',(9.03501810404587E-17,0.,1.));
#4778=DIRECTION('',(-9.03501810404587E-17,0.,-1.));
#4779=DIRECTION('',(0.,-1.,0.));
#4780=DIRECTION('',(9.03501810404587E-17,0.,1.));
#4781=DIRECTION('center_axis',(0.,0.,1.));
#4782=DIRECTION('ref_axis',(1.,0.,0.));
#4783=DIRECTION('',(-1.,0.,0.));
#4784=DIRECTION('',(1.,0.,0.));
#4785=DIRECTION('center_axis',(0.,-1.,0.));
#4786=DIRECTION('ref_axis',(0.,0.,-1.));
#4787=DIRECTION('',(-9.03501810404587E-17,0.,-1.));
#4788=DIRECTION('',(-1.,0.,0.));
#4789=DIRECTION('',(9.03501810404587E-17,0.,1.));
#4790=DIRECTION('',(1.,0.,0.));
#4791=DIRECTION('center_axis',(0.,-1.,0.));
#4792=DIRECTION('ref_axis',(0.,0.,-1.));
#4793=DIRECTION('',(9.03501810404587E-17,0.,1.));
#4794=DIRECTION('',(-1.,0.,0.));
#4795=DIRECTION('',(-9.03501810404587E-17,0.,-1.));
#4796=DIRECTION('',(1.,0.,0.));
#4797=DIRECTION('center_axis',(-0.866025403784439,-0.499999999999999,7.82455520175605E-17));
#4798=DIRECTION('ref_axis',(-9.03501810404587E-17,0.,-1.));
#4799=DIRECTION('',(-0.447213595499957,0.774596669241484,0.447213595499957));
#4800=DIRECTION('',(0.447213595499957,-0.774596669241484,0.447213595499957));
#4801=DIRECTION('center_axis',(0.866025403784439,-0.499999999999999,-7.82455520175605E-17));
#4802=DIRECTION('ref_axis',(9.03501810404587E-17,0.,1.));
#4803=DIRECTION('',(-0.447213595499957,-0.774596669241484,-0.447213595499957));
#4804=DIRECTION('',(0.447213595499957,0.774596669241484,-0.447213595499957));
#4805=DIRECTION('center_axis',(0.,-0.499999999999999,-0.866025403784439));
#4806=DIRECTION('ref_axis',(1.,0.,0.));
#4807=DIRECTION('center_axis',(0.,-0.499999999999999,0.866025403784439));
#4808=DIRECTION('ref_axis',(-1.,0.,0.));
#4809=DIRECTION('center_axis',(0.,-0.766044443118979,-0.642787609686538));
#4810=DIRECTION('ref_axis',(1.,0.,0.));
#4811=DIRECTION('',(0.608120402411343,0.510273605374736,-0.608120402411343));
#4812=DIRECTION('',(0.608120402411343,-0.510273605374736,0.608120402411343));
#4813=DIRECTION('center_axis',(-0.642787609686538,-0.766044443118979,5.80759769057425E-17));
#4814=DIRECTION('ref_axis',(-9.03501810404588E-17,0.,-1.));
#4815=DIRECTION('',(0.608120402411343,-0.510273605374736,-0.608120402411343));
#4816=DIRECTION('center_axis',(0.642787609686538,-0.766044443118979,-5.80759769057425E-17));
#4817=DIRECTION('ref_axis',(9.03501810404588E-17,0.,1.));
#4818=DIRECTION('',(0.608120402411343,0.510273605374736,0.608120402411343));
#4819=DIRECTION('center_axis',(0.,-0.766044443118979,0.642787609686538));
#4820=DIRECTION('ref_axis',(-1.,0.,0.));
#4821=DIRECTION('',(0.,0.,1.));
#4822=DIRECTION('',(1.,0.,0.));
#4823=DIRECTION('',(0.,0.,1.));
#4824=DIRECTION('',(1.,0.,0.));
#4825=DIRECTION('',(0.,0.,1.));
#4826=DIRECTION('',(1.,0.,0.));
#4827=DIRECTION('',(0.,0.,1.));
#4828=DIRECTION('',(1.,0.,0.));
#4829=DIRECTION('axis',(0.,0.,1.));
#4830=DIRECTION('refdir',(1.,0.,0.));
#4831=DIRECTION('center_axis',(-6.74469391441719E-15,1.,0.));
#4832=DIRECTION('ref_axis',(1.,6.74469391441719E-15,0.));
#4833=DIRECTION('center_axis',(-6.74469391441719E-15,1.,0.));
#4834=DIRECTION('ref_axis',(0.,0.,1.));
#4835=DIRECTION('center_axis',(0.,1.,0.));
#4836=DIRECTION('ref_axis',(1.,0.,0.));
#4837=DIRECTION('center_axis',(0.,1.,0.));
#4838=DIRECTION('ref_axis',(0.,0.,1.));
#4839=DIRECTION('',(0.,0.,1.));
#4840=DIRECTION('',(1.,0.,0.));
#4841=DIRECTION('',(0.,0.,1.));
#4842=DIRECTION('',(1.,0.,0.));
#4843=DIRECTION('',(0.,-1.,1.80411241501588E-16));
#4844=DIRECTION('',(1.,0.,0.));
#4845=DIRECTION('',(0.,0.,1.));
#4846=DIRECTION('',(1.,0.,0.));
#4847=CARTESIAN_POINT('',(0.,0.,0.));
#4848=CARTESIAN_POINT('',(0.,0.,0.));
#4849=CARTESIAN_POINT('Origin',(9.,-13.3,0.));
#4850=CARTESIAN_POINT('',(9.,-13.5,-3.2));
#4851=CARTESIAN_POINT('Origin',(9.,-13.5,0.));
#4852=CARTESIAN_POINT('',(9.,-13.3,-3.));
#4853=CARTESIAN_POINT('Origin',(9.,-13.3,-3.2));
#4854=CARTESIAN_POINT('',(9.,-13.3,3.));
#4855=CARTESIAN_POINT('Origin',(9.,-13.3,0.));
#4856=CARTESIAN_POINT('Origin',(9.,-13.3,0.));
#4857=CARTESIAN_POINT('Origin',(9.,-11.5,0.));
#4858=CARTESIAN_POINT('',(9.,-9.5,3.));
#4859=CARTESIAN_POINT('',(9.,-11.5,3.));
#4860=CARTESIAN_POINT('Origin',(9.,-9.5,0.));
#4861=CARTESIAN_POINT('Origin',(12.75,-13.5,0.));
#4862=CARTESIAN_POINT('',(5.25,-13.5,-4.8));
#4863=CARTESIAN_POINT('',(12.75,-13.5,-4.8));
#4864=CARTESIAN_POINT('',(6.375,-13.5,-4.8));
#4865=CARTESIAN_POINT('',(12.75,-13.5,4.8));
#4866=CARTESIAN_POINT('',(12.75,-13.5,0.));
#4867=CARTESIAN_POINT('',(5.25,-13.5,4.8));
#4868=CARTESIAN_POINT('',(6.375,-13.5,4.8));
#4869=CARTESIAN_POINT('',(5.25,-13.5,0.));
#4870=CARTESIAN_POINT('Origin',(29.25,-12.,0.));
#4871=CARTESIAN_POINT('',(30.7171400751121,-12.5,-2.9));
#4872=CARTESIAN_POINT('',(29.25,-12.3570714214271,-2.9));
#4873=CARTESIAN_POINT('Ctrl Pts',(30.7171400751121,-12.5,-2.9));
#4874=CARTESIAN_POINT('Ctrl Pts',(30.5641139120999,-12.5,-2.9));
#4875=CARTESIAN_POINT('Ctrl Pts',(30.3812973361886,-12.4827202711986,-2.9));
#4876=CARTESIAN_POINT('Ctrl Pts',(29.9233973134812,-12.4228799097851,-2.9));
#4877=CARTESIAN_POINT('Ctrl Pts',(29.558767405208,-12.3570714214271,-2.9));
#4878=CARTESIAN_POINT('Ctrl Pts',(29.25,-12.3570714214271,-2.9));
#4879=CARTESIAN_POINT('',(30.7171400751121,-12.5,2.9));
#4880=CARTESIAN_POINT('Origin',(29.25,-12.5,0.));
#4881=CARTESIAN_POINT('',(27.7828599248879,-12.5,2.9));
#4882=CARTESIAN_POINT('Ctrl Pts',(27.7828599248879,-12.5,2.9));
#4883=CARTESIAN_POINT('Ctrl Pts',(27.9358860879001,-12.5,2.9));
#4884=CARTESIAN_POINT('Ctrl Pts',(28.1187026638114,-12.4827202711986,2.9));
#4885=CARTESIAN_POINT('Ctrl Pts',(28.5766026865188,-12.4228799097851,2.9));
#4886=CARTESIAN_POINT('Ctrl Pts',(28.9412325947919,-12.3570714214271,2.9));
#4887=CARTESIAN_POINT('Ctrl Pts',(29.25,-12.3570714214271,2.9));
#4888=CARTESIAN_POINT('Ctrl Pts',(29.558767405208,-12.3570714214271,2.9));
#4889=CARTESIAN_POINT('Ctrl Pts',(29.9233973134812,-12.4228799097851,2.9));
#4890=CARTESIAN_POINT('Ctrl Pts',(30.3812973361886,-12.4827202711986,2.9));
#4891=CARTESIAN_POINT('Ctrl Pts',(30.5641139120999,-12.5,2.9));
#4892=CARTESIAN_POINT('Ctrl Pts',(30.7171400751121,-12.5,2.9));
#4893=CARTESIAN_POINT('',(27.7828599248879,-12.5,-2.9));
#4894=CARTESIAN_POINT('Origin',(29.25,-12.5,0.));
#4895=CARTESIAN_POINT('Ctrl Pts',(29.25,-12.3570714214271,-2.9));
#4896=CARTESIAN_POINT('Ctrl Pts',(28.9412325947919,-12.3570714214271,-2.9));
#4897=CARTESIAN_POINT('Ctrl Pts',(28.5766026865188,-12.4228799097851,-2.9));
#4898=CARTESIAN_POINT('Ctrl Pts',(28.1187026638114,-12.4827202711986,-2.9));
#4899=CARTESIAN_POINT('Ctrl Pts',(27.9358860879001,-12.5,-2.9));
#4900=CARTESIAN_POINT('Ctrl Pts',(27.7828599248879,-12.5,-2.9));
#4901=CARTESIAN_POINT('',(29.25,-12.,-2.75));
#4902=CARTESIAN_POINT('Origin',(29.25,-12.,-3.25));
#4903=CARTESIAN_POINT('',(29.25,-12.,2.75));
#4904=CARTESIAN_POINT('Origin',(29.25,-12.,0.));
#4905=CARTESIAN_POINT('Origin',(29.25,-12.,0.));
#4906=CARTESIAN_POINT('Origin',(25.1,-12.5,-1.66533453693773E-15));
#4907=CARTESIAN_POINT('',(17.65,-12.5,2.9));
#4908=CARTESIAN_POINT('',(32.55,-12.5,2.9));
#4909=CARTESIAN_POINT('',(17.65,-12.5,-2.9));
#4910=CARTESIAN_POINT('',(17.65,-12.5,2.9));
#4911=CARTESIAN_POINT('',(17.65,-12.5,-2.9));
#4912=CARTESIAN_POINT('Origin',(29.25,-11.,0.));
#4913=CARTESIAN_POINT('',(29.25,-9.5,2.75));
#4914=CARTESIAN_POINT('',(29.25,-11.,2.75));
#4915=CARTESIAN_POINT('Origin',(29.25,-9.5,0.));
#4916=CARTESIAN_POINT('Origin',(15.2074417344173,-4.770025,6.0822303523036));
#4917=CARTESIAN_POINT('',(15.2074417344173,-9.5,5.8));
#4918=CARTESIAN_POINT('',(15.2074417344173,-9.5,4.6822303523036));
#4919=CARTESIAN_POINT('',(15.2074417344173,-9.5,0.141115176151805));
#4920=CARTESIAN_POINT('',(15.2074417344173,-10.770025,5.8));
#4921=CARTESIAN_POINT('',(15.2074417344173,-8.6350125,5.8));
#4922=CARTESIAN_POINT('',(15.2074417344173,-10.770025,4.6822303523036));
#4923=CARTESIAN_POINT('',(15.2074417344173,-10.770025,7.0672303523036));
#4924=CARTESIAN_POINT('',(15.2074417344173,-6.220025,4.6822303523036));
#4925=CARTESIAN_POINT('Origin',(33.55,-9.5,-5.8));
#4926=CARTESIAN_POINT('',(23.2774417344173,-9.5,4.6822303523036));
#4927=CARTESIAN_POINT('',(26.4087208672087,-9.5,4.6822303523036));
#4928=CARTESIAN_POINT('',(23.2774417344173,-9.5,5.8));
#4929=CARTESIAN_POINT('',(23.2774417344173,-9.5,1.1261151761518));
#4930=CARTESIAN_POINT('',(25.25,-9.5,5.8));
#4931=CARTESIAN_POINT('',(16.775,-9.5,5.8));
#4932=CARTESIAN_POINT('',(33.55,-9.5,5.8));
#4933=CARTESIAN_POINT('',(29.4,-9.5,5.80000000000001));
#4934=CARTESIAN_POINT('',(33.55,-9.5,-5.8));
#4935=CARTESIAN_POINT('',(33.55,-9.5,1.11022302462516E-15));
#4936=CARTESIAN_POINT('',(4.95,-9.5,-5.8));
#4937=CARTESIAN_POINT('',(33.55,-9.5,-5.8));
#4938=CARTESIAN_POINT('',(4.95,-9.5,5.8));
#4939=CARTESIAN_POINT('',(4.95,-9.5,-5.8));
#4940=CARTESIAN_POINT('',(13.25,-9.5,5.8));
#4941=CARTESIAN_POINT('',(19.25,-9.5,5.8));
#4942=CARTESIAN_POINT('',(16.775,-9.5,5.8));
#4943=CARTESIAN_POINT('Origin',(23.2774417344173,-4.770025,8.0522303523036));
#4944=CARTESIAN_POINT('',(23.2774417344173,-10.770025,4.6822303523036));
#4945=CARTESIAN_POINT('',(23.2774417344173,-6.220025,4.6822303523036));
#4946=CARTESIAN_POINT('',(23.2774417344173,-10.770025,5.8));
#4947=CARTESIAN_POINT('',(23.2774417344173,-10.770025,8.0522303523036));
#4948=CARTESIAN_POINT('',(23.2774417344173,-8.6350125,5.8));
#4949=CARTESIAN_POINT('Origin',(23.0774417344173,-10.770025,8.0522303523036));
#4950=CARTESIAN_POINT('',(11.5387208672087,-10.770025,5.8));
#4951=CARTESIAN_POINT('',(21.1724417344174,-10.770025,4.6822303523036));
#4952=CARTESIAN_POINT('Origin',(19.2674417344173,-7.670025,4.6822303523036));
#4953=CARTESIAN_POINT('Origin',(32.55,-13.5,-2.9));
#4954=CARTESIAN_POINT('',(32.55,-13.5,-2.9));
#4955=CARTESIAN_POINT('',(17.65,-13.5,-2.9));
#4956=CARTESIAN_POINT('',(32.9,-13.5,-2.9));
#4957=CARTESIAN_POINT('',(32.55,-12.5,-2.9));
#4958=CARTESIAN_POINT('',(32.55,-13.5,-2.9));
#4959=CARTESIAN_POINT('',(17.65,-12.5,-2.9));
#4960=CARTESIAN_POINT('',(17.65,-13.5,-2.9));
#4961=CARTESIAN_POINT('Origin',(32.55,-13.5,2.9));
#4962=CARTESIAN_POINT('',(32.55,-13.5,2.9));
#4963=CARTESIAN_POINT('',(32.55,-13.5,1.45));
#4964=CARTESIAN_POINT('',(32.55,-12.5,2.9));
#4965=CARTESIAN_POINT('',(32.55,-13.5,2.9));
#4966=CARTESIAN_POINT('',(32.55,-12.5,-2.9));
#4967=CARTESIAN_POINT('Origin',(17.65,-13.5,2.9));
#4968=CARTESIAN_POINT('',(17.65,-13.5,2.9));
#4969=CARTESIAN_POINT('',(25.45,-13.5,2.9));
#4970=CARTESIAN_POINT('',(17.65,-13.5,2.9));
#4971=CARTESIAN_POINT('',(32.55,-12.5,2.9));
#4972=CARTESIAN_POINT('Origin',(17.65,-13.5,-2.9));
#4973=CARTESIAN_POINT('',(17.65,-13.5,-1.45));
#4974=CARTESIAN_POINT('Origin',(25.1,-12.5,-1.66533453693773E-15));
#4975=CARTESIAN_POINT('Origin',(0.,-9.5,-5.8));
#4976=CARTESIAN_POINT('',(4.25,-9.5,-5.8));
#4977=CARTESIAN_POINT('',(4.25,-12.5,-5.8));
#4978=CARTESIAN_POINT('',(4.25,-4.75,-5.8));
#4979=CARTESIAN_POINT('',(0.,-9.5,-5.8));
#4980=CARTESIAN_POINT('',(34.25,-9.5,-5.8));
#4981=CARTESIAN_POINT('',(0.,-9.5,-5.8));
#4982=CARTESIAN_POINT('',(34.25,-12.5,-5.8));
#4983=CARTESIAN_POINT('',(34.25,-4.75,-5.8));
#4984=CARTESIAN_POINT('',(17.125,-12.5,-5.8));
#4985=CARTESIAN_POINT('Origin',(0.,-12.5,-4.8));
#4986=CARTESIAN_POINT('',(16.95,-12.5,-4.8));
#4987=CARTESIAN_POINT('',(16.95,-13.5,-4.8));
#4988=CARTESIAN_POINT('',(16.95,-13.,-4.8));
#4989=CARTESIAN_POINT('',(33.25,-12.5,-4.8));
#4990=CARTESIAN_POINT('',(0.,-12.5,-4.8));
#4991=CARTESIAN_POINT('',(33.25,-13.5,-4.8));
#4992=CARTESIAN_POINT('',(33.25,-12.5,-4.8));
#4993=CARTESIAN_POINT('',(16.625,-13.5,-4.8));
#4994=CARTESIAN_POINT('Origin',(0.,-12.5,-4.8));
#4995=CARTESIAN_POINT('',(5.25,-12.5,-4.8));
#4996=CARTESIAN_POINT('',(5.25,-13.,-4.8));
#4997=CARTESIAN_POINT('',(12.75,-12.5,-4.8));
#4998=CARTESIAN_POINT('',(0.,-12.5,-4.8));
#4999=CARTESIAN_POINT('',(12.75,-12.5,-4.8));
#5000=CARTESIAN_POINT('Origin',(0.,-13.5,4.8));
#5001=CARTESIAN_POINT('',(16.95,-13.5,4.8));
#5002=CARTESIAN_POINT('',(16.95,-12.5,4.8));
#5003=CARTESIAN_POINT('',(16.95,-13.5,4.8));
#5004=CARTESIAN_POINT('',(33.25,-13.5,4.8));
#5005=CARTESIAN_POINT('',(16.625,-13.5,4.8));
#5006=CARTESIAN_POINT('',(33.25,-12.5,4.8));
#5007=CARTESIAN_POINT('',(33.25,-13.,4.8));
#5008=CARTESIAN_POINT('',(0.,-12.5,4.8));
#5009=CARTESIAN_POINT('Origin',(0.,-12.5,5.8));
#5010=CARTESIAN_POINT('',(4.25,-9.5,5.8));
#5011=CARTESIAN_POINT('',(0.,-9.5,5.8));
#5012=CARTESIAN_POINT('',(4.25,-12.5,5.8));
#5013=CARTESIAN_POINT('',(4.25,-6.25,5.8));
#5014=CARTESIAN_POINT('',(34.25,-12.5,5.8));
#5015=CARTESIAN_POINT('',(8.475,-12.5,5.8));
#5016=CARTESIAN_POINT('',(34.25,-9.5,5.8));
#5017=CARTESIAN_POINT('',(34.25,-6.25,5.8));
#5018=CARTESIAN_POINT('',(0.,-9.5,5.8));
#5019=CARTESIAN_POINT('Origin',(0.,-9.5,5.8));
#5020=CARTESIAN_POINT('',(34.25,-9.5,6.5));
#5021=CARTESIAN_POINT('',(34.25,-9.5,4.85));
#5022=CARTESIAN_POINT('',(25.25,-9.5,6.5));
#5023=CARTESIAN_POINT('',(17.125,-9.5,6.50000000000001));
#5024=CARTESIAN_POINT('',(25.25,-9.5,6.15));
#5025=CARTESIAN_POINT('',(29.4,-9.5,5.80000000000001));
#5026=CARTESIAN_POINT('Origin',(0.,-9.5,5.8));
#5027=CARTESIAN_POINT('',(4.25,-9.5,6.5));
#5028=CARTESIAN_POINT('',(4.25,-9.5,6.15));
#5029=CARTESIAN_POINT('',(19.25,-9.5,5.8));
#5030=CARTESIAN_POINT('',(13.25,-9.5,6.5));
#5031=CARTESIAN_POINT('',(13.25,-9.5,5.8));
#5032=CARTESIAN_POINT('',(17.125,-9.5,6.50000000000001));
#5033=CARTESIAN_POINT('Origin',(0.,-13.5,4.8));
#5034=CARTESIAN_POINT('',(12.75,-12.5,4.8));
#5035=CARTESIAN_POINT('',(12.75,-13.,4.8));
#5036=CARTESIAN_POINT('',(5.25,-12.5,4.8));
#5037=CARTESIAN_POINT('',(0.,-12.5,4.8));
#5038=CARTESIAN_POINT('',(5.25,-13.5,4.8));
#5039=CARTESIAN_POINT('Origin',(0.,-9.5,-6.5));
#5040=CARTESIAN_POINT('',(4.25,-9.5,-6.5));
#5041=CARTESIAN_POINT('',(4.25,-9.5,-5.55111512312578E-16));
#5042=CARTESIAN_POINT('',(34.25,-9.5,-6.5));
#5043=CARTESIAN_POINT('',(2.125,-9.5,-6.5));
#5044=CARTESIAN_POINT('',(34.25,-9.5,-1.3));
#5045=CARTESIAN_POINT('',(33.55,-9.5,-5.8));
#5046=CARTESIAN_POINT('Origin',(12.75,-12.5,0.));
#5047=CARTESIAN_POINT('',(12.75,-12.5,0.));
#5048=CARTESIAN_POINT('Origin',(16.95,-12.5,0.));
#5049=CARTESIAN_POINT('',(34.25,-12.5,1.95));
#5050=CARTESIAN_POINT('',(4.25,-12.5,3.25));
#5051=CARTESIAN_POINT('',(5.25,-12.5,0.));
#5052=CARTESIAN_POINT('',(16.95,-12.5,5.8));
#5053=CARTESIAN_POINT('',(33.25,-12.5,0.));
#5054=CARTESIAN_POINT('Origin',(5.25,-13.5,0.));
#5055=CARTESIAN_POINT('Origin',(16.95,-13.5,0.));
#5056=CARTESIAN_POINT('',(16.95,-13.5,5.8));
#5057=CARTESIAN_POINT('Origin',(33.25,-13.5,0.));
#5058=CARTESIAN_POINT('',(33.25,-13.5,0.));
#5059=CARTESIAN_POINT('Origin',(4.25,0.,6.5));
#5060=CARTESIAN_POINT('',(4.25,0.,6.5));
#5061=CARTESIAN_POINT('',(4.25,0.,6.5));
#5062=CARTESIAN_POINT('',(4.25,0.,3.9));
#5063=CARTESIAN_POINT('',(4.25,0.,3.9));
#5064=CARTESIAN_POINT('',(4.25,-7.08333333333333,3.9));
#5065=CARTESIAN_POINT('',(4.25,0.,3.9));
#5066=CARTESIAN_POINT('',(4.25,-7.08333333333334,-3.9));
#5067=CARTESIAN_POINT('',(4.25,-7.08333333333333,0.));
#5068=CARTESIAN_POINT('',(4.25,0.,-3.9));
#5069=CARTESIAN_POINT('',(4.25,0.,-3.9));
#5070=CARTESIAN_POINT('',(4.25,0.,-6.5));
#5071=CARTESIAN_POINT('',(4.25,0.,-3.9));
#5072=CARTESIAN_POINT('',(4.25,0.,-6.5));
#5073=CARTESIAN_POINT('Origin',(34.25,0.,6.5));
#5074=CARTESIAN_POINT('',(34.25,0.,6.5));
#5075=CARTESIAN_POINT('',(34.25,0.,6.5));
#5076=CARTESIAN_POINT('',(25.25,0.,6.5));
#5077=CARTESIAN_POINT('',(34.25,0.,6.5));
#5078=CARTESIAN_POINT('',(25.25,0.,6.5));
#5079=CARTESIAN_POINT('Origin',(34.25,0.,6.5));
#5080=CARTESIAN_POINT('',(13.25,0.,6.5));
#5081=CARTESIAN_POINT('',(13.25,0.,6.5));
#5082=CARTESIAN_POINT('',(4.25,0.,6.5));
#5083=CARTESIAN_POINT('Origin',(13.25,0.,5.8));
#5084=CARTESIAN_POINT('',(13.25,0.,5.8));
#5085=CARTESIAN_POINT('',(13.25,0.,5.8));
#5086=CARTESIAN_POINT('',(13.25,0.,6.5));
#5087=CARTESIAN_POINT('Origin',(0.,0.,0.));
#5088=CARTESIAN_POINT('',(0.,-1.5,-3.9));
#5089=CARTESIAN_POINT('',(-4.77612251667468E-16,-1.5,3.9));
#5090=CARTESIAN_POINT('Origin',(0.,-1.5,0.));
#5091=CARTESIAN_POINT('',(-4.77612251667468E-16,0.,3.9));
#5092=CARTESIAN_POINT('',(-4.77612251667468E-16,0.,3.9));
#5093=CARTESIAN_POINT('',(0.,0.,-3.9));
#5094=CARTESIAN_POINT('Origin',(0.,0.,0.));
#5095=CARTESIAN_POINT('',(0.,0.,-3.9));
#5096=CARTESIAN_POINT('Origin',(38.5,0.,-3.05311331771918E-15));
#5097=CARTESIAN_POINT('',(38.5,-1.5,3.9));
#5098=CARTESIAN_POINT('',(38.5,-1.5,-3.9));
#5099=CARTESIAN_POINT('Origin',(38.5,-1.5,-3.05311331771918E-15));
#5100=CARTESIAN_POINT('',(38.5,0.,-3.9));
#5101=CARTESIAN_POINT('',(38.5,0.,-3.9));
#5102=CARTESIAN_POINT('',(38.5,0.,3.9));
#5103=CARTESIAN_POINT('Origin',(38.5,0.,-3.05311331771918E-15));
#5104=CARTESIAN_POINT('',(38.5,0.,3.9));
#5105=CARTESIAN_POINT('Origin',(4.95,0.,5.8));
#5106=CARTESIAN_POINT('',(4.95,0.,5.8));
#5107=CARTESIAN_POINT('',(4.95,0.,5.8));
#5108=CARTESIAN_POINT('',(4.95,0.,5.8));
#5109=CARTESIAN_POINT('Origin',(4.95,0.,-5.8));
#5110=CARTESIAN_POINT('',(4.95,0.,-5.8));
#5111=CARTESIAN_POINT('',(4.95,0.,-5.8));
#5112=CARTESIAN_POINT('',(4.95,0.,3.9));
#5113=CARTESIAN_POINT('Origin',(33.55,0.,-5.8));
#5114=CARTESIAN_POINT('',(33.55,0.,-5.8));
#5115=CARTESIAN_POINT('',(33.55,0.,-5.8));
#5116=CARTESIAN_POINT('',(4.95,0.,-5.8));
#5117=CARTESIAN_POINT('Origin',(33.55,0.,5.8));
#5118=CARTESIAN_POINT('',(33.55,0.,5.8));
#5119=CARTESIAN_POINT('',(33.55,0.,5.8));
#5120=CARTESIAN_POINT('',(33.55,0.,-5.8));
#5121=CARTESIAN_POINT('Origin',(25.25,0.,5.80000000000001));
#5122=CARTESIAN_POINT('',(25.25,0.,5.80000000000001));
#5123=CARTESIAN_POINT('',(25.25,0.,5.80000000000001));
#5124=CARTESIAN_POINT('',(33.55,0.,5.8));
#5125=CARTESIAN_POINT('Origin',(0.166666666666662,-3.,0.));
#5126=CARTESIAN_POINT('',(0.166666666666662,-3.,1.49071198499986));
#5127=CARTESIAN_POINT('',(0.166666666666662,-1.5,1.49071198499986));
#5128=CARTESIAN_POINT('',(0.166666666666662,0.,1.49071198499986));
#5129=CARTESIAN_POINT('',(0.166666666666662,-3.,3.9));
#5130=CARTESIAN_POINT('',(0.166666666666662,-3.,0.));
#5131=CARTESIAN_POINT('',(0.166666666666662,-1.5,3.9));
#5132=CARTESIAN_POINT('',(0.166666666666662,-1.5,3.9));
#5133=CARTESIAN_POINT('',(0.166666666666662,-1.5,0.));
#5134=CARTESIAN_POINT('Origin',(4.25,-7.08333333333333,0.));
#5135=CARTESIAN_POINT('',(0.166666666666662,-3.,-1.49071198499986));
#5136=CARTESIAN_POINT('Origin',(0.,-2.83333333333334,0.));
#5137=CARTESIAN_POINT('',(0.166666666666662,-3.,-3.9));
#5138=CARTESIAN_POINT('',(0.166666666666662,-3.,0.));
#5139=CARTESIAN_POINT('',(1.41666666666666,-4.25,-3.9));
#5140=CARTESIAN_POINT('',(2.47916666666667,-5.3125,3.9));
#5141=CARTESIAN_POINT('Origin',(33.25,-12.5,0.));
#5142=CARTESIAN_POINT('Origin',(42.4,-1.5,0.));
#5143=CARTESIAN_POINT('',(38.3333333333333,-1.5,3.9));
#5144=CARTESIAN_POINT('',(40.45,-1.5,3.9));
#5145=CARTESIAN_POINT('',(38.3333333333333,-1.5,1.49071198499986));
#5146=CARTESIAN_POINT('',(38.3333333333333,-1.5,0.));
#5147=CARTESIAN_POINT('',(38.3333333333333,-1.5,-1.49071198499986));
#5148=CARTESIAN_POINT('Origin',(38.5,-1.5,-5.55111512312578E-16));
#5149=CARTESIAN_POINT('',(38.3333333333333,-1.5,-3.9));
#5150=CARTESIAN_POINT('',(38.3333333333333,-1.5,0.));
#5151=CARTESIAN_POINT('',(38.325,-1.5,-3.9));
#5152=CARTESIAN_POINT('Origin',(38.3333333333333,-1.5,0.));
#5153=CARTESIAN_POINT('',(38.3333333333333,-3.,-3.9));
#5154=CARTESIAN_POINT('',(38.3333333333333,-0.75,-3.9));
#5155=CARTESIAN_POINT('',(38.3333333333333,-3.,-1.49071198499986));
#5156=CARTESIAN_POINT('',(38.3333333333333,0.,-1.49071198499986));
#5157=CARTESIAN_POINT('',(38.3333333333333,-3.,0.));
#5158=CARTESIAN_POINT('Origin',(38.3333333333333,-1.5,0.));
#5159=CARTESIAN_POINT('',(38.3333333333333,-3.,3.9));
#5160=CARTESIAN_POINT('',(38.3333333333333,-0.75,3.9));
#5161=CARTESIAN_POINT('',(38.3333333333333,-3.,1.49071198499986));
#5162=CARTESIAN_POINT('',(38.3333333333333,-3.,0.));
#5163=CARTESIAN_POINT('',(38.3333333333333,0.,1.49071198499986));
#5164=CARTESIAN_POINT('Origin',(38.3333333333333,-3.,0.));
#5165=CARTESIAN_POINT('',(34.25,-7.08333333333333,3.9));
#5166=CARTESIAN_POINT('',(39.125,-2.20833333333333,3.9));
#5167=CARTESIAN_POINT('',(34.25,-7.08333333333333,-3.9));
#5168=CARTESIAN_POINT('',(34.25,-7.08333333333333,0.));
#5169=CARTESIAN_POINT('',(38.0625,-3.27083333333334,-3.9));
#5170=CARTESIAN_POINT('',(37.,-4.33333333333334,-7.38808532184681E-16));
#5171=CARTESIAN_POINT('Origin',(38.5,-2.83333333333334,-5.55111512312578E-16));
#5172=CARTESIAN_POINT('Origin',(38.5,-2.83333333333334,-5.55111512312578E-16));
#5173=CARTESIAN_POINT('Origin',(0.166666666666662,-1.5,0.));
#5174=CARTESIAN_POINT('',(-1.5,-1.5,-1.83697019872103E-16));
#5175=CARTESIAN_POINT('Origin',(0.,-1.5,0.));
#5176=CARTESIAN_POINT('',(2.20833333333333,-1.5,3.9));
#5177=CARTESIAN_POINT('',(0.166666666666662,-1.5,-3.9));
#5178=CARTESIAN_POINT('',(0.0833333333333308,-1.5,-3.9));
#5179=CARTESIAN_POINT('',(0.166666666666662,-1.5,-1.49071198499986));
#5180=CARTESIAN_POINT('',(0.166666666666662,-1.5,0.));
#5181=CARTESIAN_POINT('Origin',(0.,-1.5,0.));
#5182=CARTESIAN_POINT('Origin',(0.166666666666662,-3.,0.));
#5183=CARTESIAN_POINT('',(0.166666666666662,0.,-1.49071198499986));
#5184=CARTESIAN_POINT('',(0.166666666666662,-1.5,-3.9));
#5185=CARTESIAN_POINT('Origin',(25.25,0.,6.5));
#5186=CARTESIAN_POINT('',(25.25,0.,6.5));
#5187=CARTESIAN_POINT('Origin',(34.25,0.,3.9));
#5188=CARTESIAN_POINT('',(34.25,0.,-6.5));
#5189=CARTESIAN_POINT('',(34.25,0.,-6.5));
#5190=CARTESIAN_POINT('',(34.25,0.,-3.9));
#5191=CARTESIAN_POINT('',(34.25,0.,-6.5));
#5192=CARTESIAN_POINT('',(34.25,0.,-3.9));
#5193=CARTESIAN_POINT('',(34.25,0.,3.9));
#5194=CARTESIAN_POINT('',(34.25,0.,3.9));
#5195=CARTESIAN_POINT('',(34.25,0.,6.5));
#5196=CARTESIAN_POINT('Origin',(38.5,0.,3.9));
#5197=CARTESIAN_POINT('',(34.25,0.,3.9));
#5198=CARTESIAN_POINT('Origin',(34.25,0.,-3.9));
#5199=CARTESIAN_POINT('',(34.25,0.,-3.9));
#5200=CARTESIAN_POINT('Origin',(38.5,0.,-5.55111512312578E-16));
#5201=CARTESIAN_POINT('',(37.,0.,-3.71414492440475E-16));
#5202=CARTESIAN_POINT('',(37.,0.,-7.38808532184681E-16));
#5203=CARTESIAN_POINT('Origin',(38.5,0.,-5.55111512312578E-16));
#5204=CARTESIAN_POINT('Origin',(0.,0.,0.));
#5205=CARTESIAN_POINT('',(-1.5,0.,1.83697019872103E-16));
#5206=CARTESIAN_POINT('',(-1.5,0.,-1.83697019872103E-16));
#5207=CARTESIAN_POINT('Origin',(0.,0.,0.));
#5208=CARTESIAN_POINT('Origin',(4.25,0.,-6.5));
#5209=CARTESIAN_POINT('',(4.25,0.,-6.5));
#5210=CARTESIAN_POINT('Origin',(0.,0.,-3.9));
#5211=CARTESIAN_POINT('',(0.,0.,-3.9));
#5212=CARTESIAN_POINT('Origin',(4.25,0.,3.9));
#5213=CARTESIAN_POINT('',(0.,0.,3.9));
#5214=CARTESIAN_POINT('Origin',(19.25,0.,2.22044604925031E-15));
#5215=CARTESIAN_POINT('',(0.,0.,0.));
#5216=CARTESIAN_POINT('Origin',(14.9787208672087,-4.770025,13.1054226144282));
#5217=CARTESIAN_POINT('',(14.9787208672087,-2.770025,14.1054226144282));
#5218=CARTESIAN_POINT('',(13.9787208672087,-2.770025,13.1054226144282));
#5219=CARTESIAN_POINT('Origin',(14.9787208672087,-2.770025,13.1054226144282));
#5220=CARTESIAN_POINT('',(13.9787208672087,-4.770025,13.1054226144282));
#5221=CARTESIAN_POINT('',(13.9787208672087,-4.770025,13.1054226144282));
#5222=CARTESIAN_POINT('',(14.9787208672087,-4.770025,14.1054226144282));
#5223=CARTESIAN_POINT('Origin',(14.9787208672087,-4.770025,13.1054226144282));
#5224=CARTESIAN_POINT('',(14.9787208672087,-4.770025,14.1054226144282));
#5225=CARTESIAN_POINT('Origin',(13.9787208672087,-4.770025,14.1054226144282));
#5226=CARTESIAN_POINT('',(23.5137208672087,-4.770025,14.1054226144282));
#5227=CARTESIAN_POINT('',(24.5137208672087,-4.770025,14.1054226144282));
#5228=CARTESIAN_POINT('',(23.5137208672087,-2.770025,14.1054226144282));
#5229=CARTESIAN_POINT('',(23.5137208672087,-4.770025,14.1054226144282));
#5230=CARTESIAN_POINT('',(24.5137208672087,-2.770025,14.1054226144282));
#5231=CARTESIAN_POINT('Origin',(19.25,-4.770025,4.40271130721408));
#5232=CARTESIAN_POINT('',(13.9787208672087,-4.770025,5.3));
#5233=CARTESIAN_POINT('',(13.9787208672087,-4.770025,5.3));
#5234=CARTESIAN_POINT('',(5.45,-4.770025,5.3));
#5235=CARTESIAN_POINT('',(5.45,-4.770025,5.3));
#5236=CARTESIAN_POINT('',(5.45,-4.770025,-5.3));
#5237=CARTESIAN_POINT('',(5.45,-4.770025,-5.3));
#5238=CARTESIAN_POINT('',(33.05,-4.770025,-5.3));
#5239=CARTESIAN_POINT('',(33.05,-4.770025,-5.3));
#5240=CARTESIAN_POINT('',(33.0500000000001,-4.770025,5.3));
#5241=CARTESIAN_POINT('',(33.0500000000001,-4.770025,5.3));
#5242=CARTESIAN_POINT('',(24.5137208672087,-4.770025,5.3));
#5243=CARTESIAN_POINT('',(24.5137208672087,-4.770025,5.3));
#5244=CARTESIAN_POINT('',(24.5137208672087,-4.770025,13.1054226144282));
#5245=CARTESIAN_POINT('',(24.5137208672087,-4.770025,5.3));
#5246=CARTESIAN_POINT('Origin',(23.5137208672087,-4.770025,13.1054226144282));
#5247=CARTESIAN_POINT('Origin',(23.5137208672087,-4.770025,13.1054226144282));
#5248=CARTESIAN_POINT('',(24.5137208672087,-2.770025,13.1054226144282));
#5249=CARTESIAN_POINT('Origin',(23.5137208672087,-2.770025,13.1054226144282));
#5250=CARTESIAN_POINT('',(24.5137208672087,-4.770025,13.1054226144282));
#5251=CARTESIAN_POINT('Origin',(24.5137208672087,-4.770025,14.1054226144282));
#5252=CARTESIAN_POINT('',(24.5137208672087,-2.770025,5.3));
#5253=CARTESIAN_POINT('',(24.5137208672087,-4.770025,5.3));
#5254=CARTESIAN_POINT('',(24.5137208672087,-2.770025,5.3));
#5255=CARTESIAN_POINT('Origin',(13.9787208672087,-4.770025,5.3));
#5256=CARTESIAN_POINT('',(13.9787208672087,-2.770025,5.3));
#5257=CARTESIAN_POINT('',(13.9787208672087,-2.770025,5.3));
#5258=CARTESIAN_POINT('',(13.9787208672087,-4.770025,5.3));
#5259=CARTESIAN_POINT('Origin',(5.45,-4.770025,5.3));
#5260=CARTESIAN_POINT('',(5.45,-2.770025,5.3));
#5261=CARTESIAN_POINT('',(5.45,-2.770025,5.3));
#5262=CARTESIAN_POINT('',(5.45,-4.770025,5.3));
#5263=CARTESIAN_POINT('Origin',(5.45,-4.770025,-5.3));
#5264=CARTESIAN_POINT('',(5.45,-2.770025,-5.3));
#5265=CARTESIAN_POINT('',(5.45,-2.770025,-5.3));
#5266=CARTESIAN_POINT('',(5.45,-4.770025,-5.3));
#5267=CARTESIAN_POINT('Origin',(33.05,-4.770025,-5.3));
#5268=CARTESIAN_POINT('',(33.05,-2.770025,-5.3));
#5269=CARTESIAN_POINT('',(33.05,-2.770025,-5.3));
#5270=CARTESIAN_POINT('',(33.05,-4.770025,-5.3));
#5271=CARTESIAN_POINT('Origin',(33.0500000000001,-4.770025,5.3));
#5272=CARTESIAN_POINT('',(33.0500000000001,-2.770025,5.3));
#5273=CARTESIAN_POINT('',(33.0500000000001,-2.770025,5.3));
#5274=CARTESIAN_POINT('',(33.0500000000001,-4.770025,5.3));
#5275=CARTESIAN_POINT('Origin',(24.5137208672087,-4.770025,5.3));
#5276=CARTESIAN_POINT('',(24.5137208672087,-2.770025,5.3));
#5277=CARTESIAN_POINT('Origin',(19.25,-2.770025,4.40271130721408));
#5278=CARTESIAN_POINT('',(0.,0.,0.));
#5279=CARTESIAN_POINT('',(0.,0.,0.));
#5280=CARTESIAN_POINT('Origin',(2.54,11.17,-1.9));
#5281=CARTESIAN_POINT('',(-2.54,5.71,-1.9));
#5282=CARTESIAN_POINT('',(-2.54,3.57,-1.9));
#5283=CARTESIAN_POINT('',(-2.54,11.17,-1.9));
#5284=CARTESIAN_POINT('',(2.54,3.57,-1.9));
#5285=CARTESIAN_POINT('',(2.54,3.57,-1.9));
#5286=CARTESIAN_POINT('',(2.54,5.71,-1.9));
#5287=CARTESIAN_POINT('',(2.54,11.17,-1.9));
#5288=CARTESIAN_POINT('',(-2.54,5.71,-1.9));
#5289=CARTESIAN_POINT('Origin',(2.54,11.17,-1.9));
#5290=CARTESIAN_POINT('',(2.54,7.71,-1.9));
#5291=CARTESIAN_POINT('',(-2.54,7.71,-1.9));
#5292=CARTESIAN_POINT('',(-2.54,7.71,-1.9));
#5293=CARTESIAN_POINT('',(2.54,10.87,-1.9));
#5294=CARTESIAN_POINT('',(2.54,11.17,-1.9));
#5295=CARTESIAN_POINT('',(2.24,11.17,-1.9));
#5296=CARTESIAN_POINT('',(2.24,11.17,-1.9));
#5297=CARTESIAN_POINT('',(-2.24000000000001,11.17,-1.9));
#5298=CARTESIAN_POINT('',(2.54,11.17,-1.9));
#5299=CARTESIAN_POINT('',(-2.54,10.87,-1.9));
#5300=CARTESIAN_POINT('',(-2.24000000000001,11.17,-1.9));
#5301=CARTESIAN_POINT('',(-2.54,11.17,-1.9));
#5302=CARTESIAN_POINT('Origin',(0.,3.17,0.));
#5303=CARTESIAN_POINT('',(2.54,3.17,-1.5));
#5304=CARTESIAN_POINT('',(2.54,3.17,-2.9));
#5305=CARTESIAN_POINT('',(2.54,3.17,-1.9));
#5306=CARTESIAN_POINT('',(-2.54,3.17,-1.5));
#5307=CARTESIAN_POINT('',(-2.54,3.17,-1.5));
#5308=CARTESIAN_POINT('',(-2.54,3.17,-2.9));
#5309=CARTESIAN_POINT('',(-2.54,3.17,-1.9));
#5310=CARTESIAN_POINT('',(-3.81,3.17,-2.9));
#5311=CARTESIAN_POINT('',(3.81,3.17,-2.9));
#5312=CARTESIAN_POINT('',(-3.81,3.17,2.9));
#5313=CARTESIAN_POINT('',(-3.81,3.17,-2.9));
#5314=CARTESIAN_POINT('',(3.81,3.17,2.9));
#5315=CARTESIAN_POINT('',(3.81,3.17,2.9));
#5316=CARTESIAN_POINT('',(3.81,3.17,-2.9));
#5317=CARTESIAN_POINT('',(3.81,3.17,-2.9));
#5318=CARTESIAN_POINT('',(3.81,3.17,-2.9));
#5319=CARTESIAN_POINT('',(2.24,3.17,-0.0599999999999996));
#5320=CARTESIAN_POINT('',(2.84,3.17,-0.0599999999999996));
#5321=CARTESIAN_POINT('',(2.24,3.17,-0.0599999999999996));
#5322=CARTESIAN_POINT('',(2.24,3.17,-0.66));
#5323=CARTESIAN_POINT('',(2.24,3.17,-0.66));
#5324=CARTESIAN_POINT('',(2.84,3.17,-0.66));
#5325=CARTESIAN_POINT('',(2.24,3.17,-0.66));
#5326=CARTESIAN_POINT('',(2.84,3.17,-0.66));
#5327=CARTESIAN_POINT('',(-0.300000000000003,3.17,-0.0599999999999992));
#5328=CARTESIAN_POINT('',(0.299999999999997,3.17,-0.0599999999999992));
#5329=CARTESIAN_POINT('',(-0.300000000000003,3.17,-0.0599999999999992));
#5330=CARTESIAN_POINT('',(-0.300000000000003,3.17,-0.659999999999999));
#5331=CARTESIAN_POINT('',(-0.300000000000003,3.17,-0.659999999999999));
#5332=CARTESIAN_POINT('',(0.299999999999997,3.17,-0.659999999999999));
#5333=CARTESIAN_POINT('',(-0.300000000000003,3.17,-0.659999999999999));
#5334=CARTESIAN_POINT('',(0.299999999999997,3.17,-0.659999999999999));
#5335=CARTESIAN_POINT('',(-2.84,3.17,-0.0599999999999987));
#5336=CARTESIAN_POINT('',(-2.24,3.17,-0.0599999999999987));
#5337=CARTESIAN_POINT('',(-2.84,3.17,-0.0599999999999987));
#5338=CARTESIAN_POINT('',(-2.84,3.17,-0.659999999999999));
#5339=CARTESIAN_POINT('',(-2.84,3.17,-0.659999999999999));
#5340=CARTESIAN_POINT('',(-2.24,3.17,-0.659999999999999));
#5341=CARTESIAN_POINT('',(-2.84,3.17,-0.659999999999999));
#5342=CARTESIAN_POINT('',(-2.24,3.17,-0.659999999999999));
#5343=CARTESIAN_POINT('Origin',(3.81,3.17,2.9));
#5344=CARTESIAN_POINT('',(-3.81,0.,2.9));
#5345=CARTESIAN_POINT('',(-3.14,0.,2.9));
#5346=CARTESIAN_POINT('',(3.81,0.,2.9));
#5347=CARTESIAN_POINT('',(-3.14,1.2,2.9));
#5348=CARTESIAN_POINT('',(-3.14,1.2,2.9));
#5349=CARTESIAN_POINT('',(-1.94,1.2,2.9));
#5350=CARTESIAN_POINT('',(-3.14,1.2,2.9));
#5351=CARTESIAN_POINT('',(-1.94,0.,2.9));
#5352=CARTESIAN_POINT('',(-1.94,1.2,2.9));
#5353=CARTESIAN_POINT('',(-0.600000000000003,0.,2.9));
#5354=CARTESIAN_POINT('',(3.81,0.,2.9));
#5355=CARTESIAN_POINT('',(-0.600000000000003,1.2,2.9));
#5356=CARTESIAN_POINT('',(-0.600000000000003,1.2,2.9));
#5357=CARTESIAN_POINT('',(0.599999999999997,1.2,2.9));
#5358=CARTESIAN_POINT('',(-0.600000000000003,1.2,2.9));
#5359=CARTESIAN_POINT('',(0.599999999999997,0.,2.9));
#5360=CARTESIAN_POINT('',(0.599999999999997,1.2,2.9));
#5361=CARTESIAN_POINT('',(1.94,0.,2.9));
#5362=CARTESIAN_POINT('',(3.81,0.,2.9));
#5363=CARTESIAN_POINT('',(1.94,1.2,2.9));
#5364=CARTESIAN_POINT('',(1.94,1.2,2.9));
#5365=CARTESIAN_POINT('',(3.14,1.2,2.9));
#5366=CARTESIAN_POINT('',(1.94,1.2,2.9));
#5367=CARTESIAN_POINT('',(3.14,0.,2.9));
#5368=CARTESIAN_POINT('',(3.14,1.2,2.9));
#5369=CARTESIAN_POINT('',(3.81,0.,2.9));
#5370=CARTESIAN_POINT('',(3.81,0.,2.9));
#5371=CARTESIAN_POINT('',(3.81,3.17,2.9));
#5372=CARTESIAN_POINT('',(-3.81,3.17,2.9));
#5373=CARTESIAN_POINT('',(-0.119289969815695,2.68550180961582,2.9));
#5374=CARTESIAN_POINT('',(0.0027469811741681,2.68550180961582,2.9));
#5375=CARTESIAN_POINT('',(-0.119289969815695,2.68550180961582,2.9));
#5376=CARTESIAN_POINT('',(0.0027469811741681,2.49372945806032,2.9));
#5377=CARTESIAN_POINT('',(0.0027469811741681,2.68550180961582,2.9));
#5378=CARTESIAN_POINT('',(-0.119289969815695,2.49372945806032,2.9));
#5379=CARTESIAN_POINT('',(0.0027469811741681,2.49372945806032,2.9));
#5380=CARTESIAN_POINT('',(-0.119289969815695,2.49372945806032,2.9));
#5381=CARTESIAN_POINT('',(0.944174888810258,2.54385177721687,2.9));
#5382=CARTESIAN_POINT('',(0.944174888810258,2.30195710650482,2.9));
#5383=CARTESIAN_POINT('',(0.944174888810258,2.54385177721687,2.9));
#5384=CARTESIAN_POINT('',(1.36258729220407,2.30195710650482,2.9));
#5385=CARTESIAN_POINT('',(0.944174888810258,2.30195710650482,2.9));
#5386=CARTESIAN_POINT('',(1.4148888426283,2.267089406222,2.9));
#5387=CARTESIAN_POINT('Ctrl Pts',(1.36258729220407,2.30195710650482,2.9));
#5388=CARTESIAN_POINT('Ctrl Pts',(1.36695831381117,2.30190597435835,2.9));
#5389=CARTESIAN_POINT('Ctrl Pts',(1.37502400307616,2.30181162204397,2.9));
#5390=CARTESIAN_POINT('Ctrl Pts',(1.38607594512415,2.29982453343995,2.9));
#5391=CARTESIAN_POINT('Ctrl Pts',(1.39537354642145,2.29702817799182,2.9));
#5392=CARTESIAN_POINT('Ctrl Pts',(1.40444932568467,2.29133111138137,2.9));
#5393=CARTESIAN_POINT('Ctrl Pts',(1.41340840137129,2.28179914234035,2.9));
#5394=CARTESIAN_POINT('Ctrl Pts',(1.41439333261922,2.27201281770019,2.9));
#5395=CARTESIAN_POINT('Ctrl Pts',(1.4148888426283,2.267089406222,2.9));
#5396=CARTESIAN_POINT('',(1.36258729220407,2.23222170593918,2.9));
#5397=CARTESIAN_POINT('Ctrl Pts',(1.4148888426283,2.267089406222,2.9));
#5398=CARTESIAN_POINT('Ctrl Pts',(1.41431970491951,2.26238883714422,2.9));
#5399=CARTESIAN_POINT('Ctrl Pts',(1.41314984280502,2.25272682108793,2.9));
#5400=CARTESIAN_POINT('Ctrl Pts',(1.4046143543989,2.24288641730594,2.9));
#5401=CARTESIAN_POINT('Ctrl Pts',(1.39536271175565,2.23715896971603,2.9));
#5402=CARTESIAN_POINT('Ctrl Pts',(1.38607954501461,2.23435150955667,2.9));
#5403=CARTESIAN_POINT('Ctrl Pts',(1.37502284028394,2.23236808495277,2.9));
#5404=CARTESIAN_POINT('Ctrl Pts',(1.36695790513479,2.23227315248624,2.9));
#5405=CARTESIAN_POINT('Ctrl Pts',(1.36258729220407,2.23222170593918,2.9));
#5406=CARTESIAN_POINT('',(0.944174888810258,2.23222170593918,2.9));
#5407=CARTESIAN_POINT('',(1.36258729220407,2.23222170593918,2.9));
#5408=CARTESIAN_POINT('',(0.944174888810258,1.71165783687304,2.9));
#5409=CARTESIAN_POINT('',(0.944174888810258,2.23222170593918,2.9));
#5410=CARTESIAN_POINT('',(1.15065705142257,1.55230155042423,2.9));
#5411=CARTESIAN_POINT('Ctrl Pts',(0.944174888810258,1.71165783687304,2.9));
#5412=CARTESIAN_POINT('Ctrl Pts',(0.944752680023497,1.70067815577021,2.9));
#5413=CARTESIAN_POINT('Ctrl Pts',(0.945880439049743,1.67924751753046,2.9));
#5414=CARTESIAN_POINT('Ctrl Pts',(0.956314727689589,1.64862705857115,2.9));
#5415=CARTESIAN_POINT('Ctrl Pts',(0.972951201387948,1.62090395940771,2.9));
#5416=CARTESIAN_POINT('Ctrl Pts',(0.992080185325724,1.60077632075608,2.9));
#5417=CARTESIAN_POINT('Ctrl Pts',(1.01032628151352,1.5867534998257,2.9));
#5418=CARTESIAN_POINT('Ctrl Pts',(1.02593720090503,1.57758412725622,2.9));
#5419=CARTESIAN_POINT('Ctrl Pts',(1.04291277676231,1.56950525031386,2.9));
#5420=CARTESIAN_POINT('Ctrl Pts',(1.06166269236628,1.56344662843917,2.9));
#5421=CARTESIAN_POINT('Ctrl Pts',(1.08171586767486,1.55815792943229,2.9));
#5422=CARTESIAN_POINT('Ctrl Pts',(1.10342420915741,1.55465628067496,2.9));
#5423=CARTESIAN_POINT('Ctrl Pts',(1.12656491590664,1.55289137472511,2.9));
#5424=CARTESIAN_POINT('Ctrl Pts',(1.14248223284065,1.55250168654963,2.9));
#5425=CARTESIAN_POINT('Ctrl Pts',(1.15065705142257,1.55230155042423,2.9));
#5426=CARTESIAN_POINT('',(1.45384260153801,1.62121973926448,2.9));
#5427=CARTESIAN_POINT('Ctrl Pts',(1.15065705142257,1.55230155042423,2.9));
#5428=CARTESIAN_POINT('Ctrl Pts',(1.16364961398456,1.55259953434403,2.9));
#5429=CARTESIAN_POINT('Ctrl Pts',(1.19023120450732,1.5532091820945,2.9));
#5430=CARTESIAN_POINT('Ctrl Pts',(1.23081154698546,1.55714571927706,2.9));
#5431=CARTESIAN_POINT('Ctrl Pts',(1.27291564547021,1.56373152436042,2.9));
#5432=CARTESIAN_POINT('Ctrl Pts',(1.3154020715551,1.5729148367314,2.9));
#5433=CARTESIAN_POINT('Ctrl Pts',(1.35635281024097,1.58339425398738,2.9));
#5434=CARTESIAN_POINT('Ctrl Pts',(1.39333642656298,1.59508765206962,2.9));
#5435=CARTESIAN_POINT('Ctrl Pts',(1.42563925668649,1.60708596799262,2.9));
#5436=CARTESIAN_POINT('Ctrl Pts',(1.44483226110747,1.61670431418291,2.9));
#5437=CARTESIAN_POINT('Ctrl Pts',(1.45384260153801,1.62121973926448,2.9));
#5438=CARTESIAN_POINT('',(1.4835346275601,1.63211589560287,2.9));
#5439=CARTESIAN_POINT('Ctrl Pts',(1.45384260153801,1.62121973926448,2.9));
#5440=CARTESIAN_POINT('Ctrl Pts',(1.45914171360664,1.62437518797025,2.9));
#5441=CARTESIAN_POINT('Ctrl Pts',(1.46839134047655,1.62988303961736,2.9));
#5442=CARTESIAN_POINT('Ctrl Pts',(1.47900257167359,1.63144765045523,2.9));
#5443=CARTESIAN_POINT('Ctrl Pts',(1.4835346275601,1.63211589560287,2.9));
#5444=CARTESIAN_POINT('',(1.51949194347676,1.59724819532005,2.9));
#5445=CARTESIAN_POINT('Ctrl Pts',(1.4835346275601,1.63211589560287,2.9));
#5446=CARTESIAN_POINT('Ctrl Pts',(1.48822941456902,1.63171651688841,2.9));
#5447=CARTESIAN_POINT('Ctrl Pts',(1.49764076583714,1.63091590690043,2.9));
#5448=CARTESIAN_POINT('Ctrl Pts',(1.50895113510575,1.62216582461227,2.9));
#5449=CARTESIAN_POINT('Ctrl Pts',(1.51798945138822,1.6111591624438,2.9));
#5450=CARTESIAN_POINT('Ctrl Pts',(1.5189937478552,1.60186078727015,2.9));
#5451=CARTESIAN_POINT('Ctrl Pts',(1.51949194347676,1.59724819532005,2.9));
#5452=CARTESIAN_POINT('',(1.50805097932146,1.57382145919253,2.9));
#5453=CARTESIAN_POINT('Ctrl Pts',(1.51949194347676,1.59724819532005,2.9));
#5454=CARTESIAN_POINT('Ctrl Pts',(1.51894680872624,1.59308330769464,2.9));
#5455=CARTESIAN_POINT('Ctrl Pts',(1.51776376110367,1.58404469770161,2.9));
#5456=CARTESIAN_POINT('Ctrl Pts',(1.51145352898723,1.57740283037456,2.9));
#5457=CARTESIAN_POINT('Ctrl Pts',(1.50805097932146,1.57382145919253,2.9));
#5458=CARTESIAN_POINT('',(1.15964638040173,1.48256614985859,2.9));
#5459=CARTESIAN_POINT('Ctrl Pts',(1.50805097932146,1.57382145919253,2.9));
#5460=CARTESIAN_POINT('Ctrl Pts',(1.50528172662406,1.57149029649193,2.9));
#5461=CARTESIAN_POINT('Ctrl Pts',(1.49919507939239,1.56636654414838,2.9));
#5462=CARTESIAN_POINT('Ctrl Pts',(1.48806748256432,1.55937762895036,2.9));
#5463=CARTESIAN_POINT('Ctrl Pts',(1.47464739472847,1.55208754970612,2.9));
#5464=CARTESIAN_POINT('Ctrl Pts',(1.45840000512529,1.5450480635532,2.9));
#5465=CARTESIAN_POINT('Ctrl Pts',(1.43991974122906,1.53747315366857,2.9));
#5466=CARTESIAN_POINT('Ctrl Pts',(1.41870825463999,1.52986531235567,2.9));
#5467=CARTESIAN_POINT('Ctrl Pts',(1.39511858927713,1.52197472799872,2.9));
#5468=CARTESIAN_POINT('Ctrl Pts',(1.36055979467733,1.51157258222817,2.9));
#5469=CARTESIAN_POINT('Ctrl Pts',(1.31620611344154,1.50010321410825,2.9));
#5470=CARTESIAN_POINT('Ctrl Pts',(1.26309018823909,1.48998047892,2.9));
#5471=CARTESIAN_POINT('Ctrl Pts',(1.21101325032798,1.48363914364126,2.9));
#5472=CARTESIAN_POINT('Ctrl Pts',(1.17664337204439,1.48292119711732,2.9));
#5473=CARTESIAN_POINT('Ctrl Pts',(1.15964638040173,1.48256614985859,2.9));
#5474=CARTESIAN_POINT('',(0.874439488244621,1.71737831895069,2.9));
#5475=CARTESIAN_POINT('Ctrl Pts',(1.15964638040173,1.48256614985859,2.9));
#5476=CARTESIAN_POINT('Ctrl Pts',(1.14901481731373,1.48278048200245,2.9));
#5477=CARTESIAN_POINT('Ctrl Pts',(1.12834377991542,1.48319720978977,2.9));
#5478=CARTESIAN_POINT('Ctrl Pts',(1.09812810639556,1.48628755787318,2.9));
#5479=CARTESIAN_POINT('Ctrl Pts',(1.06961191299093,1.49108177074914,2.9));
#5480=CARTESIAN_POINT('Ctrl Pts',(1.04260573969694,1.49789721728391,2.9));
#5481=CARTESIAN_POINT('Ctrl Pts',(1.01734091611627,1.50683402578226,2.9));
#5482=CARTESIAN_POINT('Ctrl Pts',(0.993742325364294,1.51781966445817,2.9));
#5483=CARTESIAN_POINT('Ctrl Pts',(0.97172888169894,1.53061262858717,2.9));
#5484=CARTESIAN_POINT('Ctrl Pts',(0.95168997904825,1.5456677760743,2.9));
#5485=CARTESIAN_POINT('Ctrl Pts',(0.933380347169969,1.56205291403161,2.9));
#5486=CARTESIAN_POINT('Ctrl Pts',(0.917769530956013,1.5803287620859,2.9));
#5487=CARTESIAN_POINT('Ctrl Pts',(0.904272780477958,1.59968423981972,2.9));
#5488=CARTESIAN_POINT('Ctrl Pts',(0.893336946606202,1.62055742038712,2.9));
#5489=CARTESIAN_POINT('Ctrl Pts',(0.884756268151599,1.64285066984873,2.9));
#5490=CARTESIAN_POINT('Ctrl Pts',(0.879003274137855,1.66658107996078,2.9));
#5491=CARTESIAN_POINT('Ctrl Pts',(0.874866314476987,1.691538312011,2.9));
#5492=CARTESIAN_POINT('Ctrl Pts',(0.874583772205088,1.70864338595681,2.9));
#5493=CARTESIAN_POINT('Ctrl Pts',(0.874439488244621,1.71737831895069,2.9));
#5494=CARTESIAN_POINT('',(0.874439488244621,2.23222170593918,2.9));
#5495=CARTESIAN_POINT('',(0.874439488244621,1.71737831895069,2.9));
#5496=CARTESIAN_POINT('',(0.733606667571052,2.23222170593918,2.9));
#5497=CARTESIAN_POINT('',(0.874439488244621,2.23222170593918,2.9));
#5498=CARTESIAN_POINT('',(0.682667136689122,2.26763421403892,2.9));
#5499=CARTESIAN_POINT('Ctrl Pts',(0.733606667571052,2.23222170593918,2.9));
#5500=CARTESIAN_POINT('Ctrl Pts',(0.729420519662131,2.23228782098182,2.9));
#5501=CARTESIAN_POINT('Ctrl Pts',(0.721542411927873,2.23241224597591,2.9));
#5502=CARTESIAN_POINT('Ctrl Pts',(0.710725081557452,2.23429151475128,2.9));
#5503=CARTESIAN_POINT('Ctrl Pts',(0.70159756641799,2.23723792138216,2.9));
#5504=CARTESIAN_POINT('Ctrl Pts',(0.692418706236298,2.2427593240539,2.9));
#5505=CARTESIAN_POINT('Ctrl Pts',(0.684374403958314,2.25307744578864,2.9));
#5506=CARTESIAN_POINT('Ctrl Pts',(0.683237474868267,2.26277130777467,2.9));
#5507=CARTESIAN_POINT('Ctrl Pts',(0.682667136689122,2.26763421403892,2.9));
#5508=CARTESIAN_POINT('',(0.733606667571052,2.30195710650482,2.9));
#5509=CARTESIAN_POINT('Ctrl Pts',(0.682667136689122,2.26763421403892,2.9));
#5510=CARTESIAN_POINT('Ctrl Pts',(0.68323262146089,2.27233307674487,2.9));
#5511=CARTESIAN_POINT('Ctrl Pts',(0.684363914539174,2.2817334905499,2.9));
#5512=CARTESIAN_POINT('Ctrl Pts',(0.692586188310475,2.29146091610825,2.9));
#5513=CARTESIAN_POINT('Ctrl Pts',(0.701587332897022,2.29694853829035,2.9));
#5514=CARTESIAN_POINT('Ctrl Pts',(0.710728554949207,2.29988470212267,2.9));
#5515=CARTESIAN_POINT('Ctrl Pts',(0.721541332733419,2.30176737292039,2.9));
#5516=CARTESIAN_POINT('Ctrl Pts',(0.729420145194966,2.30189127129117,2.9));
#5517=CARTESIAN_POINT('Ctrl Pts',(0.733606667571052,2.30195710650482,2.9));
#5518=CARTESIAN_POINT('',(0.874439488244621,2.30195710650482,2.9));
#5519=CARTESIAN_POINT('',(0.733606667571052,2.30195710650482,2.9));
#5520=CARTESIAN_POINT('',(0.874439488244621,2.54385177721687,2.9));
#5521=CARTESIAN_POINT('',(0.874439488244621,2.30195710650482,2.9));
#5522=CARTESIAN_POINT('',(0.908762380710521,2.59833255890877,2.9));
#5523=CARTESIAN_POINT('Ctrl Pts',(0.874439488244621,2.54385177721687,2.9));
#5524=CARTESIAN_POINT('Ctrl Pts',(0.874494860478704,2.54840282307345,2.9));
#5525=CARTESIAN_POINT('Ctrl Pts',(0.874597349295683,2.55682638252677,2.9));
#5526=CARTESIAN_POINT('Ctrl Pts',(0.876537272125822,2.56834359028938,2.9));
#5527=CARTESIAN_POINT('Ctrl Pts',(0.879381826608339,2.57797466473077,2.9));
#5528=CARTESIAN_POINT('Ctrl Pts',(0.885019657046853,2.58744290272791,2.9));
#5529=CARTESIAN_POINT('Ctrl Pts',(0.894581598131775,2.59628344453518,2.9));
#5530=CARTESIAN_POINT('Ctrl Pts',(0.904141084160649,2.59766478439545,2.9));
#5531=CARTESIAN_POINT('Ctrl Pts',(0.908762380710521,2.59833255890877,2.9));
#5532=CARTESIAN_POINT('Ctrl Pts',(0.908762380710521,2.59833255890877,2.9));
#5533=CARTESIAN_POINT('Ctrl Pts',(0.913772057669531,2.59773622931152,2.9));
#5534=CARTESIAN_POINT('Ctrl Pts',(0.923751384627934,2.59654833474774,2.9));
#5535=CARTESIAN_POINT('Ctrl Pts',(0.93359575519779,2.58744125884533,2.9));
#5536=CARTESIAN_POINT('Ctrl Pts',(0.939232305200563,2.57797505418167,2.9));
#5537=CARTESIAN_POINT('Ctrl Pts',(0.942077188284755,2.56834345792044,2.9));
#5538=CARTESIAN_POINT('Ctrl Pts',(0.944017000837304,2.55682642527877,2.9));
#5539=CARTESIAN_POINT('Ctrl Pts',(0.9441195071329,2.54840283806938,2.9));
#5540=CARTESIAN_POINT('Ctrl Pts',(0.944174888810258,2.54385177721687,2.9));
#5541=CARTESIAN_POINT('',(-0.293628471229786,2.30195710650482,2.9));
#5542=CARTESIAN_POINT('',(0.0027469811741681,2.30195710650482,2.9));
#5543=CARTESIAN_POINT('',(-0.293628471229786,2.30195710650482,2.9));
#5544=CARTESIAN_POINT('',(0.0027469811741681,1.56973540056564,2.9));
#5545=CARTESIAN_POINT('',(0.0027469811741681,2.30195710650482,2.9));
#5546=CARTESIAN_POINT('',(0.299122433578122,1.56973540056564,2.9));
#5547=CARTESIAN_POINT('',(0.0027469811741681,1.56973540056564,2.9));
#5548=CARTESIAN_POINT('',(0.351423984002349,1.53486770028282,2.9));
#5549=CARTESIAN_POINT('Ctrl Pts',(0.299122433578122,1.56973540056564,2.9));
#5550=CARTESIAN_POINT('Ctrl Pts',(0.303489914656606,1.56967281424117,2.9));
#5551=CARTESIAN_POINT('Ctrl Pts',(0.311638652608677,1.56955604222812,2.9));
#5552=CARTESIAN_POINT('Ctrl Pts',(0.322818976380183,1.56766867569274,2.9));
#5553=CARTESIAN_POINT('Ctrl Pts',(0.332077181760399,1.56473182464412,2.9));
#5554=CARTESIAN_POINT('Ctrl Pts',(0.341437982115159,1.55952257032387,2.9));
#5555=CARTESIAN_POINT('Ctrl Pts',(0.349806951386899,1.549456971288,2.9));
#5556=CARTESIAN_POINT('Ctrl Pts',(0.35088320978106,1.53974669999601,2.9));
#5557=CARTESIAN_POINT('Ctrl Pts',(0.351423984002349,1.53486770028282,2.9));
#5558=CARTESIAN_POINT('',(0.299122433578122,1.5,2.9));
#5559=CARTESIAN_POINT('Ctrl Pts',(0.351423984002349,1.53486770028282,2.9));
#5560=CARTESIAN_POINT('Ctrl Pts',(0.350838467176254,1.53018112227785,2.9));
#5561=CARTESIAN_POINT('Ctrl Pts',(0.349642069156482,1.52060494548027,2.9));
#5562=CARTESIAN_POINT('Ctrl Pts',(0.341409018571378,1.51060480153818,2.9));
#5563=CARTESIAN_POINT('Ctrl Pts',(0.332161600002176,1.5049462061532,2.9));
#5564=CARTESIAN_POINT('Ctrl Pts',(0.322805363374587,1.50209114201168,2.9));
#5565=CARTESIAN_POINT('Ctrl Pts',(0.311642967815928,1.50017161831173,2.9));
#5566=CARTESIAN_POINT('Ctrl Pts',(0.303491420429713,1.50005988547559,2.9));
#5567=CARTESIAN_POINT('Ctrl Pts',(0.299122433578122,1.5,2.9));
#5568=CARTESIAN_POINT('',(-0.363363871795422,1.5,2.9));
#5569=CARTESIAN_POINT('',(0.299122433578122,1.5,2.9));
#5570=CARTESIAN_POINT('',(-0.415665422219649,1.53486770028282,2.9));
#5571=CARTESIAN_POINT('Ctrl Pts',(-0.363363871795422,1.5,2.9));
#5572=CARTESIAN_POINT('Ctrl Pts',(-0.367735587420803,1.50004734203897,2.9));
#5573=CARTESIAN_POINT('Ctrl Pts',(-0.375802557332824,1.50013470060405,2.9));
#5574=CARTESIAN_POINT('Ctrl Pts',(-0.386931416473051,1.50218159352778,2.9));
#5575=CARTESIAN_POINT('Ctrl Pts',(-0.396335178376879,1.50487965333722,2.9));
#5576=CARTESIAN_POINT('Ctrl Pts',(-0.405647598290383,1.51061470431321,2.9));
#5577=CARTESIAN_POINT('Ctrl Pts',(-0.41388433604748,1.52060207468296,2.9));
#5578=CARTESIAN_POINT('Ctrl Pts',(-0.415080177686248,1.53018017896671,2.9));
#5579=CARTESIAN_POINT('Ctrl Pts',(-0.415665422219649,1.53486770028282,2.9));
#5580=CARTESIAN_POINT('',(-0.363363871795422,1.56973540056564,2.9));
#5581=CARTESIAN_POINT('Ctrl Pts',(-0.415665422219649,1.53486770028282,2.9));
#5582=CARTESIAN_POINT('Ctrl Pts',(-0.41512495508101,1.53974773055674,2.9));
#5583=CARTESIAN_POINT('Ctrl Pts',(-0.414049307848154,1.54946005288888,2.9));
#5584=CARTESIAN_POINT('Ctrl Pts',(-0.405676438676667,1.55951256397094,2.9));
#5585=CARTESIAN_POINT('Ctrl Pts',(-0.396249330955826,1.56479559617364,2.9));
#5586=CARTESIAN_POINT('Ctrl Pts',(-0.386944791099099,1.5675777654891,2.9));
#5587=CARTESIAN_POINT('Ctrl Pts',(-0.375798280775371,1.56959303920959,2.9));
#5588=CARTESIAN_POINT('Ctrl Pts',(-0.367734084376693,1.5696853660694,2.9));
#5589=CARTESIAN_POINT('Ctrl Pts',(-0.363363871795422,1.56973540056564,2.9));
#5590=CARTESIAN_POINT('',(-0.0669884193914681,1.56973540056564,2.9));
#5591=CARTESIAN_POINT('',(-0.363363871795422,1.56973540056564,2.9));
#5592=CARTESIAN_POINT('',(-0.0669884193914681,2.23222170593918,2.9));
#5593=CARTESIAN_POINT('',(-0.0669884193914681,1.56973540056564,2.9));
#5594=CARTESIAN_POINT('',(-0.293628471229786,2.23222170593918,2.9));
#5595=CARTESIAN_POINT('',(-0.0669884193914681,2.23222170593918,2.9));
#5596=CARTESIAN_POINT('',(-0.345930021654013,2.26654459840508,2.9));
#5597=CARTESIAN_POINT('Ctrl Pts',(-0.293628471229786,2.23222170593918,2.9));
#5598=CARTESIAN_POINT('Ctrl Pts',(-0.297909444591266,2.23227368564339,2.9));
#5599=CARTESIAN_POINT('Ctrl Pts',(-0.305885823839373,2.23237053507434,2.9));
#5600=CARTESIAN_POINT('Ctrl Pts',(-0.316919011938355,2.23440724751363,2.9));
#5601=CARTESIAN_POINT('Ctrl Pts',(-0.326341322302656,2.23708997292093,2.9));
#5602=CARTESIAN_POINT('Ctrl Pts',(-0.335570699692564,2.24287594113504,2.9));
#5603=CARTESIAN_POINT('Ctrl Pts',(-0.344191112918975,2.25240928113788,2.9));
#5604=CARTESIAN_POINT('Ctrl Pts',(-0.345361864724604,2.26192613954469,2.9));
#5605=CARTESIAN_POINT('Ctrl Pts',(-0.345930021654013,2.26654459840508,2.9));
#5606=CARTESIAN_POINT('Ctrl Pts',(-0.345930021654013,2.26654459840508,2.9));
#5607=CARTESIAN_POINT('Ctrl Pts',(-0.345415149913189,2.27153403531221,2.9));
#5608=CARTESIAN_POINT('Ctrl Pts',(-0.344399661706213,2.2813747663854,2.9));
#5609=CARTESIAN_POINT('Ctrl Pts',(-0.335831180110588,2.29137372090685,2.9));
#5610=CARTESIAN_POINT('Ctrl Pts',(-0.326673059138617,2.29701465939003,2.9));
#5611=CARTESIAN_POINT('Ctrl Pts',(-0.317309549675545,2.29986468084138,2.9));
#5612=CARTESIAN_POINT('Ctrl Pts',(-0.306149592330055,2.3017858950998,2.9));
#5613=CARTESIAN_POINT('Ctrl Pts',(-0.297997662864522,2.30189736301759,2.9));
#5614=CARTESIAN_POINT('Ctrl Pts',(-0.293628471229786,2.30195710650482,2.9));
#5615=CARTESIAN_POINT('',(-1.61860108197687,2.650634109333,2.9));
#5616=CARTESIAN_POINT('',(-1.46169643070419,2.650634109333,2.9));
#5617=CARTESIAN_POINT('',(-1.61860108197687,2.650634109333,2.9));
#5618=CARTESIAN_POINT('',(-1.46169643070419,2.14586966695751,2.9));
#5619=CARTESIAN_POINT('',(-1.46169643070419,2.650634109333,2.9));
#5620=CARTESIAN_POINT('',(-1.11547106305215,2.31939095664623,2.9));
#5621=CARTESIAN_POINT('Ctrl Pts',(-1.46169643070419,2.14586966695751,2.9));
#5622=CARTESIAN_POINT('Ctrl Pts',(-1.4496944059647,2.15964142989674,2.9));
#5623=CARTESIAN_POINT('Ctrl Pts',(-1.42620025796568,2.18659986763742,2.9));
#5624=CARTESIAN_POINT('Ctrl Pts',(-1.38741432821954,2.22206082456846,2.9));
#5625=CARTESIAN_POINT('Ctrl Pts',(-1.3467118436127,2.2521350082711,2.9));
#5626=CARTESIAN_POINT('Ctrl Pts',(-1.30421106459533,2.27682480078098,2.9));
#5627=CARTESIAN_POINT('Ctrl Pts',(-1.25958655079739,2.29573273919732,2.9));
#5628=CARTESIAN_POINT('Ctrl Pts',(-1.21328592139007,2.30944264572682,2.9));
#5629=CARTESIAN_POINT('Ctrl Pts',(-1.16499250085605,2.31787772473222,2.9));
#5630=CARTESIAN_POINT('Ctrl Pts',(-1.13212158717069,2.3188821647856,2.9));
#5631=CARTESIAN_POINT('Ctrl Pts',(-1.11547106305215,2.31939095664623,2.9));
#5632=CARTESIAN_POINT('',(-0.694607024482193,1.90424740015392,2.9));
#5633=CARTESIAN_POINT('Ctrl Pts',(-1.11547106305215,2.31939095664623,2.9));
#5634=CARTESIAN_POINT('Ctrl Pts',(-1.1011938536383,2.31904790933581,2.9));
#5635=CARTESIAN_POINT('Ctrl Pts',(-1.07315663867741,2.31837424189105,2.9));
#5636=CARTESIAN_POINT('Ctrl Pts',(-1.03195640422569,2.31235737218304,2.9));
#5637=CARTESIAN_POINT('Ctrl Pts',(-0.992252734151766,2.3031702390364,2.9));
#5638=CARTESIAN_POINT('Ctrl Pts',(-0.953966092900894,2.29021152239349,2.9));
#5639=CARTESIAN_POINT('Ctrl Pts',(-0.917562599921416,2.27270335895613,2.9));
#5640=CARTESIAN_POINT('Ctrl Pts',(-0.882602194326428,2.2519897918927,2.9));
#5641=CARTESIAN_POINT('Ctrl Pts',(-0.849064345264809,2.22762639225851,2.9));
#5642=CARTESIAN_POINT('Ctrl Pts',(-0.817943178169914,2.19943709069703,2.9));
#5643=CARTESIAN_POINT('Ctrl Pts',(-0.789095674553133,2.16885245783273,2.9));
#5644=CARTESIAN_POINT('Ctrl Pts',(-0.763642543153018,2.13621505021545,2.9));
#5645=CARTESIAN_POINT('Ctrl Pts',(-0.742316658832585,2.10163172268389,2.9));
#5646=CARTESIAN_POINT('Ctrl Pts',(-0.724667521332481,2.06556370765806,2.9));
#5647=CARTESIAN_POINT('Ctrl Pts',(-0.711378706138781,2.02755985471819,2.9));
#5648=CARTESIAN_POINT('Ctrl Pts',(-0.701462293467596,1.9880241232739,2.9));
#5649=CARTESIAN_POINT('Ctrl Pts',(-0.695682272694431,1.94664087365403,2.9));
#5650=CARTESIAN_POINT('Ctrl Pts',(-0.694969051627389,1.91852093068529,2.9));
#5651=CARTESIAN_POINT('Ctrl Pts',(-0.694607024482193,1.90424740015392,2.9));
#5652=CARTESIAN_POINT('',(-1.11547106305215,1.48256614985859,2.9));
#5653=CARTESIAN_POINT('Ctrl Pts',(-0.694607024482193,1.90424740015392,2.9));
#5654=CARTESIAN_POINT('Ctrl Pts',(-0.694935144260904,1.88978711291874,2.9));
#5655=CARTESIAN_POINT('Ctrl Pts',(-0.695581940626157,1.86128270132557,2.9));
#5656=CARTESIAN_POINT('Ctrl Pts',(-0.701854353350077,1.81942298178146,2.9));
#5657=CARTESIAN_POINT('Ctrl Pts',(-0.711528771929626,1.77923578140946,2.9));
#5658=CARTESIAN_POINT('Ctrl Pts',(-0.725374777200109,1.74077391059431,2.9));
#5659=CARTESIAN_POINT('Ctrl Pts',(-0.742709723133789,1.70384368163599,2.9));
#5660=CARTESIAN_POINT('Ctrl Pts',(-0.764431807789591,1.66887168956789,2.9));
#5661=CARTESIAN_POINT('Ctrl Pts',(-0.790056785669153,1.63563187723467,2.9));
#5662=CARTESIAN_POINT('Ctrl Pts',(-0.819127890061255,1.60452297086095,2.9));
#5663=CARTESIAN_POINT('Ctrl Pts',(-0.850772165858047,1.57596780025907,2.9));
#5664=CARTESIAN_POINT('Ctrl Pts',(-0.884467642358655,1.55117872066237,2.9));
#5665=CARTESIAN_POINT('Ctrl Pts',(-0.919302660023015,1.52968600411962,2.9));
#5666=CARTESIAN_POINT('Ctrl Pts',(-0.9558072480775,1.51250012289269,2.9));
#5667=CARTESIAN_POINT('Ctrl Pts',(-0.993656079582647,1.49899394417034,2.9));
#5668=CARTESIAN_POINT('Ctrl Pts',(-1.03301408768327,1.48954580850325,2.9));
#5669=CARTESIAN_POINT('Ctrl Pts',(-1.07379483558324,1.48362422124535,2.9));
#5670=CARTESIAN_POINT('Ctrl Pts',(-1.10146736326658,1.48292167421748,2.9));
#5671=CARTESIAN_POINT('Ctrl Pts',(-1.11547106305215,1.48256614985859,2.9));
#5672=CARTESIAN_POINT('',(-1.46169643070419,1.65690465127268,2.9));
#5673=CARTESIAN_POINT('Ctrl Pts',(-1.11547106305215,1.48256614985859,2.9));
#5674=CARTESIAN_POINT('Ctrl Pts',(-1.13248601325638,1.48306381409487,2.9));
#5675=CARTESIAN_POINT('Ctrl Pts',(-1.16590199598855,1.48404118630734,2.9));
#5676=CARTESIAN_POINT('Ctrl Pts',(-1.21490246428286,1.49254023793299,2.9));
#5677=CARTESIAN_POINT('Ctrl Pts',(-1.26174861117122,1.50611061071356,2.9));
#5678=CARTESIAN_POINT('Ctrl Pts',(-1.30647098645319,1.52535486636933,2.9));
#5679=CARTESIAN_POINT('Ctrl Pts',(-1.34898041577661,1.55007289812935,2.9));
#5680=CARTESIAN_POINT('Ctrl Pts',(-1.38917744768714,1.58034264161716,2.9));
#5681=CARTESIAN_POINT('Ctrl Pts',(-1.42737716094692,1.61587574005586,2.9));
#5682=CARTESIAN_POINT('Ctrl Pts',(-1.45008501462937,1.64302312749305,2.9));
#5683=CARTESIAN_POINT('Ctrl Pts',(-1.46169643070419,1.65690465127268,2.9));
#5684=CARTESIAN_POINT('',(-1.46169643070419,1.5,2.9));
#5685=CARTESIAN_POINT('',(-1.46169643070419,1.65690465127268,2.9));
#5686=CARTESIAN_POINT('',(-1.61860108197687,1.5,2.9));
#5687=CARTESIAN_POINT('',(-1.46169643070419,1.5,2.9));
#5688=CARTESIAN_POINT('',(-1.6709026324011,1.53486770028282,2.9));
#5689=CARTESIAN_POINT('Ctrl Pts',(-1.61860108197687,1.5,2.9));
#5690=CARTESIAN_POINT('Ctrl Pts',(-1.62297279760225,1.50004734203897,2.9));
#5691=CARTESIAN_POINT('Ctrl Pts',(-1.63103976751428,1.50013470060405,2.9));
#5692=CARTESIAN_POINT('Ctrl Pts',(-1.6421686266545,1.50218159352778,2.9));
#5693=CARTESIAN_POINT('Ctrl Pts',(-1.65157238855833,1.50487965333722,2.9));
#5694=CARTESIAN_POINT('Ctrl Pts',(-1.66088480847183,1.51061470431321,2.9));
#5695=CARTESIAN_POINT('Ctrl Pts',(-1.66912154622893,1.52060207468296,2.9));
#5696=CARTESIAN_POINT('Ctrl Pts',(-1.6703173878677,1.53018017896671,2.9));
#5697=CARTESIAN_POINT('Ctrl Pts',(-1.6709026324011,1.53486770028282,2.9));
#5698=CARTESIAN_POINT('',(-1.61860108197687,1.56973540056564,2.9));
#5699=CARTESIAN_POINT('Ctrl Pts',(-1.6709026324011,1.53486770028282,2.9));
#5700=CARTESIAN_POINT('Ctrl Pts',(-1.67036216526246,1.53974773055674,2.9));
#5701=CARTESIAN_POINT('Ctrl Pts',(-1.66928651802961,1.54946005288888,2.9));
#5702=CARTESIAN_POINT('Ctrl Pts',(-1.66091364885812,1.55951256397094,2.9));
#5703=CARTESIAN_POINT('Ctrl Pts',(-1.65148654113728,1.56479559617364,2.9));
#5704=CARTESIAN_POINT('Ctrl Pts',(-1.64218200128055,1.5675777654891,2.9));
#5705=CARTESIAN_POINT('Ctrl Pts',(-1.63103549095682,1.56959303920959,2.9));
#5706=CARTESIAN_POINT('Ctrl Pts',(-1.62297129455814,1.5696853660694,2.9));
#5707=CARTESIAN_POINT('Ctrl Pts',(-1.61860108197687,1.56973540056564,2.9));
#5708=CARTESIAN_POINT('',(-1.53143183126983,1.56973540056564,2.9));
#5709=CARTESIAN_POINT('',(-1.61860108197687,1.56973540056564,2.9));
#5710=CARTESIAN_POINT('',(-1.53143183126983,2.58089870876736,2.9));
#5711=CARTESIAN_POINT('',(-1.53143183126983,1.56973540056564,2.9));
#5712=CARTESIAN_POINT('',(-1.61860108197687,2.58089870876736,2.9));
#5713=CARTESIAN_POINT('',(-1.53143183126983,2.58089870876736,2.9));
#5714=CARTESIAN_POINT('',(-1.6709026324011,2.61576640905018,2.9));
#5715=CARTESIAN_POINT('Ctrl Pts',(-1.61860108197687,2.58089870876736,2.9));
#5716=CARTESIAN_POINT('Ctrl Pts',(-1.62297129455814,2.5809487432636,2.9));
#5717=CARTESIAN_POINT('Ctrl Pts',(-1.63103549095682,2.58104107012341,2.9));
#5718=CARTESIAN_POINT('Ctrl Pts',(-1.64218200128055,2.5830563438439,2.9));
#5719=CARTESIAN_POINT('Ctrl Pts',(-1.65148654113728,2.58583851315936,2.9));
#5720=CARTESIAN_POINT('Ctrl Pts',(-1.66091364885812,2.59112154536206,2.9));
#5721=CARTESIAN_POINT('Ctrl Pts',(-1.6692865180296,2.60117405644412,2.9));
#5722=CARTESIAN_POINT('Ctrl Pts',(-1.67036216526246,2.61088637877626,2.9));
#5723=CARTESIAN_POINT('Ctrl Pts',(-1.6709026324011,2.61576640905018,2.9));
#5724=CARTESIAN_POINT('Ctrl Pts',(-1.6709026324011,2.61576640905018,2.9));
#5725=CARTESIAN_POINT('Ctrl Pts',(-1.67033466519658,2.62046422367888,2.9));
#5726=CARTESIAN_POINT('Ctrl Pts',(-1.66918280987947,2.62999153919262,2.9));
#5727=CARTESIAN_POINT('Ctrl Pts',(-1.66081303564249,2.63980147555499,2.9));
#5728=CARTESIAN_POINT('Ctrl Pts',(-1.65152783806424,2.64542766176286,2.9));
#5729=CARTESIAN_POINT('Ctrl Pts',(-1.64222989430582,2.64854740347501,2.9));
#5730=CARTESIAN_POINT('Ctrl Pts',(-1.63102937791001,2.65046749096616,2.9));
#5731=CARTESIAN_POINT('Ctrl Pts',(-1.62296914605924,2.65057554943809,2.9));
#5732=CARTESIAN_POINT('Ctrl Pts',(-1.61860108197687,2.650634109333,2.9));
#5733=CARTESIAN_POINT('Origin',(0.,0.,0.));
#5734=CARTESIAN_POINT('',(-3.14,0.,-2.9));
#5735=CARTESIAN_POINT('',(-3.14,0.,-2.9));
#5736=CARTESIAN_POINT('',(-3.81,0.,-2.9));
#5737=CARTESIAN_POINT('',(-3.81,0.,-2.9));
#5738=CARTESIAN_POINT('',(3.81,0.,-2.9));
#5739=CARTESIAN_POINT('Origin',(0.,0.,0.));
#5740=CARTESIAN_POINT('',(-1.94,0.,-2.9));
#5741=CARTESIAN_POINT('',(-1.94,0.,-2.9));
#5742=CARTESIAN_POINT('',(-0.600000000000003,0.,-2.9));
#5743=CARTESIAN_POINT('',(3.81,0.,-2.9));
#5744=CARTESIAN_POINT('',(-0.600000000000003,0.,-2.9));
#5745=CARTESIAN_POINT('Origin',(0.,0.,0.));
#5746=CARTESIAN_POINT('',(0.599999999999997,0.,-2.9));
#5747=CARTESIAN_POINT('',(0.599999999999997,0.,-2.9));
#5748=CARTESIAN_POINT('',(1.94,0.,-2.9));
#5749=CARTESIAN_POINT('',(3.81,0.,-2.9));
#5750=CARTESIAN_POINT('',(1.94,0.,-2.9));
#5751=CARTESIAN_POINT('Origin',(-3.81,3.17,-2.9));
#5752=CARTESIAN_POINT('',(-3.81,3.17,-2.9));
#5753=CARTESIAN_POINT('Origin',(3.81,3.17,-2.9));
#5754=CARTESIAN_POINT('',(3.81,0.,-2.9));
#5755=CARTESIAN_POINT('',(3.81,0.,-2.9));
#5756=CARTESIAN_POINT('',(3.81,3.17,-2.9));
#5757=CARTESIAN_POINT('Origin',(3.81,3.17,-2.9));
#5758=CARTESIAN_POINT('',(-2.54,10.87,-2.9));
#5759=CARTESIAN_POINT('',(-2.54,11.17,-2.9));
#5760=CARTESIAN_POINT('',(-2.24000000000001,11.17,-2.9));
#5761=CARTESIAN_POINT('',(-2.24000000000001,11.17,-2.9));
#5762=CARTESIAN_POINT('',(2.24,11.17,-2.9));
#5763=CARTESIAN_POINT('',(2.54,11.17,-2.9));
#5764=CARTESIAN_POINT('',(2.54,10.87,-2.9));
#5765=CARTESIAN_POINT('',(2.24,11.17,-2.9));
#5766=CARTESIAN_POINT('',(2.54,11.17,-2.9));
#5767=CARTESIAN_POINT('',(3.14,0.,-2.9));
#5768=CARTESIAN_POINT('',(3.81,0.,-2.9));
#5769=CARTESIAN_POINT('',(3.14,1.2,-2.9));
#5770=CARTESIAN_POINT('',(3.14,1.2,-2.9));
#5771=CARTESIAN_POINT('',(1.94,1.2,-2.9));
#5772=CARTESIAN_POINT('',(1.94,1.2,-2.9));
#5773=CARTESIAN_POINT('',(1.94,1.2,-2.9));
#5774=CARTESIAN_POINT('',(0.599999999999997,1.2,-2.9));
#5775=CARTESIAN_POINT('',(0.599999999999997,1.2,-2.9));
#5776=CARTESIAN_POINT('',(-0.600000000000003,1.2,-2.9));
#5777=CARTESIAN_POINT('',(-0.600000000000003,1.2,-2.9));
#5778=CARTESIAN_POINT('',(-0.600000000000003,1.2,-2.9));
#5779=CARTESIAN_POINT('',(-1.94,1.2,-2.9));
#5780=CARTESIAN_POINT('',(-1.94,1.2,-2.9));
#5781=CARTESIAN_POINT('',(-3.14,1.2,-2.9));
#5782=CARTESIAN_POINT('',(-3.14,1.2,-2.9));
#5783=CARTESIAN_POINT('',(-3.14,1.2,-2.9));
#5784=CARTESIAN_POINT('Origin',(0.,0.,0.));
#5785=CARTESIAN_POINT('',(3.14,0.,-2.9));
#5786=CARTESIAN_POINT('Origin',(1.94,1.2,-2.9));
#5787=CARTESIAN_POINT('',(1.94,1.2,-2.9));
#5788=CARTESIAN_POINT('Origin',(1.94,1.2,-2.9));
#5789=CARTESIAN_POINT('',(3.14,1.2,-2.9));
#5790=CARTESIAN_POINT('',(2.84,1.2,-0.66));
#5791=CARTESIAN_POINT('',(2.24,1.2,-0.66));
#5792=CARTESIAN_POINT('',(1.94,1.2,-0.66));
#5793=CARTESIAN_POINT('',(2.24,1.2,-0.0599999999999996));
#5794=CARTESIAN_POINT('',(2.24,1.2,-2.9));
#5795=CARTESIAN_POINT('',(2.84,1.2,-0.0599999999999997));
#5796=CARTESIAN_POINT('',(1.94,1.2,-0.0599999999999997));
#5797=CARTESIAN_POINT('',(2.84,1.2,-2.9));
#5798=CARTESIAN_POINT('Origin',(3.14,1.2,-2.9));
#5799=CARTESIAN_POINT('Origin',(-0.600000000000003,1.2,-2.9));
#5800=CARTESIAN_POINT('',(-0.600000000000003,1.2,-2.9));
#5801=CARTESIAN_POINT('Origin',(-0.600000000000003,1.2,-2.9));
#5802=CARTESIAN_POINT('',(0.599999999999997,1.2,-2.9));
#5803=CARTESIAN_POINT('',(0.299999999999997,1.2,-0.659999999999999));
#5804=CARTESIAN_POINT('',(-0.300000000000003,1.2,-0.659999999999999));
#5805=CARTESIAN_POINT('',(-0.600000000000003,1.2,-0.659999999999999));
#5806=CARTESIAN_POINT('',(-0.300000000000003,1.2,-0.0599999999999992));
#5807=CARTESIAN_POINT('',(-0.300000000000003,1.2,-2.9));
#5808=CARTESIAN_POINT('',(0.299999999999997,1.2,-0.0599999999999993));
#5809=CARTESIAN_POINT('',(-0.600000000000003,1.2,-0.0599999999999993));
#5810=CARTESIAN_POINT('',(0.299999999999997,1.2,-2.9));
#5811=CARTESIAN_POINT('Origin',(0.599999999999997,1.2,-2.9));
#5812=CARTESIAN_POINT('Origin',(-3.14,1.2,-2.9));
#5813=CARTESIAN_POINT('',(-3.14,1.2,-2.9));
#5814=CARTESIAN_POINT('Origin',(-3.14,1.2,-2.9));
#5815=CARTESIAN_POINT('',(-1.94,1.2,-2.9));
#5816=CARTESIAN_POINT('',(-2.24,1.2,-0.659999999999999));
#5817=CARTESIAN_POINT('',(-2.84,1.2,-0.659999999999999));
#5818=CARTESIAN_POINT('',(-3.14,1.2,-0.659999999999999));
#5819=CARTESIAN_POINT('',(-2.84,1.2,-0.0599999999999987));
#5820=CARTESIAN_POINT('',(-2.84,1.2,-2.9));
#5821=CARTESIAN_POINT('',(-2.24,1.2,-0.0599999999999989));
#5822=CARTESIAN_POINT('',(-3.14,1.2,-0.0599999999999989));
#5823=CARTESIAN_POINT('',(-2.24,1.2,-2.9));
#5824=CARTESIAN_POINT('Origin',(-1.94,1.2,-2.9));
#5825=CARTESIAN_POINT('Origin',(2.24,0.,-0.66));
#5826=CARTESIAN_POINT('',(2.24,0.,-0.66));
#5827=CARTESIAN_POINT('',(2.24,0.,-0.0599999999999996));
#5828=CARTESIAN_POINT('Origin',(2.24,0.,-0.66));
#5829=CARTESIAN_POINT('',(2.84,0.,-0.66));
#5830=CARTESIAN_POINT('Origin',(2.84,0.,-0.66));
#5831=CARTESIAN_POINT('',(2.84,0.,-0.0599999999999996));
#5832=CARTESIAN_POINT('Origin',(2.24,0.,-0.0599999999999996));
#5833=CARTESIAN_POINT('Origin',(-0.300000000000003,0.,-0.659999999999999));
#5834=CARTESIAN_POINT('',(-0.300000000000003,0.,-0.659999999999999));
#5835=CARTESIAN_POINT('',(-0.300000000000003,0.,-0.0599999999999992));
#5836=CARTESIAN_POINT('Origin',(-0.300000000000003,0.,-0.659999999999999));
#5837=CARTESIAN_POINT('',(0.299999999999997,0.,-0.659999999999999));
#5838=CARTESIAN_POINT('Origin',(0.299999999999997,0.,-0.659999999999999));
#5839=CARTESIAN_POINT('',(0.299999999999997,0.,-0.0599999999999992));
#5840=CARTESIAN_POINT('Origin',(-0.300000000000003,0.,-0.0599999999999992));
#5841=CARTESIAN_POINT('Origin',(-2.84,0.,-0.659999999999999));
#5842=CARTESIAN_POINT('',(-2.84,0.,-0.659999999999999));
#5843=CARTESIAN_POINT('',(-2.84,0.,-0.0599999999999987));
#5844=CARTESIAN_POINT('Origin',(-2.84,0.,-0.659999999999999));
#5845=CARTESIAN_POINT('',(-2.24,0.,-0.659999999999999));
#5846=CARTESIAN_POINT('Origin',(-2.24,0.,-0.659999999999999));
#5847=CARTESIAN_POINT('',(-2.24,0.,-0.0599999999999987));
#5848=CARTESIAN_POINT('Origin',(-2.84,0.,-0.0599999999999987));
#5849=CARTESIAN_POINT('Origin',(-1.61860108197687,2.650634109333,2.6));
#5850=CARTESIAN_POINT('',(-1.61860108197687,2.650634109333,2.6));
#5851=CARTESIAN_POINT('',(-1.61860108197687,2.650634109333,2.6));
#5852=CARTESIAN_POINT('',(-1.46169643070419,2.650634109333,2.6));
#5853=CARTESIAN_POINT('',(-1.61860108197687,2.650634109333,2.6));
#5854=CARTESIAN_POINT('',(-1.46169643070419,2.650634109333,2.6));
#5855=CARTESIAN_POINT('Origin',(-1.46169643070419,2.650634109333,2.6));
#5856=CARTESIAN_POINT('',(-1.46169643070419,2.14586966695751,2.6));
#5857=CARTESIAN_POINT('',(-1.46169643070419,2.650634109333,2.6));
#5858=CARTESIAN_POINT('',(-1.46169643070419,2.14586966695751,2.6));
#5859=CARTESIAN_POINT('Ctrl Pts',(-1.46169643070419,2.14586966695751,2.6));
#5860=CARTESIAN_POINT('Ctrl Pts',(-1.46169643070419,2.14586966695751,2.96));
#5861=CARTESIAN_POINT('Ctrl Pts',(-1.4496944059647,2.15964142989674,2.6));
#5862=CARTESIAN_POINT('Ctrl Pts',(-1.4496944059647,2.15964142989674,2.96));
#5863=CARTESIAN_POINT('Ctrl Pts',(-1.42620025796568,2.18659986763742,2.6));
#5864=CARTESIAN_POINT('Ctrl Pts',(-1.42620025796568,2.18659986763742,2.96));
#5865=CARTESIAN_POINT('Ctrl Pts',(-1.38741432821954,2.22206082456846,2.6));
#5866=CARTESIAN_POINT('Ctrl Pts',(-1.38741432821954,2.22206082456846,2.96));
#5867=CARTESIAN_POINT('Ctrl Pts',(-1.3467118436127,2.2521350082711,2.6));
#5868=CARTESIAN_POINT('Ctrl Pts',(-1.3467118436127,2.2521350082711,2.96));
#5869=CARTESIAN_POINT('Ctrl Pts',(-1.30421106459533,2.27682480078098,2.6));
#5870=CARTESIAN_POINT('Ctrl Pts',(-1.30421106459533,2.27682480078098,2.96));
#5871=CARTESIAN_POINT('Ctrl Pts',(-1.25958655079739,2.29573273919732,2.6));
#5872=CARTESIAN_POINT('Ctrl Pts',(-1.25958655079739,2.29573273919732,2.96));
#5873=CARTESIAN_POINT('Ctrl Pts',(-1.21328592139007,2.30944264572682,2.6));
#5874=CARTESIAN_POINT('Ctrl Pts',(-1.21328592139007,2.30944264572682,2.96));
#5875=CARTESIAN_POINT('Ctrl Pts',(-1.16499250085605,2.31787772473222,2.6));
#5876=CARTESIAN_POINT('Ctrl Pts',(-1.16499250085605,2.31787772473222,2.96));
#5877=CARTESIAN_POINT('Ctrl Pts',(-1.13212158717069,2.3188821647856,2.6));
#5878=CARTESIAN_POINT('Ctrl Pts',(-1.13212158717069,2.3188821647856,2.96));
#5879=CARTESIAN_POINT('Ctrl Pts',(-1.11547106305215,2.31939095664623,2.6));
#5880=CARTESIAN_POINT('Ctrl Pts',(-1.11547106305215,2.31939095664623,2.96));
#5881=CARTESIAN_POINT('',(-1.11547106305215,2.31939095664623,2.6));
#5882=CARTESIAN_POINT('Ctrl Pts',(-1.46169643070419,2.14586966695751,2.6));
#5883=CARTESIAN_POINT('Ctrl Pts',(-1.4496944059647,2.15964142989674,2.6));
#5884=CARTESIAN_POINT('Ctrl Pts',(-1.42620025796568,2.18659986763742,2.6));
#5885=CARTESIAN_POINT('Ctrl Pts',(-1.38741432821954,2.22206082456846,2.6));
#5886=CARTESIAN_POINT('Ctrl Pts',(-1.3467118436127,2.2521350082711,2.6));
#5887=CARTESIAN_POINT('Ctrl Pts',(-1.30421106459533,2.27682480078098,2.6));
#5888=CARTESIAN_POINT('Ctrl Pts',(-1.25958655079739,2.29573273919732,2.6));
#5889=CARTESIAN_POINT('Ctrl Pts',(-1.21328592139007,2.30944264572682,2.6));
#5890=CARTESIAN_POINT('Ctrl Pts',(-1.16499250085605,2.31787772473222,2.6));
#5891=CARTESIAN_POINT('Ctrl Pts',(-1.13212158717069,2.3188821647856,2.6));
#5892=CARTESIAN_POINT('Ctrl Pts',(-1.11547106305215,2.31939095664623,2.6));
#5893=CARTESIAN_POINT('',(-1.11547106305215,2.31939095664623,2.6));
#5894=CARTESIAN_POINT('Ctrl Pts',(-1.11547106305215,2.31939095664623,2.6));
#5895=CARTESIAN_POINT('Ctrl Pts',(-1.11547106305215,2.31939095664623,2.96));
#5896=CARTESIAN_POINT('Ctrl Pts',(-1.1011938536383,2.31904790933581,2.6));
#5897=CARTESIAN_POINT('Ctrl Pts',(-1.1011938536383,2.31904790933581,2.96));
#5898=CARTESIAN_POINT('Ctrl Pts',(-1.07315663867741,2.31837424189105,2.6));
#5899=CARTESIAN_POINT('Ctrl Pts',(-1.07315663867741,2.31837424189105,2.96));
#5900=CARTESIAN_POINT('Ctrl Pts',(-1.03195640422569,2.31235737218304,2.6));
#5901=CARTESIAN_POINT('Ctrl Pts',(-1.03195640422569,2.31235737218304,2.96));
#5902=CARTESIAN_POINT('Ctrl Pts',(-0.992252734151766,2.3031702390364,2.6));
#5903=CARTESIAN_POINT('Ctrl Pts',(-0.992252734151766,2.3031702390364,2.96));
#5904=CARTESIAN_POINT('Ctrl Pts',(-0.953966092900894,2.29021152239349,2.6));
#5905=CARTESIAN_POINT('Ctrl Pts',(-0.953966092900894,2.29021152239349,2.96));
#5906=CARTESIAN_POINT('Ctrl Pts',(-0.917562599921416,2.27270335895613,2.6));
#5907=CARTESIAN_POINT('Ctrl Pts',(-0.917562599921416,2.27270335895613,2.96));
#5908=CARTESIAN_POINT('Ctrl Pts',(-0.882602194326428,2.2519897918927,2.6));
#5909=CARTESIAN_POINT('Ctrl Pts',(-0.882602194326428,2.2519897918927,2.96));
#5910=CARTESIAN_POINT('Ctrl Pts',(-0.849064345264809,2.22762639225851,2.6));
#5911=CARTESIAN_POINT('Ctrl Pts',(-0.849064345264809,2.22762639225851,2.96));
#5912=CARTESIAN_POINT('Ctrl Pts',(-0.817943178169914,2.19943709069703,2.6));
#5913=CARTESIAN_POINT('Ctrl Pts',(-0.817943178169914,2.19943709069703,2.96));
#5914=CARTESIAN_POINT('Ctrl Pts',(-0.789095674553133,2.16885245783273,2.6));
#5915=CARTESIAN_POINT('Ctrl Pts',(-0.789095674553133,2.16885245783273,2.96));
#5916=CARTESIAN_POINT('Ctrl Pts',(-0.763642543153018,2.13621505021545,2.6));
#5917=CARTESIAN_POINT('Ctrl Pts',(-0.763642543153018,2.13621505021545,2.96));
#5918=CARTESIAN_POINT('Ctrl Pts',(-0.742316658832585,2.10163172268389,2.6));
#5919=CARTESIAN_POINT('Ctrl Pts',(-0.742316658832585,2.10163172268389,2.96));
#5920=CARTESIAN_POINT('Ctrl Pts',(-0.724667521332481,2.06556370765806,2.6));
#5921=CARTESIAN_POINT('Ctrl Pts',(-0.724667521332481,2.06556370765806,2.96));
#5922=CARTESIAN_POINT('Ctrl Pts',(-0.711378706138781,2.02755985471819,2.6));
#5923=CARTESIAN_POINT('Ctrl Pts',(-0.711378706138781,2.02755985471819,2.96));
#5924=CARTESIAN_POINT('Ctrl Pts',(-0.701462293467596,1.9880241232739,2.6));
#5925=CARTESIAN_POINT('Ctrl Pts',(-0.701462293467596,1.9880241232739,2.96));
#5926=CARTESIAN_POINT('Ctrl Pts',(-0.695682272694431,1.94664087365403,2.6));
#5927=CARTESIAN_POINT('Ctrl Pts',(-0.695682272694431,1.94664087365403,2.96));
#5928=CARTESIAN_POINT('Ctrl Pts',(-0.694969051627389,1.91852093068529,2.6));
#5929=CARTESIAN_POINT('Ctrl Pts',(-0.694969051627389,1.91852093068529,2.96));
#5930=CARTESIAN_POINT('Ctrl Pts',(-0.694607024482193,1.90424740015392,2.6));
#5931=CARTESIAN_POINT('Ctrl Pts',(-0.694607024482193,1.90424740015392,2.96));
#5932=CARTESIAN_POINT('',(-0.694607024482193,1.90424740015392,2.6));
#5933=CARTESIAN_POINT('Ctrl Pts',(-1.11547106305215,2.31939095664623,2.6));
#5934=CARTESIAN_POINT('Ctrl Pts',(-1.1011938536383,2.31904790933581,2.6));
#5935=CARTESIAN_POINT('Ctrl Pts',(-1.07315663867741,2.31837424189105,2.6));
#5936=CARTESIAN_POINT('Ctrl Pts',(-1.03195640422569,2.31235737218304,2.6));
#5937=CARTESIAN_POINT('Ctrl Pts',(-0.992252734151766,2.3031702390364,2.6));
#5938=CARTESIAN_POINT('Ctrl Pts',(-0.953966092900894,2.29021152239349,2.6));
#5939=CARTESIAN_POINT('Ctrl Pts',(-0.917562599921416,2.27270335895613,2.6));
#5940=CARTESIAN_POINT('Ctrl Pts',(-0.882602194326428,2.2519897918927,2.6));
#5941=CARTESIAN_POINT('Ctrl Pts',(-0.849064345264809,2.22762639225851,2.6));
#5942=CARTESIAN_POINT('Ctrl Pts',(-0.817943178169914,2.19943709069703,2.6));
#5943=CARTESIAN_POINT('Ctrl Pts',(-0.789095674553133,2.16885245783273,2.6));
#5944=CARTESIAN_POINT('Ctrl Pts',(-0.763642543153018,2.13621505021545,2.6));
#5945=CARTESIAN_POINT('Ctrl Pts',(-0.742316658832585,2.10163172268389,2.6));
#5946=CARTESIAN_POINT('Ctrl Pts',(-0.724667521332481,2.06556370765806,2.6));
#5947=CARTESIAN_POINT('Ctrl Pts',(-0.711378706138781,2.02755985471819,2.6));
#5948=CARTESIAN_POINT('Ctrl Pts',(-0.701462293467596,1.9880241232739,2.6));
#5949=CARTESIAN_POINT('Ctrl Pts',(-0.695682272694431,1.94664087365403,2.6));
#5950=CARTESIAN_POINT('Ctrl Pts',(-0.694969051627389,1.91852093068529,2.6));
#5951=CARTESIAN_POINT('Ctrl Pts',(-0.694607024482193,1.90424740015392,2.6));
#5952=CARTESIAN_POINT('',(-0.694607024482193,1.90424740015392,2.6));
#5953=CARTESIAN_POINT('Ctrl Pts',(-0.694607024482193,1.90424740015392,2.6));
#5954=CARTESIAN_POINT('Ctrl Pts',(-0.694607024482193,1.90424740015392,2.96));
#5955=CARTESIAN_POINT('Ctrl Pts',(-0.694935144260904,1.88978711291874,2.6));
#5956=CARTESIAN_POINT('Ctrl Pts',(-0.694935144260904,1.88978711291874,2.96));
#5957=CARTESIAN_POINT('Ctrl Pts',(-0.695581940626157,1.86128270132557,2.6));
#5958=CARTESIAN_POINT('Ctrl Pts',(-0.695581940626157,1.86128270132557,2.96));
#5959=CARTESIAN_POINT('Ctrl Pts',(-0.701854353350077,1.81942298178146,2.6));
#5960=CARTESIAN_POINT('Ctrl Pts',(-0.701854353350077,1.81942298178146,2.96));
#5961=CARTESIAN_POINT('Ctrl Pts',(-0.711528771929626,1.77923578140946,2.6));
#5962=CARTESIAN_POINT('Ctrl Pts',(-0.711528771929626,1.77923578140946,2.96));
#5963=CARTESIAN_POINT('Ctrl Pts',(-0.725374777200109,1.74077391059431,2.6));
#5964=CARTESIAN_POINT('Ctrl Pts',(-0.725374777200109,1.74077391059431,2.96));
#5965=CARTESIAN_POINT('Ctrl Pts',(-0.742709723133789,1.70384368163599,2.6));
#5966=CARTESIAN_POINT('Ctrl Pts',(-0.742709723133789,1.70384368163599,2.96));
#5967=CARTESIAN_POINT('Ctrl Pts',(-0.764431807789591,1.66887168956789,2.6));
#5968=CARTESIAN_POINT('Ctrl Pts',(-0.764431807789591,1.66887168956789,2.96));
#5969=CARTESIAN_POINT('Ctrl Pts',(-0.790056785669153,1.63563187723467,2.6));
#5970=CARTESIAN_POINT('Ctrl Pts',(-0.790056785669153,1.63563187723467,2.96));
#5971=CARTESIAN_POINT('Ctrl Pts',(-0.819127890061255,1.60452297086095,2.6));
#5972=CARTESIAN_POINT('Ctrl Pts',(-0.819127890061255,1.60452297086095,2.96));
#5973=CARTESIAN_POINT('Ctrl Pts',(-0.850772165858047,1.57596780025907,2.6));
#5974=CARTESIAN_POINT('Ctrl Pts',(-0.850772165858047,1.57596780025907,2.96));
#5975=CARTESIAN_POINT('Ctrl Pts',(-0.884467642358655,1.55117872066237,2.6));
#5976=CARTESIAN_POINT('Ctrl Pts',(-0.884467642358655,1.55117872066237,2.96));
#5977=CARTESIAN_POINT('Ctrl Pts',(-0.919302660023015,1.52968600411962,2.6));
#5978=CARTESIAN_POINT('Ctrl Pts',(-0.919302660023015,1.52968600411962,2.96));
#5979=CARTESIAN_POINT('Ctrl Pts',(-0.9558072480775,1.51250012289269,2.6));
#5980=CARTESIAN_POINT('Ctrl Pts',(-0.9558072480775,1.51250012289269,2.96));
#5981=CARTESIAN_POINT('Ctrl Pts',(-0.993656079582647,1.49899394417034,2.6));
#5982=CARTESIAN_POINT('Ctrl Pts',(-0.993656079582647,1.49899394417034,2.96));
#5983=CARTESIAN_POINT('Ctrl Pts',(-1.03301408768327,1.48954580850325,2.6));
#5984=CARTESIAN_POINT('Ctrl Pts',(-1.03301408768327,1.48954580850325,2.96));
#5985=CARTESIAN_POINT('Ctrl Pts',(-1.07379483558324,1.48362422124535,2.6));
#5986=CARTESIAN_POINT('Ctrl Pts',(-1.07379483558324,1.48362422124535,2.96));
#5987=CARTESIAN_POINT('Ctrl Pts',(-1.10146736326658,1.48292167421748,2.6));
#5988=CARTESIAN_POINT('Ctrl Pts',(-1.10146736326658,1.48292167421748,2.96));
#5989=CARTESIAN_POINT('Ctrl Pts',(-1.11547106305215,1.48256614985859,2.6));
#5990=CARTESIAN_POINT('Ctrl Pts',(-1.11547106305215,1.48256614985859,2.96));
#5991=CARTESIAN_POINT('',(-1.11547106305215,1.48256614985859,2.6));
#5992=CARTESIAN_POINT('Ctrl Pts',(-0.694607024482193,1.90424740015392,2.6));
#5993=CARTESIAN_POINT('Ctrl Pts',(-0.694935144260904,1.88978711291874,2.6));
#5994=CARTESIAN_POINT('Ctrl Pts',(-0.695581940626157,1.86128270132557,2.6));
#5995=CARTESIAN_POINT('Ctrl Pts',(-0.701854353350077,1.81942298178146,2.6));
#5996=CARTESIAN_POINT('Ctrl Pts',(-0.711528771929626,1.77923578140946,2.6));
#5997=CARTESIAN_POINT('Ctrl Pts',(-0.725374777200109,1.74077391059431,2.6));
#5998=CARTESIAN_POINT('Ctrl Pts',(-0.742709723133789,1.70384368163599,2.6));
#5999=CARTESIAN_POINT('Ctrl Pts',(-0.764431807789591,1.66887168956789,2.6));
#6000=CARTESIAN_POINT('Ctrl Pts',(-0.790056785669153,1.63563187723467,2.6));
#6001=CARTESIAN_POINT('Ctrl Pts',(-0.819127890061255,1.60452297086095,2.6));
#6002=CARTESIAN_POINT('Ctrl Pts',(-0.850772165858047,1.57596780025907,2.6));
#6003=CARTESIAN_POINT('Ctrl Pts',(-0.884467642358655,1.55117872066237,2.6));
#6004=CARTESIAN_POINT('Ctrl Pts',(-0.919302660023015,1.52968600411962,2.6));
#6005=CARTESIAN_POINT('Ctrl Pts',(-0.9558072480775,1.51250012289269,2.6));
#6006=CARTESIAN_POINT('Ctrl Pts',(-0.993656079582647,1.49899394417034,2.6));
#6007=CARTESIAN_POINT('Ctrl Pts',(-1.03301408768327,1.48954580850325,2.6));
#6008=CARTESIAN_POINT('Ctrl Pts',(-1.07379483558324,1.48362422124535,2.6));
#6009=CARTESIAN_POINT('Ctrl Pts',(-1.10146736326658,1.48292167421748,2.6));
#6010=CARTESIAN_POINT('Ctrl Pts',(-1.11547106305215,1.48256614985859,2.6));
#6011=CARTESIAN_POINT('',(-1.11547106305215,1.48256614985859,2.6));
#6012=CARTESIAN_POINT('Ctrl Pts',(-1.11547106305215,1.48256614985859,2.6));
#6013=CARTESIAN_POINT('Ctrl Pts',(-1.11547106305215,1.48256614985859,2.96));
#6014=CARTESIAN_POINT('Ctrl Pts',(-1.13248601325638,1.48306381409487,2.6));
#6015=CARTESIAN_POINT('Ctrl Pts',(-1.13248601325638,1.48306381409487,2.96));
#6016=CARTESIAN_POINT('Ctrl Pts',(-1.16590199598855,1.48404118630734,2.6));
#6017=CARTESIAN_POINT('Ctrl Pts',(-1.16590199598855,1.48404118630734,2.96));
#6018=CARTESIAN_POINT('Ctrl Pts',(-1.21490246428286,1.49254023793299,2.6));
#6019=CARTESIAN_POINT('Ctrl Pts',(-1.21490246428286,1.49254023793299,2.96));
#6020=CARTESIAN_POINT('Ctrl Pts',(-1.26174861117122,1.50611061071356,2.6));
#6021=CARTESIAN_POINT('Ctrl Pts',(-1.26174861117122,1.50611061071356,2.96));
#6022=CARTESIAN_POINT('Ctrl Pts',(-1.30647098645319,1.52535486636933,2.6));
#6023=CARTESIAN_POINT('Ctrl Pts',(-1.30647098645319,1.52535486636933,2.96));
#6024=CARTESIAN_POINT('Ctrl Pts',(-1.34898041577661,1.55007289812935,2.6));
#6025=CARTESIAN_POINT('Ctrl Pts',(-1.34898041577661,1.55007289812935,2.96));
#6026=CARTESIAN_POINT('Ctrl Pts',(-1.38917744768714,1.58034264161716,2.6));
#6027=CARTESIAN_POINT('Ctrl Pts',(-1.38917744768714,1.58034264161716,2.96));
#6028=CARTESIAN_POINT('Ctrl Pts',(-1.42737716094692,1.61587574005586,2.6));
#6029=CARTESIAN_POINT('Ctrl Pts',(-1.42737716094692,1.61587574005586,2.96));
#6030=CARTESIAN_POINT('Ctrl Pts',(-1.45008501462937,1.64302312749305,2.6));
#6031=CARTESIAN_POINT('Ctrl Pts',(-1.45008501462937,1.64302312749305,2.96));
#6032=CARTESIAN_POINT('Ctrl Pts',(-1.46169643070419,1.65690465127268,2.6));
#6033=CARTESIAN_POINT('Ctrl Pts',(-1.46169643070419,1.65690465127268,2.96));
#6034=CARTESIAN_POINT('',(-1.46169643070419,1.65690465127268,2.6));
#6035=CARTESIAN_POINT('Ctrl Pts',(-1.11547106305215,1.48256614985859,2.6));
#6036=CARTESIAN_POINT('Ctrl Pts',(-1.13248601325638,1.48306381409487,2.6));
#6037=CARTESIAN_POINT('Ctrl Pts',(-1.16590199598855,1.48404118630734,2.6));
#6038=CARTESIAN_POINT('Ctrl Pts',(-1.21490246428286,1.49254023793299,2.6));
#6039=CARTESIAN_POINT('Ctrl Pts',(-1.26174861117122,1.50611061071356,2.6));
#6040=CARTESIAN_POINT('Ctrl Pts',(-1.30647098645319,1.52535486636933,2.6));
#6041=CARTESIAN_POINT('Ctrl Pts',(-1.34898041577661,1.55007289812935,2.6));
#6042=CARTESIAN_POINT('Ctrl Pts',(-1.38917744768714,1.58034264161716,2.6));
#6043=CARTESIAN_POINT('Ctrl Pts',(-1.42737716094692,1.61587574005586,2.6));
#6044=CARTESIAN_POINT('Ctrl Pts',(-1.45008501462937,1.64302312749305,2.6));
#6045=CARTESIAN_POINT('Ctrl Pts',(-1.46169643070419,1.65690465127268,2.6));
#6046=CARTESIAN_POINT('',(-1.46169643070419,1.65690465127268,2.6));
#6047=CARTESIAN_POINT('Origin',(-1.46169643070419,1.65690465127268,2.6));
#6048=CARTESIAN_POINT('',(-1.46169643070419,1.5,2.6));
#6049=CARTESIAN_POINT('',(-1.46169643070419,1.65690465127268,2.6));
#6050=CARTESIAN_POINT('',(-1.46169643070419,1.5,2.6));
#6051=CARTESIAN_POINT('Origin',(-1.46169643070419,1.5,2.6));
#6052=CARTESIAN_POINT('',(-1.61860108197687,1.5,2.6));
#6053=CARTESIAN_POINT('',(-1.46169643070419,1.5,2.6));
#6054=CARTESIAN_POINT('',(-1.61860108197687,1.5,2.6));
#6055=CARTESIAN_POINT('Ctrl Pts',(-1.61860108197687,1.5,2.6));
#6056=CARTESIAN_POINT('Ctrl Pts',(-1.61860108197687,1.5,2.96));
#6057=CARTESIAN_POINT('Ctrl Pts',(-1.62297279760225,1.50004734203897,2.6));
#6058=CARTESIAN_POINT('Ctrl Pts',(-1.62297279760225,1.50004734203897,2.96));
#6059=CARTESIAN_POINT('Ctrl Pts',(-1.63103976751428,1.50013470060405,2.6));
#6060=CARTESIAN_POINT('Ctrl Pts',(-1.63103976751428,1.50013470060405,2.96));
#6061=CARTESIAN_POINT('Ctrl Pts',(-1.6421686266545,1.50218159352778,2.6));
#6062=CARTESIAN_POINT('Ctrl Pts',(-1.6421686266545,1.50218159352778,2.96));
#6063=CARTESIAN_POINT('Ctrl Pts',(-1.65157238855833,1.50487965333722,2.6));
#6064=CARTESIAN_POINT('Ctrl Pts',(-1.65157238855833,1.50487965333722,2.96));
#6065=CARTESIAN_POINT('Ctrl Pts',(-1.66088480847183,1.51061470431321,2.6));
#6066=CARTESIAN_POINT('Ctrl Pts',(-1.66088480847183,1.51061470431321,2.96));
#6067=CARTESIAN_POINT('Ctrl Pts',(-1.66912154622893,1.52060207468296,2.6));
#6068=CARTESIAN_POINT('Ctrl Pts',(-1.66912154622893,1.52060207468296,2.96));
#6069=CARTESIAN_POINT('Ctrl Pts',(-1.6703173878677,1.53018017896671,2.6));
#6070=CARTESIAN_POINT('Ctrl Pts',(-1.6703173878677,1.53018017896671,2.96));
#6071=CARTESIAN_POINT('Ctrl Pts',(-1.6709026324011,1.53486770028282,2.6));
#6072=CARTESIAN_POINT('Ctrl Pts',(-1.6709026324011,1.53486770028282,2.96));
#6073=CARTESIAN_POINT('',(-1.6709026324011,1.53486770028282,2.6));
#6074=CARTESIAN_POINT('Ctrl Pts',(-1.61860108197687,1.5,2.6));
#6075=CARTESIAN_POINT('Ctrl Pts',(-1.62297279760225,1.50004734203897,2.6));
#6076=CARTESIAN_POINT('Ctrl Pts',(-1.63103976751428,1.50013470060405,2.6));
#6077=CARTESIAN_POINT('Ctrl Pts',(-1.6421686266545,1.50218159352778,2.6));
#6078=CARTESIAN_POINT('Ctrl Pts',(-1.65157238855833,1.50487965333722,2.6));
#6079=CARTESIAN_POINT('Ctrl Pts',(-1.66088480847183,1.51061470431321,2.6));
#6080=CARTESIAN_POINT('Ctrl Pts',(-1.66912154622893,1.52060207468296,2.6));
#6081=CARTESIAN_POINT('Ctrl Pts',(-1.6703173878677,1.53018017896671,2.6));
#6082=CARTESIAN_POINT('Ctrl Pts',(-1.6709026324011,1.53486770028282,2.6));
#6083=CARTESIAN_POINT('',(-1.6709026324011,1.53486770028282,2.6));
#6084=CARTESIAN_POINT('Ctrl Pts',(-1.6709026324011,1.53486770028282,2.6));
#6085=CARTESIAN_POINT('Ctrl Pts',(-1.6709026324011,1.53486770028282,2.96));
#6086=CARTESIAN_POINT('Ctrl Pts',(-1.67036216526246,1.53974773055674,2.6));
#6087=CARTESIAN_POINT('Ctrl Pts',(-1.67036216526246,1.53974773055674,2.96));
#6088=CARTESIAN_POINT('Ctrl Pts',(-1.66928651802961,1.54946005288888,2.6));
#6089=CARTESIAN_POINT('Ctrl Pts',(-1.66928651802961,1.54946005288888,2.96));
#6090=CARTESIAN_POINT('Ctrl Pts',(-1.66091364885812,1.55951256397094,2.6));
#6091=CARTESIAN_POINT('Ctrl Pts',(-1.66091364885812,1.55951256397094,2.96));
#6092=CARTESIAN_POINT('Ctrl Pts',(-1.65148654113728,1.56479559617364,2.6));
#6093=CARTESIAN_POINT('Ctrl Pts',(-1.65148654113728,1.56479559617364,2.96));
#6094=CARTESIAN_POINT('Ctrl Pts',(-1.64218200128055,1.5675777654891,2.6));
#6095=CARTESIAN_POINT('Ctrl Pts',(-1.64218200128055,1.5675777654891,2.96));
#6096=CARTESIAN_POINT('Ctrl Pts',(-1.63103549095682,1.56959303920959,2.6));
#6097=CARTESIAN_POINT('Ctrl Pts',(-1.63103549095682,1.56959303920959,2.96));
#6098=CARTESIAN_POINT('Ctrl Pts',(-1.62297129455814,1.5696853660694,2.6));
#6099=CARTESIAN_POINT('Ctrl Pts',(-1.62297129455814,1.5696853660694,2.96));
#6100=CARTESIAN_POINT('Ctrl Pts',(-1.61860108197687,1.56973540056564,2.6));
#6101=CARTESIAN_POINT('Ctrl Pts',(-1.61860108197687,1.56973540056564,2.96));
#6102=CARTESIAN_POINT('',(-1.61860108197687,1.56973540056564,2.6));
#6103=CARTESIAN_POINT('Ctrl Pts',(-1.6709026324011,1.53486770028282,2.6));
#6104=CARTESIAN_POINT('Ctrl Pts',(-1.67036216526246,1.53974773055674,2.6));
#6105=CARTESIAN_POINT('Ctrl Pts',(-1.66928651802961,1.54946005288888,2.6));
#6106=CARTESIAN_POINT('Ctrl Pts',(-1.66091364885812,1.55951256397094,2.6));
#6107=CARTESIAN_POINT('Ctrl Pts',(-1.65148654113728,1.56479559617364,2.6));
#6108=CARTESIAN_POINT('Ctrl Pts',(-1.64218200128055,1.5675777654891,2.6));
#6109=CARTESIAN_POINT('Ctrl Pts',(-1.63103549095682,1.56959303920959,2.6));
#6110=CARTESIAN_POINT('Ctrl Pts',(-1.62297129455814,1.5696853660694,2.6));
#6111=CARTESIAN_POINT('Ctrl Pts',(-1.61860108197687,1.56973540056564,2.6));
#6112=CARTESIAN_POINT('',(-1.61860108197687,1.56973540056564,2.6));
#6113=CARTESIAN_POINT('Origin',(-1.61860108197687,1.56973540056564,2.6));
#6114=CARTESIAN_POINT('',(-1.53143183126983,1.56973540056564,2.6));
#6115=CARTESIAN_POINT('',(-1.61860108197687,1.56973540056564,2.6));
#6116=CARTESIAN_POINT('',(-1.53143183126983,1.56973540056564,2.6));
#6117=CARTESIAN_POINT('Origin',(-1.53143183126983,1.56973540056564,2.6));
#6118=CARTESIAN_POINT('',(-1.53143183126983,2.58089870876736,2.6));
#6119=CARTESIAN_POINT('',(-1.53143183126983,1.56973540056564,2.6));
#6120=CARTESIAN_POINT('',(-1.53143183126983,2.58089870876736,2.6));
#6121=CARTESIAN_POINT('Origin',(-1.53143183126983,2.58089870876736,2.6));
#6122=CARTESIAN_POINT('',(-1.61860108197687,2.58089870876736,2.6));
#6123=CARTESIAN_POINT('',(-1.53143183126983,2.58089870876736,2.6));
#6124=CARTESIAN_POINT('',(-1.61860108197687,2.58089870876736,2.6));
#6125=CARTESIAN_POINT('Ctrl Pts',(-1.61860108197687,2.58089870876736,2.6));
#6126=CARTESIAN_POINT('Ctrl Pts',(-1.61860108197687,2.58089870876736,2.96));
#6127=CARTESIAN_POINT('Ctrl Pts',(-1.62297129455814,2.5809487432636,2.6));
#6128=CARTESIAN_POINT('Ctrl Pts',(-1.62297129455814,2.5809487432636,2.96));
#6129=CARTESIAN_POINT('Ctrl Pts',(-1.63103549095682,2.58104107012341,2.6));
#6130=CARTESIAN_POINT('Ctrl Pts',(-1.63103549095682,2.58104107012341,2.96));
#6131=CARTESIAN_POINT('Ctrl Pts',(-1.64218200128055,2.5830563438439,2.6));
#6132=CARTESIAN_POINT('Ctrl Pts',(-1.64218200128055,2.5830563438439,2.96));
#6133=CARTESIAN_POINT('Ctrl Pts',(-1.65148654113728,2.58583851315936,2.6));
#6134=CARTESIAN_POINT('Ctrl Pts',(-1.65148654113728,2.58583851315936,2.96));
#6135=CARTESIAN_POINT('Ctrl Pts',(-1.66091364885812,2.59112154536206,2.6));
#6136=CARTESIAN_POINT('Ctrl Pts',(-1.66091364885812,2.59112154536206,2.96));
#6137=CARTESIAN_POINT('Ctrl Pts',(-1.6692865180296,2.60117405644412,2.6));
#6138=CARTESIAN_POINT('Ctrl Pts',(-1.6692865180296,2.60117405644412,2.96));
#6139=CARTESIAN_POINT('Ctrl Pts',(-1.67036216526246,2.61088637877626,2.6));
#6140=CARTESIAN_POINT('Ctrl Pts',(-1.67036216526246,2.61088637877626,2.96));
#6141=CARTESIAN_POINT('Ctrl Pts',(-1.6709026324011,2.61576640905018,2.6));
#6142=CARTESIAN_POINT('Ctrl Pts',(-1.6709026324011,2.61576640905018,2.96));
#6143=CARTESIAN_POINT('',(-1.6709026324011,2.61576640905018,2.6));
#6144=CARTESIAN_POINT('Ctrl Pts',(-1.61860108197687,2.58089870876736,2.6));
#6145=CARTESIAN_POINT('Ctrl Pts',(-1.62297129455814,2.5809487432636,2.6));
#6146=CARTESIAN_POINT('Ctrl Pts',(-1.63103549095682,2.58104107012341,2.6));
#6147=CARTESIAN_POINT('Ctrl Pts',(-1.64218200128055,2.5830563438439,2.6));
#6148=CARTESIAN_POINT('Ctrl Pts',(-1.65148654113728,2.58583851315936,2.6));
#6149=CARTESIAN_POINT('Ctrl Pts',(-1.66091364885812,2.59112154536206,2.6));
#6150=CARTESIAN_POINT('Ctrl Pts',(-1.6692865180296,2.60117405644412,2.6));
#6151=CARTESIAN_POINT('Ctrl Pts',(-1.67036216526246,2.61088637877626,2.6));
#6152=CARTESIAN_POINT('Ctrl Pts',(-1.6709026324011,2.61576640905018,2.6));
#6153=CARTESIAN_POINT('',(-1.6709026324011,2.61576640905018,2.6));
#6154=CARTESIAN_POINT('Ctrl Pts',(-1.6709026324011,2.61576640905018,2.6));
#6155=CARTESIAN_POINT('Ctrl Pts',(-1.6709026324011,2.61576640905018,2.96));
#6156=CARTESIAN_POINT('Ctrl Pts',(-1.67033466519658,2.62046422367888,2.6));
#6157=CARTESIAN_POINT('Ctrl Pts',(-1.67033466519658,2.62046422367888,2.96));
#6158=CARTESIAN_POINT('Ctrl Pts',(-1.66918280987947,2.62999153919262,2.6));
#6159=CARTESIAN_POINT('Ctrl Pts',(-1.66918280987947,2.62999153919262,2.96));
#6160=CARTESIAN_POINT('Ctrl Pts',(-1.66081303564249,2.63980147555499,2.6));
#6161=CARTESIAN_POINT('Ctrl Pts',(-1.66081303564249,2.63980147555499,2.96));
#6162=CARTESIAN_POINT('Ctrl Pts',(-1.65152783806424,2.64542766176286,2.6));
#6163=CARTESIAN_POINT('Ctrl Pts',(-1.65152783806424,2.64542766176286,2.96));
#6164=CARTESIAN_POINT('Ctrl Pts',(-1.64222989430582,2.64854740347501,2.6));
#6165=CARTESIAN_POINT('Ctrl Pts',(-1.64222989430582,2.64854740347501,2.96));
#6166=CARTESIAN_POINT('Ctrl Pts',(-1.63102937791001,2.65046749096616,2.6));
#6167=CARTESIAN_POINT('Ctrl Pts',(-1.63102937791001,2.65046749096616,2.96));
#6168=CARTESIAN_POINT('Ctrl Pts',(-1.62296914605924,2.65057554943809,2.6));
#6169=CARTESIAN_POINT('Ctrl Pts',(-1.62296914605924,2.65057554943809,2.96));
#6170=CARTESIAN_POINT('Ctrl Pts',(-1.61860108197687,2.650634109333,2.6));
#6171=CARTESIAN_POINT('Ctrl Pts',(-1.61860108197687,2.650634109333,2.96));
#6172=CARTESIAN_POINT('Ctrl Pts',(-1.6709026324011,2.61576640905018,2.6));
#6173=CARTESIAN_POINT('Ctrl Pts',(-1.67033466519658,2.62046422367888,2.6));
#6174=CARTESIAN_POINT('Ctrl Pts',(-1.66918280987947,2.62999153919262,2.6));
#6175=CARTESIAN_POINT('Ctrl Pts',(-1.66081303564249,2.63980147555499,2.6));
#6176=CARTESIAN_POINT('Ctrl Pts',(-1.65152783806424,2.64542766176286,2.6));
#6177=CARTESIAN_POINT('Ctrl Pts',(-1.64222989430582,2.64854740347501,2.6));
#6178=CARTESIAN_POINT('Ctrl Pts',(-1.63102937791001,2.65046749096616,2.6));
#6179=CARTESIAN_POINT('Ctrl Pts',(-1.62296914605924,2.65057554943809,2.6));
#6180=CARTESIAN_POINT('Ctrl Pts',(-1.61860108197687,2.650634109333,2.6));
#6181=CARTESIAN_POINT('Origin',(-1.30869581083501,2.27340097771463,2.6));
#6182=CARTESIAN_POINT('',(-1.46169643070419,1.90097855325241,2.6));
#6183=CARTESIAN_POINT('',(-1.11301942787601,1.55230155042423,2.6));
#6184=CARTESIAN_POINT('Ctrl Pts',(-1.46169643070419,1.90097855325241,2.6));
#6185=CARTESIAN_POINT('Ctrl Pts',(-1.46138736499478,1.88906699336017,2.6));
#6186=CARTESIAN_POINT('Ctrl Pts',(-1.46077599310477,1.86550438947865,2.6));
#6187=CARTESIAN_POINT('Ctrl Pts',(-1.45577351788404,1.83090658474346,2.6));
#6188=CARTESIAN_POINT('Ctrl Pts',(-1.44758744779989,1.79768287477348,2.6));
#6189=CARTESIAN_POINT('Ctrl Pts',(-1.43611128737386,1.76588680846736,2.6));
#6190=CARTESIAN_POINT('Ctrl Pts',(-1.42122795095678,1.73559829430421,2.6));
#6191=CARTESIAN_POINT('Ctrl Pts',(-1.40359669757383,1.70642732139703,2.6));
#6192=CARTESIAN_POINT('Ctrl Pts',(-1.38195142736526,1.67914906283636,2.6));
#6193=CARTESIAN_POINT('Ctrl Pts',(-1.35780615825855,1.6532560914577,2.6));
#6194=CARTESIAN_POINT('Ctrl Pts',(-1.3312329308684,1.62979718019995,2.6));
#6195=CARTESIAN_POINT('Ctrl Pts',(-1.30346166446335,1.60893656042854,2.6));
#6196=CARTESIAN_POINT('Ctrl Pts',(-1.27445693053638,1.59137389437671,2.6));
#6197=CARTESIAN_POINT('Ctrl Pts',(-1.24428286550945,1.57719361625007,2.6));
#6198=CARTESIAN_POINT('Ctrl Pts',(-1.21305596633209,1.56583173863271,2.6));
#6199=CARTESIAN_POINT('Ctrl Pts',(-1.18061437737386,1.55803566784757,2.6));
#6200=CARTESIAN_POINT('Ctrl Pts',(-1.14712016907477,1.55327736211376,2.6));
#6201=CARTESIAN_POINT('Ctrl Pts',(-1.12447607593913,1.55262938878521,2.6));
#6202=CARTESIAN_POINT('Ctrl Pts',(-1.11301942787601,1.55230155042423,2.6));
#6203=CARTESIAN_POINT('',(-1.11301942787601,2.24965555608059,2.6));
#6204=CARTESIAN_POINT('Ctrl Pts',(-1.11301942787601,2.24965555608059,2.6));
#6205=CARTESIAN_POINT('Ctrl Pts',(-1.12447607593913,2.24932771771961,2.6));
#6206=CARTESIAN_POINT('Ctrl Pts',(-1.14712016907477,2.24867974439105,2.6));
#6207=CARTESIAN_POINT('Ctrl Pts',(-1.18061437737386,2.24392143865725,2.6));
#6208=CARTESIAN_POINT('Ctrl Pts',(-1.21305596633209,2.23612536787211,2.6));
#6209=CARTESIAN_POINT('Ctrl Pts',(-1.24428286550945,2.22476349025475,2.6));
#6210=CARTESIAN_POINT('Ctrl Pts',(-1.27445693053638,2.21058321212811,2.6));
#6211=CARTESIAN_POINT('Ctrl Pts',(-1.30346166446335,2.19302054607628,2.6));
#6212=CARTESIAN_POINT('Ctrl Pts',(-1.3312329308684,2.17215992630487,2.6));
#6213=CARTESIAN_POINT('Ctrl Pts',(-1.35780615825855,2.14870101504712,2.6));
#6214=CARTESIAN_POINT('Ctrl Pts',(-1.38195142736526,2.12280804366845,2.6));
#6215=CARTESIAN_POINT('Ctrl Pts',(-1.40359669757384,2.09552978510779,2.6));
#6216=CARTESIAN_POINT('Ctrl Pts',(-1.42122795095678,2.06635881220061,2.6));
#6217=CARTESIAN_POINT('Ctrl Pts',(-1.43611128737386,2.03607029803745,2.6));
#6218=CARTESIAN_POINT('Ctrl Pts',(-1.44758744779989,2.00427423173134,2.6));
#6219=CARTESIAN_POINT('Ctrl Pts',(-1.45577351788404,1.97105052176136,2.6));
#6220=CARTESIAN_POINT('Ctrl Pts',(-1.46077599310477,1.93645271702617,2.6));
#6221=CARTESIAN_POINT('Ctrl Pts',(-1.46138736499478,1.91289011314464,2.6));
#6222=CARTESIAN_POINT('Ctrl Pts',(-1.46169643070419,1.90097855325241,2.6));
#6223=CARTESIAN_POINT('',(-0.764342425047829,1.8963476868086,2.6));
#6224=CARTESIAN_POINT('Ctrl Pts',(-0.764342425047829,1.8963476868086,2.6));
#6225=CARTESIAN_POINT('Ctrl Pts',(-0.764643859341318,1.90816988237296,2.6));
#6226=CARTESIAN_POINT('Ctrl Pts',(-0.765237812557961,1.93146461437567,2.6));
#6227=CARTESIAN_POINT('Ctrl Pts',(-0.770333386012511,1.96577215078799,2.6));
#6228=CARTESIAN_POINT('Ctrl Pts',(-0.778430589273225,1.9988352104549,2.6));
#6229=CARTESIAN_POINT('Ctrl Pts',(-0.790013663403839,2.03066827765367,2.6));
#6230=CARTESIAN_POINT('Ctrl Pts',(-0.804727113695728,2.06128456256986,2.6));
#6231=CARTESIAN_POINT('Ctrl Pts',(-0.82292310275585,2.09058903922437,2.6));
#6232=CARTESIAN_POINT('Ctrl Pts',(-0.844201232046622,2.11873356359325,2.6));
#6233=CARTESIAN_POINT('Ctrl Pts',(-0.868610567223315,2.1451159306749,2.6));
#6234=CARTESIAN_POINT('Ctrl Pts',(-0.894957101424367,2.16945339295833,2.6));
#6235=CARTESIAN_POINT('Ctrl Pts',(-0.922925786755299,2.19078238363908,2.6));
#6236=CARTESIAN_POINT('Ctrl Pts',(-0.95170592752552,2.20914596557559,2.6));
#6237=CARTESIAN_POINT('Ctrl Pts',(-0.981811349704408,2.22411344662357,2.6));
#6238=CARTESIAN_POINT('Ctrl Pts',(-1.01310351661202,2.23545272750642,2.6));
#6239=CARTESIAN_POINT('Ctrl Pts',(-1.04548681853265,2.24368333832648,2.6));
#6240=CARTESIAN_POINT('Ctrl Pts',(-1.07890005795358,2.24874210307462,2.6));
#6241=CARTESIAN_POINT('Ctrl Pts',(-1.10156085447041,2.24934878405211,2.6));
#6242=CARTESIAN_POINT('Ctrl Pts',(-1.11301942787601,2.24965555608059,2.6));
#6243=CARTESIAN_POINT('Ctrl Pts',(-1.11301942787601,1.55230155042423,2.6));
#6244=CARTESIAN_POINT('Ctrl Pts',(-1.10156426694977,1.55263433331715,2.6));
#6245=CARTESIAN_POINT('Ctrl Pts',(-1.07892311314384,1.55329207952527,2.6));
#6246=CARTESIAN_POINT('Ctrl Pts',(-1.04549485706431,1.55796629955338,2.6));
#6247=CARTESIAN_POINT('Ctrl Pts',(-1.01316338383583,1.56600999600229,2.6));
#6248=CARTESIAN_POINT('Ctrl Pts',(-0.981887754588903,1.57675902004737,2.6));
#6249=CARTESIAN_POINT('Ctrl Pts',(-0.951813636699259,1.59091363435341,2.6));
#6250=CARTESIAN_POINT('Ctrl Pts',(-0.922855884673079,1.60810045722289,2.6));
#6251=CARTESIAN_POINT('Ctrl Pts',(-0.895066358347975,1.6286872093983,2.6));
#6252=CARTESIAN_POINT('Ctrl Pts',(-0.868631429004018,1.65190525917129,2.6));
#6253=CARTESIAN_POINT('Ctrl Pts',(-0.84414573680007,1.67723643733873,2.6));
#6254=CARTESIAN_POINT('Ctrl Pts',(-0.822959408804083,1.70455591048916,2.6));
#6255=CARTESIAN_POINT('Ctrl Pts',(-0.804660862731252,1.73307832826414,2.6));
#6256=CARTESIAN_POINT('Ctrl Pts',(-0.790033819280947,1.76311465854549,2.6));
#6257=CARTESIAN_POINT('Ctrl Pts',(-0.778381109980613,1.79447293479904,2.6));
#6258=CARTESIAN_POINT('Ctrl Pts',(-0.770341698417479,1.82719590331541,2.6));
#6259=CARTESIAN_POINT('Ctrl Pts',(-0.765221600210988,1.86131869371435,2.6));
#6260=CARTESIAN_POINT('Ctrl Pts',(-0.764639161138175,1.88452482500006,2.6));
#6261=CARTESIAN_POINT('Ctrl Pts',(-0.764342425047829,1.8963476868086,2.6));
#6262=CARTESIAN_POINT('Ctrl Pts',(-1.11301942787601,1.55230155042423,2.6));
#6263=CARTESIAN_POINT('Ctrl Pts',(-1.11301942787601,1.55230155042423,2.96));
#6264=CARTESIAN_POINT('Ctrl Pts',(-1.10156426694977,1.55263433331715,2.6));
#6265=CARTESIAN_POINT('Ctrl Pts',(-1.10156426694977,1.55263433331715,2.96));
#6266=CARTESIAN_POINT('Ctrl Pts',(-1.07892311314384,1.55329207952527,2.6));
#6267=CARTESIAN_POINT('Ctrl Pts',(-1.07892311314384,1.55329207952527,2.96));
#6268=CARTESIAN_POINT('Ctrl Pts',(-1.04549485706431,1.55796629955338,2.6));
#6269=CARTESIAN_POINT('Ctrl Pts',(-1.04549485706431,1.55796629955338,2.96));
#6270=CARTESIAN_POINT('Ctrl Pts',(-1.01316338383583,1.56600999600229,2.6));
#6271=CARTESIAN_POINT('Ctrl Pts',(-1.01316338383583,1.56600999600229,2.96));
#6272=CARTESIAN_POINT('Ctrl Pts',(-0.981887754588903,1.57675902004737,2.6));
#6273=CARTESIAN_POINT('Ctrl Pts',(-0.981887754588903,1.57675902004737,2.96));
#6274=CARTESIAN_POINT('Ctrl Pts',(-0.951813636699259,1.59091363435341,2.6));
#6275=CARTESIAN_POINT('Ctrl Pts',(-0.951813636699259,1.59091363435341,2.96));
#6276=CARTESIAN_POINT('Ctrl Pts',(-0.922855884673079,1.60810045722289,2.6));
#6277=CARTESIAN_POINT('Ctrl Pts',(-0.922855884673079,1.60810045722289,2.96));
#6278=CARTESIAN_POINT('Ctrl Pts',(-0.895066358347975,1.6286872093983,2.6));
#6279=CARTESIAN_POINT('Ctrl Pts',(-0.895066358347975,1.6286872093983,2.96));
#6280=CARTESIAN_POINT('Ctrl Pts',(-0.868631429004018,1.65190525917129,2.6));
#6281=CARTESIAN_POINT('Ctrl Pts',(-0.868631429004018,1.65190525917129,2.96));
#6282=CARTESIAN_POINT('Ctrl Pts',(-0.84414573680007,1.67723643733873,2.6));
#6283=CARTESIAN_POINT('Ctrl Pts',(-0.84414573680007,1.67723643733873,2.96));
#6284=CARTESIAN_POINT('Ctrl Pts',(-0.822959408804083,1.70455591048916,2.6));
#6285=CARTESIAN_POINT('Ctrl Pts',(-0.822959408804083,1.70455591048916,2.96));
#6286=CARTESIAN_POINT('Ctrl Pts',(-0.804660862731252,1.73307832826414,2.6));
#6287=CARTESIAN_POINT('Ctrl Pts',(-0.804660862731252,1.73307832826414,2.96));
#6288=CARTESIAN_POINT('Ctrl Pts',(-0.790033819280947,1.76311465854549,2.6));
#6289=CARTESIAN_POINT('Ctrl Pts',(-0.790033819280947,1.76311465854549,2.96));
#6290=CARTESIAN_POINT('Ctrl Pts',(-0.778381109980613,1.79447293479904,2.6));
#6291=CARTESIAN_POINT('Ctrl Pts',(-0.778381109980613,1.79447293479904,2.96));
#6292=CARTESIAN_POINT('Ctrl Pts',(-0.770341698417479,1.82719590331541,2.6));
#6293=CARTESIAN_POINT('Ctrl Pts',(-0.770341698417479,1.82719590331541,2.96));
#6294=CARTESIAN_POINT('Ctrl Pts',(-0.765221600210988,1.86131869371435,2.6));
#6295=CARTESIAN_POINT('Ctrl Pts',(-0.765221600210988,1.86131869371435,2.96));
#6296=CARTESIAN_POINT('Ctrl Pts',(-0.764639161138175,1.88452482500006,2.6));
#6297=CARTESIAN_POINT('Ctrl Pts',(-0.764639161138175,1.88452482500006,2.96));
#6298=CARTESIAN_POINT('Ctrl Pts',(-0.764342425047829,1.8963476868086,2.6));
#6299=CARTESIAN_POINT('Ctrl Pts',(-0.764342425047829,1.8963476868086,2.96));
#6300=CARTESIAN_POINT('',(-1.11301942787601,1.55230155042423,2.9));
#6301=CARTESIAN_POINT('',(-0.764342425047829,1.8963476868086,2.9));
#6302=CARTESIAN_POINT('Ctrl Pts',(-1.11301942787601,1.55230155042423,2.9));
#6303=CARTESIAN_POINT('Ctrl Pts',(-1.10156426694977,1.55263433331715,2.9));
#6304=CARTESIAN_POINT('Ctrl Pts',(-1.07892311314384,1.55329207952527,2.9));
#6305=CARTESIAN_POINT('Ctrl Pts',(-1.04549485706431,1.55796629955338,2.9));
#6306=CARTESIAN_POINT('Ctrl Pts',(-1.01316338383583,1.56600999600229,2.9));
#6307=CARTESIAN_POINT('Ctrl Pts',(-0.981887754588903,1.57675902004737,2.9));
#6308=CARTESIAN_POINT('Ctrl Pts',(-0.951813636699259,1.59091363435341,2.9));
#6309=CARTESIAN_POINT('Ctrl Pts',(-0.922855884673079,1.60810045722289,2.9));
#6310=CARTESIAN_POINT('Ctrl Pts',(-0.895066358347975,1.6286872093983,2.9));
#6311=CARTESIAN_POINT('Ctrl Pts',(-0.868631429004018,1.65190525917129,2.9));
#6312=CARTESIAN_POINT('Ctrl Pts',(-0.84414573680007,1.67723643733873,2.9));
#6313=CARTESIAN_POINT('Ctrl Pts',(-0.822959408804083,1.70455591048916,2.9));
#6314=CARTESIAN_POINT('Ctrl Pts',(-0.804660862731252,1.73307832826414,2.9));
#6315=CARTESIAN_POINT('Ctrl Pts',(-0.790033819280947,1.76311465854549,2.9));
#6316=CARTESIAN_POINT('Ctrl Pts',(-0.778381109980613,1.79447293479904,2.9));
#6317=CARTESIAN_POINT('Ctrl Pts',(-0.770341698417479,1.82719590331541,2.9));
#6318=CARTESIAN_POINT('Ctrl Pts',(-0.765221600210988,1.86131869371435,2.9));
#6319=CARTESIAN_POINT('Ctrl Pts',(-0.764639161138175,1.88452482500006,2.9));
#6320=CARTESIAN_POINT('Ctrl Pts',(-0.764342425047829,1.8963476868086,2.9));
#6321=CARTESIAN_POINT('',(-1.11301942787601,1.55230155042423,2.6));
#6322=CARTESIAN_POINT('',(-0.764342425047829,1.8963476868086,2.6));
#6323=CARTESIAN_POINT('Ctrl Pts',(-1.46169643070419,1.90097855325241,2.6));
#6324=CARTESIAN_POINT('Ctrl Pts',(-1.46169643070419,1.90097855325241,2.96));
#6325=CARTESIAN_POINT('Ctrl Pts',(-1.46138736499478,1.88906699336017,2.6));
#6326=CARTESIAN_POINT('Ctrl Pts',(-1.46138736499478,1.88906699336017,2.96));
#6327=CARTESIAN_POINT('Ctrl Pts',(-1.46077599310477,1.86550438947865,2.6));
#6328=CARTESIAN_POINT('Ctrl Pts',(-1.46077599310477,1.86550438947865,2.96));
#6329=CARTESIAN_POINT('Ctrl Pts',(-1.45577351788404,1.83090658474346,2.6));
#6330=CARTESIAN_POINT('Ctrl Pts',(-1.45577351788404,1.83090658474346,2.96));
#6331=CARTESIAN_POINT('Ctrl Pts',(-1.44758744779989,1.79768287477348,2.6));
#6332=CARTESIAN_POINT('Ctrl Pts',(-1.44758744779989,1.79768287477348,2.96));
#6333=CARTESIAN_POINT('Ctrl Pts',(-1.43611128737386,1.76588680846736,2.6));
#6334=CARTESIAN_POINT('Ctrl Pts',(-1.43611128737386,1.76588680846736,2.96));
#6335=CARTESIAN_POINT('Ctrl Pts',(-1.42122795095678,1.73559829430421,2.6));
#6336=CARTESIAN_POINT('Ctrl Pts',(-1.42122795095678,1.73559829430421,2.96));
#6337=CARTESIAN_POINT('Ctrl Pts',(-1.40359669757383,1.70642732139703,2.6));
#6338=CARTESIAN_POINT('Ctrl Pts',(-1.40359669757383,1.70642732139703,2.96));
#6339=CARTESIAN_POINT('Ctrl Pts',(-1.38195142736526,1.67914906283636,2.6));
#6340=CARTESIAN_POINT('Ctrl Pts',(-1.38195142736526,1.67914906283636,2.96));
#6341=CARTESIAN_POINT('Ctrl Pts',(-1.35780615825855,1.6532560914577,2.6));
#6342=CARTESIAN_POINT('Ctrl Pts',(-1.35780615825855,1.6532560914577,2.96));
#6343=CARTESIAN_POINT('Ctrl Pts',(-1.3312329308684,1.62979718019995,2.6));
#6344=CARTESIAN_POINT('Ctrl Pts',(-1.3312329308684,1.62979718019995,2.96));
#6345=CARTESIAN_POINT('Ctrl Pts',(-1.30346166446335,1.60893656042854,2.6));
#6346=CARTESIAN_POINT('Ctrl Pts',(-1.30346166446335,1.60893656042854,2.96));
#6347=CARTESIAN_POINT('Ctrl Pts',(-1.27445693053638,1.59137389437671,2.6));
#6348=CARTESIAN_POINT('Ctrl Pts',(-1.27445693053638,1.59137389437671,2.96));
#6349=CARTESIAN_POINT('Ctrl Pts',(-1.24428286550945,1.57719361625007,2.6));
#6350=CARTESIAN_POINT('Ctrl Pts',(-1.24428286550945,1.57719361625007,2.96));
#6351=CARTESIAN_POINT('Ctrl Pts',(-1.21305596633209,1.56583173863271,2.6));
#6352=CARTESIAN_POINT('Ctrl Pts',(-1.21305596633209,1.56583173863271,2.96));
#6353=CARTESIAN_POINT('Ctrl Pts',(-1.18061437737386,1.55803566784757,2.6));
#6354=CARTESIAN_POINT('Ctrl Pts',(-1.18061437737386,1.55803566784757,2.96));
#6355=CARTESIAN_POINT('Ctrl Pts',(-1.14712016907477,1.55327736211376,2.6));
#6356=CARTESIAN_POINT('Ctrl Pts',(-1.14712016907477,1.55327736211376,2.96));
#6357=CARTESIAN_POINT('Ctrl Pts',(-1.12447607593913,1.55262938878521,2.6));
#6358=CARTESIAN_POINT('Ctrl Pts',(-1.12447607593913,1.55262938878521,2.96));
#6359=CARTESIAN_POINT('Ctrl Pts',(-1.11301942787601,1.55230155042423,2.6));
#6360=CARTESIAN_POINT('Ctrl Pts',(-1.11301942787601,1.55230155042423,2.96));
#6361=CARTESIAN_POINT('',(-1.46169643070419,1.90097855325241,2.9));
#6362=CARTESIAN_POINT('Ctrl Pts',(-1.46169643070419,1.90097855325241,2.9));
#6363=CARTESIAN_POINT('Ctrl Pts',(-1.46138736499478,1.88906699336017,2.9));
#6364=CARTESIAN_POINT('Ctrl Pts',(-1.46077599310477,1.86550438947865,2.9));
#6365=CARTESIAN_POINT('Ctrl Pts',(-1.45577351788404,1.83090658474346,2.9));
#6366=CARTESIAN_POINT('Ctrl Pts',(-1.44758744779989,1.79768287477348,2.9));
#6367=CARTESIAN_POINT('Ctrl Pts',(-1.43611128737386,1.76588680846736,2.9));
#6368=CARTESIAN_POINT('Ctrl Pts',(-1.42122795095678,1.73559829430421,2.9));
#6369=CARTESIAN_POINT('Ctrl Pts',(-1.40359669757383,1.70642732139703,2.9));
#6370=CARTESIAN_POINT('Ctrl Pts',(-1.38195142736526,1.67914906283636,2.9));
#6371=CARTESIAN_POINT('Ctrl Pts',(-1.35780615825855,1.6532560914577,2.9));
#6372=CARTESIAN_POINT('Ctrl Pts',(-1.3312329308684,1.62979718019995,2.9));
#6373=CARTESIAN_POINT('Ctrl Pts',(-1.30346166446335,1.60893656042854,2.9));
#6374=CARTESIAN_POINT('Ctrl Pts',(-1.27445693053638,1.59137389437671,2.9));
#6375=CARTESIAN_POINT('Ctrl Pts',(-1.24428286550945,1.57719361625007,2.9));
#6376=CARTESIAN_POINT('Ctrl Pts',(-1.21305596633209,1.56583173863271,2.9));
#6377=CARTESIAN_POINT('Ctrl Pts',(-1.18061437737386,1.55803566784757,2.9));
#6378=CARTESIAN_POINT('Ctrl Pts',(-1.14712016907477,1.55327736211376,2.9));
#6379=CARTESIAN_POINT('Ctrl Pts',(-1.12447607593913,1.55262938878521,2.9));
#6380=CARTESIAN_POINT('Ctrl Pts',(-1.11301942787601,1.55230155042423,2.9));
#6381=CARTESIAN_POINT('',(-1.46169643070419,1.90097855325241,2.6));
#6382=CARTESIAN_POINT('Ctrl Pts',(-1.11301942787601,2.24965555608059,2.6));
#6383=CARTESIAN_POINT('Ctrl Pts',(-1.11301942787601,2.24965555608059,2.96));
#6384=CARTESIAN_POINT('Ctrl Pts',(-1.12447607593913,2.24932771771961,2.6));
#6385=CARTESIAN_POINT('Ctrl Pts',(-1.12447607593913,2.24932771771961,2.96));
#6386=CARTESIAN_POINT('Ctrl Pts',(-1.14712016907477,2.24867974439105,2.6));
#6387=CARTESIAN_POINT('Ctrl Pts',(-1.14712016907477,2.24867974439105,2.96));
#6388=CARTESIAN_POINT('Ctrl Pts',(-1.18061437737386,2.24392143865725,2.6));
#6389=CARTESIAN_POINT('Ctrl Pts',(-1.18061437737386,2.24392143865725,2.96));
#6390=CARTESIAN_POINT('Ctrl Pts',(-1.21305596633209,2.23612536787211,2.6));
#6391=CARTESIAN_POINT('Ctrl Pts',(-1.21305596633209,2.23612536787211,2.96));
#6392=CARTESIAN_POINT('Ctrl Pts',(-1.24428286550945,2.22476349025475,2.6));
#6393=CARTESIAN_POINT('Ctrl Pts',(-1.24428286550945,2.22476349025475,2.96));
#6394=CARTESIAN_POINT('Ctrl Pts',(-1.27445693053638,2.21058321212811,2.6));
#6395=CARTESIAN_POINT('Ctrl Pts',(-1.27445693053638,2.21058321212811,2.96));
#6396=CARTESIAN_POINT('Ctrl Pts',(-1.30346166446335,2.19302054607628,2.6));
#6397=CARTESIAN_POINT('Ctrl Pts',(-1.30346166446335,2.19302054607628,2.96));
#6398=CARTESIAN_POINT('Ctrl Pts',(-1.3312329308684,2.17215992630487,2.6));
#6399=CARTESIAN_POINT('Ctrl Pts',(-1.3312329308684,2.17215992630487,2.96));
#6400=CARTESIAN_POINT('Ctrl Pts',(-1.35780615825855,2.14870101504712,2.6));
#6401=CARTESIAN_POINT('Ctrl Pts',(-1.35780615825855,2.14870101504712,2.96));
#6402=CARTESIAN_POINT('Ctrl Pts',(-1.38195142736526,2.12280804366845,2.6));
#6403=CARTESIAN_POINT('Ctrl Pts',(-1.38195142736526,2.12280804366845,2.96));
#6404=CARTESIAN_POINT('Ctrl Pts',(-1.40359669757384,2.09552978510779,2.6));
#6405=CARTESIAN_POINT('Ctrl Pts',(-1.40359669757384,2.09552978510779,2.96));
#6406=CARTESIAN_POINT('Ctrl Pts',(-1.42122795095678,2.06635881220061,2.6));
#6407=CARTESIAN_POINT('Ctrl Pts',(-1.42122795095678,2.06635881220061,2.96));
#6408=CARTESIAN_POINT('Ctrl Pts',(-1.43611128737386,2.03607029803745,2.6));
#6409=CARTESIAN_POINT('Ctrl Pts',(-1.43611128737386,2.03607029803745,2.96));
#6410=CARTESIAN_POINT('Ctrl Pts',(-1.44758744779989,2.00427423173134,2.6));
#6411=CARTESIAN_POINT('Ctrl Pts',(-1.44758744779989,2.00427423173134,2.96));
#6412=CARTESIAN_POINT('Ctrl Pts',(-1.45577351788404,1.97105052176136,2.6));
#6413=CARTESIAN_POINT('Ctrl Pts',(-1.45577351788404,1.97105052176136,2.96));
#6414=CARTESIAN_POINT('Ctrl Pts',(-1.46077599310477,1.93645271702617,2.6));
#6415=CARTESIAN_POINT('Ctrl Pts',(-1.46077599310477,1.93645271702617,2.96));
#6416=CARTESIAN_POINT('Ctrl Pts',(-1.46138736499478,1.91289011314464,2.6));
#6417=CARTESIAN_POINT('Ctrl Pts',(-1.46138736499478,1.91289011314464,2.96));
#6418=CARTESIAN_POINT('Ctrl Pts',(-1.46169643070419,1.90097855325241,2.6));
#6419=CARTESIAN_POINT('Ctrl Pts',(-1.46169643070419,1.90097855325241,2.96));
#6420=CARTESIAN_POINT('',(-1.11301942787601,2.24965555608059,2.9));
#6421=CARTESIAN_POINT('Ctrl Pts',(-1.11301942787601,2.24965555608059,2.9));
#6422=CARTESIAN_POINT('Ctrl Pts',(-1.12447607593913,2.24932771771961,2.9));
#6423=CARTESIAN_POINT('Ctrl Pts',(-1.14712016907477,2.24867974439105,2.9));
#6424=CARTESIAN_POINT('Ctrl Pts',(-1.18061437737386,2.24392143865725,2.9));
#6425=CARTESIAN_POINT('Ctrl Pts',(-1.21305596633209,2.23612536787211,2.9));
#6426=CARTESIAN_POINT('Ctrl Pts',(-1.24428286550945,2.22476349025475,2.9));
#6427=CARTESIAN_POINT('Ctrl Pts',(-1.27445693053638,2.21058321212811,2.9));
#6428=CARTESIAN_POINT('Ctrl Pts',(-1.30346166446335,2.19302054607628,2.9));
#6429=CARTESIAN_POINT('Ctrl Pts',(-1.3312329308684,2.17215992630487,2.9));
#6430=CARTESIAN_POINT('Ctrl Pts',(-1.35780615825855,2.14870101504712,2.9));
#6431=CARTESIAN_POINT('Ctrl Pts',(-1.38195142736526,2.12280804366845,2.9));
#6432=CARTESIAN_POINT('Ctrl Pts',(-1.40359669757384,2.09552978510779,2.9));
#6433=CARTESIAN_POINT('Ctrl Pts',(-1.42122795095678,2.06635881220061,2.9));
#6434=CARTESIAN_POINT('Ctrl Pts',(-1.43611128737386,2.03607029803745,2.9));
#6435=CARTESIAN_POINT('Ctrl Pts',(-1.44758744779989,2.00427423173134,2.9));
#6436=CARTESIAN_POINT('Ctrl Pts',(-1.45577351788404,1.97105052176136,2.9));
#6437=CARTESIAN_POINT('Ctrl Pts',(-1.46077599310477,1.93645271702617,2.9));
#6438=CARTESIAN_POINT('Ctrl Pts',(-1.46138736499478,1.91289011314464,2.9));
#6439=CARTESIAN_POINT('Ctrl Pts',(-1.46169643070419,1.90097855325241,2.9));
#6440=CARTESIAN_POINT('',(-1.11301942787601,2.24965555608059,2.6));
#6441=CARTESIAN_POINT('Ctrl Pts',(-0.764342425047829,1.8963476868086,2.6));
#6442=CARTESIAN_POINT('Ctrl Pts',(-0.764342425047829,1.8963476868086,2.96));
#6443=CARTESIAN_POINT('Ctrl Pts',(-0.764643859341318,1.90816988237296,2.6));
#6444=CARTESIAN_POINT('Ctrl Pts',(-0.764643859341318,1.90816988237296,2.96));
#6445=CARTESIAN_POINT('Ctrl Pts',(-0.765237812557961,1.93146461437567,2.6));
#6446=CARTESIAN_POINT('Ctrl Pts',(-0.765237812557961,1.93146461437567,2.96));
#6447=CARTESIAN_POINT('Ctrl Pts',(-0.770333386012511,1.96577215078799,2.6));
#6448=CARTESIAN_POINT('Ctrl Pts',(-0.770333386012511,1.96577215078799,2.96));
#6449=CARTESIAN_POINT('Ctrl Pts',(-0.778430589273225,1.9988352104549,2.6));
#6450=CARTESIAN_POINT('Ctrl Pts',(-0.778430589273225,1.9988352104549,2.96));
#6451=CARTESIAN_POINT('Ctrl Pts',(-0.790013663403839,2.03066827765367,2.6));
#6452=CARTESIAN_POINT('Ctrl Pts',(-0.790013663403839,2.03066827765367,2.96));
#6453=CARTESIAN_POINT('Ctrl Pts',(-0.804727113695728,2.06128456256986,2.6));
#6454=CARTESIAN_POINT('Ctrl Pts',(-0.804727113695728,2.06128456256986,2.96));
#6455=CARTESIAN_POINT('Ctrl Pts',(-0.82292310275585,2.09058903922437,2.6));
#6456=CARTESIAN_POINT('Ctrl Pts',(-0.82292310275585,2.09058903922437,2.96));
#6457=CARTESIAN_POINT('Ctrl Pts',(-0.844201232046622,2.11873356359325,2.6));
#6458=CARTESIAN_POINT('Ctrl Pts',(-0.844201232046622,2.11873356359325,2.96));
#6459=CARTESIAN_POINT('Ctrl Pts',(-0.868610567223315,2.1451159306749,2.6));
#6460=CARTESIAN_POINT('Ctrl Pts',(-0.868610567223315,2.1451159306749,2.96));
#6461=CARTESIAN_POINT('Ctrl Pts',(-0.894957101424367,2.16945339295833,2.6));
#6462=CARTESIAN_POINT('Ctrl Pts',(-0.894957101424367,2.16945339295833,2.96));
#6463=CARTESIAN_POINT('Ctrl Pts',(-0.922925786755299,2.19078238363908,2.6));
#6464=CARTESIAN_POINT('Ctrl Pts',(-0.922925786755299,2.19078238363908,2.96));
#6465=CARTESIAN_POINT('Ctrl Pts',(-0.95170592752552,2.20914596557559,2.6));
#6466=CARTESIAN_POINT('Ctrl Pts',(-0.95170592752552,2.20914596557559,2.96));
#6467=CARTESIAN_POINT('Ctrl Pts',(-0.981811349704408,2.22411344662357,2.6));
#6468=CARTESIAN_POINT('Ctrl Pts',(-0.981811349704408,2.22411344662357,2.96));
#6469=CARTESIAN_POINT('Ctrl Pts',(-1.01310351661202,2.23545272750642,2.6));
#6470=CARTESIAN_POINT('Ctrl Pts',(-1.01310351661202,2.23545272750642,2.96));
#6471=CARTESIAN_POINT('Ctrl Pts',(-1.04548681853265,2.24368333832648,2.6));
#6472=CARTESIAN_POINT('Ctrl Pts',(-1.04548681853265,2.24368333832648,2.96));
#6473=CARTESIAN_POINT('Ctrl Pts',(-1.07890005795358,2.24874210307462,2.6));
#6474=CARTESIAN_POINT('Ctrl Pts',(-1.07890005795358,2.24874210307462,2.96));
#6475=CARTESIAN_POINT('Ctrl Pts',(-1.10156085447041,2.24934878405211,2.6));
#6476=CARTESIAN_POINT('Ctrl Pts',(-1.10156085447041,2.24934878405211,2.96));
#6477=CARTESIAN_POINT('Ctrl Pts',(-1.11301942787601,2.24965555608059,2.6));
#6478=CARTESIAN_POINT('Ctrl Pts',(-1.11301942787601,2.24965555608059,2.96));
#6479=CARTESIAN_POINT('Ctrl Pts',(-0.764342425047829,1.8963476868086,2.9));
#6480=CARTESIAN_POINT('Ctrl Pts',(-0.764643859341318,1.90816988237296,2.9));
#6481=CARTESIAN_POINT('Ctrl Pts',(-0.765237812557961,1.93146461437567,2.9));
#6482=CARTESIAN_POINT('Ctrl Pts',(-0.770333386012511,1.96577215078799,2.9));
#6483=CARTESIAN_POINT('Ctrl Pts',(-0.778430589273225,1.9988352104549,2.9));
#6484=CARTESIAN_POINT('Ctrl Pts',(-0.790013663403839,2.03066827765367,2.9));
#6485=CARTESIAN_POINT('Ctrl Pts',(-0.804727113695728,2.06128456256986,2.9));
#6486=CARTESIAN_POINT('Ctrl Pts',(-0.82292310275585,2.09058903922437,2.9));
#6487=CARTESIAN_POINT('Ctrl Pts',(-0.844201232046622,2.11873356359325,2.9));
#6488=CARTESIAN_POINT('Ctrl Pts',(-0.868610567223315,2.1451159306749,2.9));
#6489=CARTESIAN_POINT('Ctrl Pts',(-0.894957101424367,2.16945339295833,2.9));
#6490=CARTESIAN_POINT('Ctrl Pts',(-0.922925786755299,2.19078238363908,2.9));
#6491=CARTESIAN_POINT('Ctrl Pts',(-0.95170592752552,2.20914596557559,2.9));
#6492=CARTESIAN_POINT('Ctrl Pts',(-0.981811349704408,2.22411344662357,2.9));
#6493=CARTESIAN_POINT('Ctrl Pts',(-1.01310351661202,2.23545272750642,2.9));
#6494=CARTESIAN_POINT('Ctrl Pts',(-1.04548681853265,2.24368333832648,2.9));
#6495=CARTESIAN_POINT('Ctrl Pts',(-1.07890005795358,2.24874210307462,2.9));
#6496=CARTESIAN_POINT('Ctrl Pts',(-1.10156085447041,2.24934878405211,2.9));
#6497=CARTESIAN_POINT('Ctrl Pts',(-1.11301942787601,2.24965555608059,2.9));
#6498=CARTESIAN_POINT('Origin',(3.81,3.17,2.9));
#6499=CARTESIAN_POINT('Origin',(-0.119289969815695,2.68550180961582,2.6));
#6500=CARTESIAN_POINT('',(-0.119289969815695,2.68550180961582,2.6));
#6501=CARTESIAN_POINT('',(-0.119289969815695,2.68550180961582,2.6));
#6502=CARTESIAN_POINT('',(0.0027469811741681,2.68550180961582,2.6));
#6503=CARTESIAN_POINT('',(-0.119289969815695,2.68550180961582,2.6));
#6504=CARTESIAN_POINT('',(0.0027469811741681,2.68550180961582,2.6));
#6505=CARTESIAN_POINT('Origin',(0.0027469811741681,2.68550180961582,2.6));
#6506=CARTESIAN_POINT('',(0.0027469811741681,2.49372945806032,2.6));
#6507=CARTESIAN_POINT('',(0.0027469811741681,2.68550180961582,2.6));
#6508=CARTESIAN_POINT('',(0.0027469811741681,2.49372945806032,2.6));
#6509=CARTESIAN_POINT('Origin',(0.0027469811741681,2.49372945806032,2.6));
#6510=CARTESIAN_POINT('',(-0.119289969815695,2.49372945806032,2.6));
#6511=CARTESIAN_POINT('',(0.0027469811741681,2.49372945806032,2.6));
#6512=CARTESIAN_POINT('',(-0.119289969815695,2.49372945806032,2.6));
#6513=CARTESIAN_POINT('Origin',(-0.119289969815695,2.49372945806032,2.6));
#6514=CARTESIAN_POINT('',(-0.119289969815695,2.49372945806032,2.6));
#6515=CARTESIAN_POINT('Origin',(0.,0.,2.6));
#6516=CARTESIAN_POINT('Origin',(-0.293628471229786,2.30195710650482,2.6));
#6517=CARTESIAN_POINT('',(-0.293628471229786,2.30195710650482,2.6));
#6518=CARTESIAN_POINT('',(-0.293628471229786,2.30195710650482,2.6));
#6519=CARTESIAN_POINT('',(0.0027469811741681,2.30195710650482,2.6));
#6520=CARTESIAN_POINT('',(-0.293628471229786,2.30195710650482,2.6));
#6521=CARTESIAN_POINT('',(0.0027469811741681,2.30195710650482,2.6));
#6522=CARTESIAN_POINT('Origin',(0.0027469811741681,2.30195710650482,2.6));
#6523=CARTESIAN_POINT('',(0.0027469811741681,1.56973540056564,2.6));
#6524=CARTESIAN_POINT('',(0.0027469811741681,2.30195710650482,2.6));
#6525=CARTESIAN_POINT('',(0.0027469811741681,1.56973540056564,2.6));
#6526=CARTESIAN_POINT('Origin',(0.0027469811741681,1.56973540056564,2.6));
#6527=CARTESIAN_POINT('',(0.299122433578122,1.56973540056564,2.6));
#6528=CARTESIAN_POINT('',(0.0027469811741681,1.56973540056564,2.6));
#6529=CARTESIAN_POINT('',(0.299122433578122,1.56973540056564,2.6));
#6530=CARTESIAN_POINT('Ctrl Pts',(0.299122433578122,1.56973540056564,2.6));
#6531=CARTESIAN_POINT('Ctrl Pts',(0.299122433578122,1.56973540056564,2.96));
#6532=CARTESIAN_POINT('Ctrl Pts',(0.303489914656606,1.56967281424117,2.6));
#6533=CARTESIAN_POINT('Ctrl Pts',(0.303489914656606,1.56967281424117,2.96));
#6534=CARTESIAN_POINT('Ctrl Pts',(0.311638652608677,1.56955604222812,2.6));
#6535=CARTESIAN_POINT('Ctrl Pts',(0.311638652608677,1.56955604222812,2.96));
#6536=CARTESIAN_POINT('Ctrl Pts',(0.322818976380183,1.56766867569274,2.6));
#6537=CARTESIAN_POINT('Ctrl Pts',(0.322818976380183,1.56766867569274,2.96));
#6538=CARTESIAN_POINT('Ctrl Pts',(0.332077181760399,1.56473182464412,2.6));
#6539=CARTESIAN_POINT('Ctrl Pts',(0.332077181760399,1.56473182464412,2.96));
#6540=CARTESIAN_POINT('Ctrl Pts',(0.341437982115159,1.55952257032387,2.6));
#6541=CARTESIAN_POINT('Ctrl Pts',(0.341437982115159,1.55952257032387,2.96));
#6542=CARTESIAN_POINT('Ctrl Pts',(0.349806951386899,1.549456971288,2.6));
#6543=CARTESIAN_POINT('Ctrl Pts',(0.349806951386899,1.549456971288,2.96));
#6544=CARTESIAN_POINT('Ctrl Pts',(0.35088320978106,1.53974669999601,2.6));
#6545=CARTESIAN_POINT('Ctrl Pts',(0.35088320978106,1.53974669999601,2.96));
#6546=CARTESIAN_POINT('Ctrl Pts',(0.351423984002349,1.53486770028282,2.6));
#6547=CARTESIAN_POINT('Ctrl Pts',(0.351423984002349,1.53486770028282,2.96));
#6548=CARTESIAN_POINT('',(0.351423984002349,1.53486770028282,2.6));
#6549=CARTESIAN_POINT('Ctrl Pts',(0.299122433578122,1.56973540056564,2.6));
#6550=CARTESIAN_POINT('Ctrl Pts',(0.303489914656606,1.56967281424117,2.6));
#6551=CARTESIAN_POINT('Ctrl Pts',(0.311638652608677,1.56955604222812,2.6));
#6552=CARTESIAN_POINT('Ctrl Pts',(0.322818976380183,1.56766867569274,2.6));
#6553=CARTESIAN_POINT('Ctrl Pts',(0.332077181760399,1.56473182464412,2.6));
#6554=CARTESIAN_POINT('Ctrl Pts',(0.341437982115159,1.55952257032387,2.6));
#6555=CARTESIAN_POINT('Ctrl Pts',(0.349806951386899,1.549456971288,2.6));
#6556=CARTESIAN_POINT('Ctrl Pts',(0.35088320978106,1.53974669999601,2.6));
#6557=CARTESIAN_POINT('Ctrl Pts',(0.351423984002349,1.53486770028282,2.6));
#6558=CARTESIAN_POINT('',(0.351423984002349,1.53486770028282,2.6));
#6559=CARTESIAN_POINT('Ctrl Pts',(0.351423984002349,1.53486770028282,2.6));
#6560=CARTESIAN_POINT('Ctrl Pts',(0.351423984002349,1.53486770028282,2.96));
#6561=CARTESIAN_POINT('Ctrl Pts',(0.350838467176254,1.53018112227785,2.6));
#6562=CARTESIAN_POINT('Ctrl Pts',(0.350838467176254,1.53018112227785,2.96));
#6563=CARTESIAN_POINT('Ctrl Pts',(0.349642069156482,1.52060494548027,2.6));
#6564=CARTESIAN_POINT('Ctrl Pts',(0.349642069156482,1.52060494548027,2.96));
#6565=CARTESIAN_POINT('Ctrl Pts',(0.341409018571378,1.51060480153818,2.6));
#6566=CARTESIAN_POINT('Ctrl Pts',(0.341409018571378,1.51060480153818,2.96));
#6567=CARTESIAN_POINT('Ctrl Pts',(0.332161600002176,1.5049462061532,2.6));
#6568=CARTESIAN_POINT('Ctrl Pts',(0.332161600002176,1.5049462061532,2.96));
#6569=CARTESIAN_POINT('Ctrl Pts',(0.322805363374587,1.50209114201168,2.6));
#6570=CARTESIAN_POINT('Ctrl Pts',(0.322805363374587,1.50209114201168,2.96));
#6571=CARTESIAN_POINT('Ctrl Pts',(0.311642967815928,1.50017161831173,2.6));
#6572=CARTESIAN_POINT('Ctrl Pts',(0.311642967815928,1.50017161831173,2.96));
#6573=CARTESIAN_POINT('Ctrl Pts',(0.303491420429713,1.50005988547559,2.6));
#6574=CARTESIAN_POINT('Ctrl Pts',(0.303491420429713,1.50005988547559,2.96));
#6575=CARTESIAN_POINT('Ctrl Pts',(0.299122433578122,1.5,2.6));
#6576=CARTESIAN_POINT('Ctrl Pts',(0.299122433578122,1.5,2.96));
#6577=CARTESIAN_POINT('',(0.299122433578122,1.5,2.6));
#6578=CARTESIAN_POINT('Ctrl Pts',(0.351423984002349,1.53486770028282,2.6));
#6579=CARTESIAN_POINT('Ctrl Pts',(0.350838467176254,1.53018112227785,2.6));
#6580=CARTESIAN_POINT('Ctrl Pts',(0.349642069156482,1.52060494548027,2.6));
#6581=CARTESIAN_POINT('Ctrl Pts',(0.341409018571378,1.51060480153818,2.6));
#6582=CARTESIAN_POINT('Ctrl Pts',(0.332161600002176,1.5049462061532,2.6));
#6583=CARTESIAN_POINT('Ctrl Pts',(0.322805363374587,1.50209114201168,2.6));
#6584=CARTESIAN_POINT('Ctrl Pts',(0.311642967815928,1.50017161831173,2.6));
#6585=CARTESIAN_POINT('Ctrl Pts',(0.303491420429713,1.50005988547559,2.6));
#6586=CARTESIAN_POINT('Ctrl Pts',(0.299122433578122,1.5,2.6));
#6587=CARTESIAN_POINT('',(0.299122433578122,1.5,2.6));
#6588=CARTESIAN_POINT('Origin',(0.299122433578122,1.5,2.6));
#6589=CARTESIAN_POINT('',(-0.363363871795422,1.5,2.6));
#6590=CARTESIAN_POINT('',(0.299122433578122,1.5,2.6));
#6591=CARTESIAN_POINT('',(-0.363363871795422,1.5,2.6));
#6592=CARTESIAN_POINT('Ctrl Pts',(-0.363363871795422,1.5,2.6));
#6593=CARTESIAN_POINT('Ctrl Pts',(-0.363363871795422,1.5,2.96));
#6594=CARTESIAN_POINT('Ctrl Pts',(-0.367735587420803,1.50004734203897,2.6));
#6595=CARTESIAN_POINT('Ctrl Pts',(-0.367735587420803,1.50004734203897,2.96));
#6596=CARTESIAN_POINT('Ctrl Pts',(-0.375802557332824,1.50013470060405,2.6));
#6597=CARTESIAN_POINT('Ctrl Pts',(-0.375802557332824,1.50013470060405,2.96));
#6598=CARTESIAN_POINT('Ctrl Pts',(-0.386931416473051,1.50218159352778,2.6));
#6599=CARTESIAN_POINT('Ctrl Pts',(-0.386931416473051,1.50218159352778,2.96));
#6600=CARTESIAN_POINT('Ctrl Pts',(-0.396335178376879,1.50487965333722,2.6));
#6601=CARTESIAN_POINT('Ctrl Pts',(-0.396335178376879,1.50487965333722,2.96));
#6602=CARTESIAN_POINT('Ctrl Pts',(-0.405647598290383,1.51061470431321,2.6));
#6603=CARTESIAN_POINT('Ctrl Pts',(-0.405647598290383,1.51061470431321,2.96));
#6604=CARTESIAN_POINT('Ctrl Pts',(-0.41388433604748,1.52060207468296,2.6));
#6605=CARTESIAN_POINT('Ctrl Pts',(-0.41388433604748,1.52060207468296,2.96));
#6606=CARTESIAN_POINT('Ctrl Pts',(-0.415080177686248,1.53018017896671,2.6));
#6607=CARTESIAN_POINT('Ctrl Pts',(-0.415080177686248,1.53018017896671,2.96));
#6608=CARTESIAN_POINT('Ctrl Pts',(-0.415665422219649,1.53486770028282,2.6));
#6609=CARTESIAN_POINT('Ctrl Pts',(-0.415665422219649,1.53486770028282,2.96));
#6610=CARTESIAN_POINT('',(-0.415665422219649,1.53486770028282,2.6));
#6611=CARTESIAN_POINT('Ctrl Pts',(-0.363363871795422,1.5,2.6));
#6612=CARTESIAN_POINT('Ctrl Pts',(-0.367735587420803,1.50004734203897,2.6));
#6613=CARTESIAN_POINT('Ctrl Pts',(-0.375802557332824,1.50013470060405,2.6));
#6614=CARTESIAN_POINT('Ctrl Pts',(-0.386931416473051,1.50218159352778,2.6));
#6615=CARTESIAN_POINT('Ctrl Pts',(-0.396335178376879,1.50487965333722,2.6));
#6616=CARTESIAN_POINT('Ctrl Pts',(-0.405647598290383,1.51061470431321,2.6));
#6617=CARTESIAN_POINT('Ctrl Pts',(-0.41388433604748,1.52060207468296,2.6));
#6618=CARTESIAN_POINT('Ctrl Pts',(-0.415080177686248,1.53018017896671,2.6));
#6619=CARTESIAN_POINT('Ctrl Pts',(-0.415665422219649,1.53486770028282,2.6));
#6620=CARTESIAN_POINT('',(-0.415665422219649,1.53486770028282,2.6));
#6621=CARTESIAN_POINT('Ctrl Pts',(-0.415665422219649,1.53486770028282,2.6));
#6622=CARTESIAN_POINT('Ctrl Pts',(-0.415665422219649,1.53486770028282,2.96));
#6623=CARTESIAN_POINT('Ctrl Pts',(-0.41512495508101,1.53974773055674,2.6));
#6624=CARTESIAN_POINT('Ctrl Pts',(-0.41512495508101,1.53974773055674,2.96));
#6625=CARTESIAN_POINT('Ctrl Pts',(-0.414049307848154,1.54946005288888,2.6));
#6626=CARTESIAN_POINT('Ctrl Pts',(-0.414049307848154,1.54946005288888,2.96));
#6627=CARTESIAN_POINT('Ctrl Pts',(-0.405676438676667,1.55951256397094,2.6));
#6628=CARTESIAN_POINT('Ctrl Pts',(-0.405676438676667,1.55951256397094,2.96));
#6629=CARTESIAN_POINT('Ctrl Pts',(-0.396249330955826,1.56479559617364,2.6));
#6630=CARTESIAN_POINT('Ctrl Pts',(-0.396249330955826,1.56479559617364,2.96));
#6631=CARTESIAN_POINT('Ctrl Pts',(-0.386944791099099,1.5675777654891,2.6));
#6632=CARTESIAN_POINT('Ctrl Pts',(-0.386944791099099,1.5675777654891,2.96));
#6633=CARTESIAN_POINT('Ctrl Pts',(-0.375798280775371,1.56959303920959,2.6));
#6634=CARTESIAN_POINT('Ctrl Pts',(-0.375798280775371,1.56959303920959,2.96));
#6635=CARTESIAN_POINT('Ctrl Pts',(-0.367734084376693,1.5696853660694,2.6));
#6636=CARTESIAN_POINT('Ctrl Pts',(-0.367734084376693,1.5696853660694,2.96));
#6637=CARTESIAN_POINT('Ctrl Pts',(-0.363363871795422,1.56973540056564,2.6));
#6638=CARTESIAN_POINT('Ctrl Pts',(-0.363363871795422,1.56973540056564,2.96));
#6639=CARTESIAN_POINT('',(-0.363363871795422,1.56973540056564,2.6));
#6640=CARTESIAN_POINT('Ctrl Pts',(-0.415665422219649,1.53486770028282,2.6));
#6641=CARTESIAN_POINT('Ctrl Pts',(-0.41512495508101,1.53974773055674,2.6));
#6642=CARTESIAN_POINT('Ctrl Pts',(-0.414049307848154,1.54946005288888,2.6));
#6643=CARTESIAN_POINT('Ctrl Pts',(-0.405676438676667,1.55951256397094,2.6));
#6644=CARTESIAN_POINT('Ctrl Pts',(-0.396249330955826,1.56479559617364,2.6));
#6645=CARTESIAN_POINT('Ctrl Pts',(-0.386944791099099,1.5675777654891,2.6));
#6646=CARTESIAN_POINT('Ctrl Pts',(-0.375798280775371,1.56959303920959,2.6));
#6647=CARTESIAN_POINT('Ctrl Pts',(-0.367734084376693,1.5696853660694,2.6));
#6648=CARTESIAN_POINT('Ctrl Pts',(-0.363363871795422,1.56973540056564,2.6));
#6649=CARTESIAN_POINT('',(-0.363363871795422,1.56973540056564,2.6));
#6650=CARTESIAN_POINT('Origin',(-0.363363871795422,1.56973540056564,2.6));
#6651=CARTESIAN_POINT('',(-0.0669884193914681,1.56973540056564,2.6));
#6652=CARTESIAN_POINT('',(-0.363363871795422,1.56973540056564,2.6));
#6653=CARTESIAN_POINT('',(-0.0669884193914681,1.56973540056564,2.6));
#6654=CARTESIAN_POINT('Origin',(-0.0669884193914681,1.56973540056564,2.6));
#6655=CARTESIAN_POINT('',(-0.0669884193914681,2.23222170593918,2.6));
#6656=CARTESIAN_POINT('',(-0.0669884193914681,1.56973540056564,2.6));
#6657=CARTESIAN_POINT('',(-0.0669884193914681,2.23222170593918,2.6));
#6658=CARTESIAN_POINT('Origin',(-0.0669884193914681,2.23222170593918,2.6));
#6659=CARTESIAN_POINT('',(-0.293628471229786,2.23222170593918,2.6));
#6660=CARTESIAN_POINT('',(-0.0669884193914681,2.23222170593918,2.6));
#6661=CARTESIAN_POINT('',(-0.293628471229786,2.23222170593918,2.6));
#6662=CARTESIAN_POINT('Ctrl Pts',(-0.293628471229786,2.23222170593918,2.6));
#6663=CARTESIAN_POINT('Ctrl Pts',(-0.293628471229786,2.23222170593918,2.96));
#6664=CARTESIAN_POINT('Ctrl Pts',(-0.297909444591266,2.23227368564339,2.6));
#6665=CARTESIAN_POINT('Ctrl Pts',(-0.297909444591266,2.23227368564339,2.96));
#6666=CARTESIAN_POINT('Ctrl Pts',(-0.305885823839373,2.23237053507434,2.6));
#6667=CARTESIAN_POINT('Ctrl Pts',(-0.305885823839373,2.23237053507434,2.96));
#6668=CARTESIAN_POINT('Ctrl Pts',(-0.316919011938355,2.23440724751363,2.6));
#6669=CARTESIAN_POINT('Ctrl Pts',(-0.316919011938355,2.23440724751363,2.96));
#6670=CARTESIAN_POINT('Ctrl Pts',(-0.326341322302656,2.23708997292093,2.6));
#6671=CARTESIAN_POINT('Ctrl Pts',(-0.326341322302656,2.23708997292093,2.96));
#6672=CARTESIAN_POINT('Ctrl Pts',(-0.335570699692564,2.24287594113504,2.6));
#6673=CARTESIAN_POINT('Ctrl Pts',(-0.335570699692564,2.24287594113504,2.96));
#6674=CARTESIAN_POINT('Ctrl Pts',(-0.344191112918975,2.25240928113788,2.6));
#6675=CARTESIAN_POINT('Ctrl Pts',(-0.344191112918975,2.25240928113788,2.96));
#6676=CARTESIAN_POINT('Ctrl Pts',(-0.345361864724604,2.26192613954469,2.6));
#6677=CARTESIAN_POINT('Ctrl Pts',(-0.345361864724604,2.26192613954469,2.96));
#6678=CARTESIAN_POINT('Ctrl Pts',(-0.345930021654013,2.26654459840508,2.6));
#6679=CARTESIAN_POINT('Ctrl Pts',(-0.345930021654013,2.26654459840508,2.96));
#6680=CARTESIAN_POINT('',(-0.345930021654013,2.26654459840508,2.6));
#6681=CARTESIAN_POINT('Ctrl Pts',(-0.293628471229786,2.23222170593918,2.6));
#6682=CARTESIAN_POINT('Ctrl Pts',(-0.297909444591266,2.23227368564339,2.6));
#6683=CARTESIAN_POINT('Ctrl Pts',(-0.305885823839373,2.23237053507434,2.6));
#6684=CARTESIAN_POINT('Ctrl Pts',(-0.316919011938355,2.23440724751363,2.6));
#6685=CARTESIAN_POINT('Ctrl Pts',(-0.326341322302656,2.23708997292093,2.6));
#6686=CARTESIAN_POINT('Ctrl Pts',(-0.335570699692564,2.24287594113504,2.6));
#6687=CARTESIAN_POINT('Ctrl Pts',(-0.344191112918975,2.25240928113788,2.6));
#6688=CARTESIAN_POINT('Ctrl Pts',(-0.345361864724604,2.26192613954469,2.6));
#6689=CARTESIAN_POINT('Ctrl Pts',(-0.345930021654013,2.26654459840508,2.6));
#6690=CARTESIAN_POINT('',(-0.345930021654013,2.26654459840508,2.6));
#6691=CARTESIAN_POINT('Ctrl Pts',(-0.345930021654013,2.26654459840508,2.6));
#6692=CARTESIAN_POINT('Ctrl Pts',(-0.345930021654013,2.26654459840508,2.96));
#6693=CARTESIAN_POINT('Ctrl Pts',(-0.345415149913189,2.27153403531221,2.6));
#6694=CARTESIAN_POINT('Ctrl Pts',(-0.345415149913189,2.27153403531221,2.96));
#6695=CARTESIAN_POINT('Ctrl Pts',(-0.344399661706213,2.2813747663854,2.6));
#6696=CARTESIAN_POINT('Ctrl Pts',(-0.344399661706213,2.2813747663854,2.96));
#6697=CARTESIAN_POINT('Ctrl Pts',(-0.335831180110588,2.29137372090685,2.6));
#6698=CARTESIAN_POINT('Ctrl Pts',(-0.335831180110588,2.29137372090685,2.96));
#6699=CARTESIAN_POINT('Ctrl Pts',(-0.326673059138617,2.29701465939003,2.6));
#6700=CARTESIAN_POINT('Ctrl Pts',(-0.326673059138617,2.29701465939003,2.96));
#6701=CARTESIAN_POINT('Ctrl Pts',(-0.317309549675545,2.29986468084138,2.6));
#6702=CARTESIAN_POINT('Ctrl Pts',(-0.317309549675545,2.29986468084138,2.96));
#6703=CARTESIAN_POINT('Ctrl Pts',(-0.306149592330055,2.3017858950998,2.6));
#6704=CARTESIAN_POINT('Ctrl Pts',(-0.306149592330055,2.3017858950998,2.96));
#6705=CARTESIAN_POINT('Ctrl Pts',(-0.297997662864522,2.30189736301759,2.6));
#6706=CARTESIAN_POINT('Ctrl Pts',(-0.297997662864522,2.30189736301759,2.96));
#6707=CARTESIAN_POINT('Ctrl Pts',(-0.293628471229786,2.30195710650482,2.6));
#6708=CARTESIAN_POINT('Ctrl Pts',(-0.293628471229786,2.30195710650482,2.96));
#6709=CARTESIAN_POINT('Ctrl Pts',(-0.345930021654013,2.26654459840508,2.6));
#6710=CARTESIAN_POINT('Ctrl Pts',(-0.345415149913189,2.27153403531221,2.6));
#6711=CARTESIAN_POINT('Ctrl Pts',(-0.344399661706213,2.2813747663854,2.6));
#6712=CARTESIAN_POINT('Ctrl Pts',(-0.335831180110588,2.29137372090685,2.6));
#6713=CARTESIAN_POINT('Ctrl Pts',(-0.326673059138617,2.29701465939003,2.6));
#6714=CARTESIAN_POINT('Ctrl Pts',(-0.317309549675545,2.29986468084138,2.6));
#6715=CARTESIAN_POINT('Ctrl Pts',(-0.306149592330055,2.3017858950998,2.6));
#6716=CARTESIAN_POINT('Ctrl Pts',(-0.297997662864522,2.30189736301759,2.6));
#6717=CARTESIAN_POINT('Ctrl Pts',(-0.293628471229786,2.30195710650482,2.6));
#6718=CARTESIAN_POINT('Origin',(0.333762338766684,1.56363696404153,2.6));
#6719=CARTESIAN_POINT('Origin',(0.944174888810258,2.54385177721687,2.6));
#6720=CARTESIAN_POINT('',(0.944174888810258,2.54385177721687,2.6));
#6721=CARTESIAN_POINT('',(0.944174888810258,2.54385177721687,2.6));
#6722=CARTESIAN_POINT('',(0.944174888810258,2.30195710650482,2.6));
#6723=CARTESIAN_POINT('',(0.944174888810258,2.54385177721687,2.6));
#6724=CARTESIAN_POINT('',(0.944174888810258,2.30195710650482,2.6));
#6725=CARTESIAN_POINT('Origin',(0.944174888810258,2.30195710650482,2.6));
#6726=CARTESIAN_POINT('',(1.36258729220407,2.30195710650482,2.6));
#6727=CARTESIAN_POINT('',(0.944174888810258,2.30195710650482,2.6));
#6728=CARTESIAN_POINT('',(1.36258729220407,2.30195710650482,2.6));
#6729=CARTESIAN_POINT('Ctrl Pts',(1.36258729220407,2.30195710650482,2.6));
#6730=CARTESIAN_POINT('Ctrl Pts',(1.36258729220407,2.30195710650482,2.96));
#6731=CARTESIAN_POINT('Ctrl Pts',(1.36695831381117,2.30190597435835,2.6));
#6732=CARTESIAN_POINT('Ctrl Pts',(1.36695831381117,2.30190597435835,2.96));
#6733=CARTESIAN_POINT('Ctrl Pts',(1.37502400307616,2.30181162204397,2.6));
#6734=CARTESIAN_POINT('Ctrl Pts',(1.37502400307616,2.30181162204397,2.96));
#6735=CARTESIAN_POINT('Ctrl Pts',(1.38607594512415,2.29982453343995,2.6));
#6736=CARTESIAN_POINT('Ctrl Pts',(1.38607594512415,2.29982453343995,2.96));
#6737=CARTESIAN_POINT('Ctrl Pts',(1.39537354642145,2.29702817799182,2.6));
#6738=CARTESIAN_POINT('Ctrl Pts',(1.39537354642145,2.29702817799182,2.96));
#6739=CARTESIAN_POINT('Ctrl Pts',(1.40444932568467,2.29133111138137,2.6));
#6740=CARTESIAN_POINT('Ctrl Pts',(1.40444932568467,2.29133111138137,2.96));
#6741=CARTESIAN_POINT('Ctrl Pts',(1.41340840137129,2.28179914234035,2.6));
#6742=CARTESIAN_POINT('Ctrl Pts',(1.41340840137129,2.28179914234035,2.96));
#6743=CARTESIAN_POINT('Ctrl Pts',(1.41439333261922,2.27201281770019,2.6));
#6744=CARTESIAN_POINT('Ctrl Pts',(1.41439333261922,2.27201281770019,2.96));
#6745=CARTESIAN_POINT('Ctrl Pts',(1.4148888426283,2.267089406222,2.6));
#6746=CARTESIAN_POINT('Ctrl Pts',(1.4148888426283,2.267089406222,2.96));
#6747=CARTESIAN_POINT('',(1.4148888426283,2.267089406222,2.6));
#6748=CARTESIAN_POINT('Ctrl Pts',(1.36258729220407,2.30195710650482,2.6));
#6749=CARTESIAN_POINT('Ctrl Pts',(1.36695831381117,2.30190597435835,2.6));
#6750=CARTESIAN_POINT('Ctrl Pts',(1.37502400307616,2.30181162204397,2.6));
#6751=CARTESIAN_POINT('Ctrl Pts',(1.38607594512415,2.29982453343995,2.6));
#6752=CARTESIAN_POINT('Ctrl Pts',(1.39537354642145,2.29702817799182,2.6));
#6753=CARTESIAN_POINT('Ctrl Pts',(1.40444932568467,2.29133111138137,2.6));
#6754=CARTESIAN_POINT('Ctrl Pts',(1.41340840137129,2.28179914234035,2.6));
#6755=CARTESIAN_POINT('Ctrl Pts',(1.41439333261922,2.27201281770019,2.6));
#6756=CARTESIAN_POINT('Ctrl Pts',(1.4148888426283,2.267089406222,2.6));
#6757=CARTESIAN_POINT('',(1.4148888426283,2.267089406222,2.6));
#6758=CARTESIAN_POINT('Ctrl Pts',(1.4148888426283,2.267089406222,2.6));
#6759=CARTESIAN_POINT('Ctrl Pts',(1.4148888426283,2.267089406222,2.96));
#6760=CARTESIAN_POINT('Ctrl Pts',(1.41431970491951,2.26238883714422,2.6));
#6761=CARTESIAN_POINT('Ctrl Pts',(1.41431970491951,2.26238883714422,2.96));
#6762=CARTESIAN_POINT('Ctrl Pts',(1.41314984280502,2.25272682108793,2.6));
#6763=CARTESIAN_POINT('Ctrl Pts',(1.41314984280502,2.25272682108793,2.96));
#6764=CARTESIAN_POINT('Ctrl Pts',(1.4046143543989,2.24288641730594,2.6));
#6765=CARTESIAN_POINT('Ctrl Pts',(1.4046143543989,2.24288641730594,2.96));
#6766=CARTESIAN_POINT('Ctrl Pts',(1.39536271175565,2.23715896971603,2.6));
#6767=CARTESIAN_POINT('Ctrl Pts',(1.39536271175565,2.23715896971603,2.96));
#6768=CARTESIAN_POINT('Ctrl Pts',(1.38607954501461,2.23435150955667,2.6));
#6769=CARTESIAN_POINT('Ctrl Pts',(1.38607954501461,2.23435150955667,2.96));
#6770=CARTESIAN_POINT('Ctrl Pts',(1.37502284028394,2.23236808495277,2.6));
#6771=CARTESIAN_POINT('Ctrl Pts',(1.37502284028394,2.23236808495277,2.96));
#6772=CARTESIAN_POINT('Ctrl Pts',(1.36695790513479,2.23227315248624,2.6));
#6773=CARTESIAN_POINT('Ctrl Pts',(1.36695790513479,2.23227315248624,2.96));
#6774=CARTESIAN_POINT('Ctrl Pts',(1.36258729220407,2.23222170593918,2.6));
#6775=CARTESIAN_POINT('Ctrl Pts',(1.36258729220407,2.23222170593918,2.96));
#6776=CARTESIAN_POINT('',(1.36258729220407,2.23222170593918,2.6));
#6777=CARTESIAN_POINT('Ctrl Pts',(1.4148888426283,2.267089406222,2.6));
#6778=CARTESIAN_POINT('Ctrl Pts',(1.41431970491951,2.26238883714422,2.6));
#6779=CARTESIAN_POINT('Ctrl Pts',(1.41314984280502,2.25272682108793,2.6));
#6780=CARTESIAN_POINT('Ctrl Pts',(1.4046143543989,2.24288641730594,2.6));
#6781=CARTESIAN_POINT('Ctrl Pts',(1.39536271175565,2.23715896971603,2.6));
#6782=CARTESIAN_POINT('Ctrl Pts',(1.38607954501461,2.23435150955667,2.6));
#6783=CARTESIAN_POINT('Ctrl Pts',(1.37502284028394,2.23236808495277,2.6));
#6784=CARTESIAN_POINT('Ctrl Pts',(1.36695790513479,2.23227315248624,2.6));
#6785=CARTESIAN_POINT('Ctrl Pts',(1.36258729220407,2.23222170593918,2.6));
#6786=CARTESIAN_POINT('',(1.36258729220407,2.23222170593918,2.6));
#6787=CARTESIAN_POINT('Origin',(1.36258729220407,2.23222170593918,2.6));
#6788=CARTESIAN_POINT('',(0.944174888810258,2.23222170593918,2.6));
#6789=CARTESIAN_POINT('',(1.36258729220407,2.23222170593918,2.6));
#6790=CARTESIAN_POINT('',(0.944174888810258,2.23222170593918,2.6));
#6791=CARTESIAN_POINT('Origin',(0.944174888810258,2.23222170593918,2.6));
#6792=CARTESIAN_POINT('',(0.944174888810258,1.71165783687304,2.6));
#6793=CARTESIAN_POINT('',(0.944174888810258,2.23222170593918,2.6));
#6794=CARTESIAN_POINT('',(0.944174888810258,1.71165783687304,2.6));
#6795=CARTESIAN_POINT('Ctrl Pts',(0.944174888810258,1.71165783687304,2.6));
#6796=CARTESIAN_POINT('Ctrl Pts',(0.944174888810258,1.71165783687304,2.96));
#6797=CARTESIAN_POINT('Ctrl Pts',(0.944752680023497,1.70067815577021,2.6));
#6798=CARTESIAN_POINT('Ctrl Pts',(0.944752680023497,1.70067815577021,2.96));
#6799=CARTESIAN_POINT('Ctrl Pts',(0.945880439049743,1.67924751753046,2.6));
#6800=CARTESIAN_POINT('Ctrl Pts',(0.945880439049743,1.67924751753046,2.96));
#6801=CARTESIAN_POINT('Ctrl Pts',(0.956314727689589,1.64862705857115,2.6));
#6802=CARTESIAN_POINT('Ctrl Pts',(0.956314727689589,1.64862705857115,2.96));
#6803=CARTESIAN_POINT('Ctrl Pts',(0.972951201387948,1.62090395940771,2.6));
#6804=CARTESIAN_POINT('Ctrl Pts',(0.972951201387948,1.62090395940771,2.96));
#6805=CARTESIAN_POINT('Ctrl Pts',(0.992080185325724,1.60077632075608,2.6));
#6806=CARTESIAN_POINT('Ctrl Pts',(0.992080185325724,1.60077632075608,2.96));
#6807=CARTESIAN_POINT('Ctrl Pts',(1.01032628151352,1.5867534998257,2.6));
#6808=CARTESIAN_POINT('Ctrl Pts',(1.01032628151352,1.5867534998257,2.96));
#6809=CARTESIAN_POINT('Ctrl Pts',(1.02593720090503,1.57758412725622,2.6));
#6810=CARTESIAN_POINT('Ctrl Pts',(1.02593720090503,1.57758412725622,2.96));
#6811=CARTESIAN_POINT('Ctrl Pts',(1.04291277676231,1.56950525031386,2.6));
#6812=CARTESIAN_POINT('Ctrl Pts',(1.04291277676231,1.56950525031386,2.96));
#6813=CARTESIAN_POINT('Ctrl Pts',(1.06166269236628,1.56344662843917,2.6));
#6814=CARTESIAN_POINT('Ctrl Pts',(1.06166269236628,1.56344662843917,2.96));
#6815=CARTESIAN_POINT('Ctrl Pts',(1.08171586767486,1.55815792943229,2.6));
#6816=CARTESIAN_POINT('Ctrl Pts',(1.08171586767486,1.55815792943229,2.96));
#6817=CARTESIAN_POINT('Ctrl Pts',(1.10342420915741,1.55465628067496,2.6));
#6818=CARTESIAN_POINT('Ctrl Pts',(1.10342420915741,1.55465628067496,2.96));
#6819=CARTESIAN_POINT('Ctrl Pts',(1.12656491590664,1.55289137472511,2.6));
#6820=CARTESIAN_POINT('Ctrl Pts',(1.12656491590664,1.55289137472511,2.96));
#6821=CARTESIAN_POINT('Ctrl Pts',(1.14248223284065,1.55250168654963,2.6));
#6822=CARTESIAN_POINT('Ctrl Pts',(1.14248223284065,1.55250168654963,2.96));
#6823=CARTESIAN_POINT('Ctrl Pts',(1.15065705142257,1.55230155042423,2.6));
#6824=CARTESIAN_POINT('Ctrl Pts',(1.15065705142257,1.55230155042423,2.96));
#6825=CARTESIAN_POINT('',(1.15065705142257,1.55230155042423,2.6));
#6826=CARTESIAN_POINT('Ctrl Pts',(0.944174888810258,1.71165783687304,2.6));
#6827=CARTESIAN_POINT('Ctrl Pts',(0.944752680023497,1.70067815577021,2.6));
#6828=CARTESIAN_POINT('Ctrl Pts',(0.945880439049743,1.67924751753046,2.6));
#6829=CARTESIAN_POINT('Ctrl Pts',(0.956314727689589,1.64862705857115,2.6));
#6830=CARTESIAN_POINT('Ctrl Pts',(0.972951201387948,1.62090395940771,2.6));
#6831=CARTESIAN_POINT('Ctrl Pts',(0.992080185325724,1.60077632075608,2.6));
#6832=CARTESIAN_POINT('Ctrl Pts',(1.01032628151352,1.5867534998257,2.6));
#6833=CARTESIAN_POINT('Ctrl Pts',(1.02593720090503,1.57758412725622,2.6));
#6834=CARTESIAN_POINT('Ctrl Pts',(1.04291277676231,1.56950525031386,2.6));
#6835=CARTESIAN_POINT('Ctrl Pts',(1.06166269236628,1.56344662843917,2.6));
#6836=CARTESIAN_POINT('Ctrl Pts',(1.08171586767486,1.55815792943229,2.6));
#6837=CARTESIAN_POINT('Ctrl Pts',(1.10342420915741,1.55465628067496,2.6));
#6838=CARTESIAN_POINT('Ctrl Pts',(1.12656491590664,1.55289137472511,2.6));
#6839=CARTESIAN_POINT('Ctrl Pts',(1.14248223284065,1.55250168654963,2.6));
#6840=CARTESIAN_POINT('Ctrl Pts',(1.15065705142257,1.55230155042423,2.6));
#6841=CARTESIAN_POINT('',(1.15065705142257,1.55230155042423,2.6));
#6842=CARTESIAN_POINT('Ctrl Pts',(1.15065705142257,1.55230155042423,2.6));
#6843=CARTESIAN_POINT('Ctrl Pts',(1.15065705142257,1.55230155042423,2.96));
#6844=CARTESIAN_POINT('Ctrl Pts',(1.16364961398456,1.55259953434403,2.6));
#6845=CARTESIAN_POINT('Ctrl Pts',(1.16364961398456,1.55259953434403,2.96));
#6846=CARTESIAN_POINT('Ctrl Pts',(1.19023120450732,1.5532091820945,2.6));
#6847=CARTESIAN_POINT('Ctrl Pts',(1.19023120450732,1.5532091820945,2.96));
#6848=CARTESIAN_POINT('Ctrl Pts',(1.23081154698546,1.55714571927706,2.6));
#6849=CARTESIAN_POINT('Ctrl Pts',(1.23081154698546,1.55714571927706,2.96));
#6850=CARTESIAN_POINT('Ctrl Pts',(1.27291564547021,1.56373152436042,2.6));
#6851=CARTESIAN_POINT('Ctrl Pts',(1.27291564547021,1.56373152436042,2.96));
#6852=CARTESIAN_POINT('Ctrl Pts',(1.3154020715551,1.5729148367314,2.6));
#6853=CARTESIAN_POINT('Ctrl Pts',(1.3154020715551,1.5729148367314,2.96));
#6854=CARTESIAN_POINT('Ctrl Pts',(1.35635281024097,1.58339425398738,2.6));
#6855=CARTESIAN_POINT('Ctrl Pts',(1.35635281024097,1.58339425398738,2.96));
#6856=CARTESIAN_POINT('Ctrl Pts',(1.39333642656298,1.59508765206962,2.6));
#6857=CARTESIAN_POINT('Ctrl Pts',(1.39333642656298,1.59508765206962,2.96));
#6858=CARTESIAN_POINT('Ctrl Pts',(1.42563925668649,1.60708596799262,2.6));
#6859=CARTESIAN_POINT('Ctrl Pts',(1.42563925668649,1.60708596799262,2.96));
#6860=CARTESIAN_POINT('Ctrl Pts',(1.44483226110747,1.61670431418291,2.6));
#6861=CARTESIAN_POINT('Ctrl Pts',(1.44483226110747,1.61670431418291,2.96));
#6862=CARTESIAN_POINT('Ctrl Pts',(1.45384260153801,1.62121973926448,2.6));
#6863=CARTESIAN_POINT('Ctrl Pts',(1.45384260153801,1.62121973926448,2.96));
#6864=CARTESIAN_POINT('',(1.45384260153801,1.62121973926448,2.6));
#6865=CARTESIAN_POINT('Ctrl Pts',(1.15065705142257,1.55230155042423,2.6));
#6866=CARTESIAN_POINT('Ctrl Pts',(1.16364961398456,1.55259953434403,2.6));
#6867=CARTESIAN_POINT('Ctrl Pts',(1.19023120450732,1.5532091820945,2.6));
#6868=CARTESIAN_POINT('Ctrl Pts',(1.23081154698546,1.55714571927706,2.6));
#6869=CARTESIAN_POINT('Ctrl Pts',(1.27291564547021,1.56373152436042,2.6));
#6870=CARTESIAN_POINT('Ctrl Pts',(1.3154020715551,1.5729148367314,2.6));
#6871=CARTESIAN_POINT('Ctrl Pts',(1.35635281024097,1.58339425398738,2.6));
#6872=CARTESIAN_POINT('Ctrl Pts',(1.39333642656298,1.59508765206962,2.6));
#6873=CARTESIAN_POINT('Ctrl Pts',(1.42563925668649,1.60708596799262,2.6));
#6874=CARTESIAN_POINT('Ctrl Pts',(1.44483226110747,1.61670431418291,2.6));
#6875=CARTESIAN_POINT('Ctrl Pts',(1.45384260153801,1.62121973926448,2.6));
#6876=CARTESIAN_POINT('',(1.45384260153801,1.62121973926448,2.6));
#6877=CARTESIAN_POINT('Ctrl Pts',(1.45384260153801,1.62121973926448,2.6));
#6878=CARTESIAN_POINT('Ctrl Pts',(1.45384260153801,1.62121973926448,2.96));
#6879=CARTESIAN_POINT('Ctrl Pts',(1.45914171360664,1.62437518797025,2.6));
#6880=CARTESIAN_POINT('Ctrl Pts',(1.45914171360664,1.62437518797025,2.96));
#6881=CARTESIAN_POINT('Ctrl Pts',(1.46839134047655,1.62988303961736,2.6));
#6882=CARTESIAN_POINT('Ctrl Pts',(1.46839134047655,1.62988303961736,2.96));
#6883=CARTESIAN_POINT('Ctrl Pts',(1.47900257167359,1.63144765045523,2.6));
#6884=CARTESIAN_POINT('Ctrl Pts',(1.47900257167359,1.63144765045523,2.96));
#6885=CARTESIAN_POINT('Ctrl Pts',(1.4835346275601,1.63211589560287,2.6));
#6886=CARTESIAN_POINT('Ctrl Pts',(1.4835346275601,1.63211589560287,2.96));
#6887=CARTESIAN_POINT('',(1.4835346275601,1.63211589560287,2.6));
#6888=CARTESIAN_POINT('Ctrl Pts',(1.45384260153801,1.62121973926448,2.6));
#6889=CARTESIAN_POINT('Ctrl Pts',(1.45914171360664,1.62437518797025,2.6));
#6890=CARTESIAN_POINT('Ctrl Pts',(1.46839134047655,1.62988303961736,2.6));
#6891=CARTESIAN_POINT('Ctrl Pts',(1.47900257167359,1.63144765045523,2.6));
#6892=CARTESIAN_POINT('Ctrl Pts',(1.4835346275601,1.63211589560287,2.6));
#6893=CARTESIAN_POINT('',(1.4835346275601,1.63211589560287,2.6));
#6894=CARTESIAN_POINT('Ctrl Pts',(1.4835346275601,1.63211589560287,2.6));
#6895=CARTESIAN_POINT('Ctrl Pts',(1.4835346275601,1.63211589560287,2.96));
#6896=CARTESIAN_POINT('Ctrl Pts',(1.48822941456902,1.63171651688841,2.6));
#6897=CARTESIAN_POINT('Ctrl Pts',(1.48822941456902,1.63171651688841,2.96));
#6898=CARTESIAN_POINT('Ctrl Pts',(1.49764076583714,1.63091590690043,2.6));
#6899=CARTESIAN_POINT('Ctrl Pts',(1.49764076583714,1.63091590690043,2.96));
#6900=CARTESIAN_POINT('Ctrl Pts',(1.50895113510575,1.62216582461227,2.6));
#6901=CARTESIAN_POINT('Ctrl Pts',(1.50895113510575,1.62216582461227,2.96));
#6902=CARTESIAN_POINT('Ctrl Pts',(1.51798945138822,1.6111591624438,2.6));
#6903=CARTESIAN_POINT('Ctrl Pts',(1.51798945138822,1.6111591624438,2.96));
#6904=CARTESIAN_POINT('Ctrl Pts',(1.5189937478552,1.60186078727015,2.6));
#6905=CARTESIAN_POINT('Ctrl Pts',(1.5189937478552,1.60186078727015,2.96));
#6906=CARTESIAN_POINT('Ctrl Pts',(1.51949194347676,1.59724819532005,2.6));
#6907=CARTESIAN_POINT('Ctrl Pts',(1.51949194347676,1.59724819532005,2.96));
#6908=CARTESIAN_POINT('',(1.51949194347676,1.59724819532005,2.6));
#6909=CARTESIAN_POINT('Ctrl Pts',(1.4835346275601,1.63211589560287,2.6));
#6910=CARTESIAN_POINT('Ctrl Pts',(1.48822941456902,1.63171651688841,2.6));
#6911=CARTESIAN_POINT('Ctrl Pts',(1.49764076583714,1.63091590690043,2.6));
#6912=CARTESIAN_POINT('Ctrl Pts',(1.50895113510575,1.62216582461227,2.6));
#6913=CARTESIAN_POINT('Ctrl Pts',(1.51798945138822,1.6111591624438,2.6));
#6914=CARTESIAN_POINT('Ctrl Pts',(1.5189937478552,1.60186078727015,2.6));
#6915=CARTESIAN_POINT('Ctrl Pts',(1.51949194347676,1.59724819532005,2.6));
#6916=CARTESIAN_POINT('',(1.51949194347676,1.59724819532005,2.6));
#6917=CARTESIAN_POINT('Ctrl Pts',(1.51949194347676,1.59724819532005,2.6));
#6918=CARTESIAN_POINT('Ctrl Pts',(1.51949194347676,1.59724819532005,2.96));
#6919=CARTESIAN_POINT('Ctrl Pts',(1.51894680872624,1.59308330769464,2.6));
#6920=CARTESIAN_POINT('Ctrl Pts',(1.51894680872624,1.59308330769464,2.96));
#6921=CARTESIAN_POINT('Ctrl Pts',(1.51776376110367,1.58404469770161,2.6));
#6922=CARTESIAN_POINT('Ctrl Pts',(1.51776376110367,1.58404469770161,2.96));
#6923=CARTESIAN_POINT('Ctrl Pts',(1.51145352898723,1.57740283037456,2.6));
#6924=CARTESIAN_POINT('Ctrl Pts',(1.51145352898723,1.57740283037456,2.96));
#6925=CARTESIAN_POINT('Ctrl Pts',(1.50805097932146,1.57382145919253,2.6));
#6926=CARTESIAN_POINT('Ctrl Pts',(1.50805097932146,1.57382145919253,2.96));
#6927=CARTESIAN_POINT('',(1.50805097932146,1.57382145919253,2.6));
#6928=CARTESIAN_POINT('Ctrl Pts',(1.51949194347676,1.59724819532005,2.6));
#6929=CARTESIAN_POINT('Ctrl Pts',(1.51894680872624,1.59308330769464,2.6));
#6930=CARTESIAN_POINT('Ctrl Pts',(1.51776376110367,1.58404469770161,2.6));
#6931=CARTESIAN_POINT('Ctrl Pts',(1.51145352898723,1.57740283037456,2.6));
#6932=CARTESIAN_POINT('Ctrl Pts',(1.50805097932146,1.57382145919253,2.6));
#6933=CARTESIAN_POINT('',(1.50805097932146,1.57382145919253,2.6));
#6934=CARTESIAN_POINT('Ctrl Pts',(1.50805097932146,1.57382145919253,2.6));
#6935=CARTESIAN_POINT('Ctrl Pts',(1.50805097932146,1.57382145919253,2.96));
#6936=CARTESIAN_POINT('Ctrl Pts',(1.50528172662406,1.57149029649193,2.6));
#6937=CARTESIAN_POINT('Ctrl Pts',(1.50528172662406,1.57149029649193,2.96));
#6938=CARTESIAN_POINT('Ctrl Pts',(1.49919507939239,1.56636654414838,2.6));
#6939=CARTESIAN_POINT('Ctrl Pts',(1.49919507939239,1.56636654414838,2.96));
#6940=CARTESIAN_POINT('Ctrl Pts',(1.48806748256432,1.55937762895036,2.6));
#6941=CARTESIAN_POINT('Ctrl Pts',(1.48806748256432,1.55937762895036,2.96));
#6942=CARTESIAN_POINT('Ctrl Pts',(1.47464739472847,1.55208754970612,2.6));
#6943=CARTESIAN_POINT('Ctrl Pts',(1.47464739472847,1.55208754970612,2.96));
#6944=CARTESIAN_POINT('Ctrl Pts',(1.45840000512529,1.5450480635532,2.6));
#6945=CARTESIAN_POINT('Ctrl Pts',(1.45840000512529,1.5450480635532,2.96));
#6946=CARTESIAN_POINT('Ctrl Pts',(1.43991974122906,1.53747315366857,2.6));
#6947=CARTESIAN_POINT('Ctrl Pts',(1.43991974122906,1.53747315366857,2.96));
#6948=CARTESIAN_POINT('Ctrl Pts',(1.41870825463999,1.52986531235567,2.6));
#6949=CARTESIAN_POINT('Ctrl Pts',(1.41870825463999,1.52986531235567,2.96));
#6950=CARTESIAN_POINT('Ctrl Pts',(1.39511858927713,1.52197472799872,2.6));
#6951=CARTESIAN_POINT('Ctrl Pts',(1.39511858927713,1.52197472799872,2.96));
#6952=CARTESIAN_POINT('Ctrl Pts',(1.36055979467733,1.51157258222817,2.6));
#6953=CARTESIAN_POINT('Ctrl Pts',(1.36055979467733,1.51157258222817,2.96));
#6954=CARTESIAN_POINT('Ctrl Pts',(1.31620611344154,1.50010321410825,2.6));
#6955=CARTESIAN_POINT('Ctrl Pts',(1.31620611344154,1.50010321410825,2.96));
#6956=CARTESIAN_POINT('Ctrl Pts',(1.26309018823909,1.48998047892,2.6));
#6957=CARTESIAN_POINT('Ctrl Pts',(1.26309018823909,1.48998047892,2.96));
#6958=CARTESIAN_POINT('Ctrl Pts',(1.21101325032798,1.48363914364126,2.6));
#6959=CARTESIAN_POINT('Ctrl Pts',(1.21101325032798,1.48363914364126,2.96));
#6960=CARTESIAN_POINT('Ctrl Pts',(1.17664337204439,1.48292119711732,2.6));
#6961=CARTESIAN_POINT('Ctrl Pts',(1.17664337204439,1.48292119711732,2.96));
#6962=CARTESIAN_POINT('Ctrl Pts',(1.15964638040173,1.48256614985859,2.6));
#6963=CARTESIAN_POINT('Ctrl Pts',(1.15964638040173,1.48256614985859,2.96));
#6964=CARTESIAN_POINT('',(1.15964638040173,1.48256614985859,2.6));
#6965=CARTESIAN_POINT('Ctrl Pts',(1.50805097932146,1.57382145919253,2.6));
#6966=CARTESIAN_POINT('Ctrl Pts',(1.50528172662406,1.57149029649193,2.6));
#6967=CARTESIAN_POINT('Ctrl Pts',(1.49919507939239,1.56636654414838,2.6));
#6968=CARTESIAN_POINT('Ctrl Pts',(1.48806748256432,1.55937762895036,2.6));
#6969=CARTESIAN_POINT('Ctrl Pts',(1.47464739472847,1.55208754970612,2.6));
#6970=CARTESIAN_POINT('Ctrl Pts',(1.45840000512529,1.5450480635532,2.6));
#6971=CARTESIAN_POINT('Ctrl Pts',(1.43991974122906,1.53747315366857,2.6));
#6972=CARTESIAN_POINT('Ctrl Pts',(1.41870825463999,1.52986531235567,2.6));
#6973=CARTESIAN_POINT('Ctrl Pts',(1.39511858927713,1.52197472799872,2.6));
#6974=CARTESIAN_POINT('Ctrl Pts',(1.36055979467733,1.51157258222817,2.6));
#6975=CARTESIAN_POINT('Ctrl Pts',(1.31620611344154,1.50010321410825,2.6));
#6976=CARTESIAN_POINT('Ctrl Pts',(1.26309018823909,1.48998047892,2.6));
#6977=CARTESIAN_POINT('Ctrl Pts',(1.21101325032798,1.48363914364126,2.6));
#6978=CARTESIAN_POINT('Ctrl Pts',(1.17664337204439,1.48292119711732,2.6));
#6979=CARTESIAN_POINT('Ctrl Pts',(1.15964638040173,1.48256614985859,2.6));
#6980=CARTESIAN_POINT('',(1.15964638040173,1.48256614985859,2.6));
#6981=CARTESIAN_POINT('Ctrl Pts',(1.15964638040173,1.48256614985859,2.6));
#6982=CARTESIAN_POINT('Ctrl Pts',(1.15964638040173,1.48256614985859,2.96));
#6983=CARTESIAN_POINT('Ctrl Pts',(1.14901481731373,1.48278048200245,2.6));
#6984=CARTESIAN_POINT('Ctrl Pts',(1.14901481731373,1.48278048200245,2.96));
#6985=CARTESIAN_POINT('Ctrl Pts',(1.12834377991542,1.48319720978977,2.6));
#6986=CARTESIAN_POINT('Ctrl Pts',(1.12834377991542,1.48319720978977,2.96));
#6987=CARTESIAN_POINT('Ctrl Pts',(1.09812810639556,1.48628755787318,2.6));
#6988=CARTESIAN_POINT('Ctrl Pts',(1.09812810639556,1.48628755787318,2.96));
#6989=CARTESIAN_POINT('Ctrl Pts',(1.06961191299093,1.49108177074914,2.6));
#6990=CARTESIAN_POINT('Ctrl Pts',(1.06961191299093,1.49108177074914,2.96));
#6991=CARTESIAN_POINT('Ctrl Pts',(1.04260573969694,1.49789721728391,2.6));
#6992=CARTESIAN_POINT('Ctrl Pts',(1.04260573969694,1.49789721728391,2.96));
#6993=CARTESIAN_POINT('Ctrl Pts',(1.01734091611627,1.50683402578226,2.6));
#6994=CARTESIAN_POINT('Ctrl Pts',(1.01734091611627,1.50683402578226,2.96));
#6995=CARTESIAN_POINT('Ctrl Pts',(0.993742325364294,1.51781966445817,2.6));
#6996=CARTESIAN_POINT('Ctrl Pts',(0.993742325364294,1.51781966445817,2.96));
#6997=CARTESIAN_POINT('Ctrl Pts',(0.97172888169894,1.53061262858717,2.6));
#6998=CARTESIAN_POINT('Ctrl Pts',(0.97172888169894,1.53061262858717,2.96));
#6999=CARTESIAN_POINT('Ctrl Pts',(0.95168997904825,1.5456677760743,2.6));
#7000=CARTESIAN_POINT('Ctrl Pts',(0.95168997904825,1.5456677760743,2.96));
#7001=CARTESIAN_POINT('Ctrl Pts',(0.933380347169969,1.56205291403161,2.6));
#7002=CARTESIAN_POINT('Ctrl Pts',(0.933380347169969,1.56205291403161,2.96));
#7003=CARTESIAN_POINT('Ctrl Pts',(0.917769530956013,1.5803287620859,2.6));
#7004=CARTESIAN_POINT('Ctrl Pts',(0.917769530956013,1.5803287620859,2.96));
#7005=CARTESIAN_POINT('Ctrl Pts',(0.904272780477958,1.59968423981972,2.6));
#7006=CARTESIAN_POINT('Ctrl Pts',(0.904272780477958,1.59968423981972,2.96));
#7007=CARTESIAN_POINT('Ctrl Pts',(0.893336946606202,1.62055742038712,2.6));
#7008=CARTESIAN_POINT('Ctrl Pts',(0.893336946606202,1.62055742038712,2.96));
#7009=CARTESIAN_POINT('Ctrl Pts',(0.884756268151599,1.64285066984873,2.6));
#7010=CARTESIAN_POINT('Ctrl Pts',(0.884756268151599,1.64285066984873,2.96));
#7011=CARTESIAN_POINT('Ctrl Pts',(0.879003274137855,1.66658107996078,2.6));
#7012=CARTESIAN_POINT('Ctrl Pts',(0.879003274137855,1.66658107996078,2.96));
#7013=CARTESIAN_POINT('Ctrl Pts',(0.874866314476987,1.691538312011,2.6));
#7014=CARTESIAN_POINT('Ctrl Pts',(0.874866314476987,1.691538312011,2.96));
#7015=CARTESIAN_POINT('Ctrl Pts',(0.874583772205088,1.70864338595681,2.6));
#7016=CARTESIAN_POINT('Ctrl Pts',(0.874583772205088,1.70864338595681,2.96));
#7017=CARTESIAN_POINT('Ctrl Pts',(0.874439488244621,1.71737831895069,2.6));
#7018=CARTESIAN_POINT('Ctrl Pts',(0.874439488244621,1.71737831895069,2.96));
#7019=CARTESIAN_POINT('',(0.874439488244621,1.71737831895069,2.6));
#7020=CARTESIAN_POINT('Ctrl Pts',(1.15964638040173,1.48256614985859,2.6));
#7021=CARTESIAN_POINT('Ctrl Pts',(1.14901481731373,1.48278048200245,2.6));
#7022=CARTESIAN_POINT('Ctrl Pts',(1.12834377991542,1.48319720978977,2.6));
#7023=CARTESIAN_POINT('Ctrl Pts',(1.09812810639556,1.48628755787318,2.6));
#7024=CARTESIAN_POINT('Ctrl Pts',(1.06961191299093,1.49108177074914,2.6));
#7025=CARTESIAN_POINT('Ctrl Pts',(1.04260573969694,1.49789721728391,2.6));
#7026=CARTESIAN_POINT('Ctrl Pts',(1.01734091611627,1.50683402578226,2.6));
#7027=CARTESIAN_POINT('Ctrl Pts',(0.993742325364294,1.51781966445817,2.6));
#7028=CARTESIAN_POINT('Ctrl Pts',(0.97172888169894,1.53061262858717,2.6));
#7029=CARTESIAN_POINT('Ctrl Pts',(0.95168997904825,1.5456677760743,2.6));
#7030=CARTESIAN_POINT('Ctrl Pts',(0.933380347169969,1.56205291403161,2.6));
#7031=CARTESIAN_POINT('Ctrl Pts',(0.917769530956013,1.5803287620859,2.6));
#7032=CARTESIAN_POINT('Ctrl Pts',(0.904272780477958,1.59968423981972,2.6));
#7033=CARTESIAN_POINT('Ctrl Pts',(0.893336946606202,1.62055742038712,2.6));
#7034=CARTESIAN_POINT('Ctrl Pts',(0.884756268151599,1.64285066984873,2.6));
#7035=CARTESIAN_POINT('Ctrl Pts',(0.879003274137855,1.66658107996078,2.6));
#7036=CARTESIAN_POINT('Ctrl Pts',(0.874866314476987,1.691538312011,2.6));
#7037=CARTESIAN_POINT('Ctrl Pts',(0.874583772205088,1.70864338595681,2.6));
#7038=CARTESIAN_POINT('Ctrl Pts',(0.874439488244621,1.71737831895069,2.6));
#7039=CARTESIAN_POINT('',(0.874439488244621,1.71737831895069,2.6));
#7040=CARTESIAN_POINT('Origin',(0.874439488244621,1.71737831895069,2.6));
#7041=CARTESIAN_POINT('',(0.874439488244621,2.23222170593918,2.6));
#7042=CARTESIAN_POINT('',(0.874439488244621,1.71737831895069,2.6));
#7043=CARTESIAN_POINT('',(0.874439488244621,2.23222170593918,2.6));
#7044=CARTESIAN_POINT('Origin',(0.874439488244621,2.23222170593918,2.6));
#7045=CARTESIAN_POINT('',(0.733606667571052,2.23222170593918,2.6));
#7046=CARTESIAN_POINT('',(0.874439488244621,2.23222170593918,2.6));
#7047=CARTESIAN_POINT('',(0.733606667571052,2.23222170593918,2.6));
#7048=CARTESIAN_POINT('Ctrl Pts',(0.733606667571052,2.23222170593918,2.6));
#7049=CARTESIAN_POINT('Ctrl Pts',(0.733606667571052,2.23222170593918,2.96));
#7050=CARTESIAN_POINT('Ctrl Pts',(0.729420519662131,2.23228782098182,2.6));
#7051=CARTESIAN_POINT('Ctrl Pts',(0.729420519662131,2.23228782098182,2.96));
#7052=CARTESIAN_POINT('Ctrl Pts',(0.721542411927873,2.23241224597591,2.6));
#7053=CARTESIAN_POINT('Ctrl Pts',(0.721542411927873,2.23241224597591,2.96));
#7054=CARTESIAN_POINT('Ctrl Pts',(0.710725081557452,2.23429151475128,2.6));
#7055=CARTESIAN_POINT('Ctrl Pts',(0.710725081557452,2.23429151475128,2.96));
#7056=CARTESIAN_POINT('Ctrl Pts',(0.70159756641799,2.23723792138216,2.6));
#7057=CARTESIAN_POINT('Ctrl Pts',(0.70159756641799,2.23723792138216,2.96));
#7058=CARTESIAN_POINT('Ctrl Pts',(0.692418706236298,2.2427593240539,2.6));
#7059=CARTESIAN_POINT('Ctrl Pts',(0.692418706236298,2.2427593240539,2.96));
#7060=CARTESIAN_POINT('Ctrl Pts',(0.684374403958314,2.25307744578864,2.6));
#7061=CARTESIAN_POINT('Ctrl Pts',(0.684374403958314,2.25307744578864,2.96));
#7062=CARTESIAN_POINT('Ctrl Pts',(0.683237474868267,2.26277130777467,2.6));
#7063=CARTESIAN_POINT('Ctrl Pts',(0.683237474868267,2.26277130777467,2.96));
#7064=CARTESIAN_POINT('Ctrl Pts',(0.682667136689122,2.26763421403892,2.6));
#7065=CARTESIAN_POINT('Ctrl Pts',(0.682667136689122,2.26763421403892,2.96));
#7066=CARTESIAN_POINT('',(0.682667136689122,2.26763421403892,2.6));
#7067=CARTESIAN_POINT('Ctrl Pts',(0.733606667571052,2.23222170593918,2.6));
#7068=CARTESIAN_POINT('Ctrl Pts',(0.729420519662131,2.23228782098182,2.6));
#7069=CARTESIAN_POINT('Ctrl Pts',(0.721542411927873,2.23241224597591,2.6));
#7070=CARTESIAN_POINT('Ctrl Pts',(0.710725081557452,2.23429151475128,2.6));
#7071=CARTESIAN_POINT('Ctrl Pts',(0.70159756641799,2.23723792138216,2.6));
#7072=CARTESIAN_POINT('Ctrl Pts',(0.692418706236298,2.2427593240539,2.6));
#7073=CARTESIAN_POINT('Ctrl Pts',(0.684374403958314,2.25307744578864,2.6));
#7074=CARTESIAN_POINT('Ctrl Pts',(0.683237474868267,2.26277130777467,2.6));
#7075=CARTESIAN_POINT('Ctrl Pts',(0.682667136689122,2.26763421403892,2.6));
#7076=CARTESIAN_POINT('',(0.682667136689122,2.26763421403892,2.6));
#7077=CARTESIAN_POINT('Ctrl Pts',(0.682667136689122,2.26763421403892,2.6));
#7078=CARTESIAN_POINT('Ctrl Pts',(0.682667136689122,2.26763421403892,2.96));
#7079=CARTESIAN_POINT('Ctrl Pts',(0.68323262146089,2.27233307674487,2.6));
#7080=CARTESIAN_POINT('Ctrl Pts',(0.68323262146089,2.27233307674487,2.96));
#7081=CARTESIAN_POINT('Ctrl Pts',(0.684363914539174,2.2817334905499,2.6));
#7082=CARTESIAN_POINT('Ctrl Pts',(0.684363914539174,2.2817334905499,2.96));
#7083=CARTESIAN_POINT('Ctrl Pts',(0.692586188310475,2.29146091610825,2.6));
#7084=CARTESIAN_POINT('Ctrl Pts',(0.692586188310475,2.29146091610825,2.96));
#7085=CARTESIAN_POINT('Ctrl Pts',(0.701587332897022,2.29694853829035,2.6));
#7086=CARTESIAN_POINT('Ctrl Pts',(0.701587332897022,2.29694853829035,2.96));
#7087=CARTESIAN_POINT('Ctrl Pts',(0.710728554949207,2.29988470212267,2.6));
#7088=CARTESIAN_POINT('Ctrl Pts',(0.710728554949207,2.29988470212267,2.96));
#7089=CARTESIAN_POINT('Ctrl Pts',(0.721541332733419,2.30176737292039,2.6));
#7090=CARTESIAN_POINT('Ctrl Pts',(0.721541332733419,2.30176737292039,2.96));
#7091=CARTESIAN_POINT('Ctrl Pts',(0.729420145194966,2.30189127129117,2.6));
#7092=CARTESIAN_POINT('Ctrl Pts',(0.729420145194966,2.30189127129117,2.96));
#7093=CARTESIAN_POINT('Ctrl Pts',(0.733606667571052,2.30195710650482,2.6));
#7094=CARTESIAN_POINT('Ctrl Pts',(0.733606667571052,2.30195710650482,2.96));
#7095=CARTESIAN_POINT('',(0.733606667571052,2.30195710650482,2.6));
#7096=CARTESIAN_POINT('Ctrl Pts',(0.682667136689122,2.26763421403892,2.6));
#7097=CARTESIAN_POINT('Ctrl Pts',(0.68323262146089,2.27233307674487,2.6));
#7098=CARTESIAN_POINT('Ctrl Pts',(0.684363914539174,2.2817334905499,2.6));
#7099=CARTESIAN_POINT('Ctrl Pts',(0.692586188310475,2.29146091610825,2.6));
#7100=CARTESIAN_POINT('Ctrl Pts',(0.701587332897022,2.29694853829035,2.6));
#7101=CARTESIAN_POINT('Ctrl Pts',(0.710728554949207,2.29988470212267,2.6));
#7102=CARTESIAN_POINT('Ctrl Pts',(0.721541332733419,2.30176737292039,2.6));
#7103=CARTESIAN_POINT('Ctrl Pts',(0.729420145194966,2.30189127129117,2.6));
#7104=CARTESIAN_POINT('Ctrl Pts',(0.733606667571052,2.30195710650482,2.6));
#7105=CARTESIAN_POINT('',(0.733606667571052,2.30195710650482,2.6));
#7106=CARTESIAN_POINT('Origin',(0.733606667571052,2.30195710650482,2.6));
#7107=CARTESIAN_POINT('',(0.874439488244621,2.30195710650482,2.6));
#7108=CARTESIAN_POINT('',(0.733606667571052,2.30195710650482,2.6));
#7109=CARTESIAN_POINT('',(0.874439488244621,2.30195710650482,2.6));
#7110=CARTESIAN_POINT('Origin',(0.874439488244621,2.30195710650482,2.6));
#7111=CARTESIAN_POINT('',(0.874439488244621,2.54385177721687,2.6));
#7112=CARTESIAN_POINT('',(0.874439488244621,2.30195710650482,2.6));
#7113=CARTESIAN_POINT('',(0.874439488244621,2.54385177721687,2.6));
#7114=CARTESIAN_POINT('Ctrl Pts',(0.874439488244621,2.54385177721687,2.6));
#7115=CARTESIAN_POINT('Ctrl Pts',(0.874439488244621,2.54385177721687,2.96));
#7116=CARTESIAN_POINT('Ctrl Pts',(0.874494860478704,2.54840282307345,2.6));
#7117=CARTESIAN_POINT('Ctrl Pts',(0.874494860478704,2.54840282307345,2.96));
#7118=CARTESIAN_POINT('Ctrl Pts',(0.874597349295683,2.55682638252677,2.6));
#7119=CARTESIAN_POINT('Ctrl Pts',(0.874597349295683,2.55682638252677,2.96));
#7120=CARTESIAN_POINT('Ctrl Pts',(0.876537272125822,2.56834359028938,2.6));
#7121=CARTESIAN_POINT('Ctrl Pts',(0.876537272125822,2.56834359028938,2.96));
#7122=CARTESIAN_POINT('Ctrl Pts',(0.879381826608339,2.57797466473077,2.6));
#7123=CARTESIAN_POINT('Ctrl Pts',(0.879381826608339,2.57797466473077,2.96));
#7124=CARTESIAN_POINT('Ctrl Pts',(0.885019657046853,2.58744290272791,2.6));
#7125=CARTESIAN_POINT('Ctrl Pts',(0.885019657046853,2.58744290272791,2.96));
#7126=CARTESIAN_POINT('Ctrl Pts',(0.894581598131775,2.59628344453518,2.6));
#7127=CARTESIAN_POINT('Ctrl Pts',(0.894581598131775,2.59628344453518,2.96));
#7128=CARTESIAN_POINT('Ctrl Pts',(0.904141084160649,2.59766478439545,2.6));
#7129=CARTESIAN_POINT('Ctrl Pts',(0.904141084160649,2.59766478439545,2.96));
#7130=CARTESIAN_POINT('Ctrl Pts',(0.908762380710521,2.59833255890877,2.6));
#7131=CARTESIAN_POINT('Ctrl Pts',(0.908762380710521,2.59833255890877,2.96));
#7132=CARTESIAN_POINT('',(0.908762380710521,2.59833255890877,2.6));
#7133=CARTESIAN_POINT('Ctrl Pts',(0.874439488244621,2.54385177721687,2.6));
#7134=CARTESIAN_POINT('Ctrl Pts',(0.874494860478704,2.54840282307345,2.6));
#7135=CARTESIAN_POINT('Ctrl Pts',(0.874597349295683,2.55682638252677,2.6));
#7136=CARTESIAN_POINT('Ctrl Pts',(0.876537272125822,2.56834359028938,2.6));
#7137=CARTESIAN_POINT('Ctrl Pts',(0.879381826608339,2.57797466473077,2.6));
#7138=CARTESIAN_POINT('Ctrl Pts',(0.885019657046853,2.58744290272791,2.6));
#7139=CARTESIAN_POINT('Ctrl Pts',(0.894581598131775,2.59628344453518,2.6));
#7140=CARTESIAN_POINT('Ctrl Pts',(0.904141084160649,2.59766478439545,2.6));
#7141=CARTESIAN_POINT('Ctrl Pts',(0.908762380710521,2.59833255890877,2.6));
#7142=CARTESIAN_POINT('',(0.908762380710521,2.59833255890877,2.6));
#7143=CARTESIAN_POINT('Ctrl Pts',(0.908762380710521,2.59833255890877,2.6));
#7144=CARTESIAN_POINT('Ctrl Pts',(0.908762380710521,2.59833255890877,2.96));
#7145=CARTESIAN_POINT('Ctrl Pts',(0.913772057669531,2.59773622931152,2.6));
#7146=CARTESIAN_POINT('Ctrl Pts',(0.913772057669531,2.59773622931152,2.96));
#7147=CARTESIAN_POINT('Ctrl Pts',(0.923751384627934,2.59654833474774,2.6));
#7148=CARTESIAN_POINT('Ctrl Pts',(0.923751384627934,2.59654833474774,2.96));
#7149=CARTESIAN_POINT('Ctrl Pts',(0.93359575519779,2.58744125884533,2.6));
#7150=CARTESIAN_POINT('Ctrl Pts',(0.93359575519779,2.58744125884533,2.96));
#7151=CARTESIAN_POINT('Ctrl Pts',(0.939232305200563,2.57797505418167,2.6));
#7152=CARTESIAN_POINT('Ctrl Pts',(0.939232305200563,2.57797505418167,2.96));
#7153=CARTESIAN_POINT('Ctrl Pts',(0.942077188284755,2.56834345792044,2.6));
#7154=CARTESIAN_POINT('Ctrl Pts',(0.942077188284755,2.56834345792044,2.96));
#7155=CARTESIAN_POINT('Ctrl Pts',(0.944017000837304,2.55682642527877,2.6));
#7156=CARTESIAN_POINT('Ctrl Pts',(0.944017000837304,2.55682642527877,2.96));
#7157=CARTESIAN_POINT('Ctrl Pts',(0.9441195071329,2.54840283806938,2.6));
#7158=CARTESIAN_POINT('Ctrl Pts',(0.9441195071329,2.54840283806938,2.96));
#7159=CARTESIAN_POINT('Ctrl Pts',(0.944174888810258,2.54385177721687,2.6));
#7160=CARTESIAN_POINT('Ctrl Pts',(0.944174888810258,2.54385177721687,2.96));
#7161=CARTESIAN_POINT('Ctrl Pts',(0.908762380710521,2.59833255890877,2.6));
#7162=CARTESIAN_POINT('Ctrl Pts',(0.913772057669531,2.59773622931152,2.6));
#7163=CARTESIAN_POINT('Ctrl Pts',(0.923751384627934,2.59654833474774,2.6));
#7164=CARTESIAN_POINT('Ctrl Pts',(0.93359575519779,2.58744125884533,2.6));
#7165=CARTESIAN_POINT('Ctrl Pts',(0.939232305200563,2.57797505418167,2.6));
#7166=CARTESIAN_POINT('Ctrl Pts',(0.942077188284755,2.56834345792044,2.6));
#7167=CARTESIAN_POINT('Ctrl Pts',(0.944017000837304,2.55682642527877,2.6));
#7168=CARTESIAN_POINT('Ctrl Pts',(0.9441195071329,2.54840283806938,2.6));
#7169=CARTESIAN_POINT('Ctrl Pts',(0.944174888810258,2.54385177721687,2.6));
#7170=CARTESIAN_POINT('Origin',(1.39709679905216,2.29574060668887,2.6));
#7171=CARTESIAN_POINT('Origin',(-2.54,11.17,-1.9));
#7172=CARTESIAN_POINT('',(-2.54,6.11,-1.5));
#7173=CARTESIAN_POINT('',(-2.54,6.11,-1.5));
#7174=CARTESIAN_POINT('',(-2.54,7.31,-1.5));
#7175=CARTESIAN_POINT('',(-2.54,7.71,-1.5));
#7176=CARTESIAN_POINT('',(-2.54,7.31,-1.5));
#7177=CARTESIAN_POINT('',(-2.54,10.87,-2.9));
#7178=CARTESIAN_POINT('Origin',(-2.54,3.57,-1.5));
#7179=CARTESIAN_POINT('Origin',(2.54,11.17,-1.9));
#7180=CARTESIAN_POINT('',(2.54,6.11,-1.5));
#7181=CARTESIAN_POINT('',(2.54,7.31,-1.5));
#7182=CARTESIAN_POINT('',(2.54,7.71,-1.5));
#7183=CARTESIAN_POINT('',(2.54,6.11,-1.5));
#7184=CARTESIAN_POINT('Origin',(2.54,3.57,-1.5));
#7185=CARTESIAN_POINT('',(2.54,10.87,-1.9));
#7186=CARTESIAN_POINT('',(2.54,7.31,-1.5));
#7187=CARTESIAN_POINT('Origin',(0.,11.17,0.));
#7188=CARTESIAN_POINT('',(-2.24000000000001,11.17,-1.9));
#7189=CARTESIAN_POINT('',(2.24,11.17,-2.9));
#7190=CARTESIAN_POINT('Origin',(2.24,11.17,0.));
#7191=CARTESIAN_POINT('Origin',(-2.24000000000001,11.17,0.));
#7192=CARTESIAN_POINT('Origin',(0.,0.,-1.5));
#7193=CARTESIAN_POINT('',(2.54,6.11,-1.5));
#7194=CARTESIAN_POINT('',(-2.54,7.31,-1.5));
#7195=CARTESIAN_POINT('Origin',(0.,7.31,-1.5));
#7196=CARTESIAN_POINT('Origin',(0.,6.11,-1.5));
#7197=CARTESIAN_POINT('Origin',(2.54,3.57,-1.5));
#7198=CARTESIAN_POINT('',(0.,0.,0.));
#7199=CARTESIAN_POINT('Origin',(-0.299999999999998,14.,-0.300000000000002));
#7200=CARTESIAN_POINT('',(-0.299999999999998,13.7,-0.300000000000002));
#7201=CARTESIAN_POINT('',(-0.299999999999998,0.167819926235456,-0.300000000000002));
#7202=CARTESIAN_POINT('',(-0.299999999999998,14.,-0.300000000000002));
#7203=CARTESIAN_POINT('',(-0.299999999999998,0.167819926235456,0.299999999999998));
#7204=CARTESIAN_POINT('',(-0.299999999999998,0.167819926235456,0.299999999999998));
#7205=CARTESIAN_POINT('',(-0.299999999999998,13.7,0.299999999999998));
#7206=CARTESIAN_POINT('',(-0.299999999999998,14.,0.299999999999998));
#7207=CARTESIAN_POINT('',(-0.299999999999998,13.7,-0.300000000000002));
#7208=CARTESIAN_POINT('Origin',(0.300000000000002,14.,0.299999999999998));
#7209=CARTESIAN_POINT('',(0.300000000000002,0.167819926235456,0.299999999999998));
#7210=CARTESIAN_POINT('',(0.300000000000002,0.167819926235456,0.299999999999998));
#7211=CARTESIAN_POINT('',(0.300000000000002,13.7,0.299999999999998));
#7212=CARTESIAN_POINT('',(0.300000000000002,14.,0.299999999999998));
#7213=CARTESIAN_POINT('',(0.300000000000002,13.7,0.299999999999998));
#7214=CARTESIAN_POINT('Origin',(0.300000000000002,14.,-0.300000000000002));
#7215=CARTESIAN_POINT('',(0.300000000000002,0.167819926235456,-0.300000000000002));
#7216=CARTESIAN_POINT('',(0.300000000000002,0.167819926235456,-0.300000000000002));
#7217=CARTESIAN_POINT('',(0.300000000000002,13.7,-0.300000000000002));
#7218=CARTESIAN_POINT('',(0.300000000000002,14.,-0.300000000000002));
#7219=CARTESIAN_POINT('',(0.300000000000002,13.7,-0.300000000000002));
#7220=CARTESIAN_POINT('Origin',(0.300000000000002,14.,-0.300000000000002));
#7221=CARTESIAN_POINT('',(-0.299999999999998,0.167819926235456,-0.300000000000002));
#7222=CARTESIAN_POINT('',(0.300000000000002,13.7,-0.300000000000002));
#7223=CARTESIAN_POINT('Origin',(0.,14.,0.));
#7224=CARTESIAN_POINT('',(0.126794919243114,14.,0.12679491924311));
#7225=CARTESIAN_POINT('',(0.126794919243113,14.,-0.126794919243113));
#7226=CARTESIAN_POINT('',(0.126794919243113,14.,-1.14559439086257E-17));
#7227=CARTESIAN_POINT('',(-0.12679491924311,14.,-0.126794919243113));
#7228=CARTESIAN_POINT('',(0.,14.,-0.126794919243113));
#7229=CARTESIAN_POINT('',(-0.12679491924311,14.,0.12679491924311));
#7230=CARTESIAN_POINT('',(-0.12679491924311,14.,1.14559439086253E-17));
#7231=CARTESIAN_POINT('',(0.,14.,0.12679491924311));
#7232=CARTESIAN_POINT('Origin',(0.,0.,0.));
#7233=CARTESIAN_POINT('',(0.100000000000001,0.,-0.100000000000001));
#7234=CARTESIAN_POINT('',(0.100000000000001,0.,0.0999999999999976));
#7235=CARTESIAN_POINT('',(0.100000000000001,0.,0.299999999999998));
#7236=CARTESIAN_POINT('',(-0.0999999999999977,0.,0.0999999999999976));
#7237=CARTESIAN_POINT('',(-0.299999999999998,0.,0.0999999999999976));
#7238=CARTESIAN_POINT('',(-0.0999999999999977,0.,-0.100000000000001));
#7239=CARTESIAN_POINT('',(-0.0999999999999977,0.,-0.300000000000002));
#7240=CARTESIAN_POINT('',(0.300000000000002,0.,-0.100000000000001));
#7241=CARTESIAN_POINT('Origin',(0.126794919243113,14.,-1.14559439086257E-17));
#7242=CARTESIAN_POINT('',(0.101435935394491,14.0439230484541,-0.101435935394491));
#7243=CARTESIAN_POINT('',(0.101435935394492,14.0439230484541,0.101435935394488));
#7244=CARTESIAN_POINT('Origin',(-0.12679491924311,14.,1.14559439086253E-17));
#7245=CARTESIAN_POINT('',(-0.101435935394487,14.0439230484541,-0.101435935394491));
#7246=CARTESIAN_POINT('',(-0.101435935394488,14.0439230484541,0.101435935394488));
#7247=CARTESIAN_POINT('Origin',(0.,14.,0.12679491924311));
#7248=CARTESIAN_POINT('Origin',(0.,14.,-0.126794919243113));
#7249=CARTESIAN_POINT('Origin',(0.300000000000002,0.167819926235456,-0.300000000000002));
#7250=CARTESIAN_POINT('',(0.300000000000002,0.167819926235456,-0.300000000000002));
#7251=CARTESIAN_POINT('',(-0.299999999999998,0.167819926235456,-0.300000000000002));
#7252=CARTESIAN_POINT('Origin',(-0.299999999999998,0.167819926235456,-0.300000000000002));
#7253=CARTESIAN_POINT('',(-0.0781137457026378,-0.0183647479087668,0.0781137457026378));
#7254=CARTESIAN_POINT('Origin',(0.300000000000002,0.167819926235456,-0.300000000000002));
#7255=CARTESIAN_POINT('',(0.0781137457026413,-0.0183647479087668,0.0781137457026378));
#7256=CARTESIAN_POINT('Origin',(0.300000000000002,0.167819926235456,0.299999999999998));
#7257=CARTESIAN_POINT('',(-0.732558265582651,-6.1177696476964,11.170025));
#7258=CARTESIAN_POINT('',(-3.27255826558266,-9.28312059008569,10.810025));
#7259=CARTESIAN_POINT('',(-0.732558265582656,-9.28312059008569,10.810025));
#7260=CARTESIAN_POINT('',(1.80744173441734,-9.28312059008569,10.810025));
#7261=CARTESIAN_POINT('',(0.,0.,0.));
#7262=CARTESIAN_POINT('Ctrl Pts',(6.,-9.5,0.));
#7263=CARTESIAN_POINT('Ctrl Pts',(6.,-9.5,3.));
#7264=CARTESIAN_POINT('Ctrl Pts',(9.,-9.49999999999998,3.));
#7265=CARTESIAN_POINT('Ctrl Pts',(12.,-9.49999999999996,3.));
#7266=CARTESIAN_POINT('Ctrl Pts',(12.,-9.49999999999996,0.));
#7267=CARTESIAN_POINT('Ctrl Pts',(12.,-9.49999999999996,-3.));
#7268=CARTESIAN_POINT('Ctrl Pts',(9.,-9.49999999999998,-3.));
#7269=CARTESIAN_POINT('Ctrl Pts',(6.,-9.5,-3.));
#7270=CARTESIAN_POINT('Ctrl Pts',(6.,-9.5,0.));
#7271=CARTESIAN_POINT('Ctrl Pts',(6.03989104336514,-9.75589661834912,0.));
#7272=CARTESIAN_POINT('Ctrl Pts',(6.03989104336514,-9.75589661834912,2.96010895663486));
#7273=CARTESIAN_POINT('Ctrl Pts',(9.,-9.7558966183491,2.96010895663486));
#7274=CARTESIAN_POINT('Ctrl Pts',(11.9601089566349,-9.75589661834908,2.96010895663486));
#7275=CARTESIAN_POINT('Ctrl Pts',(11.9601089566349,-9.75589661834908,0.));
#7276=CARTESIAN_POINT('Ctrl Pts',(11.9601089566349,-9.75589661834908,-2.96010895663486));
#7277=CARTESIAN_POINT('Ctrl Pts',(9.,-9.7558966183491,-2.96010895663486));
#7278=CARTESIAN_POINT('Ctrl Pts',(6.03989104336514,-9.75589661834912,-2.96010895663486));
#7279=CARTESIAN_POINT('Ctrl Pts',(6.03989104336514,-9.75589661834912,0.));
#7280=CARTESIAN_POINT('Ctrl Pts',(6.12898620146948,-10.257076961299,0.));
#7281=CARTESIAN_POINT('Ctrl Pts',(6.12898620146948,-10.257076961299,2.87101379853053));
#7282=CARTESIAN_POINT('Ctrl Pts',(9.00000000000001,-10.257076961299,2.87101379853053));
#7283=CARTESIAN_POINT('Ctrl Pts',(11.8710137985305,-10.257076961299,2.87101379853053));
#7284=CARTESIAN_POINT('Ctrl Pts',(11.8710137985305,-10.257076961299,0.));
#7285=CARTESIAN_POINT('Ctrl Pts',(11.8710137985305,-10.257076961299,-2.87101379853053));
#7286=CARTESIAN_POINT('Ctrl Pts',(9.00000000000001,-10.257076961299,-2.87101379853053));
#7287=CARTESIAN_POINT('Ctrl Pts',(6.12898620146948,-10.257076961299,-2.87101379853053));
#7288=CARTESIAN_POINT('Ctrl Pts',(6.12898620146948,-10.257076961299,0.));
#7289=CARTESIAN_POINT('Ctrl Pts',(6.29055640608436,-10.9770221806208,0.));
#7290=CARTESIAN_POINT('Ctrl Pts',(6.29055640608436,-10.9770221806208,2.70944359391565));
#7291=CARTESIAN_POINT('Ctrl Pts',(9.00000000000001,-10.9770221806208,2.70944359391565));
#7292=CARTESIAN_POINT('Ctrl Pts',(11.7094435939157,-10.9770221806207,2.70944359391565));
#7293=CARTESIAN_POINT('Ctrl Pts',(11.7094435939157,-10.9770221806207,0.));
#7294=CARTESIAN_POINT('Ctrl Pts',(11.7094435939157,-10.9770221806207,-2.70944359391565));
#7295=CARTESIAN_POINT('Ctrl Pts',(9.00000000000001,-10.9770221806208,-2.70944359391565));
#7296=CARTESIAN_POINT('Ctrl Pts',(6.29055640608436,-10.9770221806208,-2.70944359391565));
#7297=CARTESIAN_POINT('Ctrl Pts',(6.29055640608436,-10.9770221806208,0.));
#7298=CARTESIAN_POINT('Ctrl Pts',(6.56571974885874,-11.8688753458475,0.));
#7299=CARTESIAN_POINT('Ctrl Pts',(6.56571974885874,-11.8688753458475,2.43428025114128));
#7300=CARTESIAN_POINT('Ctrl Pts',(9.00000000000002,-11.8688753458475,2.43428025114128));
#7301=CARTESIAN_POINT('Ctrl Pts',(11.4342802511413,-11.8688753458474,2.43428025114128));
#7302=CARTESIAN_POINT('Ctrl Pts',(11.4342802511413,-11.8688753458474,0.));
#7303=CARTESIAN_POINT('Ctrl Pts',(11.4342802511413,-11.8688753458474,-2.43428025114128));
#7304=CARTESIAN_POINT('Ctrl Pts',(9.00000000000002,-11.8688753458475,-2.43428025114128));
#7305=CARTESIAN_POINT('Ctrl Pts',(6.56571974885874,-11.8688753458475,-2.43428025114128));
#7306=CARTESIAN_POINT('Ctrl Pts',(6.56571974885874,-11.8688753458475,0.));
#7307=CARTESIAN_POINT('Ctrl Pts',(7.05794211156808,-12.8147298753813,0.));
#7308=CARTESIAN_POINT('Ctrl Pts',(7.05794211156808,-12.8147298753813,1.94205788843194));
#7309=CARTESIAN_POINT('Ctrl Pts',(9.00000000000002,-12.8147298753813,1.94205788843194));
#7310=CARTESIAN_POINT('Ctrl Pts',(10.942057888432,-12.8147298753813,1.94205788843194));
#7311=CARTESIAN_POINT('Ctrl Pts',(10.942057888432,-12.8147298753813,0.));
#7312=CARTESIAN_POINT('Ctrl Pts',(10.942057888432,-12.8147298753813,-1.94205788843194));
#7313=CARTESIAN_POINT('Ctrl Pts',(9.00000000000002,-12.8147298753813,-1.94205788843194));
#7314=CARTESIAN_POINT('Ctrl Pts',(7.05794211156808,-12.8147298753813,-1.94205788843194));
#7315=CARTESIAN_POINT('Ctrl Pts',(7.05794211156808,-12.8147298753813,0.));
#7316=CARTESIAN_POINT('Ctrl Pts',(7.64507533011118,-13.3510716296758,0.));
#7317=CARTESIAN_POINT('Ctrl Pts',(7.64507533011118,-13.3510716296758,1.35492466988884));
#7318=CARTESIAN_POINT('Ctrl Pts',(9.00000000000002,-13.3510716296758,1.35492466988884));
#7319=CARTESIAN_POINT('Ctrl Pts',(10.3549246698889,-13.3510716296758,1.35492466988884));
#7320=CARTESIAN_POINT('Ctrl Pts',(10.3549246698889,-13.3510716296758,0.));
#7321=CARTESIAN_POINT('Ctrl Pts',(10.3549246698889,-13.3510716296758,-1.35492466988884));
#7322=CARTESIAN_POINT('Ctrl Pts',(9.00000000000002,-13.3510716296758,-1.35492466988884));
#7323=CARTESIAN_POINT('Ctrl Pts',(7.64507533011118,-13.3510716296758,-1.35492466988884));
#7324=CARTESIAN_POINT('Ctrl Pts',(7.64507533011118,-13.3510716296758,0.));
#7325=CARTESIAN_POINT('Ctrl Pts',(8.24881828870376,-13.5671301860462,0.));
#7326=CARTESIAN_POINT('Ctrl Pts',(8.24881828870376,-13.5671301860462,0.751181711296265));
#7327=CARTESIAN_POINT('Ctrl Pts',(9.00000000000003,-13.5671301860462,0.751181711296265));
#7328=CARTESIAN_POINT('Ctrl Pts',(9.75118171129629,-13.5671301860462,0.751181711296265));
#7329=CARTESIAN_POINT('Ctrl Pts',(9.75118171129629,-13.5671301860462,0.));
#7330=CARTESIAN_POINT('Ctrl Pts',(9.75118171129629,-13.5671301860462,-0.751181711296265));
#7331=CARTESIAN_POINT('Ctrl Pts',(9.00000000000003,-13.5671301860462,-0.751181711296265));
#7332=CARTESIAN_POINT('Ctrl Pts',(8.24881828870376,-13.5671301860462,-0.751181711296265));
#7333=CARTESIAN_POINT('Ctrl Pts',(8.24881828870376,-13.5671301860462,0.));
#7334=CARTESIAN_POINT('Ctrl Pts',(8.73555347464178,-13.6151720104451,0.));
#7335=CARTESIAN_POINT('Ctrl Pts',(8.73555347464178,-13.6151720104451,0.264446525358253));
#7336=CARTESIAN_POINT('Ctrl Pts',(9.00000000000003,-13.6151720104451,0.264446525358253));
#7337=CARTESIAN_POINT('Ctrl Pts',(9.26444652535828,-13.6151720104451,0.264446525358253));
#7338=CARTESIAN_POINT('Ctrl Pts',(9.26444652535828,-13.6151720104451,0.));
#7339=CARTESIAN_POINT('Ctrl Pts',(9.26444652535828,-13.6151720104451,-0.264446525358253));
#7340=CARTESIAN_POINT('Ctrl Pts',(9.00000000000003,-13.6151720104451,-0.264446525358253));
#7341=CARTESIAN_POINT('Ctrl Pts',(8.73555347464178,-13.6151720104451,-0.264446525358253));
#7342=CARTESIAN_POINT('Ctrl Pts',(8.73555347464178,-13.6151720104451,0.));
#7343=CARTESIAN_POINT('Ctrl Pts',(9.00000000000003,-13.6151720104451,0.));
#7344=CARTESIAN_POINT('Ctrl Pts',(9.00000000000003,-13.6151720104451,0.));
#7345=CARTESIAN_POINT('Ctrl Pts',(9.00000000000003,-13.6151720104451,0.));
#7346=CARTESIAN_POINT('Ctrl Pts',(9.00000000000003,-13.6151720104451,0.));
#7347=CARTESIAN_POINT('Ctrl Pts',(9.00000000000003,-13.6151720104451,0.));
#7348=CARTESIAN_POINT('Ctrl Pts',(9.00000000000003,-13.6151720104451,0.));
#7349=CARTESIAN_POINT('Ctrl Pts',(9.00000000000003,-13.6151720104451,0.));
#7350=CARTESIAN_POINT('Ctrl Pts',(9.00000000000003,-13.6151720104451,0.));
#7351=CARTESIAN_POINT('Ctrl Pts',(9.00000000000003,-13.6151720104451,0.));
#7352=CARTESIAN_POINT('',(6.,-9.5,0.));
#7353=CARTESIAN_POINT('',(9.00000000000003,-13.6151720104451,0.));
#7354=CARTESIAN_POINT('Ctrl Pts',(6.,-9.5,0.));
#7355=CARTESIAN_POINT('Ctrl Pts',(6.03989104336514,-9.75589661834912,0.));
#7356=CARTESIAN_POINT('Ctrl Pts',(6.12898620146948,-10.257076961299,0.));
#7357=CARTESIAN_POINT('Ctrl Pts',(6.29055640608436,-10.9770221806208,0.));
#7358=CARTESIAN_POINT('Ctrl Pts',(6.56571974885874,-11.8688753458475,0.));
#7359=CARTESIAN_POINT('Ctrl Pts',(7.05794211156808,-12.8147298753813,0.));
#7360=CARTESIAN_POINT('Ctrl Pts',(7.64507533011118,-13.3510716296758,0.));
#7361=CARTESIAN_POINT('Ctrl Pts',(8.24881828870376,-13.5671301860462,0.));
#7362=CARTESIAN_POINT('Ctrl Pts',(8.73555347464178,-13.6151720104451,0.));
#7363=CARTESIAN_POINT('Ctrl Pts',(9.00000000000003,-13.6151720104451,0.));
#7364=CARTESIAN_POINT('Origin',(9.,-9.49999999999998,0.));
#7365=CARTESIAN_POINT('Origin',(9.,-9.5,0.));
#7366=CARTESIAN_POINT('Ctrl Pts',(26.5,-9.5,0.));
#7367=CARTESIAN_POINT('Ctrl Pts',(26.5,-9.5,2.75));
#7368=CARTESIAN_POINT('Ctrl Pts',(29.25,-9.5,2.75));
#7369=CARTESIAN_POINT('Ctrl Pts',(32.,-9.5,2.75));
#7370=CARTESIAN_POINT('Ctrl Pts',(32.,-9.5,0.));
#7371=CARTESIAN_POINT('Ctrl Pts',(32.,-9.5,-2.75));
#7372=CARTESIAN_POINT('Ctrl Pts',(29.25,-9.5,-2.75));
#7373=CARTESIAN_POINT('Ctrl Pts',(26.5,-9.5,-2.75));
#7374=CARTESIAN_POINT('Ctrl Pts',(26.5,-9.5,0.));
#7375=CARTESIAN_POINT('Ctrl Pts',(26.5223601193827,-9.75589661834915,0.));
#7376=CARTESIAN_POINT('Ctrl Pts',(26.5223601193827,-9.75589661834915,2.72763988061728));
#7377=CARTESIAN_POINT('Ctrl Pts',(29.25,-9.75589661834915,2.72763988061728));
#7378=CARTESIAN_POINT('Ctrl Pts',(31.9776398806173,-9.75589661834915,2.72763988061728));
#7379=CARTESIAN_POINT('Ctrl Pts',(31.9776398806173,-9.75589661834915,0.));
#7380=CARTESIAN_POINT('Ctrl Pts',(31.9776398806173,-9.75589661834915,-2.72763988061728));
#7381=CARTESIAN_POINT('Ctrl Pts',(29.25,-9.75589661834915,-2.72763988061728));
#7382=CARTESIAN_POINT('Ctrl Pts',(26.5223601193827,-9.75589661834915,-2.72763988061728));
#7383=CARTESIAN_POINT('Ctrl Pts',(26.5223601193827,-9.75589661834915,0.));
#7384=CARTESIAN_POINT('Ctrl Pts',(26.5772689375242,-10.2570769612991,0.));
#7385=CARTESIAN_POINT('Ctrl Pts',(26.5772689375242,-10.2570769612991,2.67273106247578));
#7386=CARTESIAN_POINT('Ctrl Pts',(29.25,-10.2570769612991,2.67273106247578));
#7387=CARTESIAN_POINT('Ctrl Pts',(31.9227310624758,-10.2570769612991,2.67273106247578));
#7388=CARTESIAN_POINT('Ctrl Pts',(31.9227310624758,-10.2570769612991,0.));
#7389=CARTESIAN_POINT('Ctrl Pts',(31.9227310624758,-10.2570769612991,-2.67273106247578));
#7390=CARTESIAN_POINT('Ctrl Pts',(29.25,-10.2570769612991,-2.67273106247578));
#7391=CARTESIAN_POINT('Ctrl Pts',(26.5772689375242,-10.2570769612991,-2.67273106247578));
#7392=CARTESIAN_POINT('Ctrl Pts',(26.5772689375242,-10.2570769612991,0.));
#7393=CARTESIAN_POINT('Ctrl Pts',(26.6901850519145,-10.9770221806209,0.));
#7394=CARTESIAN_POINT('Ctrl Pts',(26.6901850519145,-10.9770221806209,2.55981494808553));
#7395=CARTESIAN_POINT('Ctrl Pts',(29.25,-10.9770221806209,2.55981494808553));
#7396=CARTESIAN_POINT('Ctrl Pts',(31.8098149480855,-10.9770221806209,2.55981494808553));
#7397=CARTESIAN_POINT('Ctrl Pts',(31.8098149480855,-10.9770221806209,0.));
#7398=CARTESIAN_POINT('Ctrl Pts',(31.8098149480855,-10.9770221806209,-2.55981494808553));
#7399=CARTESIAN_POINT('Ctrl Pts',(29.25,-10.9770221806209,-2.55981494808553));
#7400=CARTESIAN_POINT('Ctrl Pts',(26.6901850519145,-10.9770221806209,-2.55981494808553));
#7401=CARTESIAN_POINT('Ctrl Pts',(26.6901850519145,-10.9770221806209,0.));
#7402=CARTESIAN_POINT('Ctrl Pts',(26.9060920049028,-11.8688753458477,0.));
#7403=CARTESIAN_POINT('Ctrl Pts',(26.9060920049028,-11.8688753458477,2.34390799509716));
#7404=CARTESIAN_POINT('Ctrl Pts',(29.25,-11.8688753458477,2.34390799509716));
#7405=CARTESIAN_POINT('Ctrl Pts',(31.5939079950972,-11.8688753458477,2.34390799509716));
#7406=CARTESIAN_POINT('Ctrl Pts',(31.5939079950972,-11.8688753458477,0.));
#7407=CARTESIAN_POINT('Ctrl Pts',(31.5939079950972,-11.8688753458477,-2.34390799509716));
#7408=CARTESIAN_POINT('Ctrl Pts',(29.25,-11.8688753458477,-2.34390799509716));
#7409=CARTESIAN_POINT('Ctrl Pts',(26.9060920049028,-11.8688753458477,-2.34390799509716));
#7410=CARTESIAN_POINT('Ctrl Pts',(26.9060920049028,-11.8688753458477,0.));
#7411=CARTESIAN_POINT('Ctrl Pts',(27.3381823520744,-12.8147298753815,0.));
#7412=CARTESIAN_POINT('Ctrl Pts',(27.3381823520744,-12.8147298753815,1.91181764792564));
#7413=CARTESIAN_POINT('Ctrl Pts',(29.25,-12.8147298753815,1.91181764792564));
#7414=CARTESIAN_POINT('Ctrl Pts',(31.1618176479256,-12.8147298753815,1.91181764792564));
#7415=CARTESIAN_POINT('Ctrl Pts',(31.1618176479256,-12.8147298753815,0.));
#7416=CARTESIAN_POINT('Ctrl Pts',(31.1618176479256,-12.8147298753815,-1.91181764792564));
#7417=CARTESIAN_POINT('Ctrl Pts',(29.25,-12.8147298753815,-1.91181764792564));
#7418=CARTESIAN_POINT('Ctrl Pts',(27.3381823520744,-12.8147298753815,-1.91181764792564));
#7419=CARTESIAN_POINT('Ctrl Pts',(27.3381823520744,-12.8147298753815,0.));
#7420=CARTESIAN_POINT('Ctrl Pts',(27.8953870053077,-13.3510716296759,0.));
#7421=CARTESIAN_POINT('Ctrl Pts',(27.8953870053077,-13.3510716296759,1.35461299469226));
#7422=CARTESIAN_POINT('Ctrl Pts',(29.25,-13.3510716296759,1.35461299469226));
#7423=CARTESIAN_POINT('Ctrl Pts',(30.6046129946923,-13.3510716296759,1.35461299469226));
#7424=CARTESIAN_POINT('Ctrl Pts',(30.6046129946923,-13.3510716296759,0.));
#7425=CARTESIAN_POINT('Ctrl Pts',(30.6046129946923,-13.3510716296759,-1.35461299469226));
#7426=CARTESIAN_POINT('Ctrl Pts',(29.25,-13.3510716296759,-1.35461299469226));
#7427=CARTESIAN_POINT('Ctrl Pts',(27.8953870053077,-13.3510716296759,-1.35461299469226));
#7428=CARTESIAN_POINT('Ctrl Pts',(27.8953870053077,-13.3510716296759,0.));
#7429=CARTESIAN_POINT('Ctrl Pts',(28.4920438772685,-13.5671301860462,0.));
#7430=CARTESIAN_POINT('Ctrl Pts',(28.4920438772685,-13.5671301860462,0.757956122731502));
#7431=CARTESIAN_POINT('Ctrl Pts',(29.25,-13.5671301860462,0.757956122731502));
#7432=CARTESIAN_POINT('Ctrl Pts',(30.0079561227315,-13.5671301860462,0.757956122731502));
#7433=CARTESIAN_POINT('Ctrl Pts',(30.0079561227315,-13.5671301860462,0.));
#7434=CARTESIAN_POINT('Ctrl Pts',(30.0079561227315,-13.5671301860462,-0.757956122731502));
#7435=CARTESIAN_POINT('Ctrl Pts',(29.25,-13.5671301860462,-0.757956122731502));
#7436=CARTESIAN_POINT('Ctrl Pts',(28.4920438772685,-13.5671301860462,-0.757956122731502));
#7437=CARTESIAN_POINT('Ctrl Pts',(28.4920438772685,-13.5671301860462,0.));
#7438=CARTESIAN_POINT('Ctrl Pts',(28.9819742714211,-13.6151720104451,0.));
#7439=CARTESIAN_POINT('Ctrl Pts',(28.9819742714211,-13.6151720104451,0.268025728578927));
#7440=CARTESIAN_POINT('Ctrl Pts',(29.25,-13.6151720104451,0.268025728578927));
#7441=CARTESIAN_POINT('Ctrl Pts',(29.5180257285789,-13.6151720104451,0.268025728578927));
#7442=CARTESIAN_POINT('Ctrl Pts',(29.5180257285789,-13.6151720104451,0.));
#7443=CARTESIAN_POINT('Ctrl Pts',(29.5180257285789,-13.6151720104451,-0.268025728578927));
#7444=CARTESIAN_POINT('Ctrl Pts',(29.25,-13.6151720104451,-0.268025728578927));
#7445=CARTESIAN_POINT('Ctrl Pts',(28.9819742714211,-13.6151720104451,-0.268025728578927));
#7446=CARTESIAN_POINT('Ctrl Pts',(28.9819742714211,-13.6151720104451,0.));
#7447=CARTESIAN_POINT('Ctrl Pts',(29.25,-13.6151720104451,0.));
#7448=CARTESIAN_POINT('Ctrl Pts',(29.25,-13.6151720104451,0.));
#7449=CARTESIAN_POINT('Ctrl Pts',(29.25,-13.6151720104451,0.));
#7450=CARTESIAN_POINT('Ctrl Pts',(29.25,-13.6151720104451,0.));
#7451=CARTESIAN_POINT('Ctrl Pts',(29.25,-13.6151720104451,0.));
#7452=CARTESIAN_POINT('Ctrl Pts',(29.25,-13.6151720104451,0.));
#7453=CARTESIAN_POINT('Ctrl Pts',(29.25,-13.6151720104451,0.));
#7454=CARTESIAN_POINT('Ctrl Pts',(29.25,-13.6151720104451,0.));
#7455=CARTESIAN_POINT('Ctrl Pts',(29.25,-13.6151720104451,0.));
#7456=CARTESIAN_POINT('',(26.5,-9.5,0.));
#7457=CARTESIAN_POINT('',(29.25,-13.6151720104451,0.));
#7458=CARTESIAN_POINT('Ctrl Pts',(26.5,-9.5,0.));
#7459=CARTESIAN_POINT('Ctrl Pts',(26.5223601193827,-9.75589661834915,0.));
#7460=CARTESIAN_POINT('Ctrl Pts',(26.5772689375242,-10.2570769612991,0.));
#7461=CARTESIAN_POINT('Ctrl Pts',(26.6901850519145,-10.9770221806209,0.));
#7462=CARTESIAN_POINT('Ctrl Pts',(26.9060920049028,-11.8688753458477,0.));
#7463=CARTESIAN_POINT('Ctrl Pts',(27.3381823520744,-12.8147298753815,0.));
#7464=CARTESIAN_POINT('Ctrl Pts',(27.8953870053077,-13.3510716296759,0.));
#7465=CARTESIAN_POINT('Ctrl Pts',(28.4920438772685,-13.5671301860462,0.));
#7466=CARTESIAN_POINT('Ctrl Pts',(28.9819742714211,-13.6151720104451,0.));
#7467=CARTESIAN_POINT('Ctrl Pts',(29.25,-13.6151720104451,0.));
#7468=CARTESIAN_POINT('Origin',(29.25,-9.5,0.));
#7469=CARTESIAN_POINT('Origin',(29.25,-9.5,0.));
#7470=CARTESIAN_POINT('',(0.,0.,0.));
#7471=CARTESIAN_POINT('',(0.,0.,0.));
#7472=CARTESIAN_POINT('',(20.,3.5,11.));
#7473=CARTESIAN_POINT('',(0.,0.,0.));
#7474=UNCERTAINTY_MEASURE_WITH_UNIT(LENGTH_MEASURE(0.01),#7490,
'DISTANCE_ACCURACY_VALUE',
'Maximum model space distance between geometric entities at asserted c
onnectivities');
#7475=UNCERTAINTY_MEASURE_WITH_UNIT(LENGTH_MEASURE(0.01),#7490,
'DISTANCE_ACCURACY_VALUE',
'Maximum model space distance between geometric entities at asserted c
onnectivities');
#7476=UNCERTAINTY_MEASURE_WITH_UNIT(LENGTH_MEASURE(0.01),#7490,
'DISTANCE_ACCURACY_VALUE',
'Maximum model space distance between geometric entities at asserted c
onnectivities');
#7477=UNCERTAINTY_MEASURE_WITH_UNIT(LENGTH_MEASURE(0.01),#7490,
'DISTANCE_ACCURACY_VALUE',
'Maximum model space distance between geometric entities at asserted c
onnectivities');
#7478=UNCERTAINTY_MEASURE_WITH_UNIT(LENGTH_MEASURE(0.01),#7490,
'DISTANCE_ACCURACY_VALUE',
'Maximum model space distance between geometric entities at asserted c
onnectivities');
#7479=UNCERTAINTY_MEASURE_WITH_UNIT(LENGTH_MEASURE(0.01),#7490,
'DISTANCE_ACCURACY_VALUE',
'Maximum model space distance between geometric entities at asserted c
onnectivities');
#7480=UNCERTAINTY_MEASURE_WITH_UNIT(LENGTH_MEASURE(0.01),#7490,
'DISTANCE_ACCURACY_VALUE',
'Maximum model space distance between geometric entities at asserted c
onnectivities');
#7481=UNCERTAINTY_MEASURE_WITH_UNIT(LENGTH_MEASURE(0.01),#7490,
'DISTANCE_ACCURACY_VALUE',
'Maximum model space distance between geometric entities at asserted c
onnectivities');
#7482=(
GEOMETRIC_REPRESENTATION_CONTEXT(3)
GLOBAL_UNCERTAINTY_ASSIGNED_CONTEXT((#7474))
GLOBAL_UNIT_ASSIGNED_CONTEXT((#7490,#7492,#7493))
REPRESENTATION_CONTEXT('','3D')
);
#7483=(
GEOMETRIC_REPRESENTATION_CONTEXT(3)
GLOBAL_UNCERTAINTY_ASSIGNED_CONTEXT((#7475))
GLOBAL_UNIT_ASSIGNED_CONTEXT((#7490,#7492,#7493))
REPRESENTATION_CONTEXT('','3D')
);
#7484=(
GEOMETRIC_REPRESENTATION_CONTEXT(3)
GLOBAL_UNCERTAINTY_ASSIGNED_CONTEXT((#7476))
GLOBAL_UNIT_ASSIGNED_CONTEXT((#7490,#7492,#7493))
REPRESENTATION_CONTEXT('','3D')
);
#7485=(
GEOMETRIC_REPRESENTATION_CONTEXT(3)
GLOBAL_UNCERTAINTY_ASSIGNED_CONTEXT((#7477))
GLOBAL_UNIT_ASSIGNED_CONTEXT((#7490,#7492,#7493))
REPRESENTATION_CONTEXT('','3D')
);
#7486=(
GEOMETRIC_REPRESENTATION_CONTEXT(3)
GLOBAL_UNCERTAINTY_ASSIGNED_CONTEXT((#7478))
GLOBAL_UNIT_ASSIGNED_CONTEXT((#7490,#7492,#7493))
REPRESENTATION_CONTEXT('','3D')
);
#7487=(
GEOMETRIC_REPRESENTATION_CONTEXT(3)
GLOBAL_UNCERTAINTY_ASSIGNED_CONTEXT((#7479))
GLOBAL_UNIT_ASSIGNED_CONTEXT((#7490,#7492,#7493))
REPRESENTATION_CONTEXT('','3D')
);
#7488=(
GEOMETRIC_REPRESENTATION_CONTEXT(3)
GLOBAL_UNCERTAINTY_ASSIGNED_CONTEXT((#7480))
GLOBAL_UNIT_ASSIGNED_CONTEXT((#7490,#7492,#7493))
REPRESENTATION_CONTEXT('','3D')
);
#7489=(
GEOMETRIC_REPRESENTATION_CONTEXT(3)
GLOBAL_UNCERTAINTY_ASSIGNED_CONTEXT((#7481))
GLOBAL_UNIT_ASSIGNED_CONTEXT((#7490,#7492,#7493))
REPRESENTATION_CONTEXT('','3D')
);
#7490=(
LENGTH_UNIT()
NAMED_UNIT(*)
SI_UNIT(.MILLI.,.METRE.)
);
#7491=(
LENGTH_UNIT()
NAMED_UNIT(*)
SI_UNIT($,.METRE.)
);
#7492=(
NAMED_UNIT(*)
PLANE_ANGLE_UNIT()
SI_UNIT($,.RADIAN.)
);
#7493=(
NAMED_UNIT(*)
SI_UNIT($,.STERADIAN.)
SOLID_ANGLE_UNIT()
);
#7494=SHAPE_DEFINITION_REPRESENTATION(#7501,#7516);
#7495=SHAPE_DEFINITION_REPRESENTATION(#7502,#7517);
#7496=SHAPE_DEFINITION_REPRESENTATION(#7503,#7518);
#7497=SHAPE_DEFINITION_REPRESENTATION(#7504,#7519);
#7498=SHAPE_DEFINITION_REPRESENTATION(#7505,#7520);
#7499=SHAPE_DEFINITION_REPRESENTATION(#7506,#7521);
#7500=SHAPE_DEFINITION_REPRESENTATION(#7511,#7522);
#7501=PRODUCT_DEFINITION_SHAPE('',$,#7524);
#7502=PRODUCT_DEFINITION_SHAPE('',$,#7525);
#7503=PRODUCT_DEFINITION_SHAPE('',$,#7526);
#7504=PRODUCT_DEFINITION_SHAPE('',$,#7527);
#7505=PRODUCT_DEFINITION_SHAPE('',$,#7528);
#7506=PRODUCT_DEFINITION_SHAPE('',$,#7529);
#7507=PRODUCT_DEFINITION_SHAPE($,$,#39);
#7508=PRODUCT_DEFINITION_SHAPE($,$,#40);
#7509=PRODUCT_DEFINITION_SHAPE($,$,#41);
#7510=PRODUCT_DEFINITION_SHAPE($,$,#42);
#7511=PRODUCT_DEFINITION_SHAPE('',$,#7530);
#7512=PRODUCT_DEFINITION_SHAPE($,$,#43);
#7513=PRODUCT_DEFINITION_SHAPE($,$,#44);
#7514=PRODUCT_DEFINITION_SHAPE($,$,#45);
#7515=PRODUCT_DEFINITION_SHAPE($,$,#46);
#7516=SHAPE_REPRESENTATION('',(#3803,#4005,#4006,#4007,#4008),#7482);
#7517=SHAPE_REPRESENTATION('',(#3804),#7483);
#7518=SHAPE_REPRESENTATION('',(#3888),#7484);
#7519=SHAPE_REPRESENTATION('',(#3905,#3996,#3997,#3998,#3999),#7485);
#7520=SHAPE_REPRESENTATION('',(#3906),#7486);
#7521=SHAPE_REPRESENTATION('',(#3981),#7487);
#7522=SHAPE_REPRESENTATION('',(#4000),#7488);
#7523=PRODUCT_DEFINITION_CONTEXT('part definition',#7546,'design');
#7524=PRODUCT_DEFINITION('Abstandssensor','Abstandssensor v8',#7531,#7523);
#7525=PRODUCT_DEFINITION('Case','Case',#7532,#7523);
#7526=PRODUCT_DEFINITION('pcb','pcb',#7533,#7523);
#7527=PRODUCT_DEFINITION('molex-2.54-3pin','molex-2.54-3pin v1',#7534,#7523);
#7528=PRODUCT_DEFINITION('Pieza3','Pieza3',#7535,#7523);
#7529=PRODUCT_DEFINITION('pin','pin',#7536,#7523);
#7530=PRODUCT_DEFINITION('Sensors','Sensors',#7537,#7523);
#7531=PRODUCT_DEFINITION_FORMATION('',$,#7548);
#7532=PRODUCT_DEFINITION_FORMATION('',$,#7549);
#7533=PRODUCT_DEFINITION_FORMATION('',$,#7550);
#7534=PRODUCT_DEFINITION_FORMATION('',$,#7551);
#7535=PRODUCT_DEFINITION_FORMATION('',$,#7552);
#7536=PRODUCT_DEFINITION_FORMATION('',$,#7553);
#7537=PRODUCT_DEFINITION_FORMATION('',$,#7554);
#7538=PRODUCT_RELATED_PRODUCT_CATEGORY('Abstandssensor v8',
'Abstandssensor v8',(#7548));
#7539=PRODUCT_RELATED_PRODUCT_CATEGORY('Case','Case',(#7549));
#7540=PRODUCT_RELATED_PRODUCT_CATEGORY('pcb','pcb',(#7550));
#7541=PRODUCT_RELATED_PRODUCT_CATEGORY('molex-2.54-3pin v1',
'molex-2.54-3pin v1',(#7551));
#7542=PRODUCT_RELATED_PRODUCT_CATEGORY('Pieza3','Pieza3',(#7552));
#7543=PRODUCT_RELATED_PRODUCT_CATEGORY('pin','pin',(#7553));
#7544=PRODUCT_RELATED_PRODUCT_CATEGORY('Sensors','Sensors',(#7554));
#7545=APPLICATION_PROTOCOL_DEFINITION('international standard',
'automotive_design',2009,#7546);
#7546=APPLICATION_CONTEXT(
'Core Data for Automotive Mechanical Design Process');
#7547=PRODUCT_CONTEXT('part definition',#7546,'mechanical');
#7548=PRODUCT('Abstandssensor','Abstandssensor v8',$,(#7547));
#7549=PRODUCT('Case','Case',$,(#7547));
#7550=PRODUCT('pcb','pcb',$,(#7547));
#7551=PRODUCT('molex-2.54-3pin','molex-2.54-3pin v1','STEP AP214',(#7547));
#7552=PRODUCT('Pieza3','Pieza3',$,(#7547));
#7553=PRODUCT('pin','pin',$,(#7547));
#7554=PRODUCT('Sensors','Sensors',$,(#7547));
#7555=PRESENTATION_STYLE_ASSIGNMENT((#7561));
#7556=PRESENTATION_STYLE_ASSIGNMENT((#7562));
#7557=PRESENTATION_STYLE_ASSIGNMENT((#7563));
#7558=PRESENTATION_STYLE_ASSIGNMENT((#7564));
#7559=PRESENTATION_STYLE_ASSIGNMENT((#7565));
#7560=PRESENTATION_STYLE_ASSIGNMENT((#7566));
#7561=SURFACE_STYLE_USAGE(.BOTH.,#7567);
#7562=SURFACE_STYLE_USAGE(.BOTH.,#7568);
#7563=SURFACE_STYLE_USAGE(.BOTH.,#7569);
#7564=SURFACE_STYLE_USAGE(.BOTH.,#7570);
#7565=SURFACE_STYLE_USAGE(.BOTH.,#7571);
#7566=SURFACE_STYLE_USAGE(.BOTH.,#7572);
#7567=SURFACE_SIDE_STYLE('',(#7573));
#7568=SURFACE_SIDE_STYLE('',(#7574));
#7569=SURFACE_SIDE_STYLE('',(#7575));
#7570=SURFACE_SIDE_STYLE('',(#7576));
#7571=SURFACE_SIDE_STYLE('',(#7577));
#7572=SURFACE_SIDE_STYLE('',(#7578));
#7573=SURFACE_STYLE_FILL_AREA(#7579);
#7574=SURFACE_STYLE_FILL_AREA(#7580);
#7575=SURFACE_STYLE_FILL_AREA(#7581);
#7576=SURFACE_STYLE_FILL_AREA(#7582);
#7577=SURFACE_STYLE_FILL_AREA(#7583);
#7578=SURFACE_STYLE_FILL_AREA(#7584);
#7579=FILL_AREA_STYLE('Steel - Satin',(#7585));
#7580=FILL_AREA_STYLE('Plastic - Matte (Black)',(#7586));
#7581=FILL_AREA_STYLE('FR4',(#7587));
#7582=FILL_AREA_STYLE('Opaque(230,181,112)',(#7588));
#7583=FILL_AREA_STYLE('Opaque(170,170,170)',(#7589));
#7584=FILL_AREA_STYLE('Plastic - Glossy (Black)',(#7590));
#7585=FILL_AREA_STYLE_COLOUR('Steel - Satin',#7591);
#7586=FILL_AREA_STYLE_COLOUR('Plastic - Matte (Black)',#7592);
#7587=FILL_AREA_STYLE_COLOUR('FR4',#7593);
#7588=FILL_AREA_STYLE_COLOUR('Opaque(230,181,112)',#7594);
#7589=FILL_AREA_STYLE_COLOUR('Opaque(170,170,170)',#7595);
#7590=FILL_AREA_STYLE_COLOUR('Plastic - Glossy (Black)',#7596);
#7591=COLOUR_RGB('Steel - Satin',0.627450980392157,0.627450980392157,0.627450980392157);
#7592=COLOUR_RGB('Plastic - Matte (Black)',0.0980392156862745,0.0980392156862745,
0.0980392156862745);
#7593=COLOUR_RGB('FR4',0.266666666666667,0.466666666666667,0.4);
#7594=COLOUR_RGB('Opaque(230,181,112)',0.901960784313726,0.709803921568627,
0.43921568627451);
#7595=COLOUR_RGB('Opaque(170,170,170)',0.666666666666667,0.666666666666667,
0.666666666666667);
#7596=COLOUR_RGB('Plastic - Glossy (Black)',0.0980392156862745,0.0980392156862745,
0.0980392156862745);
ENDSEC;
END-ISO-10303-21;
