ISO-10303-21;
HEADER;
FILE_DESCRIPTION(('STEP AP203'),
    '1');
FILE_NAME('Поворотное_Крепление',
    '',
    ('UNSPECIFIED'),
    ('UNSPECIFIED'),
    'C3D Converter',
    'C3D Toolkit',
    '');
FILE_SCHEMA(('CONFIG_CONTROL_DESIGN'));
ENDSEC;

DATA;
#1=PRODUCT_DEFINITION('','UNSPECIFIED',#28,#31);
#2=SHAPE_DEFINITION_REPRESENTATION(#26,#3);
#3=SHAPE_REPRESENTATION('NONE',(#4),#8);
#4=AXIS2_PLACEMENT_3D('',#5,#6,#7);
#5=CARTESIAN_POINT('',(0.,0.,0.));
#6=DIRECTION('',(0.,0.,1.));
#7=DIRECTION('',(1.,0.,0.));
#8=(GEOMETRIC_REPRESENTATION_CONTEXT(3)GLOBAL_UNCERTAINTY_ASSIGNED_CONTEXT((#10))
GLOBAL_UNIT_ASSIGNED_CONTEXT((#9,#11,#12))REPRESENTATION_CONTEXT('NONE','NONE'));
#9=(LENGTH_UNIT()NAMED_UNIT(*)SI_UNIT(.MILLI.,.METRE.));
#10=UNCERTAINTY_MEASURE_WITH_UNIT(LENGTH_MEASURE(1.E-5),#9,'NONE','NONE');
#11=(NAMED_UNIT(*)PLANE_ANGLE_UNIT()SI_UNIT($,.RADIAN.));
#12=(NAMED_UNIT(*)SI_UNIT($,.STERADIAN.)SOLID_ANGLE_UNIT());
#13=MANIFOLD_SOLID_BREP('',#14);
#14=CLOSED_SHELL('',(#53,#54,#55,#56,#57,#58,#59,#60,#61,#62,#63,#64,#65,#66,#67,
#68,#69,#70,#71,#72,#73,#74,#75,#76,#77,#78,#79,#80,#81,#82,#83,#84,#85,#86,#87,
#88,#89,#90,#91,#92,#93,#94,#95,#96,#97,#98,#99,#100,#101,#102,#103,#104,#105,#106,
#107,#108,#109,#110,#111,#112,#113,#114,#115,#116,#117,#118,#119,#120,#121,#122,
#123,#124,#125,#126,#127,#128,#129,#130,#131,#132,#133,#134,#135,#136,#137,#138,
#139,#140,#141,#142,#143,#144,#145,#146,#147,#148,#149,#150,#151,#152,#153,#154,
#155,#156,#157,#158,#159,#160,#161,#162,#163,#164,#165,#166,#167,#168,#169,#170,
#171,#172,#173,#174,#175,#176,#177,#178,#179,#180,#181,#182,#183,#184,#185,#186,
#187,#188,#189,#190,#191,#192,#193,#194,#195,#196,#197,#198,#199,#200,#201,#202));
#15=COLOUR_RGB('',0.564705882352941,0.564705882352941,0.564705882352941);
#16=FILL_AREA_STYLE_COLOUR('',#15);
#17=FILL_AREA_STYLE($,(#16));
#18=SURFACE_STYLE_FILL_AREA(#17);
#19=SURFACE_SIDE_STYLE('',(#18));
#20=SURFACE_STYLE_USAGE(.BOTH.,#19);
#21=PRESENTATION_STYLE_ASSIGNMENT((#20));
#22=MECHANICAL_DESIGN_GEOMETRIC_PRESENTATION_REPRESENTATION('NONE',(#23),#8);
#23=STYLED_ITEM('',(#21),#13);
#24=ADVANCED_BREP_SHAPE_REPRESENTATION('NONE',(#13),#8);
#25=SHAPE_REPRESENTATION_RELATIONSHIP('','',#3,#24);
#26=PRODUCT_DEFINITION_SHAPE('NONE','NONE',#1);
#27=MECHANICAL_CONTEXT('NONE',#32,'mechanical');
#28=PRODUCT_DEFINITION_FORMATION_WITH_SPECIFIED_SOURCE('ANY','UNSPECIFIED',#29,.NOT_KNOWN.);
#29=PRODUCT('-01','\X2\041F043E0432043E0440043E0442043D043E0435\X0\_\X2\041A04400435043F043B0435043D04380435\X0\',
'NONE',(#27));
#30=PRODUCT_RELATED_PRODUCT_CATEGORY('detail','',(#29));
#31=DESIGN_CONTEXT('detailed design',#32,'design');
#32=APPLICATION_CONTEXT('configuration controlled 3d designs of mechanical parts and assemblies');
#33=APPLICATION_PROTOCOL_DEFINITION('international standard','config_control_design',
1994,#32);
#34=CC_DESIGN_DATE_AND_TIME_ASSIGNMENT(#35,#39,(#1));
#35=DATE_AND_TIME(#36,#37);
#36=CALENDAR_DATE(0,1,1);
#37=LOCAL_TIME(0,0,0.,#38);
#38=COORDINATED_UNIVERSAL_TIME_OFFSET(0,0,.AHEAD.);
#39=DATE_TIME_ROLE('creation_date');
#40=CC_DESIGN_APPROVAL(#41,(#1));
#41=APPROVAL(#42,'UNSPECIFIED');
#42=APPROVAL_STATUS('not_yet_approved');
#43=APPROVAL_DATE_TIME(#44,#41);
#44=DATE_AND_TIME(#45,#46);
#45=CALENDAR_DATE(0,1,1);
#46=LOCAL_TIME(0,0,0.,#47);
#47=COORDINATED_UNIVERSAL_TIME_OFFSET(0,0,.AHEAD.);
#48=PERSON('UNSPECIFIED','User','UNSPECIFIED',('UNSPECIFIED'),('UNSPECIFIED'),('UNSPECIFIED'));
#49=ORGANIZATION('UNSPECIFIED','UNSPECIFIED','UNSPECIFIED');
#50=PERSON_AND_ORGANIZATION(#48,#49);
#51=PERSON_AND_ORGANIZATION_ROLE('creator');
#52=CC_DESIGN_PERSON_AND_ORGANIZATION_ASSIGNMENT(#50,#51,(#28,#1));
#53=ADVANCED_FACE('',(#203,#205),#207,.F.);
#54=ADVANCED_FACE('',(#212,#214,#216,#218),#220,.T.);
#55=ADVANCED_FACE('',(#225,#227),#229,.F.);
#56=ADVANCED_FACE('',(#234,#236),#238,.T.);
#57=ADVANCED_FACE('',(#243),#245,.T.);
#58=ADVANCED_FACE('',(#250,#252),#254,.F.);
#59=ADVANCED_FACE('',(#259),#261,.F.);
#60=ADVANCED_FACE('',(#266),#268,.T.);
#61=ADVANCED_FACE('',(#273),#275,.T.);
#62=ADVANCED_FACE('',(#280),#282,.F.);
#63=ADVANCED_FACE('',(#287),#289,.T.);
#64=ADVANCED_FACE('',(#294),#296,.T.);
#65=ADVANCED_FACE('',(#301),#303,.F.);
#66=ADVANCED_FACE('',(#308),#310,.T.);
#67=ADVANCED_FACE('',(#315),#317,.T.);
#68=ADVANCED_FACE('',(#322),#324,.F.);
#69=ADVANCED_FACE('',(#329),#331,.T.);
#70=ADVANCED_FACE('',(#336),#338,.T.);
#71=ADVANCED_FACE('',(#343),#345,.F.);
#72=ADVANCED_FACE('',(#350),#352,.T.);
#73=ADVANCED_FACE('',(#357),#359,.T.);
#74=ADVANCED_FACE('',(#364),#366,.F.);
#75=ADVANCED_FACE('',(#371),#373,.T.);
#76=ADVANCED_FACE('',(#378),#380,.T.);
#77=ADVANCED_FACE('',(#385),#387,.F.);
#78=ADVANCED_FACE('',(#392),#394,.T.);
#79=ADVANCED_FACE('',(#399),#401,.T.);
#80=ADVANCED_FACE('',(#406),#408,.F.);
#81=ADVANCED_FACE('',(#413),#415,.T.);
#82=ADVANCED_FACE('',(#420),#422,.T.);
#83=ADVANCED_FACE('',(#427),#429,.F.);
#84=ADVANCED_FACE('',(#434),#436,.T.);
#85=ADVANCED_FACE('',(#441),#443,.T.);
#86=ADVANCED_FACE('',(#448),#450,.F.);
#87=ADVANCED_FACE('',(#455),#457,.T.);
#88=ADVANCED_FACE('',(#462),#464,.T.);
#89=ADVANCED_FACE('',(#469),#471,.F.);
#90=ADVANCED_FACE('',(#476),#478,.T.);
#91=ADVANCED_FACE('',(#483),#485,.T.);
#92=ADVANCED_FACE('',(#490),#492,.F.);
#93=ADVANCED_FACE('',(#497),#499,.T.);
#94=ADVANCED_FACE('',(#504),#506,.T.);
#95=ADVANCED_FACE('',(#511,#513),#515,.F.);
#96=ADVANCED_FACE('',(#520),#522,.F.);
#97=ADVANCED_FACE('',(#527),#529,.T.);
#98=ADVANCED_FACE('',(#534),#536,.T.);
#99=ADVANCED_FACE('',(#541),#543,.F.);
#100=ADVANCED_FACE('',(#548),#550,.T.);
#101=ADVANCED_FACE('',(#555),#557,.T.);
#102=ADVANCED_FACE('',(#562),#564,.F.);
#103=ADVANCED_FACE('',(#569),#571,.T.);
#104=ADVANCED_FACE('',(#576),#578,.T.);
#105=ADVANCED_FACE('',(#583),#585,.F.);
#106=ADVANCED_FACE('',(#590),#592,.T.);
#107=ADVANCED_FACE('',(#597),#599,.T.);
#108=ADVANCED_FACE('',(#604),#606,.F.);
#109=ADVANCED_FACE('',(#611),#613,.T.);
#110=ADVANCED_FACE('',(#618),#620,.T.);
#111=ADVANCED_FACE('',(#625),#627,.F.);
#112=ADVANCED_FACE('',(#632),#634,.T.);
#113=ADVANCED_FACE('',(#639),#641,.T.);
#114=ADVANCED_FACE('',(#646),#648,.F.);
#115=ADVANCED_FACE('',(#653),#655,.T.);
#116=ADVANCED_FACE('',(#660),#662,.T.);
#117=ADVANCED_FACE('',(#667),#669,.F.);
#118=ADVANCED_FACE('',(#674),#676,.T.);
#119=ADVANCED_FACE('',(#681),#683,.T.);
#120=ADVANCED_FACE('',(#688),#690,.F.);
#121=ADVANCED_FACE('',(#695),#697,.T.);
#122=ADVANCED_FACE('',(#702),#704,.T.);
#123=ADVANCED_FACE('',(#709),#711,.F.);
#124=ADVANCED_FACE('',(#716),#718,.T.);
#125=ADVANCED_FACE('',(#723),#725,.T.);
#126=ADVANCED_FACE('',(#730),#732,.F.);
#127=ADVANCED_FACE('',(#737),#739,.T.);
#128=ADVANCED_FACE('',(#744),#746,.T.);
#129=ADVANCED_FACE('',(#751),#753,.F.);
#130=ADVANCED_FACE('',(#758),#760,.T.);
#131=ADVANCED_FACE('',(#765),#767,.F.);
#132=ADVANCED_FACE('',(#772),#774,.F.);
#133=ADVANCED_FACE('',(#779),#781,.F.);
#134=ADVANCED_FACE('',(#786),#788,.F.);
#135=ADVANCED_FACE('',(#793),#795,.F.);
#136=ADVANCED_FACE('',(#800),#802,.F.);
#137=ADVANCED_FACE('',(#807),#809,.F.);
#138=ADVANCED_FACE('',(#814),#816,.F.);
#139=ADVANCED_FACE('',(#821),#823,.F.);
#140=ADVANCED_FACE('',(#828),#830,.F.);
#141=ADVANCED_FACE('',(#835),#837,.F.);
#142=ADVANCED_FACE('',(#842),#844,.F.);
#143=ADVANCED_FACE('',(#849),#851,.F.);
#144=ADVANCED_FACE('',(#856),#858,.F.);
#145=ADVANCED_FACE('',(#863),#865,.F.);
#146=ADVANCED_FACE('',(#870),#872,.F.);
#147=ADVANCED_FACE('',(#877),#879,.F.);
#148=ADVANCED_FACE('',(#884),#886,.F.);
#149=ADVANCED_FACE('',(#891),#893,.F.);
#150=ADVANCED_FACE('',(#898),#900,.F.);
#151=ADVANCED_FACE('',(#905),#907,.F.);
#152=ADVANCED_FACE('',(#912),#914,.F.);
#153=ADVANCED_FACE('',(#919),#921,.F.);
#154=ADVANCED_FACE('',(#926),#928,.F.);
#155=ADVANCED_FACE('',(#933),#935,.T.);
#156=ADVANCED_FACE('',(#940),#942,.T.);
#157=ADVANCED_FACE('',(#947),#949,.T.);
#158=ADVANCED_FACE('',(#954),#956,.T.);
#159=ADVANCED_FACE('',(#961),#963,.T.);
#160=ADVANCED_FACE('',(#968),#970,.T.);
#161=ADVANCED_FACE('',(#975),#977,.T.);
#162=ADVANCED_FACE('',(#982),#984,.T.);
#163=ADVANCED_FACE('',(#989),#991,.T.);
#164=ADVANCED_FACE('',(#996),#998,.T.);
#165=ADVANCED_FACE('',(#1003),#1005,.T.);
#166=ADVANCED_FACE('',(#1010),#1012,.T.);
#167=ADVANCED_FACE('',(#1017),#1019,.T.);
#168=ADVANCED_FACE('',(#1024),#1026,.T.);
#169=ADVANCED_FACE('',(#1031),#1033,.T.);
#170=ADVANCED_FACE('',(#1038),#1040,.T.);
#171=ADVANCED_FACE('',(#1045),#1047,.T.);
#172=ADVANCED_FACE('',(#1052),#1054,.T.);
#173=ADVANCED_FACE('',(#1059),#1061,.T.);
#174=ADVANCED_FACE('',(#1066),#1068,.T.);
#175=ADVANCED_FACE('',(#1073),#1075,.T.);
#176=ADVANCED_FACE('',(#1080),#1082,.T.);
#177=ADVANCED_FACE('',(#1087),#1089,.T.);
#178=ADVANCED_FACE('',(#1094),#1096,.T.);
#179=ADVANCED_FACE('',(#1101),#1103,.T.);
#180=ADVANCED_FACE('',(#1108),#1110,.T.);
#181=ADVANCED_FACE('',(#1115),#1117,.T.);
#182=ADVANCED_FACE('',(#1122),#1124,.T.);
#183=ADVANCED_FACE('',(#1129),#1131,.T.);
#184=ADVANCED_FACE('',(#1136),#1138,.T.);
#185=ADVANCED_FACE('',(#1143),#1145,.T.);
#186=ADVANCED_FACE('',(#1150),#1152,.T.);
#187=ADVANCED_FACE('',(#1157),#1159,.T.);
#188=ADVANCED_FACE('',(#1164),#1166,.T.);
#189=ADVANCED_FACE('',(#1171),#1173,.T.);
#190=ADVANCED_FACE('',(#1178),#1180,.T.);
#191=ADVANCED_FACE('',(#1185),#1187,.T.);
#192=ADVANCED_FACE('',(#1192),#1194,.T.);
#193=ADVANCED_FACE('',(#1199),#1201,.T.);
#194=ADVANCED_FACE('',(#1206),#1208,.T.);
#195=ADVANCED_FACE('',(#1213),#1215,.T.);
#196=ADVANCED_FACE('',(#1220),#1222,.T.);
#197=ADVANCED_FACE('',(#1227),#1229,.T.);
#198=ADVANCED_FACE('',(#1234),#1236,.T.);
#199=ADVANCED_FACE('',(#1241),#1243,.T.);
#200=ADVANCED_FACE('',(#1248),#1250,.T.);
#201=ADVANCED_FACE('',(#1255),#1257,.T.);
#202=ADVANCED_FACE('',(#1262),#1264,.T.);
#203=FACE_BOUND('',#204,.T.);
#204=EDGE_LOOP('',(#1269,#1270,#1271,#1272,#1273,#1274,#1275,#1276,#1277,#1278,#1279,
#1280,#1281,#1282,#1283,#1284,#1285,#1286,#1287,#1288,#1289,#1290,#1291,#1292,#1293,
#1294,#1295,#1296,#1297,#1298,#1299,#1300,#1301,#1302,#1303,#1304,#1305,#1306,#1307,
#1308,#1309,#1310,#1311,#1312,#1313,#1314,#1315,#1316,#1317,#1318,#1319,#1320,#1321,
#1322,#1323,#1324,#1325,#1326,#1327,#1328,#1329,#1330,#1331,#1332,#1333,#1334,#1335,
#1336,#1337,#1338,#1339,#1340,#1341,#1342,#1343,#1344,#1345,#1346,#1347,#1348,#1349,
#1350,#1351,#1352,#1353,#1354,#1355,#1356,#1357,#1358,#1359,#1360,#1361,#1362,#1363,
#1364,#1365,#1366,#1367));
#205=FACE_BOUND('',#206,.T.);
#206=EDGE_LOOP('',(#1368));
#207=PLANE('',#208);
#208=AXIS2_PLACEMENT_3D('',#209,#210,#211);
#209=CARTESIAN_POINT('',(0.,0.,-4.));
#210=DIRECTION('',(0.,0.,1.));
#211=DIRECTION('',(-1.,1.22464679914735E-16,0.));
#212=FACE_BOUND('',#213,.T.);
#213=EDGE_LOOP('',(#1369));
#214=FACE_BOUND('',#215,.T.);
#215=EDGE_LOOP('',(#1370));
#216=FACE_BOUND('',#217,.T.);
#217=EDGE_LOOP('',(#1371));
#218=FACE_BOUND('',#219,.T.);
#219=EDGE_LOOP('',(#1372));
#220=PLANE('',#221);
#221=AXIS2_PLACEMENT_3D('',#222,#223,#224);
#222=CARTESIAN_POINT('',(0.,0.,0.));
#223=DIRECTION('',(0.,0.,1.));
#224=DIRECTION('',(-1.,1.22464679914735E-16,0.));
#225=FACE_OUTER_BOUND('',#226,.T.);
#226=EDGE_LOOP('',(#1373));
#227=FACE_OUTER_BOUND('',#228,.T.);
#228=EDGE_LOOP('',(#1374));
#229=CYLINDRICAL_SURFACE('',#230,4.225);
#230=AXIS2_PLACEMENT_3D('',#231,#232,#233);
#231=CARTESIAN_POINT('',(2.69422295812418E-15,22.,0.));
#232=DIRECTION('',(0.,0.,-1.));
#233=DIRECTION('',(-1.,0.,0.));
#234=FACE_BOUND('',#235,.T.);
#235=EDGE_LOOP('',(#1375,#1376,#1377,#1378,#1379,#1380,#1381,#1382,#1383,#1384,#1385,
#1386,#1387,#1388,#1389,#1390,#1391,#1392,#1393,#1394,#1395,#1396,#1397,#1398,#1399,
#1400,#1401,#1402,#1403,#1404,#1405,#1406,#1407,#1408,#1409,#1410,#1411,#1412,#1413,
#1414,#1415,#1416,#1417,#1418,#1419,#1420,#1421,#1422));
#236=FACE_OUTER_BOUND('',#237,.T.);
#237=EDGE_LOOP('',(#1423));
#238=CYLINDRICAL_SURFACE('',#239,13.0614928368735);
#239=AXIS2_PLACEMENT_3D('',#240,#241,#242);
#240=CARTESIAN_POINT('',(2.69422295812418E-15,22.,-4.));
#241=DIRECTION('',(0.,0.,1.));
#242=DIRECTION('',(1.,1.21174926926984E-14,0.));
#243=FACE_BOUND('',#244,.T.);
#244=EDGE_LOOP('',(#1424,#1425,#1426,#1427));
#245=PLANE('',#246);
#246=AXIS2_PLACEMENT_3D('',#247,#248,#249);
#247=CARTESIAN_POINT('',(-8.85,21.9999999999999,-4.));
#248=DIRECTION('',(1.34972137108055E-14,-1.,0.));
#249=DIRECTION('',(-1.,-1.34972137108055E-14,0.));
#250=FACE_OUTER_BOUND('',#251,.T.);
#251=EDGE_LOOP('',(#1428));
#252=FACE_OUTER_BOUND('',#253,.T.);
#253=EDGE_LOOP('',(#1429));
#254=CYLINDRICAL_SURFACE('',#255,1.6);
#255=AXIS2_PLACEMENT_3D('',#256,#257,#258);
#256=CARTESIAN_POINT('',(-7.25,22.,-4.));
#257=DIRECTION('',(0.,0.,1.));
#258=DIRECTION('',(-1.,1.22464679914735E-16,0.));
#259=FACE_BOUND('',#260,.T.);
#260=EDGE_LOOP('',(#1430,#1431,#1432,#1433));
#261=CYLINDRICAL_SURFACE('',#262,8.85);
#262=AXIS2_PLACEMENT_3D('',#263,#264,#265);
#263=CARTESIAN_POINT('',(2.69422295812418E-15,22.,-4.));
#264=DIRECTION('',(0.,0.,1.));
#265=DIRECTION('',(-0.991444861373812,0.130526192220038,0.));
#266=FACE_BOUND('',#267,.T.);
#267=EDGE_LOOP('',(#1434,#1435,#1436,#1437));
#268=PLANE('',#269);
#269=AXIS2_PLACEMENT_3D('',#270,#271,#272);
#270=CARTESIAN_POINT('',(-12.9497499549891,23.7048669247064,-4.));
#271=DIRECTION('',(0.130526192220038,0.991444861373812,0.));
#272=DIRECTION('',(0.991444861373812,-0.130526192220038,0.));
#273=FACE_BOUND('',#274,.T.);
#274=EDGE_LOOP('',(#1438,#1439,#1440,#1441));
#275=PLANE('',#276);
#276=AXIS2_PLACEMENT_3D('',#277,#278,#279);
#277=CARTESIAN_POINT('',(-8.54844356265828,24.2905485491572,-4.));
#278=DIRECTION('',(-0.258819045102508,-0.965925826289072,0.));
#279=DIRECTION('',(-0.965925826289072,0.258819045102508,0.));
#280=FACE_BOUND('',#281,.T.);
#281=EDGE_LOOP('',(#1442,#1443,#1444,#1445));
#282=CYLINDRICAL_SURFACE('',#283,8.85);
#283=AXIS2_PLACEMENT_3D('',#284,#285,#286);
#284=CARTESIAN_POINT('',(2.69422295812418E-15,22.,-4.));
#285=DIRECTION('',(0.,0.,1.));
#286=DIRECTION('',(-0.923879532511292,0.382683432365078,0.));
#287=FACE_BOUND('',#288,.T.);
#288=EDGE_LOOP('',(#1446,#1447,#1448,#1449));
#289=PLANE('',#290);
#290=AXIS2_PLACEMENT_3D('',#291,#292,#293);
#291=CARTESIAN_POINT('',(-12.0672458960303,26.9984169106266,-4.));
#292=DIRECTION('',(0.382683432365077,0.923879532511292,0.));
#293=DIRECTION('',(0.923879532511292,-0.382683432365077,0.));
#294=FACE_BOUND('',#295,.T.);
#295=EDGE_LOOP('',(#1450,#1451,#1452,#1453));
#296=PLANE('',#297);
#297=AXIS2_PLACEMENT_3D('',#298,#299,#300);
#298=CARTESIAN_POINT('',(-7.66432482349234,26.4249999999999,-4.));
#299=DIRECTION('',(-0.499999999999989,-0.866025403784445,0.));
#300=DIRECTION('',(-0.866025403784445,0.499999999999989,0.));
#301=FACE_BOUND('',#302,.T.);
#302=EDGE_LOOP('',(#1454,#1455,#1456,#1457));
#303=CYLINDRICAL_SURFACE('',#304,8.85);
#304=AXIS2_PLACEMENT_3D('',#305,#306,#307);
#305=CARTESIAN_POINT('',(2.69422295812418E-15,22.,-4.));
#306=DIRECTION('',(0.,0.,1.));
#307=DIRECTION('',(-0.793353340291243,0.60876142900871,0.));
#308=FACE_BOUND('',#309,.T.);
#309=EDGE_LOOP('',(#1458,#1459,#1460,#1461));
#310=PLANE('',#311);
#311=AXIS2_PLACEMENT_3D('',#312,#313,#314);
#312=CARTESIAN_POINT('',(-10.3623789713237,29.9513330443621,-4.));
#313=DIRECTION('',(0.60876142900871,0.793353340291243,0.));
#314=DIRECTION('',(0.793353340291243,-0.60876142900871,0.));
#315=FACE_BOUND('',#316,.T.);
#316=EDGE_LOOP('',(#1462,#1463,#1464,#1465));
#317=PLANE('',#318);
#318=AXIS2_PLACEMENT_3D('',#319,#320,#321);
#319=CARTESIAN_POINT('',(-6.25789501350102,28.2578950135009,-4.));
#320=DIRECTION('',(-0.707106781186538,-0.707106781186557,0.));
#321=DIRECTION('',(-0.707106781186557,0.707106781186538,0.));
#322=FACE_BOUND('',#323,.T.);
#323=EDGE_LOOP('',(#1466,#1467,#1468,#1469));
#324=CYLINDRICAL_SURFACE('',#325,8.85);
#325=AXIS2_PLACEMENT_3D('',#326,#327,#328);
#326=CARTESIAN_POINT('',(2.69422295812418E-15,22.,-4.));
#327=DIRECTION('',(0.,0.,1.));
#328=DIRECTION('',(-0.60876142900873,0.793353340291228,0.));
#329=FACE_BOUND('',#330,.T.);
#330=EDGE_LOOP('',(#1470,#1471,#1472,#1473));
#331=PLANE('',#332);
#332=AXIS2_PLACEMENT_3D('',#333,#334,#335);
#333=CARTESIAN_POINT('',(-7.95133304436239,32.3623789713235,-4.));
#334=DIRECTION('',(0.793353340291228,0.60876142900873,0.));
#335=DIRECTION('',(0.60876142900873,-0.793353340291228,0.));
#336=FACE_BOUND('',#337,.T.);
#337=EDGE_LOOP('',(#1474,#1475,#1476,#1477));
#338=PLANE('',#339);
#339=AXIS2_PLACEMENT_3D('',#340,#341,#342);
#340=CARTESIAN_POINT('',(-4.42500000000009,29.6643248234922,-4.));
#341=DIRECTION('',(-0.866025403784432,-0.500000000000011,0.));
#342=DIRECTION('',(-0.500000000000011,0.866025403784432,0.));
#343=FACE_BOUND('',#344,.T.);
#344=EDGE_LOOP('',(#1478,#1479,#1480,#1481));
#345=CYLINDRICAL_SURFACE('',#346,8.85);
#346=AXIS2_PLACEMENT_3D('',#347,#348,#349);
#347=CARTESIAN_POINT('',(2.69422295812418E-15,22.,-4.));
#348=DIRECTION('',(0.,0.,1.));
#349=DIRECTION('',(-0.382683432365101,0.923879532511282,0.));
#350=FACE_BOUND('',#351,.T.);
#351=EDGE_LOOP('',(#1482,#1483,#1484,#1485));
#352=PLANE('',#353);
#353=AXIS2_PLACEMENT_3D('',#354,#355,#356);
#354=CARTESIAN_POINT('',(-4.99841691062692,34.0672458960301,-4.));
#355=DIRECTION('',(0.923879532511282,0.382683432365102,0.));
#356=DIRECTION('',(0.382683432365102,-0.923879532511282,0.));
#357=FACE_BOUND('',#358,.T.);
#358=EDGE_LOOP('',(#1486,#1487,#1488,#1489));
#359=PLANE('',#360);
#360=AXIS2_PLACEMENT_3D('',#361,#362,#363);
#361=CARTESIAN_POINT('',(-2.29054854915741,30.5484435626582,-4.));
#362=DIRECTION('',(-0.965925826289065,-0.258819045102533,0.));
#363=DIRECTION('',(-0.258819045102533,0.965925826289065,0.));
#364=FACE_BOUND('',#365,.T.);
#365=EDGE_LOOP('',(#1490,#1491,#1492,#1493));
#366=CYLINDRICAL_SURFACE('',#367,8.85);
#367=AXIS2_PLACEMENT_3D('',#368,#369,#370);
#368=CARTESIAN_POINT('',(2.69422295812418E-15,22.,-4.));
#369=DIRECTION('',(0.,0.,1.));
#370=DIRECTION('',(-0.130526192220064,0.991444861373809,0.));
#371=FACE_BOUND('',#372,.T.);
#372=EDGE_LOOP('',(#1494,#1495,#1496,#1497));
#373=PLANE('',#374);
#374=AXIS2_PLACEMENT_3D('',#375,#376,#377);
#375=CARTESIAN_POINT('',(-1.70486692470673,34.949749954989,-4.));
#376=DIRECTION('',(0.991444861373809,0.130526192220064,0.));
#377=DIRECTION('',(0.130526192220064,-0.991444861373809,0.));
#378=FACE_BOUND('',#379,.T.);
#379=EDGE_LOOP('',(#1498,#1499,#1500,#1501));
#380=PLANE('',#381);
#381=AXIS2_PLACEMENT_3D('',#382,#383,#384);
#382=CARTESIAN_POINT('',(-1.09585292302053E-13,30.85,-4.));
#383=DIRECTION('',(-1.,-1.27839554780626E-14,0.));
#384=DIRECTION('',(-1.27839554780626E-14,1.,0.));
#385=FACE_BOUND('',#386,.T.);
#386=EDGE_LOOP('',(#1502,#1503,#1504,#1505));
#387=CYLINDRICAL_SURFACE('',#388,8.85);
#388=AXIS2_PLACEMENT_3D('',#389,#390,#391);
#389=CARTESIAN_POINT('',(2.69422295812418E-15,22.,-4.));
#390=DIRECTION('',(0.,0.,1.));
#391=DIRECTION('',(0.130526192220039,0.991444861373812,0.));
#392=FACE_BOUND('',#393,.T.);
#393=EDGE_LOOP('',(#1506,#1507,#1508,#1509));
#394=PLANE('',#395);
#395=AXIS2_PLACEMENT_3D('',#396,#397,#398);
#396=CARTESIAN_POINT('',(1.70486692470641,34.9497499549891,-4.));
#397=DIRECTION('',(0.991444861373812,-0.130526192220039,0.));
#398=DIRECTION('',(-0.130526192220039,-0.991444861373812,0.));
#399=FACE_BOUND('',#400,.T.);
#400=EDGE_LOOP('',(#1510,#1511,#1512,#1513));
#401=PLANE('',#402);
#402=AXIS2_PLACEMENT_3D('',#403,#404,#405);
#403=CARTESIAN_POINT('',(2.2905485491572,30.5484435626583,-4.));
#404=DIRECTION('',(-0.965925826289071,0.258819045102508,0.));
#405=DIRECTION('',(0.258819045102508,0.965925826289071,0.));
#406=FACE_BOUND('',#407,.T.);
#407=EDGE_LOOP('',(#1514,#1515,#1516,#1517));
#408=CYLINDRICAL_SURFACE('',#409,8.85);
#409=AXIS2_PLACEMENT_3D('',#410,#411,#412);
#410=CARTESIAN_POINT('',(2.69422295812418E-15,22.,-4.));
#411=DIRECTION('',(0.,0.,1.));
#412=DIRECTION('',(0.382683432365078,0.923879532511292,0.));
#413=FACE_BOUND('',#414,.T.);
#414=EDGE_LOOP('',(#1518,#1519,#1520,#1521));
#415=PLANE('',#416);
#416=AXIS2_PLACEMENT_3D('',#417,#418,#419);
#417=CARTESIAN_POINT('',(4.99841691062662,34.0672458960303,-4.));
#418=DIRECTION('',(0.923879532511292,-0.382683432365078,0.));
#419=DIRECTION('',(-0.382683432365078,-0.923879532511292,0.));
#420=FACE_BOUND('',#421,.T.);
#421=EDGE_LOOP('',(#1522,#1523,#1524,#1525));
#422=PLANE('',#423);
#423=AXIS2_PLACEMENT_3D('',#424,#425,#426);
#424=CARTESIAN_POINT('',(4.4249999999999,29.6643248234923,-4.));
#425=DIRECTION('',(-0.866025403784445,0.499999999999989,0.));
#426=DIRECTION('',(0.499999999999989,0.866025403784445,0.));
#427=FACE_BOUND('',#428,.T.);
#428=EDGE_LOOP('',(#1526,#1527,#1528,#1529));
#429=CYLINDRICAL_SURFACE('',#430,8.85);
#430=AXIS2_PLACEMENT_3D('',#431,#432,#433);
#431=CARTESIAN_POINT('',(2.69422295812418E-15,22.,-4.));
#432=DIRECTION('',(0.,0.,1.));
#433=DIRECTION('',(0.60876142900871,0.793353340291243,0.));
#434=FACE_BOUND('',#435,.T.);
#435=EDGE_LOOP('',(#1530,#1531,#1532,#1533));
#436=PLANE('',#437);
#437=AXIS2_PLACEMENT_3D('',#438,#439,#440);
#438=CARTESIAN_POINT('',(7.95133304436214,32.3623789713237,-4.));
#439=DIRECTION('',(0.793353340291243,-0.60876142900871,0.));
#440=DIRECTION('',(-0.60876142900871,-0.793353340291243,0.));
#441=FACE_BOUND('',#442,.T.);
#442=EDGE_LOOP('',(#1534,#1535,#1536,#1537));
#443=PLANE('',#444);
#444=AXIS2_PLACEMENT_3D('',#445,#446,#447);
#445=CARTESIAN_POINT('',(6.25789501350087,28.257895013501,-4.));
#446=DIRECTION('',(-0.707106781186556,0.707106781186539,0.));
#447=DIRECTION('',(0.707106781186539,0.707106781186556,0.));
#448=FACE_BOUND('',#449,.T.);
#449=EDGE_LOOP('',(#1538,#1539,#1540,#1541));
#450=CYLINDRICAL_SURFACE('',#451,8.85);
#451=AXIS2_PLACEMENT_3D('',#452,#453,#454);
#452=CARTESIAN_POINT('',(2.69422295812418E-15,22.,-4.));
#453=DIRECTION('',(0.,0.,1.));
#454=DIRECTION('',(0.793353340291228,0.60876142900873,0.));
#455=FACE_BOUND('',#456,.T.);
#456=EDGE_LOOP('',(#1542,#1543,#1544,#1545));
#457=PLANE('',#458);
#458=AXIS2_PLACEMENT_3D('',#459,#460,#461);
#459=CARTESIAN_POINT('',(10.3623789713235,29.9513330443624,-4.));
#460=DIRECTION('',(0.60876142900873,-0.793353340291228,0.));
#461=DIRECTION('',(-0.793353340291228,-0.60876142900873,0.));
#462=FACE_BOUND('',#463,.T.);
#463=EDGE_LOOP('',(#1546,#1547,#1548,#1549));
#464=PLANE('',#465);
#465=AXIS2_PLACEMENT_3D('',#466,#467,#468);
#466=CARTESIAN_POINT('',(7.66432482349223,26.4250000000001,-4.));
#467=DIRECTION('',(-0.50000000000001,0.866025403784433,0.));
#468=DIRECTION('',(0.866025403784433,0.50000000000001,0.));
#469=FACE_BOUND('',#470,.T.);
#470=EDGE_LOOP('',(#1550,#1551,#1552,#1553));
#471=CYLINDRICAL_SURFACE('',#472,8.85);
#472=AXIS2_PLACEMENT_3D('',#473,#474,#475);
#473=CARTESIAN_POINT('',(2.69422295812418E-15,22.,-4.));
#474=DIRECTION('',(0.,0.,1.));
#475=DIRECTION('',(0.923879532511282,0.382683432365101,0.));
#476=FACE_BOUND('',#477,.T.);
#477=EDGE_LOOP('',(#1554,#1555,#1556,#1557));
#478=PLANE('',#479);
#479=AXIS2_PLACEMENT_3D('',#480,#481,#482);
#480=CARTESIAN_POINT('',(12.0672458960301,26.9984169106269,-4.));
#481=DIRECTION('',(0.382683432365101,-0.923879532511282,0.));
#482=DIRECTION('',(-0.923879532511282,-0.382683432365101,0.));
#483=FACE_BOUND('',#484,.T.);
#484=EDGE_LOOP('',(#1558,#1559,#1560,#1561));
#485=PLANE('',#486);
#486=AXIS2_PLACEMENT_3D('',#487,#488,#489);
#487=CARTESIAN_POINT('',(8.54844356265823,24.2905485491574,-4.));
#488=DIRECTION('',(-0.258819045102533,0.965925826289065,0.));
#489=DIRECTION('',(0.965925826289065,0.258819045102533,0.));
#490=FACE_BOUND('',#491,.T.);
#491=EDGE_LOOP('',(#1562,#1563,#1564,#1565));
#492=CYLINDRICAL_SURFACE('',#493,8.85);
#493=AXIS2_PLACEMENT_3D('',#494,#495,#496);
#494=CARTESIAN_POINT('',(2.69422295812418E-15,22.,-4.));
#495=DIRECTION('',(0.,0.,1.));
#496=DIRECTION('',(0.991444861373809,0.130526192220064,0.));
#497=FACE_BOUND('',#498,.T.);
#498=EDGE_LOOP('',(#1566,#1567,#1568,#1569));
#499=PLANE('',#500);
#500=AXIS2_PLACEMENT_3D('',#501,#502,#503);
#501=CARTESIAN_POINT('',(12.949749954989,23.7048669247067,-4.));
#502=DIRECTION('',(0.130526192220063,-0.991444861373809,0.));
#503=DIRECTION('',(-0.991444861373809,-0.130526192220063,0.));
#504=FACE_BOUND('',#505,.T.);
#505=EDGE_LOOP('',(#1570,#1571,#1572,#1573));
#506=PLANE('',#507);
#507=AXIS2_PLACEMENT_3D('',#508,#509,#510);
#508=CARTESIAN_POINT('',(8.85,22.0000000000001,-4.));
#509=DIRECTION('',(-1.26536378538802E-14,1.,0.));
#510=DIRECTION('',(1.,1.26536378538802E-14,0.));
#511=FACE_BOUND('',#512,.T.);
#512=EDGE_LOOP('',(#1574,#1575));
#513=FACE_OUTER_BOUND('',#514,.T.);
#514=EDGE_LOOP('',(#1576));
#515=CYLINDRICAL_SURFACE('',#516,1.6);
#516=AXIS2_PLACEMENT_3D('',#517,#518,#519);
#517=CARTESIAN_POINT('',(7.25,22.,-4.));
#518=DIRECTION('',(0.,0.,1.));
#519=DIRECTION('',(-1.,1.22464679914735E-16,0.));
#520=FACE_BOUND('',#521,.T.);
#521=EDGE_LOOP('',(#1577,#1578,#1579,#1580));
#522=CYLINDRICAL_SURFACE('',#523,8.85);
#523=AXIS2_PLACEMENT_3D('',#524,#525,#526);
#524=CARTESIAN_POINT('',(2.69422295812418E-15,22.,-4.));
#525=DIRECTION('',(0.,0.,1.));
#526=DIRECTION('',(0.991444861373812,-0.130526192220037,0.));
#527=FACE_BOUND('',#528,.T.);
#528=EDGE_LOOP('',(#1581,#1582,#1583,#1584));
#529=PLANE('',#530);
#530=AXIS2_PLACEMENT_3D('',#531,#532,#533);
#531=CARTESIAN_POINT('',(12.9497499549891,20.2951330752936,-4.));
#532=DIRECTION('',(-0.130526192220037,-0.991444861373812,0.));
#533=DIRECTION('',(-0.991444861373812,0.130526192220037,0.));
#534=FACE_BOUND('',#535,.T.);
#535=EDGE_LOOP('',(#1585,#1586,#1587,#1588));
#536=PLANE('',#537);
#537=AXIS2_PLACEMENT_3D('',#538,#539,#540);
#538=CARTESIAN_POINT('',(8.54844356265829,19.7094514508428,-4.));
#539=DIRECTION('',(0.258819045102506,0.965925826289072,0.));
#540=DIRECTION('',(0.965925826289072,-0.258819045102506,0.));
#541=FACE_BOUND('',#542,.T.);
#542=EDGE_LOOP('',(#1589,#1590,#1591,#1592));
#543=CYLINDRICAL_SURFACE('',#544,8.85);
#544=AXIS2_PLACEMENT_3D('',#545,#546,#547);
#545=CARTESIAN_POINT('',(2.69422295812418E-15,22.,-4.));
#546=DIRECTION('',(0.,0.,1.));
#547=DIRECTION('',(0.923879532511293,-0.382683432365076,0.));
#548=FACE_BOUND('',#549,.T.);
#549=EDGE_LOOP('',(#1593,#1594,#1595,#1596));
#550=PLANE('',#551);
#551=AXIS2_PLACEMENT_3D('',#552,#553,#554);
#552=CARTESIAN_POINT('',(12.0672458960303,17.0015830893734,-4.));
#553=DIRECTION('',(-0.382683432365076,-0.923879532511292,0.));
#554=DIRECTION('',(-0.923879532511292,0.382683432365076,0.));
#555=FACE_BOUND('',#556,.T.);
#556=EDGE_LOOP('',(#1597,#1598,#1599,#1600));
#557=PLANE('',#558);
#558=AXIS2_PLACEMENT_3D('',#559,#560,#561);
#559=CARTESIAN_POINT('',(7.66432482349235,17.5750000000001,-4.));
#560=DIRECTION('',(0.499999999999987,0.866025403784446,0.));
#561=DIRECTION('',(0.866025403784446,-0.499999999999987,0.));
#562=FACE_BOUND('',#563,.T.);
#563=EDGE_LOOP('',(#1601,#1602,#1603,#1604));
#564=CYLINDRICAL_SURFACE('',#565,8.85);
#565=AXIS2_PLACEMENT_3D('',#566,#567,#568);
#566=CARTESIAN_POINT('',(2.69422295812418E-15,22.,-4.));
#567=DIRECTION('',(0.,0.,1.));
#568=DIRECTION('',(0.793353340291244,-0.608761429008709,0.));
#569=FACE_BOUND('',#570,.T.);
#570=EDGE_LOOP('',(#1605,#1606,#1607,#1608));
#571=PLANE('',#572);
#572=AXIS2_PLACEMENT_3D('',#573,#574,#575);
#573=CARTESIAN_POINT('',(10.3623789713237,14.0486669556379,-4.));
#574=DIRECTION('',(-0.608761429008709,-0.793353340291244,0.));
#575=DIRECTION('',(-0.793353340291244,0.608761429008709,0.));
#576=FACE_BOUND('',#577,.T.);
#577=EDGE_LOOP('',(#1609,#1610,#1611,#1612));
#578=PLANE('',#579);
#579=AXIS2_PLACEMENT_3D('',#580,#581,#582);
#580=CARTESIAN_POINT('',(6.25789501350104,15.7421049864991,-4.));
#581=DIRECTION('',(0.707106781186537,0.707106781186558,0.));
#582=DIRECTION('',(0.707106781186558,-0.707106781186537,0.));
#583=FACE_BOUND('',#584,.T.);
#584=EDGE_LOOP('',(#1613,#1614,#1615,#1616));
#585=CYLINDRICAL_SURFACE('',#586,8.85);
#586=AXIS2_PLACEMENT_3D('',#587,#588,#589);
#587=CARTESIAN_POINT('',(2.69422295812418E-15,22.,-4.));
#588=DIRECTION('',(0.,0.,1.));
#589=DIRECTION('',(0.608761429008732,-0.793353340291226,0.));
#590=FACE_BOUND('',#591,.T.);
#591=EDGE_LOOP('',(#1617,#1618,#1619,#1620));
#592=PLANE('',#593);
#593=AXIS2_PLACEMENT_3D('',#594,#595,#596);
#594=CARTESIAN_POINT('',(7.95133304436242,11.6376210286765,-4.));
#595=DIRECTION('',(-0.793353340291226,-0.608761429008732,0.));
#596=DIRECTION('',(-0.608761429008732,0.793353340291226,0.));
#597=FACE_BOUND('',#598,.T.);
#598=EDGE_LOOP('',(#1621,#1622,#1623,#1624));
#599=PLANE('',#600);
#600=AXIS2_PLACEMENT_3D('',#601,#602,#603);
#601=CARTESIAN_POINT('',(4.42500000000011,14.3356751765078,-4.));
#602=DIRECTION('',(0.866025403784432,0.500000000000012,0.));
#603=DIRECTION('',(0.500000000000012,-0.866025403784432,0.));
#604=FACE_BOUND('',#605,.T.);
#605=EDGE_LOOP('',(#1625,#1626,#1627,#1628));
#606=CYLINDRICAL_SURFACE('',#607,8.85);
#607=AXIS2_PLACEMENT_3D('',#608,#609,#610);
#608=CARTESIAN_POINT('',(2.69422295812418E-15,22.,-4.));
#609=DIRECTION('',(0.,0.,1.));
#610=DIRECTION('',(0.382683432365103,-0.923879532511281,0.));
#611=FACE_BOUND('',#612,.T.);
#612=EDGE_LOOP('',(#1629,#1630,#1631,#1632));
#613=PLANE('',#614);
#614=AXIS2_PLACEMENT_3D('',#615,#616,#617);
#615=CARTESIAN_POINT('',(4.99841691062695,9.93275410396988,-4.));
#616=DIRECTION('',(-0.923879532511281,-0.382683432365103,0.));
#617=DIRECTION('',(-0.382683432365103,0.923879532511281,0.));
#618=FACE_BOUND('',#619,.T.);
#619=EDGE_LOOP('',(#1633,#1634,#1635,#1636));
#620=PLANE('',#621);
#621=AXIS2_PLACEMENT_3D('',#622,#623,#624);
#622=CARTESIAN_POINT('',(2.29054854915743,13.4515564373418,-4.));
#623=DIRECTION('',(0.965925826289065,0.258819045102534,0.));
#624=DIRECTION('',(0.258819045102534,-0.965925826289065,0.));
#625=FACE_BOUND('',#626,.T.);
#626=EDGE_LOOP('',(#1637,#1638,#1639,#1640));
#627=CYLINDRICAL_SURFACE('',#628,8.85);
#628=AXIS2_PLACEMENT_3D('',#629,#630,#631);
#629=CARTESIAN_POINT('',(2.69422295812418E-15,22.,-4.));
#630=DIRECTION('',(0.,0.,1.));
#631=DIRECTION('',(0.130526192220066,-0.991444861373808,0.));
#632=FACE_BOUND('',#633,.T.);
#633=EDGE_LOOP('',(#1641,#1642,#1643,#1644));
#634=PLANE('',#635);
#635=AXIS2_PLACEMENT_3D('',#636,#637,#638);
#636=CARTESIAN_POINT('',(1.70486692470676,9.05025004501098,-4.));
#637=DIRECTION('',(-0.991444861373808,-0.130526192220066,0.));
#638=DIRECTION('',(-0.130526192220066,0.991444861373808,0.));
#639=FACE_BOUND('',#640,.T.);
#640=EDGE_LOOP('',(#1645,#1646,#1647,#1648));
#641=PLANE('',#642);
#642=AXIS2_PLACEMENT_3D('',#643,#644,#645);
#643=CARTESIAN_POINT('',(1.29370229734069E-13,13.15,-4.));
#644=DIRECTION('',(1.,1.42166684808213E-14,0.));
#645=DIRECTION('',(1.42166684808213E-14,-1.,0.));
#646=FACE_BOUND('',#647,.T.);
#647=EDGE_LOOP('',(#1649,#1650,#1651,#1652));
#648=CYLINDRICAL_SURFACE('',#649,8.85);
#649=AXIS2_PLACEMENT_3D('',#650,#651,#652);
#650=CARTESIAN_POINT('',(2.69422295812418E-15,22.,-4.));
#651=DIRECTION('',(0.,0.,1.));
#652=DIRECTION('',(-0.130526192220037,-0.991444861373812,0.));
#653=FACE_BOUND('',#654,.T.);
#654=EDGE_LOOP('',(#1653,#1654,#1655,#1656));
#655=PLANE('',#656);
#656=AXIS2_PLACEMENT_3D('',#657,#658,#659);
#657=CARTESIAN_POINT('',(-1.70486692470638,9.05025004501094,-4.));
#658=DIRECTION('',(-0.991444861373812,0.130526192220037,0.));
#659=DIRECTION('',(0.130526192220037,0.991444861373812,0.));
#660=FACE_BOUND('',#661,.T.);
#661=EDGE_LOOP('',(#1657,#1658,#1659,#1660));
#662=PLANE('',#663);
#663=AXIS2_PLACEMENT_3D('',#664,#665,#666);
#664=CARTESIAN_POINT('',(-2.29054854915718,13.4515564373417,-4.));
#665=DIRECTION('',(0.965925826289072,-0.258819045102507,0.));
#666=DIRECTION('',(-0.258819045102507,-0.965925826289072,0.));
#667=FACE_BOUND('',#668,.T.);
#668=EDGE_LOOP('',(#1661,#1662,#1663,#1664));
#669=CYLINDRICAL_SURFACE('',#670,8.85);
#670=AXIS2_PLACEMENT_3D('',#671,#672,#673);
#671=CARTESIAN_POINT('',(2.69422295812418E-15,22.,-4.));
#672=DIRECTION('',(0.,0.,1.));
#673=DIRECTION('',(-0.382683432365076,-0.923879532511292,0.));
#674=FACE_BOUND('',#675,.T.);
#675=EDGE_LOOP('',(#1665,#1666,#1667,#1668));
#676=PLANE('',#677);
#677=AXIS2_PLACEMENT_3D('',#678,#679,#680);
#678=CARTESIAN_POINT('',(-4.9984169106266,9.93275410396974,-4.));
#679=DIRECTION('',(-0.923879532511292,0.382683432365076,0.));
#680=DIRECTION('',(0.382683432365076,0.923879532511292,0.));
#681=FACE_BOUND('',#682,.T.);
#682=EDGE_LOOP('',(#1669,#1670,#1671,#1672));
#683=PLANE('',#684);
#684=AXIS2_PLACEMENT_3D('',#685,#686,#687);
#685=CARTESIAN_POINT('',(-4.42499999999988,14.3356751765077,-4.));
#686=DIRECTION('',(0.866025403784446,-0.499999999999987,0.));
#687=DIRECTION('',(-0.499999999999987,-0.866025403784446,0.));
#688=FACE_BOUND('',#689,.T.);
#689=EDGE_LOOP('',(#1673,#1674,#1675,#1676));
#690=CYLINDRICAL_SURFACE('',#691,8.85);
#691=AXIS2_PLACEMENT_3D('',#692,#693,#694);
#692=CARTESIAN_POINT('',(2.69422295812418E-15,22.,-4.));
#693=DIRECTION('',(0.,0.,1.));
#694=DIRECTION('',(-0.608761429008709,-0.793353340291244,0.));
#695=FACE_BOUND('',#696,.T.);
#696=EDGE_LOOP('',(#1677,#1678,#1679,#1680));
#697=PLANE('',#698);
#698=AXIS2_PLACEMENT_3D('',#699,#700,#701);
#699=CARTESIAN_POINT('',(-7.95133304436211,11.6376210286763,-4.));
#700=DIRECTION('',(-0.793353340291244,0.608761429008709,0.));
#701=DIRECTION('',(0.608761429008709,0.793353340291244,0.));
#702=FACE_BOUND('',#703,.T.);
#703=EDGE_LOOP('',(#1681,#1682,#1683,#1684));
#704=PLANE('',#705);
#705=AXIS2_PLACEMENT_3D('',#706,#707,#708);
#706=CARTESIAN_POINT('',(-6.25789501350085,15.742104986499,-4.));
#707=DIRECTION('',(0.707106781186557,-0.707106781186538,0.));
#708=DIRECTION('',(-0.707106781186538,-0.707106781186557,0.));
#709=FACE_BOUND('',#710,.T.);
#710=EDGE_LOOP('',(#1685,#1686,#1687,#1688));
#711=CYLINDRICAL_SURFACE('',#712,8.85);
#712=AXIS2_PLACEMENT_3D('',#713,#714,#715);
#713=CARTESIAN_POINT('',(2.69422295812418E-15,22.,-4.));
#714=DIRECTION('',(0.,0.,1.));
#715=DIRECTION('',(-0.793353340291226,-0.608761429008732,0.));
#716=FACE_BOUND('',#717,.T.);
#717=EDGE_LOOP('',(#1689,#1690,#1691,#1692));
#718=PLANE('',#719);
#719=AXIS2_PLACEMENT_3D('',#720,#721,#722);
#720=CARTESIAN_POINT('',(-10.3623789713235,14.0486669556376,-4.));
#721=DIRECTION('',(-0.608761429008732,0.793353340291227,0.));
#722=DIRECTION('',(0.793353340291227,0.608761429008732,0.));
#723=FACE_BOUND('',#724,.T.);
#724=EDGE_LOOP('',(#1693,#1694,#1695,#1696));
#725=PLANE('',#726);
#726=AXIS2_PLACEMENT_3D('',#727,#728,#729);
#727=CARTESIAN_POINT('',(-7.66432482349222,17.5749999999999,-4.));
#728=DIRECTION('',(0.500000000000012,-0.866025403784431,0.));
#729=DIRECTION('',(-0.866025403784431,-0.500000000000012,0.));
#730=FACE_BOUND('',#731,.T.);
#731=EDGE_LOOP('',(#1697,#1698,#1699,#1700));
#732=CYLINDRICAL_SURFACE('',#733,8.85);
#733=AXIS2_PLACEMENT_3D('',#734,#735,#736);
#734=CARTESIAN_POINT('',(2.69422295812418E-15,22.,-4.));
#735=DIRECTION('',(0.,0.,1.));
#736=DIRECTION('',(-0.923879532511281,-0.382683432365102,0.));
#737=FACE_BOUND('',#738,.T.);
#738=EDGE_LOOP('',(#1701,#1702,#1703,#1704));
#739=PLANE('',#740);
#740=AXIS2_PLACEMENT_3D('',#741,#742,#743);
#741=CARTESIAN_POINT('',(-12.0672458960301,17.0015830893731,-4.));
#742=DIRECTION('',(-0.382683432365103,0.923879532511281,0.));
#743=DIRECTION('',(0.923879532511281,0.382683432365103,0.));
#744=FACE_BOUND('',#745,.T.);
#745=EDGE_LOOP('',(#1705,#1706,#1707,#1708));
#746=PLANE('',#747);
#747=AXIS2_PLACEMENT_3D('',#748,#749,#750);
#748=CARTESIAN_POINT('',(-8.54844356265822,19.7094514508426,-4.));
#749=DIRECTION('',(0.258819045102534,-0.965925826289065,0.));
#750=DIRECTION('',(-0.965925826289065,-0.258819045102534,0.));
#751=FACE_BOUND('',#752,.T.);
#752=EDGE_LOOP('',(#1709,#1710,#1711,#1712));
#753=CYLINDRICAL_SURFACE('',#754,8.85);
#754=AXIS2_PLACEMENT_3D('',#755,#756,#757);
#755=CARTESIAN_POINT('',(2.69422295812418E-15,22.,-4.));
#756=DIRECTION('',(0.,0.,1.));
#757=DIRECTION('',(-0.991444861373809,-0.130526192220065,0.));
#758=FACE_BOUND('',#759,.T.);
#759=EDGE_LOOP('',(#1713,#1714,#1715,#1716));
#760=PLANE('',#761);
#761=AXIS2_PLACEMENT_3D('',#762,#763,#764);
#762=CARTESIAN_POINT('',(-12.949749954989,20.2951330752933,-4.));
#763=DIRECTION('',(-0.130526192220065,0.991444861373809,0.));
#764=DIRECTION('',(0.991444861373809,0.130526192220065,0.));
#765=FACE_BOUND('',#766,.T.);
#766=EDGE_LOOP('',(#1717,#1718));
#767=PLANE('',#768);
#768=AXIS2_PLACEMENT_3D('',#769,#770,#771);
#769=CARTESIAN_POINT('',(0.,0.,-4.));
#770=DIRECTION('',(0.,0.,1.));
#771=DIRECTION('',(-1.,1.22464679914735E-16,0.));
#772=FACE_BOUND('',#773,.T.);
#773=EDGE_LOOP('',(#1719,#1720));
#774=PLANE('',#775);
#775=AXIS2_PLACEMENT_3D('',#776,#777,#778);
#776=CARTESIAN_POINT('',(0.,0.,-4.));
#777=DIRECTION('',(0.,0.,1.));
#778=DIRECTION('',(-1.,1.22464679914735E-16,0.));
#779=FACE_BOUND('',#780,.T.);
#780=EDGE_LOOP('',(#1721,#1722));
#781=PLANE('',#782);
#782=AXIS2_PLACEMENT_3D('',#783,#784,#785);
#783=CARTESIAN_POINT('',(0.,0.,-4.));
#784=DIRECTION('',(0.,0.,1.));
#785=DIRECTION('',(-1.,1.22464679914735E-16,0.));
#786=FACE_BOUND('',#787,.T.);
#787=EDGE_LOOP('',(#1723,#1724));
#788=PLANE('',#789);
#789=AXIS2_PLACEMENT_3D('',#790,#791,#792);
#790=CARTESIAN_POINT('',(0.,0.,-4.));
#791=DIRECTION('',(0.,0.,1.));
#792=DIRECTION('',(-1.,1.22464679914735E-16,0.));
#793=FACE_BOUND('',#794,.T.);
#794=EDGE_LOOP('',(#1725,#1726));
#795=PLANE('',#796);
#796=AXIS2_PLACEMENT_3D('',#797,#798,#799);
#797=CARTESIAN_POINT('',(0.,0.,-4.));
#798=DIRECTION('',(0.,0.,1.));
#799=DIRECTION('',(-1.,1.22464679914735E-16,0.));
#800=FACE_BOUND('',#801,.T.);
#801=EDGE_LOOP('',(#1727,#1728));
#802=PLANE('',#803);
#803=AXIS2_PLACEMENT_3D('',#804,#805,#806);
#804=CARTESIAN_POINT('',(0.,0.,-4.));
#805=DIRECTION('',(0.,0.,1.));
#806=DIRECTION('',(-1.,1.22464679914735E-16,0.));
#807=FACE_BOUND('',#808,.T.);
#808=EDGE_LOOP('',(#1729,#1730));
#809=PLANE('',#810);
#810=AXIS2_PLACEMENT_3D('',#811,#812,#813);
#811=CARTESIAN_POINT('',(0.,0.,-4.));
#812=DIRECTION('',(0.,0.,1.));
#813=DIRECTION('',(-1.,1.22464679914735E-16,0.));
#814=FACE_BOUND('',#815,.T.);
#815=EDGE_LOOP('',(#1731,#1732));
#816=PLANE('',#817);
#817=AXIS2_PLACEMENT_3D('',#818,#819,#820);
#818=CARTESIAN_POINT('',(0.,0.,-4.));
#819=DIRECTION('',(0.,0.,1.));
#820=DIRECTION('',(-1.,1.22464679914735E-16,0.));
#821=FACE_BOUND('',#822,.T.);
#822=EDGE_LOOP('',(#1733,#1734));
#823=PLANE('',#824);
#824=AXIS2_PLACEMENT_3D('',#825,#826,#827);
#825=CARTESIAN_POINT('',(0.,0.,-4.));
#826=DIRECTION('',(0.,0.,1.));
#827=DIRECTION('',(-1.,1.22464679914735E-16,0.));
#828=FACE_BOUND('',#829,.T.);
#829=EDGE_LOOP('',(#1735,#1736));
#830=PLANE('',#831);
#831=AXIS2_PLACEMENT_3D('',#832,#833,#834);
#832=CARTESIAN_POINT('',(0.,0.,-4.));
#833=DIRECTION('',(0.,0.,1.));
#834=DIRECTION('',(-1.,1.22464679914735E-16,0.));
#835=FACE_BOUND('',#836,.T.);
#836=EDGE_LOOP('',(#1737,#1738));
#837=PLANE('',#838);
#838=AXIS2_PLACEMENT_3D('',#839,#840,#841);
#839=CARTESIAN_POINT('',(0.,0.,-4.));
#840=DIRECTION('',(0.,0.,1.));
#841=DIRECTION('',(-1.,1.22464679914735E-16,0.));
#842=FACE_BOUND('',#843,.T.);
#843=EDGE_LOOP('',(#1739,#1740));
#844=PLANE('',#845);
#845=AXIS2_PLACEMENT_3D('',#846,#847,#848);
#846=CARTESIAN_POINT('',(0.,0.,-4.));
#847=DIRECTION('',(0.,0.,1.));
#848=DIRECTION('',(-1.,1.22464679914735E-16,0.));
#849=FACE_BOUND('',#850,.T.);
#850=EDGE_LOOP('',(#1741,#1742));
#851=PLANE('',#852);
#852=AXIS2_PLACEMENT_3D('',#853,#854,#855);
#853=CARTESIAN_POINT('',(0.,0.,-4.));
#854=DIRECTION('',(0.,0.,1.));
#855=DIRECTION('',(-1.,1.22464679914735E-16,0.));
#856=FACE_BOUND('',#857,.T.);
#857=EDGE_LOOP('',(#1743,#1744));
#858=PLANE('',#859);
#859=AXIS2_PLACEMENT_3D('',#860,#861,#862);
#860=CARTESIAN_POINT('',(0.,0.,-4.));
#861=DIRECTION('',(0.,0.,1.));
#862=DIRECTION('',(-1.,1.22464679914735E-16,0.));
#863=FACE_BOUND('',#864,.T.);
#864=EDGE_LOOP('',(#1745,#1746));
#865=PLANE('',#866);
#866=AXIS2_PLACEMENT_3D('',#867,#868,#869);
#867=CARTESIAN_POINT('',(0.,0.,-4.));
#868=DIRECTION('',(0.,0.,1.));
#869=DIRECTION('',(-1.,1.22464679914735E-16,0.));
#870=FACE_BOUND('',#871,.T.);
#871=EDGE_LOOP('',(#1747,#1748));
#872=PLANE('',#873);
#873=AXIS2_PLACEMENT_3D('',#874,#875,#876);
#874=CARTESIAN_POINT('',(0.,0.,-4.));
#875=DIRECTION('',(0.,0.,1.));
#876=DIRECTION('',(-1.,1.22464679914735E-16,0.));
#877=FACE_BOUND('',#878,.T.);
#878=EDGE_LOOP('',(#1749,#1750));
#879=PLANE('',#880);
#880=AXIS2_PLACEMENT_3D('',#881,#882,#883);
#881=CARTESIAN_POINT('',(0.,0.,-4.));
#882=DIRECTION('',(0.,0.,1.));
#883=DIRECTION('',(-1.,1.22464679914735E-16,0.));
#884=FACE_BOUND('',#885,.T.);
#885=EDGE_LOOP('',(#1751,#1752));
#886=PLANE('',#887);
#887=AXIS2_PLACEMENT_3D('',#888,#889,#890);
#888=CARTESIAN_POINT('',(0.,0.,-4.));
#889=DIRECTION('',(0.,0.,1.));
#890=DIRECTION('',(-1.,1.22464679914735E-16,0.));
#891=FACE_BOUND('',#892,.T.);
#892=EDGE_LOOP('',(#1753,#1754));
#893=PLANE('',#894);
#894=AXIS2_PLACEMENT_3D('',#895,#896,#897);
#895=CARTESIAN_POINT('',(0.,0.,-4.));
#896=DIRECTION('',(0.,0.,1.));
#897=DIRECTION('',(-1.,1.22464679914735E-16,0.));
#898=FACE_BOUND('',#899,.T.);
#899=EDGE_LOOP('',(#1755,#1756));
#900=PLANE('',#901);
#901=AXIS2_PLACEMENT_3D('',#902,#903,#904);
#902=CARTESIAN_POINT('',(0.,0.,-4.));
#903=DIRECTION('',(0.,0.,1.));
#904=DIRECTION('',(-1.,1.22464679914735E-16,0.));
#905=FACE_BOUND('',#906,.T.);
#906=EDGE_LOOP('',(#1757,#1758));
#907=PLANE('',#908);
#908=AXIS2_PLACEMENT_3D('',#909,#910,#911);
#909=CARTESIAN_POINT('',(0.,0.,-4.));
#910=DIRECTION('',(0.,0.,1.));
#911=DIRECTION('',(-1.,1.22464679914735E-16,0.));
#912=FACE_BOUND('',#913,.T.);
#913=EDGE_LOOP('',(#1759,#1760));
#914=PLANE('',#915);
#915=AXIS2_PLACEMENT_3D('',#916,#917,#918);
#916=CARTESIAN_POINT('',(0.,0.,-4.));
#917=DIRECTION('',(0.,0.,1.));
#918=DIRECTION('',(-1.,1.22464679914735E-16,0.));
#919=FACE_BOUND('',#920,.T.);
#920=EDGE_LOOP('',(#1761,#1762));
#921=PLANE('',#922);
#922=AXIS2_PLACEMENT_3D('',#923,#924,#925);
#923=CARTESIAN_POINT('',(0.,0.,-4.));
#924=DIRECTION('',(0.,0.,1.));
#925=DIRECTION('',(-1.,1.22464679914735E-16,0.));
#926=FACE_BOUND('',#927,.T.);
#927=EDGE_LOOP('',(#1763,#1764));
#928=PLANE('',#929);
#929=AXIS2_PLACEMENT_3D('',#930,#931,#932);
#930=CARTESIAN_POINT('',(0.,0.,-4.));
#931=DIRECTION('',(0.,0.,1.));
#932=DIRECTION('',(-1.,1.22464679914735E-16,0.));
#933=FACE_BOUND('',#934,.T.);
#934=EDGE_LOOP('',(#1765,#1766,#1767,#1768));
#935=PLANE('',#936);
#936=AXIS2_PLACEMENT_3D('',#937,#938,#939);
#937=CARTESIAN_POINT('',(-13.0614928368735,21.9999999999998,-4.));
#938=DIRECTION('',(-0.997858923238604,0.0654031292301308,0.));
#939=DIRECTION('',(0.0654031292301308,0.997858923238604,0.));
#940=FACE_BOUND('',#941,.T.);
#941=EDGE_LOOP('',(#1769,#1770,#1771,#1772));
#942=PLANE('',#943);
#943=AXIS2_PLACEMENT_3D('',#944,#945,#946);
#944=CARTESIAN_POINT('',(0.,0.,-5.8));
#945=DIRECTION('',(0.,0.,-1.));
#946=DIRECTION('',(-1.,0.,0.));
#947=FACE_BOUND('',#948,.T.);
#948=EDGE_LOOP('',(#1773,#1774,#1775,#1776));
#949=PLANE('',#950);
#950=AXIS2_PLACEMENT_3D('',#951,#952,#953);
#951=CARTESIAN_POINT('',(-12.6164332610258,25.3805631036529,-4.));
#952=DIRECTION('',(-0.946930129495109,0.32143946530315,0.));
#953=DIRECTION('',(0.32143946530315,0.946930129495109,0.));
#954=FACE_BOUND('',#955,.T.);
#955=EDGE_LOOP('',(#1777,#1778,#1779,#1780));
#956=PLANE('',#957);
#957=AXIS2_PLACEMENT_3D('',#958,#959,#960);
#958=CARTESIAN_POINT('',(0.,0.,-5.8));
#959=DIRECTION('',(0.,0.,-1.));
#960=DIRECTION('',(-1.,0.,0.));
#961=FACE_BOUND('',#962,.T.);
#962=EDGE_LOOP('',(#1781,#1782,#1783,#1784));
#963=PLANE('',#964);
#964=AXIS2_PLACEMENT_3D('',#965,#966,#967);
#965=CARTESIAN_POINT('',(-11.311584608081,28.5307464184366,-4.));
#966=DIRECTION('',(-0.831469612302552,0.555570233019592,0.));
#967=DIRECTION('',(0.555570233019592,0.831469612302552,0.));
#968=FACE_BOUND('',#969,.T.);
#969=EDGE_LOOP('',(#1785,#1786,#1787,#1788));
#970=PLANE('',#971);
#971=AXIS2_PLACEMENT_3D('',#972,#973,#974);
#972=CARTESIAN_POINT('',(0.,0.,-5.8));
#973=DIRECTION('',(0.,0.,-1.));
#974=DIRECTION('',(-1.,0.,0.));
#975=FACE_BOUND('',#976,.T.);
#976=EDGE_LOOP('',(#1789,#1790,#1791,#1792));
#977=PLANE('',#978);
#978=AXIS2_PLACEMENT_3D('',#979,#980,#981);
#979=CARTESIAN_POINT('',(-9.23587015737286,31.2358701573726,-4.));
#980=DIRECTION('',(-0.659345815100079,0.751839807478969,0.));
#981=DIRECTION('',(0.751839807478969,0.659345815100079,0.));
#982=FACE_BOUND('',#983,.T.);
#983=EDGE_LOOP('',(#1793,#1794,#1795,#1796));
#984=PLANE('',#985);
#985=AXIS2_PLACEMENT_3D('',#986,#987,#988);
#986=CARTESIAN_POINT('',(0.,0.,-5.8));
#987=DIRECTION('',(0.,0.,-1.));
#988=DIRECTION('',(-1.,0.,0.));
#989=FACE_BOUND('',#990,.T.);
#990=EDGE_LOOP('',(#1797,#1798,#1799,#1800));
#991=PLANE('',#992);
#992=AXIS2_PLACEMENT_3D('',#993,#994,#995);
#993=CARTESIAN_POINT('',(-6.53074641843687,33.3115846080808,-4.));
#994=DIRECTION('',(-0.442288690219013,0.896872741532683,0.));
#995=DIRECTION('',(0.896872741532683,0.442288690219013,0.));
#996=FACE_BOUND('',#997,.T.);
#997=EDGE_LOOP('',(#1801,#1802,#1803,#1804));
#998=PLANE('',#999);
#999=AXIS2_PLACEMENT_3D('',#1000,#1001,#1002);
#1000=CARTESIAN_POINT('',(0.,0.,-5.8));
#1001=DIRECTION('',(0.,0.,-1.));
#1002=DIRECTION('',(-1.,0.,0.));
#1003=FACE_BOUND('',#1004,.T.);
#1004=EDGE_LOOP('',(#1805,#1806,#1807,#1808));
#1005=PLANE('',#1006);
#1006=AXIS2_PLACEMENT_3D('',#1007,#1008,#1009);
#1007=CARTESIAN_POINT('',(-3.38056310365316,34.6164332610257,-4.));
#1008=DIRECTION('',(-0.195090322016137,0.980785280403229,0.));
#1009=DIRECTION('',(0.980785280403229,0.195090322016137,0.));
#1010=FACE_BOUND('',#1011,.T.);
#1011=EDGE_LOOP('',(#1809,#1810,#1811,#1812));
#1012=PLANE('',#1013);
#1013=AXIS2_PLACEMENT_3D('',#1014,#1015,#1016);
#1014=CARTESIAN_POINT('',(0.,0.,-5.8));
#1015=DIRECTION('',(0.,0.,-1.));
#1016=DIRECTION('',(-1.,0.,0.));
#1017=FACE_BOUND('',#1018,.T.);
#1018=EDGE_LOOP('',(#1813,#1814,#1815,#1816));
#1019=PLANE('',#1020);
#1020=AXIS2_PLACEMENT_3D('',#1021,#1022,#1023);
#1021=CARTESIAN_POINT('',(-1.5622955342509E-13,35.0614928368735,-4.));
#1022=DIRECTION('',(0.0654031292301329,0.997858923238604,0.));
#1023=DIRECTION('',(0.997858923238604,-0.0654031292301329,0.));
#1024=FACE_BOUND('',#1025,.T.);
#1025=EDGE_LOOP('',(#1817,#1818,#1819,#1820));
#1026=PLANE('',#1027);
#1027=AXIS2_PLACEMENT_3D('',#1028,#1029,#1030);
#1028=CARTESIAN_POINT('',(0.,0.,-5.8));
#1029=DIRECTION('',(0.,0.,-1.));
#1030=DIRECTION('',(-1.,0.,0.));
#1031=FACE_BOUND('',#1032,.T.);
#1032=EDGE_LOOP('',(#1821,#1822,#1823,#1824));
#1033=PLANE('',#1034);
#1034=AXIS2_PLACEMENT_3D('',#1035,#1036,#1037);
#1035=CARTESIAN_POINT('',(3.38056310365286,34.6164332610258,-4.));
#1036=DIRECTION('',(0.321439465303151,0.946930129495109,0.));
#1037=DIRECTION('',(0.946930129495109,-0.321439465303151,0.));
#1038=FACE_BOUND('',#1039,.T.);
#1039=EDGE_LOOP('',(#1825,#1826,#1827,#1828));
#1040=PLANE('',#1041);
#1041=AXIS2_PLACEMENT_3D('',#1042,#1043,#1044);
#1042=CARTESIAN_POINT('',(0.,0.,-5.8));
#1043=DIRECTION('',(0.,0.,-1.));
#1044=DIRECTION('',(-1.,0.,0.));
#1045=FACE_BOUND('',#1046,.T.);
#1046=EDGE_LOOP('',(#1829,#1830,#1831,#1832));
#1047=PLANE('',#1048);
#1048=AXIS2_PLACEMENT_3D('',#1049,#1050,#1051);
#1049=CARTESIAN_POINT('',(6.5307464184366,33.311584608081,-4.));
#1050=DIRECTION('',(0.555570233019593,0.831469612302551,0.));
#1051=DIRECTION('',(0.831469612302551,-0.555570233019593,0.));
#1052=FACE_BOUND('',#1053,.T.);
#1053=EDGE_LOOP('',(#1833,#1834,#1835,#1836));
#1054=PLANE('',#1055);
#1055=AXIS2_PLACEMENT_3D('',#1056,#1057,#1058);
#1056=CARTESIAN_POINT('',(0.,0.,-5.8));
#1057=DIRECTION('',(0.,0.,-1.));
#1058=DIRECTION('',(-1.,0.,0.));
#1059=FACE_BOUND('',#1060,.T.);
#1060=EDGE_LOOP('',(#1837,#1838,#1839,#1840));
#1061=PLANE('',#1062);
#1062=AXIS2_PLACEMENT_3D('',#1063,#1064,#1065);
#1063=CARTESIAN_POINT('',(9.23587015737264,31.2358701573729,-4.));
#1064=DIRECTION('',(0.75183980747897,0.659345815100078,0.));
#1065=DIRECTION('',(0.659345815100078,-0.75183980747897,0.));
#1066=FACE_BOUND('',#1067,.T.);
#1067=EDGE_LOOP('',(#1841,#1842,#1843,#1844));
#1068=PLANE('',#1069);
#1069=AXIS2_PLACEMENT_3D('',#1070,#1071,#1072);
#1070=CARTESIAN_POINT('',(0.,0.,-5.8));
#1071=DIRECTION('',(0.,0.,-1.));
#1072=DIRECTION('',(-1.,0.,0.));
#1073=FACE_BOUND('',#1074,.T.);
#1074=EDGE_LOOP('',(#1845,#1846,#1847,#1848));
#1075=PLANE('',#1076);
#1076=AXIS2_PLACEMENT_3D('',#1077,#1078,#1079);
#1077=CARTESIAN_POINT('',(11.3115846080808,28.5307464184369,-4.));
#1078=DIRECTION('',(0.896872741532683,0.442288690219012,0.));
#1079=DIRECTION('',(0.442288690219012,-0.896872741532683,0.));
#1080=FACE_BOUND('',#1081,.T.);
#1081=EDGE_LOOP('',(#1849,#1850,#1851,#1852));
#1082=PLANE('',#1083);
#1083=AXIS2_PLACEMENT_3D('',#1084,#1085,#1086);
#1084=CARTESIAN_POINT('',(0.,0.,-5.8));
#1085=DIRECTION('',(0.,0.,-1.));
#1086=DIRECTION('',(-1.,0.,0.));
#1087=FACE_BOUND('',#1088,.T.);
#1088=EDGE_LOOP('',(#1853,#1854,#1855,#1856));
#1089=PLANE('',#1090);
#1090=AXIS2_PLACEMENT_3D('',#1091,#1092,#1093);
#1091=CARTESIAN_POINT('',(12.6164332610257,25.3805631036532,-4.));
#1092=DIRECTION('',(0.980785280403228,0.19509032201614,0.));
#1093=DIRECTION('',(0.19509032201614,-0.980785280403228,0.));
#1094=FACE_BOUND('',#1095,.T.);
#1095=EDGE_LOOP('',(#1857,#1858,#1859,#1860));
#1096=PLANE('',#1097);
#1097=AXIS2_PLACEMENT_3D('',#1098,#1099,#1100);
#1098=CARTESIAN_POINT('',(0.,0.,-5.8));
#1099=DIRECTION('',(0.,0.,-1.));
#1100=DIRECTION('',(-1.,0.,0.));
#1101=FACE_BOUND('',#1102,.T.);
#1102=EDGE_LOOP('',(#1861,#1862,#1863,#1864));
#1103=PLANE('',#1104);
#1104=AXIS2_PLACEMENT_3D('',#1105,#1106,#1107);
#1105=CARTESIAN_POINT('',(13.0614928368735,22.0000000000002,-4.));
#1106=DIRECTION('',(0.997858923238604,-0.0654031292301308,0.));
#1107=DIRECTION('',(-0.0654031292301308,-0.997858923238604,0.));
#1108=FACE_BOUND('',#1109,.T.);
#1109=EDGE_LOOP('',(#1865,#1866,#1867,#1868));
#1110=PLANE('',#1111);
#1111=AXIS2_PLACEMENT_3D('',#1112,#1113,#1114);
#1112=CARTESIAN_POINT('',(0.,0.,-5.8));
#1113=DIRECTION('',(0.,0.,-1.));
#1114=DIRECTION('',(-1.,0.,0.));
#1115=FACE_BOUND('',#1116,.T.);
#1116=EDGE_LOOP('',(#1869,#1870,#1871,#1872));
#1117=PLANE('',#1118);
#1118=AXIS2_PLACEMENT_3D('',#1119,#1120,#1121);
#1119=CARTESIAN_POINT('',(12.6164332610258,18.6194368963471,-4.));
#1120=DIRECTION('',(0.946930129495109,-0.32143946530315,0.));
#1121=DIRECTION('',(-0.32143946530315,-0.946930129495109,0.));
#1122=FACE_BOUND('',#1123,.T.);
#1123=EDGE_LOOP('',(#1873,#1874,#1875,#1876));
#1124=PLANE('',#1125);
#1125=AXIS2_PLACEMENT_3D('',#1126,#1127,#1128);
#1126=CARTESIAN_POINT('',(0.,0.,-5.8));
#1127=DIRECTION('',(0.,0.,-1.));
#1128=DIRECTION('',(-1.,0.,0.));
#1129=FACE_BOUND('',#1130,.T.);
#1130=EDGE_LOOP('',(#1877,#1878,#1879,#1880));
#1131=PLANE('',#1132);
#1132=AXIS2_PLACEMENT_3D('',#1133,#1134,#1135);
#1133=CARTESIAN_POINT('',(11.311584608081,15.4692535815634,-4.));
#1134=DIRECTION('',(0.831469612302553,-0.555570233019591,0.));
#1135=DIRECTION('',(-0.555570233019591,-0.831469612302553,0.));
#1136=FACE_BOUND('',#1137,.T.);
#1137=EDGE_LOOP('',(#1881,#1882,#1883,#1884));
#1138=PLANE('',#1139);
#1139=AXIS2_PLACEMENT_3D('',#1140,#1141,#1142);
#1140=CARTESIAN_POINT('',(0.,0.,-5.8));
#1141=DIRECTION('',(0.,0.,-1.));
#1142=DIRECTION('',(-1.,0.,0.));
#1143=FACE_BOUND('',#1144,.T.);
#1144=EDGE_LOOP('',(#1885,#1886,#1887,#1888));
#1145=PLANE('',#1146);
#1146=AXIS2_PLACEMENT_3D('',#1147,#1148,#1149);
#1147=CARTESIAN_POINT('',(9.23587015737287,12.7641298426274,-4.));
#1148=DIRECTION('',(0.659345815100079,-0.751839807478969,0.));
#1149=DIRECTION('',(-0.751839807478969,-0.659345815100079,0.));
#1150=FACE_BOUND('',#1151,.T.);
#1151=EDGE_LOOP('',(#1889,#1890,#1891,#1892));
#1152=PLANE('',#1153);
#1153=AXIS2_PLACEMENT_3D('',#1154,#1155,#1156);
#1154=CARTESIAN_POINT('',(0.,0.,-5.8));
#1155=DIRECTION('',(0.,0.,-1.));
#1156=DIRECTION('',(-1.,0.,0.));
#1157=FACE_BOUND('',#1158,.T.);
#1158=EDGE_LOOP('',(#1893,#1894,#1895,#1896));
#1159=PLANE('',#1160);
#1160=AXIS2_PLACEMENT_3D('',#1161,#1162,#1163);
#1161=CARTESIAN_POINT('',(6.53074641843688,10.6884153919192,-4.));
#1162=DIRECTION('',(0.442288690219011,-0.896872741532684,0.));
#1163=DIRECTION('',(-0.896872741532684,-0.442288690219011,0.));
#1164=FACE_BOUND('',#1165,.T.);
#1165=EDGE_LOOP('',(#1897,#1898,#1899,#1900));
#1166=PLANE('',#1167);
#1167=AXIS2_PLACEMENT_3D('',#1168,#1169,#1170);
#1168=CARTESIAN_POINT('',(0.,0.,-5.8));
#1169=DIRECTION('',(0.,0.,-1.));
#1170=DIRECTION('',(-1.,0.,0.));
#1171=FACE_BOUND('',#1172,.T.);
#1172=EDGE_LOOP('',(#1901,#1902,#1903,#1904));
#1173=PLANE('',#1174);
#1174=AXIS2_PLACEMENT_3D('',#1175,#1176,#1177);
#1175=CARTESIAN_POINT('',(3.38056310365317,9.38356673897428,-4.));
#1176=DIRECTION('',(0.19509032201614,-0.980785280403228,0.));
#1177=DIRECTION('',(-0.980785280403228,-0.19509032201614,0.));
#1178=FACE_BOUND('',#1179,.T.);
#1179=EDGE_LOOP('',(#1905,#1906,#1907,#1908));
#1180=PLANE('',#1181);
#1181=AXIS2_PLACEMENT_3D('',#1182,#1183,#1184);
#1182=CARTESIAN_POINT('',(0.,0.,-5.8));
#1183=DIRECTION('',(0.,0.,-1.));
#1184=DIRECTION('',(-1.,0.,0.));
#1185=FACE_BOUND('',#1186,.T.);
#1186=EDGE_LOOP('',(#1909,#1910,#1911,#1912));
#1187=PLANE('',#1188);
#1188=AXIS2_PLACEMENT_3D('',#1189,#1190,#1191);
#1189=CARTESIAN_POINT('',(1.63282957305253E-13,8.93850716312653,-4.));
#1190=DIRECTION('',(-0.0654031292301308,-0.997858923238604,0.));
#1191=DIRECTION('',(-0.997858923238604,0.0654031292301308,0.));
#1192=FACE_BOUND('',#1193,.T.);
#1193=EDGE_LOOP('',(#1913,#1914,#1915,#1916));
#1194=PLANE('',#1195);
#1195=AXIS2_PLACEMENT_3D('',#1196,#1197,#1198);
#1196=CARTESIAN_POINT('',(0.,0.,-5.8));
#1197=DIRECTION('',(0.,0.,-1.));
#1198=DIRECTION('',(-1.,0.,0.));
#1199=FACE_BOUND('',#1200,.T.);
#1200=EDGE_LOOP('',(#1917,#1918,#1919,#1920));
#1201=PLANE('',#1202);
#1202=AXIS2_PLACEMENT_3D('',#1203,#1204,#1205);
#1203=CARTESIAN_POINT('',(-3.38056310365285,9.3835667389742,-4.));
#1204=DIRECTION('',(-0.32143946530315,-0.94693012949511,0.));
#1205=DIRECTION('',(-0.94693012949511,0.32143946530315,0.));
#1206=FACE_BOUND('',#1207,.T.);
#1207=EDGE_LOOP('',(#1921,#1922,#1923,#1924));
#1208=PLANE('',#1209);
#1209=AXIS2_PLACEMENT_3D('',#1210,#1211,#1212);
#1210=CARTESIAN_POINT('',(0.,0.,-5.8));
#1211=DIRECTION('',(0.,0.,-1.));
#1212=DIRECTION('',(-1.,0.,0.));
#1213=FACE_BOUND('',#1214,.T.);
#1214=EDGE_LOOP('',(#1925,#1926,#1927,#1928));
#1215=PLANE('',#1216);
#1216=AXIS2_PLACEMENT_3D('',#1217,#1218,#1219);
#1217=CARTESIAN_POINT('',(-6.5307464184366,10.688415391919,-4.));
#1218=DIRECTION('',(-0.555570233019592,-0.831469612302552,0.));
#1219=DIRECTION('',(-0.831469612302552,0.555570233019592,0.));
#1220=FACE_BOUND('',#1221,.T.);
#1221=EDGE_LOOP('',(#1929,#1930,#1931,#1932));
#1222=PLANE('',#1223);
#1223=AXIS2_PLACEMENT_3D('',#1224,#1225,#1226);
#1224=CARTESIAN_POINT('',(0.,0.,-5.8));
#1225=DIRECTION('',(0.,0.,-1.));
#1226=DIRECTION('',(-1.,0.,0.));
#1227=FACE_BOUND('',#1228,.T.);
#1228=EDGE_LOOP('',(#1933,#1934,#1935,#1936));
#1229=PLANE('',#1230);
#1230=AXIS2_PLACEMENT_3D('',#1231,#1232,#1233);
#1231=CARTESIAN_POINT('',(-9.23587015737263,12.7641298426271,-4.));
#1232=DIRECTION('',(-0.751839807478969,-0.659345815100078,0.));
#1233=DIRECTION('',(-0.659345815100078,0.751839807478969,0.));
#1234=FACE_BOUND('',#1235,.T.);
#1235=EDGE_LOOP('',(#1937,#1938,#1939,#1940));
#1236=PLANE('',#1237);
#1237=AXIS2_PLACEMENT_3D('',#1238,#1239,#1240);
#1238=CARTESIAN_POINT('',(0.,0.,-5.8));
#1239=DIRECTION('',(0.,0.,-1.));
#1240=DIRECTION('',(-1.,0.,0.));
#1241=FACE_BOUND('',#1242,.T.);
#1242=EDGE_LOOP('',(#1941,#1942,#1943,#1944));
#1243=PLANE('',#1244);
#1244=AXIS2_PLACEMENT_3D('',#1245,#1246,#1247);
#1245=CARTESIAN_POINT('',(-11.3115846080808,15.4692535815631,-4.));
#1246=DIRECTION('',(-0.896872741532683,-0.442288690219012,0.));
#1247=DIRECTION('',(-0.442288690219012,0.896872741532683,0.));
#1248=FACE_BOUND('',#1249,.T.);
#1249=EDGE_LOOP('',(#1945,#1946,#1947,#1948));
#1250=PLANE('',#1251);
#1251=AXIS2_PLACEMENT_3D('',#1252,#1253,#1254);
#1252=CARTESIAN_POINT('',(0.,0.,-5.8));
#1253=DIRECTION('',(0.,0.,-1.));
#1254=DIRECTION('',(-1.,0.,0.));
#1255=FACE_BOUND('',#1256,.T.);
#1256=EDGE_LOOP('',(#1949,#1950,#1951,#1952));
#1257=PLANE('',#1258);
#1258=AXIS2_PLACEMENT_3D('',#1259,#1260,#1261);
#1259=CARTESIAN_POINT('',(-12.6164332610257,18.6194368963468,-4.));
#1260=DIRECTION('',(-0.980785280403228,-0.19509032201614,0.));
#1261=DIRECTION('',(-0.19509032201614,0.980785280403228,0.));
#1262=FACE_BOUND('',#1263,.T.);
#1263=EDGE_LOOP('',(#1953,#1954,#1955,#1956));
#1264=PLANE('',#1265);
#1265=AXIS2_PLACEMENT_3D('',#1266,#1267,#1268);
#1266=CARTESIAN_POINT('',(0.,0.,-5.8));
#1267=DIRECTION('',(0.,0.,-1.));
#1268=DIRECTION('',(-1.,0.,0.));
#1269=ORIENTED_EDGE('',*,*,#1957,.T.);
#1270=ORIENTED_EDGE('',*,*,#1958,.F.);
#1271=ORIENTED_EDGE('',*,*,#1959,.T.);
#1272=ORIENTED_EDGE('',*,*,#1960,.F.);
#1273=ORIENTED_EDGE('',*,*,#1961,.F.);
#1274=ORIENTED_EDGE('',*,*,#1962,.F.);
#1275=ORIENTED_EDGE('',*,*,#1963,.F.);
#1276=ORIENTED_EDGE('',*,*,#1964,.F.);
#1277=ORIENTED_EDGE('',*,*,#1965,.F.);
#1278=ORIENTED_EDGE('',*,*,#1966,.F.);
#1279=ORIENTED_EDGE('',*,*,#1967,.F.);
#1280=ORIENTED_EDGE('',*,*,#1968,.F.);
#1281=ORIENTED_EDGE('',*,*,#1969,.F.);
#1282=ORIENTED_EDGE('',*,*,#1970,.F.);
#1283=ORIENTED_EDGE('',*,*,#1971,.F.);
#1284=ORIENTED_EDGE('',*,*,#1972,.F.);
#1285=ORIENTED_EDGE('',*,*,#1973,.F.);
#1286=ORIENTED_EDGE('',*,*,#1974,.F.);
#1287=ORIENTED_EDGE('',*,*,#1975,.F.);
#1288=ORIENTED_EDGE('',*,*,#1976,.F.);
#1289=ORIENTED_EDGE('',*,*,#1977,.F.);
#1290=ORIENTED_EDGE('',*,*,#1978,.F.);
#1291=ORIENTED_EDGE('',*,*,#1979,.F.);
#1292=ORIENTED_EDGE('',*,*,#1980,.F.);
#1293=ORIENTED_EDGE('',*,*,#1981,.F.);
#1294=ORIENTED_EDGE('',*,*,#1982,.F.);
#1295=ORIENTED_EDGE('',*,*,#1983,.F.);
#1296=ORIENTED_EDGE('',*,*,#1984,.F.);
#1297=ORIENTED_EDGE('',*,*,#1985,.F.);
#1298=ORIENTED_EDGE('',*,*,#1986,.F.);
#1299=ORIENTED_EDGE('',*,*,#1987,.F.);
#1300=ORIENTED_EDGE('',*,*,#1988,.F.);
#1301=ORIENTED_EDGE('',*,*,#1989,.F.);
#1302=ORIENTED_EDGE('',*,*,#1990,.F.);
#1303=ORIENTED_EDGE('',*,*,#1991,.F.);
#1304=ORIENTED_EDGE('',*,*,#1992,.F.);
#1305=ORIENTED_EDGE('',*,*,#1993,.F.);
#1306=ORIENTED_EDGE('',*,*,#1994,.F.);
#1307=ORIENTED_EDGE('',*,*,#1995,.F.);
#1308=ORIENTED_EDGE('',*,*,#1996,.F.);
#1309=ORIENTED_EDGE('',*,*,#1997,.F.);
#1310=ORIENTED_EDGE('',*,*,#1998,.F.);
#1311=ORIENTED_EDGE('',*,*,#1999,.F.);
#1312=ORIENTED_EDGE('',*,*,#2000,.F.);
#1313=ORIENTED_EDGE('',*,*,#2001,.F.);
#1314=ORIENTED_EDGE('',*,*,#2002,.F.);
#1315=ORIENTED_EDGE('',*,*,#2003,.F.);
#1316=ORIENTED_EDGE('',*,*,#2004,.F.);
#1317=ORIENTED_EDGE('',*,*,#2005,.F.);
#1318=ORIENTED_EDGE('',*,*,#2006,.F.);
#1319=ORIENTED_EDGE('',*,*,#2007,.F.);
#1320=ORIENTED_EDGE('',*,*,#2008,.T.);
#1321=ORIENTED_EDGE('',*,*,#2009,.T.);
#1322=ORIENTED_EDGE('',*,*,#2010,.F.);
#1323=ORIENTED_EDGE('',*,*,#2011,.F.);
#1324=ORIENTED_EDGE('',*,*,#2012,.T.);
#1325=ORIENTED_EDGE('',*,*,#2013,.F.);
#1326=ORIENTED_EDGE('',*,*,#2014,.F.);
#1327=ORIENTED_EDGE('',*,*,#2015,.F.);
#1328=ORIENTED_EDGE('',*,*,#2016,.T.);
#1329=ORIENTED_EDGE('',*,*,#2017,.F.);
#1330=ORIENTED_EDGE('',*,*,#2018,.F.);
#1331=ORIENTED_EDGE('',*,*,#2019,.F.);
#1332=ORIENTED_EDGE('',*,*,#2020,.T.);
#1333=ORIENTED_EDGE('',*,*,#2021,.F.);
#1334=ORIENTED_EDGE('',*,*,#2022,.F.);
#1335=ORIENTED_EDGE('',*,*,#2023,.F.);
#1336=ORIENTED_EDGE('',*,*,#2024,.T.);
#1337=ORIENTED_EDGE('',*,*,#2025,.F.);
#1338=ORIENTED_EDGE('',*,*,#2026,.F.);
#1339=ORIENTED_EDGE('',*,*,#2027,.F.);
#1340=ORIENTED_EDGE('',*,*,#2028,.T.);
#1341=ORIENTED_EDGE('',*,*,#2029,.F.);
#1342=ORIENTED_EDGE('',*,*,#2030,.F.);
#1343=ORIENTED_EDGE('',*,*,#2031,.F.);
#1344=ORIENTED_EDGE('',*,*,#2032,.T.);
#1345=ORIENTED_EDGE('',*,*,#2033,.F.);
#1346=ORIENTED_EDGE('',*,*,#2034,.F.);
#1347=ORIENTED_EDGE('',*,*,#2035,.F.);
#1348=ORIENTED_EDGE('',*,*,#2036,.T.);
#1349=ORIENTED_EDGE('',*,*,#2037,.F.);
#1350=ORIENTED_EDGE('',*,*,#2038,.F.);
#1351=ORIENTED_EDGE('',*,*,#2039,.F.);
#1352=ORIENTED_EDGE('',*,*,#2040,.T.);
#1353=ORIENTED_EDGE('',*,*,#2041,.F.);
#1354=ORIENTED_EDGE('',*,*,#2042,.F.);
#1355=ORIENTED_EDGE('',*,*,#2043,.F.);
#1356=ORIENTED_EDGE('',*,*,#2044,.T.);
#1357=ORIENTED_EDGE('',*,*,#2045,.F.);
#1358=ORIENTED_EDGE('',*,*,#2046,.F.);
#1359=ORIENTED_EDGE('',*,*,#2047,.F.);
#1360=ORIENTED_EDGE('',*,*,#2048,.T.);
#1361=ORIENTED_EDGE('',*,*,#2049,.F.);
#1362=ORIENTED_EDGE('',*,*,#2050,.F.);
#1363=ORIENTED_EDGE('',*,*,#2051,.F.);
#1364=ORIENTED_EDGE('',*,*,#2052,.T.);
#1365=ORIENTED_EDGE('',*,*,#2053,.F.);
#1366=ORIENTED_EDGE('',*,*,#2054,.F.);
#1367=ORIENTED_EDGE('',*,*,#2055,.F.);
#1368=ORIENTED_EDGE('',*,*,#2056,.T.);
#1369=ORIENTED_EDGE('',*,*,#2057,.T.);
#1370=ORIENTED_EDGE('',*,*,#2058,.T.);
#1371=ORIENTED_EDGE('',*,*,#2059,.T.);
#1372=ORIENTED_EDGE('',*,*,#2060,.T.);
#1373=ORIENTED_EDGE('',*,*,#2058,.F.);
#1374=ORIENTED_EDGE('',*,*,#2056,.F.);
#1375=ORIENTED_EDGE('',*,*,#2006,.T.);
#1376=ORIENTED_EDGE('',*,*,#2061,.T.);
#1377=ORIENTED_EDGE('',*,*,#2002,.T.);
#1378=ORIENTED_EDGE('',*,*,#2062,.T.);
#1379=ORIENTED_EDGE('',*,*,#1998,.T.);
#1380=ORIENTED_EDGE('',*,*,#2063,.T.);
#1381=ORIENTED_EDGE('',*,*,#1994,.T.);
#1382=ORIENTED_EDGE('',*,*,#2064,.T.);
#1383=ORIENTED_EDGE('',*,*,#1990,.T.);
#1384=ORIENTED_EDGE('',*,*,#2065,.T.);
#1385=ORIENTED_EDGE('',*,*,#1986,.T.);
#1386=ORIENTED_EDGE('',*,*,#2066,.T.);
#1387=ORIENTED_EDGE('',*,*,#1982,.T.);
#1388=ORIENTED_EDGE('',*,*,#2067,.T.);
#1389=ORIENTED_EDGE('',*,*,#1978,.T.);
#1390=ORIENTED_EDGE('',*,*,#2068,.T.);
#1391=ORIENTED_EDGE('',*,*,#1974,.T.);
#1392=ORIENTED_EDGE('',*,*,#2069,.T.);
#1393=ORIENTED_EDGE('',*,*,#1970,.T.);
#1394=ORIENTED_EDGE('',*,*,#2070,.T.);
#1395=ORIENTED_EDGE('',*,*,#1966,.T.);
#1396=ORIENTED_EDGE('',*,*,#2071,.T.);
#1397=ORIENTED_EDGE('',*,*,#1962,.T.);
#1398=ORIENTED_EDGE('',*,*,#2072,.T.);
#1399=ORIENTED_EDGE('',*,*,#1957,.F.);
#1400=ORIENTED_EDGE('',*,*,#2073,.F.);
#1401=ORIENTED_EDGE('',*,*,#2052,.F.);
#1402=ORIENTED_EDGE('',*,*,#2074,.F.);
#1403=ORIENTED_EDGE('',*,*,#2048,.F.);
#1404=ORIENTED_EDGE('',*,*,#2075,.F.);
#1405=ORIENTED_EDGE('',*,*,#2044,.F.);
#1406=ORIENTED_EDGE('',*,*,#2076,.F.);
#1407=ORIENTED_EDGE('',*,*,#2040,.F.);
#1408=ORIENTED_EDGE('',*,*,#2077,.F.);
#1409=ORIENTED_EDGE('',*,*,#2036,.F.);
#1410=ORIENTED_EDGE('',*,*,#2078,.F.);
#1411=ORIENTED_EDGE('',*,*,#2032,.F.);
#1412=ORIENTED_EDGE('',*,*,#2079,.F.);
#1413=ORIENTED_EDGE('',*,*,#2028,.F.);
#1414=ORIENTED_EDGE('',*,*,#2080,.F.);
#1415=ORIENTED_EDGE('',*,*,#2024,.F.);
#1416=ORIENTED_EDGE('',*,*,#2081,.F.);
#1417=ORIENTED_EDGE('',*,*,#2020,.F.);
#1418=ORIENTED_EDGE('',*,*,#2082,.F.);
#1419=ORIENTED_EDGE('',*,*,#2016,.F.);
#1420=ORIENTED_EDGE('',*,*,#2083,.F.);
#1421=ORIENTED_EDGE('',*,*,#2012,.F.);
#1422=ORIENTED_EDGE('',*,*,#2084,.F.);
#1423=ORIENTED_EDGE('',*,*,#2057,.F.);
#1424=ORIENTED_EDGE('',*,*,#1958,.T.);
#1425=ORIENTED_EDGE('',*,*,#2085,.T.);
#1426=ORIENTED_EDGE('',*,*,#2086,.F.);
#1427=ORIENTED_EDGE('',*,*,#2087,.F.);
#1428=ORIENTED_EDGE('',*,*,#2060,.F.);
#1429=ORIENTED_EDGE('',*,*,#1959,.F.);
#1430=ORIENTED_EDGE('',*,*,#1960,.T.);
#1431=ORIENTED_EDGE('',*,*,#2087,.T.);
#1432=ORIENTED_EDGE('',*,*,#2088,.F.);
#1433=ORIENTED_EDGE('',*,*,#2089,.F.);
#1434=ORIENTED_EDGE('',*,*,#1961,.T.);
#1435=ORIENTED_EDGE('',*,*,#2089,.T.);
#1436=ORIENTED_EDGE('',*,*,#2090,.F.);
#1437=ORIENTED_EDGE('',*,*,#2091,.F.);
#1438=ORIENTED_EDGE('',*,*,#1963,.T.);
#1439=ORIENTED_EDGE('',*,*,#2092,.T.);
#1440=ORIENTED_EDGE('',*,*,#2093,.F.);
#1441=ORIENTED_EDGE('',*,*,#2094,.F.);
#1442=ORIENTED_EDGE('',*,*,#1964,.T.);
#1443=ORIENTED_EDGE('',*,*,#2094,.T.);
#1444=ORIENTED_EDGE('',*,*,#2095,.F.);
#1445=ORIENTED_EDGE('',*,*,#2096,.F.);
#1446=ORIENTED_EDGE('',*,*,#1965,.T.);
#1447=ORIENTED_EDGE('',*,*,#2096,.T.);
#1448=ORIENTED_EDGE('',*,*,#2097,.F.);
#1449=ORIENTED_EDGE('',*,*,#2098,.F.);
#1450=ORIENTED_EDGE('',*,*,#1967,.T.);
#1451=ORIENTED_EDGE('',*,*,#2099,.T.);
#1452=ORIENTED_EDGE('',*,*,#2100,.F.);
#1453=ORIENTED_EDGE('',*,*,#2101,.F.);
#1454=ORIENTED_EDGE('',*,*,#1968,.T.);
#1455=ORIENTED_EDGE('',*,*,#2101,.T.);
#1456=ORIENTED_EDGE('',*,*,#2102,.F.);
#1457=ORIENTED_EDGE('',*,*,#2103,.F.);
#1458=ORIENTED_EDGE('',*,*,#1969,.T.);
#1459=ORIENTED_EDGE('',*,*,#2103,.T.);
#1460=ORIENTED_EDGE('',*,*,#2104,.F.);
#1461=ORIENTED_EDGE('',*,*,#2105,.F.);
#1462=ORIENTED_EDGE('',*,*,#1971,.T.);
#1463=ORIENTED_EDGE('',*,*,#2106,.T.);
#1464=ORIENTED_EDGE('',*,*,#2107,.F.);
#1465=ORIENTED_EDGE('',*,*,#2108,.F.);
#1466=ORIENTED_EDGE('',*,*,#1972,.T.);
#1467=ORIENTED_EDGE('',*,*,#2108,.T.);
#1468=ORIENTED_EDGE('',*,*,#2109,.F.);
#1469=ORIENTED_EDGE('',*,*,#2110,.F.);
#1470=ORIENTED_EDGE('',*,*,#1973,.T.);
#1471=ORIENTED_EDGE('',*,*,#2110,.T.);
#1472=ORIENTED_EDGE('',*,*,#2111,.F.);
#1473=ORIENTED_EDGE('',*,*,#2112,.F.);
#1474=ORIENTED_EDGE('',*,*,#1975,.T.);
#1475=ORIENTED_EDGE('',*,*,#2113,.T.);
#1476=ORIENTED_EDGE('',*,*,#2114,.F.);
#1477=ORIENTED_EDGE('',*,*,#2115,.F.);
#1478=ORIENTED_EDGE('',*,*,#1976,.T.);
#1479=ORIENTED_EDGE('',*,*,#2115,.T.);
#1480=ORIENTED_EDGE('',*,*,#2116,.F.);
#1481=ORIENTED_EDGE('',*,*,#2117,.F.);
#1482=ORIENTED_EDGE('',*,*,#1977,.T.);
#1483=ORIENTED_EDGE('',*,*,#2117,.T.);
#1484=ORIENTED_EDGE('',*,*,#2118,.F.);
#1485=ORIENTED_EDGE('',*,*,#2119,.F.);
#1486=ORIENTED_EDGE('',*,*,#1979,.T.);
#1487=ORIENTED_EDGE('',*,*,#2120,.T.);
#1488=ORIENTED_EDGE('',*,*,#2121,.F.);
#1489=ORIENTED_EDGE('',*,*,#2122,.F.);
#1490=ORIENTED_EDGE('',*,*,#1980,.T.);
#1491=ORIENTED_EDGE('',*,*,#2122,.T.);
#1492=ORIENTED_EDGE('',*,*,#2123,.F.);
#1493=ORIENTED_EDGE('',*,*,#2124,.F.);
#1494=ORIENTED_EDGE('',*,*,#1981,.T.);
#1495=ORIENTED_EDGE('',*,*,#2124,.T.);
#1496=ORIENTED_EDGE('',*,*,#2125,.F.);
#1497=ORIENTED_EDGE('',*,*,#2126,.F.);
#1498=ORIENTED_EDGE('',*,*,#1983,.T.);
#1499=ORIENTED_EDGE('',*,*,#2127,.T.);
#1500=ORIENTED_EDGE('',*,*,#2128,.F.);
#1501=ORIENTED_EDGE('',*,*,#2129,.F.);
#1502=ORIENTED_EDGE('',*,*,#1984,.T.);
#1503=ORIENTED_EDGE('',*,*,#2129,.T.);
#1504=ORIENTED_EDGE('',*,*,#2130,.F.);
#1505=ORIENTED_EDGE('',*,*,#2131,.F.);
#1506=ORIENTED_EDGE('',*,*,#1985,.T.);
#1507=ORIENTED_EDGE('',*,*,#2131,.T.);
#1508=ORIENTED_EDGE('',*,*,#2132,.F.);
#1509=ORIENTED_EDGE('',*,*,#2133,.F.);
#1510=ORIENTED_EDGE('',*,*,#1987,.T.);
#1511=ORIENTED_EDGE('',*,*,#2134,.T.);
#1512=ORIENTED_EDGE('',*,*,#2135,.F.);
#1513=ORIENTED_EDGE('',*,*,#2136,.F.);
#1514=ORIENTED_EDGE('',*,*,#1988,.T.);
#1515=ORIENTED_EDGE('',*,*,#2136,.T.);
#1516=ORIENTED_EDGE('',*,*,#2137,.F.);
#1517=ORIENTED_EDGE('',*,*,#2138,.F.);
#1518=ORIENTED_EDGE('',*,*,#1989,.T.);
#1519=ORIENTED_EDGE('',*,*,#2138,.T.);
#1520=ORIENTED_EDGE('',*,*,#2139,.F.);
#1521=ORIENTED_EDGE('',*,*,#2140,.F.);
#1522=ORIENTED_EDGE('',*,*,#1991,.T.);
#1523=ORIENTED_EDGE('',*,*,#2141,.T.);
#1524=ORIENTED_EDGE('',*,*,#2142,.F.);
#1525=ORIENTED_EDGE('',*,*,#2143,.F.);
#1526=ORIENTED_EDGE('',*,*,#1992,.T.);
#1527=ORIENTED_EDGE('',*,*,#2143,.T.);
#1528=ORIENTED_EDGE('',*,*,#2144,.F.);
#1529=ORIENTED_EDGE('',*,*,#2145,.F.);
#1530=ORIENTED_EDGE('',*,*,#1993,.T.);
#1531=ORIENTED_EDGE('',*,*,#2145,.T.);
#1532=ORIENTED_EDGE('',*,*,#2146,.F.);
#1533=ORIENTED_EDGE('',*,*,#2147,.F.);
#1534=ORIENTED_EDGE('',*,*,#1995,.T.);
#1535=ORIENTED_EDGE('',*,*,#2148,.T.);
#1536=ORIENTED_EDGE('',*,*,#2149,.F.);
#1537=ORIENTED_EDGE('',*,*,#2150,.F.);
#1538=ORIENTED_EDGE('',*,*,#1996,.T.);
#1539=ORIENTED_EDGE('',*,*,#2150,.T.);
#1540=ORIENTED_EDGE('',*,*,#2151,.F.);
#1541=ORIENTED_EDGE('',*,*,#2152,.F.);
#1542=ORIENTED_EDGE('',*,*,#1997,.T.);
#1543=ORIENTED_EDGE('',*,*,#2152,.T.);
#1544=ORIENTED_EDGE('',*,*,#2153,.F.);
#1545=ORIENTED_EDGE('',*,*,#2154,.F.);
#1546=ORIENTED_EDGE('',*,*,#1999,.T.);
#1547=ORIENTED_EDGE('',*,*,#2155,.T.);
#1548=ORIENTED_EDGE('',*,*,#2156,.F.);
#1549=ORIENTED_EDGE('',*,*,#2157,.F.);
#1550=ORIENTED_EDGE('',*,*,#2000,.T.);
#1551=ORIENTED_EDGE('',*,*,#2157,.T.);
#1552=ORIENTED_EDGE('',*,*,#2158,.F.);
#1553=ORIENTED_EDGE('',*,*,#2159,.F.);
#1554=ORIENTED_EDGE('',*,*,#2001,.T.);
#1555=ORIENTED_EDGE('',*,*,#2159,.T.);
#1556=ORIENTED_EDGE('',*,*,#2160,.F.);
#1557=ORIENTED_EDGE('',*,*,#2161,.F.);
#1558=ORIENTED_EDGE('',*,*,#2003,.T.);
#1559=ORIENTED_EDGE('',*,*,#2162,.T.);
#1560=ORIENTED_EDGE('',*,*,#2163,.F.);
#1561=ORIENTED_EDGE('',*,*,#2164,.F.);
#1562=ORIENTED_EDGE('',*,*,#2004,.T.);
#1563=ORIENTED_EDGE('',*,*,#2164,.T.);
#1564=ORIENTED_EDGE('',*,*,#2165,.F.);
#1565=ORIENTED_EDGE('',*,*,#2166,.F.);
#1566=ORIENTED_EDGE('',*,*,#2005,.T.);
#1567=ORIENTED_EDGE('',*,*,#2166,.T.);
#1568=ORIENTED_EDGE('',*,*,#2167,.F.);
#1569=ORIENTED_EDGE('',*,*,#2168,.F.);
#1570=ORIENTED_EDGE('',*,*,#2007,.T.);
#1571=ORIENTED_EDGE('',*,*,#2169,.T.);
#1572=ORIENTED_EDGE('',*,*,#2170,.F.);
#1573=ORIENTED_EDGE('',*,*,#2171,.F.);
#1574=ORIENTED_EDGE('',*,*,#2009,.F.);
#1575=ORIENTED_EDGE('',*,*,#2008,.F.);
#1576=ORIENTED_EDGE('',*,*,#2059,.F.);
#1577=ORIENTED_EDGE('',*,*,#2010,.T.);
#1578=ORIENTED_EDGE('',*,*,#2171,.T.);
#1579=ORIENTED_EDGE('',*,*,#2172,.F.);
#1580=ORIENTED_EDGE('',*,*,#2173,.F.);
#1581=ORIENTED_EDGE('',*,*,#2011,.T.);
#1582=ORIENTED_EDGE('',*,*,#2173,.T.);
#1583=ORIENTED_EDGE('',*,*,#2174,.F.);
#1584=ORIENTED_EDGE('',*,*,#2175,.F.);
#1585=ORIENTED_EDGE('',*,*,#2013,.T.);
#1586=ORIENTED_EDGE('',*,*,#2176,.T.);
#1587=ORIENTED_EDGE('',*,*,#2177,.F.);
#1588=ORIENTED_EDGE('',*,*,#2178,.F.);
#1589=ORIENTED_EDGE('',*,*,#2014,.T.);
#1590=ORIENTED_EDGE('',*,*,#2178,.T.);
#1591=ORIENTED_EDGE('',*,*,#2179,.F.);
#1592=ORIENTED_EDGE('',*,*,#2180,.F.);
#1593=ORIENTED_EDGE('',*,*,#2015,.T.);
#1594=ORIENTED_EDGE('',*,*,#2180,.T.);
#1595=ORIENTED_EDGE('',*,*,#2181,.F.);
#1596=ORIENTED_EDGE('',*,*,#2182,.F.);
#1597=ORIENTED_EDGE('',*,*,#2017,.T.);
#1598=ORIENTED_EDGE('',*,*,#2183,.T.);
#1599=ORIENTED_EDGE('',*,*,#2184,.F.);
#1600=ORIENTED_EDGE('',*,*,#2185,.F.);
#1601=ORIENTED_EDGE('',*,*,#2018,.T.);
#1602=ORIENTED_EDGE('',*,*,#2185,.T.);
#1603=ORIENTED_EDGE('',*,*,#2186,.F.);
#1604=ORIENTED_EDGE('',*,*,#2187,.F.);
#1605=ORIENTED_EDGE('',*,*,#2019,.T.);
#1606=ORIENTED_EDGE('',*,*,#2187,.T.);
#1607=ORIENTED_EDGE('',*,*,#2188,.F.);
#1608=ORIENTED_EDGE('',*,*,#2189,.F.);
#1609=ORIENTED_EDGE('',*,*,#2021,.T.);
#1610=ORIENTED_EDGE('',*,*,#2190,.T.);
#1611=ORIENTED_EDGE('',*,*,#2191,.F.);
#1612=ORIENTED_EDGE('',*,*,#2192,.F.);
#1613=ORIENTED_EDGE('',*,*,#2022,.T.);
#1614=ORIENTED_EDGE('',*,*,#2192,.T.);
#1615=ORIENTED_EDGE('',*,*,#2193,.F.);
#1616=ORIENTED_EDGE('',*,*,#2194,.F.);
#1617=ORIENTED_EDGE('',*,*,#2023,.T.);
#1618=ORIENTED_EDGE('',*,*,#2194,.T.);
#1619=ORIENTED_EDGE('',*,*,#2195,.F.);
#1620=ORIENTED_EDGE('',*,*,#2196,.F.);
#1621=ORIENTED_EDGE('',*,*,#2025,.T.);
#1622=ORIENTED_EDGE('',*,*,#2197,.T.);
#1623=ORIENTED_EDGE('',*,*,#2198,.F.);
#1624=ORIENTED_EDGE('',*,*,#2199,.F.);
#1625=ORIENTED_EDGE('',*,*,#2026,.T.);
#1626=ORIENTED_EDGE('',*,*,#2199,.T.);
#1627=ORIENTED_EDGE('',*,*,#2200,.F.);
#1628=ORIENTED_EDGE('',*,*,#2201,.F.);
#1629=ORIENTED_EDGE('',*,*,#2027,.T.);
#1630=ORIENTED_EDGE('',*,*,#2201,.T.);
#1631=ORIENTED_EDGE('',*,*,#2202,.F.);
#1632=ORIENTED_EDGE('',*,*,#2203,.F.);
#1633=ORIENTED_EDGE('',*,*,#2029,.T.);
#1634=ORIENTED_EDGE('',*,*,#2204,.T.);
#1635=ORIENTED_EDGE('',*,*,#2205,.F.);
#1636=ORIENTED_EDGE('',*,*,#2206,.F.);
#1637=ORIENTED_EDGE('',*,*,#2030,.T.);
#1638=ORIENTED_EDGE('',*,*,#2206,.T.);
#1639=ORIENTED_EDGE('',*,*,#2207,.F.);
#1640=ORIENTED_EDGE('',*,*,#2208,.F.);
#1641=ORIENTED_EDGE('',*,*,#2031,.T.);
#1642=ORIENTED_EDGE('',*,*,#2208,.T.);
#1643=ORIENTED_EDGE('',*,*,#2209,.F.);
#1644=ORIENTED_EDGE('',*,*,#2210,.F.);
#1645=ORIENTED_EDGE('',*,*,#2033,.T.);
#1646=ORIENTED_EDGE('',*,*,#2211,.T.);
#1647=ORIENTED_EDGE('',*,*,#2212,.F.);
#1648=ORIENTED_EDGE('',*,*,#2213,.F.);
#1649=ORIENTED_EDGE('',*,*,#2034,.T.);
#1650=ORIENTED_EDGE('',*,*,#2213,.T.);
#1651=ORIENTED_EDGE('',*,*,#2214,.F.);
#1652=ORIENTED_EDGE('',*,*,#2215,.F.);
#1653=ORIENTED_EDGE('',*,*,#2035,.T.);
#1654=ORIENTED_EDGE('',*,*,#2215,.T.);
#1655=ORIENTED_EDGE('',*,*,#2216,.F.);
#1656=ORIENTED_EDGE('',*,*,#2217,.F.);
#1657=ORIENTED_EDGE('',*,*,#2037,.T.);
#1658=ORIENTED_EDGE('',*,*,#2218,.T.);
#1659=ORIENTED_EDGE('',*,*,#2219,.F.);
#1660=ORIENTED_EDGE('',*,*,#2220,.F.);
#1661=ORIENTED_EDGE('',*,*,#2038,.T.);
#1662=ORIENTED_EDGE('',*,*,#2220,.T.);
#1663=ORIENTED_EDGE('',*,*,#2221,.F.);
#1664=ORIENTED_EDGE('',*,*,#2222,.F.);
#1665=ORIENTED_EDGE('',*,*,#2039,.T.);
#1666=ORIENTED_EDGE('',*,*,#2222,.T.);
#1667=ORIENTED_EDGE('',*,*,#2223,.F.);
#1668=ORIENTED_EDGE('',*,*,#2224,.F.);
#1669=ORIENTED_EDGE('',*,*,#2041,.T.);
#1670=ORIENTED_EDGE('',*,*,#2225,.T.);
#1671=ORIENTED_EDGE('',*,*,#2226,.F.);
#1672=ORIENTED_EDGE('',*,*,#2227,.F.);
#1673=ORIENTED_EDGE('',*,*,#2042,.T.);
#1674=ORIENTED_EDGE('',*,*,#2227,.T.);
#1675=ORIENTED_EDGE('',*,*,#2228,.F.);
#1676=ORIENTED_EDGE('',*,*,#2229,.F.);
#1677=ORIENTED_EDGE('',*,*,#2043,.T.);
#1678=ORIENTED_EDGE('',*,*,#2229,.T.);
#1679=ORIENTED_EDGE('',*,*,#2230,.F.);
#1680=ORIENTED_EDGE('',*,*,#2231,.F.);
#1681=ORIENTED_EDGE('',*,*,#2045,.T.);
#1682=ORIENTED_EDGE('',*,*,#2232,.T.);
#1683=ORIENTED_EDGE('',*,*,#2233,.F.);
#1684=ORIENTED_EDGE('',*,*,#2234,.F.);
#1685=ORIENTED_EDGE('',*,*,#2046,.T.);
#1686=ORIENTED_EDGE('',*,*,#2234,.T.);
#1687=ORIENTED_EDGE('',*,*,#2235,.F.);
#1688=ORIENTED_EDGE('',*,*,#2236,.F.);
#1689=ORIENTED_EDGE('',*,*,#2047,.T.);
#1690=ORIENTED_EDGE('',*,*,#2236,.T.);
#1691=ORIENTED_EDGE('',*,*,#2237,.F.);
#1692=ORIENTED_EDGE('',*,*,#2238,.F.);
#1693=ORIENTED_EDGE('',*,*,#2049,.T.);
#1694=ORIENTED_EDGE('',*,*,#2239,.T.);
#1695=ORIENTED_EDGE('',*,*,#2240,.F.);
#1696=ORIENTED_EDGE('',*,*,#2241,.F.);
#1697=ORIENTED_EDGE('',*,*,#2050,.T.);
#1698=ORIENTED_EDGE('',*,*,#2241,.T.);
#1699=ORIENTED_EDGE('',*,*,#2242,.F.);
#1700=ORIENTED_EDGE('',*,*,#2243,.F.);
#1701=ORIENTED_EDGE('',*,*,#2051,.T.);
#1702=ORIENTED_EDGE('',*,*,#2243,.T.);
#1703=ORIENTED_EDGE('',*,*,#2244,.F.);
#1704=ORIENTED_EDGE('',*,*,#2245,.F.);
#1705=ORIENTED_EDGE('',*,*,#2053,.T.);
#1706=ORIENTED_EDGE('',*,*,#2246,.T.);
#1707=ORIENTED_EDGE('',*,*,#2247,.F.);
#1708=ORIENTED_EDGE('',*,*,#2248,.F.);
#1709=ORIENTED_EDGE('',*,*,#2054,.T.);
#1710=ORIENTED_EDGE('',*,*,#2248,.T.);
#1711=ORIENTED_EDGE('',*,*,#2249,.F.);
#1712=ORIENTED_EDGE('',*,*,#2250,.F.);
#1713=ORIENTED_EDGE('',*,*,#2055,.T.);
#1714=ORIENTED_EDGE('',*,*,#2250,.T.);
#1715=ORIENTED_EDGE('',*,*,#2251,.F.);
#1716=ORIENTED_EDGE('',*,*,#2252,.F.);
#1717=ORIENTED_EDGE('',*,*,#2253,.F.);
#1718=ORIENTED_EDGE('',*,*,#2061,.F.);
#1719=ORIENTED_EDGE('',*,*,#2254,.F.);
#1720=ORIENTED_EDGE('',*,*,#2062,.F.);
#1721=ORIENTED_EDGE('',*,*,#2255,.F.);
#1722=ORIENTED_EDGE('',*,*,#2063,.F.);
#1723=ORIENTED_EDGE('',*,*,#2256,.F.);
#1724=ORIENTED_EDGE('',*,*,#2064,.F.);
#1725=ORIENTED_EDGE('',*,*,#2257,.F.);
#1726=ORIENTED_EDGE('',*,*,#2065,.F.);
#1727=ORIENTED_EDGE('',*,*,#2258,.F.);
#1728=ORIENTED_EDGE('',*,*,#2066,.F.);
#1729=ORIENTED_EDGE('',*,*,#2259,.F.);
#1730=ORIENTED_EDGE('',*,*,#2067,.F.);
#1731=ORIENTED_EDGE('',*,*,#2260,.F.);
#1732=ORIENTED_EDGE('',*,*,#2068,.F.);
#1733=ORIENTED_EDGE('',*,*,#2261,.F.);
#1734=ORIENTED_EDGE('',*,*,#2069,.F.);
#1735=ORIENTED_EDGE('',*,*,#2262,.F.);
#1736=ORIENTED_EDGE('',*,*,#2070,.F.);
#1737=ORIENTED_EDGE('',*,*,#2263,.F.);
#1738=ORIENTED_EDGE('',*,*,#2071,.F.);
#1739=ORIENTED_EDGE('',*,*,#2264,.F.);
#1740=ORIENTED_EDGE('',*,*,#2072,.F.);
#1741=ORIENTED_EDGE('',*,*,#2073,.T.);
#1742=ORIENTED_EDGE('',*,*,#2265,.F.);
#1743=ORIENTED_EDGE('',*,*,#2074,.T.);
#1744=ORIENTED_EDGE('',*,*,#2266,.F.);
#1745=ORIENTED_EDGE('',*,*,#2075,.T.);
#1746=ORIENTED_EDGE('',*,*,#2267,.F.);
#1747=ORIENTED_EDGE('',*,*,#2076,.T.);
#1748=ORIENTED_EDGE('',*,*,#2268,.F.);
#1749=ORIENTED_EDGE('',*,*,#2077,.T.);
#1750=ORIENTED_EDGE('',*,*,#2269,.F.);
#1751=ORIENTED_EDGE('',*,*,#2078,.T.);
#1752=ORIENTED_EDGE('',*,*,#2270,.F.);
#1753=ORIENTED_EDGE('',*,*,#2079,.T.);
#1754=ORIENTED_EDGE('',*,*,#2271,.F.);
#1755=ORIENTED_EDGE('',*,*,#2080,.T.);
#1756=ORIENTED_EDGE('',*,*,#2272,.F.);
#1757=ORIENTED_EDGE('',*,*,#2081,.T.);
#1758=ORIENTED_EDGE('',*,*,#2273,.F.);
#1759=ORIENTED_EDGE('',*,*,#2082,.T.);
#1760=ORIENTED_EDGE('',*,*,#2274,.F.);
#1761=ORIENTED_EDGE('',*,*,#2083,.T.);
#1762=ORIENTED_EDGE('',*,*,#2275,.F.);
#1763=ORIENTED_EDGE('',*,*,#2084,.T.);
#1764=ORIENTED_EDGE('',*,*,#2276,.F.);
#1765=ORIENTED_EDGE('',*,*,#2264,.T.);
#1766=ORIENTED_EDGE('',*,*,#2091,.T.);
#1767=ORIENTED_EDGE('',*,*,#2277,.F.);
#1768=ORIENTED_EDGE('',*,*,#2085,.F.);
#1769=ORIENTED_EDGE('',*,*,#2277,.T.);
#1770=ORIENTED_EDGE('',*,*,#2090,.T.);
#1771=ORIENTED_EDGE('',*,*,#2088,.T.);
#1772=ORIENTED_EDGE('',*,*,#2086,.T.);
#1773=ORIENTED_EDGE('',*,*,#2263,.T.);
#1774=ORIENTED_EDGE('',*,*,#2098,.T.);
#1775=ORIENTED_EDGE('',*,*,#2278,.F.);
#1776=ORIENTED_EDGE('',*,*,#2092,.F.);
#1777=ORIENTED_EDGE('',*,*,#2278,.T.);
#1778=ORIENTED_EDGE('',*,*,#2097,.T.);
#1779=ORIENTED_EDGE('',*,*,#2095,.T.);
#1780=ORIENTED_EDGE('',*,*,#2093,.T.);
#1781=ORIENTED_EDGE('',*,*,#2262,.T.);
#1782=ORIENTED_EDGE('',*,*,#2105,.T.);
#1783=ORIENTED_EDGE('',*,*,#2279,.F.);
#1784=ORIENTED_EDGE('',*,*,#2099,.F.);
#1785=ORIENTED_EDGE('',*,*,#2279,.T.);
#1786=ORIENTED_EDGE('',*,*,#2104,.T.);
#1787=ORIENTED_EDGE('',*,*,#2102,.T.);
#1788=ORIENTED_EDGE('',*,*,#2100,.T.);
#1789=ORIENTED_EDGE('',*,*,#2261,.T.);
#1790=ORIENTED_EDGE('',*,*,#2112,.T.);
#1791=ORIENTED_EDGE('',*,*,#2280,.F.);
#1792=ORIENTED_EDGE('',*,*,#2106,.F.);
#1793=ORIENTED_EDGE('',*,*,#2280,.T.);
#1794=ORIENTED_EDGE('',*,*,#2111,.T.);
#1795=ORIENTED_EDGE('',*,*,#2109,.T.);
#1796=ORIENTED_EDGE('',*,*,#2107,.T.);
#1797=ORIENTED_EDGE('',*,*,#2260,.T.);
#1798=ORIENTED_EDGE('',*,*,#2119,.T.);
#1799=ORIENTED_EDGE('',*,*,#2281,.F.);
#1800=ORIENTED_EDGE('',*,*,#2113,.F.);
#1801=ORIENTED_EDGE('',*,*,#2281,.T.);
#1802=ORIENTED_EDGE('',*,*,#2118,.T.);
#1803=ORIENTED_EDGE('',*,*,#2116,.T.);
#1804=ORIENTED_EDGE('',*,*,#2114,.T.);
#1805=ORIENTED_EDGE('',*,*,#2259,.T.);
#1806=ORIENTED_EDGE('',*,*,#2126,.T.);
#1807=ORIENTED_EDGE('',*,*,#2282,.F.);
#1808=ORIENTED_EDGE('',*,*,#2120,.F.);
#1809=ORIENTED_EDGE('',*,*,#2282,.T.);
#1810=ORIENTED_EDGE('',*,*,#2125,.T.);
#1811=ORIENTED_EDGE('',*,*,#2123,.T.);
#1812=ORIENTED_EDGE('',*,*,#2121,.T.);
#1813=ORIENTED_EDGE('',*,*,#2258,.T.);
#1814=ORIENTED_EDGE('',*,*,#2133,.T.);
#1815=ORIENTED_EDGE('',*,*,#2283,.F.);
#1816=ORIENTED_EDGE('',*,*,#2127,.F.);
#1817=ORIENTED_EDGE('',*,*,#2283,.T.);
#1818=ORIENTED_EDGE('',*,*,#2132,.T.);
#1819=ORIENTED_EDGE('',*,*,#2130,.T.);
#1820=ORIENTED_EDGE('',*,*,#2128,.T.);
#1821=ORIENTED_EDGE('',*,*,#2257,.T.);
#1822=ORIENTED_EDGE('',*,*,#2140,.T.);
#1823=ORIENTED_EDGE('',*,*,#2284,.F.);
#1824=ORIENTED_EDGE('',*,*,#2134,.F.);
#1825=ORIENTED_EDGE('',*,*,#2284,.T.);
#1826=ORIENTED_EDGE('',*,*,#2139,.T.);
#1827=ORIENTED_EDGE('',*,*,#2137,.T.);
#1828=ORIENTED_EDGE('',*,*,#2135,.T.);
#1829=ORIENTED_EDGE('',*,*,#2256,.T.);
#1830=ORIENTED_EDGE('',*,*,#2147,.T.);
#1831=ORIENTED_EDGE('',*,*,#2285,.F.);
#1832=ORIENTED_EDGE('',*,*,#2141,.F.);
#1833=ORIENTED_EDGE('',*,*,#2285,.T.);
#1834=ORIENTED_EDGE('',*,*,#2146,.T.);
#1835=ORIENTED_EDGE('',*,*,#2144,.T.);
#1836=ORIENTED_EDGE('',*,*,#2142,.T.);
#1837=ORIENTED_EDGE('',*,*,#2255,.T.);
#1838=ORIENTED_EDGE('',*,*,#2154,.T.);
#1839=ORIENTED_EDGE('',*,*,#2286,.F.);
#1840=ORIENTED_EDGE('',*,*,#2148,.F.);
#1841=ORIENTED_EDGE('',*,*,#2286,.T.);
#1842=ORIENTED_EDGE('',*,*,#2153,.T.);
#1843=ORIENTED_EDGE('',*,*,#2151,.T.);
#1844=ORIENTED_EDGE('',*,*,#2149,.T.);
#1845=ORIENTED_EDGE('',*,*,#2254,.T.);
#1846=ORIENTED_EDGE('',*,*,#2161,.T.);
#1847=ORIENTED_EDGE('',*,*,#2287,.F.);
#1848=ORIENTED_EDGE('',*,*,#2155,.F.);
#1849=ORIENTED_EDGE('',*,*,#2287,.T.);
#1850=ORIENTED_EDGE('',*,*,#2160,.T.);
#1851=ORIENTED_EDGE('',*,*,#2158,.T.);
#1852=ORIENTED_EDGE('',*,*,#2156,.T.);
#1853=ORIENTED_EDGE('',*,*,#2253,.T.);
#1854=ORIENTED_EDGE('',*,*,#2168,.T.);
#1855=ORIENTED_EDGE('',*,*,#2288,.F.);
#1856=ORIENTED_EDGE('',*,*,#2162,.F.);
#1857=ORIENTED_EDGE('',*,*,#2288,.T.);
#1858=ORIENTED_EDGE('',*,*,#2167,.T.);
#1859=ORIENTED_EDGE('',*,*,#2165,.T.);
#1860=ORIENTED_EDGE('',*,*,#2163,.T.);
#1861=ORIENTED_EDGE('',*,*,#2276,.T.);
#1862=ORIENTED_EDGE('',*,*,#2175,.T.);
#1863=ORIENTED_EDGE('',*,*,#2289,.F.);
#1864=ORIENTED_EDGE('',*,*,#2169,.F.);
#1865=ORIENTED_EDGE('',*,*,#2289,.T.);
#1866=ORIENTED_EDGE('',*,*,#2174,.T.);
#1867=ORIENTED_EDGE('',*,*,#2172,.T.);
#1868=ORIENTED_EDGE('',*,*,#2170,.T.);
#1869=ORIENTED_EDGE('',*,*,#2275,.T.);
#1870=ORIENTED_EDGE('',*,*,#2182,.T.);
#1871=ORIENTED_EDGE('',*,*,#2290,.F.);
#1872=ORIENTED_EDGE('',*,*,#2176,.F.);
#1873=ORIENTED_EDGE('',*,*,#2290,.T.);
#1874=ORIENTED_EDGE('',*,*,#2181,.T.);
#1875=ORIENTED_EDGE('',*,*,#2179,.T.);
#1876=ORIENTED_EDGE('',*,*,#2177,.T.);
#1877=ORIENTED_EDGE('',*,*,#2274,.T.);
#1878=ORIENTED_EDGE('',*,*,#2189,.T.);
#1879=ORIENTED_EDGE('',*,*,#2291,.F.);
#1880=ORIENTED_EDGE('',*,*,#2183,.F.);
#1881=ORIENTED_EDGE('',*,*,#2291,.T.);
#1882=ORIENTED_EDGE('',*,*,#2188,.T.);
#1883=ORIENTED_EDGE('',*,*,#2186,.T.);
#1884=ORIENTED_EDGE('',*,*,#2184,.T.);
#1885=ORIENTED_EDGE('',*,*,#2273,.T.);
#1886=ORIENTED_EDGE('',*,*,#2196,.T.);
#1887=ORIENTED_EDGE('',*,*,#2292,.F.);
#1888=ORIENTED_EDGE('',*,*,#2190,.F.);
#1889=ORIENTED_EDGE('',*,*,#2292,.T.);
#1890=ORIENTED_EDGE('',*,*,#2195,.T.);
#1891=ORIENTED_EDGE('',*,*,#2193,.T.);
#1892=ORIENTED_EDGE('',*,*,#2191,.T.);
#1893=ORIENTED_EDGE('',*,*,#2272,.T.);
#1894=ORIENTED_EDGE('',*,*,#2203,.T.);
#1895=ORIENTED_EDGE('',*,*,#2293,.F.);
#1896=ORIENTED_EDGE('',*,*,#2197,.F.);
#1897=ORIENTED_EDGE('',*,*,#2293,.T.);
#1898=ORIENTED_EDGE('',*,*,#2202,.T.);
#1899=ORIENTED_EDGE('',*,*,#2200,.T.);
#1900=ORIENTED_EDGE('',*,*,#2198,.T.);
#1901=ORIENTED_EDGE('',*,*,#2271,.T.);
#1902=ORIENTED_EDGE('',*,*,#2210,.T.);
#1903=ORIENTED_EDGE('',*,*,#2294,.F.);
#1904=ORIENTED_EDGE('',*,*,#2204,.F.);
#1905=ORIENTED_EDGE('',*,*,#2294,.T.);
#1906=ORIENTED_EDGE('',*,*,#2209,.T.);
#1907=ORIENTED_EDGE('',*,*,#2207,.T.);
#1908=ORIENTED_EDGE('',*,*,#2205,.T.);
#1909=ORIENTED_EDGE('',*,*,#2270,.T.);
#1910=ORIENTED_EDGE('',*,*,#2217,.T.);
#1911=ORIENTED_EDGE('',*,*,#2295,.F.);
#1912=ORIENTED_EDGE('',*,*,#2211,.F.);
#1913=ORIENTED_EDGE('',*,*,#2295,.T.);
#1914=ORIENTED_EDGE('',*,*,#2216,.T.);
#1915=ORIENTED_EDGE('',*,*,#2214,.T.);
#1916=ORIENTED_EDGE('',*,*,#2212,.T.);
#1917=ORIENTED_EDGE('',*,*,#2269,.T.);
#1918=ORIENTED_EDGE('',*,*,#2224,.T.);
#1919=ORIENTED_EDGE('',*,*,#2296,.F.);
#1920=ORIENTED_EDGE('',*,*,#2218,.F.);
#1921=ORIENTED_EDGE('',*,*,#2296,.T.);
#1922=ORIENTED_EDGE('',*,*,#2223,.T.);
#1923=ORIENTED_EDGE('',*,*,#2221,.T.);
#1924=ORIENTED_EDGE('',*,*,#2219,.T.);
#1925=ORIENTED_EDGE('',*,*,#2268,.T.);
#1926=ORIENTED_EDGE('',*,*,#2231,.T.);
#1927=ORIENTED_EDGE('',*,*,#2297,.F.);
#1928=ORIENTED_EDGE('',*,*,#2225,.F.);
#1929=ORIENTED_EDGE('',*,*,#2297,.T.);
#1930=ORIENTED_EDGE('',*,*,#2230,.T.);
#1931=ORIENTED_EDGE('',*,*,#2228,.T.);
#1932=ORIENTED_EDGE('',*,*,#2226,.T.);
#1933=ORIENTED_EDGE('',*,*,#2267,.T.);
#1934=ORIENTED_EDGE('',*,*,#2238,.T.);
#1935=ORIENTED_EDGE('',*,*,#2298,.F.);
#1936=ORIENTED_EDGE('',*,*,#2232,.F.);
#1937=ORIENTED_EDGE('',*,*,#2298,.T.);
#1938=ORIENTED_EDGE('',*,*,#2237,.T.);
#1939=ORIENTED_EDGE('',*,*,#2235,.T.);
#1940=ORIENTED_EDGE('',*,*,#2233,.T.);
#1941=ORIENTED_EDGE('',*,*,#2266,.T.);
#1942=ORIENTED_EDGE('',*,*,#2245,.T.);
#1943=ORIENTED_EDGE('',*,*,#2299,.F.);
#1944=ORIENTED_EDGE('',*,*,#2239,.F.);
#1945=ORIENTED_EDGE('',*,*,#2299,.T.);
#1946=ORIENTED_EDGE('',*,*,#2244,.T.);
#1947=ORIENTED_EDGE('',*,*,#2242,.T.);
#1948=ORIENTED_EDGE('',*,*,#2240,.T.);
#1949=ORIENTED_EDGE('',*,*,#2265,.T.);
#1950=ORIENTED_EDGE('',*,*,#2252,.T.);
#1951=ORIENTED_EDGE('',*,*,#2300,.F.);
#1952=ORIENTED_EDGE('',*,*,#2246,.F.);
#1953=ORIENTED_EDGE('',*,*,#2300,.T.);
#1954=ORIENTED_EDGE('',*,*,#2251,.T.);
#1955=ORIENTED_EDGE('',*,*,#2249,.T.);
#1956=ORIENTED_EDGE('',*,*,#2247,.T.);
#1957=EDGE_CURVE('',#2301,#2302,#2303,.F.);
#1958=EDGE_CURVE('',#2304,#2302,#2305,.F.);
#1959=EDGE_CURVE('',#2304,#2304,#2306,.T.);
#1960=EDGE_CURVE('',#2307,#2304,#2308,.T.);
#1961=EDGE_CURVE('',#2309,#2307,#2310,.F.);
#1962=EDGE_CURVE('',#2311,#2309,#2312,.T.);
#1963=EDGE_CURVE('',#2313,#2311,#2314,.F.);
#1964=EDGE_CURVE('',#2315,#2313,#2316,.T.);
#1965=EDGE_CURVE('',#2317,#2315,#2318,.F.);
#1966=EDGE_CURVE('',#2319,#2317,#2320,.T.);
#1967=EDGE_CURVE('',#2321,#2319,#2322,.F.);
#1968=EDGE_CURVE('',#2323,#2321,#2324,.T.);
#1969=EDGE_CURVE('',#2325,#2323,#2326,.F.);
#1970=EDGE_CURVE('',#2327,#2325,#2328,.T.);
#1971=EDGE_CURVE('',#2329,#2327,#2330,.F.);
#1972=EDGE_CURVE('',#2331,#2329,#2332,.T.);
#1973=EDGE_CURVE('',#2333,#2331,#2334,.F.);
#1974=EDGE_CURVE('',#2335,#2333,#2336,.T.);
#1975=EDGE_CURVE('',#2337,#2335,#2338,.F.);
#1976=EDGE_CURVE('',#2339,#2337,#2340,.T.);
#1977=EDGE_CURVE('',#2341,#2339,#2342,.F.);
#1978=EDGE_CURVE('',#2343,#2341,#2344,.T.);
#1979=EDGE_CURVE('',#2345,#2343,#2346,.F.);
#1980=EDGE_CURVE('',#2347,#2345,#2348,.T.);
#1981=EDGE_CURVE('',#2349,#2347,#2350,.F.);
#1982=EDGE_CURVE('',#2351,#2349,#2352,.T.);
#1983=EDGE_CURVE('',#2353,#2351,#2354,.F.);
#1984=EDGE_CURVE('',#2355,#2353,#2356,.T.);
#1985=EDGE_CURVE('',#2357,#2355,#2358,.F.);
#1986=EDGE_CURVE('',#2359,#2357,#2360,.T.);
#1987=EDGE_CURVE('',#2361,#2359,#2362,.F.);
#1988=EDGE_CURVE('',#2363,#2361,#2364,.T.);
#1989=EDGE_CURVE('',#2365,#2363,#2366,.F.);
#1990=EDGE_CURVE('',#2367,#2365,#2368,.T.);
#1991=EDGE_CURVE('',#2369,#2367,#2370,.F.);
#1992=EDGE_CURVE('',#2371,#2369,#2372,.T.);
#1993=EDGE_CURVE('',#2373,#2371,#2374,.F.);
#1994=EDGE_CURVE('',#2375,#2373,#2376,.T.);
#1995=EDGE_CURVE('',#2377,#2375,#2378,.F.);
#1996=EDGE_CURVE('',#2379,#2377,#2380,.T.);
#1997=EDGE_CURVE('',#2381,#2379,#2382,.F.);
#1998=EDGE_CURVE('',#2383,#2381,#2384,.T.);
#1999=EDGE_CURVE('',#2385,#2383,#2386,.F.);
#2000=EDGE_CURVE('',#2387,#2385,#2388,.T.);
#2001=EDGE_CURVE('',#2389,#2387,#2390,.F.);
#2002=EDGE_CURVE('',#2391,#2389,#2392,.T.);
#2003=EDGE_CURVE('',#2393,#2391,#2394,.F.);
#2004=EDGE_CURVE('',#2395,#2393,#2396,.T.);
#2005=EDGE_CURVE('',#2397,#2395,#2398,.F.);
#2006=EDGE_CURVE('',#2399,#2397,#2400,.T.);
#2007=EDGE_CURVE('',#2401,#2399,#2402,.F.);
#2008=EDGE_CURVE('',#2401,#2403,#2404,.T.);
#2009=EDGE_CURVE('',#2403,#2401,#2405,.T.);
#2010=EDGE_CURVE('',#2406,#2401,#2407,.T.);
#2011=EDGE_CURVE('',#2408,#2406,#2409,.F.);
#2012=EDGE_CURVE('',#2408,#2410,#2411,.F.);
#2013=EDGE_CURVE('',#2412,#2410,#2413,.F.);
#2014=EDGE_CURVE('',#2414,#2412,#2415,.T.);
#2015=EDGE_CURVE('',#2416,#2414,#2417,.F.);
#2016=EDGE_CURVE('',#2416,#2418,#2419,.F.);
#2017=EDGE_CURVE('',#2420,#2418,#2421,.F.);
#2018=EDGE_CURVE('',#2422,#2420,#2423,.T.);
#2019=EDGE_CURVE('',#2424,#2422,#2425,.F.);
#2020=EDGE_CURVE('',#2424,#2426,#2427,.F.);
#2021=EDGE_CURVE('',#2428,#2426,#2429,.F.);
#2022=EDGE_CURVE('',#2430,#2428,#2431,.T.);
#2023=EDGE_CURVE('',#2432,#2430,#2433,.F.);
#2024=EDGE_CURVE('',#2432,#2434,#2435,.F.);
#2025=EDGE_CURVE('',#2436,#2434,#2437,.F.);
#2026=EDGE_CURVE('',#2438,#2436,#2439,.T.);
#2027=EDGE_CURVE('',#2440,#2438,#2441,.F.);
#2028=EDGE_CURVE('',#2440,#2442,#2443,.F.);
#2029=EDGE_CURVE('',#2444,#2442,#2445,.F.);
#2030=EDGE_CURVE('',#2446,#2444,#2447,.T.);
#2031=EDGE_CURVE('',#2448,#2446,#2449,.F.);
#2032=EDGE_CURVE('',#2448,#2450,#2451,.F.);
#2033=EDGE_CURVE('',#2452,#2450,#2453,.F.);
#2034=EDGE_CURVE('',#2454,#2452,#2455,.T.);
#2035=EDGE_CURVE('',#2456,#2454,#2457,.F.);
#2036=EDGE_CURVE('',#2456,#2458,#2459,.F.);
#2037=EDGE_CURVE('',#2460,#2458,#2461,.F.);
#2038=EDGE_CURVE('',#2462,#2460,#2463,.T.);
#2039=EDGE_CURVE('',#2464,#2462,#2465,.F.);
#2040=EDGE_CURVE('',#2464,#2466,#2467,.F.);
#2041=EDGE_CURVE('',#2468,#2466,#2469,.F.);
#2042=EDGE_CURVE('',#2470,#2468,#2471,.T.);
#2043=EDGE_CURVE('',#2472,#2470,#2473,.F.);
#2044=EDGE_CURVE('',#2472,#2474,#2475,.F.);
#2045=EDGE_CURVE('',#2476,#2474,#2477,.F.);
#2046=EDGE_CURVE('',#2478,#2476,#2479,.T.);
#2047=EDGE_CURVE('',#2480,#2478,#2481,.F.);
#2048=EDGE_CURVE('',#2480,#2482,#2483,.F.);
#2049=EDGE_CURVE('',#2484,#2482,#2485,.F.);
#2050=EDGE_CURVE('',#2486,#2484,#2487,.T.);
#2051=EDGE_CURVE('',#2488,#2486,#2489,.F.);
#2052=EDGE_CURVE('',#2488,#2490,#2491,.F.);
#2053=EDGE_CURVE('',#2492,#2490,#2493,.F.);
#2054=EDGE_CURVE('',#2494,#2492,#2495,.T.);
#2055=EDGE_CURVE('',#2301,#2494,#2496,.F.);
#2056=EDGE_CURVE('',#2497,#2497,#2498,.F.);
#2057=EDGE_CURVE('',#2499,#2499,#2500,.T.);
#2058=EDGE_CURVE('',#2501,#2501,#2502,.T.);
#2059=EDGE_CURVE('',#2503,#2503,#2504,.F.);
#2060=EDGE_CURVE('',#2505,#2505,#2506,.F.);
#2061=EDGE_CURVE('',#2397,#2391,#2507,.T.);
#2062=EDGE_CURVE('',#2389,#2383,#2508,.T.);
#2063=EDGE_CURVE('',#2381,#2375,#2509,.T.);
#2064=EDGE_CURVE('',#2373,#2367,#2510,.T.);
#2065=EDGE_CURVE('',#2365,#2359,#2511,.T.);
#2066=EDGE_CURVE('',#2357,#2351,#2512,.T.);
#2067=EDGE_CURVE('',#2349,#2343,#2513,.T.);
#2068=EDGE_CURVE('',#2341,#2335,#2514,.T.);
#2069=EDGE_CURVE('',#2333,#2327,#2515,.T.);
#2070=EDGE_CURVE('',#2325,#2319,#2516,.T.);
#2071=EDGE_CURVE('',#2317,#2311,#2517,.T.);
#2072=EDGE_CURVE('',#2309,#2302,#2518,.T.);
#2073=EDGE_CURVE('',#2490,#2301,#2519,.F.);
#2074=EDGE_CURVE('',#2482,#2488,#2520,.F.);
#2075=EDGE_CURVE('',#2474,#2480,#2521,.F.);
#2076=EDGE_CURVE('',#2466,#2472,#2522,.F.);
#2077=EDGE_CURVE('',#2458,#2464,#2523,.F.);
#2078=EDGE_CURVE('',#2450,#2456,#2524,.F.);
#2079=EDGE_CURVE('',#2442,#2448,#2525,.F.);
#2080=EDGE_CURVE('',#2434,#2440,#2526,.F.);
#2081=EDGE_CURVE('',#2426,#2432,#2527,.F.);
#2082=EDGE_CURVE('',#2418,#2424,#2528,.F.);
#2083=EDGE_CURVE('',#2410,#2416,#2529,.F.);
#2084=EDGE_CURVE('',#2399,#2408,#2530,.F.);
#2085=EDGE_CURVE('',#2302,#2531,#2532,.T.);
#2086=EDGE_CURVE('',#2533,#2531,#2534,.T.);
#2087=EDGE_CURVE('',#2304,#2533,#2535,.T.);
#2088=EDGE_CURVE('',#2536,#2533,#2537,.T.);
#2089=EDGE_CURVE('',#2307,#2536,#2538,.T.);
#2090=EDGE_CURVE('',#2539,#2536,#2540,.T.);
#2091=EDGE_CURVE('',#2309,#2539,#2541,.T.);
#2092=EDGE_CURVE('',#2311,#2542,#2543,.T.);
#2093=EDGE_CURVE('',#2544,#2542,#2545,.T.);
#2094=EDGE_CURVE('',#2313,#2544,#2546,.T.);
#2095=EDGE_CURVE('',#2547,#2544,#2548,.T.);
#2096=EDGE_CURVE('',#2315,#2547,#2549,.T.);
#2097=EDGE_CURVE('',#2550,#2547,#2551,.T.);
#2098=EDGE_CURVE('',#2317,#2550,#2552,.T.);
#2099=EDGE_CURVE('',#2319,#2553,#2554,.T.);
#2100=EDGE_CURVE('',#2555,#2553,#2556,.T.);
#2101=EDGE_CURVE('',#2321,#2555,#2557,.T.);
#2102=EDGE_CURVE('',#2558,#2555,#2559,.T.);
#2103=EDGE_CURVE('',#2323,#2558,#2560,.T.);
#2104=EDGE_CURVE('',#2561,#2558,#2562,.T.);
#2105=EDGE_CURVE('',#2325,#2561,#2563,.T.);
#2106=EDGE_CURVE('',#2327,#2564,#2565,.T.);
#2107=EDGE_CURVE('',#2566,#2564,#2567,.T.);
#2108=EDGE_CURVE('',#2329,#2566,#2568,.T.);
#2109=EDGE_CURVE('',#2569,#2566,#2570,.T.);
#2110=EDGE_CURVE('',#2331,#2569,#2571,.T.);
#2111=EDGE_CURVE('',#2572,#2569,#2573,.T.);
#2112=EDGE_CURVE('',#2333,#2572,#2574,.T.);
#2113=EDGE_CURVE('',#2335,#2575,#2576,.T.);
#2114=EDGE_CURVE('',#2577,#2575,#2578,.T.);
#2115=EDGE_CURVE('',#2337,#2577,#2579,.T.);
#2116=EDGE_CURVE('',#2580,#2577,#2581,.T.);
#2117=EDGE_CURVE('',#2339,#2580,#2582,.T.);
#2118=EDGE_CURVE('',#2583,#2580,#2584,.T.);
#2119=EDGE_CURVE('',#2341,#2583,#2585,.T.);
#2120=EDGE_CURVE('',#2343,#2586,#2587,.T.);
#2121=EDGE_CURVE('',#2588,#2586,#2589,.T.);
#2122=EDGE_CURVE('',#2345,#2588,#2590,.T.);
#2123=EDGE_CURVE('',#2591,#2588,#2592,.T.);
#2124=EDGE_CURVE('',#2347,#2591,#2593,.T.);
#2125=EDGE_CURVE('',#2594,#2591,#2595,.T.);
#2126=EDGE_CURVE('',#2349,#2594,#2596,.T.);
#2127=EDGE_CURVE('',#2351,#2597,#2598,.T.);
#2128=EDGE_CURVE('',#2599,#2597,#2600,.T.);
#2129=EDGE_CURVE('',#2353,#2599,#2601,.T.);
#2130=EDGE_CURVE('',#2602,#2599,#2603,.T.);
#2131=EDGE_CURVE('',#2355,#2602,#2604,.T.);
#2132=EDGE_CURVE('',#2605,#2602,#2606,.T.);
#2133=EDGE_CURVE('',#2357,#2605,#2607,.T.);
#2134=EDGE_CURVE('',#2359,#2608,#2609,.T.);
#2135=EDGE_CURVE('',#2610,#2608,#2611,.T.);
#2136=EDGE_CURVE('',#2361,#2610,#2612,.T.);
#2137=EDGE_CURVE('',#2613,#2610,#2614,.T.);
#2138=EDGE_CURVE('',#2363,#2613,#2615,.T.);
#2139=EDGE_CURVE('',#2616,#2613,#2617,.T.);
#2140=EDGE_CURVE('',#2365,#2616,#2618,.T.);
#2141=EDGE_CURVE('',#2367,#2619,#2620,.T.);
#2142=EDGE_CURVE('',#2621,#2619,#2622,.T.);
#2143=EDGE_CURVE('',#2369,#2621,#2623,.T.);
#2144=EDGE_CURVE('',#2624,#2621,#2625,.T.);
#2145=EDGE_CURVE('',#2371,#2624,#2626,.T.);
#2146=EDGE_CURVE('',#2627,#2624,#2628,.T.);
#2147=EDGE_CURVE('',#2373,#2627,#2629,.T.);
#2148=EDGE_CURVE('',#2375,#2630,#2631,.T.);
#2149=EDGE_CURVE('',#2632,#2630,#2633,.T.);
#2150=EDGE_CURVE('',#2377,#2632,#2634,.T.);
#2151=EDGE_CURVE('',#2635,#2632,#2636,.T.);
#2152=EDGE_CURVE('',#2379,#2635,#2637,.T.);
#2153=EDGE_CURVE('',#2638,#2635,#2639,.T.);
#2154=EDGE_CURVE('',#2381,#2638,#2640,.T.);
#2155=EDGE_CURVE('',#2383,#2641,#2642,.T.);
#2156=EDGE_CURVE('',#2643,#2641,#2644,.T.);
#2157=EDGE_CURVE('',#2385,#2643,#2645,.T.);
#2158=EDGE_CURVE('',#2646,#2643,#2647,.T.);
#2159=EDGE_CURVE('',#2387,#2646,#2648,.T.);
#2160=EDGE_CURVE('',#2649,#2646,#2650,.T.);
#2161=EDGE_CURVE('',#2389,#2649,#2651,.T.);
#2162=EDGE_CURVE('',#2391,#2652,#2653,.T.);
#2163=EDGE_CURVE('',#2654,#2652,#2655,.T.);
#2164=EDGE_CURVE('',#2393,#2654,#2656,.T.);
#2165=EDGE_CURVE('',#2657,#2654,#2658,.T.);
#2166=EDGE_CURVE('',#2395,#2657,#2659,.T.);
#2167=EDGE_CURVE('',#2660,#2657,#2661,.T.);
#2168=EDGE_CURVE('',#2397,#2660,#2662,.T.);
#2169=EDGE_CURVE('',#2399,#2663,#2664,.T.);
#2170=EDGE_CURVE('',#2665,#2663,#2666,.T.);
#2171=EDGE_CURVE('',#2401,#2665,#2667,.T.);
#2172=EDGE_CURVE('',#2668,#2665,#2669,.T.);
#2173=EDGE_CURVE('',#2406,#2668,#2670,.T.);
#2174=EDGE_CURVE('',#2671,#2668,#2672,.T.);
#2175=EDGE_CURVE('',#2408,#2671,#2673,.T.);
#2176=EDGE_CURVE('',#2410,#2674,#2675,.T.);
#2177=EDGE_CURVE('',#2676,#2674,#2677,.T.);
#2178=EDGE_CURVE('',#2412,#2676,#2678,.T.);
#2179=EDGE_CURVE('',#2679,#2676,#2680,.T.);
#2180=EDGE_CURVE('',#2414,#2679,#2681,.T.);
#2181=EDGE_CURVE('',#2682,#2679,#2683,.T.);
#2182=EDGE_CURVE('',#2416,#2682,#2684,.T.);
#2183=EDGE_CURVE('',#2418,#2685,#2686,.T.);
#2184=EDGE_CURVE('',#2687,#2685,#2688,.T.);
#2185=EDGE_CURVE('',#2420,#2687,#2689,.T.);
#2186=EDGE_CURVE('',#2690,#2687,#2691,.T.);
#2187=EDGE_CURVE('',#2422,#2690,#2692,.T.);
#2188=EDGE_CURVE('',#2693,#2690,#2694,.T.);
#2189=EDGE_CURVE('',#2424,#2693,#2695,.T.);
#2190=EDGE_CURVE('',#2426,#2696,#2697,.T.);
#2191=EDGE_CURVE('',#2698,#2696,#2699,.T.);
#2192=EDGE_CURVE('',#2428,#2698,#2700,.T.);
#2193=EDGE_CURVE('',#2701,#2698,#2702,.T.);
#2194=EDGE_CURVE('',#2430,#2701,#2703,.T.);
#2195=EDGE_CURVE('',#2704,#2701,#2705,.T.);
#2196=EDGE_CURVE('',#2432,#2704,#2706,.T.);
#2197=EDGE_CURVE('',#2434,#2707,#2708,.T.);
#2198=EDGE_CURVE('',#2709,#2707,#2710,.T.);
#2199=EDGE_CURVE('',#2436,#2709,#2711,.T.);
#2200=EDGE_CURVE('',#2712,#2709,#2713,.T.);
#2201=EDGE_CURVE('',#2438,#2712,#2714,.T.);
#2202=EDGE_CURVE('',#2715,#2712,#2716,.T.);
#2203=EDGE_CURVE('',#2440,#2715,#2717,.T.);
#2204=EDGE_CURVE('',#2442,#2718,#2719,.T.);
#2205=EDGE_CURVE('',#2720,#2718,#2721,.T.);
#2206=EDGE_CURVE('',#2444,#2720,#2722,.T.);
#2207=EDGE_CURVE('',#2723,#2720,#2724,.T.);
#2208=EDGE_CURVE('',#2446,#2723,#2725,.T.);
#2209=EDGE_CURVE('',#2726,#2723,#2727,.T.);
#2210=EDGE_CURVE('',#2448,#2726,#2728,.T.);
#2211=EDGE_CURVE('',#2450,#2729,#2730,.T.);
#2212=EDGE_CURVE('',#2731,#2729,#2732,.T.);
#2213=EDGE_CURVE('',#2452,#2731,#2733,.T.);
#2214=EDGE_CURVE('',#2734,#2731,#2735,.T.);
#2215=EDGE_CURVE('',#2454,#2734,#2736,.T.);
#2216=EDGE_CURVE('',#2737,#2734,#2738,.T.);
#2217=EDGE_CURVE('',#2456,#2737,#2739,.T.);
#2218=EDGE_CURVE('',#2458,#2740,#2741,.T.);
#2219=EDGE_CURVE('',#2742,#2740,#2743,.T.);
#2220=EDGE_CURVE('',#2460,#2742,#2744,.T.);
#2221=EDGE_CURVE('',#2745,#2742,#2746,.T.);
#2222=EDGE_CURVE('',#2462,#2745,#2747,.T.);
#2223=EDGE_CURVE('',#2748,#2745,#2749,.T.);
#2224=EDGE_CURVE('',#2464,#2748,#2750,.T.);
#2225=EDGE_CURVE('',#2466,#2751,#2752,.T.);
#2226=EDGE_CURVE('',#2753,#2751,#2754,.T.);
#2227=EDGE_CURVE('',#2468,#2753,#2755,.T.);
#2228=EDGE_CURVE('',#2756,#2753,#2757,.T.);
#2229=EDGE_CURVE('',#2470,#2756,#2758,.T.);
#2230=EDGE_CURVE('',#2759,#2756,#2760,.T.);
#2231=EDGE_CURVE('',#2472,#2759,#2761,.T.);
#2232=EDGE_CURVE('',#2474,#2762,#2763,.T.);
#2233=EDGE_CURVE('',#2764,#2762,#2765,.T.);
#2234=EDGE_CURVE('',#2476,#2764,#2766,.T.);
#2235=EDGE_CURVE('',#2767,#2764,#2768,.T.);
#2236=EDGE_CURVE('',#2478,#2767,#2769,.T.);
#2237=EDGE_CURVE('',#2770,#2767,#2771,.T.);
#2238=EDGE_CURVE('',#2480,#2770,#2772,.T.);
#2239=EDGE_CURVE('',#2482,#2773,#2774,.T.);
#2240=EDGE_CURVE('',#2775,#2773,#2776,.T.);
#2241=EDGE_CURVE('',#2484,#2775,#2777,.T.);
#2242=EDGE_CURVE('',#2778,#2775,#2779,.T.);
#2243=EDGE_CURVE('',#2486,#2778,#2780,.T.);
#2244=EDGE_CURVE('',#2781,#2778,#2782,.T.);
#2245=EDGE_CURVE('',#2488,#2781,#2783,.T.);
#2246=EDGE_CURVE('',#2490,#2784,#2785,.T.);
#2247=EDGE_CURVE('',#2786,#2784,#2787,.T.);
#2248=EDGE_CURVE('',#2492,#2786,#2788,.T.);
#2249=EDGE_CURVE('',#2789,#2786,#2790,.T.);
#2250=EDGE_CURVE('',#2494,#2789,#2791,.T.);
#2251=EDGE_CURVE('',#2792,#2789,#2793,.T.);
#2252=EDGE_CURVE('',#2301,#2792,#2794,.T.);
#2253=EDGE_CURVE('',#2391,#2397,#2795,.F.);
#2254=EDGE_CURVE('',#2383,#2389,#2796,.F.);
#2255=EDGE_CURVE('',#2375,#2381,#2797,.F.);
#2256=EDGE_CURVE('',#2367,#2373,#2798,.F.);
#2257=EDGE_CURVE('',#2359,#2365,#2799,.F.);
#2258=EDGE_CURVE('',#2351,#2357,#2800,.F.);
#2259=EDGE_CURVE('',#2343,#2349,#2801,.F.);
#2260=EDGE_CURVE('',#2335,#2341,#2802,.F.);
#2261=EDGE_CURVE('',#2327,#2333,#2803,.F.);
#2262=EDGE_CURVE('',#2319,#2325,#2804,.F.);
#2263=EDGE_CURVE('',#2311,#2317,#2805,.F.);
#2264=EDGE_CURVE('',#2302,#2309,#2806,.F.);
#2265=EDGE_CURVE('',#2490,#2301,#2807,.F.);
#2266=EDGE_CURVE('',#2482,#2488,#2808,.F.);
#2267=EDGE_CURVE('',#2474,#2480,#2809,.F.);
#2268=EDGE_CURVE('',#2466,#2472,#2810,.F.);
#2269=EDGE_CURVE('',#2458,#2464,#2811,.F.);
#2270=EDGE_CURVE('',#2450,#2456,#2812,.F.);
#2271=EDGE_CURVE('',#2442,#2448,#2813,.F.);
#2272=EDGE_CURVE('',#2434,#2440,#2814,.F.);
#2273=EDGE_CURVE('',#2426,#2432,#2815,.F.);
#2274=EDGE_CURVE('',#2418,#2424,#2816,.F.);
#2275=EDGE_CURVE('',#2410,#2416,#2817,.F.);
#2276=EDGE_CURVE('',#2399,#2408,#2818,.F.);
#2277=EDGE_CURVE('',#2531,#2539,#2819,.T.);
#2278=EDGE_CURVE('',#2542,#2550,#2820,.T.);
#2279=EDGE_CURVE('',#2553,#2561,#2821,.T.);
#2280=EDGE_CURVE('',#2564,#2572,#2822,.T.);
#2281=EDGE_CURVE('',#2575,#2583,#2823,.T.);
#2282=EDGE_CURVE('',#2586,#2594,#2824,.T.);
#2283=EDGE_CURVE('',#2597,#2605,#2825,.T.);
#2284=EDGE_CURVE('',#2608,#2616,#2826,.T.);
#2285=EDGE_CURVE('',#2619,#2627,#2827,.T.);
#2286=EDGE_CURVE('',#2630,#2638,#2828,.T.);
#2287=EDGE_CURVE('',#2641,#2649,#2829,.T.);
#2288=EDGE_CURVE('',#2652,#2660,#2830,.T.);
#2289=EDGE_CURVE('',#2663,#2671,#2831,.T.);
#2290=EDGE_CURVE('',#2674,#2682,#2832,.T.);
#2291=EDGE_CURVE('',#2685,#2693,#2833,.T.);
#2292=EDGE_CURVE('',#2696,#2704,#2834,.T.);
#2293=EDGE_CURVE('',#2707,#2715,#2835,.T.);
#2294=EDGE_CURVE('',#2718,#2726,#2836,.T.);
#2295=EDGE_CURVE('',#2729,#2737,#2837,.T.);
#2296=EDGE_CURVE('',#2740,#2748,#2838,.T.);
#2297=EDGE_CURVE('',#2751,#2759,#2839,.T.);
#2298=EDGE_CURVE('',#2762,#2770,#2840,.T.);
#2299=EDGE_CURVE('',#2773,#2781,#2841,.T.);
#2300=EDGE_CURVE('',#2784,#2792,#2842,.T.);
#2301=VERTEX_POINT('',#2843);
#2302=VERTEX_POINT('',#2844);
#2303=CIRCLE('',#2845,13.0614928368735);
#2304=VERTEX_POINT('',#2849);
#2305=LINE('',#2850,#2851);
#2306=CIRCLE('',#2853,1.6);
#2307=VERTEX_POINT('',#2857);
#2308=CIRCLE('',#2858,8.85);
#2309=VERTEX_POINT('',#2862);
#2310=LINE('',#2863,#2864);
#2311=VERTEX_POINT('',#2866);
#2312=CIRCLE('',#2867,13.0614928368735);
#2313=VERTEX_POINT('',#2871);
#2314=LINE('',#2872,#2873);
#2315=VERTEX_POINT('',#2875);
#2316=CIRCLE('',#2876,8.85);
#2317=VERTEX_POINT('',#2880);
#2318=LINE('',#2881,#2882);
#2319=VERTEX_POINT('',#2884);
#2320=CIRCLE('',#2885,13.0614928368735);
#2321=VERTEX_POINT('',#2889);
#2322=LINE('',#2890,#2891);
#2323=VERTEX_POINT('',#2893);
#2324=CIRCLE('',#2894,8.85);
#2325=VERTEX_POINT('',#2898);
#2326=LINE('',#2899,#2900);
#2327=VERTEX_POINT('',#2902);
#2328=CIRCLE('',#2903,13.0614928368735);
#2329=VERTEX_POINT('',#2907);
#2330=LINE('',#2908,#2909);
#2331=VERTEX_POINT('',#2911);
#2332=CIRCLE('',#2912,8.85);
#2333=VERTEX_POINT('',#2916);
#2334=LINE('',#2917,#2918);
#2335=VERTEX_POINT('',#2920);
#2336=CIRCLE('',#2921,13.0614928368735);
#2337=VERTEX_POINT('',#2925);
#2338=LINE('',#2926,#2927);
#2339=VERTEX_POINT('',#2929);
#2340=CIRCLE('',#2930,8.85);
#2341=VERTEX_POINT('',#2934);
#2342=LINE('',#2935,#2936);
#2343=VERTEX_POINT('',#2938);
#2344=CIRCLE('',#2939,13.0614928368735);
#2345=VERTEX_POINT('',#2943);
#2346=LINE('',#2944,#2945);
#2347=VERTEX_POINT('',#2947);
#2348=CIRCLE('',#2948,8.85);
#2349=VERTEX_POINT('',#2952);
#2350=LINE('',#2953,#2954);
#2351=VERTEX_POINT('',#2956);
#2352=CIRCLE('',#2957,13.0614928368735);
#2353=VERTEX_POINT('',#2961);
#2354=LINE('',#2962,#2963);
#2355=VERTEX_POINT('',#2965);
#2356=CIRCLE('',#2966,8.85);
#2357=VERTEX_POINT('',#2970);
#2358=LINE('',#2971,#2972);
#2359=VERTEX_POINT('',#2974);
#2360=CIRCLE('',#2975,13.0614928368735);
#2361=VERTEX_POINT('',#2979);
#2362=LINE('',#2980,#2981);
#2363=VERTEX_POINT('',#2983);
#2364=CIRCLE('',#2984,8.85);
#2365=VERTEX_POINT('',#2988);
#2366=LINE('',#2989,#2990);
#2367=VERTEX_POINT('',#2992);
#2368=CIRCLE('',#2993,13.0614928368735);
#2369=VERTEX_POINT('',#2997);
#2370=LINE('',#2998,#2999);
#2371=VERTEX_POINT('',#3001);
#2372=CIRCLE('',#3002,8.85);
#2373=VERTEX_POINT('',#3006);
#2374=LINE('',#3007,#3008);
#2375=VERTEX_POINT('',#3010);
#2376=CIRCLE('',#3011,13.0614928368735);
#2377=VERTEX_POINT('',#3015);
#2378=LINE('',#3016,#3017);
#2379=VERTEX_POINT('',#3019);
#2380=CIRCLE('',#3020,8.85);
#2381=VERTEX_POINT('',#3024);
#2382=LINE('',#3025,#3026);
#2383=VERTEX_POINT('',#3028);
#2384=CIRCLE('',#3029,13.0614928368735);
#2385=VERTEX_POINT('',#3033);
#2386=LINE('',#3034,#3035);
#2387=VERTEX_POINT('',#3037);
#2388=CIRCLE('',#3038,8.85);
#2389=VERTEX_POINT('',#3042);
#2390=LINE('',#3043,#3044);
#2391=VERTEX_POINT('',#3046);
#2392=CIRCLE('',#3047,13.0614928368735);
#2393=VERTEX_POINT('',#3051);
#2394=LINE('',#3052,#3053);
#2395=VERTEX_POINT('',#3055);
#2396=CIRCLE('',#3056,8.85);
#2397=VERTEX_POINT('',#3060);
#2398=LINE('',#3061,#3062);
#2399=VERTEX_POINT('',#3064);
#2400=CIRCLE('',#3065,13.0614928368735);
#2401=VERTEX_POINT('',#3069);
#2402=LINE('',#3070,#3071);
#2403=VERTEX_POINT('',#3073);
#2404=CIRCLE('',#3074,1.6);
#2405=CIRCLE('',#3078,1.6);
#2406=VERTEX_POINT('',#3082);
#2407=CIRCLE('',#3083,8.85);
#2408=VERTEX_POINT('',#3087);
#2409=LINE('',#3088,#3089);
#2410=VERTEX_POINT('',#3091);
#2411=CIRCLE('',#3092,13.0614928368735);
#2412=VERTEX_POINT('',#3096);
#2413=LINE('',#3097,#3098);
#2414=VERTEX_POINT('',#3100);
#2415=CIRCLE('',#3101,8.85);
#2416=VERTEX_POINT('',#3105);
#2417=LINE('',#3106,#3107);
#2418=VERTEX_POINT('',#3109);
#2419=CIRCLE('',#3110,13.0614928368735);
#2420=VERTEX_POINT('',#3114);
#2421=LINE('',#3115,#3116);
#2422=VERTEX_POINT('',#3118);
#2423=CIRCLE('',#3119,8.85);
#2424=VERTEX_POINT('',#3123);
#2425=LINE('',#3124,#3125);
#2426=VERTEX_POINT('',#3127);
#2427=CIRCLE('',#3128,13.0614928368735);
#2428=VERTEX_POINT('',#3132);
#2429=LINE('',#3133,#3134);
#2430=VERTEX_POINT('',#3136);
#2431=CIRCLE('',#3137,8.85);
#2432=VERTEX_POINT('',#3141);
#2433=LINE('',#3142,#3143);
#2434=VERTEX_POINT('',#3145);
#2435=CIRCLE('',#3146,13.0614928368735);
#2436=VERTEX_POINT('',#3150);
#2437=LINE('',#3151,#3152);
#2438=VERTEX_POINT('',#3154);
#2439=CIRCLE('',#3155,8.85);
#2440=VERTEX_POINT('',#3159);
#2441=LINE('',#3160,#3161);
#2442=VERTEX_POINT('',#3163);
#2443=CIRCLE('',#3164,13.0614928368735);
#2444=VERTEX_POINT('',#3168);
#2445=LINE('',#3169,#3170);
#2446=VERTEX_POINT('',#3172);
#2447=CIRCLE('',#3173,8.85);
#2448=VERTEX_POINT('',#3177);
#2449=LINE('',#3178,#3179);
#2450=VERTEX_POINT('',#3181);
#2451=CIRCLE('',#3182,13.0614928368735);
#2452=VERTEX_POINT('',#3186);
#2453=LINE('',#3187,#3188);
#2454=VERTEX_POINT('',#3190);
#2455=CIRCLE('',#3191,8.85);
#2456=VERTEX_POINT('',#3195);
#2457=LINE('',#3196,#3197);
#2458=VERTEX_POINT('',#3199);
#2459=CIRCLE('',#3200,13.0614928368735);
#2460=VERTEX_POINT('',#3204);
#2461=LINE('',#3205,#3206);
#2462=VERTEX_POINT('',#3208);
#2463=CIRCLE('',#3209,8.85);
#2464=VERTEX_POINT('',#3213);
#2465=LINE('',#3214,#3215);
#2466=VERTEX_POINT('',#3217);
#2467=CIRCLE('',#3218,13.0614928368735);
#2468=VERTEX_POINT('',#3222);
#2469=LINE('',#3223,#3224);
#2470=VERTEX_POINT('',#3226);
#2471=CIRCLE('',#3227,8.85);
#2472=VERTEX_POINT('',#3231);
#2473=LINE('',#3232,#3233);
#2474=VERTEX_POINT('',#3235);
#2475=CIRCLE('',#3236,13.0614928368735);
#2476=VERTEX_POINT('',#3240);
#2477=LINE('',#3241,#3242);
#2478=VERTEX_POINT('',#3244);
#2479=CIRCLE('',#3245,8.85);
#2480=VERTEX_POINT('',#3249);
#2481=LINE('',#3250,#3251);
#2482=VERTEX_POINT('',#3253);
#2483=CIRCLE('',#3254,13.0614928368735);
#2484=VERTEX_POINT('',#3258);
#2485=LINE('',#3259,#3260);
#2486=VERTEX_POINT('',#3262);
#2487=CIRCLE('',#3263,8.85);
#2488=VERTEX_POINT('',#3267);
#2489=LINE('',#3268,#3269);
#2490=VERTEX_POINT('',#3271);
#2491=CIRCLE('',#3272,13.0614928368735);
#2492=VERTEX_POINT('',#3276);
#2493=LINE('',#3277,#3278);
#2494=VERTEX_POINT('',#3280);
#2495=CIRCLE('',#3281,8.85);
#2496=LINE('',#3285,#3286);
#2497=VERTEX_POINT('',#3288);
#2498=CIRCLE('',#3289,4.225);
#2499=VERTEX_POINT('',#3293);
#2500=CIRCLE('',#3294,13.0614928368735);
#2501=VERTEX_POINT('',#3298);
#2502=CIRCLE('',#3299,4.225);
#2503=VERTEX_POINT('',#3303);
#2504=CIRCLE('',#3304,1.6);
#2505=VERTEX_POINT('',#3308);
#2506=CIRCLE('',#3309,1.6);
#2507=CIRCLE('',#3313,13.0614928368735);
#2508=CIRCLE('',#3317,13.0614928368735);
#2509=CIRCLE('',#3321,13.0614928368735);
#2510=CIRCLE('',#3325,13.0614928368735);
#2511=CIRCLE('',#3329,13.0614928368735);
#2512=CIRCLE('',#3333,13.0614928368735);
#2513=CIRCLE('',#3337,13.0614928368735);
#2514=CIRCLE('',#3341,13.0614928368735);
#2515=CIRCLE('',#3345,13.0614928368735);
#2516=CIRCLE('',#3349,13.0614928368735);
#2517=CIRCLE('',#3353,13.0614928368735);
#2518=CIRCLE('',#3357,13.0614928368735);
#2519=CIRCLE('',#3361,13.0614928368735);
#2520=CIRCLE('',#3365,13.0614928368735);
#2521=CIRCLE('',#3369,13.0614928368735);
#2522=CIRCLE('',#3373,13.0614928368735);
#2523=CIRCLE('',#3377,13.0614928368735);
#2524=CIRCLE('',#3381,13.0614928368735);
#2525=CIRCLE('',#3385,13.0614928368735);
#2526=CIRCLE('',#3389,13.0614928368735);
#2527=CIRCLE('',#3393,13.0614928368735);
#2528=CIRCLE('',#3397,13.0614928368735);
#2529=CIRCLE('',#3401,13.0614928368735);
#2530=CIRCLE('',#3405,13.0614928368735);
#2531=VERTEX_POINT('',#3409);
#2532=LINE('',#3410,#3411);
#2533=VERTEX_POINT('',#3413);
#2534=LINE('',#3414,#3415);
#2535=LINE('',#3417,#3418);
#2536=VERTEX_POINT('',#3420);
#2537=CIRCLE('',#3421,8.85);
#2538=LINE('',#3425,#3426);
#2539=VERTEX_POINT('',#3428);
#2540=LINE('',#3429,#3430);
#2541=LINE('',#3432,#3433);
#2542=VERTEX_POINT('',#3435);
#2543=LINE('',#3436,#3437);
#2544=VERTEX_POINT('',#3439);
#2545=LINE('',#3440,#3441);
#2546=LINE('',#3443,#3444);
#2547=VERTEX_POINT('',#3446);
#2548=CIRCLE('',#3447,8.85);
#2549=LINE('',#3451,#3452);
#2550=VERTEX_POINT('',#3454);
#2551=LINE('',#3455,#3456);
#2552=LINE('',#3458,#3459);
#2553=VERTEX_POINT('',#3461);
#2554=LINE('',#3462,#3463);
#2555=VERTEX_POINT('',#3465);
#2556=LINE('',#3466,#3467);
#2557=LINE('',#3469,#3470);
#2558=VERTEX_POINT('',#3472);
#2559=CIRCLE('',#3473,8.85);
#2560=LINE('',#3477,#3478);
#2561=VERTEX_POINT('',#3480);
#2562=LINE('',#3481,#3482);
#2563=LINE('',#3484,#3485);
#2564=VERTEX_POINT('',#3487);
#2565=LINE('',#3488,#3489);
#2566=VERTEX_POINT('',#3491);
#2567=LINE('',#3492,#3493);
#2568=LINE('',#3495,#3496);
#2569=VERTEX_POINT('',#3498);
#2570=CIRCLE('',#3499,8.85);
#2571=LINE('',#3503,#3504);
#2572=VERTEX_POINT('',#3506);
#2573=LINE('',#3507,#3508);
#2574=LINE('',#3510,#3511);
#2575=VERTEX_POINT('',#3513);
#2576=LINE('',#3514,#3515);
#2577=VERTEX_POINT('',#3517);
#2578=LINE('',#3518,#3519);
#2579=LINE('',#3521,#3522);
#2580=VERTEX_POINT('',#3524);
#2581=CIRCLE('',#3525,8.85);
#2582=LINE('',#3529,#3530);
#2583=VERTEX_POINT('',#3532);
#2584=LINE('',#3533,#3534);
#2585=LINE('',#3536,#3537);
#2586=VERTEX_POINT('',#3539);
#2587=LINE('',#3540,#3541);
#2588=VERTEX_POINT('',#3543);
#2589=LINE('',#3544,#3545);
#2590=LINE('',#3547,#3548);
#2591=VERTEX_POINT('',#3550);
#2592=CIRCLE('',#3551,8.85);
#2593=LINE('',#3555,#3556);
#2594=VERTEX_POINT('',#3558);
#2595=LINE('',#3559,#3560);
#2596=LINE('',#3562,#3563);
#2597=VERTEX_POINT('',#3565);
#2598=LINE('',#3566,#3567);
#2599=VERTEX_POINT('',#3569);
#2600=LINE('',#3570,#3571);
#2601=LINE('',#3573,#3574);
#2602=VERTEX_POINT('',#3576);
#2603=CIRCLE('',#3577,8.85);
#2604=LINE('',#3581,#3582);
#2605=VERTEX_POINT('',#3584);
#2606=LINE('',#3585,#3586);
#2607=LINE('',#3588,#3589);
#2608=VERTEX_POINT('',#3591);
#2609=LINE('',#3592,#3593);
#2610=VERTEX_POINT('',#3595);
#2611=LINE('',#3596,#3597);
#2612=LINE('',#3599,#3600);
#2613=VERTEX_POINT('',#3602);
#2614=CIRCLE('',#3603,8.85);
#2615=LINE('',#3607,#3608);
#2616=VERTEX_POINT('',#3610);
#2617=LINE('',#3611,#3612);
#2618=LINE('',#3614,#3615);
#2619=VERTEX_POINT('',#3617);
#2620=LINE('',#3618,#3619);
#2621=VERTEX_POINT('',#3621);
#2622=LINE('',#3622,#3623);
#2623=LINE('',#3625,#3626);
#2624=VERTEX_POINT('',#3628);
#2625=CIRCLE('',#3629,8.85);
#2626=LINE('',#3633,#3634);
#2627=VERTEX_POINT('',#3636);
#2628=LINE('',#3637,#3638);
#2629=LINE('',#3640,#3641);
#2630=VERTEX_POINT('',#3643);
#2631=LINE('',#3644,#3645);
#2632=VERTEX_POINT('',#3647);
#2633=LINE('',#3648,#3649);
#2634=LINE('',#3651,#3652);
#2635=VERTEX_POINT('',#3654);
#2636=CIRCLE('',#3655,8.85);
#2637=LINE('',#3659,#3660);
#2638=VERTEX_POINT('',#3662);
#2639=LINE('',#3663,#3664);
#2640=LINE('',#3666,#3667);
#2641=VERTEX_POINT('',#3669);
#2642=LINE('',#3670,#3671);
#2643=VERTEX_POINT('',#3673);
#2644=LINE('',#3674,#3675);
#2645=LINE('',#3677,#3678);
#2646=VERTEX_POINT('',#3680);
#2647=CIRCLE('',#3681,8.85);
#2648=LINE('',#3685,#3686);
#2649=VERTEX_POINT('',#3688);
#2650=LINE('',#3689,#3690);
#2651=LINE('',#3692,#3693);
#2652=VERTEX_POINT('',#3695);
#2653=LINE('',#3696,#3697);
#2654=VERTEX_POINT('',#3699);
#2655=LINE('',#3700,#3701);
#2656=LINE('',#3703,#3704);
#2657=VERTEX_POINT('',#3706);
#2658=CIRCLE('',#3707,8.85);
#2659=LINE('',#3711,#3712);
#2660=VERTEX_POINT('',#3714);
#2661=LINE('',#3715,#3716);
#2662=LINE('',#3718,#3719);
#2663=VERTEX_POINT('',#3721);
#2664=LINE('',#3722,#3723);
#2665=VERTEX_POINT('',#3725);
#2666=LINE('',#3726,#3727);
#2667=LINE('',#3729,#3730);
#2668=VERTEX_POINT('',#3732);
#2669=CIRCLE('',#3733,8.85);
#2670=LINE('',#3737,#3738);
#2671=VERTEX_POINT('',#3740);
#2672=LINE('',#3741,#3742);
#2673=LINE('',#3744,#3745);
#2674=VERTEX_POINT('',#3747);
#2675=LINE('',#3748,#3749);
#2676=VERTEX_POINT('',#3751);
#2677=LINE('',#3752,#3753);
#2678=LINE('',#3755,#3756);
#2679=VERTEX_POINT('',#3758);
#2680=CIRCLE('',#3759,8.85);
#2681=LINE('',#3763,#3764);
#2682=VERTEX_POINT('',#3766);
#2683=LINE('',#3767,#3768);
#2684=LINE('',#3770,#3771);
#2685=VERTEX_POINT('',#3773);
#2686=LINE('',#3774,#3775);
#2687=VERTEX_POINT('',#3777);
#2688=LINE('',#3778,#3779);
#2689=LINE('',#3781,#3782);
#2690=VERTEX_POINT('',#3784);
#2691=CIRCLE('',#3785,8.85);
#2692=LINE('',#3789,#3790);
#2693=VERTEX_POINT('',#3792);
#2694=LINE('',#3793,#3794);
#2695=LINE('',#3796,#3797);
#2696=VERTEX_POINT('',#3799);
#2697=LINE('',#3800,#3801);
#2698=VERTEX_POINT('',#3803);
#2699=LINE('',#3804,#3805);
#2700=LINE('',#3807,#3808);
#2701=VERTEX_POINT('',#3810);
#2702=CIRCLE('',#3811,8.85);
#2703=LINE('',#3815,#3816);
#2704=VERTEX_POINT('',#3818);
#2705=LINE('',#3819,#3820);
#2706=LINE('',#3822,#3823);
#2707=VERTEX_POINT('',#3825);
#2708=LINE('',#3826,#3827);
#2709=VERTEX_POINT('',#3829);
#2710=LINE('',#3830,#3831);
#2711=LINE('',#3833,#3834);
#2712=VERTEX_POINT('',#3836);
#2713=CIRCLE('',#3837,8.85);
#2714=LINE('',#3841,#3842);
#2715=VERTEX_POINT('',#3844);
#2716=LINE('',#3845,#3846);
#2717=LINE('',#3848,#3849);
#2718=VERTEX_POINT('',#3851);
#2719=LINE('',#3852,#3853);
#2720=VERTEX_POINT('',#3855);
#2721=LINE('',#3856,#3857);
#2722=LINE('',#3859,#3860);
#2723=VERTEX_POINT('',#3862);
#2724=CIRCLE('',#3863,8.85);
#2725=LINE('',#3867,#3868);
#2726=VERTEX_POINT('',#3870);
#2727=LINE('',#3871,#3872);
#2728=LINE('',#3874,#3875);
#2729=VERTEX_POINT('',#3877);
#2730=LINE('',#3878,#3879);
#2731=VERTEX_POINT('',#3881);
#2732=LINE('',#3882,#3883);
#2733=LINE('',#3885,#3886);
#2734=VERTEX_POINT('',#3888);
#2735=CIRCLE('',#3889,8.85);
#2736=LINE('',#3893,#3894);
#2737=VERTEX_POINT('',#3896);
#2738=LINE('',#3897,#3898);
#2739=LINE('',#3900,#3901);
#2740=VERTEX_POINT('',#3903);
#2741=LINE('',#3904,#3905);
#2742=VERTEX_POINT('',#3907);
#2743=LINE('',#3908,#3909);
#2744=LINE('',#3911,#3912);
#2745=VERTEX_POINT('',#3914);
#2746=CIRCLE('',#3915,8.85);
#2747=LINE('',#3919,#3920);
#2748=VERTEX_POINT('',#3922);
#2749=LINE('',#3923,#3924);
#2750=LINE('',#3926,#3927);
#2751=VERTEX_POINT('',#3929);
#2752=LINE('',#3930,#3931);
#2753=VERTEX_POINT('',#3933);
#2754=LINE('',#3934,#3935);
#2755=LINE('',#3937,#3938);
#2756=VERTEX_POINT('',#3940);
#2757=CIRCLE('',#3941,8.85);
#2758=LINE('',#3945,#3946);
#2759=VERTEX_POINT('',#3948);
#2760=LINE('',#3949,#3950);
#2761=LINE('',#3952,#3953);
#2762=VERTEX_POINT('',#3955);
#2763=LINE('',#3956,#3957);
#2764=VERTEX_POINT('',#3959);
#2765=LINE('',#3960,#3961);
#2766=LINE('',#3963,#3964);
#2767=VERTEX_POINT('',#3966);
#2768=CIRCLE('',#3967,8.85);
#2769=LINE('',#3971,#3972);
#2770=VERTEX_POINT('',#3974);
#2771=LINE('',#3975,#3976);
#2772=LINE('',#3978,#3979);
#2773=VERTEX_POINT('',#3981);
#2774=LINE('',#3982,#3983);
#2775=VERTEX_POINT('',#3985);
#2776=LINE('',#3986,#3987);
#2777=LINE('',#3989,#3990);
#2778=VERTEX_POINT('',#3992);
#2779=CIRCLE('',#3993,8.85);
#2780=LINE('',#3997,#3998);
#2781=VERTEX_POINT('',#4000);
#2782=LINE('',#4001,#4002);
#2783=LINE('',#4004,#4005);
#2784=VERTEX_POINT('',#4007);
#2785=LINE('',#4008,#4009);
#2786=VERTEX_POINT('',#4011);
#2787=LINE('',#4012,#4013);
#2788=LINE('',#4015,#4016);
#2789=VERTEX_POINT('',#4018);
#2790=CIRCLE('',#4019,8.85);
#2791=LINE('',#4023,#4024);
#2792=VERTEX_POINT('',#4026);
#2793=LINE('',#4027,#4028);
#2794=LINE('',#4030,#4031);
#2795=LINE('',#4033,#4034);
#2796=LINE('',#4036,#4037);
#2797=LINE('',#4039,#4040);
#2798=LINE('',#4042,#4043);
#2799=LINE('',#4045,#4046);
#2800=LINE('',#4048,#4049);
#2801=LINE('',#4051,#4052);
#2802=LINE('',#4054,#4055);
#2803=LINE('',#4057,#4058);
#2804=LINE('',#4060,#4061);
#2805=LINE('',#4063,#4064);
#2806=LINE('',#4066,#4067);
#2807=LINE('',#4069,#4070);
#2808=LINE('',#4072,#4073);
#2809=LINE('',#4075,#4076);
#2810=LINE('',#4078,#4079);
#2811=LINE('',#4081,#4082);
#2812=LINE('',#4084,#4085);
#2813=LINE('',#4087,#4088);
#2814=LINE('',#4090,#4091);
#2815=LINE('',#4093,#4094);
#2816=LINE('',#4096,#4097);
#2817=LINE('',#4099,#4100);
#2818=LINE('',#4102,#4103);
#2819=LINE('',#4105,#4106);
#2820=LINE('',#4108,#4109);
#2821=LINE('',#4111,#4112);
#2822=LINE('',#4114,#4115);
#2823=LINE('',#4117,#4118);
#2824=LINE('',#4120,#4121);
#2825=LINE('',#4123,#4124);
#2826=LINE('',#4126,#4127);
#2827=LINE('',#4129,#4130);
#2828=LINE('',#4132,#4133);
#2829=LINE('',#4135,#4136);
#2830=LINE('',#4138,#4139);
#2831=LINE('',#4141,#4142);
#2832=LINE('',#4144,#4145);
#2833=LINE('',#4147,#4148);
#2834=LINE('',#4150,#4151);
#2835=LINE('',#4153,#4154);
#2836=LINE('',#4156,#4157);
#2837=LINE('',#4159,#4160);
#2838=LINE('',#4162,#4163);
#2839=LINE('',#4165,#4166);
#2840=LINE('',#4168,#4169);
#2841=LINE('',#4171,#4172);
#2842=LINE('',#4174,#4175);
#2843=CARTESIAN_POINT('',(-12.949749954989,20.2951330752933,-4.));
#2844=CARTESIAN_POINT('',(-13.0614928368735,21.9999999999999,-4.));
#2845=AXIS2_PLACEMENT_3D('',#2846,#2847,#2848);
#2846=CARTESIAN_POINT('',(2.66453525910038E-15,22.,-4.));
#2847=DIRECTION('',(0.,0.,1.));
#2848=DIRECTION('',(-1.,0.,0.));
#2849=CARTESIAN_POINT('',(-8.84999999999999,22.,-4.));
#2850=CARTESIAN_POINT('',(-13.0614928368735,21.9999999999998,-4.));
#2851=VECTOR('',#2852,1.);
#2852=DIRECTION('',(1.,1.34972137108055E-14,0.));
#2853=AXIS2_PLACEMENT_3D('',#2854,#2855,#2856);
#2854=CARTESIAN_POINT('',(-7.25,22.,-4.));
#2855=DIRECTION('',(0.,0.,1.));
#2856=DIRECTION('',(-1.,1.22464679914735E-16,0.));
#2857=CARTESIAN_POINT('',(-8.77428702315823,23.1551568011473,-4.));
#2858=AXIS2_PLACEMENT_3D('',#2859,#2860,#2861);
#2859=CARTESIAN_POINT('',(2.69422295812418E-15,22.,-4.));
#2860=DIRECTION('',(0.,0.,1.));
#2861=DIRECTION('',(-0.991444861373812,0.130526192220038,0.));
#2862=CARTESIAN_POINT('',(-12.9497499549891,23.7048669247064,-4.));
#2863=CARTESIAN_POINT('',(-8.77428702315823,23.1551568011473,-4.));
#2864=VECTOR('',#2865,1.);
#2865=DIRECTION('',(-0.991444861373812,0.130526192220038,0.));
#2866=CARTESIAN_POINT('',(-12.6164332610258,25.3805631036529,-4.));
#2867=AXIS2_PLACEMENT_3D('',#2868,#2869,#2870);
#2868=CARTESIAN_POINT('',(2.69422295812418E-15,22.,-4.));
#2869=DIRECTION('',(0.,0.,1.));
#2870=DIRECTION('',(-0.965925826289071,0.25881904510251,0.));
#2871=CARTESIAN_POINT('',(-8.54844356265828,24.2905485491572,-4.));
#2872=CARTESIAN_POINT('',(-12.6164332610258,25.3805631036528,-4.));
#2873=VECTOR('',#2874,1.);
#2874=DIRECTION('',(0.965925826289072,-0.258819045102508,0.));
#2875=CARTESIAN_POINT('',(-8.17633386272493,25.3867483764309,-4.));
#2876=AXIS2_PLACEMENT_3D('',#2877,#2878,#2879);
#2877=CARTESIAN_POINT('',(2.69422295812418E-15,22.,-4.));
#2878=DIRECTION('',(0.,0.,1.));
#2879=DIRECTION('',(-0.923879532511292,0.382683432365078,0.));
#2880=CARTESIAN_POINT('',(-12.0672458960302,26.9984169106266,-4.));
#2881=CARTESIAN_POINT('',(-8.17633386272493,25.3867483764309,-4.));
#2882=VECTOR('',#2883,1.);
#2883=DIRECTION('',(-0.923879532511292,0.382683432365077,0.));
#2884=CARTESIAN_POINT('',(-11.311584608081,28.5307464184366,-4.));
#2885=AXIS2_PLACEMENT_3D('',#2886,#2887,#2888);
#2886=CARTESIAN_POINT('',(2.69422295812418E-15,22.,-4.));
#2887=DIRECTION('',(0.,0.,1.));
#2888=DIRECTION('',(-0.866025403784445,0.499999999999989,0.));
#2889=CARTESIAN_POINT('',(-7.66432482349234,26.4249999999999,-4.));
#2890=CARTESIAN_POINT('',(-11.311584608081,28.5307464184366,-4.));
#2891=VECTOR('',#2892,1.);
#2892=DIRECTION('',(0.866025403784445,-0.499999999999989,0.));
#2893=CARTESIAN_POINT('',(-7.0211770615775,27.3875386467271,-4.));
#2894=AXIS2_PLACEMENT_3D('',#2895,#2896,#2897);
#2895=CARTESIAN_POINT('',(2.69422295812418E-15,22.,-4.));
#2896=DIRECTION('',(0.,0.,1.));
#2897=DIRECTION('',(-0.793353340291243,0.60876142900871,0.));
#2898=CARTESIAN_POINT('',(-10.3623789713237,29.9513330443621,-4.));
#2899=CARTESIAN_POINT('',(-7.0211770615775,27.3875386467271,-4.));
#2900=VECTOR('',#2901,1.);
#2901=DIRECTION('',(-0.793353340291243,0.60876142900871,0.));
#2902=CARTESIAN_POINT('',(-9.23587015737286,31.2358701573726,-4.));
#2903=AXIS2_PLACEMENT_3D('',#2904,#2905,#2906);
#2904=CARTESIAN_POINT('',(2.69422295812418E-15,22.,-4.));
#2905=DIRECTION('',(0.,0.,1.));
#2906=DIRECTION('',(-0.707106781186557,0.707106781186538,0.));
#2907=CARTESIAN_POINT('',(-6.25789501350102,28.2578950135009,-4.));
#2908=CARTESIAN_POINT('',(-9.23587015737287,31.2358701573726,-4.));
#2909=VECTOR('',#2910,1.);
#2910=DIRECTION('',(0.707106781186557,-0.707106781186538,0.));
#2911=CARTESIAN_POINT('',(-5.38753864672726,29.0211770615774,-4.));
#2912=AXIS2_PLACEMENT_3D('',#2913,#2914,#2915);
#2913=CARTESIAN_POINT('',(2.69422295812418E-15,22.,-4.));
#2914=DIRECTION('',(0.,0.,1.));
#2915=DIRECTION('',(-0.60876142900873,0.793353340291228,0.));
#2916=CARTESIAN_POINT('',(-7.95133304436239,32.3623789713235,-4.));
#2917=CARTESIAN_POINT('',(-5.38753864672726,29.0211770615774,-4.));
#2918=VECTOR('',#2919,1.);
#2919=DIRECTION('',(-0.60876142900873,0.793353340291228,0.));
#2920=CARTESIAN_POINT('',(-6.53074641843689,33.3115846080808,-4.));
#2921=AXIS2_PLACEMENT_3D('',#2922,#2923,#2924);
#2922=CARTESIAN_POINT('',(2.69422295812418E-15,22.,-4.));
#2923=DIRECTION('',(0.,0.,1.));
#2924=DIRECTION('',(-0.500000000000013,0.866025403784431,0.));
#2925=CARTESIAN_POINT('',(-4.42500000000009,29.6643248234922,-4.));
#2926=CARTESIAN_POINT('',(-6.53074641843688,33.3115846080808,-4.));
#2927=VECTOR('',#2928,1.);
#2928=DIRECTION('',(0.500000000000011,-0.866025403784432,0.));
#2929=CARTESIAN_POINT('',(-3.38674837643114,30.1763338627248,-4.));
#2930=AXIS2_PLACEMENT_3D('',#2931,#2932,#2933);
#2931=CARTESIAN_POINT('',(2.69422295812418E-15,22.,-4.));
#2932=DIRECTION('',(0.,0.,1.));
#2933=DIRECTION('',(-0.382683432365101,0.923879532511282,0.));
#2934=CARTESIAN_POINT('',(-4.99841691062691,34.0672458960301,-4.));
#2935=CARTESIAN_POINT('',(-3.38674837643114,30.1763338627248,-4.));
#2936=VECTOR('',#2937,1.);
#2937=DIRECTION('',(-0.382683432365101,0.923879532511282,0.));
#2938=CARTESIAN_POINT('',(-3.38056310365314,34.6164332610257,-4.));
#2939=AXIS2_PLACEMENT_3D('',#2940,#2941,#2942);
#2940=CARTESIAN_POINT('',(2.69422295812418E-15,22.,-4.));
#2941=DIRECTION('',(0.,0.,1.));
#2942=DIRECTION('',(-0.258819045102529,0.965925826289066,0.));
#2943=CARTESIAN_POINT('',(-2.29054854915741,30.5484435626582,-4.));
#2944=CARTESIAN_POINT('',(-3.38056310365316,34.6164332610257,-4.));
#2945=VECTOR('',#2946,1.);
#2946=DIRECTION('',(0.258819045102533,-0.965925826289065,0.));
#2947=CARTESIAN_POINT('',(-1.15515680114756,30.7742870231582,-4.));
#2948=AXIS2_PLACEMENT_3D('',#2949,#2950,#2951);
#2949=CARTESIAN_POINT('',(2.69422295812418E-15,22.,-4.));
#2950=DIRECTION('',(0.,0.,1.));
#2951=DIRECTION('',(-0.130526192220064,0.991444861373809,0.));
#2952=CARTESIAN_POINT('',(-1.70486692470672,34.949749954989,-4.));
#2953=CARTESIAN_POINT('',(-1.15515680114756,30.7742870231582,-4.));
#2954=VECTOR('',#2955,1.);
#2955=DIRECTION('',(-0.130526192220064,0.991444861373809,0.));
#2956=CARTESIAN_POINT('',(-1.11567111066616E-13,35.0614928368735,-4.));
#2957=AXIS2_PLACEMENT_3D('',#2958,#2959,#2960);
#2958=CARTESIAN_POINT('',(2.69422295812418E-15,22.,-4.));
#2959=DIRECTION('',(0.,0.,1.));
#2960=DIRECTION('',(-5.02290881841391E-15,1.,0.));
#2961=CARTESIAN_POINT('',(-1.09721688253492E-13,30.85,-4.));
#2962=CARTESIAN_POINT('',(-1.63424829224823E-13,35.0614928368735,-4.));
#2963=VECTOR('',#2964,1.);
#2964=DIRECTION('',(1.27839554780626E-14,-1.,0.));
#2965=CARTESIAN_POINT('',(1.15515680114735,30.7742870231582,-4.));
#2966=AXIS2_PLACEMENT_3D('',#2967,#2968,#2969);
#2967=CARTESIAN_POINT('',(2.69422295812418E-15,22.,-4.));
#2968=DIRECTION('',(0.,0.,1.));
#2969=DIRECTION('',(0.130526192220039,0.991444861373812,0.));
#2970=CARTESIAN_POINT('',(1.70486692470643,34.9497499549891,-4.));
#2971=CARTESIAN_POINT('',(1.15515680114735,30.7742870231582,-4.));
#2972=VECTOR('',#2973,1.);
#2973=DIRECTION('',(0.130526192220039,0.991444861373812,0.));
#2974=CARTESIAN_POINT('',(3.38056310365284,34.6164332610258,-4.));
#2975=AXIS2_PLACEMENT_3D('',#2976,#2977,#2978);
#2976=CARTESIAN_POINT('',(2.69422295812418E-15,22.,-4.));
#2977=DIRECTION('',(0.,0.,1.));
#2978=DIRECTION('',(0.258819045102507,0.965925826289072,0.));
#2979=CARTESIAN_POINT('',(2.2905485491572,30.5484435626583,-4.));
#2980=CARTESIAN_POINT('',(3.38056310365285,34.6164332610258,-4.));
#2981=VECTOR('',#2982,1.);
#2982=DIRECTION('',(-0.258819045102508,-0.965925826289071,0.));
#2983=CARTESIAN_POINT('',(3.38674837643094,30.1763338627249,-4.));
#2984=AXIS2_PLACEMENT_3D('',#2985,#2986,#2987);
#2985=CARTESIAN_POINT('',(2.69422295812418E-15,22.,-4.));
#2986=DIRECTION('',(0.,0.,1.));
#2987=DIRECTION('',(0.382683432365078,0.923879532511292,0.));
#2988=CARTESIAN_POINT('',(4.99841691062666,34.0672458960302,-4.));
#2989=CARTESIAN_POINT('',(3.38674837643094,30.1763338627249,-4.));
#2990=VECTOR('',#2991,1.);
#2991=DIRECTION('',(0.382683432365078,0.923879532511292,0.));
#2992=CARTESIAN_POINT('',(6.5307464184366,33.311584608081,-4.));
#2993=AXIS2_PLACEMENT_3D('',#2994,#2995,#2996);
#2994=CARTESIAN_POINT('',(2.69422295812418E-15,22.,-4.));
#2995=DIRECTION('',(0.,0.,1.));
#2996=DIRECTION('',(0.499999999999989,0.866025403784445,0.));
#2997=CARTESIAN_POINT('',(4.4249999999999,29.6643248234923,-4.));
#2998=CARTESIAN_POINT('',(6.5307464184366,33.311584608081,-4.));
#2999=VECTOR('',#3000,1.);
#3000=DIRECTION('',(-0.499999999999989,-0.866025403784445,0.));
#3001=CARTESIAN_POINT('',(5.38753864672709,29.0211770615775,-4.));
#3002=AXIS2_PLACEMENT_3D('',#3003,#3004,#3005);
#3003=CARTESIAN_POINT('',(2.69422295812418E-15,22.,-4.));
#3004=DIRECTION('',(0.,0.,1.));
#3005=DIRECTION('',(0.60876142900871,0.793353340291243,0.));
#3006=CARTESIAN_POINT('',(7.95133304436215,32.3623789713237,-4.));
#3007=CARTESIAN_POINT('',(5.38753864672709,29.0211770615775,-4.));
#3008=VECTOR('',#3009,1.);
#3009=DIRECTION('',(0.60876142900871,0.793353340291243,0.));
#3010=CARTESIAN_POINT('',(9.23587015737265,31.2358701573729,-4.));
#3011=AXIS2_PLACEMENT_3D('',#3012,#3013,#3014);
#3012=CARTESIAN_POINT('',(2.69422295812418E-15,22.,-4.));
#3013=DIRECTION('',(0.,0.,1.));
#3014=DIRECTION('',(0.70710678118654,0.707106781186555,0.));
#3015=CARTESIAN_POINT('',(6.25789501350087,28.257895013501,-4.));
#3016=CARTESIAN_POINT('',(9.23587015737264,31.2358701573729,-4.));
#3017=VECTOR('',#3018,1.);
#3018=DIRECTION('',(-0.707106781186539,-0.707106781186556,0.));
#3019=CARTESIAN_POINT('',(7.02117706157737,27.3875386467273,-4.));
#3020=AXIS2_PLACEMENT_3D('',#3021,#3022,#3023);
#3021=CARTESIAN_POINT('',(2.69422295812418E-15,22.,-4.));
#3022=DIRECTION('',(0.,0.,1.));
#3023=DIRECTION('',(0.793353340291228,0.608761429008731,0.));
#3024=CARTESIAN_POINT('',(10.3623789713235,29.9513330443624,-4.));
#3025=CARTESIAN_POINT('',(7.02117706157737,27.3875386467273,-4.));
#3026=VECTOR('',#3027,1.);
#3027=DIRECTION('',(0.793353340291228,0.60876142900873,0.));
#3028=CARTESIAN_POINT('',(11.3115846080808,28.5307464184369,-4.));
#3029=AXIS2_PLACEMENT_3D('',#3030,#3031,#3032);
#3030=CARTESIAN_POINT('',(2.69422295812418E-15,22.,-4.));
#3031=DIRECTION('',(0.,0.,1.));
#3032=DIRECTION('',(0.866025403784433,0.50000000000001,0.));
#3033=CARTESIAN_POINT('',(7.66432482349223,26.4250000000001,-4.));
#3034=CARTESIAN_POINT('',(11.3115846080808,28.5307464184369,-4.));
#3035=VECTOR('',#3036,1.);
#3036=DIRECTION('',(-0.866025403784433,-0.50000000000001,0.));
#3037=CARTESIAN_POINT('',(8.17633386272485,25.3867483764311,-4.));
#3038=AXIS2_PLACEMENT_3D('',#3039,#3040,#3041);
#3039=CARTESIAN_POINT('',(2.69422295812418E-15,22.,-4.));
#3040=DIRECTION('',(0.,0.,1.));
#3041=DIRECTION('',(0.923879532511282,0.382683432365101,0.));
#3042=CARTESIAN_POINT('',(12.0672458960301,26.9984169106269,-4.));
#3043=CARTESIAN_POINT('',(8.17633386272485,25.3867483764311,-4.));
#3044=VECTOR('',#3045,1.);
#3045=DIRECTION('',(0.923879532511282,0.382683432365101,0.));
#3046=CARTESIAN_POINT('',(12.6164332610257,25.3805631036532,-4.));
#3047=AXIS2_PLACEMENT_3D('',#3048,#3049,#3050);
#3048=CARTESIAN_POINT('',(2.69422295812418E-15,22.,-4.));
#3049=DIRECTION('',(0.,0.,1.));
#3050=DIRECTION('',(0.965925826289065,0.258819045102535,0.));
#3051=CARTESIAN_POINT('',(8.54844356265823,24.2905485491574,-4.));
#3052=CARTESIAN_POINT('',(12.6164332610257,25.3805631036532,-4.));
#3053=VECTOR('',#3054,1.);
#3054=DIRECTION('',(-0.965925826289065,-0.258819045102533,0.));
#3055=CARTESIAN_POINT('',(8.77428702315821,23.1551568011476,-4.));
#3056=AXIS2_PLACEMENT_3D('',#3057,#3058,#3059);
#3057=CARTESIAN_POINT('',(2.69422295812418E-15,22.,-4.));
#3058=DIRECTION('',(0.,0.,1.));
#3059=DIRECTION('',(0.991444861373809,0.130526192220064,0.));
#3060=CARTESIAN_POINT('',(12.949749954989,23.7048669247067,-4.));
#3061=CARTESIAN_POINT('',(8.77428702315821,23.1551568011476,-4.));
#3062=VECTOR('',#3063,1.);
#3063=DIRECTION('',(0.991444861373809,0.130526192220063,0.));
#3064=CARTESIAN_POINT('',(13.0614928368735,22.0000000000001,-4.));
#3065=AXIS2_PLACEMENT_3D('',#3066,#3067,#3068);
#3066=CARTESIAN_POINT('',(2.69422295812418E-15,22.,-4.));
#3067=DIRECTION('',(0.,0.,1.));
#3068=DIRECTION('',(1.,1.22399573726131E-14,0.));
#3069=CARTESIAN_POINT('',(8.85,22.0000000000001,-4.));
#3070=CARTESIAN_POINT('',(13.0614928368735,22.0000000000002,-4.));
#3071=VECTOR('',#3072,1.);
#3072=DIRECTION('',(-1.,-1.26536378538802E-14,0.));
#3073=CARTESIAN_POINT('',(5.65,22.,-4.));
#3074=AXIS2_PLACEMENT_3D('',#3075,#3076,#3077);
#3075=CARTESIAN_POINT('',(7.25,22.,-4.));
#3076=DIRECTION('',(0.,0.,1.));
#3077=DIRECTION('',(1.,0.,0.));
#3078=AXIS2_PLACEMENT_3D('',#3079,#3080,#3081);
#3079=CARTESIAN_POINT('',(7.25,22.,-4.));
#3080=DIRECTION('',(0.,0.,1.));
#3081=DIRECTION('',(-1.,0.,0.));
#3082=CARTESIAN_POINT('',(8.77428702315824,20.8448431988527,-4.));
#3083=AXIS2_PLACEMENT_3D('',#3084,#3085,#3086);
#3084=CARTESIAN_POINT('',(2.69422295812418E-15,22.,-4.));
#3085=DIRECTION('',(0.,0.,1.));
#3086=DIRECTION('',(0.991444861373812,-0.130526192220037,0.));
#3087=CARTESIAN_POINT('',(12.9497499549891,20.2951330752936,-4.));
#3088=CARTESIAN_POINT('',(8.77428702315824,20.8448431988527,-4.));
#3089=VECTOR('',#3090,1.);
#3090=DIRECTION('',(0.991444861373812,-0.130526192220037,0.));
#3091=CARTESIAN_POINT('',(12.6164332610258,18.6194368963472,-4.));
#3092=AXIS2_PLACEMENT_3D('',#3093,#3094,#3095);
#3093=CARTESIAN_POINT('',(2.66453525910038E-15,22.,-4.));
#3094=DIRECTION('',(0.,0.,1.));
#3095=DIRECTION('',(0.965925826289071,-0.25881904510251,0.));
#3096=CARTESIAN_POINT('',(8.54844356265829,19.7094514508428,-4.));
#3097=CARTESIAN_POINT('',(12.6164332610258,18.6194368963472,-4.));
#3098=VECTOR('',#3099,1.);
#3099=DIRECTION('',(-0.965925826289072,0.258819045102506,0.));
#3100=CARTESIAN_POINT('',(8.17633386272494,18.6132516235691,-4.));
#3101=AXIS2_PLACEMENT_3D('',#3102,#3103,#3104);
#3102=CARTESIAN_POINT('',(2.69422295812418E-15,22.,-4.));
#3103=DIRECTION('',(0.,0.,1.));
#3104=DIRECTION('',(0.923879532511293,-0.382683432365076,0.));
#3105=CARTESIAN_POINT('',(12.0672458960303,17.0015830893734,-4.));
#3106=CARTESIAN_POINT('',(8.17633386272494,18.6132516235691,-4.));
#3107=VECTOR('',#3108,1.);
#3108=DIRECTION('',(0.923879532511292,-0.382683432365076,0.));
#3109=CARTESIAN_POINT('',(11.311584608081,15.4692535815634,-4.));
#3110=AXIS2_PLACEMENT_3D('',#3111,#3112,#3113);
#3111=CARTESIAN_POINT('',(2.66453525910038E-15,22.,-4.));
#3112=DIRECTION('',(0.,0.,1.));
#3113=DIRECTION('',(0.866025403784447,-0.499999999999987,0.));
#3114=CARTESIAN_POINT('',(7.66432482349235,17.5750000000001,-4.));
#3115=CARTESIAN_POINT('',(11.311584608081,15.4692535815634,-4.));
#3116=VECTOR('',#3117,1.);
#3117=DIRECTION('',(-0.866025403784446,0.499999999999987,0.));
#3118=CARTESIAN_POINT('',(7.02117706157751,16.6124613532729,-4.));
#3119=AXIS2_PLACEMENT_3D('',#3120,#3121,#3122);
#3120=CARTESIAN_POINT('',(2.69422295812418E-15,22.,-4.));
#3121=DIRECTION('',(0.,0.,1.));
#3122=DIRECTION('',(0.793353340291244,-0.608761429008709,0.));
#3123=CARTESIAN_POINT('',(10.3623789713237,14.0486669556379,-4.));
#3124=CARTESIAN_POINT('',(7.02117706157751,16.6124613532729,-4.));
#3125=VECTOR('',#3126,1.);
#3126=DIRECTION('',(0.793353340291244,-0.608761429008709,0.));
#3127=CARTESIAN_POINT('',(9.23587015737288,12.7641298426274,-4.));
#3128=AXIS2_PLACEMENT_3D('',#3129,#3130,#3131);
#3129=CARTESIAN_POINT('',(2.66453525910038E-15,22.,-4.));
#3130=DIRECTION('',(0.,0.,1.));
#3131=DIRECTION('',(0.707106781186557,-0.707106781186537,0.));
#3132=CARTESIAN_POINT('',(6.25789501350104,15.7421049864991,-4.));
#3133=CARTESIAN_POINT('',(9.23587015737289,12.7641298426274,-4.));
#3134=VECTOR('',#3135,1.);
#3135=DIRECTION('',(-0.707106781186558,0.707106781186537,0.));
#3136=CARTESIAN_POINT('',(5.38753864672728,14.9788229384226,-4.));
#3137=AXIS2_PLACEMENT_3D('',#3138,#3139,#3140);
#3138=CARTESIAN_POINT('',(2.69422295812418E-15,22.,-4.));
#3139=DIRECTION('',(0.,0.,1.));
#3140=DIRECTION('',(0.608761429008732,-0.793353340291226,0.));
#3141=CARTESIAN_POINT('',(7.95133304436241,11.6376210286765,-4.));
#3142=CARTESIAN_POINT('',(5.38753864672728,14.9788229384226,-4.));
#3143=VECTOR('',#3144,1.);
#3144=DIRECTION('',(0.608761429008732,-0.793353340291226,0.));
#3145=CARTESIAN_POINT('',(6.53074641843689,10.6884153919192,-4.));
#3146=AXIS2_PLACEMENT_3D('',#3147,#3148,#3149);
#3147=CARTESIAN_POINT('',(2.66453525910038E-15,22.,-4.));
#3148=DIRECTION('',(0.,0.,1.));
#3149=DIRECTION('',(0.500000000000011,-0.866025403784432,0.));
#3150=CARTESIAN_POINT('',(4.42500000000011,14.3356751765078,-4.));
#3151=CARTESIAN_POINT('',(6.5307464184369,10.6884153919192,-4.));
#3152=VECTOR('',#3153,1.);
#3153=DIRECTION('',(-0.500000000000012,0.866025403784432,0.));
#3154=CARTESIAN_POINT('',(3.38674837643117,13.8236661372752,-4.));
#3155=AXIS2_PLACEMENT_3D('',#3156,#3157,#3158);
#3156=CARTESIAN_POINT('',(2.69422295812418E-15,22.,-4.));
#3157=DIRECTION('',(0.,0.,1.));
#3158=DIRECTION('',(0.382683432365103,-0.923879532511281,0.));
#3159=CARTESIAN_POINT('',(4.99841691062694,9.93275410396988,-4.));
#3160=CARTESIAN_POINT('',(3.38674837643116,13.8236661372752,-4.));
#3161=VECTOR('',#3162,1.);
#3162=DIRECTION('',(0.382683432365103,-0.923879532511281,0.));
#3163=CARTESIAN_POINT('',(3.38056310365318,9.38356673897429,-4.));
#3164=AXIS2_PLACEMENT_3D('',#3165,#3166,#3167);
#3165=CARTESIAN_POINT('',(2.66453525910038E-15,22.,-4.));
#3166=DIRECTION('',(0.,0.,1.));
#3167=DIRECTION('',(0.258819045102535,-0.965925826289065,0.));
#3168=CARTESIAN_POINT('',(2.29054854915743,13.4515564373418,-4.));
#3169=CARTESIAN_POINT('',(3.38056310365319,9.38356673897429,-4.));
#3170=VECTOR('',#3171,1.);
#3171=DIRECTION('',(-0.258819045102534,0.965925826289065,0.));
#3172=CARTESIAN_POINT('',(1.15515680114758,13.2257129768418,-4.));
#3173=AXIS2_PLACEMENT_3D('',#3174,#3175,#3176);
#3174=CARTESIAN_POINT('',(2.69422295812418E-15,22.,-4.));
#3175=DIRECTION('',(0.,0.,1.));
#3176=DIRECTION('',(0.130526192220066,-0.991444861373808,0.));
#3177=CARTESIAN_POINT('',(1.70486692470675,9.05025004501098,-4.));
#3178=CARTESIAN_POINT('',(1.15515680114758,13.2257129768418,-4.));
#3179=VECTOR('',#3180,1.);
#3180=DIRECTION('',(0.130526192220066,-0.991444861373808,0.));
#3181=CARTESIAN_POINT('',(1.76263292255253E-13,8.93850716312652,-4.));
#3182=AXIS2_PLACEMENT_3D('',#3183,#3184,#3185);
#3183=CARTESIAN_POINT('',(2.66453525910038E-15,22.,-4.));
#3184=DIRECTION('',(0.,0.,1.));
#3185=DIRECTION('',(1.48157561900197E-14,-1.,0.));
#3186=CARTESIAN_POINT('',(1.29728117773799E-13,13.15,-4.));
#3187=CARTESIAN_POINT('',(1.89243627205252E-13,8.93850716312652,-4.));
#3188=VECTOR('',#3189,1.);
#3189=DIRECTION('',(-1.42166684808213E-14,1.,0.));
#3190=CARTESIAN_POINT('',(-1.15515680114733,13.2257129768418,-4.));
#3191=AXIS2_PLACEMENT_3D('',#3192,#3193,#3194);
#3192=CARTESIAN_POINT('',(2.69422295812418E-15,22.,-4.));
#3193=DIRECTION('',(0.,0.,1.));
#3194=DIRECTION('',(-0.130526192220037,-0.991444861373812,0.));
#3195=CARTESIAN_POINT('',(-1.7048669247064,9.05025004501094,-4.));
#3196=CARTESIAN_POINT('',(-1.15515680114733,13.2257129768418,-4.));
#3197=VECTOR('',#3198,1.);
#3198=DIRECTION('',(-0.130526192220037,-0.991444861373812,0.));
#3199=CARTESIAN_POINT('',(-3.38056310365284,9.3835667389742,-4.));
#3200=AXIS2_PLACEMENT_3D('',#3201,#3202,#3203);
#3201=CARTESIAN_POINT('',(2.66453525910038E-15,22.,-4.));
#3202=DIRECTION('',(0.,0.,1.));
#3203=DIRECTION('',(-0.258819045102507,-0.965925826289072,0.));
#3204=CARTESIAN_POINT('',(-2.29054854915718,13.4515564373417,-4.));
#3205=CARTESIAN_POINT('',(-3.38056310365282,9.38356673897419,-4.));
#3206=VECTOR('',#3207,1.);
#3207=DIRECTION('',(0.258819045102507,0.965925826289072,0.));
#3208=CARTESIAN_POINT('',(-3.38674837643092,13.8236661372751,-4.));
#3209=AXIS2_PLACEMENT_3D('',#3210,#3211,#3212);
#3210=CARTESIAN_POINT('',(2.69422295812418E-15,22.,-4.));
#3211=DIRECTION('',(0.,0.,1.));
#3212=DIRECTION('',(-0.382683432365076,-0.923879532511292,0.));
#3213=CARTESIAN_POINT('',(-4.99841691062661,9.93275410396975,-4.));
#3214=CARTESIAN_POINT('',(-3.38674837643092,13.8236661372751,-4.));
#3215=VECTOR('',#3216,1.);
#3216=DIRECTION('',(-0.382683432365076,-0.923879532511292,0.));
#3217=CARTESIAN_POINT('',(-6.53074641843658,10.688415391919,-4.));
#3218=AXIS2_PLACEMENT_3D('',#3219,#3220,#3221);
#3219=CARTESIAN_POINT('',(2.66453525910038E-15,22.,-4.));
#3220=DIRECTION('',(0.,0.,1.));
#3221=DIRECTION('',(-0.499999999999987,-0.866025403784446,0.));
#3222=CARTESIAN_POINT('',(-4.42499999999988,14.3356751765077,-4.));
#3223=CARTESIAN_POINT('',(-6.53074641843657,10.688415391919,-4.));
#3224=VECTOR('',#3225,1.);
#3225=DIRECTION('',(0.499999999999987,0.866025403784446,0.));
#3226=CARTESIAN_POINT('',(-5.38753864672707,14.9788229384225,-4.));
#3227=AXIS2_PLACEMENT_3D('',#3228,#3229,#3230);
#3228=CARTESIAN_POINT('',(2.69422295812418E-15,22.,-4.));
#3229=DIRECTION('',(0.,0.,1.));
#3230=DIRECTION('',(-0.608761429008709,-0.793353340291244,0.));
#3231=CARTESIAN_POINT('',(-7.95133304436212,11.6376210286763,-4.));
#3232=CARTESIAN_POINT('',(-5.38753864672707,14.9788229384225,-4.));
#3233=VECTOR('',#3234,1.);
#3234=DIRECTION('',(-0.608761429008709,-0.793353340291244,0.));
#3235=CARTESIAN_POINT('',(-9.23587015737263,12.7641298426271,-4.));
#3236=AXIS2_PLACEMENT_3D('',#3237,#3238,#3239);
#3237=CARTESIAN_POINT('',(2.66453525910038E-15,22.,-4.));
#3238=DIRECTION('',(0.,0.,1.));
#3239=DIRECTION('',(-0.707106781186538,-0.707106781186557,0.));
#3240=CARTESIAN_POINT('',(-6.25789501350085,15.742104986499,-4.));
#3241=CARTESIAN_POINT('',(-9.23587015737262,12.7641298426271,-4.));
#3242=VECTOR('',#3243,1.);
#3243=DIRECTION('',(0.707106781186538,0.707106781186557,0.));
#3244=CARTESIAN_POINT('',(-7.02117706157735,16.6124613532727,-4.));
#3245=AXIS2_PLACEMENT_3D('',#3246,#3247,#3248);
#3246=CARTESIAN_POINT('',(2.69422295812418E-15,22.,-4.));
#3247=DIRECTION('',(0.,0.,1.));
#3248=DIRECTION('',(-0.793353340291226,-0.608761429008732,0.));
#3249=CARTESIAN_POINT('',(-10.3623789713235,14.0486669556376,-4.));
#3250=CARTESIAN_POINT('',(-7.02117706157735,16.6124613532727,-4.));
#3251=VECTOR('',#3252,1.);
#3252=DIRECTION('',(-0.793353340291227,-0.608761429008732,0.));
#3253=CARTESIAN_POINT('',(-11.3115846080808,15.4692535815631,-4.));
#3254=AXIS2_PLACEMENT_3D('',#3255,#3256,#3257);
#3255=CARTESIAN_POINT('',(2.66453525910038E-15,22.,-4.));
#3256=DIRECTION('',(0.,0.,1.));
#3257=DIRECTION('',(-0.866025403784431,-0.500000000000013,0.));
#3258=CARTESIAN_POINT('',(-7.66432482349222,17.5749999999999,-4.));
#3259=CARTESIAN_POINT('',(-11.3115846080808,15.4692535815631,-4.));
#3260=VECTOR('',#3261,1.);
#3261=DIRECTION('',(0.866025403784431,0.500000000000012,0.));
#3262=CARTESIAN_POINT('',(-8.17633386272484,18.6132516235688,-4.));
#3263=AXIS2_PLACEMENT_3D('',#3264,#3265,#3266);
#3264=CARTESIAN_POINT('',(2.69422295812418E-15,22.,-4.));
#3265=DIRECTION('',(0.,0.,1.));
#3266=DIRECTION('',(-0.923879532511281,-0.382683432365102,0.));
#3267=CARTESIAN_POINT('',(-12.0672458960301,17.0015830893731,-4.));
#3268=CARTESIAN_POINT('',(-8.17633386272484,18.6132516235688,-4.));
#3269=VECTOR('',#3270,1.);
#3270=DIRECTION('',(-0.923879532511281,-0.382683432365103,0.));
#3271=CARTESIAN_POINT('',(-12.6164332610257,18.6194368963468,-4.));
#3272=AXIS2_PLACEMENT_3D('',#3273,#3274,#3275);
#3273=CARTESIAN_POINT('',(2.66453525910038E-15,22.,-4.));
#3274=DIRECTION('',(0.,0.,1.));
#3275=DIRECTION('',(-0.965925826289064,-0.258819045102536,0.));
#3276=CARTESIAN_POINT('',(-8.54844356265822,19.7094514508426,-4.));
#3277=CARTESIAN_POINT('',(-12.6164332610257,18.6194368963468,-4.));
#3278=VECTOR('',#3279,1.);
#3279=DIRECTION('',(0.965925826289065,0.258819045102534,0.));
#3280=CARTESIAN_POINT('',(-8.7742870231582,20.8448431988524,-4.));
#3281=AXIS2_PLACEMENT_3D('',#3282,#3283,#3284);
#3282=CARTESIAN_POINT('',(2.69422295812418E-15,22.,-4.));
#3283=DIRECTION('',(0.,0.,1.));
#3284=DIRECTION('',(-0.991444861373809,-0.130526192220065,0.));
#3285=CARTESIAN_POINT('',(-8.7742870231582,20.8448431988524,-4.));
#3286=VECTOR('',#3287,1.);
#3287=DIRECTION('',(-0.991444861373809,-0.130526192220065,0.));
#3288=CARTESIAN_POINT('',(-4.225,22.,-4.));
#3289=AXIS2_PLACEMENT_3D('',#3290,#3291,#3292);
#3290=CARTESIAN_POINT('',(2.69422295812418E-15,22.,-4.));
#3291=DIRECTION('',(0.,0.,-1.));
#3292=DIRECTION('',(-1.,0.,0.));
#3293=CARTESIAN_POINT('',(-13.0614928368735,21.9999999999999,0.));
#3294=AXIS2_PLACEMENT_3D('',#3295,#3296,#3297);
#3295=CARTESIAN_POINT('',(2.66453525910038E-15,22.,0.));
#3296=DIRECTION('',(0.,0.,1.));
#3297=DIRECTION('',(-1.,0.,0.));
#3298=CARTESIAN_POINT('',(-4.225,22.,0.));
#3299=AXIS2_PLACEMENT_3D('',#3300,#3301,#3302);
#3300=CARTESIAN_POINT('',(2.69422295812418E-15,22.,0.));
#3301=DIRECTION('',(0.,0.,-1.));
#3302=DIRECTION('',(-1.,0.,0.));
#3303=CARTESIAN_POINT('',(5.65,22.,0.));
#3304=AXIS2_PLACEMENT_3D('',#3305,#3306,#3307);
#3305=CARTESIAN_POINT('',(7.25,22.,0.));
#3306=DIRECTION('',(0.,0.,1.));
#3307=DIRECTION('',(-1.,1.22464679914735E-16,0.));
#3308=CARTESIAN_POINT('',(-8.85,22.,0.));
#3309=AXIS2_PLACEMENT_3D('',#3310,#3311,#3312);
#3310=CARTESIAN_POINT('',(-7.25,22.,0.));
#3311=DIRECTION('',(0.,0.,1.));
#3312=DIRECTION('',(-1.,1.22464679914735E-16,0.));
#3313=AXIS2_PLACEMENT_3D('',#3314,#3315,#3316);
#3314=CARTESIAN_POINT('',(2.69422295812418E-15,22.,-4.));
#3315=DIRECTION('',(0.,0.,1.));
#3316=DIRECTION('',(0.991444861373809,0.130526192220061,0.));
#3317=AXIS2_PLACEMENT_3D('',#3318,#3319,#3320);
#3318=CARTESIAN_POINT('',(2.69422295812418E-15,22.,-4.));
#3319=DIRECTION('',(0.,0.,1.));
#3320=DIRECTION('',(0.923879532511282,0.382683432365101,0.));
#3321=AXIS2_PLACEMENT_3D('',#3322,#3323,#3324);
#3322=CARTESIAN_POINT('',(2.69422295812418E-15,22.,-4.));
#3323=DIRECTION('',(0.,0.,1.));
#3324=DIRECTION('',(0.793353340291228,0.60876142900873,0.));
#3325=AXIS2_PLACEMENT_3D('',#3326,#3327,#3328);
#3326=CARTESIAN_POINT('',(2.69422295812418E-15,22.,-4.));
#3327=DIRECTION('',(0.,0.,1.));
#3328=DIRECTION('',(0.608761429008713,0.793353340291241,0.));
#3329=AXIS2_PLACEMENT_3D('',#3330,#3331,#3332);
#3330=CARTESIAN_POINT('',(2.69422295812418E-15,22.,-4.));
#3331=DIRECTION('',(0.,0.,1.));
#3332=DIRECTION('',(0.382683432365084,0.923879532511289,0.));
#3333=AXIS2_PLACEMENT_3D('',#3334,#3335,#3336);
#3334=CARTESIAN_POINT('',(2.69422295812418E-15,22.,-4.));
#3335=DIRECTION('',(0.,0.,1.));
#3336=DIRECTION('',(0.130526192220041,0.991444861373812,0.));
#3337=AXIS2_PLACEMENT_3D('',#3338,#3339,#3340);
#3338=CARTESIAN_POINT('',(2.69422295812418E-15,22.,-4.));
#3339=DIRECTION('',(0.,0.,1.));
#3340=DIRECTION('',(-0.130526192220061,0.991444861373809,0.));
#3341=AXIS2_PLACEMENT_3D('',#3342,#3343,#3344);
#3342=CARTESIAN_POINT('',(2.69422295812418E-15,22.,-4.));
#3343=DIRECTION('',(0.,0.,1.));
#3344=DIRECTION('',(-0.382683432365098,0.923879532511283,0.));
#3345=AXIS2_PLACEMENT_3D('',#3346,#3347,#3348);
#3346=CARTESIAN_POINT('',(2.69422295812418E-15,22.,-4.));
#3347=DIRECTION('',(0.,0.,1.));
#3348=DIRECTION('',(-0.60876142900873,0.793353340291228,0.));
#3349=AXIS2_PLACEMENT_3D('',#3350,#3351,#3352);
#3350=CARTESIAN_POINT('',(2.69422295812418E-15,22.,-4.));
#3351=DIRECTION('',(0.,0.,1.));
#3352=DIRECTION('',(-0.793353340291242,0.608761429008711,0.));
#3353=AXIS2_PLACEMENT_3D('',#3354,#3355,#3356);
#3354=CARTESIAN_POINT('',(2.69422295812418E-15,22.,-4.));
#3355=DIRECTION('',(0.,0.,1.));
#3356=DIRECTION('',(-0.923879532511291,0.382683432365079,0.));
#3357=AXIS2_PLACEMENT_3D('',#3358,#3359,#3360);
#3358=CARTESIAN_POINT('',(2.69422295812418E-15,22.,-4.));
#3359=DIRECTION('',(0.,0.,1.));
#3360=DIRECTION('',(-0.991444861373812,0.130526192220039,0.));
#3361=AXIS2_PLACEMENT_3D('',#3362,#3363,#3364);
#3362=CARTESIAN_POINT('',(2.66453525910038E-15,22.,-4.));
#3363=DIRECTION('',(0.,0.,1.));
#3364=DIRECTION('',(-0.991444861373809,-0.13052619222006,0.));
#3365=AXIS2_PLACEMENT_3D('',#3366,#3367,#3368);
#3366=CARTESIAN_POINT('',(2.66453525910038E-15,22.,-4.));
#3367=DIRECTION('',(0.,0.,1.));
#3368=DIRECTION('',(-0.923879532511284,-0.382683432365098,0.));
#3369=AXIS2_PLACEMENT_3D('',#3370,#3371,#3372);
#3370=CARTESIAN_POINT('',(2.66453525910038E-15,22.,-4.));
#3371=DIRECTION('',(0.,0.,1.));
#3372=DIRECTION('',(-0.793353340291229,-0.608761429008729,0.));
#3373=AXIS2_PLACEMENT_3D('',#3374,#3375,#3376);
#3374=CARTESIAN_POINT('',(2.66453525910038E-15,22.,-4.));
#3375=DIRECTION('',(0.,0.,1.));
#3376=DIRECTION('',(-0.608761429008711,-0.793353340291243,0.));
#3377=AXIS2_PLACEMENT_3D('',#3378,#3379,#3380);
#3378=CARTESIAN_POINT('',(2.66453525910038E-15,22.,-4.));
#3379=DIRECTION('',(0.,0.,1.));
#3380=DIRECTION('',(-0.382683432365081,-0.923879532511291,0.));
#3381=AXIS2_PLACEMENT_3D('',#3382,#3383,#3384);
#3382=CARTESIAN_POINT('',(2.66453525910038E-15,22.,-4.));
#3383=DIRECTION('',(0.,0.,1.));
#3384=DIRECTION('',(-0.130526192220042,-0.991444861373812,0.));
#3385=AXIS2_PLACEMENT_3D('',#3386,#3387,#3388);
#3386=CARTESIAN_POINT('',(2.66453525910038E-15,22.,-4.));
#3387=DIRECTION('',(0.,0.,1.));
#3388=DIRECTION('',(0.130526192220062,-0.991444861373809,0.));
#3389=AXIS2_PLACEMENT_3D('',#3390,#3391,#3392);
#3390=CARTESIAN_POINT('',(2.66453525910038E-15,22.,-4.));
#3391=DIRECTION('',(0.,0.,1.));
#3392=DIRECTION('',(0.382683432365099,-0.923879532511283,0.));
#3393=AXIS2_PLACEMENT_3D('',#3394,#3395,#3396);
#3394=CARTESIAN_POINT('',(2.66453525910038E-15,22.,-4.));
#3395=DIRECTION('',(0.,0.,1.));
#3396=DIRECTION('',(0.608761429008729,-0.793353340291229,0.));
#3397=AXIS2_PLACEMENT_3D('',#3398,#3399,#3400);
#3398=CARTESIAN_POINT('',(2.66453525910038E-15,22.,-4.));
#3399=DIRECTION('',(0.,0.,1.));
#3400=DIRECTION('',(0.793353340291243,-0.608761429008711,0.));
#3401=AXIS2_PLACEMENT_3D('',#3402,#3403,#3404);
#3402=CARTESIAN_POINT('',(2.66453525910038E-15,22.,-4.));
#3403=DIRECTION('',(0.,0.,1.));
#3404=DIRECTION('',(0.923879532511291,-0.382683432365078,0.));
#3405=AXIS2_PLACEMENT_3D('',#3406,#3407,#3408);
#3406=CARTESIAN_POINT('',(2.66453525910038E-15,22.,-4.));
#3407=DIRECTION('',(0.,0.,1.));
#3408=DIRECTION('',(0.991444861373812,-0.130526192220037,0.));
#3409=CARTESIAN_POINT('',(-13.0614928368735,21.9999999999998,-5.8));
#3410=CARTESIAN_POINT('',(-13.0614928368735,21.9999999999998,-4.));
#3411=VECTOR('',#3412,1.);
#3412=DIRECTION('',(0.,0.,-1.));
#3413=CARTESIAN_POINT('',(-8.85,21.9999999999999,-5.8));
#3414=CARTESIAN_POINT('',(-8.85,21.9999999999999,-5.8));
#3415=VECTOR('',#3416,1.);
#3416=DIRECTION('',(-1.,-1.34972137108055E-14,0.));
#3417=CARTESIAN_POINT('',(-8.85,21.9999999999999,-4.));
#3418=VECTOR('',#3419,1.);
#3419=DIRECTION('',(0.,0.,-1.));
#3420=CARTESIAN_POINT('',(-8.77428702315823,23.1551568011473,-5.8));
#3421=AXIS2_PLACEMENT_3D('',#3422,#3423,#3424);
#3422=CARTESIAN_POINT('',(2.69422295812418E-15,22.,-5.8));
#3423=DIRECTION('',(0.,0.,1.));
#3424=DIRECTION('',(-0.991444861373812,0.130526192220038,0.));
#3425=CARTESIAN_POINT('',(-8.77428702315823,23.1551568011473,-4.));
#3426=VECTOR('',#3427,1.);
#3427=DIRECTION('',(0.,0.,-1.));
#3428=CARTESIAN_POINT('',(-12.9497499549891,23.7048669247064,-5.8));
#3429=CARTESIAN_POINT('',(-12.9497499549891,23.7048669247064,-5.8));
#3430=VECTOR('',#3431,1.);
#3431=DIRECTION('',(0.991444861373812,-0.130526192220038,0.));
#3432=CARTESIAN_POINT('',(-12.9497499549891,23.7048669247064,-4.));
#3433=VECTOR('',#3434,1.);
#3434=DIRECTION('',(0.,0.,-1.));
#3435=CARTESIAN_POINT('',(-12.6164332610258,25.3805631036528,-5.8));
#3436=CARTESIAN_POINT('',(-12.6164332610258,25.3805631036528,-4.));
#3437=VECTOR('',#3438,1.);
#3438=DIRECTION('',(0.,0.,-1.));
#3439=CARTESIAN_POINT('',(-8.54844356265828,24.2905485491572,-5.8));
#3440=CARTESIAN_POINT('',(-8.54844356265828,24.2905485491572,-5.8));
#3441=VECTOR('',#3442,1.);
#3442=DIRECTION('',(-0.965925826289072,0.258819045102508,0.));
#3443=CARTESIAN_POINT('',(-8.54844356265828,24.2905485491572,-4.));
#3444=VECTOR('',#3445,1.);
#3445=DIRECTION('',(0.,0.,-1.));
#3446=CARTESIAN_POINT('',(-8.17633386272493,25.3867483764309,-5.8));
#3447=AXIS2_PLACEMENT_3D('',#3448,#3449,#3450);
#3448=CARTESIAN_POINT('',(2.69422295812418E-15,22.,-5.8));
#3449=DIRECTION('',(0.,0.,1.));
#3450=DIRECTION('',(-0.923879532511292,0.382683432365078,0.));
#3451=CARTESIAN_POINT('',(-8.17633386272493,25.3867483764309,-4.));
#3452=VECTOR('',#3453,1.);
#3453=DIRECTION('',(0.,0.,-1.));
#3454=CARTESIAN_POINT('',(-12.0672458960302,26.9984169106266,-5.8));
#3455=CARTESIAN_POINT('',(-12.0672458960303,26.9984169106266,-5.8));
#3456=VECTOR('',#3457,1.);
#3457=DIRECTION('',(0.923879532511292,-0.382683432365077,0.));
#3458=CARTESIAN_POINT('',(-12.0672458960302,26.9984169106266,-4.));
#3459=VECTOR('',#3460,1.);
#3460=DIRECTION('',(0.,0.,-1.));
#3461=CARTESIAN_POINT('',(-11.311584608081,28.5307464184366,-5.8));
#3462=CARTESIAN_POINT('',(-11.311584608081,28.5307464184366,-4.));
#3463=VECTOR('',#3464,1.);
#3464=DIRECTION('',(0.,0.,-1.));
#3465=CARTESIAN_POINT('',(-7.66432482349234,26.4249999999999,-5.8));
#3466=CARTESIAN_POINT('',(-7.66432482349234,26.4249999999999,-5.8));
#3467=VECTOR('',#3468,1.);
#3468=DIRECTION('',(-0.866025403784445,0.499999999999989,0.));
#3469=CARTESIAN_POINT('',(-7.66432482349234,26.4249999999999,-4.));
#3470=VECTOR('',#3471,1.);
#3471=DIRECTION('',(0.,0.,-1.));
#3472=CARTESIAN_POINT('',(-7.0211770615775,27.3875386467271,-5.8));
#3473=AXIS2_PLACEMENT_3D('',#3474,#3475,#3476);
#3474=CARTESIAN_POINT('',(2.69422295812418E-15,22.,-5.8));
#3475=DIRECTION('',(0.,0.,1.));
#3476=DIRECTION('',(-0.793353340291243,0.60876142900871,0.));
#3477=CARTESIAN_POINT('',(-7.0211770615775,27.3875386467271,-4.));
#3478=VECTOR('',#3479,1.);
#3479=DIRECTION('',(0.,0.,-1.));
#3480=CARTESIAN_POINT('',(-10.3623789713237,29.9513330443621,-5.8));
#3481=CARTESIAN_POINT('',(-10.3623789713237,29.9513330443621,-5.8));
#3482=VECTOR('',#3483,1.);
#3483=DIRECTION('',(0.793353340291243,-0.60876142900871,0.));
#3484=CARTESIAN_POINT('',(-10.3623789713237,29.9513330443621,-4.));
#3485=VECTOR('',#3486,1.);
#3486=DIRECTION('',(0.,0.,-1.));
#3487=CARTESIAN_POINT('',(-9.23587015737286,31.2358701573726,-5.8));
#3488=CARTESIAN_POINT('',(-9.23587015737286,31.2358701573726,-4.));
#3489=VECTOR('',#3490,1.);
#3490=DIRECTION('',(0.,0.,-1.));
#3491=CARTESIAN_POINT('',(-6.25789501350102,28.2578950135009,-5.8));
#3492=CARTESIAN_POINT('',(-6.25789501350102,28.2578950135009,-5.8));
#3493=VECTOR('',#3494,1.);
#3494=DIRECTION('',(-0.707106781186557,0.707106781186538,0.));
#3495=CARTESIAN_POINT('',(-6.25789501350102,28.2578950135009,-4.));
#3496=VECTOR('',#3497,1.);
#3497=DIRECTION('',(0.,0.,-1.));
#3498=CARTESIAN_POINT('',(-5.38753864672726,29.0211770615774,-5.8));
#3499=AXIS2_PLACEMENT_3D('',#3500,#3501,#3502);
#3500=CARTESIAN_POINT('',(2.69422295812418E-15,22.,-5.8));
#3501=DIRECTION('',(0.,0.,1.));
#3502=DIRECTION('',(-0.608761429008731,0.793353340291227,0.));
#3503=CARTESIAN_POINT('',(-5.38753864672726,29.0211770615774,-4.));
#3504=VECTOR('',#3505,1.);
#3505=DIRECTION('',(0.,0.,-1.));
#3506=CARTESIAN_POINT('',(-7.95133304436239,32.3623789713235,-5.8));
#3507=CARTESIAN_POINT('',(-7.95133304436239,32.3623789713235,-5.8));
#3508=VECTOR('',#3509,1.);
#3509=DIRECTION('',(0.60876142900873,-0.793353340291228,0.));
#3510=CARTESIAN_POINT('',(-7.95133304436239,32.3623789713235,-4.));
#3511=VECTOR('',#3512,1.);
#3512=DIRECTION('',(0.,0.,-1.));
#3513=CARTESIAN_POINT('',(-6.53074641843687,33.3115846080808,-5.8));
#3514=CARTESIAN_POINT('',(-6.53074641843687,33.3115846080808,-4.));
#3515=VECTOR('',#3516,1.);
#3516=DIRECTION('',(0.,0.,-1.));
#3517=CARTESIAN_POINT('',(-4.42500000000009,29.6643248234922,-5.8));
#3518=CARTESIAN_POINT('',(-4.42500000000009,29.6643248234922,-5.8));
#3519=VECTOR('',#3520,1.);
#3520=DIRECTION('',(-0.500000000000011,0.866025403784432,0.));
#3521=CARTESIAN_POINT('',(-4.42500000000009,29.6643248234922,-4.));
#3522=VECTOR('',#3523,1.);
#3523=DIRECTION('',(0.,0.,-1.));
#3524=CARTESIAN_POINT('',(-3.38674837643114,30.1763338627248,-5.8));
#3525=AXIS2_PLACEMENT_3D('',#3526,#3527,#3528);
#3526=CARTESIAN_POINT('',(2.69422295812418E-15,22.,-5.8));
#3527=DIRECTION('',(0.,0.,1.));
#3528=DIRECTION('',(-0.382683432365101,0.923879532511282,0.));
#3529=CARTESIAN_POINT('',(-3.38674837643114,30.1763338627248,-4.));
#3530=VECTOR('',#3531,1.);
#3531=DIRECTION('',(0.,0.,-1.));
#3532=CARTESIAN_POINT('',(-4.99841691062692,34.0672458960301,-5.8));
#3533=CARTESIAN_POINT('',(-4.99841691062692,34.0672458960301,-5.8));
#3534=VECTOR('',#3535,1.);
#3535=DIRECTION('',(0.382683432365102,-0.923879532511282,0.));
#3536=CARTESIAN_POINT('',(-4.99841691062692,34.0672458960301,-4.));
#3537=VECTOR('',#3538,1.);
#3538=DIRECTION('',(0.,0.,-1.));
#3539=CARTESIAN_POINT('',(-3.38056310365316,34.6164332610257,-5.8));
#3540=CARTESIAN_POINT('',(-3.38056310365316,34.6164332610257,-4.));
#3541=VECTOR('',#3542,1.);
#3542=DIRECTION('',(0.,0.,-1.));
#3543=CARTESIAN_POINT('',(-2.29054854915741,30.5484435626582,-5.8));
#3544=CARTESIAN_POINT('',(-2.29054854915741,30.5484435626582,-5.8));
#3545=VECTOR('',#3546,1.);
#3546=DIRECTION('',(-0.258819045102533,0.965925826289065,0.));
#3547=CARTESIAN_POINT('',(-2.29054854915741,30.5484435626582,-4.));
#3548=VECTOR('',#3549,1.);
#3549=DIRECTION('',(0.,0.,-1.));
#3550=CARTESIAN_POINT('',(-1.15515680114756,30.7742870231582,-5.8));
#3551=AXIS2_PLACEMENT_3D('',#3552,#3553,#3554);
#3552=CARTESIAN_POINT('',(2.69422295812418E-15,22.,-5.8));
#3553=DIRECTION('',(0.,0.,1.));
#3554=DIRECTION('',(-0.130526192220064,0.991444861373809,0.));
#3555=CARTESIAN_POINT('',(-1.15515680114756,30.7742870231582,-4.));
#3556=VECTOR('',#3557,1.);
#3557=DIRECTION('',(0.,0.,-1.));
#3558=CARTESIAN_POINT('',(-1.70486692470673,34.949749954989,-5.8));
#3559=CARTESIAN_POINT('',(-1.70486692470673,34.949749954989,-5.8));
#3560=VECTOR('',#3561,1.);
#3561=DIRECTION('',(0.130526192220064,-0.991444861373809,0.));
#3562=CARTESIAN_POINT('',(-1.70486692470673,34.949749954989,-4.));
#3563=VECTOR('',#3564,1.);
#3564=DIRECTION('',(0.,0.,-1.));
#3565=CARTESIAN_POINT('',(-1.59827191324956E-13,35.0614928368735,-5.8));
#3566=CARTESIAN_POINT('',(-1.59827191324956E-13,35.0614928368735,-4.));
#3567=VECTOR('',#3568,1.);
#3568=DIRECTION('',(0.,0.,-1.));
#3569=CARTESIAN_POINT('',(-1.09721688253492E-13,30.85,-5.8));
#3570=CARTESIAN_POINT('',(-1.09585292302053E-13,30.85,-5.8));
#3571=VECTOR('',#3572,1.);
#3572=DIRECTION('',(-1.27839554780626E-14,1.,0.));
#3573=CARTESIAN_POINT('',(-1.09844864322922E-13,30.85,-4.));
#3574=VECTOR('',#3575,1.);
#3575=DIRECTION('',(0.,0.,-1.));
#3576=CARTESIAN_POINT('',(1.15515680114735,30.7742870231582,-5.8));
#3577=AXIS2_PLACEMENT_3D('',#3578,#3579,#3580);
#3578=CARTESIAN_POINT('',(2.69422295812418E-15,22.,-5.8));
#3579=DIRECTION('',(0.,0.,1.));
#3580=DIRECTION('',(0.130526192220039,0.991444861373812,0.));
#3581=CARTESIAN_POINT('',(1.15515680114735,30.7742870231582,-4.));
#3582=VECTOR('',#3583,1.);
#3583=DIRECTION('',(0.,0.,-1.));
#3584=CARTESIAN_POINT('',(1.70486692470642,34.9497499549891,-5.8));
#3585=CARTESIAN_POINT('',(1.70486692470641,34.9497499549891,-5.8));
#3586=VECTOR('',#3587,1.);
#3587=DIRECTION('',(-0.130526192220039,-0.991444861373812,0.));
#3588=CARTESIAN_POINT('',(1.70486692470642,34.9497499549891,-4.));
#3589=VECTOR('',#3590,1.);
#3590=DIRECTION('',(0.,0.,-1.));
#3591=CARTESIAN_POINT('',(3.38056310365285,34.6164332610258,-5.8));
#3592=CARTESIAN_POINT('',(3.38056310365285,34.6164332610258,-4.));
#3593=VECTOR('',#3594,1.);
#3594=DIRECTION('',(0.,0.,-1.));
#3595=CARTESIAN_POINT('',(2.2905485491572,30.5484435626583,-5.8));
#3596=CARTESIAN_POINT('',(2.2905485491572,30.5484435626583,-5.8));
#3597=VECTOR('',#3598,1.);
#3598=DIRECTION('',(0.258819045102508,0.965925826289071,0.));
#3599=CARTESIAN_POINT('',(2.2905485491572,30.5484435626583,-4.));
#3600=VECTOR('',#3601,1.);
#3601=DIRECTION('',(0.,0.,-1.));
#3602=CARTESIAN_POINT('',(3.38674837643094,30.1763338627249,-5.8));
#3603=AXIS2_PLACEMENT_3D('',#3604,#3605,#3606);
#3604=CARTESIAN_POINT('',(2.69422295812418E-15,22.,-5.8));
#3605=DIRECTION('',(0.,0.,1.));
#3606=DIRECTION('',(0.382683432365078,0.923879532511292,0.));
#3607=CARTESIAN_POINT('',(3.38674837643094,30.1763338627249,-4.));
#3608=VECTOR('',#3609,1.);
#3609=DIRECTION('',(0.,0.,-1.));
#3610=CARTESIAN_POINT('',(4.99841691062663,34.0672458960302,-5.8));
#3611=CARTESIAN_POINT('',(4.99841691062662,34.0672458960303,-5.8));
#3612=VECTOR('',#3613,1.);
#3613=DIRECTION('',(-0.382683432365078,-0.923879532511292,0.));
#3614=CARTESIAN_POINT('',(4.99841691062663,34.0672458960302,-4.));
#3615=VECTOR('',#3616,1.);
#3616=DIRECTION('',(0.,0.,-1.));
#3617=CARTESIAN_POINT('',(6.5307464184366,33.311584608081,-5.8));
#3618=CARTESIAN_POINT('',(6.5307464184366,33.311584608081,-4.));
#3619=VECTOR('',#3620,1.);
#3620=DIRECTION('',(0.,0.,-1.));
#3621=CARTESIAN_POINT('',(4.4249999999999,29.6643248234923,-5.8));
#3622=CARTESIAN_POINT('',(4.4249999999999,29.6643248234923,-5.8));
#3623=VECTOR('',#3624,1.);
#3624=DIRECTION('',(0.499999999999989,0.866025403784445,0.));
#3625=CARTESIAN_POINT('',(4.4249999999999,29.6643248234923,-4.));
#3626=VECTOR('',#3627,1.);
#3627=DIRECTION('',(0.,0.,-1.));
#3628=CARTESIAN_POINT('',(5.38753864672709,29.0211770615775,-5.8));
#3629=AXIS2_PLACEMENT_3D('',#3630,#3631,#3632);
#3630=CARTESIAN_POINT('',(2.69422295812418E-15,22.,-5.8));
#3631=DIRECTION('',(0.,0.,1.));
#3632=DIRECTION('',(0.608761429008711,0.793353340291243,0.));
#3633=CARTESIAN_POINT('',(5.38753864672709,29.0211770615775,-4.));
#3634=VECTOR('',#3635,1.);
#3635=DIRECTION('',(0.,0.,-1.));
#3636=CARTESIAN_POINT('',(7.95133304436214,32.3623789713237,-5.8));
#3637=CARTESIAN_POINT('',(7.95133304436214,32.3623789713237,-5.8));
#3638=VECTOR('',#3639,1.);
#3639=DIRECTION('',(-0.60876142900871,-0.793353340291243,0.));
#3640=CARTESIAN_POINT('',(7.95133304436214,32.3623789713237,-4.));
#3641=VECTOR('',#3642,1.);
#3642=DIRECTION('',(0.,0.,-1.));
#3643=CARTESIAN_POINT('',(9.23587015737264,31.2358701573729,-5.8));
#3644=CARTESIAN_POINT('',(9.23587015737264,31.2358701573729,-4.));
#3645=VECTOR('',#3646,1.);
#3646=DIRECTION('',(0.,0.,-1.));
#3647=CARTESIAN_POINT('',(6.25789501350087,28.257895013501,-5.8));
#3648=CARTESIAN_POINT('',(6.25789501350087,28.257895013501,-5.8));
#3649=VECTOR('',#3650,1.);
#3650=DIRECTION('',(0.707106781186539,0.707106781186556,0.));
#3651=CARTESIAN_POINT('',(6.25789501350087,28.257895013501,-4.));
#3652=VECTOR('',#3653,1.);
#3653=DIRECTION('',(0.,0.,-1.));
#3654=CARTESIAN_POINT('',(7.02117706157737,27.3875386467273,-5.8));
#3655=AXIS2_PLACEMENT_3D('',#3656,#3657,#3658);
#3656=CARTESIAN_POINT('',(2.69422295812418E-15,22.,-5.8));
#3657=DIRECTION('',(0.,0.,1.));
#3658=DIRECTION('',(0.793353340291228,0.608761429008731,0.));
#3659=CARTESIAN_POINT('',(7.02117706157737,27.3875386467273,-4.));
#3660=VECTOR('',#3661,1.);
#3661=DIRECTION('',(0.,0.,-1.));
#3662=CARTESIAN_POINT('',(10.3623789713235,29.9513330443624,-5.8));
#3663=CARTESIAN_POINT('',(10.3623789713235,29.9513330443624,-5.8));
#3664=VECTOR('',#3665,1.);
#3665=DIRECTION('',(-0.793353340291228,-0.60876142900873,0.));
#3666=CARTESIAN_POINT('',(10.3623789713235,29.9513330443624,-4.));
#3667=VECTOR('',#3668,1.);
#3668=DIRECTION('',(0.,0.,-1.));
#3669=CARTESIAN_POINT('',(11.3115846080808,28.5307464184369,-5.8));
#3670=CARTESIAN_POINT('',(11.3115846080808,28.5307464184369,-4.));
#3671=VECTOR('',#3672,1.);
#3672=DIRECTION('',(0.,0.,-1.));
#3673=CARTESIAN_POINT('',(7.66432482349223,26.4250000000001,-5.8));
#3674=CARTESIAN_POINT('',(7.66432482349223,26.4250000000001,-5.8));
#3675=VECTOR('',#3676,1.);
#3676=DIRECTION('',(0.866025403784433,0.50000000000001,0.));
#3677=CARTESIAN_POINT('',(7.66432482349223,26.4250000000001,-4.));
#3678=VECTOR('',#3679,1.);
#3679=DIRECTION('',(0.,0.,-1.));
#3680=CARTESIAN_POINT('',(8.17633386272485,25.3867483764311,-5.8));
#3681=AXIS2_PLACEMENT_3D('',#3682,#3683,#3684);
#3682=CARTESIAN_POINT('',(2.69422295812418E-15,22.,-5.8));
#3683=DIRECTION('',(0.,0.,1.));
#3684=DIRECTION('',(0.923879532511282,0.382683432365101,0.));
#3685=CARTESIAN_POINT('',(8.17633386272485,25.3867483764311,-4.));
#3686=VECTOR('',#3687,1.);
#3687=DIRECTION('',(0.,0.,-1.));
#3688=CARTESIAN_POINT('',(12.0672458960301,26.9984169106269,-5.8));
#3689=CARTESIAN_POINT('',(12.0672458960301,26.9984169106269,-5.8));
#3690=VECTOR('',#3691,1.);
#3691=DIRECTION('',(-0.923879532511282,-0.382683432365101,0.));
#3692=CARTESIAN_POINT('',(12.0672458960301,26.9984169106269,-4.));
#3693=VECTOR('',#3694,1.);
#3694=DIRECTION('',(0.,0.,-1.));
#3695=CARTESIAN_POINT('',(12.6164332610257,25.3805631036532,-5.8));
#3696=CARTESIAN_POINT('',(12.6164332610257,25.3805631036532,-4.));
#3697=VECTOR('',#3698,1.);
#3698=DIRECTION('',(0.,0.,-1.));
#3699=CARTESIAN_POINT('',(8.54844356265823,24.2905485491574,-5.8));
#3700=CARTESIAN_POINT('',(8.54844356265823,24.2905485491574,-5.8));
#3701=VECTOR('',#3702,1.);
#3702=DIRECTION('',(0.965925826289065,0.258819045102533,0.));
#3703=CARTESIAN_POINT('',(8.54844356265823,24.2905485491574,-4.));
#3704=VECTOR('',#3705,1.);
#3705=DIRECTION('',(0.,0.,-1.));
#3706=CARTESIAN_POINT('',(8.77428702315821,23.1551568011476,-5.8));
#3707=AXIS2_PLACEMENT_3D('',#3708,#3709,#3710);
#3708=CARTESIAN_POINT('',(2.69422295812418E-15,22.,-5.8));
#3709=DIRECTION('',(0.,0.,1.));
#3710=DIRECTION('',(0.991444861373809,0.130526192220063,0.));
#3711=CARTESIAN_POINT('',(8.77428702315821,23.1551568011476,-4.));
#3712=VECTOR('',#3713,1.);
#3713=DIRECTION('',(0.,0.,-1.));
#3714=CARTESIAN_POINT('',(12.949749954989,23.7048669247067,-5.8));
#3715=CARTESIAN_POINT('',(12.949749954989,23.7048669247067,-5.8));
#3716=VECTOR('',#3717,1.);
#3717=DIRECTION('',(-0.991444861373809,-0.130526192220063,0.));
#3718=CARTESIAN_POINT('',(12.949749954989,23.7048669247067,-4.));
#3719=VECTOR('',#3720,1.);
#3720=DIRECTION('',(0.,0.,-1.));
#3721=CARTESIAN_POINT('',(13.0614928368735,22.0000000000002,-5.8));
#3722=CARTESIAN_POINT('',(13.0614928368735,22.0000000000002,-4.));
#3723=VECTOR('',#3724,1.);
#3724=DIRECTION('',(0.,0.,-1.));
#3725=CARTESIAN_POINT('',(8.85,22.0000000000001,-5.8));
#3726=CARTESIAN_POINT('',(8.85,22.0000000000001,-5.8));
#3727=VECTOR('',#3728,1.);
#3728=DIRECTION('',(1.,1.26536378538802E-14,0.));
#3729=CARTESIAN_POINT('',(8.85,22.0000000000001,-4.));
#3730=VECTOR('',#3731,1.);
#3731=DIRECTION('',(0.,0.,-1.));
#3732=CARTESIAN_POINT('',(8.77428702315824,20.8448431988527,-5.8));
#3733=AXIS2_PLACEMENT_3D('',#3734,#3735,#3736);
#3734=CARTESIAN_POINT('',(2.69422295812418E-15,22.,-5.8));
#3735=DIRECTION('',(0.,0.,1.));
#3736=DIRECTION('',(0.991444861373812,-0.130526192220037,0.));
#3737=CARTESIAN_POINT('',(8.77428702315824,20.8448431988527,-4.));
#3738=VECTOR('',#3739,1.);
#3739=DIRECTION('',(0.,0.,-1.));
#3740=CARTESIAN_POINT('',(12.9497499549891,20.2951330752936,-5.8));
#3741=CARTESIAN_POINT('',(12.9497499549891,20.2951330752936,-5.8));
#3742=VECTOR('',#3743,1.);
#3743=DIRECTION('',(-0.991444861373812,0.130526192220037,0.));
#3744=CARTESIAN_POINT('',(12.9497499549891,20.2951330752936,-4.));
#3745=VECTOR('',#3746,1.);
#3746=DIRECTION('',(0.,0.,-1.));
#3747=CARTESIAN_POINT('',(12.6164332610258,18.6194368963472,-5.8));
#3748=CARTESIAN_POINT('',(12.6164332610258,18.6194368963472,-4.));
#3749=VECTOR('',#3750,1.);
#3750=DIRECTION('',(0.,0.,-1.));
#3751=CARTESIAN_POINT('',(8.54844356265829,19.7094514508428,-5.8));
#3752=CARTESIAN_POINT('',(8.54844356265829,19.7094514508428,-5.8));
#3753=VECTOR('',#3754,1.);
#3754=DIRECTION('',(0.965925826289072,-0.258819045102506,0.));
#3755=CARTESIAN_POINT('',(8.54844356265829,19.7094514508428,-4.));
#3756=VECTOR('',#3757,1.);
#3757=DIRECTION('',(0.,0.,-1.));
#3758=CARTESIAN_POINT('',(8.17633386272494,18.6132516235691,-5.8));
#3759=AXIS2_PLACEMENT_3D('',#3760,#3761,#3762);
#3760=CARTESIAN_POINT('',(2.69422295812418E-15,22.,-5.8));
#3761=DIRECTION('',(0.,0.,1.));
#3762=DIRECTION('',(0.923879532511293,-0.382683432365076,0.));
#3763=CARTESIAN_POINT('',(8.17633386272494,18.6132516235691,-4.));
#3764=VECTOR('',#3765,1.);
#3765=DIRECTION('',(0.,0.,-1.));
#3766=CARTESIAN_POINT('',(12.0672458960303,17.0015830893734,-5.8));
#3767=CARTESIAN_POINT('',(12.0672458960303,17.0015830893734,-5.8));
#3768=VECTOR('',#3769,1.);
#3769=DIRECTION('',(-0.923879532511292,0.382683432365076,0.));
#3770=CARTESIAN_POINT('',(12.0672458960303,17.0015830893734,-4.));
#3771=VECTOR('',#3772,1.);
#3772=DIRECTION('',(0.,0.,-1.));
#3773=CARTESIAN_POINT('',(11.311584608081,15.4692535815634,-5.8));
#3774=CARTESIAN_POINT('',(11.311584608081,15.4692535815634,-4.));
#3775=VECTOR('',#3776,1.);
#3776=DIRECTION('',(0.,0.,-1.));
#3777=CARTESIAN_POINT('',(7.66432482349235,17.5750000000001,-5.8));
#3778=CARTESIAN_POINT('',(7.66432482349235,17.5750000000001,-5.8));
#3779=VECTOR('',#3780,1.);
#3780=DIRECTION('',(0.866025403784446,-0.499999999999987,0.));
#3781=CARTESIAN_POINT('',(7.66432482349235,17.5750000000001,-4.));
#3782=VECTOR('',#3783,1.);
#3783=DIRECTION('',(0.,0.,-1.));
#3784=CARTESIAN_POINT('',(7.02117706157751,16.6124613532729,-5.8));
#3785=AXIS2_PLACEMENT_3D('',#3786,#3787,#3788);
#3786=CARTESIAN_POINT('',(2.69422295812418E-15,22.,-5.8));
#3787=DIRECTION('',(0.,0.,1.));
#3788=DIRECTION('',(0.793353340291244,-0.608761429008709,0.));
#3789=CARTESIAN_POINT('',(7.02117706157751,16.6124613532729,-4.));
#3790=VECTOR('',#3791,1.);
#3791=DIRECTION('',(0.,0.,-1.));
#3792=CARTESIAN_POINT('',(10.3623789713237,14.0486669556379,-5.8));
#3793=CARTESIAN_POINT('',(10.3623789713237,14.0486669556379,-5.8));
#3794=VECTOR('',#3795,1.);
#3795=DIRECTION('',(-0.793353340291244,0.608761429008709,0.));
#3796=CARTESIAN_POINT('',(10.3623789713237,14.0486669556379,-4.));
#3797=VECTOR('',#3798,1.);
#3798=DIRECTION('',(0.,0.,-1.));
#3799=CARTESIAN_POINT('',(9.23587015737288,12.7641298426274,-5.8));
#3800=CARTESIAN_POINT('',(9.23587015737288,12.7641298426274,-4.));
#3801=VECTOR('',#3802,1.);
#3802=DIRECTION('',(0.,0.,-1.));
#3803=CARTESIAN_POINT('',(6.25789501350104,15.7421049864991,-5.8));
#3804=CARTESIAN_POINT('',(6.25789501350104,15.7421049864991,-5.8));
#3805=VECTOR('',#3806,1.);
#3806=DIRECTION('',(0.707106781186558,-0.707106781186537,0.));
#3807=CARTESIAN_POINT('',(6.25789501350104,15.7421049864991,-4.));
#3808=VECTOR('',#3809,1.);
#3809=DIRECTION('',(0.,0.,-1.));
#3810=CARTESIAN_POINT('',(5.38753864672728,14.9788229384226,-5.8));
#3811=AXIS2_PLACEMENT_3D('',#3812,#3813,#3814);
#3812=CARTESIAN_POINT('',(2.69422295812418E-15,22.,-5.8));
#3813=DIRECTION('',(0.,0.,1.));
#3814=DIRECTION('',(0.608761429008733,-0.793353340291226,0.));
#3815=CARTESIAN_POINT('',(5.38753864672728,14.9788229384226,-4.));
#3816=VECTOR('',#3817,1.);
#3817=DIRECTION('',(0.,0.,-1.));
#3818=CARTESIAN_POINT('',(7.95133304436241,11.6376210286765,-5.8));
#3819=CARTESIAN_POINT('',(7.95133304436242,11.6376210286765,-5.8));
#3820=VECTOR('',#3821,1.);
#3821=DIRECTION('',(-0.608761429008732,0.793353340291226,0.));
#3822=CARTESIAN_POINT('',(7.95133304436241,11.6376210286765,-4.));
#3823=VECTOR('',#3824,1.);
#3824=DIRECTION('',(0.,0.,-1.));
#3825=CARTESIAN_POINT('',(6.53074641843689,10.6884153919192,-5.8));
#3826=CARTESIAN_POINT('',(6.53074641843689,10.6884153919192,-4.));
#3827=VECTOR('',#3828,1.);
#3828=DIRECTION('',(0.,0.,-1.));
#3829=CARTESIAN_POINT('',(4.42500000000011,14.3356751765078,-5.8));
#3830=CARTESIAN_POINT('',(4.42500000000011,14.3356751765078,-5.8));
#3831=VECTOR('',#3832,1.);
#3832=DIRECTION('',(0.500000000000012,-0.866025403784432,0.));
#3833=CARTESIAN_POINT('',(4.42500000000011,14.3356751765078,-4.));
#3834=VECTOR('',#3835,1.);
#3835=DIRECTION('',(0.,0.,-1.));
#3836=CARTESIAN_POINT('',(3.38674837643117,13.8236661372752,-5.8));
#3837=AXIS2_PLACEMENT_3D('',#3838,#3839,#3840);
#3838=CARTESIAN_POINT('',(2.69422295812418E-15,22.,-5.8));
#3839=DIRECTION('',(0.,0.,1.));
#3840=DIRECTION('',(0.382683432365104,-0.923879532511281,0.));
#3841=CARTESIAN_POINT('',(3.38674837643117,13.8236661372752,-4.));
#3842=VECTOR('',#3843,1.);
#3843=DIRECTION('',(0.,0.,-1.));
#3844=CARTESIAN_POINT('',(4.99841691062694,9.93275410396988,-5.8));
#3845=CARTESIAN_POINT('',(4.99841691062695,9.93275410396988,-5.8));
#3846=VECTOR('',#3847,1.);
#3847=DIRECTION('',(-0.382683432365103,0.923879532511281,0.));
#3848=CARTESIAN_POINT('',(4.99841691062694,9.93275410396988,-4.));
#3849=VECTOR('',#3850,1.);
#3850=DIRECTION('',(0.,0.,-1.));
#3851=CARTESIAN_POINT('',(3.38056310365318,9.38356673897429,-5.8));
#3852=CARTESIAN_POINT('',(3.38056310365318,9.38356673897429,-4.));
#3853=VECTOR('',#3854,1.);
#3854=DIRECTION('',(0.,0.,-1.));
#3855=CARTESIAN_POINT('',(2.29054854915743,13.4515564373418,-5.8));
#3856=CARTESIAN_POINT('',(2.29054854915743,13.4515564373418,-5.8));
#3857=VECTOR('',#3858,1.);
#3858=DIRECTION('',(0.258819045102534,-0.965925826289065,0.));
#3859=CARTESIAN_POINT('',(2.29054854915743,13.4515564373418,-4.));
#3860=VECTOR('',#3861,1.);
#3861=DIRECTION('',(0.,0.,-1.));
#3862=CARTESIAN_POINT('',(1.15515680114758,13.2257129768418,-5.8));
#3863=AXIS2_PLACEMENT_3D('',#3864,#3865,#3866);
#3864=CARTESIAN_POINT('',(2.69422295812418E-15,22.,-5.8));
#3865=DIRECTION('',(0.,0.,1.));
#3866=DIRECTION('',(0.130526192220065,-0.991444861373809,0.));
#3867=CARTESIAN_POINT('',(1.15515680114758,13.2257129768418,-4.));
#3868=VECTOR('',#3869,1.);
#3869=DIRECTION('',(0.,0.,-1.));
#3870=CARTESIAN_POINT('',(1.70486692470675,9.05025004501098,-5.8));
#3871=CARTESIAN_POINT('',(1.70486692470676,9.05025004501098,-5.8));
#3872=VECTOR('',#3873,1.);
#3873=DIRECTION('',(-0.130526192220066,0.991444861373808,0.));
#3874=CARTESIAN_POINT('',(1.70486692470675,9.05025004501098,-4.));
#3875=VECTOR('',#3876,1.);
#3876=DIRECTION('',(0.,0.,-1.));
#3877=CARTESIAN_POINT('',(1.76263292255253E-13,8.93850716312652,-5.8));
#3878=CARTESIAN_POINT('',(1.76263292255253E-13,8.93850716312652,-4.));
#3879=VECTOR('',#3880,1.);
#3880=DIRECTION('',(0.,0.,-1.));
#3881=CARTESIAN_POINT('',(1.29728117773799E-13,13.15,-5.8));
#3882=CARTESIAN_POINT('',(1.29370229734069E-13,13.15,-5.8));
#3883=VECTOR('',#3884,1.);
#3884=DIRECTION('',(1.42166684808213E-14,-1.,0.));
#3885=CARTESIAN_POINT('',(1.29648005657118E-13,13.15,-4.));
#3886=VECTOR('',#3887,1.);
#3887=DIRECTION('',(0.,0.,-1.));
#3888=CARTESIAN_POINT('',(-1.15515680114733,13.2257129768418,-5.8));
#3889=AXIS2_PLACEMENT_3D('',#3890,#3891,#3892);
#3890=CARTESIAN_POINT('',(2.69422295812418E-15,22.,-5.8));
#3891=DIRECTION('',(0.,0.,1.));
#3892=DIRECTION('',(-0.130526192220038,-0.991444861373812,0.));
#3893=CARTESIAN_POINT('',(-1.15515680114733,13.2257129768418,-4.));
#3894=VECTOR('',#3895,1.);
#3895=DIRECTION('',(0.,0.,-1.));
#3896=CARTESIAN_POINT('',(-1.7048669247064,9.05025004501094,-5.8));
#3897=CARTESIAN_POINT('',(-1.70486692470638,9.05025004501094,-5.8));
#3898=VECTOR('',#3899,1.);
#3899=DIRECTION('',(0.130526192220037,0.991444861373812,0.));
#3900=CARTESIAN_POINT('',(-1.7048669247064,9.05025004501094,-4.));
#3901=VECTOR('',#3902,1.);
#3902=DIRECTION('',(0.,0.,-1.));
#3903=CARTESIAN_POINT('',(-3.38056310365284,9.3835667389742,-5.8));
#3904=CARTESIAN_POINT('',(-3.38056310365284,9.3835667389742,-4.));
#3905=VECTOR('',#3906,1.);
#3906=DIRECTION('',(0.,0.,-1.));
#3907=CARTESIAN_POINT('',(-2.29054854915718,13.4515564373417,-5.8));
#3908=CARTESIAN_POINT('',(-2.29054854915718,13.4515564373417,-5.8));
#3909=VECTOR('',#3910,1.);
#3910=DIRECTION('',(-0.258819045102507,-0.965925826289072,0.));
#3911=CARTESIAN_POINT('',(-2.29054854915718,13.4515564373417,-4.));
#3912=VECTOR('',#3913,1.);
#3913=DIRECTION('',(0.,0.,-1.));
#3914=CARTESIAN_POINT('',(-3.38674837643092,13.8236661372751,-5.8));
#3915=AXIS2_PLACEMENT_3D('',#3916,#3917,#3918);
#3916=CARTESIAN_POINT('',(2.69422295812418E-15,22.,-5.8));
#3917=DIRECTION('',(0.,0.,1.));
#3918=DIRECTION('',(-0.382683432365077,-0.923879532511292,0.));
#3919=CARTESIAN_POINT('',(-3.38674837643092,13.8236661372751,-4.));
#3920=VECTOR('',#3921,1.);
#3921=DIRECTION('',(0.,0.,-1.));
#3922=CARTESIAN_POINT('',(-4.99841691062661,9.93275410396975,-5.8));
#3923=CARTESIAN_POINT('',(-4.9984169106266,9.93275410396974,-5.8));
#3924=VECTOR('',#3925,1.);
#3925=DIRECTION('',(0.382683432365076,0.923879532511292,0.));
#3926=CARTESIAN_POINT('',(-4.99841691062661,9.93275410396975,-4.));
#3927=VECTOR('',#3928,1.);
#3928=DIRECTION('',(0.,0.,-1.));
#3929=CARTESIAN_POINT('',(-6.53074641843658,10.688415391919,-5.8));
#3930=CARTESIAN_POINT('',(-6.53074641843658,10.688415391919,-4.));
#3931=VECTOR('',#3932,1.);
#3932=DIRECTION('',(0.,0.,-1.));
#3933=CARTESIAN_POINT('',(-4.42499999999988,14.3356751765077,-5.8));
#3934=CARTESIAN_POINT('',(-4.42499999999988,14.3356751765077,-5.8));
#3935=VECTOR('',#3936,1.);
#3936=DIRECTION('',(-0.499999999999987,-0.866025403784446,0.));
#3937=CARTESIAN_POINT('',(-4.42499999999988,14.3356751765077,-4.));
#3938=VECTOR('',#3939,1.);
#3939=DIRECTION('',(0.,0.,-1.));
#3940=CARTESIAN_POINT('',(-5.38753864672707,14.9788229384225,-5.8));
#3941=AXIS2_PLACEMENT_3D('',#3942,#3943,#3944);
#3942=CARTESIAN_POINT('',(2.69422295812418E-15,22.,-5.8));
#3943=DIRECTION('',(0.,0.,1.));
#3944=DIRECTION('',(-0.608761429008709,-0.793353340291244,0.));
#3945=CARTESIAN_POINT('',(-5.38753864672707,14.9788229384225,-4.));
#3946=VECTOR('',#3947,1.);
#3947=DIRECTION('',(0.,0.,-1.));
#3948=CARTESIAN_POINT('',(-7.95133304436212,11.6376210286763,-5.8));
#3949=CARTESIAN_POINT('',(-7.95133304436211,11.6376210286763,-5.8));
#3950=VECTOR('',#3951,1.);
#3951=DIRECTION('',(0.608761429008709,0.793353340291244,0.));
#3952=CARTESIAN_POINT('',(-7.95133304436212,11.6376210286763,-4.));
#3953=VECTOR('',#3954,1.);
#3954=DIRECTION('',(0.,0.,-1.));
#3955=CARTESIAN_POINT('',(-9.23587015737263,12.7641298426271,-5.8));
#3956=CARTESIAN_POINT('',(-9.23587015737263,12.7641298426271,-4.));
#3957=VECTOR('',#3958,1.);
#3958=DIRECTION('',(0.,0.,-1.));
#3959=CARTESIAN_POINT('',(-6.25789501350085,15.742104986499,-5.8));
#3960=CARTESIAN_POINT('',(-6.25789501350085,15.742104986499,-5.8));
#3961=VECTOR('',#3962,1.);
#3962=DIRECTION('',(-0.707106781186538,-0.707106781186557,0.));
#3963=CARTESIAN_POINT('',(-6.25789501350085,15.742104986499,-4.));
#3964=VECTOR('',#3965,1.);
#3965=DIRECTION('',(0.,0.,-1.));
#3966=CARTESIAN_POINT('',(-7.02117706157735,16.6124613532727,-5.8));
#3967=AXIS2_PLACEMENT_3D('',#3968,#3969,#3970);
#3968=CARTESIAN_POINT('',(2.69422295812418E-15,22.,-5.8));
#3969=DIRECTION('',(0.,0.,1.));
#3970=DIRECTION('',(-0.793353340291226,-0.608761429008733,0.));
#3971=CARTESIAN_POINT('',(-7.02117706157735,16.6124613532727,-4.));
#3972=VECTOR('',#3973,1.);
#3973=DIRECTION('',(0.,0.,-1.));
#3974=CARTESIAN_POINT('',(-10.3623789713235,14.0486669556376,-5.8));
#3975=CARTESIAN_POINT('',(-10.3623789713235,14.0486669556376,-5.8));
#3976=VECTOR('',#3977,1.);
#3977=DIRECTION('',(0.793353340291227,0.608761429008732,0.));
#3978=CARTESIAN_POINT('',(-10.3623789713235,14.0486669556376,-4.));
#3979=VECTOR('',#3980,1.);
#3980=DIRECTION('',(0.,0.,-1.));
#3981=CARTESIAN_POINT('',(-11.3115846080808,15.4692535815631,-5.8));
#3982=CARTESIAN_POINT('',(-11.3115846080808,15.4692535815631,-4.));
#3983=VECTOR('',#3984,1.);
#3984=DIRECTION('',(0.,0.,-1.));
#3985=CARTESIAN_POINT('',(-7.66432482349222,17.5749999999999,-5.8));
#3986=CARTESIAN_POINT('',(-7.66432482349222,17.5749999999999,-5.8));
#3987=VECTOR('',#3988,1.);
#3988=DIRECTION('',(-0.866025403784431,-0.500000000000012,0.));
#3989=CARTESIAN_POINT('',(-7.66432482349222,17.5749999999999,-4.));
#3990=VECTOR('',#3991,1.);
#3991=DIRECTION('',(0.,0.,-1.));
#3992=CARTESIAN_POINT('',(-8.17633386272484,18.6132516235688,-5.8));
#3993=AXIS2_PLACEMENT_3D('',#3994,#3995,#3996);
#3994=CARTESIAN_POINT('',(2.69422295812418E-15,22.,-5.8));
#3995=DIRECTION('',(0.,0.,1.));
#3996=DIRECTION('',(-0.923879532511282,-0.382683432365102,0.));
#3997=CARTESIAN_POINT('',(-8.17633386272484,18.6132516235688,-4.));
#3998=VECTOR('',#3999,1.);
#3999=DIRECTION('',(0.,0.,-1.));
#4000=CARTESIAN_POINT('',(-12.0672458960301,17.0015830893731,-5.8));
#4001=CARTESIAN_POINT('',(-12.0672458960301,17.0015830893731,-5.8));
#4002=VECTOR('',#4003,1.);
#4003=DIRECTION('',(0.923879532511281,0.382683432365103,0.));
#4004=CARTESIAN_POINT('',(-12.0672458960301,17.0015830893731,-4.));
#4005=VECTOR('',#4006,1.);
#4006=DIRECTION('',(0.,0.,-1.));
#4007=CARTESIAN_POINT('',(-12.6164332610257,18.6194368963468,-5.8));
#4008=CARTESIAN_POINT('',(-12.6164332610257,18.6194368963468,-4.));
#4009=VECTOR('',#4010,1.);
#4010=DIRECTION('',(0.,0.,-1.));
#4011=CARTESIAN_POINT('',(-8.54844356265822,19.7094514508426,-5.8));
#4012=CARTESIAN_POINT('',(-8.54844356265822,19.7094514508426,-5.8));
#4013=VECTOR('',#4014,1.);
#4014=DIRECTION('',(-0.965925826289065,-0.258819045102534,0.));
#4015=CARTESIAN_POINT('',(-8.54844356265822,19.7094514508426,-4.));
#4016=VECTOR('',#4017,1.);
#4017=DIRECTION('',(0.,0.,-1.));
#4018=CARTESIAN_POINT('',(-8.7742870231582,20.8448431988524,-5.8));
#4019=AXIS2_PLACEMENT_3D('',#4020,#4021,#4022);
#4020=CARTESIAN_POINT('',(2.69422295812418E-15,22.,-5.8));
#4021=DIRECTION('',(0.,0.,1.));
#4022=DIRECTION('',(-0.991444861373809,-0.130526192220065,0.));
#4023=CARTESIAN_POINT('',(-8.7742870231582,20.8448431988524,-4.));
#4024=VECTOR('',#4025,1.);
#4025=DIRECTION('',(0.,0.,-1.));
#4026=CARTESIAN_POINT('',(-12.949749954989,20.2951330752933,-5.8));
#4027=CARTESIAN_POINT('',(-12.949749954989,20.2951330752933,-5.8));
#4028=VECTOR('',#4029,1.);
#4029=DIRECTION('',(0.991444861373809,0.130526192220065,0.));
#4030=CARTESIAN_POINT('',(-12.949749954989,20.2951330752933,-4.));
#4031=VECTOR('',#4032,1.);
#4032=DIRECTION('',(0.,0.,-1.));
#4033=CARTESIAN_POINT('',(12.949749954989,23.7048669247067,-4.));
#4034=VECTOR('',#4035,1.);
#4035=DIRECTION('',(-0.19509032201614,0.980785280403228,0.));
#4036=CARTESIAN_POINT('',(12.0672458960301,26.9984169106269,-4.));
#4037=VECTOR('',#4038,1.);
#4038=DIRECTION('',(-0.442288690219012,0.896872741532683,0.));
#4039=CARTESIAN_POINT('',(10.3623789713235,29.9513330443624,-4.));
#4040=VECTOR('',#4041,1.);
#4041=DIRECTION('',(-0.659345815100078,0.75183980747897,0.));
#4042=CARTESIAN_POINT('',(7.95133304436214,32.3623789713237,-4.));
#4043=VECTOR('',#4044,1.);
#4044=DIRECTION('',(-0.831469612302551,0.555570233019593,0.));
#4045=CARTESIAN_POINT('',(4.99841691062663,34.0672458960302,-4.));
#4046=VECTOR('',#4047,1.);
#4047=DIRECTION('',(-0.946930129495109,0.321439465303151,0.));
#4048=CARTESIAN_POINT('',(1.70486692470642,34.9497499549891,-4.));
#4049=VECTOR('',#4050,1.);
#4050=DIRECTION('',(-0.997858923238604,0.0654031292301347,0.));
#4051=CARTESIAN_POINT('',(-1.70486692470673,34.949749954989,-4.));
#4052=VECTOR('',#4053,1.);
#4053=DIRECTION('',(-0.980785280403229,-0.195090322016137,0.));
#4054=CARTESIAN_POINT('',(-4.99841691062692,34.0672458960301,-4.));
#4055=VECTOR('',#4056,1.);
#4056=DIRECTION('',(-0.896872741532683,-0.442288690219013,0.));
#4057=CARTESIAN_POINT('',(-7.95133304436239,32.3623789713235,-4.));
#4058=VECTOR('',#4059,1.);
#4059=DIRECTION('',(-0.751839807478969,-0.659345815100079,0.));
#4060=CARTESIAN_POINT('',(-10.3623789713237,29.9513330443621,-4.));
#4061=VECTOR('',#4062,1.);
#4062=DIRECTION('',(-0.555570233019592,-0.831469612302552,0.));
#4063=CARTESIAN_POINT('',(-12.0672458960302,26.9984169106266,-4.));
#4064=VECTOR('',#4065,1.);
#4065=DIRECTION('',(-0.32143946530315,-0.946930129495109,0.));
#4066=CARTESIAN_POINT('',(-12.9497499549891,23.7048669247064,-4.));
#4067=VECTOR('',#4068,1.);
#4068=DIRECTION('',(-0.0654031292301308,-0.997858923238604,0.));
#4069=CARTESIAN_POINT('',(-12.949749954989,20.2951330752933,-4.));
#4070=VECTOR('',#4071,1.);
#4071=DIRECTION('',(0.19509032201614,-0.980785280403228,0.));
#4072=CARTESIAN_POINT('',(-12.0672458960301,17.0015830893731,-4.));
#4073=VECTOR('',#4074,1.);
#4074=DIRECTION('',(0.442288690219012,-0.896872741532683,0.));
#4075=CARTESIAN_POINT('',(-10.3623789713235,14.0486669556376,-4.));
#4076=VECTOR('',#4077,1.);
#4077=DIRECTION('',(0.659345815100078,-0.751839807478969,0.));
#4078=CARTESIAN_POINT('',(-7.95133304436214,11.6376210286763,-4.));
#4079=VECTOR('',#4080,1.);
#4080=DIRECTION('',(0.831469612302552,-0.555570233019592,0.));
#4081=CARTESIAN_POINT('',(-4.99841691062662,9.93275410396975,-4.));
#4082=VECTOR('',#4083,1.);
#4083=DIRECTION('',(0.94693012949511,-0.32143946530315,0.));
#4084=CARTESIAN_POINT('',(-1.70486692470641,9.05025004501094,-4.));
#4085=VECTOR('',#4086,1.);
#4086=DIRECTION('',(0.997858923238604,-0.0654031292301308,0.));
#4087=CARTESIAN_POINT('',(1.70486692470674,9.05025004501098,-4.));
#4088=VECTOR('',#4089,1.);
#4089=DIRECTION('',(0.980785280403228,0.19509032201614,0.));
#4090=CARTESIAN_POINT('',(4.99841691062693,9.93275410396988,-4.));
#4091=VECTOR('',#4092,1.);
#4092=DIRECTION('',(0.896872741532684,0.442288690219011,0.));
#4093=CARTESIAN_POINT('',(7.9513330443624,11.6376210286765,-4.));
#4094=VECTOR('',#4095,1.);
#4095=DIRECTION('',(0.751839807478969,0.659345815100079,0.));
#4096=CARTESIAN_POINT('',(10.3623789713237,14.0486669556379,-4.));
#4097=VECTOR('',#4098,1.);
#4098=DIRECTION('',(0.555570233019591,0.831469612302553,0.));
#4099=CARTESIAN_POINT('',(12.0672458960303,17.0015830893734,-4.));
#4100=VECTOR('',#4101,1.);
#4101=DIRECTION('',(0.32143946530315,0.946930129495109,0.));
#4102=CARTESIAN_POINT('',(12.9497499549891,20.2951330752936,-4.));
#4103=VECTOR('',#4104,1.);
#4104=DIRECTION('',(0.0654031292301308,0.997858923238604,0.));
#4105=CARTESIAN_POINT('',(-13.0614928368735,21.9999999999998,-5.8));
#4106=VECTOR('',#4107,1.);
#4107=DIRECTION('',(0.0654031292301308,0.997858923238604,0.));
#4108=CARTESIAN_POINT('',(-12.6164332610258,25.3805631036529,-5.8));
#4109=VECTOR('',#4110,1.);
#4110=DIRECTION('',(0.32143946530315,0.946930129495109,0.));
#4111=CARTESIAN_POINT('',(-11.311584608081,28.5307464184366,-5.8));
#4112=VECTOR('',#4113,1.);
#4113=DIRECTION('',(0.555570233019592,0.831469612302552,0.));
#4114=CARTESIAN_POINT('',(-9.23587015737286,31.2358701573726,-5.8));
#4115=VECTOR('',#4116,1.);
#4116=DIRECTION('',(0.751839807478969,0.659345815100079,0.));
#4117=CARTESIAN_POINT('',(-6.53074641843687,33.3115846080808,-5.8));
#4118=VECTOR('',#4119,1.);
#4119=DIRECTION('',(0.896872741532683,0.442288690219013,0.));
#4120=CARTESIAN_POINT('',(-3.38056310365316,34.6164332610257,-5.8));
#4121=VECTOR('',#4122,1.);
#4122=DIRECTION('',(0.980785280403229,0.195090322016137,0.));
#4123=CARTESIAN_POINT('',(-1.5622955342509E-13,35.0614928368735,-5.8));
#4124=VECTOR('',#4125,1.);
#4125=DIRECTION('',(0.997858923238604,-0.0654031292301329,0.));
#4126=CARTESIAN_POINT('',(3.38056310365286,34.6164332610258,-5.8));
#4127=VECTOR('',#4128,1.);
#4128=DIRECTION('',(0.946930129495109,-0.321439465303151,0.));
#4129=CARTESIAN_POINT('',(6.5307464184366,33.311584608081,-5.8));
#4130=VECTOR('',#4131,1.);
#4131=DIRECTION('',(0.831469612302551,-0.555570233019593,0.));
#4132=CARTESIAN_POINT('',(9.23587015737264,31.2358701573729,-5.8));
#4133=VECTOR('',#4134,1.);
#4134=DIRECTION('',(0.659345815100078,-0.75183980747897,0.));
#4135=CARTESIAN_POINT('',(11.3115846080808,28.5307464184369,-5.8));
#4136=VECTOR('',#4137,1.);
#4137=DIRECTION('',(0.442288690219012,-0.896872741532683,0.));
#4138=CARTESIAN_POINT('',(12.6164332610257,25.3805631036532,-5.8));
#4139=VECTOR('',#4140,1.);
#4140=DIRECTION('',(0.19509032201614,-0.980785280403228,0.));
#4141=CARTESIAN_POINT('',(13.0614928368735,22.0000000000002,-5.8));
#4142=VECTOR('',#4143,1.);
#4143=DIRECTION('',(-0.0654031292301308,-0.997858923238604,0.));
#4144=CARTESIAN_POINT('',(12.6164332610258,18.6194368963471,-5.8));
#4145=VECTOR('',#4146,1.);
#4146=DIRECTION('',(-0.32143946530315,-0.946930129495109,0.));
#4147=CARTESIAN_POINT('',(11.311584608081,15.4692535815634,-5.8));
#4148=VECTOR('',#4149,1.);
#4149=DIRECTION('',(-0.555570233019591,-0.831469612302553,0.));
#4150=CARTESIAN_POINT('',(9.23587015737287,12.7641298426274,-5.8));
#4151=VECTOR('',#4152,1.);
#4152=DIRECTION('',(-0.751839807478969,-0.659345815100079,0.));
#4153=CARTESIAN_POINT('',(6.53074641843688,10.6884153919192,-5.8));
#4154=VECTOR('',#4155,1.);
#4155=DIRECTION('',(-0.896872741532684,-0.442288690219011,0.));
#4156=CARTESIAN_POINT('',(3.38056310365317,9.38356673897428,-5.8));
#4157=VECTOR('',#4158,1.);
#4158=DIRECTION('',(-0.980785280403228,-0.19509032201614,0.));
#4159=CARTESIAN_POINT('',(1.63282957305253E-13,8.93850716312653,-5.8));
#4160=VECTOR('',#4161,1.);
#4161=DIRECTION('',(-0.997858923238604,0.0654031292301308,0.));
#4162=CARTESIAN_POINT('',(-3.38056310365285,9.3835667389742,-5.8));
#4163=VECTOR('',#4164,1.);
#4164=DIRECTION('',(-0.94693012949511,0.32143946530315,0.));
#4165=CARTESIAN_POINT('',(-6.5307464184366,10.688415391919,-5.8));
#4166=VECTOR('',#4167,1.);
#4167=DIRECTION('',(-0.831469612302552,0.555570233019592,0.));
#4168=CARTESIAN_POINT('',(-9.23587015737263,12.7641298426271,-5.8));
#4169=VECTOR('',#4170,1.);
#4170=DIRECTION('',(-0.659345815100078,0.751839807478969,0.));
#4171=CARTESIAN_POINT('',(-11.3115846080808,15.4692535815631,-5.8));
#4172=VECTOR('',#4173,1.);
#4173=DIRECTION('',(-0.442288690219012,0.896872741532683,0.));
#4174=CARTESIAN_POINT('',(-12.6164332610257,18.6194368963468,-5.8));
#4175=VECTOR('',#4176,1.);
#4176=DIRECTION('',(-0.19509032201614,0.980785280403228,0.));
ENDSEC;
END-ISO-10303-21;
